file_name,repetition,method,n_trials,n_left,n_right,injection_amplitude_raw_units,nrmse,gain,shape_correlation,amplitude_multiplier
VisualCogA_Task-1.mat,1,raw_mean,85,41,44,4.031309592803069,11.452842656540774,-1.5761421921744894,-0.13300537964525622,0.4
VisualCogA_Task-1.mat,1,bandpass_mean,85,41,44,4.031309592803069,5.025612565673529,-0.32499817975499007,-0.028464217920236585,0.4
VisualCogA_Task-1.mat,1,current_pipeline,85,41,44,4.031309592803069,2.8015838605261494,0.5920284021922968,0.3820391455938431,0.4
VisualCogA_Task-1.mat,2,raw_mean,85,43,42,4.031309592803069,16.441004175548176,-2.446379915634822,-0.13906476391295625,0.4
VisualCogA_Task-1.mat,2,bandpass_mean,85,43,42,4.031309592803069,2.0226344713869926,0.033457671646403384,0.01664216487548437,0.4
VisualCogA_Task-1.mat,2,current_pipeline,85,43,42,4.031309592803069,1.8362548381685413,0.24566162365397345,0.13220183283120546,0.4
VisualCogA_Task-1.mat,3,raw_mean,85,44,41,4.031309592803069,9.522077266870792,3.275326500449371,0.3386910544470263,0.4
VisualCogA_Task-1.mat,3,bandpass_mean,85,44,41,4.031309592803069,5.682858024631728,0.018009948488222377,0.09469079026182473,0.4
VisualCogA_Task-1.mat,3,current_pipeline,85,44,41,4.031309592803069,5.266543519480617,-0.5694917773381442,-0.10059589521749002,0.4
VisualCogA_Task-1.mat,4,raw_mean,85,41,44,4.031309592803069,7.567709002155832,2.2426496767762223,0.3570368811659954,0.4
VisualCogA_Task-1.mat,4,bandpass_mean,85,41,44,4.031309592803069,4.25459480930585,-1.387273324651169,-0.36242623941585156,0.4
VisualCogA_Task-1.mat,4,current_pipeline,85,41,44,4.031309592803069,3.05057062642808,-0.003964359923007303,0.014238727768962093,0.4
VisualCogA_Task-1.mat,5,raw_mean,85,43,42,4.031309592803069,22.286411922505796,6.200537819611859,0.28965922025950624,0.4
VisualCogA_Task-1.mat,5,bandpass_mean,85,43,42,4.031309592803069,8.215434632626332,-2.05874662842457,-0.3355316170793704,0.4
VisualCogA_Task-1.mat,5,current_pipeline,85,43,42,4.031309592803069,4.532348361024143,-1.0806832828577742,-0.260495171710182,0.4
VisualCogA_Task-1.mat,6,raw_mean,85,44,41,4.031309592803069,6.64813410494724,3.709815127735602,0.5244310895594866,0.4
VisualCogA_Task-1.mat,6,bandpass_mean,85,44,41,4.031309592803069,7.015042954820733,1.1715029315294634,0.30295901360523164,0.4
VisualCogA_Task-1.mat,6,current_pipeline,85,44,41,4.031309592803069,2.939837283433058,1.8270051715199376,0.6590705591260257,0.4
VisualCogA_Task-1.mat,7,raw_mean,85,42,43,4.031309592803069,25.18057466492475,5.536765035011447,0.252178581711271,0.4
VisualCogA_Task-1.mat,7,bandpass_mean,85,42,43,4.031309592803069,4.602835965052714,-1.856310110399447,-0.5205963547020607,0.4
VisualCogA_Task-1.mat,7,current_pipeline,85,42,43,4.031309592803069,3.949054568460326,-0.5734377734913468,-0.16830532227438325,0.4
VisualCogA_Task-1.mat,8,raw_mean,85,44,41,4.031309592803069,20.183079622121014,-8.353303148141338,-0.47753042115553096,0.4
VisualCogA_Task-1.mat,8,bandpass_mean,85,44,41,4.031309592803069,7.227643387991632,-0.9568232859738458,-0.30008078129150434,0.4
VisualCogA_Task-1.mat,8,current_pipeline,85,44,41,4.031309592803069,3.4462232160063793,0.5701397648127307,0.17868271633368696,0.4
VisualCogA_Task-1.mat,9,raw_mean,85,42,43,4.031309592803069,18.525341727521706,-0.649781379793301,-0.10402072534825,0.4
VisualCogA_Task-1.mat,9,bandpass_mean,85,42,43,4.031309592803069,3.938930113067351,1.657131469163009,0.47089195818631985,0.4
VisualCogA_Task-1.mat,9,current_pipeline,85,42,43,4.031309592803069,1.265210967104423,1.3408845318269982,0.7479592629295799,0.4
VisualCogA_Task-1.mat,10,raw_mean,85,45,40,4.031309592803069,6.6814056296766795,0.9363278097576418,0.14429100707764506,0.4
VisualCogA_Task-1.mat,10,bandpass_mean,85,45,40,4.031309592803069,3.8958950541125823,1.1351418477122883,0.31724443530452057,0.4
VisualCogA_Task-1.mat,10,current_pipeline,85,45,40,4.031309592803069,3.137163906288402,0.6754360342661979,0.26718349700085675,0.4
VisualCogA_Task-1.mat,11,raw_mean,85,44,41,4.031309592803069,12.314524666992671,3.3327720440985673,0.2907634099595777,0.4
VisualCogA_Task-1.mat,11,bandpass_mean,85,44,41,4.031309592803069,2.955857779504547,-0.7457412819820813,-0.30994234042791774,0.4
VisualCogA_Task-1.mat,11,current_pipeline,85,44,41,4.031309592803069,2.673299645419949,0.06471451532365206,-0.002337460882923072,0.4
VisualCogA_Task-1.mat,12,raw_mean,85,42,43,4.031309592803069,48.36992528660461,-12.519337430181919,-0.31368707825298353,0.4
VisualCogA_Task-1.mat,12,bandpass_mean,85,42,43,4.031309592803069,3.256747710924896,-0.1518906722518153,-0.02677685506573556,0.4
VisualCogA_Task-1.mat,12,current_pipeline,85,42,43,4.031309592803069,2.122589784174178,0.3023084015493944,0.15167790460787225,0.4
VisualCogA_Task-1.mat,13,raw_mean,85,43,42,4.031309592803069,14.079259511784397,1.2595972493937195,0.06382971283400499,0.4
VisualCogA_Task-1.mat,13,bandpass_mean,85,43,42,4.031309592803069,7.518047347902341,-0.5903688906927907,-0.2082742534274327,0.4
VisualCogA_Task-1.mat,13,current_pipeline,85,43,42,4.031309592803069,4.0169417943835315,0.5181760587452777,0.1193952613214819,0.4
VisualCogA_Task-1.mat,14,raw_mean,85,43,42,4.031309592803069,11.069447539289044,-1.4789617970199902,-0.12496279879203485,0.4
VisualCogA_Task-1.mat,14,bandpass_mean,85,43,42,4.031309592803069,5.967867513311356,2.388062601000483,0.5048168776405305,0.4
VisualCogA_Task-1.mat,14,current_pipeline,85,43,42,4.031309592803069,4.447300549218494,1.782818107592439,0.4825669861700735,0.4
VisualCogA_Task-1.mat,15,raw_mean,85,43,42,4.031309592803069,10.00627853910764,1.9721051350853995,0.28386233702233726,0.4
VisualCogA_Task-1.mat,15,bandpass_mean,85,43,42,4.031309592803069,4.198500178444989,2.165179939133787,0.5033911806706539,0.4
VisualCogA_Task-1.mat,15,current_pipeline,85,43,42,4.031309592803069,4.2270352913699165,3.0188999039451345,0.6327787979958281,0.4
VisualCogA_Task-1.mat,16,raw_mean,85,41,44,4.031309592803069,27.917006474686247,5.301175635557297,0.19636694727910095,0.4
VisualCogA_Task-1.mat,16,bandpass_mean,85,41,44,4.031309592803069,8.733996246303658,-2.753012690363571,-0.4650286972329143,0.4
VisualCogA_Task-1.mat,16,current_pipeline,85,41,44,4.031309592803069,5.976875518709276,-1.6194173631424151,-0.35335081948083474,0.4
VisualCogA_Task-1.mat,17,raw_mean,85,44,41,4.031309592803069,7.774291443160551,2.4152368039549814,0.34607405315700407,0.4
VisualCogA_Task-1.mat,17,bandpass_mean,85,44,41,4.031309592803069,2.7941470650720635,1.2524051778212557,0.4085198369325545,0.4
VisualCogA_Task-1.mat,17,current_pipeline,85,44,41,4.031309592803069,2.162558117631405,0.7790106788372484,0.33672532728332316,0.4
VisualCogA_Task-1.mat,18,raw_mean,85,44,41,4.031309592803069,7.020671330888726,0.13293673262397027,0.09218125192818903,0.4
VisualCogA_Task-1.mat,18,bandpass_mean,85,44,41,4.031309592803069,2.664428558930981,2.6120569240993166,0.7953649062588719,0.4
VisualCogA_Task-1.mat,18,current_pipeline,85,44,41,4.031309592803069,1.9725106434784119,1.68069649293893,0.7565090248611922,0.4
VisualCogA_Task-1.mat,19,raw_mean,85,44,41,4.031309592803069,12.98998791204602,-0.6120001682918385,-0.011430328179278006,0.4
VisualCogA_Task-1.mat,19,bandpass_mean,85,44,41,4.031309592803069,3.9938601988437186,0.8833714955798159,0.20759880235441378,0.4
VisualCogA_Task-1.mat,19,current_pipeline,85,44,41,4.031309592803069,3.4222327960546894,0.08048718407620689,0.021776316957384693,0.4
VisualCogA_Task-1.mat,20,raw_mean,85,41,44,4.031309592803069,10.079872726918856,3.003625938544336,0.2899254317610483,0.4
VisualCogA_Task-1.mat,20,bandpass_mean,85,41,44,4.031309592803069,6.276033815706794,0.5383025482793817,0.05800911745442703,0.4
VisualCogA_Task-1.mat,20,current_pipeline,85,41,44,4.031309592803069,3.2644830850924142,-0.2724860194367786,-0.1271223944917696,0.4
VisualCogA_Task-1.mat,21,raw_mean,85,44,41,4.031309592803069,11.157611151862126,-3.3920860951666922,-0.3153145897325199,0.4
VisualCogA_Task-1.mat,21,bandpass_mean,85,44,41,4.031309592803069,5.548440384033608,2.1351857206245866,0.4816216873977449,0.4
VisualCogA_Task-1.mat,21,current_pipeline,85,44,41,4.031309592803069,3.847514958828683,2.3513657148027387,0.6211238396882826,0.4
VisualCogA_Task-1.mat,22,raw_mean,85,41,44,4.031309592803069,5.234414560149608,3.1605107764813147,0.7697392503247003,0.4
VisualCogA_Task-1.mat,22,bandpass_mean,85,41,44,4.031309592803069,3.3969648521167706,0.23237247120696927,0.09479436686942054,0.4
VisualCogA_Task-1.mat,22,current_pipeline,85,41,44,4.031309592803069,2.207805267802689,0.7197882059205912,0.3080963217840643,0.4
VisualCogA_Task-1.mat,23,raw_mean,85,43,42,4.031309592803069,8.054584191030209,0.7591283867238776,0.07166809283809172,0.4
VisualCogA_Task-1.mat,23,bandpass_mean,85,43,42,4.031309592803069,5.964736919905909,-2.557840436550851,-0.5337850309378555,0.4
VisualCogA_Task-1.mat,23,current_pipeline,85,43,42,4.031309592803069,4.470403971782863,-1.6271716289266183,-0.4091295825356435,0.4
VisualCogA_Task-1.mat,24,raw_mean,85,43,42,4.031309592803069,13.489935924785973,-5.488508074522218,-0.4322227275877831,0.4
VisualCogA_Task-1.mat,24,bandpass_mean,85,43,42,4.031309592803069,5.344759856547426,0.5148520745142557,0.0742249264934938,0.4
VisualCogA_Task-1.mat,24,current_pipeline,85,43,42,4.031309592803069,3.500339083038945,1.589265292359675,0.46088766479179644,0.4
VisualCogA_Task-1.mat,25,raw_mean,85,44,41,4.031309592803069,9.098161448252796,3.994784893580958,0.5797275253652325,0.4
VisualCogA_Task-1.mat,25,bandpass_mean,85,44,41,4.031309592803069,3.3482947689568863,1.9690100155812065,0.5572462813344143,0.4
VisualCogA_Task-1.mat,25,current_pipeline,85,44,41,4.031309592803069,3.1746628172897373,1.3090195287105466,0.45169858392524836,0.4
VisualCogA_Task-1.mat,26,raw_mean,85,41,44,4.031309592803069,19.128655937165792,-5.609595263214542,-0.34046766498923275,0.4
VisualCogA_Task-1.mat,26,bandpass_mean,85,41,44,4.031309592803069,7.156882361352732,1.3537747771905937,0.2047657365079306,0.4
VisualCogA_Task-1.mat,26,current_pipeline,85,41,44,4.031309592803069,4.7217058402014604,2.398806785235049,0.5182916767444308,0.4
VisualCogA_Task-1.mat,27,raw_mean,85,43,42,4.031309592803069,9.766896929770546,-2.6533105479510053,-0.2757898655260394,0.4
VisualCogA_Task-1.mat,27,bandpass_mean,85,43,42,4.031309592803069,6.638859800949166,0.8135621747526414,0.12262364253722269,0.4
VisualCogA_Task-1.mat,27,current_pipeline,85,43,42,4.031309592803069,3.6310733288821573,0.5025409290516638,0.14642836641749998,0.4
VisualCogA_Task-1.mat,28,raw_mean,85,42,43,4.031309592803069,6.100815158792921,5.03861382628289,0.8156747229646625,0.4
VisualCogA_Task-1.mat,28,bandpass_mean,85,42,43,4.031309592803069,3.017083631056478,3.0359422222222863,0.8063061277189346,0.4
VisualCogA_Task-1.mat,28,current_pipeline,85,42,43,4.031309592803069,2.587134935846259,2.456894650097729,0.7600846734883687,0.4
VisualCogA_Task-1.mat,29,raw_mean,85,42,43,4.031309592803069,8.55552244829276,2.3297008137314963,0.3293377615475369,0.4
VisualCogA_Task-1.mat,29,bandpass_mean,85,42,43,4.031309592803069,5.1092851217601725,-0.6603990720109492,-0.11978921328297257,0.4
VisualCogA_Task-1.mat,29,current_pipeline,85,42,43,4.031309592803069,3.1202624034217723,0.13040402349948788,0.047476067797220446,0.4
VisualCogA_Task-1.mat,30,raw_mean,85,43,42,4.031309592803069,15.60323125237212,4.2197157937523215,0.3261100756538709,0.4
VisualCogA_Task-1.mat,30,bandpass_mean,85,43,42,4.031309592803069,4.151911524760742,1.6234213722519495,0.41446568413839985,0.4
VisualCogA_Task-1.mat,30,current_pipeline,85,43,42,4.031309592803069,3.0923074770418983,1.468512144119422,0.4333929273721115,0.4
VisualCogA_Task-1.mat,31,raw_mean,85,43,42,4.031309592803069,20.366877429700008,5.606329374983256,0.31879889064764344,0.4
VisualCogA_Task-1.mat,31,bandpass_mean,85,43,42,4.031309592803069,2.166019406225558,0.39749802353610975,0.23749977038937323,0.4
VisualCogA_Task-1.mat,31,current_pipeline,85,43,42,4.031309592803069,1.7736081411066014,-0.0298277492823773,-0.04384198762231036,0.4
VisualCogA_Task-1.mat,32,raw_mean,85,41,44,4.031309592803069,6.600003190514881,1.3949576231953158,0.2387681416037848,0.4
VisualCogA_Task-1.mat,32,bandpass_mean,85,41,44,4.031309592803069,7.732930261751465,4.549832427717837,0.6463027896017731,0.4
VisualCogA_Task-1.mat,32,current_pipeline,85,41,44,4.031309592803069,6.589033238916951,4.232981029384658,0.6418478167341611,0.4
VisualCogA_Task-1.mat,33,raw_mean,85,43,42,4.031309592803069,9.04109537858496,-1.4524137645057624,-0.19051005091493656,0.4
VisualCogA_Task-1.mat,33,bandpass_mean,85,43,42,4.031309592803069,2.722396174651418,0.183907151532534,0.14385876296823055,0.4
VisualCogA_Task-1.mat,33,current_pipeline,85,43,42,4.031309592803069,1.996051314178074,0.22901676770169702,0.22923565446611577,0.4
VisualCogA_Task-1.mat,34,raw_mean,85,42,43,4.031309592803069,28.715374402119487,-3.559108849764696,-0.11555615629965406,0.4
VisualCogA_Task-1.mat,34,bandpass_mean,85,42,43,4.031309592803069,6.745832566229838,0.7273535529898667,0.1942502859393382,0.4
VisualCogA_Task-1.mat,34,current_pipeline,85,42,43,4.031309592803069,3.1901574270231854,-0.03812423669312608,0.025912660913215226,0.4
VisualCogA_Task-1.mat,35,raw_mean,85,42,43,4.031309592803069,9.891878562062685,-0.31922256639369667,-0.004396602643568042,0.4
VisualCogA_Task-1.mat,35,bandpass_mean,85,42,43,4.031309592803069,7.222089035558847,-1.9846094876866969,-0.3356150551823036,0.4
VisualCogA_Task-1.mat,35,current_pipeline,85,42,43,4.031309592803069,4.028913150421414,-0.7738298083858972,-0.20163271192644255,0.4
VisualCogA_Task-1.mat,36,raw_mean,85,41,44,4.031309592803069,6.955556373335496,1.9288966804562866,0.26774143803353945,0.4
VisualCogA_Task-1.mat,36,bandpass_mean,85,41,44,4.031309592803069,2.9679362868811356,2.3611631403818576,0.6883154733536464,0.4
VisualCogA_Task-1.mat,36,current_pipeline,85,41,44,4.031309592803069,2.0910450728433085,1.18155532022985,0.5432678337797403,0.4
VisualCogA_Task-1.mat,37,raw_mean,85,44,41,4.031309592803069,6.702215595883365,-1.1903121739320102,-0.17596437546864466,0.4
VisualCogA_Task-1.mat,37,bandpass_mean,85,44,41,4.031309592803069,3.2709836752527828,1.2901383282222811,0.39444787440631074,0.4
VisualCogA_Task-1.mat,37,current_pipeline,85,44,41,4.031309592803069,2.0776849794682684,1.9109279677479436,0.7204241286941997,0.4
VisualCogA_Task-1.mat,38,raw_mean,85,44,41,4.031309592803069,11.96833342803203,4.937248524150513,0.41976828826173257,0.4
VisualCogA_Task-1.mat,38,bandpass_mean,85,44,41,4.031309592803069,4.612769061209776,3.162704309748034,0.6156852592222298,0.4
VisualCogA_Task-1.mat,38,current_pipeline,85,44,41,4.031309592803069,2.8215198784741706,1.821604240167732,0.5729374269002034,0.4
VisualCogA_Task-1.mat,39,raw_mean,85,43,42,4.031309592803069,9.962826151671852,1.773745893384558,0.21956514467347452,0.4
VisualCogA_Task-1.mat,39,bandpass_mean,85,43,42,4.031309592803069,5.857797980424478,-1.0011816685657193,-0.1897747874197878,0.4
VisualCogA_Task-1.mat,39,current_pipeline,85,43,42,4.031309592803069,2.8613134635416553,-0.37723692287741994,-0.13681959240052582,0.4
VisualCogA_Task-1.mat,40,raw_mean,85,43,42,4.031309592803069,6.5993987453323575,3.9217698390935154,0.5499598299580144,0.4
VisualCogA_Task-1.mat,40,bandpass_mean,85,43,42,4.031309592803069,5.116932034040865,1.210341820515638,0.2873893752852103,0.4
VisualCogA_Task-1.mat,40,current_pipeline,85,43,42,4.031309592803069,2.9580678881957105,1.8573203703650725,0.5459922809941985,0.4
VisualCogA_Task-1.mat,41,raw_mean,85,42,43,4.031309592803069,18.898256652227314,3.2366155405258703,0.16664391859917949,0.4
VisualCogA_Task-1.mat,41,bandpass_mean,85,42,43,4.031309592803069,4.023111449903547,1.9135103064552461,0.44316038046624945,0.4
VisualCogA_Task-1.mat,41,current_pipeline,85,42,43,4.031309592803069,3.0095406684945663,1.1276389193777683,0.4706341573161435,0.4
VisualCogA_Task-1.mat,42,raw_mean,85,42,43,4.031309592803069,14.275899766493032,4.3022752801244195,0.32547258521040606,0.4
VisualCogA_Task-1.mat,42,bandpass_mean,85,42,43,4.031309592803069,3.4120367860531617,0.964052709133558,0.26723956701146034,0.4
VisualCogA_Task-1.mat,42,current_pipeline,85,42,43,4.031309592803069,3.1201571717446277,1.2430869933670177,0.3767471104251729,0.4
VisualCogA_Task-1.mat,43,raw_mean,85,43,42,4.031309592803069,26.727133509015452,6.3291241599690276,0.2827635910368433,0.4
VisualCogA_Task-1.mat,43,bandpass_mean,85,43,42,4.031309592803069,2.4219138795362807,0.922308702491602,0.3542596608696007,0.4
VisualCogA_Task-1.mat,43,current_pipeline,85,43,42,4.031309592803069,2.332892313254643,-0.05898475924925018,0.010297371891945142,0.4
VisualCogA_Task-1.mat,44,raw_mean,85,44,41,4.031309592803069,18.53100345478003,6.810124874677237,0.44540524089397354,0.4
VisualCogA_Task-1.mat,44,bandpass_mean,85,44,41,4.031309592803069,5.884809764998483,0.35049743405409917,0.133298529448802,0.4
VisualCogA_Task-1.mat,44,current_pipeline,85,44,41,4.031309592803069,2.410710405539267,1.3707930699880433,0.549364193001065,0.4
VisualCogA_Task-1.mat,45,raw_mean,85,43,42,4.031309592803069,10.081603683898944,0.012270384244849228,0.021552286175545856,0.4
VisualCogA_Task-1.mat,45,bandpass_mean,85,43,42,4.031309592803069,2.2239903484909567,1.2185586027965947,0.49315684728902803,0.4
VisualCogA_Task-1.mat,45,current_pipeline,85,43,42,4.031309592803069,2.6105462390632033,0.7511507907671734,0.2871514769842151,0.4
VisualCogA_Task-1.mat,46,raw_mean,85,44,41,4.031309592803069,6.146890546754057,0.6706534308716814,0.2262434681856482,0.4
VisualCogA_Task-1.mat,46,bandpass_mean,85,44,41,4.031309592803069,2.8109035686187087,0.45165598001335294,0.18891771953649414,0.4
VisualCogA_Task-1.mat,46,current_pipeline,85,44,41,4.031309592803069,2.463108554865186,0.23612809510945798,0.08780984571504835,0.4
VisualCogA_Task-1.mat,47,raw_mean,85,44,41,4.031309592803069,13.555468860625856,-2.46120770256722,-0.17998158763960548,0.4
VisualCogA_Task-1.mat,47,bandpass_mean,85,44,41,4.031309592803069,4.174727967421535,-1.1687002741554249,-0.3137355504584826,0.4
VisualCogA_Task-1.mat,47,current_pipeline,85,44,41,4.031309592803069,2.5540098549304835,-0.02737218493155141,-0.03064681601863848,0.4
VisualCogA_Task-1.mat,48,raw_mean,85,41,44,4.031309592803069,14.333912135064638,-2.7615401725036324,-0.18548897209344256,0.4
VisualCogA_Task-1.mat,48,bandpass_mean,85,41,44,4.031309592803069,3.1817351432291487,1.1178916187263066,0.3286576950723907,0.4
VisualCogA_Task-1.mat,48,current_pipeline,85,41,44,4.031309592803069,3.2024038491307456,1.7939881184400066,0.4996635796465045,0.4
VisualCogA_Task-2.mat,1,raw_mean,92,45,47,4.977751708059724,24.86000672526011,-4.928084897328515,-0.24609641439757718,0.4
VisualCogA_Task-2.mat,1,bandpass_mean,92,45,47,4.977751708059724,7.027326734641295,3.8791773569938144,0.5357246625400968,0.4
VisualCogA_Task-2.mat,1,current_pipeline,92,45,47,4.977751708059724,6.529178476218282,3.5788602032798833,0.5152255528801051,0.4
VisualCogA_Task-2.mat,2,raw_mean,92,45,47,4.977751708059724,13.950742176000789,3.663923651404098,0.3096658910982856,0.4
VisualCogA_Task-2.mat,2,bandpass_mean,92,45,47,4.977751708059724,9.438939045055603,0.06625877255211833,0.15234133987577392,0.4
VisualCogA_Task-2.mat,2,current_pipeline,92,45,47,4.977751708059724,7.5336962283859465,-0.20633241101670302,0.06589721642265302,0.4
VisualCogA_Task-2.mat,3,raw_mean,92,45,47,4.977751708059724,5.075292943950744,2.838259445149541,0.622702374823383,0.4
VisualCogA_Task-2.mat,3,bandpass_mean,92,45,47,4.977751708059724,5.540497124404579,3.893665896390807,0.7315269720015088,0.4
VisualCogA_Task-2.mat,3,current_pipeline,92,45,47,4.977751708059724,7.259242078434196,4.196390556366709,0.717892316085809,0.4
VisualCogA_Task-2.mat,4,raw_mean,92,45,47,4.977751708059724,8.926636539373261,4.955796779292548,0.556164232657527,0.4
VisualCogA_Task-2.mat,4,bandpass_mean,92,45,47,4.977751708059724,12.816700668717285,4.990278137370053,0.5379398443260127,0.4
VisualCogA_Task-2.mat,4,current_pipeline,92,45,47,4.977751708059724,9.534826639249832,5.455652699857531,0.7104186881629222,0.4
VisualCogA_Task-2.mat,5,raw_mean,92,46,46,4.977751708059724,4.065902294831723,0.2645396041954873,0.0845108949974389,0.4
VisualCogA_Task-2.mat,5,bandpass_mean,92,46,46,4.977751708059724,3.762109621069549,2.3078613486327337,0.5521645428478118,0.4
VisualCogA_Task-2.mat,5,current_pipeline,92,46,46,4.977751708059724,3.895710136560522,1.8389547446366539,0.4699200433741633,0.4
VisualCogA_Task-2.mat,6,raw_mean,92,46,46,4.977751708059724,25.957512589641542,0.576441652412624,0.24349228233682796,0.4
VisualCogA_Task-2.mat,6,bandpass_mean,92,46,46,4.977751708059724,11.277462845522878,4.422581280305573,0.6673086841288108,0.4
VisualCogA_Task-2.mat,6,current_pipeline,92,46,46,4.977751708059724,7.869622483556005,3.66568913714268,0.6508879462275482,0.4
VisualCogA_Task-2.mat,7,raw_mean,92,47,45,4.977751708059724,18.190202507619787,1.9885429623270863,0.22461608909203326,0.4
VisualCogA_Task-2.mat,7,bandpass_mean,92,47,45,4.977751708059724,8.620503698098869,5.106088781054827,0.6114208814607988,0.4
VisualCogA_Task-2.mat,7,current_pipeline,92,47,45,4.977751708059724,7.551120459585075,5.188405365584676,0.6385952811449475,0.4
VisualCogA_Task-2.mat,8,raw_mean,92,46,46,4.977751708059724,10.448002058400007,0.09980105858831538,-0.044538477575043645,0.4
VisualCogA_Task-2.mat,8,bandpass_mean,92,46,46,4.977751708059724,6.473033601350298,0.5144340303064678,0.052295249240423954,0.4
VisualCogA_Task-2.mat,8,current_pipeline,92,46,46,4.977751708059724,4.8366906526019235,1.5746998626931736,0.30598115929186415,0.4
VisualCogA_Task-2.mat,9,raw_mean,92,47,45,4.977751708059724,12.036751970919994,-2.7101546798549925,-0.28328133701731983,0.4
VisualCogA_Task-2.mat,9,bandpass_mean,92,47,45,4.977751708059724,4.89172566953225,3.259916832650587,0.682140888824378,0.4
VisualCogA_Task-2.mat,9,current_pipeline,92,47,45,4.977751708059724,3.096268637154311,2.4057516301505664,0.661431010848422,0.4
VisualCogA_Task-2.mat,10,raw_mean,92,49,43,4.977751708059724,5.559818075305204,-0.7704777459434207,-0.13028174528269404,0.4
VisualCogA_Task-2.mat,10,bandpass_mean,92,49,43,4.977751708059724,6.552509563931652,-1.4805458156406939,-0.3654085754814773,0.4
VisualCogA_Task-2.mat,10,current_pipeline,92,49,43,4.977751708059724,4.343673110127843,-1.5312857650452016,-0.5295283331457916,0.4
VisualCogA_Task-2.mat,11,raw_mean,92,46,46,4.977751708059724,15.368029154262215,4.807345733333211,0.6210488943275104,0.4
VisualCogA_Task-2.mat,11,bandpass_mean,92,46,46,4.977751708059724,7.879040577821783,3.7461017735011914,0.7500240497900171,0.4
VisualCogA_Task-2.mat,11,current_pipeline,92,46,46,4.977751708059724,7.668851685409185,4.486721996344052,0.839395182804153,0.4
VisualCogA_Task-2.mat,12,raw_mean,92,47,45,4.977751708059724,19.494234296409687,-4.7641895984261415,-0.4320107130609558,0.4
VisualCogA_Task-2.mat,12,bandpass_mean,92,47,45,4.977751708059724,4.50713015690593,0.01527055843470432,0.07658333919204545,0.4
VisualCogA_Task-2.mat,12,current_pipeline,92,47,45,4.977751708059724,3.5971326526004463,-0.42145573867154795,-0.11503899720936192,0.4
VisualCogA_Task-2.mat,13,raw_mean,92,46,46,4.977751708059724,30.529505333814942,9.69942145532494,0.4494952811206774,0.4
VisualCogA_Task-2.mat,13,bandpass_mean,92,46,46,4.977751708059724,6.795131230340952,3.6115795184302075,0.5102816212254877,0.4
VisualCogA_Task-2.mat,13,current_pipeline,92,46,46,4.977751708059724,6.22346609999834,3.2819582664732163,0.4919345256448389,0.4
VisualCogA_Task-2.mat,14,raw_mean,92,44,48,4.977751708059724,10.98750025652167,5.250416126560553,0.5932009521570942,0.4
VisualCogA_Task-2.mat,14,bandpass_mean,92,44,48,4.977751708059724,6.134383429514047,4.6145361174420305,0.680021985559898,0.4
VisualCogA_Task-2.mat,14,current_pipeline,92,44,48,4.977751708059724,6.170272948145648,3.856578852590276,0.5880814111980918,0.4
VisualCogA_Task-2.mat,15,raw_mean,92,45,47,4.977751708059724,6.720772362850413,3.9265102266600858,0.5530454083833168,0.4
VisualCogA_Task-2.mat,15,bandpass_mean,92,45,47,4.977751708059724,4.551991771414983,3.629272940019234,0.7945466628059807,0.4
VisualCogA_Task-2.mat,15,current_pipeline,92,45,47,4.977751708059724,4.824008292519113,3.2128044244926355,0.7280607038835845,0.4
VisualCogA_Task-2.mat,16,raw_mean,92,45,47,4.977751708059724,11.711146193512352,-1.4315876565158423,-0.10686573111148963,0.4
VisualCogA_Task-2.mat,16,bandpass_mean,92,45,47,4.977751708059724,3.1815704151848183,-0.7111785371684406,-0.2815707031165614,0.4
VisualCogA_Task-2.mat,16,current_pipeline,92,45,47,4.977751708059724,3.351811836603285,-0.46952489524581725,-0.17150056515421497,0.4
VisualCogA_Task-2.mat,17,raw_mean,92,46,46,4.977751708059724,17.489646610166204,6.493567387684912,0.5970238362126457,0.4
VisualCogA_Task-2.mat,17,bandpass_mean,92,46,46,4.977751708059724,3.8707599651553988,1.5390734559100183,0.38058457902256343,0.4
VisualCogA_Task-2.mat,17,current_pipeline,92,46,46,4.977751708059724,3.7523212672661415,0.9511005303290572,0.2583810242063275,0.4
VisualCogA_Task-2.mat,18,raw_mean,92,45,47,4.977751708059724,26.20143176589482,11.226574576830142,0.5362317788872512,0.4
VisualCogA_Task-2.mat,18,bandpass_mean,92,45,47,4.977751708059724,5.191471500517529,3.177251922993936,0.7251839378792246,0.4
VisualCogA_Task-2.mat,18,current_pipeline,92,45,47,4.977751708059724,4.842457212963773,3.3354729653937496,0.6977244097241915,0.4
VisualCogA_Task-2.mat,19,raw_mean,92,45,47,4.977751708059724,11.122335628201439,6.312131422898088,0.7253259803159966,0.4
VisualCogA_Task-2.mat,19,bandpass_mean,92,45,47,4.977751708059724,7.559981647998807,3.7256763317091073,0.6133832088440027,0.4
VisualCogA_Task-2.mat,19,current_pipeline,92,45,47,4.977751708059724,6.18353902129916,3.0907453156732965,0.6182397459489715,0.4
VisualCogA_Task-2.mat,20,raw_mean,92,47,45,4.977751708059724,9.515947396210416,-6.252076620432602,-0.7134826788286223,0.4
VisualCogA_Task-2.mat,20,bandpass_mean,92,47,45,4.977751708059724,7.669306271224105,-4.984358595019502,-0.7196385673001756,0.4
VisualCogA_Task-2.mat,20,current_pipeline,92,47,45,4.977751708059724,7.6307021590449695,-4.681701448460274,-0.6752822955887048,0.4
VisualCogA_Task-2.mat,21,raw_mean,92,49,43,4.977751708059724,16.976024496680413,10.183054192759204,0.7898664081973675,0.4
VisualCogA_Task-2.mat,21,bandpass_mean,92,49,43,4.977751708059724,10.448068531422539,6.623573806720511,0.7022138005770423,0.4
VisualCogA_Task-2.mat,21,current_pipeline,92,49,43,4.977751708059724,10.747330082614003,6.837156285552541,0.7227827688765556,0.4
VisualCogA_Task-2.mat,22,raw_mean,92,46,46,4.977751708059724,24.546193699070322,-9.167583289474607,-0.5601053021983127,0.4
VisualCogA_Task-2.mat,22,bandpass_mean,92,46,46,4.977751708059724,7.909837864951154,-1.6899581327370505,-0.2625087938352115,0.4
VisualCogA_Task-2.mat,22,current_pipeline,92,46,46,4.977751708059724,7.6265595144389895,-0.8054008374333653,-0.12013509452308346,0.4
VisualCogA_Task-2.mat,23,raw_mean,92,47,45,4.977751708059724,5.663891988783311,1.9067951886144985,0.349751471725253,0.4
VisualCogA_Task-2.mat,23,bandpass_mean,92,47,45,4.977751708059724,5.175563802293333,1.8127946886735125,0.5009112974290751,0.4
VisualCogA_Task-2.mat,23,current_pipeline,92,47,45,4.977751708059724,2.8132686370009456,0.9878120097216173,0.3885173665716457,0.4
VisualCogA_Task-2.mat,24,raw_mean,92,44,48,4.977751708059724,38.234914045467875,12.754581838954849,0.6550321611316721,0.4
VisualCogA_Task-2.mat,24,bandpass_mean,92,44,48,4.977751708059724,4.234127474673433,3.100612020335251,0.6446517482516456,0.4
VisualCogA_Task-2.mat,24,current_pipeline,92,44,48,4.977751708059724,5.852610628752496,5.256831636897633,0.7936683037049582,0.4
VisualCogA_Task-2.mat,25,raw_mean,92,48,44,4.977751708059724,5.624283069735676,-1.5654385429802227,-0.3246130609814004,0.4
VisualCogA_Task-2.mat,25,bandpass_mean,92,48,44,4.977751708059724,8.90840511461263,-0.5674744839603096,-0.215744731926839,0.4
VisualCogA_Task-2.mat,25,current_pipeline,92,48,44,4.977751708059724,5.921219413122593,-0.2062345471045716,-0.1380419212948057,0.4
VisualCogA_Task-2.mat,26,raw_mean,92,47,45,4.977751708059724,18.422915266690072,0.6123100778968595,0.3521513905588377,0.4
VisualCogA_Task-2.mat,26,bandpass_mean,92,47,45,4.977751708059724,7.309940796590835,5.842688609577427,0.7325463797583885,0.4
VisualCogA_Task-2.mat,26,current_pipeline,92,47,45,4.977751708059724,4.795284625212247,4.201601730500915,0.7937991186707064,0.4
VisualCogA_Task-2.mat,27,raw_mean,92,47,45,4.977751708059724,9.758956607617339,1.1682395895073783,0.3079837988382794,0.4
VisualCogA_Task-2.mat,27,bandpass_mean,92,47,45,4.977751708059724,3.0726093443797597,1.7050442174216636,0.6414362429066752,0.4
VisualCogA_Task-2.mat,27,current_pipeline,92,47,45,4.977751708059724,3.389552308141276,2.8382081910104007,0.7186771217342882,0.4
VisualCogA_Task-2.mat,28,raw_mean,92,50,42,4.977751708059724,13.520496373158062,-8.179855829831762,-0.7407801159808699,0.4
VisualCogA_Task-2.mat,28,bandpass_mean,92,50,42,4.977751708059724,5.737157200446551,-1.9402490487303428,-0.5200704428974667,0.4
VisualCogA_Task-2.mat,28,current_pipeline,92,50,42,4.977751708059724,5.885548782019016,-2.7372448579404094,-0.5333600846046614,0.4
VisualCogA_Task-2.mat,29,raw_mean,92,46,46,4.977751708059724,9.07007176329869,-0.6536329843972079,-0.14963709407903383,0.4
VisualCogA_Task-2.mat,29,bandpass_mean,92,46,46,4.977751708059724,7.491204596156775,0.6959663002302365,0.06726488249746486,0.4
VisualCogA_Task-2.mat,29,current_pipeline,92,46,46,4.977751708059724,5.477007417738031,0.4461191271213989,0.05496543719152407,0.4
VisualCogA_Task-2.mat,30,raw_mean,92,45,47,4.977751708059724,13.272812068049584,2.10333960437683,0.26452464399388786,0.4
VisualCogA_Task-2.mat,30,bandpass_mean,92,45,47,4.977751708059724,8.374177739218084,0.6430445620065748,0.1812296070705136,0.4
VisualCogA_Task-2.mat,30,current_pipeline,92,45,47,4.977751708059724,5.221173595021435,2.3598937452472186,0.45790970241454515,0.4
VisualCogA_Task-2.mat,31,raw_mean,92,47,45,4.977751708059724,6.63119344852857,-2.405270438478322,-0.4026895346191577,0.4
VisualCogA_Task-2.mat,31,bandpass_mean,92,47,45,4.977751708059724,5.817265577558029,-2.0041211466087487,-0.4408612905387279,0.4
VisualCogA_Task-2.mat,31,current_pipeline,92,47,45,4.977751708059724,4.192973303635079,-1.4340945708678652,-0.46380849788886613,0.4
VisualCogA_Task-2.mat,32,raw_mean,92,47,45,4.977751708059724,4.21216505769317,2.049779884306343,0.4554495443635131,0.4
VisualCogA_Task-2.mat,32,bandpass_mean,92,47,45,4.977751708059724,4.981275351945624,-0.05472048437513304,0.01896795165995874,0.4
VisualCogA_Task-2.mat,32,current_pipeline,92,47,45,4.977751708059724,5.3557838580752035,0.763545410971419,0.23817681698158025,0.4
VisualCogA_Task-2.mat,33,raw_mean,92,45,47,4.977751708059724,38.769319916896116,7.577131623739667,0.2553157336415785,0.4
VisualCogA_Task-2.mat,33,bandpass_mean,92,45,47,4.977751708059724,8.554887966053807,-0.6240534054023176,-0.15767190154721847,0.4
VisualCogA_Task-2.mat,33,current_pipeline,92,45,47,4.977751708059724,6.108348886743006,-0.572239829918077,-0.13218390629592927,0.4
VisualCogA_Task-2.mat,34,raw_mean,92,46,46,4.977751708059724,4.304431764076392,0.601689618028389,0.15085127822506783,0.4
VisualCogA_Task-2.mat,34,bandpass_mean,92,46,46,4.977751708059724,2.971357737986806,0.7215078656063562,0.2519624181254358,0.4
VisualCogA_Task-2.mat,34,current_pipeline,92,46,46,4.977751708059724,3.545120902647406,1.2558031940199517,0.4922264915040687,0.4
VisualCogA_Task-2.mat,35,raw_mean,92,46,46,4.977751708059724,12.106041924633873,-3.8368081234884115,-0.322337963862763,0.4
VisualCogA_Task-2.mat,35,bandpass_mean,92,46,46,4.977751708059724,5.001612073804116,-1.0057526821170026,-0.2511058714048483,0.4
VisualCogA_Task-2.mat,35,current_pipeline,92,46,46,4.977751708059724,4.268847126188475,0.3098923276850654,0.06188436791993008,0.4
VisualCogA_Task-2.mat,36,raw_mean,92,46,46,4.977751708059724,13.853849225970988,-0.05278210954765008,0.07089857581332103,0.4
VisualCogA_Task-2.mat,36,bandpass_mean,92,46,46,4.977751708059724,5.143035976614216,0.9112010967190961,0.32866568431329773,0.4
VisualCogA_Task-2.mat,36,current_pipeline,92,46,46,4.977751708059724,2.604225148927415,1.6101152203736677,0.5585051784426324,0.4
VisualCogA_Task-2.mat,37,raw_mean,92,46,46,4.977751708059724,26.94550333843594,3.5536434122698117,0.142376495622389,0.4
VisualCogA_Task-2.mat,37,bandpass_mean,92,46,46,4.977751708059724,10.202004962423974,-2.7434850495544687,-0.44025553163517844,0.4
VisualCogA_Task-2.mat,37,current_pipeline,92,46,46,4.977751708059724,7.192603588876855,-2.396243475231885,-0.4555180883099103,0.4
VisualCogA_Task-2.mat,38,raw_mean,92,46,46,4.977751708059724,20.18395287734255,-4.276422823614893,-0.41561278914418287,0.4
VisualCogA_Task-2.mat,38,bandpass_mean,92,46,46,4.977751708059724,11.07104572406812,-0.671060704801014,-0.009203653346574837,0.4
VisualCogA_Task-2.mat,38,current_pipeline,92,46,46,4.977751708059724,6.804135595909047,-0.0768368849925216,0.14716178057233426,0.4
VisualCogA_Task-2.mat,39,raw_mean,92,49,43,4.977751708059724,12.790756121532858,-2.36340976766057,-0.17830534502739348,0.4
VisualCogA_Task-2.mat,39,bandpass_mean,92,49,43,4.977751708059724,4.958102694251184,-1.795362654523878,-0.44058688606954544,0.4
VisualCogA_Task-2.mat,39,current_pipeline,92,49,43,4.977751708059724,4.7051508681498415,-2.0920829296742967,-0.5216645803480562,0.4
VisualCogA_Task-2.mat,40,raw_mean,92,48,44,4.977751708059724,32.953798720389344,-6.096170986061011,-0.2539044520817454,0.4
VisualCogA_Task-2.mat,40,bandpass_mean,92,48,44,4.977751708059724,5.004997147025849,4.074940377916099,0.7175902961422386,0.4
VisualCogA_Task-2.mat,40,current_pipeline,92,48,44,4.977751708059724,3.5198748364378036,3.725994980836941,0.8582301571451814,0.4
VisualCogA_Task-2.mat,41,raw_mean,92,46,46,4.977751708059724,16.429152468549447,3.969922159884053,0.4697779794070068,0.4
VisualCogA_Task-2.mat,41,bandpass_mean,92,46,46,4.977751708059724,7.9392343056974815,-1.212018423040665,-0.1455950281642432,0.4
VisualCogA_Task-2.mat,41,current_pipeline,92,46,46,4.977751708059724,5.934275802652742,0.5573157441937944,0.13390443516419975,0.4
VisualCogA_Task-2.mat,42,raw_mean,92,44,48,4.977751708059724,8.595788456295974,-1.2564587449914646,-0.3067734447454796,0.4
VisualCogA_Task-2.mat,42,bandpass_mean,92,44,48,4.977751708059724,4.50754480653538,-0.9454402907286793,-0.2535141270732051,0.4
VisualCogA_Task-2.mat,42,current_pipeline,92,44,48,4.977751708059724,5.528003347007446,-0.8181926590920696,-0.2252751126182451,0.4
VisualCogA_Task-2.mat,43,raw_mean,92,44,48,4.977751708059724,8.02875386841687,-3.9946085948424574,-0.6024400183510473,0.4
VisualCogA_Task-2.mat,43,bandpass_mean,92,44,48,4.977751708059724,12.880345439070442,-3.2401388165096554,-0.5187063315626164,0.4
VisualCogA_Task-2.mat,43,current_pipeline,92,44,48,4.977751708059724,8.955578687352103,-2.6285385880090986,-0.5280440922645683,0.4
VisualCogA_Task-2.mat,44,raw_mean,92,45,47,4.977751708059724,15.404551628548514,5.677929995808183,0.5736566613533342,0.4
VisualCogA_Task-2.mat,44,bandpass_mean,92,45,47,4.977751708059724,7.820110781956704,2.21036477273152,0.338595286164907,0.4
VisualCogA_Task-2.mat,44,current_pipeline,92,45,47,4.977751708059724,5.122498537337674,1.262501060351113,0.274548869274046,0.4
VisualCogA_Task-2.mat,45,raw_mean,92,45,47,4.977751708059724,17.127734855446896,4.224611190325654,0.5263895536641118,0.4
VisualCogA_Task-2.mat,45,bandpass_mean,92,45,47,4.977751708059724,3.978827933868173,0.29619634379250337,0.06770098119537638,0.4
VisualCogA_Task-2.mat,45,current_pipeline,92,45,47,4.977751708059724,3.434440882431243,0.9415637303181856,0.26628463083116355,0.4
VisualCogA_Task-2.mat,46,raw_mean,92,45,47,4.977751708059724,26.183730646372528,-5.968506236933594,-0.36730028075878646,0.4
VisualCogA_Task-2.mat,46,bandpass_mean,92,45,47,4.977751708059724,3.8757236813607725,0.2581816585524866,0.09184038433803131,0.4
VisualCogA_Task-2.mat,46,current_pipeline,92,45,47,4.977751708059724,3.892840083221422,-0.6346007052089551,-0.17013765129662906,0.4
VisualCogA_Task-2.mat,47,raw_mean,92,46,46,4.977751708059724,23.739549006821743,7.006826403823158,0.5528310230984986,0.4
VisualCogA_Task-2.mat,47,bandpass_mean,92,46,46,4.977751708059724,8.100672750625641,3.822512385543157,0.6439481294012483,0.4
VisualCogA_Task-2.mat,47,current_pipeline,92,46,46,4.977751708059724,7.163236254541508,3.1664461091436613,0.4917056661337728,0.4
VisualCogA_Task-2.mat,48,raw_mean,92,46,46,4.977751708059724,17.970078819151006,7.712087688477303,0.6148307265079095,0.4
VisualCogA_Task-2.mat,48,bandpass_mean,92,46,46,4.977751708059724,8.054489150146424,1.4910938730365437,0.34873176747337925,0.4
VisualCogA_Task-2.mat,48,current_pipeline,92,46,46,4.977751708059724,5.824068878550865,2.087140501481046,0.471370046132167,0.4
VisualCogB_Task-1.mat,1,raw_mean,90,47,43,4.944010503169559,18.76771307062971,5.446828971410502,0.35009876254956734,0.4
VisualCogB_Task-1.mat,1,bandpass_mean,90,47,43,4.944010503169559,5.751576832176201,0.23167733099294444,0.06752200367083651,0.4
VisualCogB_Task-1.mat,1,current_pipeline,90,47,43,4.944010503169559,4.173031278536414,-0.019333237470184304,0.0238512606668968,0.4
VisualCogB_Task-1.mat,2,raw_mean,90,46,44,4.944010503169559,8.359213588493606,-3.3705506256032973,-0.4716275286944631,0.4
VisualCogB_Task-1.mat,2,bandpass_mean,90,46,44,4.944010503169559,6.0477839682083445,-1.475563490067095,-0.2807540509582096,0.4
VisualCogB_Task-1.mat,2,current_pipeline,90,46,44,4.944010503169559,5.359428618279093,-0.855176103179556,-0.1572622573838309,0.4
VisualCogB_Task-1.mat,3,raw_mean,90,44,46,4.944010503169559,18.851538587377643,2.416849601778583,0.11338382669832904,0.4
VisualCogB_Task-1.mat,3,bandpass_mean,90,44,46,4.944010503169559,5.173191521756722,2.590493340520164,0.5181025907528107,0.4
VisualCogB_Task-1.mat,3,current_pipeline,90,44,46,4.944010503169559,3.9632243575357164,2.359358893575646,0.5759797653302292,0.4
VisualCogB_Task-1.mat,4,raw_mean,90,45,45,4.944010503169559,15.655336499819498,0.11621044617967571,0.005382614500346918,0.4
VisualCogB_Task-1.mat,4,bandpass_mean,90,45,45,4.944010503169559,4.397969560525858,0.3193836195208751,0.09078412346628939,0.4
VisualCogB_Task-1.mat,4,current_pipeline,90,45,45,4.944010503169559,3.1283990521636866,0.27338755864706427,0.09359573078127889,0.4
VisualCogB_Task-1.mat,5,raw_mean,90,44,46,4.944010503169559,18.69677438133408,-7.959036566480605,-0.6897960227733784,0.4
VisualCogB_Task-1.mat,5,bandpass_mean,90,44,46,4.944010503169559,5.36668715907387,-1.7297926570253523,-0.38214050847643655,0.4
VisualCogB_Task-1.mat,5,current_pipeline,90,44,46,4.944010503169559,4.648816390773163,0.08875628085773228,0.06834397611143575,0.4
VisualCogB_Task-1.mat,6,raw_mean,90,46,44,4.944010503169559,12.023242399981786,-3.2044768426123493,-0.2749695724888817,0.4
VisualCogB_Task-1.mat,6,bandpass_mean,90,46,44,4.944010503169559,3.8560832799075357,-1.5211540666197076,-0.49177666621216914,0.4
VisualCogB_Task-1.mat,6,current_pipeline,90,46,44,4.944010503169559,3.215819374604912,-0.15408035094380662,-0.026329891883821264,0.4
VisualCogB_Task-1.mat,7,raw_mean,90,46,44,4.944010503169559,29.87250848146273,7.772464535919653,0.28867922001071994,0.4
VisualCogB_Task-1.mat,7,bandpass_mean,90,46,44,4.944010503169559,3.8722411013574862,-0.00734659433029198,-0.002772702798607155,0.4
VisualCogB_Task-1.mat,7,current_pipeline,90,46,44,4.944010503169559,4.20833893367904,-1.39396319869417,-0.3974159622812413,0.4
VisualCogB_Task-1.mat,8,raw_mean,90,45,45,4.944010503169559,32.23400034531033,4.844131242404584,0.13861082904098698,0.4
VisualCogB_Task-1.mat,8,bandpass_mean,90,45,45,4.944010503169559,5.490953033769348,2.592149765741854,0.45341668924446127,0.4
VisualCogB_Task-1.mat,8,current_pipeline,90,45,45,4.944010503169559,4.448507703068846,1.4096542951712037,0.29739376666499767,0.4
VisualCogB_Task-1.mat,9,raw_mean,90,45,45,4.944010503169559,10.210305989821336,1.9658897354497984,0.21381334042391464,0.4
VisualCogB_Task-1.mat,9,bandpass_mean,90,45,45,4.944010503169559,7.291179764818247,1.4376167383536078,0.31486571340458175,0.4
VisualCogB_Task-1.mat,9,current_pipeline,90,45,45,4.944010503169559,6.558990546689636,0.47444233775199934,0.13141956486333456,0.4
VisualCogB_Task-1.mat,10,raw_mean,90,46,44,4.944010503169559,13.592903657777004,1.5239797791886067,0.0918939787626109,0.4
VisualCogB_Task-1.mat,10,bandpass_mean,90,46,44,4.944010503169559,3.570180846373405,0.5098790410168096,0.13660376136215385,0.4
VisualCogB_Task-1.mat,10,current_pipeline,90,46,44,4.944010503169559,2.414792717979749,0.26359906269890665,0.1070838234716461,0.4
VisualCogB_Task-1.mat,11,raw_mean,90,44,46,4.944010503169559,13.522754852119602,-1.004243623366632,-0.03981569843896525,0.4
VisualCogB_Task-1.mat,11,bandpass_mean,90,44,46,4.944010503169559,4.453432275035951,0.3299786127702934,0.1988007771174981,0.4
VisualCogB_Task-1.mat,11,current_pipeline,90,44,46,4.944010503169559,3.565084304469032,-0.07010013065270054,0.032488959620655684,0.4
VisualCogB_Task-1.mat,12,raw_mean,90,44,46,4.944010503169559,10.438925337782628,-2.7424179082035236,-0.4679103964328524,0.4
VisualCogB_Task-1.mat,12,bandpass_mean,90,44,46,4.944010503169559,4.796421218579621,-0.017414930024784895,0.062128789894155184,0.4
VisualCogB_Task-1.mat,12,current_pipeline,90,44,46,4.944010503169559,3.223770909107377,0.9837811340971871,0.40584699471075114,0.4
VisualCogB_Task-1.mat,13,raw_mean,90,45,45,4.944010503169559,15.04689169131451,-1.6801839129691425,-0.09505548159148496,0.4
VisualCogB_Task-1.mat,13,bandpass_mean,90,45,45,4.944010503169559,4.4753186498244455,1.0070131740842476,0.21314963951035903,0.4
VisualCogB_Task-1.mat,13,current_pipeline,90,45,45,4.944010503169559,3.607516387161688,1.6333541692939304,0.4162613893068636,0.4
VisualCogB_Task-1.mat,14,raw_mean,90,46,44,4.944010503169559,6.0977582685619325,2.439303515395194,0.3815417704377806,0.4
VisualCogB_Task-1.mat,14,bandpass_mean,90,46,44,4.944010503169559,3.1360714729889296,1.934690435857498,0.5802242979608516,0.4
VisualCogB_Task-1.mat,14,current_pipeline,90,46,44,4.944010503169559,3.025679602505974,2.4991408312953243,0.6994270365363193,0.4
VisualCogB_Task-1.mat,15,raw_mean,90,44,46,4.944010503169559,36.23918320380467,-7.295877966974798,-0.19574910612007398,0.4
VisualCogB_Task-1.mat,15,bandpass_mean,90,44,46,4.944010503169559,4.688080914481122,-1.1056031592784072,-0.3105279508711101,0.4
VisualCogB_Task-1.mat,15,current_pipeline,90,44,46,4.944010503169559,4.950602474687076,-0.6633857802726837,-0.136394582271472,0.4
VisualCogB_Task-1.mat,16,raw_mean,90,46,44,4.944010503169559,27.670531090393997,5.924494340489246,0.20352750144564585,0.4
VisualCogB_Task-1.mat,16,bandpass_mean,90,46,44,4.944010503169559,3.241225257883184,2.1809898249214634,0.7584826754135624,0.4
VisualCogB_Task-1.mat,16,current_pipeline,90,46,44,4.944010503169559,2.592962802327712,1.04996169502864,0.54996760027597,0.4
VisualCogB_Task-1.mat,17,raw_mean,90,45,45,4.944010503169559,7.586572623304155,1.5602014913813278,0.20377144316068965,0.4
VisualCogB_Task-1.mat,17,bandpass_mean,90,45,45,4.944010503169559,5.803733763504112,0.5933681128465311,0.23570874818712156,0.4
VisualCogB_Task-1.mat,17,current_pipeline,90,45,45,4.944010503169559,4.74476768157408,0.9714144070131862,0.35151068622721326,0.4
VisualCogB_Task-1.mat,18,raw_mean,90,45,45,4.944010503169559,19.539492290379954,0.6872164251860988,0.022006345105928412,0.4
VisualCogB_Task-1.mat,18,bandpass_mean,90,45,45,4.944010503169559,5.713085154137985,0.6952400222438296,0.18695753729884818,0.4
VisualCogB_Task-1.mat,18,current_pipeline,90,45,45,4.944010503169559,4.100048781461518,0.3706928287448778,0.15075666754810169,0.4
VisualCogB_Task-1.mat,19,raw_mean,90,47,43,4.944010503169559,14.109913476375397,2.2821167995652165,0.15309962074071354,0.4
VisualCogB_Task-1.mat,19,bandpass_mean,90,47,43,4.944010503169559,3.5623007822241024,1.0267352113527402,0.2884302986333488,0.4
VisualCogB_Task-1.mat,19,current_pipeline,90,47,43,4.944010503169559,3.607169638473187,0.6846042133193175,0.19450695570345825,0.4
VisualCogB_Task-1.mat,20,raw_mean,90,45,45,4.944010503169559,21.45661180439269,0.37684953300251156,-0.022516884509615743,0.4
VisualCogB_Task-1.mat,20,bandpass_mean,90,45,45,4.944010503169559,4.454221914060161,0.15792131105092716,0.014436655757948332,0.4
VisualCogB_Task-1.mat,20,current_pipeline,90,45,45,4.944010503169559,3.891489580153386,0.3855578110032205,0.08110635037999163,0.4
VisualCogB_Task-1.mat,21,raw_mean,90,45,45,4.944010503169559,7.24543044483549,3.0492773271114895,0.4012578781174486,0.4
VisualCogB_Task-1.mat,21,bandpass_mean,90,45,45,4.944010503169559,8.196763798119505,3.1527256567277444,0.365686323794683,0.4
VisualCogB_Task-1.mat,21,current_pipeline,90,45,45,4.944010503169559,6.294099561759757,2.363178138680728,0.35396685774415226,0.4
VisualCogB_Task-1.mat,22,raw_mean,90,44,46,4.944010503169559,8.780399483476305,-0.18023616913936277,-0.044497060553532045,0.4
VisualCogB_Task-1.mat,22,bandpass_mean,90,44,46,4.944010503169559,2.8240828980405084,0.45056970393731205,0.14971397852202545,0.4
VisualCogB_Task-1.mat,22,current_pipeline,90,44,46,4.944010503169559,2.3265065760550905,1.0005363360475665,0.4400613688083019,0.4
VisualCogB_Task-1.mat,23,raw_mean,90,45,45,4.944010503169559,12.966250367849131,-5.118216449360134,-0.4858031560980265,0.4
VisualCogB_Task-1.mat,23,bandpass_mean,90,45,45,4.944010503169559,2.8341249477154395,0.08946496512439132,0.04846059552497725,0.4
VisualCogB_Task-1.mat,23,current_pipeline,90,45,45,4.944010503169559,2.3869809593141813,1.322400512828273,0.48539904140849427,0.4
VisualCogB_Task-1.mat,24,raw_mean,90,46,44,4.944010503169559,20.681237881777324,2.7428873250642107,0.12422147009774759,0.4
VisualCogB_Task-1.mat,24,bandpass_mean,90,46,44,4.944010503169559,3.807651674957272,1.4380483377404016,0.350326855326929,0.4
VisualCogB_Task-1.mat,24,current_pipeline,90,46,44,4.944010503169559,2.0542425935321256,1.5134727470773721,0.6043369458473059,0.4
VisualCogB_Task-1.mat,25,raw_mean,90,44,46,4.944010503169559,24.179961530425135,6.963737303257015,0.28818561666965475,0.4
VisualCogB_Task-1.mat,25,bandpass_mean,90,44,46,4.944010503169559,3.0445318902235385,1.801637712660791,0.5217245455972755,0.4
VisualCogB_Task-1.mat,25,current_pipeline,90,44,46,4.944010503169559,3.376755347392956,1.8673775566972088,0.49378252741972983,0.4
VisualCogB_Task-1.mat,26,raw_mean,90,46,44,4.944010503169559,12.920141332393628,-0.19352080128068894,-0.02934964397506526,0.4
VisualCogB_Task-1.mat,26,bandpass_mean,90,46,44,4.944010503169559,5.65418080246553,1.7348603589496727,0.34348940554309415,0.4
VisualCogB_Task-1.mat,26,current_pipeline,90,46,44,4.944010503169559,4.799289666375943,1.3179417783769805,0.2918255514236908,0.4
VisualCogB_Task-1.mat,27,raw_mean,90,45,45,4.944010503169559,7.964395342575325,-0.4952541682042184,-0.031187763734866848,0.4
VisualCogB_Task-1.mat,27,bandpass_mean,90,45,45,4.944010503169559,3.93352283932551,0.7782888718579744,0.2398721250466493,0.4
VisualCogB_Task-1.mat,27,current_pipeline,90,45,45,4.944010503169559,3.609582322421086,2.4887510136484794,0.6147916519074678,0.4
VisualCogB_Task-1.mat,28,raw_mean,90,44,46,4.944010503169559,25.2362088191813,-7.427312011727831,-0.3470746756537242,0.4
VisualCogB_Task-1.mat,28,bandpass_mean,90,44,46,4.944010503169559,3.7809157778037474,-1.4094317150728215,-0.4741247361743837,0.4
VisualCogB_Task-1.mat,28,current_pipeline,90,44,46,4.944010503169559,3.8980303063948716,-0.894468247544202,-0.26307791257501423,0.4
VisualCogB_Task-1.mat,29,raw_mean,90,47,43,4.944010503169559,19.89504966184853,3.8189997196063623,0.20942355861952447,0.4
VisualCogB_Task-1.mat,29,bandpass_mean,90,47,43,4.944010503169559,4.554247441680086,0.7754561681382327,0.15581357889807515,0.4
VisualCogB_Task-1.mat,29,current_pipeline,90,47,43,4.944010503169559,2.8688804379859345,1.7339188304389626,0.5344490042645266,0.4
VisualCogB_Task-1.mat,30,raw_mean,90,46,44,4.944010503169559,26.21147792920803,3.0467519375901957,0.09735004306191025,0.4
VisualCogB_Task-1.mat,30,bandpass_mean,90,46,44,4.944010503169559,5.296697953607745,1.112119130415761,0.19825094559180237,0.4
VisualCogB_Task-1.mat,30,current_pipeline,90,46,44,4.944010503169559,2.792585160008006,1.0513099257188294,0.3478457662771349,0.4
VisualCogB_Task-1.mat,31,raw_mean,90,45,45,4.944010503169559,30.753565111993698,6.340196070417316,0.19550729690498833,0.4
VisualCogB_Task-1.mat,31,bandpass_mean,90,45,45,4.944010503169559,4.411813287872728,1.8473557293202794,0.41248877371492193,0.4
VisualCogB_Task-1.mat,31,current_pipeline,90,45,45,4.944010503169559,3.4592826459634596,1.4475471345469495,0.38441959290346545,0.4
VisualCogB_Task-1.mat,32,raw_mean,90,46,44,4.944010503169559,15.098856515184938,-3.2607518937399895,-0.210596760352148,0.4
VisualCogB_Task-1.mat,32,bandpass_mean,90,46,44,4.944010503169559,3.996332930486185,-0.6745475023580441,-0.17217859580840214,0.4
VisualCogB_Task-1.mat,32,current_pipeline,90,46,44,4.944010503169559,2.7425723578117447,0.08976528007889774,0.022388319315945756,0.4
VisualCogB_Task-1.mat,33,raw_mean,90,46,44,4.944010503169559,13.267866893270167,-0.6575710587352789,-0.07865562117282299,0.4
VisualCogB_Task-1.mat,33,bandpass_mean,90,46,44,4.944010503169559,5.8420662310247415,-1.619468447572265,-0.29495535865330225,0.4
VisualCogB_Task-1.mat,33,current_pipeline,90,46,44,4.944010503169559,3.869072679681465,-1.4027011288122198,-0.4247914423543815,0.4
VisualCogB_Task-1.mat,34,raw_mean,90,44,46,4.944010503169559,14.521043937805324,1.709267241804215,0.11470023612663889,0.4
VisualCogB_Task-1.mat,34,bandpass_mean,90,44,46,4.944010503169559,6.091543245676214,1.372276013627785,0.2540294242901661,0.4
VisualCogB_Task-1.mat,34,current_pipeline,90,44,46,4.944010503169559,4.005195817068452,1.842435669271566,0.4781045869719018,0.4
VisualCogB_Task-1.mat,35,raw_mean,90,44,46,4.944010503169559,23.523548041886208,7.223703358619844,0.37246917500957843,0.4
VisualCogB_Task-1.mat,35,bandpass_mean,90,44,46,4.944010503169559,3.8005714865186193,0.9487828093376922,0.2389529457380974,0.4
VisualCogB_Task-1.mat,35,current_pipeline,90,44,46,4.944010503169559,3.586466391404273,1.0544670130023195,0.30701490003403786,0.4
VisualCogB_Task-1.mat,36,raw_mean,90,45,45,4.944010503169559,36.76972462762922,-0.6845188519517722,-0.02229665570779261,0.4
VisualCogB_Task-1.mat,36,bandpass_mean,90,45,45,4.944010503169559,4.222995737947502,1.3216535959696902,0.356518647840272,0.4
VisualCogB_Task-1.mat,36,current_pipeline,90,45,45,4.944010503169559,3.830080979346134,0.3032104314193531,0.10633274297981025,0.4
VisualCogB_Task-1.mat,37,raw_mean,90,45,45,4.944010503169559,11.96567200607055,1.9210750366232336,0.14618543091191957,0.4
VisualCogB_Task-1.mat,37,bandpass_mean,90,45,45,4.944010503169559,5.238680154027618,2.214080944732015,0.5353633443642816,0.4
VisualCogB_Task-1.mat,37,current_pipeline,90,45,45,4.944010503169559,4.475605919240633,1.794126373858108,0.5068766801775874,0.4
VisualCogB_Task-1.mat,38,raw_mean,90,44,46,4.944010503169559,10.472618602435155,1.0357307354944796,0.20387129576994165,0.4
VisualCogB_Task-1.mat,38,bandpass_mean,90,44,46,4.944010503169559,3.333979163195569,1.7726428658182944,0.47673341282380494,0.4
VisualCogB_Task-1.mat,38,current_pipeline,90,44,46,4.944010503169559,3.1239241880741004,1.9745461604375647,0.6118032927770295,0.4
VisualCogB_Task-1.mat,39,raw_mean,90,45,45,4.944010503169559,28.174270793347837,-3.799862116489389,-0.12169822931122651,0.4
VisualCogB_Task-1.mat,39,bandpass_mean,90,45,45,4.944010503169559,4.428188651638492,1.0225390286752076,0.23073704969961134,0.4
VisualCogB_Task-1.mat,39,current_pipeline,90,45,45,4.944010503169559,2.7130583293973767,0.4295456125723772,0.214967620970732,0.4
VisualCogB_Task-1.mat,40,raw_mean,90,45,45,4.944010503169559,15.849270078172525,6.514064413011493,0.5821809910974065,0.4
VisualCogB_Task-1.mat,40,bandpass_mean,90,45,45,4.944010503169559,6.100367648825381,0.7734043993337655,0.19935077556596692,0.4
VisualCogB_Task-1.mat,40,current_pipeline,90,45,45,4.944010503169559,4.178156201808872,0.027904282966998806,0.05619195779212959,0.4
VisualCogB_Task-1.mat,41,raw_mean,90,46,44,4.944010503169559,8.201528209669334,4.7037792368482085,0.7760633838664942,0.4
VisualCogB_Task-1.mat,41,bandpass_mean,90,46,44,4.944010503169559,3.510826237703363,3.0567626671554904,0.7330220669679124,0.4
VisualCogB_Task-1.mat,41,current_pipeline,90,46,44,4.944010503169559,3.2516279725038326,2.965624974865432,0.7560743832249086,0.4
VisualCogB_Task-1.mat,42,raw_mean,90,46,44,4.944010503169559,16.993013865318122,-1.071071296941002,-0.02374568411969008,0.4
VisualCogB_Task-1.mat,42,bandpass_mean,90,46,44,4.944010503169559,5.35295535104753,0.3150742492984864,0.08228658248797073,0.4
VisualCogB_Task-1.mat,42,current_pipeline,90,46,44,4.944010503169559,3.709472908504932,0.4248123505958583,0.15256946646205266,0.4
VisualCogB_Task-1.mat,43,raw_mean,90,45,45,4.944010503169559,11.490263479580141,1.9514004642674367,0.3027353992131623,0.4
VisualCogB_Task-1.mat,43,bandpass_mean,90,45,45,4.944010503169559,4.988288633564038,1.1885088328724056,0.2655694361161389,0.4
VisualCogB_Task-1.mat,43,current_pipeline,90,45,45,4.944010503169559,3.621129471445305,1.8536582639290922,0.47096520809053694,0.4
VisualCogB_Task-1.mat,44,raw_mean,90,44,46,4.944010503169559,9.794046803722237,0.4514854704330575,0.03909009566393136,0.4
VisualCogB_Task-1.mat,44,bandpass_mean,90,44,46,4.944010503169559,5.054710903022484,1.034026036481335,0.1961269931501247,0.4
VisualCogB_Task-1.mat,44,current_pipeline,90,44,46,4.944010503169559,3.925898289503366,1.4203520405602748,0.39829102828655893,0.4
VisualCogB_Task-1.mat,45,raw_mean,90,45,45,4.944010503169559,13.694351468560669,-1.7375770272378808,-0.13183478881344735,0.4
VisualCogB_Task-1.mat,45,bandpass_mean,90,45,45,4.944010503169559,4.175423670059086,0.7253487166400631,0.15966055139394306,0.4
VisualCogB_Task-1.mat,45,current_pipeline,90,45,45,4.944010503169559,2.6228144997807394,0.6940799391910412,0.25263532179644027,0.4
VisualCogB_Task-1.mat,46,raw_mean,90,43,47,4.944010503169559,7.538160437118519,1.364358087154441,0.21526956670552683,0.4
VisualCogB_Task-1.mat,46,bandpass_mean,90,43,47,4.944010503169559,4.648028375774561,0.10763895640513206,-0.02898110566208951,0.4
VisualCogB_Task-1.mat,46,current_pipeline,90,43,47,4.944010503169559,3.4300072512016913,0.24974217952229738,0.07138911190118358,0.4
VisualCogB_Task-1.mat,47,raw_mean,90,44,46,4.944010503169559,19.81057768283184,-0.7410081446048322,-0.02682161620280787,0.4
VisualCogB_Task-1.mat,47,bandpass_mean,90,44,46,4.944010503169559,3.538619747173032,1.350480996616434,0.3536433922779882,0.4
VisualCogB_Task-1.mat,47,current_pipeline,90,44,46,4.944010503169559,2.5066772594355697,1.4534199223158186,0.5070220883055936,0.4
VisualCogB_Task-1.mat,48,raw_mean,90,45,45,4.944010503169559,22.8493892455768,2.9713047694833916,0.12546912853796535,0.4
VisualCogB_Task-1.mat,48,bandpass_mean,90,45,45,4.944010503169559,4.035460826866084,-0.3019895693561176,-0.1614936648718217,0.4
VisualCogB_Task-1.mat,48,current_pipeline,90,45,45,4.944010503169559,3.216019332445176,-0.38078053461135675,-0.17654034415543676,0.4
VisualCogB_Task-2.mat,1,raw_mean,89,44,45,5.746000597518536,5.200152264045745,4.711000441553316,0.8307594039477986,0.4
VisualCogB_Task-2.mat,1,bandpass_mean,89,44,45,5.746000597518536,3.1940468019648605,2.276109373633204,0.6302132693558644,0.4
VisualCogB_Task-2.mat,1,current_pipeline,89,44,45,5.746000597518536,3.6590428889765683,2.2092448514575143,0.6071018375703914,0.4
VisualCogB_Task-2.mat,2,raw_mean,89,43,46,5.746000597518536,25.211693166172264,-8.612695989253716,-0.5487093336608647,0.4
VisualCogB_Task-2.mat,2,bandpass_mean,89,43,46,5.746000597518536,8.975538218837192,-3.777409534642873,-0.570724768414239,0.4
VisualCogB_Task-2.mat,2,current_pipeline,89,43,46,5.746000597518536,8.223709571084823,-3.4743924518893192,-0.6095950936089909,0.4
VisualCogB_Task-2.mat,3,raw_mean,89,44,45,5.746000597518536,33.950277782733274,9.240226105478923,0.6890381117176625,0.4
VisualCogB_Task-2.mat,3,bandpass_mean,89,44,45,5.746000597518536,4.078947466204231,0.4816574849796071,0.1836269758319204,0.4
VisualCogB_Task-2.mat,3,current_pipeline,89,44,45,5.746000597518536,5.764569248257882,-0.011964652974657845,0.04861834297525478,0.4
VisualCogB_Task-2.mat,4,raw_mean,89,44,45,5.746000597518536,8.876384642162918,1.4615885559098891,0.1675978223393588,0.4
VisualCogB_Task-2.mat,4,bandpass_mean,89,44,45,5.746000597518536,6.247303466440758,1.7349490870630473,0.4378967135365507,0.4
VisualCogB_Task-2.mat,4,current_pipeline,89,44,45,5.746000597518536,6.338476948118127,1.3727934680511784,0.31016861246958305,0.4
VisualCogB_Task-2.mat,5,raw_mean,89,44,45,5.746000597518536,15.155343959964075,-4.840468737359057,-0.4962353161703233,0.4
VisualCogB_Task-2.mat,5,bandpass_mean,89,44,45,5.746000597518536,2.1682437831733843,0.36695086869243226,0.16994803395451394,0.4
VisualCogB_Task-2.mat,5,current_pipeline,89,44,45,5.746000597518536,2.4110882010396586,-0.20552117402797535,-0.08844704386986656,0.4
VisualCogB_Task-2.mat,6,raw_mean,89,46,43,5.746000597518536,16.466946496456345,-3.40580609672456,-0.5003002393678901,0.4
VisualCogB_Task-2.mat,6,bandpass_mean,89,46,43,5.746000597518536,3.8540650807626093,-0.4571869492253753,-0.13094852515706604,0.4
VisualCogB_Task-2.mat,6,current_pipeline,89,46,43,5.746000597518536,4.1098871504988574,-0.6335543915636311,-0.18514953812794932,0.4
VisualCogB_Task-2.mat,7,raw_mean,89,44,45,5.746000597518536,18.121046124885122,6.852116345649893,0.581597892269521,0.4
VisualCogB_Task-2.mat,7,bandpass_mean,89,44,45,5.746000597518536,4.252852849036697,1.8986171804593206,0.6614063559231317,0.4
VisualCogB_Task-2.mat,7,current_pipeline,89,44,45,5.746000597518536,3.0677498813845885,1.3253911937087015,0.5055986324534437,0.4
VisualCogB_Task-2.mat,8,raw_mean,89,46,43,5.746000597518536,3.2732997112026183,1.79687389265231,0.5053533400116549,0.4
VisualCogB_Task-2.mat,8,bandpass_mean,89,46,43,5.746000597518536,2.8179688555914666,0.3310225513354248,0.2599906886842578,0.4
VisualCogB_Task-2.mat,8,current_pipeline,89,46,43,5.746000597518536,3.570016075312525,-0.22329305675335773,-0.024652551181542613,0.4
VisualCogB_Task-2.mat,9,raw_mean,89,46,43,5.746000597518536,17.91319257615794,-0.8072350139260633,0.0356334884478217,0.4
VisualCogB_Task-2.mat,9,bandpass_mean,89,46,43,5.746000597518536,5.610568703545883,2.7908666081570077,0.5151437458276706,0.4
VisualCogB_Task-2.mat,9,current_pipeline,89,46,43,5.746000597518536,4.880022791031171,2.763825049788656,0.5824847981148223,0.4
VisualCogB_Task-2.mat,10,raw_mean,89,44,45,5.746000597518536,13.429787973206416,5.993078385453906,0.5600877531699502,0.4
VisualCogB_Task-2.mat,10,bandpass_mean,89,44,45,5.746000597518536,4.878609571529102,1.721316920335508,0.4727619553089706,0.4
VisualCogB_Task-2.mat,10,current_pipeline,89,44,45,5.746000597518536,5.325152012006456,1.421331062751185,0.4259986167389911,0.4
VisualCogB_Task-2.mat,11,raw_mean,89,47,42,5.746000597518536,7.800551587598189,4.391832444928432,0.7294289576248127,0.4
VisualCogB_Task-2.mat,11,bandpass_mean,89,47,42,5.746000597518536,5.275081200589908,2.150985377324435,0.5522289009056074,0.4
VisualCogB_Task-2.mat,11,current_pipeline,89,47,42,5.746000597518536,5.002461269170216,1.975883469971085,0.576662075203676,0.4
VisualCogB_Task-2.mat,12,raw_mean,89,43,46,5.746000597518536,12.645241610589151,-2.9223355400239566,-0.23364078901587007,0.4
VisualCogB_Task-2.mat,12,bandpass_mean,89,43,46,5.746000597518536,6.809873534683475,-3.2885074474040943,-0.6420645471715603,0.4
VisualCogB_Task-2.mat,12,current_pipeline,89,43,46,5.746000597518536,7.086510588534564,-3.071398894357414,-0.6103087323929203,0.4
VisualCogB_Task-2.mat,13,raw_mean,89,44,45,5.746000597518536,9.460172941042135,0.1139326141535787,0.03234762543399392,0.4
VisualCogB_Task-2.mat,13,bandpass_mean,89,44,45,5.746000597518536,3.5826930732897417,0.023417965705467735,-0.002153513905915227,0.4
VisualCogB_Task-2.mat,13,current_pipeline,89,44,45,5.746000597518536,3.8804385920552407,0.5576755035221965,0.13567402941271345,0.4
VisualCogB_Task-2.mat,14,raw_mean,89,46,43,5.746000597518536,12.049455612916278,-0.5413630704912201,-0.014316033391693066,0.4
VisualCogB_Task-2.mat,14,bandpass_mean,89,46,43,5.746000597518536,6.300909727708924,-0.2939777066779948,0.02054776031043953,0.4
VisualCogB_Task-2.mat,14,current_pipeline,89,46,43,5.746000597518536,5.871002755584615,-0.034633493815006314,0.11659275139857174,0.4
VisualCogB_Task-2.mat,15,raw_mean,89,44,45,5.746000597518536,37.245070498658684,10.959033265372195,0.6659846556351292,0.4
VisualCogB_Task-2.mat,15,bandpass_mean,89,44,45,5.746000597518536,6.189044826315503,2.550911217836047,0.54184840146798,0.4
VisualCogB_Task-2.mat,15,current_pipeline,89,44,45,5.746000597518536,5.662599049346348,2.4897843121558103,0.5361546860698758,0.4
VisualCogB_Task-2.mat,16,raw_mean,89,46,43,5.746000597518536,14.446002479977107,0.42708393139935996,0.16236348889151522,0.4
VisualCogB_Task-2.mat,16,bandpass_mean,89,46,43,5.746000597518536,3.829440636419277,0.40567949159353917,0.2134052339246344,0.4
VisualCogB_Task-2.mat,16,current_pipeline,89,46,43,5.746000597518536,4.675981293354159,-0.6748651777641885,-0.1469924828301797,0.4
VisualCogB_Task-2.mat,17,raw_mean,89,45,44,5.746000597518536,4.079385650818494,1.456930842463163,0.34442807038124984,0.4
VisualCogB_Task-2.mat,17,bandpass_mean,89,45,44,5.746000597518536,2.905450571423357,0.6584919278905653,0.22452926483781882,0.4
VisualCogB_Task-2.mat,17,current_pipeline,89,45,44,5.746000597518536,3.529163558618678,0.8424145568900423,0.23882925944575387,0.4
VisualCogB_Task-2.mat,18,raw_mean,89,44,45,5.746000597518536,9.510981307661313,6.866082559203581,0.7900392520634965,0.4
VisualCogB_Task-2.mat,18,bandpass_mean,89,44,45,5.746000597518536,5.886444863478556,5.879651691293256,0.876381022754522,0.4
VisualCogB_Task-2.mat,18,current_pipeline,89,44,45,5.746000597518536,6.317672266229098,6.490622277619161,0.9087435820049503,0.4
VisualCogB_Task-2.mat,19,raw_mean,89,46,43,5.746000597518536,9.629225757972995,3.901172186636778,0.7117583689554552,0.4
VisualCogB_Task-2.mat,19,bandpass_mean,89,46,43,5.746000597518536,1.414686759257392,0.8803203209042815,0.5298042049270608,0.4
VisualCogB_Task-2.mat,19,current_pipeline,89,46,43,5.746000597518536,1.6948760728987973,0.8420529887861943,0.4455879086313705,0.4
VisualCogB_Task-2.mat,20,raw_mean,89,44,45,5.746000597518536,26.70706823772632,11.414991765931564,0.7354120117744891,0.4
VisualCogB_Task-2.mat,20,bandpass_mean,89,44,45,5.746000597518536,9.729812666196286,6.055372672979559,0.6226307994427652,0.4
VisualCogB_Task-2.mat,20,current_pipeline,89,44,45,5.746000597518536,10.282960434575541,6.738448834906807,0.633147809479953,0.4
VisualCogB_Task-2.mat,21,raw_mean,89,44,45,5.746000597518536,8.537446694641794,-3.0561634049792374,-0.5650233501473427,0.4
VisualCogB_Task-2.mat,21,bandpass_mean,89,44,45,5.746000597518536,4.50789159513747,-1.6264387117520578,-0.420860296692274,0.4
VisualCogB_Task-2.mat,21,current_pipeline,89,44,45,5.746000597518536,3.9016140106868775,-1.1216118978545042,-0.32228263141154856,0.4
VisualCogB_Task-2.mat,22,raw_mean,89,43,46,5.746000597518536,7.652101476337834,1.3330652664147986,0.40531935770022387,0.4
VisualCogB_Task-2.mat,22,bandpass_mean,89,43,46,5.746000597518536,2.5411019340234002,1.2407828017152995,0.6033179833400689,0.4
VisualCogB_Task-2.mat,22,current_pipeline,89,43,46,5.746000597518536,2.972855689004182,1.453555243399462,0.560310796914824,0.4
VisualCogB_Task-2.mat,23,raw_mean,89,45,44,5.746000597518536,21.61891482680037,-2.0611573695502146,-0.10073086576774447,0.4
VisualCogB_Task-2.mat,23,bandpass_mean,89,45,44,5.746000597518536,5.219036607022934,2.6710588111124713,0.5452830103507278,0.4
VisualCogB_Task-2.mat,23,current_pipeline,89,45,44,5.746000597518536,5.2042201083219215,2.434791175068677,0.475260239914337,0.4
VisualCogB_Task-2.mat,24,raw_mean,89,42,47,5.746000597518536,29.688488523126463,8.55092659315531,0.4590186236740146,0.4
VisualCogB_Task-2.mat,24,bandpass_mean,89,42,47,5.746000597518536,6.7078329816643585,2.4999929371680656,0.5370200696116685,0.4
VisualCogB_Task-2.mat,24,current_pipeline,89,42,47,5.746000597518536,5.15359647195822,2.262174755575392,0.5139946299716609,0.4
VisualCogB_Task-2.mat,25,raw_mean,89,42,47,5.746000597518536,15.957438622709644,-1.5971126609438742,-0.12586726503785042,0.4
VisualCogB_Task-2.mat,25,bandpass_mean,89,42,47,5.746000597518536,4.0117209004075365,-0.1350360001067685,-0.06363610460258073,0.4
VisualCogB_Task-2.mat,25,current_pipeline,89,42,47,5.746000597518536,5.026853973117502,-0.18335776652363167,-0.09597343199177238,0.4
VisualCogB_Task-2.mat,26,raw_mean,89,44,45,5.746000597518536,4.236483915652895,2.2158884103469716,0.5125711899241756,0.4
VisualCogB_Task-2.mat,26,bandpass_mean,89,44,45,5.746000597518536,3.9920244533867284,2.0783263647655175,0.4773796480546114,0.4
VisualCogB_Task-2.mat,26,current_pipeline,89,44,45,5.746000597518536,4.422052364512669,2.19306766208874,0.45701863040322577,0.4
VisualCogB_Task-2.mat,27,raw_mean,89,45,44,5.746000597518536,18.884447299968915,0.35192828884744615,0.16039386973748768,0.4
VisualCogB_Task-2.mat,27,bandpass_mean,89,45,44,5.746000597518536,4.708074971490448,2.977163351301903,0.5814744230337378,0.4
VisualCogB_Task-2.mat,27,current_pipeline,89,45,44,5.746000597518536,4.970857050857592,3.1825869733336134,0.5823841451131347,0.4
VisualCogB_Task-2.mat,28,raw_mean,89,43,46,5.746000597518536,32.89833893447015,12.660147211502863,0.6086994891694358,0.4
VisualCogB_Task-2.mat,28,bandpass_mean,89,43,46,5.746000597518536,6.475749210357921,1.7290149454532295,0.5404627581999525,0.4
VisualCogB_Task-2.mat,28,current_pipeline,89,43,46,5.746000597518536,5.591939996638805,2.374114200431247,0.5860632708856389,0.4
VisualCogB_Task-2.mat,29,raw_mean,89,45,44,5.746000597518536,31.947044905215048,7.553755017180265,0.5872898258093816,0.4
VisualCogB_Task-2.mat,29,bandpass_mean,89,45,44,5.746000597518536,3.7748654909495736,-1.0872055710221025,-0.326364804067122,0.4
VisualCogB_Task-2.mat,29,current_pipeline,89,45,44,5.746000597518536,4.287179806576573,-0.8596293922556522,-0.20871133919198334,0.4
VisualCogB_Task-2.mat,30,raw_mean,89,45,44,5.746000597518536,26.207816931687397,-2.001456181465804,-0.04554846005194906,0.4
VisualCogB_Task-2.mat,30,bandpass_mean,89,45,44,5.746000597518536,5.3897162803385745,3.3113338250470528,0.7511947620857663,0.4
VisualCogB_Task-2.mat,30,current_pipeline,89,45,44,5.746000597518536,3.771705021302453,2.775465314636243,0.7582414421957733,0.4
VisualCogB_Task-2.mat,31,raw_mean,89,46,43,5.746000597518536,5.374536509281654,1.3900679204799535,0.35323664373023345,0.4
VisualCogB_Task-2.mat,31,bandpass_mean,89,46,43,5.746000597518536,5.901725182697507,3.176820379229746,0.5666842470290981,0.4
VisualCogB_Task-2.mat,31,current_pipeline,89,46,43,5.746000597518536,6.892043979380229,3.613684319985623,0.6302830387159265,0.4
VisualCogB_Task-2.mat,32,raw_mean,89,44,45,5.746000597518536,33.82979187073692,10.23374311761482,0.713203621701693,0.4
VisualCogB_Task-2.mat,32,bandpass_mean,89,44,45,5.746000597518536,4.355875424199675,3.336864267595375,0.7510854835701467,0.4
VisualCogB_Task-2.mat,32,current_pipeline,89,44,45,5.746000597518536,5.15197966458655,3.2780326319981903,0.7009207857954075,0.4
VisualCogB_Task-2.mat,33,raw_mean,89,43,46,5.746000597518536,27.259193955866724,12.731013787401738,0.6173759482390083,0.4
VisualCogB_Task-2.mat,33,bandpass_mean,89,43,46,5.746000597518536,7.950490852737941,7.153639264061648,0.8541533145052291,0.4
VisualCogB_Task-2.mat,33,current_pipeline,89,43,46,5.746000597518536,9.108249946900015,7.6926855313262354,0.8593247020408509,0.4
VisualCogB_Task-2.mat,34,raw_mean,89,46,43,5.746000597518536,43.211462389105904,-7.537551467874233,-0.576677026480762,0.4
VisualCogB_Task-2.mat,34,bandpass_mean,89,46,43,5.746000597518536,11.06811699553874,-0.49404532814926444,0.05786680979548916,0.4
VisualCogB_Task-2.mat,34,current_pipeline,89,46,43,5.746000597518536,9.345319967505581,-0.6925854223833859,-0.047733201726725245,0.4
VisualCogB_Task-2.mat,35,raw_mean,89,44,45,5.746000597518536,29.839670017868773,8.178939267281343,0.7909638158311297,0.4
VisualCogB_Task-2.mat,35,bandpass_mean,89,44,45,5.746000597518536,3.846583736152315,0.8652174826031218,0.21241132568044532,0.4
VisualCogB_Task-2.mat,35,current_pipeline,89,44,45,5.746000597518536,3.58393014483547,1.5218717151291394,0.3902903259980715,0.4
VisualCogB_Task-2.mat,36,raw_mean,89,43,46,5.746000597518536,10.063467973871875,-0.20881412233007038,-0.0009306336672277675,0.4
VisualCogB_Task-2.mat,36,bandpass_mean,89,43,46,5.746000597518536,3.4788927968807135,0.779502011235072,0.2101817703338773,0.4
VisualCogB_Task-2.mat,36,current_pipeline,89,43,46,5.746000597518536,3.506686460777317,1.031069956851876,0.28242892947510057,0.4
VisualCogB_Task-2.mat,37,raw_mean,89,43,46,5.746000597518536,24.674516477181715,-7.387957849699646,-0.6601249822985934,0.4
VisualCogB_Task-2.mat,37,bandpass_mean,89,43,46,5.746000597518536,3.8787075609644703,-0.30396994820422873,-0.06321522512153015,0.4
VisualCogB_Task-2.mat,37,current_pipeline,89,43,46,5.746000597518536,3.696811509099809,0.1167605794856941,0.04981093795735475,0.4
VisualCogB_Task-2.mat,38,raw_mean,89,45,44,5.746000597518536,14.990648780846627,4.420026197204553,0.4923650097807026,0.4
VisualCogB_Task-2.mat,38,bandpass_mean,89,45,44,5.746000597518536,7.5695524804963,2.566772593246559,0.48451351049962443,0.4
VisualCogB_Task-2.mat,38,current_pipeline,89,45,44,5.746000597518536,7.808953119831543,2.705621783648769,0.44348601494069495,0.4
VisualCogB_Task-2.mat,39,raw_mean,89,44,45,5.746000597518536,5.965085218861131,-1.4701257559011915,-0.30629767790146906,0.4
VisualCogB_Task-2.mat,39,bandpass_mean,89,44,45,5.746000597518536,5.9385622123028226,-0.8061218031162078,-0.37587156758123513,0.4
VisualCogB_Task-2.mat,39,current_pipeline,89,44,45,5.746000597518536,4.703004678134569,-0.36266348650929675,-0.21608637263164396,0.4
VisualCogB_Task-2.mat,40,raw_mean,89,44,45,5.746000597518536,16.28842420543885,9.31458726433521,0.655983895051163,0.4
VisualCogB_Task-2.mat,40,bandpass_mean,89,44,45,5.746000597518536,7.849508613076843,4.8411673681764835,0.6163054739216669,0.4
VisualCogB_Task-2.mat,40,current_pipeline,89,44,45,5.746000597518536,7.932311179890109,5.232983550113878,0.6277934449623883,0.4
VisualCogB_Task-2.mat,41,raw_mean,89,44,45,5.746000597518536,31.946010861936603,-1.7366161209311903,0.01743078917619706,0.4
VisualCogB_Task-2.mat,41,bandpass_mean,89,44,45,5.746000597518536,6.685457822730676,2.5006142381672354,0.5867498392290454,0.4
VisualCogB_Task-2.mat,41,current_pipeline,89,44,45,5.746000597518536,6.145393436326723,1.7867859392694503,0.4786857396291785,0.4
VisualCogB_Task-2.mat,42,raw_mean,89,45,44,5.746000597518536,28.076477207665967,-5.613728469398513,-0.2694338104909245,0.4
VisualCogB_Task-2.mat,42,bandpass_mean,89,45,44,5.746000597518536,6.13493247767137,0.8509396626069223,0.39544569460214973,0.4
VisualCogB_Task-2.mat,42,current_pipeline,89,45,44,5.746000597518536,5.820157478525673,1.2347481917189276,0.5840843079195195,0.4
VisualCogB_Task-2.mat,43,raw_mean,89,44,45,5.746000597518536,9.54003299791014,3.426436135897131,0.40016555304260576,0.4
VisualCogB_Task-2.mat,43,bandpass_mean,89,44,45,5.746000597518536,3.648830347589484,-0.25008904766967327,-0.03629780669087342,0.4
VisualCogB_Task-2.mat,43,current_pipeline,89,44,45,5.746000597518536,3.947872284472763,-0.5552544928631189,-0.16753306360255513,0.4
VisualCogB_Task-2.mat,44,raw_mean,89,43,46,5.746000597518536,11.041223166479595,1.3628770577947422,0.426291531497232,0.4
VisualCogB_Task-2.mat,44,bandpass_mean,89,43,46,5.746000597518536,3.7076926687880998,2.816194475578563,0.6623451194043086,0.4
VisualCogB_Task-2.mat,44,current_pipeline,89,43,46,5.746000597518536,3.2924823663048373,2.848168326462877,0.7212497066519782,0.4
VisualCogB_Task-2.mat,45,raw_mean,89,44,45,5.746000597518536,9.517183183040077,1.9488758979986598,0.19270075583943932,0.4
VisualCogB_Task-2.mat,45,bandpass_mean,89,44,45,5.746000597518536,3.2772536519188944,-0.5284449062711419,-0.20373770490256143,0.4
VisualCogB_Task-2.mat,45,current_pipeline,89,44,45,5.746000597518536,4.0429222430020255,0.11695278144709371,0.18863854692914575,0.4
VisualCogB_Task-2.mat,46,raw_mean,89,45,44,5.746000597518536,19.162710443540334,12.785918733730671,0.8220095015138837,0.4
VisualCogB_Task-2.mat,46,bandpass_mean,89,45,44,5.746000597518536,8.875229483128955,6.515699509383453,0.8180894476135411,0.4
VisualCogB_Task-2.mat,46,current_pipeline,89,45,44,5.746000597518536,8.126350205295415,6.390549306680307,0.8202786435226606,0.4
VisualCogB_Task-2.mat,47,raw_mean,89,46,43,5.746000597518536,13.423880708460691,-3.7519398175826417,-0.5236079194026997,0.4
VisualCogB_Task-2.mat,47,bandpass_mean,89,46,43,5.746000597518536,6.133595630230996,0.06368748723147974,-0.07907597116218798,0.4
VisualCogB_Task-2.mat,47,current_pipeline,89,46,43,5.746000597518536,6.604335601212331,-0.7051073597582529,-0.2895923924413841,0.4
VisualCogB_Task-2.mat,48,raw_mean,89,44,45,5.746000597518536,18.66536340813649,-5.263079036795628,-0.3320441287216772,0.4
VisualCogB_Task-2.mat,48,bandpass_mean,89,44,45,5.746000597518536,9.033799173318,-2.9501642242110604,-0.4631820982826762,0.4
VisualCogB_Task-2.mat,48,current_pipeline,89,44,45,5.746000597518536,7.55424355199983,-2.51400592042084,-0.4578423948520692,0.4
VisualCogA_Task-1.mat,1,raw_mean,85,41,44,8.062619185606138,5.726421328270387,-0.28807109608724474,-0.010163295139893875,0.8
VisualCogA_Task-1.mat,1,bandpass_mean,85,41,44,8.062619185606138,2.6039316085918527,0.28902464485898344,0.24775608032294383,0.8
VisualCogA_Task-1.mat,1,current_pipeline,85,41,44,8.062619185606138,1.4862589594311686,0.7471980034815201,0.6735841608233649,0.8
VisualCogA_Task-1.mat,2,raw_mean,85,43,42,8.062619185606138,8.220502087774088,-0.7231899578174109,-0.06498720208900371,0.8
VisualCogA_Task-1.mat,2,bandpass_mean,85,43,42,8.062619185606138,1.046652276301315,0.46825257055967995,0.46361604568142956,0.8
VisualCogA_Task-1.mat,2,current_pipeline,85,43,42,8.062619185606138,0.9100990583887306,0.5740146142123582,0.6111046311063251,0.8
VisualCogA_Task-1.mat,3,raw_mean,85,44,41,8.062619185606138,4.761038633435396,2.1376632502246853,0.4240727128747629,0.8
VisualCogA_Task-1.mat,3,bandpass_mean,85,44,41,8.062619185606138,2.9196494475820614,0.4605287089805894,0.35175561280783324,0.8
VisualCogA_Task-1.mat,3,current_pipeline,85,44,41,8.062619185606138,2.7158271381937107,0.16643791371629946,0.18432280629223735,0.8
VisualCogA_Task-1.mat,4,raw_mean,85,41,44,8.062619185606138,3.783854501077916,1.6213248383881114,0.505033208834638,0.8
VisualCogA_Task-1.mat,4,bandpass_mean,85,41,44,8.062619185606138,2.1874774113813724,-0.24211292758910619,-0.1255676479246849,0.8
VisualCogA_Task-1.mat,4,current_pipeline,85,41,44,8.062619185606138,1.5958426388119538,0.4492016224238681,0.3145926601982345,0.8
VisualCogA_Task-1.mat,5,raw_mean,85,43,42,8.062619185606138,11.143205961252898,3.60026890980593,0.3374773190894886,0.8
VisualCogA_Task-1.mat,5,bandpass_mean,85,43,42,8.062619185606138,4.185408108861929,-0.5778495794758067,-0.16008984246955368,0.8
VisualCogA_Task-1.mat,5,current_pipeline,85,43,42,8.062619185606138,2.3222987538356956,-0.08915783904351561,-0.01284982407993287,0.8
VisualCogA_Task-1.mat,6,raw_mean,85,44,41,8.062619185606138,3.32406705247362,2.3549075638678008,0.6153884473602065,0.8
VisualCogA_Task-1.mat,6,bandpass_mean,85,44,41,8.062619185606138,3.5741304421294906,1.0372752005012102,0.45428219020813665,0.8
VisualCogA_Task-1.mat,6,current_pipeline,85,44,41,8.062619185606138,1.503086342590853,1.3646863881453406,0.7926301978354439,0.8
VisualCogA_Task-1.mat,7,raw_mean,85,42,43,8.062619185606138,12.590287332462376,3.268382517505724,0.30498237575712805,0.8
VisualCogA_Task-1.mat,7,bandpass_mean,85,42,43,8.062619185606138,2.3750146889158255,-0.4766313204632453,-0.27307801124126063,0.8
VisualCogA_Task-1.mat,7,current_pipeline,85,42,43,8.062619185606138,2.0540632982143117,0.16446491563969814,0.218843094388934,0.8
VisualCogA_Task-1.mat,8,raw_mean,85,44,41,8.062619185606138,10.091539811060507,-3.6766515740706693,-0.4271458919873647,0.8
VisualCogA_Task-1.mat,8,bandpass_mean,85,44,41,8.062619185606138,3.562864372526342,-0.02688790825044448,-0.09511289950598455,0.8
VisualCogA_Task-1.mat,8,current_pipeline,85,44,41,8.062619185606138,1.6621879674689004,0.7362536847917369,0.5118704580593343,0.8
VisualCogA_Task-1.mat,9,raw_mean,85,42,43,8.062619185606138,9.262670863760853,0.17510931010334949,-0.031847121888316,0.8
VisualCogA_Task-1.mat,9,bandpass_mean,85,42,43,8.062619185606138,1.9086048962631197,1.280089469317983,0.6514237616542049,0.8
VisualCogA_Task-1.mat,9,current_pipeline,85,42,43,8.062619185606138,0.6453048118975181,1.1216260682988708,0.8822214817469018,0.8
VisualCogA_Task-1.mat,10,raw_mean,85,45,40,8.062619185606138,3.3407028148383398,0.9681639048788209,0.2835907568357545,0.8
VisualCogA_Task-1.mat,10,bandpass_mean,85,45,40,8.062619185606138,1.975264164871903,1.0190946585926226,0.5054203161942578,0.8
VisualCogA_Task-1.mat,10,current_pipeline,85,45,40,8.062619185606138,1.6165883052929015,0.7889018195184705,0.5185031398407072,0.8
VisualCogA_Task-1.mat,11,raw_mean,85,44,41,8.062619185606138,6.157262333496336,2.166386022049284,0.38002667188361705,0.8
VisualCogA_Task-1.mat,11,bandpass_mean,85,44,41,8.062619185606138,1.5025426749137025,0.07865309374543762,0.06080411362942064,0.8
VisualCogA_Task-1.mat,11,current_pipeline,85,44,41,8.062619185606138,1.3299718651516845,0.48354106004719777,0.37071079566166454,0.8
VisualCogA_Task-1.mat,12,raw_mean,85,42,43,8.062619185606138,24.184962643302306,-5.759668715090959,-0.28589451287275014,0.8
VisualCogA_Task-1.mat,12,bandpass_mean,85,42,43,8.062619185606138,1.7025333284484505,0.37557839861057085,0.28131969812084445,0.8
VisualCogA_Task-1.mat,12,current_pipeline,85,42,43,8.062619185606138,1.1070717984897696,0.6023380031600688,0.5110046454728543,0.8
VisualCogA_Task-1.mat,13,raw_mean,85,43,42,8.062619185606138,7.039629755892198,1.1297986246968599,0.15016452175644215,0.8
VisualCogA_Task-1.mat,13,bandpass_mean,85,43,42,8.062619185606138,3.707413809908423,0.15633928939008304,-0.010471851383872676,0.8
VisualCogA_Task-1.mat,13,current_pipeline,85,43,42,8.062619185606138,1.9665907817652397,0.7102718317580105,0.40445960055313507,0.8
VisualCogA_Task-1.mat,14,raw_mean,85,43,42,8.062619185606138,5.534723769644522,-0.2394808985099952,-0.0031063903565764508,0.8
VisualCogA_Task-1.mat,14,bandpass_mean,85,43,42,8.062619185606138,2.9080757924147806,1.6455550352367194,0.6430591124208842,0.8
VisualCogA_Task-1.mat,14,current_pipeline,85,43,42,8.062619185606138,2.153562244246676,1.342592856181591,0.6564466371212473,0.8
VisualCogA_Task-1.mat,15,raw_mean,85,43,42,8.062619185606138,5.00313926955382,1.4860525675426999,0.3885549558180636,0.8
VisualCogA_Task-1.mat,15,bandpass_mean,85,43,42,8.062619185606138,2.097257307695768,1.5341137043033717,0.6374656965384193,0.8
VisualCogA_Task-1.mat,15,current_pipeline,85,43,42,8.062619185606138,2.082957566960413,1.9606337543579389,0.7314205148473283,0.8
VisualCogA_Task-1.mat,16,raw_mean,85,41,44,8.062619185606138,13.95850323734312,3.1505878177786486,0.24144286413218705,0.8
VisualCogA_Task-1.mat,16,bandpass_mean,85,41,44,8.062619185606138,4.454872939834065,-0.9249826104453074,-0.3038406065253629,0.8
VisualCogA_Task-1.mat,16,current_pipeline,85,41,44,8.062619185606138,3.0688995389603813,-0.3585248791858361,-0.12383297570964201,0.8
VisualCogA_Task-1.mat,17,raw_mean,85,44,41,8.062619185606138,3.8871457215802754,1.7076184019774907,0.4790373063564614,0.8
VisualCogA_Task-1.mat,17,bandpass_mean,85,44,41,8.062619185606138,1.3798770936152207,1.0777263236471062,0.6165681838969603,0.8
VisualCogA_Task-1.mat,17,current_pipeline,85,44,41,8.062619185606138,1.083017321461064,0.8406891418039958,0.6179172830075597,0.8
VisualCogA_Task-1.mat,18,raw_mean,85,44,41,8.062619185606138,3.510335665444363,0.5664683663119852,0.2852455867747718,0.8
VisualCogA_Task-1.mat,18,bandpass_mean,85,44,41,8.062619185606138,1.330105117227083,1.7575521967861365,0.8692113457118157,0.8
VisualCogA_Task-1.mat,18,current_pipeline,85,44,41,8.062619185606138,1.0198285568754863,1.2915320488548365,0.8696587017619912,0.8
VisualCogA_Task-1.mat,19,raw_mean,85,44,41,8.062619185606138,6.49499395602301,0.19399991585408094,0.08499221437168601,0.8
VisualCogA_Task-1.mat,19,bandpass_mean,85,44,41,8.062619185606138,1.9768365094889004,0.8932094825263862,0.4147775874244691,0.8
VisualCogA_Task-1.mat,19,current_pipeline,85,44,41,8.062619185606138,1.740863953077745,0.491427394423475,0.2831869035778532,0.8
VisualCogA_Task-1.mat,20,raw_mean,85,41,44,8.062619185606138,5.039936363459428,2.001812969272168,0.38168670126442894,0.8
VisualCogA_Task-1.mat,20,bandpass_mean,85,41,44,8.062619185606138,3.091369516534611,0.7206750088761691,0.24510248124378206,0.8
VisualCogA_Task-1.mat,20,current_pipeline,85,41,44,8.062619185606138,1.6372606950922686,0.3149407926669822,0.1979330555899417,0.8
VisualCogA_Task-1.mat,21,raw_mean,85,44,41,8.062619185606138,5.578805575931062,-1.196043047583346,-0.22053977211139447,0.8
VisualCogA_Task-1.mat,21,bandpass_mean,85,44,41,8.062619185606138,2.700156308906298,1.5191165950487717,0.6334806346474794,0.8
VisualCogA_Task-1.mat,21,current_pipeline,85,44,41,8.062619185606138,1.8541552595389073,1.6268666597867407,0.7471098909301244,0.8
VisualCogA_Task-1.mat,22,raw_mean,85,41,44,8.062619185606138,2.617207280074804,2.080255388240657,0.8512280854505113,0.8
VisualCogA_Task-1.mat,22,bandpass_mean,85,41,44,8.062619185606138,1.7623726190484799,0.567709970339963,0.35471934780278713,0.8
VisualCogA_Task-1.mat,22,current_pipeline,85,41,44,8.062619185606138,1.1232980212843768,0.8110779053456671,0.592280149547521,0.8
VisualCogA_Task-1.mat,23,raw_mean,85,43,42,8.062619185606138,4.027292095515104,0.8795641933619389,0.21010938695885834,0.8
VisualCogA_Task-1.mat,23,bandpass_mean,85,43,42,8.062619185606138,3.0557735484824087,-0.827396483538947,-0.36103999157135547,0.8
VisualCogA_Task-1.mat,23,current_pipeline,85,43,42,8.062619185606138,2.291996728646484,-0.36240201207793743,-0.18247521528786428,0.8
VisualCogA_Task-1.mat,24,raw_mean,85,43,42,8.062619185606138,6.744967962392987,-2.244254037261109,-0.36644791874685384,0.8
VisualCogA_Task-1.mat,24,bandpass_mean,85,43,42,8.062619185606138,2.6177213608833387,0.7089497719936063,0.3241361861939281,0.8
VisualCogA_Task-1.mat,24,current_pipeline,85,43,42,8.062619185606138,1.692475040728389,1.2458164485652092,0.6457609139967376,0.8
VisualCogA_Task-1.mat,25,raw_mean,85,44,41,8.062619185606138,4.549080724126398,2.497392446790479,0.6738756056334864,0.8
VisualCogA_Task-1.mat,25,bandpass_mean,85,44,41,8.062619185606138,1.626532799998438,1.4360287425270815,0.7054497739719947,0.8
VisualCogA_Task-1.mat,25,current_pipeline,85,44,41,8.062619185606138,1.532865885863006,1.1056935667406447,0.6667175329826006,0.8
VisualCogA_Task-1.mat,26,raw_mean,85,41,44,8.062619185606138,9.564327968582896,-2.3047976316072716,-0.2761507605752719,0.8
VisualCogA_Task-1.mat,26,bandpass_mean,85,41,44,8.062619185606138,3.5257724112088344,1.128411123331775,0.36672544154979747,0.8
VisualCogA_Task-1.mat,26,current_pipeline,85,41,44,8.062619185606138,2.3105664601189435,1.6505871950028956,0.6468475019644322,0.8
VisualCogA_Task-1.mat,27,raw_mean,85,43,42,8.062619185606138,4.883448464885273,-0.8266552739755026,-0.16830583984448547,0.8
VisualCogA_Task-1.mat,27,bandpass_mean,85,43,42,8.062619185606138,3.25770300967665,0.8583048221127991,0.3429217978251675,0.8
VisualCogA_Task-1.mat,27,current_pipeline,85,43,42,8.062619185606138,1.7656264743661452,0.7024542669112035,0.4918810237162118,0.8
VisualCogA_Task-1.mat,28,raw_mean,85,42,43,8.062619185606138,3.0504075793964605,3.019306913141445,0.8620579226780773,0.8
VisualCogA_Task-1.mat,28,bandpass_mean,85,42,43,8.062619185606138,1.4677812036172382,1.9694948458476218,0.8742339727775948,0.8
VisualCogA_Task-1.mat,28,current_pipeline,85,42,43,8.062619185606138,1.2768623281692797,1.6796311274342361,0.8490750690548189,0.8
VisualCogA_Task-1.mat,29,raw_mean,85,42,43,8.062619185606138,4.277761224146379,1.6648504068657486,0.4686715696558558,0.8
VisualCogA_Task-1.mat,29,bandpass_mean,85,42,43,8.062619185606138,2.613904383664347,0.12132419873100367,0.09643560379388423,0.8
VisualCogA_Task-1.mat,29,current_pipeline,85,42,43,8.062619185606138,1.5727330369486117,0.5163858141351155,0.3341781243411504,0.8
VisualCogA_Task-1.mat,30,raw_mean,85,43,42,8.062619185606138,7.80161562618606,2.609857896876161,0.40571441025977484,0.8
VisualCogA_Task-1.mat,30,bandpass_mean,85,43,42,8.062619185606138,2.0225246364050133,1.2632344208624529,0.5936276724462201,0.8
VisualCogA_Task-1.mat,30,current_pipeline,85,43,42,8.062619185606138,1.5209754185569537,1.1854398744450827,0.6198467404575405,0.8
VisualCogA_Task-1.mat,31,raw_mean,85,43,42,8.062619185606138,10.183438714850004,3.3031646874916283,0.37763120096436986,0.8
VisualCogA_Task-1.mat,31,bandpass_mean,85,43,42,8.062619185606138,1.119700383296211,0.6502727465045333,0.6000112026923644,0.8
VisualCogA_Task-1.mat,31,current_pipeline,85,43,42,8.062619185606138,0.9003628789693265,0.43626992774418305,0.5275259191438223,0.8
VisualCogA_Task-1.mat,32,raw_mean,85,41,44,8.062619185606138,3.3000015952574406,1.1974788115976578,0.3763764444161635,0.8
VisualCogA_Task-1.mat,32,bandpass_mean,85,41,44,8.062619185606138,3.787233101674106,2.7264399485953965,0.7183700943561598,0.8
VisualCogA_Task-1.mat,32,current_pipeline,85,41,44,8.062619185606138,3.2199555948068723,2.5676743170777008,0.7184335833605906,0.8
VisualCogA_Task-1.mat,33,raw_mean,85,43,42,8.062619185606138,4.52054768929248,-0.22620688225288121,-0.0009562189416726075,0.8
VisualCogA_Task-1.mat,33,bandpass_mean,85,43,42,8.062619185606138,1.4343631591473238,0.5434773105027452,0.5138785320793484,0.8
VisualCogA_Task-1.mat,33,current_pipeline,85,43,42,8.062619185606138,1.0856649418700108,0.5656921862362201,0.6692081856286767,0.8
VisualCogA_Task-1.mat,34,raw_mean,85,42,43,8.062619185606138,14.357687201059743,-1.2795544248823478,-0.06365325040973999,0.8
VisualCogA_Task-1.mat,34,bandpass_mean,85,42,43,8.062619185606138,3.433497085387198,0.8152005112314116,0.35267363204272617,0.8
VisualCogA_Task-1.mat,34,current_pipeline,85,42,43,8.062619185606138,1.6513654267514064,0.4321216840388085,0.3608031567239385,0.8
VisualCogA_Task-1.mat,35,raw_mean,85,42,43,8.062619185606138,4.945939281031342,0.34038871680315164,0.10880682730278446,0.8
VisualCogA_Task-1.mat,35,bandpass_mean,85,42,43,8.062619185606138,3.687695207838967,-0.5407810091068701,-0.1616090853601098,0.8
VisualCogA_Task-1.mat,35,current_pipeline,85,42,43,8.062619185606138,2.0611591736756116,0.06426889819242301,0.07264842812551858,0.8
VisualCogA_Task-1.mat,36,raw_mean,85,41,44,8.062619185606138,3.477778186667748,1.4644483402281434,0.4004831605728384,0.8
VisualCogA_Task-1.mat,36,bandpass_mean,85,41,44,8.062619185606138,1.422128141243906,1.632105304927407,0.8018679744363174,0.8
VisualCogA_Task-1.mat,36,current_pipeline,85,41,44,8.062619185606138,1.0619264797871788,1.0419614625002969,0.7545677320973441,0.8
VisualCogA_Task-1.mat,37,raw_mean,85,44,41,8.062619185606138,3.3511077979416823,-0.09515608696600512,-0.018361328852100192,0.8
VisualCogA_Task-1.mat,37,bandpass_mean,85,44,41,8.062619185606138,1.5828149425876845,1.0965928988476188,0.6078180790272455,0.8
VisualCogA_Task-1.mat,37,current_pipeline,85,44,41,8.062619185606138,1.014460017636171,1.4066477862593432,0.8426137718320836,0.8
VisualCogA_Task-1.mat,38,raw_mean,85,44,41,8.062619185606138,5.984166714016015,2.9686242620752568,0.49076966257134,0.8
VisualCogA_Task-1.mat,38,bandpass_mean,85,44,41,8.062619185606138,2.276343650020299,2.0328758896104953,0.7094294426429911,0.8
VisualCogA_Task-1.mat,38,current_pipeline,85,44,41,8.062619185606138,1.3893783195568428,1.3619859224692377,0.7221581426776503,0.8
VisualCogA_Task-1.mat,39,raw_mean,85,43,42,8.062619185606138,4.981413075835927,1.3868729466922791,0.3180883445749969,0.8
VisualCogA_Task-1.mat,39,bandpass_mean,85,43,42,8.062619185606138,3.001949775449818,-0.04906709954638115,0.04175175668762048,0.8
VisualCogA_Task-1.mat,39,current_pipeline,85,43,42,8.062619185606138,1.4793216491280026,0.26256534094666173,0.23172339445583204,0.8
VisualCogA_Task-1.mat,40,raw_mean,85,43,42,8.062619185606138,3.2996993726661787,2.460884919546758,0.6375757037460072,0.8
VisualCogA_Task-1.mat,40,bandpass_mean,85,43,42,8.062619185606138,2.5997623089454094,1.0566946449942973,0.4478305433128205,0.8
VisualCogA_Task-1.mat,40,current_pipeline,85,43,42,8.062619185606138,1.4593749927151725,1.3798439875679078,0.6985563537528585,0.8
VisualCogA_Task-1.mat,41,raw_mean,85,42,43,8.062619185606138,9.449128326113655,2.1183077702629354,0.23043507898698423,0.8
VisualCogA_Task-1.mat,41,bandpass_mean,85,42,43,8.062619185606138,1.9849184876895338,1.4082788879641015,0.5932683680411538,0.8
VisualCogA_Task-1.mat,41,current_pipeline,85,42,43,8.062619185606138,1.5713930104311595,1.0150032620742557,0.6731688343708652,0.8
VisualCogA_Task-1.mat,42,raw_mean,85,42,43,8.062619185606138,7.137949883246516,2.6511376400622098,0.39966996132598837,0.8
VisualCogA_Task-1.mat,42,bandpass_mean,85,42,43,8.062619185606138,1.6710877602688787,0.9335500893032573,0.4857816209499296,0.8
VisualCogA_Task-1.mat,42,current_pipeline,85,42,43,8.062619185606138,1.5332251537782464,1.0727272990688803,0.582750422430482,0.8
VisualCogA_Task-1.mat,43,raw_mean,85,43,42,8.062619185606138,13.363566754507726,3.664562079984514,0.33287992482568024,0.8
VisualCogA_Task-1.mat,43,bandpass_mean,85,43,42,8.062619185606138,1.2134249871181515,0.9126780859822795,0.6032493986307716,0.8
VisualCogA_Task-1.mat,43,current_pipeline,85,43,42,8.062619185606138,1.2477701886996506,0.4216914227607465,0.4714976586754819,0.8
VisualCogA_Task-1.mat,44,raw_mean,85,44,41,8.062619185606138,9.265501727390015,3.9050624373386187,0.5020742401325756,0.8
VisualCogA_Task-1.mat,44,bandpass_mean,85,44,41,8.062619185606138,3.0030212251978234,0.6267724517635281,0.32293535248625166,0.8
VisualCogA_Task-1.mat,44,current_pipeline,85,44,41,8.062619185606138,1.2284268145522688,1.1365803373793932,0.735306839153303,0.8
VisualCogA_Task-1.mat,45,raw_mean,85,43,42,8.062619185606138,5.040801841949472,0.5061351921224245,0.12494321889192828,0.8
VisualCogA_Task-1.mat,45,bandpass_mean,85,43,42,8.062619185606138,1.0704839271676152,1.0608030361347756,0.7142717411865208,0.8
VisualCogA_Task-1.mat,45,current_pipeline,85,43,42,8.062619185606138,1.256956786552089,0.8267591977689582,0.584750595872624,0.8
VisualCogA_Task-1.mat,46,raw_mean,85,44,41,8.062619185606138,3.0734452733770286,0.8353267154358409,0.42830153738232973,0.8
VisualCogA_Task-1.mat,46,bandpass_mean,85,44,41,8.062619185606138,1.4261537491182608,0.6773517247431549,0.48058823639458187,0.8
VisualCogA_Task-1.mat,46,current_pipeline,85,44,41,8.062619185606138,1.2196539169456866,0.5692478499401006,0.44299094743779927,0.8
VisualCogA_Task-1.mat,47,raw_mean,85,44,41,8.062619185606138,6.777734430312928,-0.7306038512836098,-0.09081342374500356,0.8
VisualCogA_Task-1.mat,47,bandpass_mean,85,44,41,8.062619185606138,2.126213447418038,-0.13282640234123413,-0.07349771962253955,0.8
VisualCogA_Task-1.mat,47,current_pipeline,85,44,41,8.062619185606138,1.3013072049503134,0.4374977099195959,0.34435033137791793,0.8
VisualCogA_Task-1.mat,48,raw_mean,85,41,44,8.062619185606138,7.166956067532319,-0.880770086251816,-0.11191488760812572,0.8
VisualCogA_Task-1.mat,48,bandpass_mean,85,41,44,8.062619185606138,1.590434214597318,1.0104695440996314,0.5355244568116849,0.8
VisualCogA_Task-1.mat,48,current_pipeline,85,41,44,8.062619185606138,1.5792752197927529,1.3481778616053748,0.6597238482153254,0.8
VisualCogA_Task-2.mat,1,raw_mean,92,45,47,9.955503416119448,12.430003362630055,-1.9640424486642578,-0.18210401830744785,0.8
VisualCogA_Task-2.mat,1,bandpass_mean,92,45,47,9.955503416119448,3.4554738601075736,2.3911124132333854,0.6213706366320224,0.8
VisualCogA_Task-2.mat,1,current_pipeline,92,45,47,9.955503416119448,3.218192071158291,2.240613904025313,0.605700627819275,0.8
VisualCogA_Task-2.mat,2,raw_mean,92,45,47,9.955503416119448,6.9753710880003945,2.3319618257020496,0.3977862033827213,0.8
VisualCogA_Task-2.mat,2,bandpass_mean,92,45,47,9.955503416119448,4.7995431157486745,0.48465312101253816,0.35992638317513165,0.8
VisualCogA_Task-2.mat,2,current_pipeline,92,45,47,9.955503416119448,3.8507195637125555,0.3480175968770207,0.32281751668065783,0.8
VisualCogA_Task-2.mat,3,raw_mean,92,45,47,9.955503416119448,2.5376464719753726,1.9191297225747703,0.727196539426506,0.8
VisualCogA_Task-2.mat,3,bandpass_mean,92,45,47,9.955503416119448,2.7081933923088166,2.3983566829318814,0.7979034019405155,0.8
VisualCogA_Task-2.mat,3,current_pipeline,92,45,47,9.955503416119448,3.556029342168823,2.5493790805687264,0.7838265197388612,0.8
VisualCogA_Task-2.mat,4,raw_mean,92,45,47,9.955503416119448,4.4633182696866305,2.9778983896462736,0.6300166951611108,0.8
VisualCogA_Task-2.mat,4,bandpass_mean,92,45,47,9.955503416119448,6.333273325018269,2.9466628034215043,0.6097944916294217,0.8
VisualCogA_Task-2.mat,4,current_pipeline,92,45,47,9.955503416119448,4.689343293345827,3.179010152314137,0.7650853543923422,0.8
VisualCogA_Task-2.mat,5,raw_mean,92,46,46,9.955503416119448,2.0329511474158615,0.6322698020977447,0.32418179623258336,0.8
VisualCogA_Task-2.mat,5,bandpass_mean,92,46,46,9.955503416119448,1.828537431447691,1.605454409052845,0.6853724824064529,0.8
VisualCogA_Task-2.mat,5,current_pipeline,92,46,46,9.955503416119448,1.9503867832508013,1.3706611747036987,0.621733246378484,0.8
VisualCogA_Task-2.mat,6,raw_mean,92,46,46,9.955503416119448,12.978756294820768,0.7882208262063122,0.3455080598644135,0.8
VisualCogA_Task-2.mat,6,bandpass_mean,92,46,46,9.955503416119448,5.694586463823129,2.6628143748892645,0.7270932443516033,0.8
VisualCogA_Task-2.mat,6,current_pipeline,92,46,46,9.955503416119448,3.9882990964321663,2.284028370956712,0.7229280996385885,0.8
VisualCogA_Task-2.mat,7,raw_mean,92,47,45,9.955503416119448,9.095101253809894,1.4942714811635438,0.29749494088210665,0.8
VisualCogA_Task-2.mat,7,bandpass_mean,92,47,45,9.955503416119448,4.316842057264352,3.0045681252638916,0.6717118885808585,0.8
VisualCogA_Task-2.mat,7,current_pipeline,92,47,45,9.955503416119448,3.7525105372253074,3.0453864851777097,0.6984044543346807,0.8
VisualCogA_Task-2.mat,8,raw_mean,92,46,46,9.955503416119448,5.224001029200004,0.5499005292941581,0.08416231485990669,0.8
VisualCogA_Task-2.mat,8,bandpass_mean,92,46,46,9.955503416119448,3.20202071332667,0.7087407498897125,0.21875504106937416,0.8
VisualCogA_Task-2.mat,8,current_pipeline,92,46,46,9.955503416119448,2.408131951699284,1.2385337337319586,0.4570458529752068,0.8
VisualCogA_Task-2.mat,9,raw_mean,92,47,45,9.955503416119448,6.018375985459997,-0.855077339927496,-0.15564125231837225,0.8
VisualCogA_Task-2.mat,9,bandpass_mean,92,47,45,9.955503416119448,2.3930616410585315,2.0814821510617723,0.7658856157412833,0.8
VisualCogA_Task-2.mat,9,current_pipeline,92,47,45,9.955503416119448,1.5244662214077471,1.6540596174606557,0.7702882233270381,0.8
VisualCogA_Task-2.mat,10,raw_mean,92,49,43,9.955503416119448,2.7799090376526023,0.11476112702828893,0.0840881023001484,0.8
VisualCogA_Task-2.mat,10,bandpass_mean,92,49,43,9.955503416119448,3.3653527014468265,-0.2887491730838676,-0.07748870951491921,0.8
VisualCogA_Task-2.mat,10,current_pipeline,92,49,43,9.955503416119448,2.2535929250884315,-0.3144590801372284,-0.19960657912062982,0.8
VisualCogA_Task-2.mat,11,raw_mean,92,46,46,9.955503416119448,7.684014577131108,2.903672866666606,0.7053593665291602,0.8
VisualCogA_Task-2.mat,11,bandpass_mean,92,46,46,9.955503416119448,3.842356735734371,2.324574621487074,0.8260065467173242,0.8
VisualCogA_Task-2.mat,11,current_pipeline,92,46,46,9.955503416119448,3.73918118724935,2.6945448005573973,0.8851582954722318,0.8
VisualCogA_Task-2.mat,12,raw_mean,92,47,45,9.955503416119448,9.747117148204843,-1.8820947992130699,-0.32936866193784936,0.8
VisualCogA_Task-2.mat,12,bandpass_mean,92,47,45,9.955503416119448,2.31341971210513,0.45915901395383085,0.3670218821332733,0.8
VisualCogA_Task-2.mat,12,current_pipeline,92,47,45,9.955503416119448,1.873177091525435,0.24045593304959817,0.2619104929994096,0.8
VisualCogA_Task-2.mat,13,raw_mean,92,46,46,9.955503416119448,15.264752666907471,5.349710727662469,0.4919247474575222,0.8
VisualCogA_Task-2.mat,13,bandpass_mean,92,46,46,9.955503416119448,3.3877174492567925,2.257313493951582,0.5960285317093994,0.8
VisualCogA_Task-2.mat,13,current_pipeline,92,46,46,9.955503416119448,3.084838467780475,2.09216293562198,0.5869879858153716,0.8
VisualCogA_Task-2.mat,14,raw_mean,92,44,48,9.955503416119448,5.493750128260835,3.1252080632802755,0.6656456293804761,0.8
VisualCogA_Task-2.mat,14,bandpass_mean,92,44,48,9.955503416119448,3.0469942747741787,2.758791793457494,0.7413774094884813,0.8
VisualCogA_Task-2.mat,14,current_pipeline,92,44,48,9.955503416119448,3.0509431544626495,2.3794732286805096,0.668661200779477,0.8
VisualCogA_Task-2.mat,15,raw_mean,92,45,47,9.955503416119448,3.3603861814252065,2.4632551133300433,0.6388922573821838,0.8
VisualCogA_Task-2.mat,15,bandpass_mean,92,45,47,9.955503416119448,2.1992926754084774,2.266160204746095,0.8559000734844526,0.8
VisualCogA_Task-2.mat,15,current_pipeline,92,45,47,9.955503416119448,2.3374352660301883,2.0575860146316893,0.8093453440318888,0.8
VisualCogA_Task-2.mat,16,raw_mean,92,45,47,9.955503416119448,5.855573096756175,-0.21579382825792054,-0.0018371585151543645,0.8
VisualCogA_Task-2.mat,16,bandpass_mean,92,45,47,9.955503416119448,1.5804496397352026,0.09593446615225822,0.06128376777093742,0.8
VisualCogA_Task-2.mat,16,current_pipeline,92,45,47,9.955503416119448,1.6638933485678922,0.21642135476246344,0.13700810211104458,0.8
VisualCogA_Task-2.mat,17,raw_mean,92,46,46,9.955503416119448,8.744823305083104,3.7467836938424566,0.6599634812186623,0.8
VisualCogA_Task-2.mat,17,bandpass_mean,92,46,46,9.955503416119448,1.92581250685502,1.2210604626914878,0.5489766818761743,0.8
VisualCogA_Task-2.mat,17,current_pipeline,92,46,46,9.955503416119448,1.8812077275234504,0.9267340675499005,0.4595493949599993,0.8
VisualCogA_Task-2.mat,18,raw_mean,92,45,47,9.955503416119448,13.10071588294741,6.113287288415072,0.572598663669786,0.8
VisualCogA_Task-2.mat,18,bandpass_mean,92,45,47,9.955503416119448,2.6434101832939385,2.040149696233447,0.7978272526622517,0.8
VisualCogA_Task-2.mat,18,current_pipeline,92,45,47,9.955503416119448,2.4439513205317116,2.118920285082247,0.7748545135909404,0.8
VisualCogA_Task-2.mat,19,raw_mean,92,45,47,9.955503416119448,5.561167814100719,3.656065711449044,0.777279868284886,0.8
VisualCogA_Task-2.mat,19,bandpass_mean,92,45,47,9.955503416119448,3.8083662988899585,2.3143619005910328,0.6916905302158554,0.8
VisualCogA_Task-2.mat,19,current_pipeline,92,45,47,9.955503416119448,3.123240905795661,1.9965564602220207,0.7096142178650919,0.8
VisualCogA_Task-2.mat,20,raw_mean,92,47,45,9.955503416119448,4.757973698105208,-2.6260383102163005,-0.6491950790333674,0.8
VisualCogA_Task-2.mat,20,bandpass_mean,92,47,45,9.955503416119448,3.8639095899496056,-2.040655562773272,-0.6485870456300141,0.8
VisualCogA_Task-2.mat,20,current_pipeline,92,47,45,9.955503416119448,3.848630778530322,-1.8896669218447648,-0.5949054659848517,0.8
VisualCogA_Task-2.mat,21,raw_mean,92,49,43,9.955503416119448,8.488012248340207,5.591527096379601,0.8185531941801073,0.8
VisualCogA_Task-2.mat,21,bandpass_mean,92,49,43,9.955503416119448,5.154664019274882,3.7633106380967334,0.7480378283611836,0.8
VisualCogA_Task-2.mat,21,current_pipeline,92,49,43,9.955503416119448,5.300745159598023,3.869761945161642,0.7657968761272785,0.8
VisualCogA_Task-2.mat,22,raw_mean,92,46,46,9.955503416119448,12.273096849535158,-4.0837916447373015,-0.5088479751046866,0.8
VisualCogA_Task-2.mat,22,bandpass_mean,92,46,46,9.955503416119448,3.9556019871815566,-0.3934553316320471,-0.1373062535837946,0.8
VisualCogA_Task-2.mat,22,current_pipeline,92,46,46,9.955503416119448,3.8339397378605735,0.04848338366868866,0.003766761753248487,0.8
VisualCogA_Task-2.mat,23,raw_mean,92,47,45,9.955503416119448,2.831945994391656,1.45339759430725,0.5101660952449797,0.8
VisualCogA_Task-2.mat,23,bandpass_mean,92,47,45,9.955503416119448,2.506221789396412,1.3579210790732346,0.679844732558262,0.8
VisualCogA_Task-2.mat,23,current_pipeline,92,47,45,9.955503416119448,1.3443643093687274,0.9450898072461802,0.6581422667830181,0.8
VisualCogA_Task-2.mat,24,raw_mean,92,44,48,9.955503416119448,19.117457022733937,6.877290919477424,0.6883572609815628,0.8
VisualCogA_Task-2.mat,24,bandpass_mean,92,44,48,9.955503416119448,2.076919740983571,2.001829744904104,0.7395871787272247,0.8
VisualCogA_Task-2.mat,24,current_pipeline,92,44,48,9.955503416119448,2.882591084095687,3.079599620834189,0.8385092190226322,0.8
VisualCogA_Task-2.mat,25,raw_mean,92,48,44,9.955503416119448,2.812141534867838,-0.2827192714901111,-0.1344681861155731,0.8
VisualCogA_Task-2.mat,25,bandpass_mean,92,48,44,9.955503416119448,4.4029202106006995,0.16778649275632365,-0.0266642494871922,0.8
VisualCogA_Task-2.mat,25,current_pipeline,92,48,44,9.955503416119448,2.922089131828799,0.3480665288330859,0.11365985326755083,0.8
VisualCogA_Task-2.mat,26,raw_mean,92,47,45,9.955503416119448,9.211457633345038,0.8061550389484293,0.5088395773985244,0.8
VisualCogA_Task-2.mat,26,bandpass_mean,92,47,45,9.955503416119448,3.6158181769954325,3.372868039525192,0.7791900927044926,0.8
VisualCogA_Task-2.mat,26,current_pipeline,92,47,45,9.955503416119448,2.3391235598210027,2.5519846676358293,0.8466912039355556,0.8
VisualCogA_Task-2.mat,27,raw_mean,92,47,45,9.955503416119448,4.8794783038086695,1.084119794753689,0.45765015117291663,0.8
VisualCogA_Task-2.mat,27,bandpass_mean,92,47,45,9.955503416119448,1.5769620171285952,1.3040458434473106,0.784365558092689,0.8
VisualCogA_Task-2.mat,27,current_pipeline,92,47,45,9.955503416119448,1.6921804352558478,1.8702878978905724,0.8046470483148719,0.8
VisualCogA_Task-2.mat,28,raw_mean,92,50,42,9.955503416119448,6.760248186579033,-3.5899279149158816,-0.6925695078491924,0.8
VisualCogA_Task-2.mat,28,bandpass_mean,92,50,42,9.955503416119448,2.840629730466333,-0.5186007896286923,-0.3322412584437708,0.8
VisualCogA_Task-2.mat,28,current_pipeline,92,50,42,9.955503416119448,2.9527353980602418,-0.9174386265848327,-0.3927397426072367,0.8
VisualCogA_Task-2.mat,29,raw_mean,92,46,46,9.955503416119448,4.535035881649345,0.17318350780139646,-0.003735184101579666,0.8
VisualCogA_Task-2.mat,29,bandpass_mean,92,46,46,9.955503416119448,3.6859877757066735,0.7995068848515966,0.2268997228012026,0.8
VisualCogA_Task-2.mat,29,current_pipeline,92,46,46,9.955503416119448,2.69225936052778,0.674243365946071,0.25162425356374823,0.8
VisualCogA_Task-2.mat,30,raw_mean,92,45,47,9.955503416119448,6.636406034024792,1.5516698021884148,0.3526090775446336,0.8
VisualCogA_Task-2.mat,30,bandpass_mean,92,45,47,9.955503416119448,4.246000311089301,0.7730460157397664,0.328416662376028,0.8
VisualCogA_Task-2.mat,30,current_pipeline,92,45,47,9.955503416119448,2.622475635199004,1.6311306750089811,0.5774261592806473,0.8
VisualCogA_Task-2.mat,31,raw_mean,92,47,45,9.955503416119448,3.315596724264285,-0.7026352192391607,-0.2532374156588538,0.8
VisualCogA_Task-2.mat,31,bandpass_mean,92,47,45,9.955503416119448,2.9045842875289978,-0.5505368385678957,-0.2716255900748856,0.8
VisualCogA_Task-2.mat,31,current_pipeline,92,47,45,9.955503416119448,2.1006542189516035,-0.2658634830485607,-0.20756908059355908,0.8
VisualCogA_Task-2.mat,32,raw_mean,92,47,45,9.955503416119448,2.106082528846584,1.5248899421531716,0.6039353831914194,0.8
VisualCogA_Task-2.mat,32,bandpass_mean,92,47,45,9.955503416119448,2.5575095896497517,0.42416349254891256,0.22017389407171692,0.8
VisualCogA_Task-2.mat,32,current_pipeline,92,47,45,9.955503416119448,2.750065120799868,0.8329565078710817,0.4236627809360198,0.8
VisualCogA_Task-2.mat,33,raw_mean,92,45,47,9.955503416119448,19.384659958448058,4.288565811869834,0.2976564727645875,0.8
VisualCogA_Task-2.mat,33,bandpass_mean,92,45,47,9.955503416119448,4.236135615454788,0.13949703203531957,-0.011928506579725008,0.8
VisualCogA_Task-2.mat,33,current_pipeline,92,45,47,9.955503416119448,3.038819867209034,0.16506388742633324,0.03502218769206411,0.8
VisualCogA_Task-2.mat,34,raw_mean,92,46,46,9.955503416119448,2.1522158820381967,0.8008448090141944,0.36223287373799323,0.8
VisualCogA_Task-2.mat,34,bandpass_mean,92,46,46,9.955503416119448,1.519671464427728,0.8122776675396567,0.4954028858213647,0.8
VisualCogA_Task-2.mat,34,current_pipeline,92,46,46,9.955503416119448,1.8372545287968125,1.0790853993953482,0.6784630133355716,0.8
VisualCogA_Task-2.mat,35,raw_mean,92,46,46,9.955503416119448,6.053020962316936,-1.418404061744206,-0.2398530266237788,0.8
VisualCogA_Task-2.mat,35,bandpass_mean,92,46,46,9.955503416119448,2.4994199166792836,-0.05135260632202286,-0.04585873450902884,0.8
VisualCogA_Task-2.mat,35,current_pipeline,92,46,46,9.955503416119448,2.135048316581222,0.6061299662279046,0.271166563603048,0.8
VisualCogA_Task-2.mat,36,raw_mean,92,46,46,9.955503416119448,6.926924612985494,0.473608945226175,0.1813244405583555,0.8
VisualCogA_Task-2.mat,36,bandpass_mean,92,46,46,9.955503416119448,2.629325819293169,0.9071242830960272,0.5313523311199688,0.8
VisualCogA_Task-2.mat,36,current_pipeline,92,46,46,9.955503416119448,1.3151271048797657,1.2562414125722063,0.7228236133257454,0.8
VisualCogA_Task-2.mat,37,raw_mean,92,46,46,9.955503416119448,13.47275166921797,2.276821706134905,0.20710223384514342,0.8
VisualCogA_Task-2.mat,37,bandpass_mean,92,46,46,9.955503416119448,5.066301018281086,-0.9202187900407561,-0.3294247713837222,0.8
VisualCogA_Task-2.mat,37,current_pipeline,92,46,46,9.955503416119448,3.580599153419766,-0.7469379352305703,-0.316389865085973,0.8
VisualCogA_Task-2.mat,38,raw_mean,92,46,46,9.955503416119448,10.091976438671274,-1.638211411807446,-0.2960910393683409,0.8
VisualCogA_Task-2.mat,38,bandpass_mean,92,46,46,9.955503416119448,5.609594953493116,0.11599338233597178,0.17640258321801486,0.8
VisualCogA_Task-2.mat,38,current_pipeline,92,46,46,9.955503416119448,3.48703597029847,0.4127653598891113,0.4928588406623013,0.8
VisualCogA_Task-2.mat,39,raw_mean,92,49,43,9.955503416119448,6.39537806076643,-0.6817048838302847,-0.09754167907095795,0.8
VisualCogA_Task-2.mat,39,bandpass_mean,92,49,43,9.955503416119448,2.548822848100424,-0.4461575925254601,-0.2128428542590754,0.8
VisualCogA_Task-2.mat,39,current_pipeline,92,49,43,9.955503416119448,2.4156132915416335,-0.5948576624517762,-0.31462162142672334,0.8
VisualCogA_Task-2.mat,40,raw_mean,92,48,44,9.955503416119448,16.476899360194675,-2.5480854930305066,-0.19787304141327272,0.8
VisualCogA_Task-2.mat,40,bandpass_mean,92,48,44,9.955503416119448,2.481305232127097,2.4889939236945273,0.7823989992243394,0.8
VisualCogA_Task-2.mat,40,current_pipeline,92,48,44,9.955503416119448,1.7201115922643029,2.3141812928038425,0.9012508800246707,0.8
VisualCogA_Task-2.mat,41,raw_mean,92,46,46,9.955503416119448,8.214576234274723,2.484961079942026,0.5786103197962342,0.8
VisualCogA_Task-2.mat,41,bandpass_mean,92,46,46,9.955503416119448,4.027713528645467,-0.1544854767838538,-0.006228583278935225,0.8
VisualCogA_Task-2.mat,41,current_pipeline,92,46,46,9.955503416119448,3.016684247772201,0.729841674482269,0.2918561620247504,0.8
VisualCogA_Task-2.mat,42,raw_mean,92,44,48,9.955503416119448,4.297894228147986,-0.12822937249573232,0.10828310361829002,0.8
VisualCogA_Task-2.mat,42,bandpass_mean,92,44,48,9.955503416119448,2.341442457477706,-0.021196410627860453,0.050759986102524995,0.8
VisualCogA_Task-2.mat,42,current_pipeline,92,44,48,9.955503416119448,2.851397705602029,0.04208747283933752,0.17560730317577092,0.8
VisualCogA_Task-2.mat,43,raw_mean,92,44,48,9.955503416119448,4.014376934208435,-1.497304297421228,-0.4981040281111396,0.8
VisualCogA_Task-2.mat,43,bandpass_mean,92,44,48,9.955503416119448,6.39372789649432,-1.168545673518349,-0.4201209032008962,0.8
VisualCogA_Task-2.mat,43,current_pipeline,92,44,48,9.955503416119448,4.43860445028019,-0.8630854916191777,-0.3986017443250578,0.8
VisualCogA_Task-2.mat,44,raw_mean,92,45,47,9.955503416119448,7.702275814274259,3.338964997904092,0.6453141703735517,0.8
VisualCogA_Task-2.mat,44,bandpass_mean,92,45,47,9.955503416119448,3.850020687943027,1.5567061211022384,0.4720219189165692,0.8
VisualCogA_Task-2.mat,44,current_pipeline,92,45,47,9.955503416119448,2.504695749229678,1.0824343325609285,0.4726956161860185,0.8
VisualCogA_Task-2.mat,45,raw_mean,92,45,47,9.955503416119448,8.563867427723448,2.612305595162828,0.6305883026571208,0.8
VisualCogA_Task-2.mat,45,bandpass_mean,92,45,47,9.955503416119448,1.9818942976572336,0.5996219066327303,0.2908130382044168,0.8
VisualCogA_Task-2.mat,45,current_pipeline,92,45,47,9.955503416119448,1.7129834570770146,0.9219656675444647,0.47882557107857454,0.8
VisualCogA_Task-2.mat,46,raw_mean,92,45,47,9.955503416119448,13.091865323186266,-2.4842531184667975,-0.29413377781419087,0.8
VisualCogA_Task-2.mat,46,bandpass_mean,92,45,47,9.955503416119448,1.994082179895721,0.5806145640127223,0.3225335233106502,0.8
VisualCogA_Task-2.mat,46,current_pipeline,92,45,47,9.955503416119448,1.994207240044449,0.1338834497808943,0.08615978184074463,0.8
VisualCogA_Task-2.mat,47,raw_mean,92,46,46,9.955503416119448,11.86977450341087,4.003413201911579,0.6155203344178188,0.8
VisualCogA_Task-2.mat,47,bandpass_mean,92,46,46,9.955503416119448,3.966266031426891,2.3627799275080568,0.7296244204528732,0.8
VisualCogA_Task-2.mat,47,current_pipeline,92,46,46,9.955503416119448,3.5169000924981693,2.0344068569572022,0.5961775315198087,0.8
VisualCogA_Task-2.mat,48,raw_mean,92,46,46,9.955503416119448,8.985039409575503,4.35604384423865,0.6665613521797018,0.8
VisualCogA_Task-2.mat,48,bandpass_mean,92,46,46,9.955503416119448,4.083518969362459,1.1970706712547505,0.48508211309202076,0.8
VisualCogA_Task-2.mat,48,current_pipeline,92,46,46,9.955503416119448,2.953506196106436,1.4947540531258947,0.5983997372363505,0.8
VisualCogB_Task-1.mat,1,raw_mean,90,47,43,9.888021006339118,9.383856535314855,3.2234144857052516,0.4143758942687846,0.8
VisualCogB_Task-1.mat,1,bandpass_mean,90,47,43,9.888021006339118,2.905458423606914,0.5673624002329503,0.23310647311272364,0.8
VisualCogB_Task-1.mat,1,current_pipeline,90,47,43,9.888021006339118,2.1292033125720247,0.4415171836502792,0.26276921458059654,0.8
VisualCogB_Task-1.mat,2,raw_mean,90,46,44,9.888021006339118,4.179606794246803,-1.1852753128016489,-0.3409009288253148,0.8
VisualCogB_Task-1.mat,2,bandpass_mean,90,46,44,9.888021006339118,3.090568655077433,-0.2862580102970693,-0.07897846219116238,0.8
VisualCogB_Task-1.mat,2,current_pipeline,90,46,44,9.888021006339118,2.7256846358794897,0.023595750795593604,0.050686097218197376,0.8
VisualCogB_Task-1.mat,3,raw_mean,90,44,46,9.888021006339118,9.425769293688822,1.7084248008892917,0.1675814474984747,0.8
VisualCogB_Task-1.mat,3,bandpass_mean,90,44,46,9.888021006339118,2.61121285567645,1.74677040499656,0.6282436108380989,0.8
VisualCogB_Task-1.mat,3,current_pipeline,90,44,46,9.888021006339118,2.0005088536226054,1.6308632491731945,0.6944405580093806,0.8
VisualCogB_Task-1.mat,4,raw_mean,90,45,45,9.888021006339118,7.827668249909749,0.5581052230898376,0.06909757615479527,0.8
VisualCogB_Task-1.mat,4,bandpass_mean,90,45,45,9.888021006339118,2.2315905061521555,0.611215544496916,0.2933296981903556,0.8
VisualCogB_Task-1.mat,4,current_pipeline,90,45,45,9.888021006339118,1.5874173422939841,0.5878775817089036,0.36594586822004527,0.8
VisualCogB_Task-1.mat,5,raw_mean,90,44,46,9.888021006339118,9.34838719066704,-3.4795182832403024,-0.6327175571059532,0.8
VisualCogB_Task-1.mat,5,bandpass_mean,90,44,46,9.888021006339118,2.7537841354203056,-0.41337259377619795,-0.16825339784667565,0.8
VisualCogB_Task-1.mat,5,current_pipeline,90,44,46,9.888021006339118,2.373056803356695,0.49556194281423754,0.3004459544236031,0.8
VisualCogB_Task-1.mat,6,raw_mean,90,46,44,9.888021006339118,6.011621199990893,-1.1022384213061749,-0.18347966556760323,0.8
VisualCogB_Task-1.mat,6,bandpass_mean,90,46,44,9.888021006339118,2.0012239485845886,-0.30905329857337543,-0.19728359366243653,0.8
VisualCogB_Task-1.mat,6,current_pipeline,90,46,44,9.888021006339118,1.65695517082843,0.37414362691346814,0.2973530484851194,0.8
VisualCogB_Task-1.mat,7,raw_mean,90,46,44,9.888021006339118,14.936254240731365,4.386232267959826,0.3284242042461448,0.8
VisualCogB_Task-1.mat,7,bandpass_mean,90,46,44,9.888021006339118,1.9377554444602634,0.4478504375713322,0.23600909835011066,0.8
VisualCogB_Task-1.mat,7,current_pipeline,90,46,44,9.888021006339118,2.163953894728072,-0.24579779696171358,-0.12333488005969544,0.8
VisualCogB_Task-1.mat,8,raw_mean,90,45,45,9.888021006339118,16.117000172655164,2.922065621202292,0.17543539528771251,0.8
VisualCogB_Task-1.mat,8,bandpass_mean,90,45,45,9.888021006339118,2.6998675927721054,1.7475986176074052,0.572345819279511,0.8
VisualCogB_Task-1.mat,8,current_pipeline,90,45,45,9.888021006339118,2.1993820601141256,1.1560109499709734,0.464269410623913,0.8
VisualCogB_Task-1.mat,9,raw_mean,90,45,45,9.888021006339118,5.105152994910668,1.4829448677248995,0.3056093398838691,0.8
VisualCogB_Task-1.mat,9,bandpass_mean,90,45,45,9.888021006339118,3.685623592525193,1.170332103913282,0.45342662228372427,0.8
VisualCogB_Task-1.mat,9,current_pipeline,90,45,45,9.888021006339118,3.320979357856032,0.6884049712613711,0.2909177047921171,0.8
VisualCogB_Task-1.mat,10,raw_mean,90,46,44,9.888021006339118,6.796451828888502,1.2619898895943031,0.1753752879548177,0.8
VisualCogB_Task-1.mat,10,bandpass_mean,90,46,44,9.888021006339118,1.7787477841477617,0.7064632552448828,0.3704524729787993,0.8
VisualCogB_Task-1.mat,10,current_pipeline,90,46,44,9.888021006339118,1.2254401086960964,0.5829833337348248,0.4491190749346377,0.8
VisualCogB_Task-1.mat,11,raw_mean,90,44,46,9.888021006339118,6.761377426059801,-0.0021218116833159966,0.12254953429072502,0.8
VisualCogB_Task-1.mat,11,bandpass_mean,90,44,46,9.888021006339118,2.2933437302757755,0.6165130411216245,0.47817714414276147,0.8
VisualCogB_Task-1.mat,11,current_pipeline,90,44,46,9.888021006339118,1.8456322879290017,0.416133737059021,0.3776148977908522,0.8
VisualCogB_Task-1.mat,12,raw_mean,90,44,46,9.888021006339118,5.219462668891314,-0.8712089541017618,-0.2752477840931575,0.8
VisualCogB_Task-1.mat,12,bandpass_mean,90,44,46,9.888021006339118,2.4644227283270603,0.4428162697240857,0.32851247490816016,0.8
VisualCogB_Task-1.mat,12,current_pipeline,90,44,46,9.888021006339118,1.6602140195226318,0.943074369433965,0.6317392836642951,0.8
VisualCogB_Task-1.mat,13,raw_mean,90,45,45,9.888021006339118,7.523445845657255,-0.3400919564845712,-0.0029286926368468783,0.8
VisualCogB_Task-1.mat,13,bandpass_mean,90,45,45,9.888021006339118,2.228707772896807,0.9550303217786021,0.4007404030261175,0.8
VisualCogB_Task-1.mat,13,current_pipeline,90,45,45,9.888021006339118,1.8017326910362848,1.2678608870323365,0.5801447436787579,0.8
VisualCogB_Task-1.mat,14,raw_mean,90,46,44,9.888021006339118,3.0488791342809662,1.7196517576975965,0.5025279700159908,0.8
VisualCogB_Task-1.mat,14,bandpass_mean,90,46,44,9.888021006339118,1.5388964155486655,1.4188689526652272,0.7219210997221831,0.8
VisualCogB_Task-1.mat,14,current_pipeline,90,46,44,9.888021006339118,1.4911852894517064,1.7007542180330333,0.7960107577830625,0.8
VisualCogB_Task-1.mat,15,raw_mean,90,44,46,9.888021006339118,18.119591601902336,-3.1479389834873985,-0.1653581542114985,0.8
VisualCogB_Task-1.mat,15,bandpass_mean,90,44,46,9.888021006339118,2.435895191362572,-0.10127784490272568,0.003399967650409318,0.8
VisualCogB_Task-1.mat,15,current_pipeline,90,44,46,9.888021006339118,2.561834011621181,0.11949091224902923,0.13831823649183064,0.8
VisualCogB_Task-1.mat,16,raw_mean,90,46,44,9.888021006339118,13.835265545197,3.4622471702446234,0.23970502691631854,0.8
VisualCogB_Task-1.mat,16,bandpass_mean,90,46,44,9.888021006339118,1.6504793808894407,1.5420186471972093,0.8568404843938553,0.8
VisualCogB_Task-1.mat,16,current_pipeline,90,46,44,9.888021006339118,1.3560084422943983,0.9761646498996913,0.7629467083330316,0.8
VisualCogB_Task-1.mat,17,raw_mean,90,45,45,9.888021006339118,3.7932863116520776,1.280100745690664,0.3220060849072921,0.8
VisualCogB_Task-1.mat,17,bandpass_mean,90,45,45,9.888021006339118,2.9704786126753713,0.7482077911597433,0.44349539761104756,0.8
VisualCogB_Task-1.mat,17,current_pipeline,90,45,45,9.888021006339118,2.432918463067978,0.9368910058919644,0.5536261171959568,0.8
VisualCogB_Task-1.mat,18,raw_mean,90,45,45,9.888021006339118,9.769746145189977,0.8436082125930495,0.07409028681585925,0.8
VisualCogB_Task-1.mat,18,bandpass_mean,90,45,45,9.888021006339118,2.902412005953081,0.799143745858393,0.3590749480162804,0.8
VisualCogB_Task-1.mat,18,current_pipeline,90,45,45,9.888021006339118,2.0887042341639317,0.6365302167578102,0.39397723194513207,0.8
VisualCogB_Task-1.mat,19,raw_mean,90,47,43,9.888021006339118,7.054956738187698,1.6410583997826083,0.23696124293048185,0.8
VisualCogB_Task-1.mat,19,bandpass_mean,90,47,43,9.888021006339118,1.8042105820394292,0.9648913404128481,0.4872758237482151,0.8
VisualCogB_Task-1.mat,19,current_pipeline,90,47,43,9.888021006339118,1.8271071402983718,0.7934859090450302,0.41155434130218416,0.8
VisualCogB_Task-1.mat,20,raw_mean,90,45,45,9.888021006339118,10.728305902196345,0.6884247665012557,0.033900991344123645,0.8
VisualCogB_Task-1.mat,20,bandpass_mean,90,45,45,9.888021006339118,2.2213194801629896,0.5304843902619418,0.22947873074180258,0.8
VisualCogB_Task-1.mat,20,current_pipeline,90,45,45,9.888021006339118,1.9446054922864688,0.6439627078869818,0.3181788039165922,0.8
VisualCogB_Task-1.mat,21,raw_mean,90,45,45,9.888021006339118,3.6227152224177446,2.0246386635557445,0.5068860150474277,0.8
VisualCogB_Task-1.mat,21,bandpass_mean,90,45,45,9.888021006339118,4.06043411626062,2.0278865631003504,0.45565489583655017,0.8
VisualCogB_Task-1.mat,21,current_pipeline,90,45,45,9.888021006339118,3.1254526729337706,1.6327728717257355,0.467333716907885,0.8
VisualCogB_Task-1.mat,22,raw_mean,90,44,46,9.888021006339118,4.390199741738153,0.4098819154303185,0.07692193167899417,0.8
VisualCogB_Task-1.mat,22,bandpass_mean,90,44,46,9.888021006339118,1.4057062765716684,0.6768085867051341,0.44021924907437504,0.8
VisualCogB_Task-1.mat,22,current_pipeline,90,44,46,9.888021006339118,1.2103143315649363,0.9514519704091547,0.67025721971702,0.8
VisualCogB_Task-1.mat,23,raw_mean,90,45,45,9.888021006339118,6.483125183924566,-2.0591082246800676,-0.39917105653809754,0.8
VisualCogB_Task-1.mat,23,bandpass_mean,90,45,45,9.888021006339118,1.461276118309069,0.4962562172986741,0.36680798790881003,0.8
VisualCogB_Task-1.mat,23,current_pipeline,90,45,45,9.888021006339118,1.1760621007584748,1.112384058799508,0.6874360499981828,0.8
VisualCogB_Task-1.mat,24,raw_mean,90,46,44,9.888021006339118,10.340618940888662,1.8714436625321051,0.17151124589568503,0.8
VisualCogB_Task-1.mat,24,bandpass_mean,90,46,44,9.888021006339118,1.8771572636042169,1.1705479036066786,0.5280868200985432,0.8
VisualCogB_Task-1.mat,24,current_pipeline,90,46,44,9.888021006339118,1.0030418327851809,1.2079201759240572,0.7751636958546191,0.8
VisualCogB_Task-1.mat,25,raw_mean,90,44,46,9.888021006339118,12.089980765212568,3.981868651628507,0.32943712908824563,0.8
VisualCogB_Task-1.mat,25,bandpass_mean,90,44,46,9.888021006339118,1.504017055864684,1.3523425910668734,0.6799022448869565,0.8
VisualCogB_Task-1.mat,25,current_pipeline,90,44,46,9.888021006339118,1.6736424463534134,1.3848725807339757,0.6459991684027567,0.8
VisualCogB_Task-1.mat,26,raw_mean,90,46,44,9.888021006339118,6.460070666196814,0.4032395993596556,0.049992835466659766,0.8
VisualCogB_Task-1.mat,26,bandpass_mean,90,46,44,9.888021006339118,2.7820302967241726,1.3189539142113151,0.5037620424111512,0.8
VisualCogB_Task-1.mat,26,current_pipeline,90,46,44,9.888021006339118,2.365536621856081,1.1101546915738618,0.47861878356863213,0.8
VisualCogB_Task-1.mat,27,raw_mean,90,45,45,9.888021006339118,3.9821976712876626,0.25237291589789074,0.12703927424311964,0.8
VisualCogB_Task-1.mat,27,bandpass_mean,90,45,45,9.888021006339118,1.9968030884302326,0.8406681706654652,0.4515423802821828,0.8
VisualCogB_Task-1.mat,27,current_pipeline,90,45,45,9.888021006339118,1.7974110243682302,1.695559309209611,0.7287292276310393,0.8
VisualCogB_Task-1.mat,28,raw_mean,90,44,46,9.888021006339118,12.61810440959065,-3.213656005863916,-0.2978793992792653,0.8
VisualCogB_Task-1.mat,28,bandpass_mean,90,44,46,9.888021006339118,1.9675431966135999,-0.25319212279993225,-0.15779900113691703,0.8
VisualCogB_Task-1.mat,28,current_pipeline,90,44,46,9.888021006339118,2.005260162000038,0.00394967861327058,0.049835315546466495,0.8
VisualCogB_Task-1.mat,29,raw_mean,90,47,43,9.888021006339118,9.947524830924266,2.409499859803181,0.25730327924394386,0.8
VisualCogB_Task-1.mat,29,bandpass_mean,90,47,43,9.888021006339118,2.2443984423183205,0.839251818805595,0.35033410171076756,0.8
VisualCogB_Task-1.mat,29,current_pipeline,90,47,43,9.888021006339118,1.4021468911499781,1.3181432176048529,0.6980058390228715,0.8
VisualCogB_Task-1.mat,30,raw_mean,90,46,44,9.888021006339118,13.105738964604013,2.023375968795098,0.1397908535745463,0.8
VisualCogB_Task-1.mat,30,bandpass_mean,90,46,44,9.888021006339118,2.5973013921920862,1.007583299944359,0.36893459193037115,0.8
VisualCogB_Task-1.mat,30,current_pipeline,90,46,44,9.888021006339118,1.3704298340915777,0.9768387652447862,0.5794716446629607,0.8
VisualCogB_Task-1.mat,31,raw_mean,90,45,45,9.888021006339118,15.376782555996849,3.670098035208657,0.22724331230927938,0.8
VisualCogB_Task-1.mat,31,bandpass_mean,90,45,45,9.888021006339118,2.1880326247773234,1.3752015993966176,0.5620582792909825,0.8
VisualCogB_Task-1.mat,31,current_pipeline,90,45,45,9.888021006339118,1.6855095516531446,1.1749573696588462,0.5715859288212141,0.8
VisualCogB_Task-1.mat,32,raw_mean,90,46,44,9.888021006339118,7.549428257592469,-1.1303759468699945,-0.1423916980554972,0.8
VisualCogB_Task-1.mat,32,bandpass_mean,90,46,44,9.888021006339118,2.0525177989821857,0.11424998355745591,0.10073437921902077,0.8
VisualCogB_Task-1.mat,32,current_pipeline,90,46,44,9.888021006339118,1.3670726687060424,0.49606644242482023,0.3588601550918612,0.8
VisualCogB_Task-1.mat,33,raw_mean,90,46,44,9.888021006339118,6.633933446635083,0.17121447063236067,0.0026470626106937733,0.8
VisualCogB_Task-1.mat,33,bandpass_mean,90,46,44,9.888021006339118,2.9814159094198383,-0.3582104890496542,-0.11816848805270976,0.8
VisualCogB_Task-1.mat,33,current_pipeline,90,46,44,9.888021006339118,1.993050974547766,-0.25016676202073834,-0.1460714521427986,0.8
VisualCogB_Task-1.mat,34,raw_mean,90,44,46,9.888021006339118,7.260521968902662,1.3546336209021073,0.18125837560039898,0.8
VisualCogB_Task-1.mat,34,bandpass_mean,90,44,46,9.888021006339118,3.0032631297319305,1.1376617415503711,0.4298938848191647,0.8
VisualCogB_Task-1.mat,34,current_pipeline,90,44,46,9.888021006339118,1.9656199980745845,1.3724016370211545,0.6356752979114819,0.8
VisualCogB_Task-1.mat,35,raw_mean,90,44,46,9.888021006339118,11.761774020943104,4.111851679309922,0.4228161057996078,0.8
VisualCogB_Task-1.mat,35,bandpass_mean,90,44,46,9.888021006339118,1.8887806043721775,0.9259151394053242,0.451234041472815,0.8
VisualCogB_Task-1.mat,35,current_pipeline,90,44,46,9.888021006339118,1.7644920608053356,0.9784173088865314,0.5346909365957131,0.8
VisualCogB_Task-1.mat,36,raw_mean,90,45,45,9.888021006339118,18.38486231381461,0.15774057402411346,0.004912207424702421,0.8
VisualCogB_Task-1.mat,36,bandpass_mean,90,45,45,9.888021006339118,2.1171867357974765,1.112350532721323,0.5362172304501195,0.8
VisualCogB_Task-1.mat,36,current_pipeline,90,45,45,9.888021006339118,1.9256152489539298,0.6027890180950481,0.34636116339332085,0.8
VisualCogB_Task-1.mat,37,raw_mean,90,45,45,9.888021006339118,5.982836003035275,1.4605375183116167,0.23049710021255485,0.8
VisualCogB_Task-1.mat,37,bandpass_mean,90,45,45,9.888021006339118,2.670069016807086,1.5585642071024854,0.6558267940879825,0.8
VisualCogB_Task-1.mat,37,current_pipeline,90,45,45,9.888021006339118,2.288561738913008,1.3482469893144253,0.650898282973192,0.8
VisualCogB_Task-1.mat,38,raw_mean,90,44,46,9.888021006339118,5.236309301217577,1.01786536774724,0.3265455617216922,0.8
VisualCogB_Task-1.mat,38,bandpass_mean,90,44,46,9.888021006339118,1.652393722566818,1.3378451676456253,0.6361333220088957,0.8
VisualCogB_Task-1.mat,38,current_pipeline,90,44,46,9.888021006339118,1.492600168921886,1.4384568826041537,0.758191391937624,0.8
VisualCogB_Task-1.mat,39,raw_mean,90,45,45,9.888021006339118,14.087135396673919,-1.3999310582446947,-0.07779968789144436,0.8
VisualCogB_Task-1.mat,39,bandpass_mean,90,45,45,9.888021006339118,2.229161480860021,0.9627932490740819,0.4049107859156489,0.8
VisualCogB_Task-1.mat,39,current_pipeline,90,45,45,9.888021006339118,1.4122813488955184,0.6659566086715599,0.5215960900731785,0.8
VisualCogB_Task-1.mat,40,raw_mean,90,45,45,9.888021006339118,7.9246350390862625,3.757032206505746,0.6438152391896761,0.8
VisualCogB_Task-1.mat,40,bandpass_mean,90,45,45,9.888021006339118,3.0941189257555277,0.8382259344033609,0.36384441123850686,0.8
VisualCogB_Task-1.mat,40,current_pipeline,90,45,45,9.888021006339118,2.141697581651414,0.4651359438688709,0.3211631509334547,0.8
VisualCogB_Task-1.mat,41,raw_mean,90,46,44,9.888021006339118,4.100764104834668,2.8518896184241043,0.8349598769663965,0.8
VisualCogB_Task-1.mat,41,bandpass_mean,90,46,44,9.888021006339118,1.7469525314235237,1.9799050683142234,0.8103447550271237,0.8
VisualCogB_Task-1.mat,41,current_pipeline,90,46,44,9.888021006339118,1.6190302508693444,1.933996289818087,0.8303983420174648,0.8
VisualCogB_Task-1.mat,42,raw_mean,90,46,44,9.888021006339118,8.496506932659061,-0.03553564847050099,0.06486590195354684,0.8
VisualCogB_Task-1.mat,42,bandpass_mean,90,46,44,9.888021006339118,2.7127016883316912,0.6090608593857215,0.25402266208968854,0.8
VisualCogB_Task-1.mat,42,current_pipeline,90,46,44,9.888021006339118,1.900318679929098,0.6635899776833006,0.391491388356753,0.8
VisualCogB_Task-1.mat,43,raw_mean,90,45,45,9.888021006339118,5.745131739790071,1.4757002321337183,0.40685848824509213,0.8
VisualCogB_Task-1.mat,43,bandpass_mean,90,45,45,9.888021006339118,2.518014918642856,1.045778151172681,0.42594795968729116,0.8
VisualCogB_Task-1.mat,43,current_pipeline,90,45,45,9.888021006339118,1.797023023717819,1.3780129343499177,0.6246181846756544,0.8
VisualCogB_Task-1.mat,44,raw_mean,90,44,46,9.888021006339118,4.8970234018611185,0.7257427352165289,0.14042754372423172,0.8
VisualCogB_Task-1.mat,44,bandpass_mean,90,44,46,9.888021006339118,2.5001022844920535,0.968536752977146,0.37736594163221326,0.8
VisualCogB_Task-1.mat,44,current_pipeline,90,44,46,9.888021006339118,1.9136978198039294,1.1613598226655084,0.5963846123412659,0.8
VisualCogB_Task-1.mat,45,raw_mean,90,45,45,9.888021006339118,6.847175734280334,-0.36878851361894044,-0.058404504527752935,0.8
VisualCogB_Task-1.mat,45,bandpass_mean,90,45,45,9.888021006339118,2.0712721977223136,0.81419809305651,0.3653696615752525,0.8
VisualCogB_Task-1.mat,45,current_pipeline,90,45,45,9.888021006339118,1.3141094072714041,0.7982237719808919,0.5219617727326905,0.8
VisualCogB_Task-1.mat,46,raw_mean,90,43,47,9.888021006339118,3.7690802185592593,1.1821790435772206,0.40783403589324524,0.8
VisualCogB_Task-1.mat,46,bandpass_mean,90,43,47,9.888021006339118,2.2877606390452057,0.5053432129390442,0.23984190106673953,0.8
VisualCogB_Task-1.mat,46,current_pipeline,90,43,47,9.888021006339118,1.744999432009067,0.57605489214652,0.3218192368923267,0.8
VisualCogB_Task-1.mat,47,raw_mean,90,44,46,9.888021006339118,9.90528884141592,0.12949592769758397,0.024508528740468456,0.8
VisualCogB_Task-1.mat,47,bandpass_mean,90,44,46,9.888021006339118,1.7231385128898729,1.126764233044695,0.5470753699672763,0.8
VisualCogB_Task-1.mat,47,current_pipeline,90,44,46,9.888021006339118,1.2234908522722614,1.177893763543281,0.699124870600772,0.8
VisualCogB_Task-1.mat,48,raw_mean,90,45,45,9.888021006339118,11.4246946227884,1.9856523847416956,0.16797508639305753,0.8
VisualCogB_Task-1.mat,48,bandpass_mean,90,45,45,9.888021006339118,1.9982302416710118,0.3005289500584198,0.1533394012345279,0.8
VisualCogB_Task-1.mat,48,current_pipeline,90,45,45,9.888021006339118,1.6037099803998436,0.260793535079693,0.169260333102483,0.8
VisualCogB_Task-2.mat,1,raw_mean,89,44,45,11.492001195037073,2.6000761320228722,2.855500220776657,0.8761920733886301,0.8
VisualCogB_Task-2.mat,1,bandpass_mean,89,44,45,11.492001195037073,1.6172422745403359,1.589578421553081,0.7445178604360476,0.8
VisualCogB_Task-2.mat,1,current_pipeline,89,44,45,11.492001195037073,1.8696956384962953,1.5558062281141294,0.7249790842908795,0.8
VisualCogB_Task-2.mat,2,raw_mean,89,43,46,11.492001195037073,12.605846583086132,-3.8063479946268575,-0.4928819894274214,0.8
VisualCogB_Task-2.mat,2,bandpass_mean,89,43,46,11.492001195037073,4.574844047045543,-1.4371810325849566,-0.4517333503032802,0.8
VisualCogB_Task-2.mat,2,current_pipeline,89,43,46,11.492001195037073,4.202946876874692,-1.2860124235592874,-0.47532272249399343,0.8
VisualCogB_Task-2.mat,3,raw_mean,89,44,45,11.492001195037073,16.975138891366637,5.120113052739461,0.7346888235746606,0.8
VisualCogB_Task-2.mat,3,bandpass_mean,89,44,45,11.492001195037073,2.0777211451831996,0.692352477226283,0.4217408468304145,0.8
VisualCogB_Task-2.mat,3,current_pipeline,89,44,45,11.492001195037073,2.931156817400629,0.4452014758980436,0.2488973402409484,0.8
VisualCogB_Task-2.mat,4,raw_mean,89,44,45,11.492001195037073,4.438192321081459,1.2307942779549443,0.314094360835148,0.8
VisualCogB_Task-2.mat,4,bandpass_mean,89,44,45,11.492001195037073,3.045126539163269,1.3189982782680028,0.627826267266565,0.8
VisualCogB_Task-2.mat,4,current_pipeline,89,44,45,11.492001195037073,3.0960436990067928,1.137580536410961,0.5242282417862933,0.8
VisualCogB_Task-2.mat,5,raw_mean,89,44,45,11.492001195037073,7.577671979982037,-1.9202343686795278,-0.3959303237488127,0.8
VisualCogB_Task-2.mat,5,bandpass_mean,89,44,45,11.492001195037073,1.1011968190134336,0.6349991690826953,0.5211682432140243,0.8
VisualCogB_Task-2.mat,5,current_pipeline,89,44,45,11.492001195037073,1.2476068399257916,0.3484232153713844,0.3329939628991826,0.8
VisualCogB_Task-2.mat,6,raw_mean,89,46,43,11.492001195037073,8.233473248228174,-1.202903048362281,-0.3217467330535555,0.8
VisualCogB_Task-2.mat,6,bandpass_mean,89,46,43,11.492001195037073,1.9529882538829888,0.22293026012379172,0.12235310873919664,0.8
VisualCogB_Task-2.mat,6,current_pipeline,89,46,43,11.492001195037073,2.0665542028774992,0.13440660660355697,0.060080797265507545,0.8
VisualCogB_Task-2.mat,7,raw_mean,89,44,45,11.492001195037073,9.060523062442561,3.926058172824946,0.6415415728272046,0.8
VisualCogB_Task-2.mat,7,bandpass_mean,89,44,45,11.492001195037073,2.044900010430093,1.4008323249661396,0.8054454766011231,0.8
VisualCogB_Task-2.mat,7,current_pipeline,89,44,45,11.492001195037073,1.4630325238826576,1.1138793992397231,0.722604670673275,0.8
VisualCogB_Task-2.mat,8,raw_mean,89,46,43,11.492001195037073,1.6366498556013096,1.3984369463261546,0.6710562216737938,0.8
VisualCogB_Task-2.mat,8,bandpass_mean,89,46,43,11.492001195037073,1.4941906488650945,0.6170350104041914,0.6169981974748325,0.8
VisualCogB_Task-2.mat,8,current_pipeline,89,46,43,11.492001195037073,1.875530968179549,0.3395372740086936,0.4064021156819444,0.8
VisualCogB_Task-2.mat,9,raw_mean,89,46,43,11.492001195037073,8.95659628807897,0.09638249303696761,0.17858943973570687,0.8
VisualCogB_Task-2.mat,9,bandpass_mean,89,46,43,11.492001195037073,2.818179544812858,1.846957038814983,0.620326153716941,0.8
VisualCogB_Task-2.mat,9,current_pipeline,89,46,43,11.492001195037073,2.4549224174036945,1.8330963272797,0.6871838664904498,0.8
VisualCogB_Task-2.mat,10,raw_mean,89,44,45,11.492001195037073,6.714893986603209,3.4965391927269525,0.6255390678355165,0.8
VisualCogB_Task-2.mat,10,bandpass_mean,89,44,45,11.492001195037073,2.4894766406069544,1.312182194904233,0.6204957566875463,0.8
VisualCogB_Task-2.mat,10,current_pipeline,89,44,45,11.492001195037073,2.7162568457707534,1.161849333760965,0.5907452961629794,0.8
VisualCogB_Task-2.mat,11,raw_mean,89,47,42,11.492001195037073,3.9002757937990933,2.695916222464215,0.7997301050392149,0.8
VisualCogB_Task-2.mat,11,bandpass_mean,89,47,42,11.492001195037073,2.695313074212491,1.527016423398697,0.6732348836885335,0.8
VisualCogB_Task-2.mat,11,current_pipeline,89,47,42,11.492001195037073,2.5641653601497936,1.4391255373709149,0.7034181149167197,0.8
VisualCogB_Task-2.mat,12,raw_mean,89,43,46,11.492001195037073,6.3226208052945765,-0.9611677700119786,-0.15530587360734496,0.8
VisualCogB_Task-2.mat,12,bandpass_mean,89,43,46,11.492001195037073,3.4793380189431513,-1.1927299889655676,-0.5074856692747837,0.8
VisualCogB_Task-2.mat,12,current_pipeline,89,43,46,11.492001195037073,3.6210944570639314,-1.0845156447933344,-0.46172227370707414,0.8
VisualCogB_Task-2.mat,13,raw_mean,89,44,45,11.492001195037073,4.730086470521068,0.5569663070767893,0.14182623354822416,0.8
VisualCogB_Task-2.mat,13,bandpass_mean,89,44,45,11.492001195037073,1.7958396101556426,0.4632327175892129,0.2562129684530175,0.8
VisualCogB_Task-2.mat,13,current_pipeline,89,44,45,11.492001195037073,1.9415593557404147,0.7300215541464703,0.3508130065261357,0.8
VisualCogB_Task-2.mat,14,raw_mean,89,46,43,11.492001195037073,6.024727806458139,0.22931846475438972,0.08292722934403687,0.8
VisualCogB_Task-2.mat,14,bandpass_mean,89,46,43,11.492001195037073,3.234334956237516,0.30453488139748197,0.32862531851877286,0.8
VisualCogB_Task-2.mat,14,current_pipeline,89,46,43,11.492001195037073,3.0153767171562436,0.43386705547786936,0.43426715162222035,0.8
VisualCogB_Task-2.mat,15,raw_mean,89,44,45,11.492001195037073,18.622535249329342,5.979516632686097,0.7052569770078806,0.8
VisualCogB_Task-2.mat,15,bandpass_mean,89,44,45,11.492001195037073,3.0123071062853923,1.7269793436545022,0.6733850492595193,0.8
VisualCogB_Task-2.mat,15,current_pipeline,89,44,45,11.492001195037073,2.7527758639998,1.6960759584632767,0.6684682890741056,0.8
VisualCogB_Task-2.mat,16,raw_mean,89,46,43,11.492001195037073,7.223001239988554,0.7135419656996795,0.2869036149684352,0.8
VisualCogB_Task-2.mat,16,bandpass_mean,89,46,43,11.492001195037073,1.9855765217904398,0.654363480533249,0.49015938893145145,0.8
VisualCogB_Task-2.mat,16,current_pipeline,89,46,43,11.492001195037073,2.4059169435181884,0.11375121350327823,0.12596806984957543,0.8
VisualCogB_Task-2.mat,17,raw_mean,89,45,44,11.492001195037073,2.0396928254092477,1.2284654212315818,0.5234255305478995,0.8
VisualCogB_Task-2.mat,17,bandpass_mean,89,45,44,11.492001195037073,1.3991421696189503,0.7807696986817618,0.5254196711985465,0.8
VisualCogB_Task-2.mat,17,current_pipeline,89,45,44,11.492001195037073,1.701212187759014,0.872391080830394,0.4948685243213885,0.8
VisualCogB_Task-2.mat,18,raw_mean,89,44,45,11.492001195037073,4.755490653830656,3.9330412796017895,0.8297366134635568,0.8
VisualCogB_Task-2.mat,18,bandpass_mean,89,44,45,11.492001195037073,2.892164248046903,3.391349580383108,0.9033808224504707,0.8
VisualCogB_Task-2.mat,18,current_pipeline,89,44,45,11.492001195037073,3.1039998643612923,3.6964949411949526,0.9276739223228485,0.8
VisualCogB_Task-2.mat,19,raw_mean,89,46,43,11.492001195037073,4.814612878986497,2.4505860933183885,0.7960833392008773,0.8
VisualCogB_Task-2.mat,19,bandpass_mean,89,46,43,11.492001195037073,0.7078235084567985,0.8916838951886199,0.7913778318648663,0.8
VisualCogB_Task-2.mat,19,current_pipeline,89,46,43,11.492001195037073,0.8301952444948109,0.8722102967784697,0.7285923896323157,0.8
VisualCogB_Task-2.mat,20,raw_mean,89,44,45,11.492001195037073,13.353534118863159,6.207495882965781,0.7667173402333025,0.8
VisualCogB_Task-2.mat,20,bandpass_mean,89,44,45,11.492001195037073,4.799302885175581,3.479210071226258,0.6782567450655012,0.8
VisualCogB_Task-2.mat,20,current_pipeline,89,44,45,11.492001195037073,5.084242224996657,3.8204082198387765,0.6825070590434501,0.8
VisualCogB_Task-2.mat,21,raw_mean,89,44,45,11.492001195037073,4.268723347320897,-1.0280817024896187,-0.3917703972625114,0.8
VisualCogB_Task-2.mat,21,bandpass_mean,89,44,45,11.492001195037073,2.3093029033233137,-0.36169562113954984,-0.18291406147833528,0.8
VisualCogB_Task-2.mat,21,current_pipeline,89,44,45,11.492001195037073,1.9993032713719037,-0.10962214654187999,-0.04457067506795334,0.8
VisualCogB_Task-2.mat,22,raw_mean,89,43,46,11.492001195037073,3.8260507381689175,1.1665326332073978,0.5715260572137082,0.8
VisualCogB_Task-2.mat,22,bandpass_mean,89,43,46,11.492001195037073,1.338199856909814,1.0719151355941288,0.7800815907820934,0.8
VisualCogB_Task-2.mat,22,current_pipeline,89,43,46,11.492001195037073,1.5406869249505701,1.1779614240851033,0.7278410566140308,0.8
VisualCogB_Task-2.mat,23,raw_mean,89,45,44,11.492001195037073,10.809457413400185,-0.5305786847751077,0.02751635128648722,0.8
VisualCogB_Task-2.mat,23,bandpass_mean,89,45,44,11.492001195037073,2.6562581892025485,1.7870531402927143,0.6479984147877436,0.8
VisualCogB_Task-2.mat,23,current_pipeline,89,45,44,11.492001195037073,2.6391831668354713,1.668579389919711,0.5880025128566175,0.8
VisualCogB_Task-2.mat,24,raw_mean,89,42,47,11.492001195037073,14.844244261563231,4.775463296577655,0.5089453607495892,0.8
VisualCogB_Task-2.mat,24,bandpass_mean,89,42,47,11.492001195037073,3.276320637902949,1.7015202033205112,0.6705677077590224,0.8
VisualCogB_Task-2.mat,24,current_pipeline,89,42,47,11.492001195037073,2.5078099581955153,1.582271180173068,0.6550084387519447,0.8
VisualCogB_Task-2.mat,25,raw_mean,89,42,47,11.492001195037073,7.978719311354822,-0.2985563304719372,0.06983061741765914,0.8
VisualCogB_Task-2.mat,25,bandpass_mean,89,42,47,11.492001195037073,1.981854130956312,0.38400573468309457,0.189758004816166,0.8
VisualCogB_Task-2.mat,25,current_pipeline,89,42,47,11.492001195037073,2.4690742338210625,0.35950491912355614,0.13836900317689943,0.8
VisualCogB_Task-2.mat,26,raw_mean,89,44,45,11.492001195037073,2.1182419578264473,1.6079442051734862,0.6505526343102686,0.8
VisualCogB_Task-2.mat,26,bandpass_mean,89,44,45,11.492001195037073,1.9492770663680252,1.4906869171192372,0.6228986815262506,0.8
VisualCogB_Task-2.mat,26,current_pipeline,89,44,45,11.492001195037073,2.1629557220395097,1.547717633429742,0.5952810041234483,0.8
VisualCogB_Task-2.mat,27,raw_mean,89,45,44,11.492001195037073,9.44222364998446,0.6759641444237229,0.2667897634856341,0.8
VisualCogB_Task-2.mat,27,bandpass_mean,89,45,44,11.492001195037073,2.358219788390589,1.9401054103874305,0.6794452484092641,0.8
VisualCogB_Task-2.mat,27,current_pipeline,89,45,44,11.492001195037073,2.4615498851739845,2.042477289052179,0.6769550191107617,0.8
VisualCogB_Task-2.mat,28,raw_mean,89,43,46,11.492001195037073,16.449169467235073,6.830073605751431,0.6420608872435847,0.8
VisualCogB_Task-2.mat,28,bandpass_mean,89,43,46,11.492001195037073,3.3077189533172016,1.3160312074630938,0.6780761401061198,0.8
VisualCogB_Task-2.mat,28,current_pipeline,89,43,46,11.492001195037073,2.8475791360210474,1.6382409026009956,0.6975774079326652,0.8
VisualCogB_Task-2.mat,29,raw_mean,89,45,44,11.492001195037073,15.97352245260752,4.276877508590132,0.6497549010628026,0.8
VisualCogB_Task-2.mat,29,bandpass_mean,89,45,44,11.492001195037073,1.9385380653220359,-0.0920790507745722,-0.03428684479851311,0.8
VisualCogB_Task-2.mat,29,current_pipeline,89,45,44,11.492001195037073,2.179092851540671,0.021369106257545983,0.02808279069388572,0.8
VisualCogB_Task-2.mat,30,raw_mean,89,45,44,11.492001195037073,13.103908465843698,-0.5007280907329025,0.04984304810197472,0.8
VisualCogB_Task-2.mat,30,bandpass_mean,89,45,44,11.492001195037073,2.7475758423644465,2.1071906472600053,0.8158372187429097,0.8
VisualCogB_Task-2.mat,30,current_pipeline,89,45,44,11.492001195037073,1.9315329729408692,1.8389164597034935,0.8315226459125167,0.8
VisualCogB_Task-2.mat,31,raw_mean,89,46,43,11.492001195037073,2.6872682546408266,1.1950339602399762,0.5229274613482615,0.8
VisualCogB_Task-2.mat,31,bandpass_mean,89,46,43,11.492001195037073,2.8886212605719948,2.0399339243513523,0.6681088405065472,0.8
VisualCogB_Task-2.mat,31,current_pipeline,89,46,43,11.492001195037073,3.3715057315865637,2.258025962378184,0.7184286355064258,0.8
VisualCogB_Task-2.mat,32,raw_mean,89,44,45,11.492001195037073,16.914895935368456,5.61687155880741,0.7521237468341383,0.8
VisualCogB_Task-2.mat,32,bandpass_mean,89,44,45,11.492001195037073,2.2048215665525634,2.1199558685341664,0.8182739282829664,0.8
VisualCogB_Task-2.mat,32,current_pipeline,89,44,45,11.492001195037073,2.6111808421667395,2.090200118384467,0.7773476590522731,0.8
VisualCogB_Task-2.mat,33,raw_mean,89,43,46,11.492001195037073,13.629596977933362,6.865506893700869,0.6490848053460299,0.8
VisualCogB_Task-2.mat,33,bandpass_mean,89,43,46,11.492001195037073,3.9061621340176975,4.028343366767303,0.8810550261509418,0.8
VisualCogB_Task-2.mat,33,current_pipeline,89,43,46,11.492001195037073,4.475925027939996,4.2975265680484895,0.8839978127685865,0.8
VisualCogB_Task-2.mat,34,raw_mean,89,46,43,11.492001195037073,21.605731194552952,-3.268775733937116,-0.48914614926902933,0.8
VisualCogB_Task-2.mat,34,bandpass_mean,89,46,43,11.492001195037073,5.6193173072878615,0.20450107066184686,0.33592769795158733,0.8
VisualCogB_Task-2.mat,34,current_pipeline,89,46,43,11.492001195037073,4.7573850518368985,0.10489109119367945,0.27399107017585267,0.8
VisualCogB_Task-2.mat,35,raw_mean,89,44,45,11.492001195037073,14.919835008934387,4.589469633640671,0.83139014448188,0.8
VisualCogB_Task-2.mat,35,bandpass_mean,89,44,45,11.492001195037073,1.9209512648114262,0.88413247603804,0.41482887751460434,0.8
VisualCogB_Task-2.mat,35,current_pipeline,89,44,45,11.492001195037073,1.7935023549017526,1.212119659949942,0.5603864965259466,0.8
VisualCogB_Task-2.mat,36,raw_mean,89,43,46,11.492001195037073,5.0317339869359365,0.39559293883496427,0.10368899381841076,0.8
VisualCogB_Task-2.mat,36,bandpass_mean,89,43,46,11.492001195037073,1.736413678456637,0.8412747403540153,0.43450200677501655,0.8
VisualCogB_Task-2.mat,36,current_pipeline,89,43,46,11.492001195037073,1.7331955990464005,0.9667187808113102,0.4992820227923646,0.8
VisualCogB_Task-2.mat,37,raw_mean,89,43,46,11.492001195037073,12.337258238590858,-3.193978924849823,-0.5904525640036219,0.8
VisualCogB_Task-2.mat,37,bandpass_mean,89,43,46,11.492001195037073,1.983255408702663,0.2995387606343647,0.203697387462951,0.8
VisualCogB_Task-2.mat,37,current_pipeline,89,43,46,11.492001195037073,1.8797687266014755,0.5095640921282191,0.2983700034260588,0.8
VisualCogB_Task-2.mat,38,raw_mean,89,45,44,11.492001195037073,7.495324390423313,2.7100130986022766,0.5862975976716241,0.8
VisualCogB_Task-2.mat,38,bandpass_mean,89,45,44,11.492001195037073,3.7116356976143545,1.7349100313597585,0.6160467610992663,0.8
VisualCogB_Task-2.mat,38,current_pipeline,89,45,44,11.492001195037073,3.8369021656189206,1.8039946942097564,0.5654117192242972,0.8
VisualCogB_Task-2.mat,39,raw_mean,89,44,45,11.492001195037073,2.9825426094305656,-0.23506287795059588,-0.12071368841286947,0.8
VisualCogB_Task-2.mat,39,bandpass_mean,89,44,45,11.492001195037073,2.9065030935384155,0.04846283317837503,-0.07580778144636015,0.8
VisualCogB_Task-2.mat,39,current_pipeline,89,44,45,11.492001195037073,2.2949675789613555,0.2698520591307238,0.11917691697015954,0.8
VisualCogB_Task-2.mat,40,raw_mean,89,44,45,11.492001195037073,8.144212102719425,5.157293632167605,0.6959506453324695,0.8
VisualCogB_Task-2.mat,40,bandpass_mean,89,44,45,11.492001195037073,3.9407482453105365,2.87210741882472,0.6776870516356545,0.8
VisualCogB_Task-2.mat,40,current_pipeline,89,44,45,11.492001195037073,3.9686348188095604,3.0676755774423112,0.6851193835999638,0.8
VisualCogB_Task-2.mat,41,raw_mean,89,44,45,11.492001195037073,15.973005430968302,-0.3683080604655951,0.1117159832956887,0.8
VisualCogB_Task-2.mat,41,bandpass_mean,89,44,45,11.492001195037073,3.3988891650506785,1.7018308538200964,0.6920457492571547,0.8
VisualCogB_Task-2.mat,41,current_pipeline,89,44,45,11.492001195037073,3.1311399566624933,1.3445767720200972,0.6174318318192255,0.8
VisualCogB_Task-2.mat,42,raw_mean,89,45,44,11.492001195037073,14.038238603832983,-2.306864234699256,-0.20770904466050208,0.8
VisualCogB_Task-2.mat,42,bandpass_mean,89,45,44,11.492001195037073,3.1431850142036377,0.8769935660399404,0.6055668805287264,0.8
VisualCogB_Task-2.mat,42,current_pipeline,89,45,44,11.492001195037073,2.9865728963286684,1.0685578982448363,0.751495837284925,0.8
VisualCogB_Task-2.mat,43,raw_mean,89,44,45,11.492001195037073,4.770016498955071,2.213218067948566,0.5019594328734346,0.8
VisualCogB_Task-2.mat,43,bandpass_mean,89,44,45,11.492001195037073,1.9084022533951663,0.3264792109016424,0.3750914094582669,0.8
VisualCogB_Task-2.mat,43,current_pipeline,89,44,45,11.492001195037073,2.0639970178586404,0.17355655595381297,0.23993855225356675,0.8
VisualCogB_Task-2.mat,44,raw_mean,89,43,46,11.492001195037073,5.5206115832397975,1.1814385288973706,0.5763757353859217,0.8
VisualCogB_Task-2.mat,44,bandpass_mean,89,43,46,11.492001195037073,1.8514758717534767,1.8596209725257602,0.7575233714772136,0.8
VisualCogB_Task-2.mat,44,current_pipeline,89,43,46,11.492001195037073,1.6295891174875166,1.8752679656168103,0.8061498185977758,0.8
VisualCogB_Task-2.mat,45,raw_mean,89,44,45,11.492001195037073,4.758591591520038,1.4744379489993287,0.29099053936854047,0.8
VisualCogB_Task-2.mat,45,bandpass_mean,89,44,45,11.492001195037073,1.7254724066219007,0.18730128160090825,0.2713625403692059,0.8
VisualCogB_Task-2.mat,45,current_pipeline,89,44,45,11.492001195037073,2.110666373809068,0.5096601931089192,0.5724959245014885,0.8
VisualCogB_Task-2.mat,46,raw_mean,89,45,44,11.492001195037073,9.581355221770167,6.892959366865337,0.8425000424525942,0.8
VisualCogB_Task-2.mat,46,bandpass_mean,89,45,44,11.492001195037073,4.452581097412815,3.709373489428205,0.8506690801480554,0.8
VisualCogB_Task-2.mat,46,current_pipeline,89,45,44,11.492001195037073,4.069178215077611,3.6464584557255253,0.8533245404703467,0.8
VisualCogB_Task-2.mat,47,raw_mean,89,46,43,11.492001195037073,6.7119403542303475,-1.3759699087913215,-0.3798381264209414,0.8
VisualCogB_Task-2.mat,47,bandpass_mean,89,46,43,11.492001195037073,3.0120525557348143,0.4833674783522192,0.19243554886675168,0.8
VisualCogB_Task-2.mat,47,current_pipeline,89,46,43,11.492001195037073,3.2535755687438415,0.09863012250624627,-0.03853524549582487,0.8
VisualCogB_Task-2.mat,48,raw_mean,89,44,45,11.492001195037073,9.332681704068245,-2.1315395183978145,-0.2638735491903439,0.8
VisualCogB_Task-2.mat,48,bandpass_mean,89,44,45,11.492001195037073,4.602680264156928,-1.0235583773690513,-0.3162545710369877,0.8
VisualCogB_Task-2.mat,48,current_pipeline,89,44,45,11.492001195037073,3.8631189019821015,-0.8058191578250479,-0.2859538909032998,0.8
VisualCogA_Task-1.mat,1,raw_mean,85,41,44,16.125238371212276,2.8632106641351935,0.3559644519563776,0.23144437340814433,1.6
VisualCogA_Task-1.mat,1,bandpass_mean,85,41,44,16.125238371212276,1.3948445990658473,0.5960360571659701,0.6235050575457945,1.6
VisualCogA_Task-1.mat,1,current_pipeline,85,41,44,16.125238371212276,0.8324386672896141,0.8247828041261316,0.878206838488779,1.6
VisualCogA_Task-1.mat,2,raw_mean,85,43,42,16.125238371212276,4.110251043887044,0.13840502109129457,0.08517330451169795,1.6
VisualCogA_Task-1.mat,2,bandpass_mean,85,43,42,16.125238371212276,0.5723405991339287,0.6856500200163185,0.8299542949356055,1.6
VisualCogA_Task-1.mat,2,current_pipeline,85,43,42,16.125238371212276,0.46590784829168475,0.7381911094915506,0.8912828760633916,1.6
VisualCogA_Task-1.mat,3,raw_mean,85,44,41,16.125238371212276,2.380519316717698,1.5688316251123429,0.5650483329680885,1.6
VisualCogA_Task-1.mat,3,bandpass_mean,85,44,41,16.125238371212276,1.5406977487381595,0.681788089226773,0.6824577358869395,1.6
VisualCogA_Task-1.mat,3,current_pipeline,85,44,41,16.125238371212276,1.4429367910501447,0.5344027592435212,0.603059886463815,1.6
VisualCogA_Task-1.mat,4,raw_mean,85,41,44,16.125238371212276,1.891927250538958,1.3106624191940557,0.7038878982013861,1.6
VisualCogA_Task-1.mat,4,bandpass_mean,85,41,44,16.125238371212276,1.1590686957482663,0.3304672709419252,0.3486793028964352,1.6
VisualCogA_Task-1.mat,4,current_pipeline,85,41,44,16.125238371212276,0.8741433134283064,0.6757846135973056,0.6767530402931403,1.6
VisualCogA_Task-1.mat,5,raw_mean,85,43,42,16.125238371212276,5.571602980626449,2.300134454902965,0.4255560840220992,1.6
VisualCogA_Task-1.mat,5,bandpass_mean,85,43,42,16.125238371212276,2.172303915048072,0.16259894499857488,0.22267367731869575,1.6
VisualCogA_Task-1.mat,5,current_pipeline,85,43,42,16.125238371212276,1.2224441902259826,0.40660488286361374,0.45022861901768485,1.6
VisualCogA_Task-1.mat,6,raw_mean,85,44,41,16.125238371212276,1.66203352623681,1.6774537819339006,0.7430612862306399,1.6
VisualCogA_Task-1.mat,6,bandpass_mean,85,44,41,16.125238371212276,1.8565551842531833,0.9701613349870835,0.6649481893687643,1.6
VisualCogA_Task-1.mat,6,current_pipeline,85,44,41,16.125238371212276,0.7946445042950943,1.133526996458042,0.9074220688329111,1.6
VisualCogA_Task-1.mat,7,raw_mean,85,42,43,16.125238371212276,6.295143666231188,2.1341912587528618,0.40236705180481686,1.6
VisualCogA_Task-1.mat,7,bandpass_mean,85,42,43,16.125238371212276,1.2647541305265286,0.21320807450485554,0.3436715346222143,1.6
VisualCogA_Task-1.mat,7,current_pipeline,85,42,43,16.125238371212276,1.1101089615868969,0.5334162602052205,0.7119179286027596,1.6
VisualCogA_Task-1.mat,8,raw_mean,85,44,41,16.125238371212276,5.045769905530253,-1.338325787035335,-0.31357110593533283,1.6
VisualCogA_Task-1.mat,8,bandpass_mean,85,44,41,16.125238371212276,1.7343565323119279,0.4380797806112561,0.32295553321422105,1.6
VisualCogA_Task-1.mat,8,current_pipeline,85,44,41,16.125238371212276,0.7777748404635144,0.81931064478124,0.8200694149545077,1.6
VisualCogA_Task-1.mat,9,raw_mean,85,42,43,16.125238371212276,4.6313354318804265,0.5875546550516748,0.1128606283441523,1.6
VisualCogA_Task-1.mat,9,bandpass_mean,85,42,43,16.125238371212276,0.900015266250177,1.0915684693954697,0.8311686224064357,1.6
VisualCogA_Task-1.mat,9,current_pipeline,85,42,43,16.125238371212276,0.3599413232185544,1.011996836534807,0.956735233367951,1.6
VisualCogA_Task-1.mat,10,raw_mean,85,45,40,16.125238371212276,1.6703514074191699,0.9840819524394105,0.5116892406012369,1.6
VisualCogA_Task-1.mat,10,bandpass_mean,85,45,40,16.125238371212276,1.0229105059071746,0.9610710640327896,0.7365939971155024,1.6
VisualCogA_Task-1.mat,10,current_pipeline,85,45,40,16.125238371212276,0.8643682777725086,0.845634712144607,0.7830334637063155,1.6
VisualCogA_Task-1.mat,11,raw_mean,85,44,41,16.125238371212276,3.0786311667481674,1.5831930110246415,0.5298558036294347,1.6
VisualCogA_Task-1.mat,11,bandpass_mean,85,44,41,16.125238371212276,0.786405278643101,0.49085028160919714,0.6351919151731532,1.6
VisualCogA_Task-1.mat,11,current_pipeline,85,44,41,16.125238371212276,0.6712982773498707,0.6929543324089703,0.7624990425815331,1.6
VisualCogA_Task-1.mat,12,raw_mean,85,42,43,16.125238371212276,12.092481321651153,-2.3798343575454792,-0.22813905612652424,1.6
VisualCogA_Task-1.mat,12,bandpass_mean,85,42,43,16.125238371212276,0.930327034267418,0.6393129340417637,0.667100956652201,1.6
VisualCogA_Task-1.mat,12,current_pipeline,85,42,43,16.125238371212276,0.6110412679601731,0.7523528039654059,0.8163003274580319,1.6
VisualCogA_Task-1.mat,13,raw_mean,85,43,42,16.125238371212276,3.519814877946099,1.06489931234843,0.3114401140025846,1.6
VisualCogA_Task-1.mat,13,bandpass_mean,85,43,42,16.125238371212276,1.805796963716961,0.5296933794315198,0.36436777496501144,1.6
VisualCogA_Task-1.mat,13,current_pipeline,85,43,42,16.125238371212276,0.9491947559045947,0.8063197182643767,0.7282910975609196,1.6
VisualCogA_Task-1.mat,14,raw_mean,85,43,42,16.125238371212276,2.767361884822261,0.3802595507450024,0.23574383207264837,1.6
VisualCogA_Task-1.mat,14,bandpass_mean,85,43,42,16.125238371212276,1.3813372416518412,1.2743012523548378,0.8028961874506029,1.6
VisualCogA_Task-1.mat,14,current_pipeline,85,43,42,16.125238371212276,1.011633017885248,1.122480230476167,0.8323451869847744,1.6
VisualCogA_Task-1.mat,15,raw_mean,85,43,42,16.125238371212276,2.50156963477691,1.24302628377135,0.5583249914836809,1.6
VisualCogA_Task-1.mat,15,bandpass_mean,85,43,42,16.125238371212276,1.0548862445161853,1.2185805868881643,0.7989783611241206,1.6
VisualCogA_Task-1.mat,15,current_pipeline,85,43,42,16.125238371212276,1.018771137147253,1.4315006795643412,0.8472236716853205,1.6
VisualCogA_Task-1.mat,16,raw_mean,85,41,44,16.125238371212276,6.979251618671562,2.0752939088893245,0.3268786645326857,1.6
VisualCogA_Task-1.mat,16,bandpass_mean,85,41,44,16.125238371212276,2.3165551310406713,-0.010967570486175436,0.08994191840893359,1.6
VisualCogA_Task-1.mat,16,current_pipeline,85,41,44,16.125238371212276,1.617271481317241,0.27192136279245355,0.35365207043881547,1.6
VisualCogA_Task-1.mat,17,raw_mean,85,44,41,16.125238371212276,1.9435728607901377,1.3538092009887452,0.6687387907085887,1.6
VisualCogA_Task-1.mat,17,bandpass_mean,85,44,41,16.125238371212276,0.685188050000835,0.9903868965600314,0.8216839974345808,1.6
VisualCogA_Task-1.mat,17,current_pipeline,85,44,41,16.125238371212276,0.5589736731714265,0.8715283732873694,0.847629038868785,1.6
VisualCogA_Task-1.mat,18,raw_mean,85,44,41,16.125238371212276,1.7551678327221814,0.7832341831559926,0.57766163402988,1.6
VisualCogA_Task-1.mat,18,bandpass_mean,85,44,41,16.125238371212276,0.6758931648986286,1.3302998331295466,0.9345228924064904,1.6
VisualCogA_Task-1.mat,18,current_pipeline,85,44,41,16.125238371212276,0.5576977802641137,1.09694982681279,0.9468724671456316,1.6
VisualCogA_Task-1.mat,19,raw_mean,85,44,41,16.125238371212276,3.2474969780115055,0.5969999579270405,0.2685263685108648,1.6
VisualCogA_Task-1.mat,19,bandpass_mean,85,44,41,16.125238371212276,0.9769295390943022,0.8981284759996714,0.6831116679721487,1.6
VisualCogA_Task-1.mat,19,current_pipeline,85,44,41,16.125238371212276,0.9090295338557418,0.6968974995971091,0.635717734278574,1.6
VisualCogA_Task-1.mat,20,raw_mean,85,41,44,16.125238371212276,2.519968181729714,1.5009064846360838,0.5348376319929183,1.6
VisualCogA_Task-1.mat,20,bandpass_mean,85,41,44,16.125238371212276,1.5037264895053182,0.811861239174563,0.5378728228697122,1.6
VisualCogA_Task-1.mat,20,current_pipeline,85,41,44,16.125238371212276,0.8340860813133274,0.6086541987188627,0.640825949524869,1.6
VisualCogA_Task-1.mat,21,raw_mean,85,44,41,16.125238371212276,2.789402787965531,-0.09802152379167293,-0.013790989819875192,1.6
VisualCogA_Task-1.mat,21,bandpass_mean,85,44,41,16.125238371212276,1.2795813881521156,1.211082032260864,0.8043103663290405,1.6
VisualCogA_Task-1.mat,21,current_pipeline,85,44,41,16.125238371212276,0.8633285903596929,1.2646171322787418,0.8726716253778377,1.6
VisualCogA_Task-1.mat,22,raw_mean,85,41,44,16.125238371212276,1.308603640037402,1.5401276941203288,0.9260862276497136,1.6
VisualCogA_Task-1.mat,22,bandpass_mean,85,41,44,16.125238371212276,0.9509947196864812,0.7353787199064598,0.6765913108296133,1.6
VisualCogA_Task-1.mat,22,current_pipeline,85,41,44,16.125238371212276,0.5953042925897675,0.8567227550582052,0.8283525473977813,1.6
VisualCogA_Task-1.mat,23,raw_mean,85,43,42,16.125238371212276,2.013646047757552,0.9397820966809695,0.44793867632886186,1.6
VisualCogA_Task-1.mat,23,bandpass_mean,85,43,42,16.125238371212276,1.6041812446384638,0.03782549296700473,0.09904824213625125,1.6
VisualCogA_Task-1.mat,23,current_pipeline,85,43,42,16.125238371212276,1.2079783417367458,0.2699827963464028,0.3135996210764251,1.6
VisualCogA_Task-1.mat,24,raw_mean,85,43,42,16.125238371212276,3.3724839811964933,-0.6221270186305544,-0.21757931160078406,1.6
VisualCogA_Task-1.mat,24,bandpass_mean,85,43,42,16.125238371212276,1.2593196172163323,0.8059986207332814,0.6561295882002928,1.6
VisualCogA_Task-1.mat,24,current_pipeline,85,43,42,16.125238371212276,0.7963328389951656,1.074092026667976,0.8317783366234307,1.6
VisualCogA_Task-1.mat,25,raw_mean,85,44,41,16.125238371212276,2.274540362063199,1.7486962233952394,0.7955928423037626,1.6
VisualCogA_Task-1.mat,25,bandpass_mean,85,44,41,16.125238371212276,0.7747039925238363,1.1695381060000192,0.85247500100651,1.6
VisualCogA_Task-1.mat,25,current_pipeline,85,44,41,16.125238371212276,0.7209623759070937,1.004030585755694,0.8549061856242036,1.6
VisualCogA_Task-1.mat,26,raw_mean,85,41,44,16.125238371212276,4.782163984291448,-0.6523988158036358,-0.1364795825336758,1.6
VisualCogA_Task-1.mat,26,bandpass_mean,85,41,44,16.125238371212276,1.7140673780100057,1.0157292964023659,0.6031347373560367,1.6
VisualCogA_Task-1.mat,26,current_pipeline,85,41,44,16.125238371212276,1.111109197906662,1.2764773998868195,0.797247963091675,1.6
VisualCogA_Task-1.mat,27,raw_mean,85,43,42,16.125238371212276,2.4417242324426365,0.08667236301224882,0.06149310909861817,1.6
VisualCogA_Task-1.mat,27,bandpass_mean,85,43,42,16.125238371212276,1.5708305251576906,0.8806761457928778,0.6423312396495418,1.6
VisualCogA_Task-1.mat,27,current_pipeline,85,43,42,16.125238371212276,0.8410290275305413,0.8024109358409733,0.8053235867752807,1.6
VisualCogA_Task-1.mat,28,raw_mean,85,42,43,16.125238371212276,1.5252037896982302,2.0096534565707223,0.9159782406255288,1.6
VisualCogA_Task-1.mat,28,bandpass_mean,85,42,43,16.125238371212276,0.703762273838078,1.4362711576602893,0.938010576127085,1.6
VisualCogA_Task-1.mat,28,current_pipeline,85,42,43,16.125238371212276,0.6351877963766273,1.2909993661024897,0.9274555503541321,1.6
VisualCogA_Task-1.mat,29,raw_mean,85,42,43,16.125238371212276,2.13888061207319,1.332425203432874,0.6665110571085506,1.6
VisualCogA_Task-1.mat,29,bandpass_mean,85,42,43,16.125238371212276,1.3706265299789344,0.5121858341019802,0.4680759217099446,1.6
VisualCogA_Task-1.mat,29,current_pipeline,85,42,43,16.125238371212276,0.8095993458082797,0.7093767094529292,0.6992981745767002,1.6
VisualCogA_Task-1.mat,30,raw_mean,85,43,42,16.125238371212276,3.90080781309303,1.8049289484380804,0.5400855375953661,1.6
VisualCogA_Task-1.mat,30,bandpass_mean,85,43,42,16.125238371212276,0.9646256068424157,1.083140945167705,0.790886795620776,1.6
VisualCogA_Task-1.mat,30,current_pipeline,85,43,42,16.125238371212276,0.7463697851578939,1.043903739607913,0.8137907961001435,1.6
VisualCogA_Task-1.mat,31,raw_mean,85,43,42,16.125238371212276,5.091719357425002,2.151582343745814,0.4824483858670295,1.6
VisualCogA_Task-1.mat,31,bandpass_mean,85,43,42,16.125238371212276,0.6092503583538996,0.776660107988745,0.8764046344157271,1.6
VisualCogA_Task-1.mat,31,current_pipeline,85,43,42,16.125238371212276,0.4817864002557752,0.6693187662574631,0.885817362708548,1.6
VisualCogA_Task-1.mat,32,raw_mean,85,41,44,16.125238371212276,1.6500007976287203,1.0987394057988291,0.5880211039628738,1.6
VisualCogA_Task-1.mat,32,bandpass_mean,85,41,44,16.125238371212276,1.8165678949822974,1.8147437090341765,0.8150131405487587,1.6
VisualCogA_Task-1.mat,32,current_pipeline,85,41,44,16.125238371212276,1.5383447358537454,1.735020960924222,0.81958023852052,1.6
VisualCogA_Task-1.mat,33,raw_mean,85,43,42,16.125238371212276,2.26027384464624,0.3868965588735594,0.3595029641963206,1.6
VisualCogA_Task-1.mat,33,bandpass_mean,85,43,42,16.125238371212276,0.7962175796709358,0.7232623899878511,0.8286834590953511,1.6
VisualCogA_Task-1.mat,33,current_pipeline,85,43,42,16.125238371212276,0.6350689319098577,0.7340298955034816,0.903289943036449,1.6
VisualCogA_Task-1.mat,34,raw_mean,85,42,43,16.125238371212276,7.178843600529872,-0.13977721244117397,0.041287960634248534,1.6
VisualCogA_Task-1.mat,34,bandpass_mean,85,42,43,16.125238371212276,1.780656858150446,0.8591239903521841,0.5911692522974097,1.6
VisualCogA_Task-1.mat,34,current_pipeline,85,42,43,16.125238371212276,0.8890762949434718,0.6672446444047758,0.7447953554180369,1.6
VisualCogA_Task-1.mat,35,raw_mean,85,42,43,16.125238371212276,2.472969640515671,0.6701943584015759,0.3194922309928905,1.6
VisualCogA_Task-1.mat,35,bandpass_mean,85,42,43,16.125238371212276,1.922718128367691,0.18113323018304323,0.21428403116819747,1.6
VisualCogA_Task-1.mat,35,current_pipeline,85,42,43,16.125238371212276,1.08379153327217,0.48331825148158314,0.5394638019968084,1.6
VisualCogA_Task-1.mat,36,raw_mean,85,41,44,16.125238371212276,1.738889093333874,1.2322241701140717,0.6027627159603198,1.6
VisualCogA_Task-1.mat,36,bandpass_mean,85,41,44,16.125238371212276,0.6581032659260028,1.267576387200182,0.9065190827844554,1.6
VisualCogA_Task-1.mat,36,current_pipeline,85,41,44,16.125238371212276,0.562624278847817,0.9721645336355198,0.9111757051282754,1.6
VisualCogA_Task-1.mat,37,raw_mean,85,44,41,16.125238371212276,1.6755538989708412,0.45242195651699746,0.2894668932530944,1.6
VisualCogA_Task-1.mat,37,bandpass_mean,85,44,41,16.125238371212276,0.747599409975138,0.9998201841602877,0.8215723247976561,1.6
VisualCogA_Task-1.mat,37,current_pipeline,85,44,41,16.125238371212276,0.4995886970050434,1.1545076955150433,0.9365936798206287,1.6
VisualCogA_Task-1.mat,38,raw_mean,85,44,41,16.125238371212276,2.9920833570080076,1.9843121310376284,0.6075120749202241,1.6
VisualCogA_Task-1.mat,38,bandpass_mean,85,44,41,16.125238371212276,1.1153227356426243,1.467961679541726,0.8229614179131328,1.6
VisualCogA_Task-1.mat,38,current_pipeline,85,44,41,16.125238371212276,0.6855626615705921,1.1321767636199904,0.8613475924839726,1.6
VisualCogA_Task-1.mat,39,raw_mean,85,43,42,16.125238371212276,2.490706537917963,1.1934364733461393,0.4862265863762197,1.6
VisualCogA_Task-1.mat,39,bandpass_mean,85,43,42,16.125238371212276,1.5769896923304803,0.4269901849632876,0.4560240642696408,1.6
VisualCogA_Task-1.mat,39,current_pipeline,85,43,42,16.125238371212276,0.7970219218945118,0.5824664728587023,0.70035062431021,1.6
VisualCogA_Task-1.mat,40,raw_mean,85,43,42,16.125238371212276,1.6498496863330894,1.7304424597733787,0.7590295488121092,1.6
VisualCogA_Task-1.mat,40,bandpass_mean,85,43,42,16.125238371212276,1.3466785672694823,0.979871057233627,0.669036822583667,1.6
VisualCogA_Task-1.mat,40,current_pipeline,85,43,42,16.125238371212276,0.7217338172774623,1.1411057961693254,0.8514976287677498,1.6
VisualCogA_Task-1.mat,41,raw_mean,85,42,43,16.125238371212276,4.724564163056828,1.5591538851314677,0.3489947416857355,1.6
VisualCogA_Task-1.mat,41,bandpass_mean,85,42,43,16.125238371212276,0.9742135962882885,1.155663178718529,0.7713649370341628,1.6
VisualCogA_Task-1.mat,41,current_pipeline,85,42,43,16.125238371212276,0.8585621674552786,0.9586854334224996,0.8520034031307444,1.6
VisualCogA_Task-1.mat,42,raw_mean,85,42,43,16.125238371212276,3.568974941623258,1.8255688200311047,0.526689398413655,1.6
VisualCogA_Task-1.mat,42,bandpass_mean,85,42,43,16.125238371212276,0.8102441882699027,0.9182987793881069,0.7526317869941589,1.6
VisualCogA_Task-1.mat,42,current_pipeline,85,42,43,16.125238371212276,0.7506669114607254,0.9875474519198119,0.8099875424477107,1.6
VisualCogA_Task-1.mat,43,raw_mean,85,43,42,16.125238371212276,6.681783377253863,2.332281039992257,0.42495256743198934,1.6
VisualCogA_Task-1.mat,43,bandpass_mean,85,43,42,16.125238371212276,0.6232464126996752,0.9078627777276179,0.8333133718535376,1.6
VisualCogA_Task-1.mat,43,current_pipeline,85,43,42,16.125238371212276,0.7104494314004803,0.6620295137657448,0.8335437883988506,1.6
VisualCogA_Task-1.mat,44,raw_mean,85,44,41,16.125238371212276,4.632750863695008,2.4525312186693093,0.5983054145476983,1.6
VisualCogA_Task-1.mat,44,bandpass_mean,85,44,41,16.125238371212276,1.5659097705075788,0.7649099606182422,0.6024271652914296,1.6
VisualCogA_Task-1.mat,44,current_pipeline,85,44,41,16.125238371212276,0.650132776045234,1.0194739710750682,0.889904992676655,1.6
VisualCogA_Task-1.mat,45,raw_mean,85,43,42,16.125238371212276,2.520400920974736,0.7530675960612123,0.3173730122375563,1.6
VisualCogA_Task-1.mat,45,bandpass_mean,85,43,42,16.125238371212276,0.5084580035537279,0.9819252528038662,0.8890876775961779,1.6
VisualCogA_Task-1.mat,45,current_pipeline,85,43,42,16.125238371212276,0.5919672237848603,0.8645634012698508,0.8460361501558851,1.6
VisualCogA_Task-1.mat,46,raw_mean,85,44,41,16.125238371212276,1.5367226366885143,0.9176633577179205,0.6915521702336286,1.6
VisualCogA_Task-1.mat,46,bandpass_mean,85,44,41,16.125238371212276,0.7450723619160678,0.7901995971080558,0.7898914685263424,1.6
VisualCogA_Task-1.mat,46,current_pipeline,85,44,41,16.125238371212276,0.6120806062818671,0.7358077273554218,0.7990823207834442,1.6
VisualCogA_Task-1.mat,47,raw_mean,85,44,41,16.125238371212276,3.388867215156464,0.1346980743581951,0.09197674528678919,1.6
VisualCogA_Task-1.mat,47,bandpass_mean,85,44,41,16.125238371212276,1.1087776215936362,0.3851105335658612,0.3905321385955114,1.6
VisualCogA_Task-1.mat,47,current_pipeline,85,44,41,16.125238371212276,0.6870359661133923,0.6699326573451695,0.7422762052895419,1.6
VisualCogA_Task-1.mat,48,raw_mean,85,41,44,16.125238371212276,3.5834780337661596,0.05961495687409209,0.039631086751761226,1.6
VisualCogA_Task-1.mat,48,bandpass_mean,85,41,44,16.125238371212276,0.8056210178621355,0.9567585067862941,0.768379401190226,1.6
VisualCogA_Task-1.mat,48,current_pipeline,85,41,44,16.125238371212276,0.778458568678885,1.1252727331880592,0.8306542397509483,1.6
VisualCogA_Task-2.mat,1,raw_mean,92,45,47,19.911006832238897,6.2150016813150275,-0.4820212243321291,-0.047737283941247016,1.6
VisualCogA_Task-2.mat,1,bandpass_mean,92,45,47,19.911006832238897,1.6732166223764415,1.6470799413531716,0.7436462470170777,1.6
VisualCogA_Task-2.mat,1,current_pipeline,92,45,47,19.911006832238897,1.5672069385494307,1.5714907543980283,0.7347480545884981,1.6
VisualCogA_Task-2.mat,2,raw_mean,92,45,47,19.911006832238897,3.4876855440001973,1.6659809128510243,0.5446025748299093,1.6
VisualCogA_Task-2.mat,2,bandpass_mean,92,45,47,19.911006832238897,2.4814025468111347,0.6938502952427474,0.6482474818844405,1.6
VisualCogA_Task-2.mat,2,current_pipeline,92,45,47,19.911006832238897,2.0109195386554624,0.6251926008238821,0.6642836919247641,1.6
VisualCogA_Task-2.mat,3,raw_mean,92,45,47,19.911006832238897,1.2688232359876859,1.4595648612873853,0.8459723947316402,1.6
VisualCogA_Task-2.mat,3,bandpass_mean,92,45,47,19.911006832238897,1.2965104457057934,1.6507020762024194,0.8748232308969023,1.6
VisualCogA_Task-2.mat,3,current_pipeline,92,45,47,19.911006832238897,1.707124174595229,1.7258733426697352,0.8629756207198845,1.6
VisualCogA_Task-2.mat,4,raw_mean,92,45,47,19.911006832238897,2.2316591348433152,1.988949194823137,0.7385296130810107,1.6
VisualCogA_Task-2.mat,4,bandpass_mean,92,45,47,19.911006832238897,3.0929970173782952,1.9248551364472308,0.7169480269698111,1.6
VisualCogA_Task-2.mat,4,current_pipeline,92,45,47,19.911006832238897,2.2684090001461383,2.04068887854244,0.8386756042416705,1.6
VisualCogA_Task-2.mat,5,raw_mean,92,46,46,19.911006832238897,1.0164755737079307,0.8161349010488718,0.6513575631656812,1.6
VisualCogA_Task-2.mat,5,bandpass_mean,92,46,46,19.911006832238897,0.8693805553054947,1.254250939262901,0.8342391390456799,1.6
VisualCogA_Task-2.mat,5,current_pipeline,92,46,46,19.911006832238897,0.9865473377258306,1.136514389737221,0.7994826004634167,1.6
VisualCogA_Task-2.mat,6,raw_mean,92,46,46,19.911006832238897,6.489378147410384,0.8941104131031561,0.5160383735106343,1.6
VisualCogA_Task-2.mat,6,bandpass_mean,92,46,46,19.911006832238897,2.905328641110484,1.782930922181111,0.8105319562205262,1.6
VisualCogA_Task-2.mat,6,current_pipeline,92,46,46,19.911006832238897,2.050820905787941,1.593197987863728,0.8170924357731519,1.6
VisualCogA_Task-2.mat,7,raw_mean,92,47,45,19.911006832238897,4.547550626904947,1.2471357405817718,0.4281700118501098,1.6
VisualCogA_Task-2.mat,7,bandpass_mean,92,47,45,19.911006832238897,2.168998111067647,1.9538077973684247,0.7616025511380745,1.6
VisualCogA_Task-2.mat,7,current_pipeline,92,47,45,19.911006832238897,1.857663278011277,1.9738770449742267,0.7851177286399803,1.6
VisualCogA_Task-2.mat,8,raw_mean,92,46,46,19.911006832238897,2.612000514600002,0.7749502646470791,0.32406547618802356,1.6
VisualCogA_Task-2.mat,8,bandpass_mean,92,46,46,19.911006832238897,1.5714726476495975,0.8058941096813347,0.4905188543146673,1.6
VisualCogA_Task-2.mat,8,current_pipeline,92,46,46,19.911006832238897,1.2010272452581248,1.0704506692513511,0.6651382048752311,1.6
VisualCogA_Task-2.mat,9,raw_mean,92,47,45,19.911006832238897,3.0091879927299985,0.07246133003625205,0.11726345991900501,1.6
VisualCogA_Task-2.mat,9,bandpass_mean,92,47,45,19.911006832238897,1.1494693587005835,1.4922648102673646,0.8596207126467841,1.6
VisualCogA_Task-2.mat,9,current_pipeline,92,47,45,19.911006832238897,0.7496511794552538,1.2782136111156992,0.8777497311973357,1.6
VisualCogA_Task-2.mat,10,raw_mean,92,49,43,19.911006832238897,1.389954518826301,0.5573805635141446,0.4585273028837504,1.6
VisualCogA_Task-2.mat,10,bandpass_mean,92,49,43,19.911006832238897,1.773307841882489,0.30714914819454436,0.48006343757572006,1.6
VisualCogA_Task-2.mat,10,current_pipeline,92,49,43,19.911006832238897,1.2115744603314456,0.29395426231675736,0.5417796214889736,1.6
VisualCogA_Task-2.mat,11,raw_mean,92,46,46,19.911006832238897,3.842007288565554,1.9518364333333031,0.8138233275243344,1.6
VisualCogA_Task-2.mat,11,bandpass_mean,92,46,46,19.911006832238897,1.8248871763809127,1.6138110454800154,0.9066722878179563,1.6
VisualCogA_Task-2.mat,11,current_pipeline,92,46,46,19.911006832238897,1.7753971588312585,1.7984562026640705,0.9344641818895497,1.6
VisualCogA_Task-2.mat,12,raw_mean,92,47,45,19.911006832238897,4.873558574102422,-0.4410473996065354,-0.08812018664796346,1.6
VisualCogA_Task-2.mat,12,bandpass_mean,92,47,45,19.911006832238897,1.221474350227374,0.681103241713394,0.7267338563074743,1.6
VisualCogA_Task-2.mat,12,current_pipeline,92,47,45,19.911006832238897,1.0156341747834923,0.5714117689101709,0.7221296921700873,1.6
VisualCogA_Task-2.mat,13,raw_mean,92,46,46,19.911006832238897,7.632376333453736,3.1748553638312353,0.5671773784133903,1.6
VisualCogA_Task-2.mat,13,bandpass_mean,92,46,46,19.911006832238897,1.6891093448063543,1.5801804817122693,0.7212863140786409,1.6
VisualCogA_Task-2.mat,13,current_pipeline,92,46,46,19.911006832238897,1.520877664992155,1.4972652701963618,0.7234249577924198,1.6
VisualCogA_Task-2.mat,14,raw_mean,92,44,48,19.911006832238897,2.7468750641304176,2.062604031640138,0.7687992104931181,1.6
VisualCogA_Task-2.mat,14,bandpass_mean,92,44,48,19.911006832238897,1.5088546556080913,1.8309196314652254,0.823365173836118,1.6
VisualCogA_Task-2.mat,14,current_pipeline,92,44,48,19.911006832238897,1.4964945529040705,1.6409204167256266,0.7775020527875934,1.6
VisualCogA_Task-2.mat,15,raw_mean,92,45,47,19.911006832238897,1.6801930907126035,1.7316275566650219,0.7584837480153294,1.6
VisualCogA_Task-2.mat,15,bandpass_mean,92,45,47,19.911006832238897,1.027098760883114,1.5846038371095263,0.9196541652341816,1.6
VisualCogA_Task-2.mat,15,current_pipeline,92,45,47,19.911006832238897,1.0982529746153595,1.4799768097012163,0.8940206604331437,1.6
VisualCogA_Task-2.mat,16,raw_mean,92,45,47,19.911006832238897,2.927786548378088,0.3921030858710393,0.2050025318520929,1.6
VisualCogA_Task-2.mat,16,bandpass_mean,92,45,47,19.911006832238897,0.7908295049277335,0.4994909678126076,0.6302114264551889,1.6
VisualCogA_Task-2.mat,16,current_pipeline,92,45,47,19.911006832238897,0.830309799372522,0.5593944797666035,0.6203398293352499,1.6
VisualCogA_Task-2.mat,17,raw_mean,92,46,46,19.911006832238897,4.372411652541552,2.373391846921228,0.7537195725690331,1.6
VisualCogA_Task-2.mat,17,bandpass_mean,92,46,46,19.911006832238897,0.962321056922009,1.0620539660822224,0.7569156242837413,1.6
VisualCogA_Task-2.mat,17,current_pipeline,92,46,46,19.911006832238897,0.9547546301800027,0.9145508361603221,0.7162004421588316,1.6
VisualCogA_Task-2.mat,18,raw_mean,92,45,47,19.911006832238897,6.550357941473705,3.5566436442075355,0.6362488182518135,1.6
VisualCogA_Task-2.mat,18,bandpass_mean,92,45,47,19.911006832238897,1.3744581847688788,1.4715985828532017,0.8791235675780086,1.6
VisualCogA_Task-2.mat,18,current_pipeline,92,45,47,19.911006832238897,1.251334663589374,1.510643944926495,0.8647477637467109,1.6
VisualCogA_Task-2.mat,19,raw_mean,92,45,47,19.911006832238897,2.7805839070503597,2.3280328557245222,0.8478553407575318,1.6
VisualCogA_Task-2.mat,19,bandpass_mean,92,45,47,19.911006832238897,1.9367290418481524,1.6087046850319948,0.7981344278670578,1.6
VisualCogA_Task-2.mat,19,current_pipeline,92,45,47,19.911006832238897,1.598059711998341,1.449462032496382,0.8239907578128758,1.6
VisualCogA_Task-2.mat,20,raw_mean,92,47,45,19.911006832238897,2.3789868490526036,-0.8130191551081503,-0.46410632181784145,1.6
VisualCogA_Task-2.mat,20,bandpass_mean,92,47,45,19.911006832238897,1.9653014910328732,-0.5688040466501577,-0.4292904465248932,1.6
VisualCogA_Task-2.mat,20,current_pipeline,92,47,45,19.911006832238897,1.9615952951509672,-0.4936496585370109,-0.3572349634519687,1.6
VisualCogA_Task-2.mat,21,raw_mean,92,49,43,19.911006832238897,4.244006124170104,3.2957635481898016,0.8618122541637254,1.6
VisualCogA_Task-2.mat,21,bandpass_mean,92,49,43,19.911006832238897,2.5099797121590197,2.3331790537848454,0.814758118949346,1.6
VisualCogA_Task-2.mat,21,current_pipeline,92,49,43,19.911006832238897,2.5792683704969184,2.386064774966193,0.8280588624859233,1.6
VisualCogA_Task-2.mat,22,raw_mean,92,46,46,19.911006832238897,6.136548424767579,-1.5418958223686516,-0.38806440473192677,1.6
VisualCogA_Task-2.mat,22,bandpass_mean,92,46,46,19.911006832238897,1.9828622559135185,0.2547960689204552,0.1235933564559414,1.6
VisualCogA_Task-2.mat,22,current_pipeline,92,46,46,19.911006832238897,1.941934103317293,0.4754254942197162,0.2413075916754548,1.6
VisualCogA_Task-2.mat,23,raw_mean,92,47,45,19.911006832238897,1.4159729971958284,1.2266987971536252,0.7184334741780375,1.6
VisualCogA_Task-2.mat,23,bandpass_mean,92,47,45,19.911006832238897,1.1746903658795345,1.130484274273096,0.8517495226430573,1.6
VisualCogA_Task-2.mat,23,current_pipeline,92,47,45,19.911006832238897,0.6192861811098445,0.9237287060084619,0.8732052885088858,1.6
VisualCogA_Task-2.mat,24,raw_mean,92,44,48,19.911006832238897,9.558728511366969,3.938645459738712,0.7438917907415287,1.6
VisualCogA_Task-2.mat,24,bandpass_mean,92,44,48,19.911006832238897,1.0057641723086503,1.4524386071885305,0.8498343729715262,1.6
VisualCogA_Task-2.mat,24,current_pipeline,92,44,48,19.911006832238897,1.4027494437655446,1.9909836128024663,0.8954053123154186,1.6
VisualCogA_Task-2.mat,25,raw_mean,92,48,44,19.911006832238897,1.406070767433919,0.3586403642549449,0.26899997949215027,1.6
VisualCogA_Task-2.mat,25,bandpass_mean,92,48,44,19.911006832238897,2.153291404185075,0.5354169811146404,0.3321616671665705,1.6
VisualCogA_Task-2.mat,25,current_pipeline,92,48,44,19.911006832238897,1.4278261915753,0.6252170668019148,0.5143520609202539,1.6
VisualCogA_Task-2.mat,26,raw_mean,92,47,45,19.911006832238897,4.605728816672518,0.9030775194742146,0.7143264960092226,1.6
VisualCogA_Task-2.mat,26,bandpass_mean,92,47,45,19.911006832238897,1.773004739705271,2.137957754499074,0.8439265570241143,1.6
VisualCogA_Task-2.mat,26,current_pipeline,92,47,45,19.911006832238897,1.116520855765605,1.7271761362032862,0.9069436060583327,1.6
VisualCogA_Task-2.mat,27,raw_mean,92,47,45,19.911006832238897,2.4397391519043343,1.0420598973768447,0.6676094230532932,1.6
VisualCogA_Task-2.mat,27,bandpass_mean,92,47,45,19.911006832238897,0.8380543992550831,1.1035466564601337,0.9056713081454832,1.6
VisualCogA_Task-2.mat,27,current_pipeline,92,47,45,19.911006832238897,0.8537047163807228,1.3863277513306578,0.8929821285253864,1.6
VisualCogA_Task-2.mat,28,raw_mean,92,50,42,19.911006832238897,3.380124093289515,-1.2949639574579404,-0.5593418541748897,1.6
VisualCogA_Task-2.mat,28,bandpass_mean,92,50,42,19.911006832238897,1.3981615259993283,0.19222333992213209,0.16328692900758507,1.6
VisualCogA_Task-2.mat,28,current_pipeline,92,50,42,19.911006832238897,1.4921002211328538,-0.007535510907044823,-0.01407393154443492,1.6
VisualCogA_Task-2.mat,29,raw_mean,92,46,46,19.911006832238897,2.267517940824673,0.5865917539006981,0.2798317036666474,1.6
VisualCogA_Task-2.mat,29,bandpass_mean,92,46,46,19.911006832238897,1.7867443635608702,0.8512771771622768,0.49262205693340266,1.6
VisualCogA_Task-2.mat,29,current_pipeline,92,46,46,19.911006832238897,1.3053095212991939,0.7883054853584072,0.5575684375209252,1.6
VisualCogA_Task-2.mat,30,raw_mean,92,45,47,19.911006832238897,3.318203017012396,1.2758349010942076,0.5029099480013508,1.6
VisualCogA_Task-2.mat,30,bandpass_mean,92,45,47,19.911006832238897,2.184691437419293,0.8380467426063617,0.5610366059448568,1.6
VisualCogA_Task-2.mat,30,current_pipeline,92,45,47,19.911006832238897,1.3295830207691437,1.2667491398898623,0.7376326726327056,1.6
VisualCogA_Task-2.mat,31,raw_mean,92,47,45,19.911006832238897,1.6577983621321426,0.1486823903804196,0.09414194396130583,1.6
VisualCogA_Task-2.mat,31,bandpass_mean,92,47,45,19.911006832238897,1.4542109059374315,0.1762553154525305,0.13125428750566534,1.6
VisualCogA_Task-2.mat,31,current_pipeline,92,47,45,19.911006832238897,1.0626720331088695,0.3182520608610913,0.36680463295854,1.6
VisualCogA_Task-2.mat,32,raw_mean,92,47,45,19.911006832238897,1.0530412644232923,1.262444971076586,0.7808703187420037,1.6
VisualCogA_Task-2.mat,32,bandpass_mean,92,47,45,19.911006832238897,1.3495731754086242,0.6636054810109344,0.5311851034549537,1.6
VisualCogA_Task-2.mat,32,current_pipeline,92,47,45,19.911006832238897,1.450492990177667,0.8676620563209124,0.6691776939296036,1.6
VisualCogA_Task-2.mat,33,raw_mean,92,45,47,19.911006832238897,9.692329979224029,2.644282905934917,0.37715730395716635,1.6
VisualCogA_Task-2.mat,33,bandpass_mean,92,45,47,19.911006832238897,2.080315960818012,0.5212722507541381,0.270763195303474,1.6
VisualCogA_Task-2.mat,33,current_pipeline,92,45,47,19.911006832238897,1.509691277584049,0.5337157460985382,0.34708304778456733,1.6
VisualCogA_Task-2.mat,34,raw_mean,92,46,46,19.911006832238897,1.0761079410190975,0.9004224045070972,0.6523359089829192,1.6
VisualCogA_Task-2.mat,34,bandpass_mean,92,46,46,19.911006832238897,0.8036009366392557,0.857662568506307,0.7612750031538397,1.6
VisualCogA_Task-2.mat,34,current_pipeline,92,46,46,19.911006832238897,0.9889296010165602,0.9907265020830458,0.850787353959689,1.6
VisualCogA_Task-2.mat,35,raw_mean,92,46,46,19.911006832238897,3.026510481158468,-0.20920203087210287,-0.06006060761445234,1.6
VisualCogA_Task-2.mat,35,bandpass_mean,92,46,46,19.911006832238897,1.255250500587125,0.4258474315754671,0.3526900630632895,1.6
VisualCogA_Task-2.mat,35,current_pipeline,92,46,46,19.911006832238897,1.076234357439495,0.7542487854993241,0.5819391317073289,1.6
VisualCogA_Task-2.mat,36,raw_mean,92,46,46,19.911006832238897,3.463462306492747,0.7368044726130873,0.3801352338322145,1.6
VisualCogA_Task-2.mat,36,bandpass_mean,92,46,46,19.911006832238897,1.3769559224300032,0.905085876284492,0.7677365750101001,1.6
VisualCogA_Task-2.mat,36,current_pipeline,92,46,46,19.911006832238897,0.6831981982417272,1.0793045086714743,0.8724699146984003,1.6
VisualCogA_Task-2.mat,37,raw_mean,92,46,46,19.911006832238897,6.736375834608985,1.6384108530674526,0.3281546653929779,1.6
VisualCogA_Task-2.mat,37,bandpass_mean,92,46,46,19.911006832238897,2.5015566444953548,-0.008585660283899496,-0.06774358963493528,1.6
VisualCogA_Task-2.mat,37,current_pipeline,92,46,46,19.911006832238897,1.7793716038644516,0.07771483477008657,0.020448870905031922,1.6
VisualCogA_Task-2.mat,38,raw_mean,92,46,46,19.911006832238897,5.045988219335637,-0.3191057059037235,-0.016076289102999373,1.6
VisualCogA_Task-2.mat,38,bandpass_mean,92,46,46,19.911006832238897,2.880452095600273,0.5095204259044641,0.49224017428197936,1.6
VisualCogA_Task-2.mat,38,current_pipeline,92,46,46,19.911006832238897,1.8302653147983474,0.6575664823299271,0.8165912692773029,1.6
VisualCogA_Task-2.mat,39,raw_mean,92,49,43,19.911006832238897,3.197689030383215,0.15914755808485745,0.06823186080024148,1.6
VisualCogA_Task-2.mat,39,bandpass_mean,92,49,43,19.911006832238897,1.3479131792566519,0.22844493847374842,0.3101836531747934,1.6
VisualCogA_Task-2.mat,39,current_pipeline,92,49,43,19.911006832238897,1.2753132846775244,0.1537549711594835,0.21574442885851106,1.6
VisualCogA_Task-2.mat,40,raw_mean,92,48,44,19.911006832238897,8.238449680097336,-0.7740427465152532,-0.08031880922805054,1.6
VisualCogA_Task-2.mat,40,bandpass_mean,92,48,44,19.911006832238897,1.2262754512857945,1.6960206965837423,0.8620042070947017,1.6
VisualCogA_Task-2.mat,40,current_pipeline,92,48,44,19.911006832238897,0.8292990650151117,1.6082744487872926,0.9446185197500006,1.6
VisualCogA_Task-2.mat,41,raw_mean,92,46,46,19.911006832238897,4.1072881171373625,1.7424805399710133,0.7286717208654068,1.6
VisualCogA_Task-2.mat,41,bandpass_mean,92,46,46,19.911006832238897,2.0749147760660276,0.3742809963445514,0.26546176441538044,1.6
VisualCogA_Task-2.mat,41,current_pipeline,92,46,46,19.911006832238897,1.5622653760487966,0.816104639626506,0.5399192870564455,1.6
VisualCogA_Task-2.mat,42,raw_mean,92,44,48,19.911006832238897,2.1489471140739935,0.43588531375213363,0.6967751212071124,1.6
VisualCogA_Task-2.mat,42,bandpass_mean,92,44,48,19.911006832238897,1.2606997500599544,0.44092552942254815,0.5457966470657849,1.6
VisualCogA_Task-2.mat,42,current_pipeline,92,44,48,19.911006832238897,1.5150372638802059,0.4722275388050404,0.7083521692503465,1.6
VisualCogA_Task-2.mat,43,raw_mean,92,44,48,19.911006832238897,2.0071884671042177,-0.2486521487106141,-0.20902447720012096,1.6
VisualCogA_Task-2.mat,43,bandpass_mean,92,44,48,19.911006832238897,3.1526574946371415,-0.13274910202269596,-0.17552657485680187,1.6
VisualCogA_Task-2.mat,43,current_pipeline,92,44,48,19.911006832238897,2.1835629773933345,0.019641056575783116,-0.062333707818513336,1.6
VisualCogA_Task-2.mat,44,raw_mean,92,45,47,19.911006832238897,3.8511379071371294,2.169482498952046,0.7498929280962303,1.6
VisualCogA_Task-2.mat,44,bandpass_mean,92,45,47,19.911006832238897,1.8681734901608709,1.2298767952875977,0.6604977985741203,1.6
VisualCogA_Task-2.mat,44,current_pipeline,92,45,47,19.911006832238897,1.201026881008709,0.9924009686658359,0.7175945101786058,1.6
VisualCogA_Task-2.mat,45,raw_mean,92,45,47,19.911006832238897,4.281933713861724,1.8061527975814142,0.7680278969403945,1.6
VisualCogA_Task-2.mat,45,bandpass_mean,92,45,47,19.911006832238897,0.9921638402027126,0.7513346880528436,0.6154246253518949,1.6
VisualCogA_Task-2.mat,45,current_pipeline,92,45,47,19.911006832238897,0.8623514951440471,0.912166636157604,0.7376147622796363,1.6
VisualCogA_Task-2.mat,46,raw_mean,92,45,47,19.911006832238897,6.545932661593132,-0.7421265592333987,-0.13226322864098103,1.6
VisualCogA_Task-2.mat,46,bandpass_mean,92,45,47,19.911006832238897,1.0592274754546236,0.7418310167428394,0.634272269423506,1.6
VisualCogA_Task-2.mat,46,current_pipeline,92,45,47,19.911006832238897,1.0515275925382435,0.5181255272758187,0.5074487503810318,1.6
VisualCogA_Task-2.mat,47,raw_mean,92,46,46,19.911006832238897,5.934887251705436,2.501706600955789,0.7127424290822162,1.6
VisualCogA_Task-2.mat,47,bandpass_mean,92,46,46,19.911006832238897,1.900837077146362,1.6329136984905068,0.8345898083746773,1.6
VisualCogA_Task-2.mat,47,current_pipeline,92,46,46,19.911006832238897,1.6969927432195788,1.4683872308639727,0.738499058550718,1.6
VisualCogA_Task-2.mat,48,raw_mean,92,46,46,19.911006832238897,4.492519704787752,2.6780219221193255,0.7469215866066519,1.6
VisualCogA_Task-2.mat,48,bandpass_mean,92,46,46,19.911006832238897,2.1010331369438906,1.0500590703638537,0.6788664182655488,1.6
VisualCogA_Task-2.mat,48,current_pipeline,92,46,46,19.911006832238897,1.523077716317574,1.1985608289483187,0.761428480510874,1.6
VisualCogB_Task-1.mat,1,raw_mean,90,47,43,19.776042012678236,4.691928267657428,2.1117072428526256,0.5259628084892171,1.6
VisualCogB_Task-1.mat,1,bandpass_mean,90,47,43,19.776042012678236,1.4877940979299986,0.7352049348529536,0.5061475307173812,1.6
VisualCogB_Task-1.mat,1,current_pipeline,90,47,43,19.776042012678236,1.1138649752650784,0.6719423942105114,0.6116274152965089,1.6
VisualCogB_Task-1.mat,2,raw_mean,90,46,44,19.776042012678236,2.0898033971234016,-0.09263765640082451,-0.018168522874723328,1.6
VisualCogB_Task-1.mat,2,bandpass_mean,90,46,44,19.776042012678236,1.6152689836225183,0.30839472958794373,0.33012694680489163,1.6
VisualCogB_Task-1.mat,2,current_pipeline,90,46,44,19.776042012678236,1.4138323950438503,0.46298167778316857,0.43230606330036,1.6
VisualCogB_Task-1.mat,3,raw_mean,90,44,46,19.776042012678236,4.712884646844411,1.3542124004446459,0.27116166828341526,1.6
VisualCogB_Task-1.mat,3,bandpass_mean,90,44,46,19.776042012678236,1.3363868880484517,1.3249089372347584,0.7700600160097495,1.6
VisualCogB_Task-1.mat,3,current_pipeline,90,44,46,19.776042012678236,1.0273617772835393,1.266615426971969,0.8284731623408778,1.6
VisualCogB_Task-1.mat,4,raw_mean,90,45,45,19.776042012678236,3.9138341249548745,0.7790526115449189,0.19330774739238807,1.6
VisualCogB_Task-1.mat,4,bandpass_mean,90,45,45,19.776042012678236,1.1552378131166905,0.7571315069849363,0.592371687025702,1.6
VisualCogB_Task-1.mat,4,current_pipeline,90,45,45,19.776042012678236,0.8269819617992638,0.7451225932398234,0.7017323947382641,1.6
VisualCogB_Task-1.mat,5,raw_mean,90,44,46,19.776042012678236,4.67419359533352,-1.2397591416201512,-0.4790031851942746,1.6
VisualCogB_Task-1.mat,5,bandpass_mean,90,44,46,19.776042012678236,1.45074918985181,0.24483743784837927,0.29788785672976276,1.6
VisualCogB_Task-1.mat,5,current_pipeline,90,44,46,19.776042012678236,1.2407461845417416,0.6989647737924904,0.6328907266483292,1.6
VisualCogB_Task-1.mat,6,raw_mean,90,46,44,19.776042012678236,3.0058105999954465,-0.051119210653087416,0.01204182005819402,1.6
VisualCogB_Task-1.mat,6,bandpass_mean,90,46,44,19.776042012678236,1.0781210428337216,0.2969970854497906,0.45008881477722273,1.6
VisualCogB_Task-1.mat,6,current_pipeline,90,46,44,19.776042012678236,0.8853120507581956,0.6382556158421059,0.7046076716725986,1.6
VisualCogB_Task-1.mat,7,raw_mean,90,46,44,19.776042012678236,7.468127120365683,2.693116133979913,0.4028175703789246,1.6
VisualCogB_Task-1.mat,7,bandpass_mean,90,46,44,19.776042012678236,0.9794054446083982,0.6754489535221444,0.5965902599105876,1.6
VisualCogB_Task-1.mat,7,current_pipeline,90,46,44,19.776042012678236,1.1469946168873928,0.32828490390451487,0.4498289704402648,1.6
VisualCogB_Task-1.mat,8,raw_mean,90,45,45,19.776042012678236,8.058500086327582,1.9610328106011465,0.24679581447449306,1.6
VisualCogB_Task-1.mat,8,bandpass_mean,90,45,45,19.776042012678236,1.3097661653518493,1.3253230435401808,0.7324062188256294,1.6
VisualCogB_Task-1.mat,8,current_pipeline,90,45,45,19.776042012678236,1.0824266102641575,1.0291892773708582,0.6884759385888142,1.6
VisualCogB_Task-1.mat,9,raw_mean,90,45,45,19.776042012678236,2.552576497455334,1.2414724338624497,0.46493523166123635,1.6
VisualCogB_Task-1.mat,9,bandpass_mean,90,45,45,19.776042012678236,1.8868088006947483,1.0366897866931193,0.6570991902069158,1.6
VisualCogB_Task-1.mat,9,current_pipeline,90,45,45,19.776042012678236,1.7063036592033713,0.7953862880160572,0.5464220924912127,1.6
VisualCogB_Task-1.mat,10,raw_mean,90,46,44,19.776042012678236,3.398225914444251,1.1309949447971517,0.3302153753305119,1.6
VisualCogB_Task-1.mat,10,bandpass_mean,90,46,44,19.776042012678236,0.892764328722199,0.8047553623589199,0.6790875912494959,1.6
VisualCogB_Task-1.mat,10,current_pipeline,90,46,44,19.776042012678236,0.643982523851961,0.742675469252784,0.7854228517879723,1.6
VisualCogB_Task-1.mat,11,raw_mean,90,44,46,19.776042012678236,3.3806887130299006,0.498939094158342,0.41046737340898876,1.6
VisualCogB_Task-1.mat,11,bandpass_mean,90,44,46,19.776042012678236,1.217694960473365,0.7597802552972908,0.7796920781044145,1.6
VisualCogB_Task-1.mat,11,current_pipeline,90,44,46,19.776042012678236,0.991654942162353,0.6592506709148823,0.7629394126882026,1.6
VisualCogB_Task-1.mat,12,raw_mean,90,44,46,19.776042012678236,2.609731334445657,0.06439552294911902,0.19608655132550007,1.6
VisualCogB_Task-1.mat,12,bandpass_mean,90,44,46,19.776042012678236,1.3025635382097298,0.6729318695985211,0.6795887133537837,1.6
VisualCogB_Task-1.mat,12,current_pipeline,90,44,46,19.776042012678236,0.8862756137571789,0.9227209871023544,0.8434320754422769,1.6
VisualCogB_Task-1.mat,13,raw_mean,90,45,45,19.776042012678236,3.7617229228286275,0.3299540217577144,0.1792391276012485,1.6
VisualCogB_Task-1.mat,13,bandpass_mean,90,45,45,19.776042012678236,1.1131659453792047,0.9290388956257793,0.6511017160484762,1.6
VisualCogB_Task-1.mat,13,current_pipeline,90,45,45,19.776042012678236,0.9084313880990373,1.0851142459015402,0.7675530818483508,1.6
VisualCogB_Task-1.mat,14,raw_mean,90,46,44,19.776042012678236,1.5244395671404831,1.3598258788487982,0.6763472370137754,1.6
VisualCogB_Task-1.mat,14,bandpass_mean,90,46,44,19.776042012678236,0.7510844787950538,1.160958211069092,0.8565989513070188,1.6
VisualCogB_Task-1.mat,14,current_pipeline,90,46,44,19.776042012678236,0.7353379653990456,1.3015609114018885,0.8891229945139678,1.6
VisualCogB_Task-1.mat,15,raw_mean,90,44,46,19.776042012678236,9.059795800951168,-1.0739694917436993,-0.10322305287756109,1.6
VisualCogB_Task-1.mat,15,bandpass_mean,90,44,46,19.776042012678236,1.3115908284577604,0.4008848122851155,0.5350432159563626,1.6
VisualCogB_Task-1.mat,15,current_pipeline,90,44,46,19.776042012678236,1.369680948032788,0.5109292585098862,0.5594354360731041,1.6
VisualCogB_Task-1.mat,16,raw_mean,90,46,44,19.776042012678236,6.9176327725985,2.2311235851223117,0.30904546385221926,1.6
VisualCogB_Task-1.mat,16,bandpass_mean,90,46,44,19.776042012678236,0.8644149986671414,1.222533058335083,0.9387477991374048,1.6
VisualCogB_Task-1.mat,16,current_pipeline,90,46,44,19.776042012678236,0.7456380085371733,0.9392661273352172,0.9123823145453548,1.6
VisualCogB_Task-1.mat,17,raw_mean,90,45,45,19.776042012678236,1.8966431558260388,1.1400503728453322,0.5170665339892986,1.6
VisualCogB_Task-1.mat,17,bandpass_mean,90,45,45,19.776042012678236,1.557156378779587,0.8256276303163501,0.7072024219991372,1.6
VisualCogB_Task-1.mat,17,current_pipeline,90,45,45,19.776042012678236,1.2816222227380325,0.9196293053313539,0.7803511772826407,1.6
VisualCogB_Task-1.mat,18,raw_mean,90,45,45,19.776042012678236,4.8848730725949885,0.9218041062965249,0.1760660083368271,1.6
VisualCogB_Task-1.mat,18,bandpass_mean,90,45,45,19.776042012678236,1.5018066248118536,0.8510956076656749,0.613237339964312,1.6
VisualCogB_Task-1.mat,18,current_pipeline,90,45,45,19.776042012678236,1.0899783997594452,0.7694489107642768,0.7076343520559311,1.6
VisualCogB_Task-1.mat,19,raw_mean,90,47,43,19.776042012678236,3.5274783690938487,1.3205291998913042,0.3886979380196166,1.6
VisualCogB_Task-1.mat,19,bandpass_mean,90,47,43,19.776042012678236,0.9340652047824578,0.9339694049429024,0.7283745667235881,1.6
VisualCogB_Task-1.mat,19,current_pipeline,90,47,43,19.776042012678236,0.945843621527122,0.8479267569078868,0.6888370501040026,1.6
VisualCogB_Task-1.mat,20,raw_mean,90,45,45,19.776042012678236,5.3641529510981725,0.8442123832506279,0.14524977470718556,1.6
VisualCogB_Task-1.mat,20,bandpass_mean,90,45,45,19.776042012678236,1.112667004839843,0.7167659298674492,0.5560481852248756,1.6
VisualCogB_Task-1.mat,20,current_pipeline,90,45,45,19.776042012678236,0.9800486601667524,0.7731651563288625,0.6352922476303059,1.6
VisualCogB_Task-1.mat,21,raw_mean,90,45,45,19.776042012678236,1.8113576112088723,1.5123193317778723,0.6639654621719464,1.6
VisualCogB_Task-1.mat,21,bandpass_mean,90,45,45,19.776042012678236,1.996076429024416,1.4654670162866537,0.6008110186033385,1.6
VisualCogB_Task-1.mat,21,current_pipeline,90,45,45,19.776042012678236,1.5465181946134716,1.2675702382482392,0.6377737876040024,1.6
VisualCogB_Task-1.mat,22,raw_mean,90,44,46,19.776042012678236,2.1950998708690763,0.7049409577151592,0.305236897849515,1.6
VisualCogB_Task-1.mat,22,bandpass_mean,90,44,46,19.776042012678236,0.7088168815190816,0.7899280280890454,0.7581695980369824,1.6
VisualCogB_Task-1.mat,22,current_pipeline,90,44,46,19.776042012678236,0.6628765795508849,0.9269097875899492,0.861248533744421,1.6
VisualCogB_Task-1.mat,23,raw_mean,90,45,45,19.776042012678236,3.241562591962283,-0.5295541123400339,-0.19091100651416376,1.6
VisualCogB_Task-1.mat,23,bandpass_mean,90,45,45,19.776042012678236,0.7840964159175478,0.6996518433858154,0.7302529666282949,1.6
VisualCogB_Task-1.mat,23,current_pipeline,90,45,45,19.776042012678236,0.5852099332642864,1.0073758317851256,0.8649009562614798,1.6
VisualCogB_Task-1.mat,24,raw_mean,90,46,44,19.776042012678236,5.170309470444331,1.4357218312660525,0.26236569388958897,1.6
VisualCogB_Task-1.mat,24,bandpass_mean,90,46,44,19.776042012678236,0.9207917413336448,1.0367976865398176,0.7468092527646082,1.6
VisualCogB_Task-1.mat,24,current_pipeline,90,46,44,19.776042012678236,0.4943879948780213,1.0551438903474004,0.9076283749243454,1.6
VisualCogB_Task-1.mat,25,raw_mean,90,44,46,19.776042012678236,6.044990382606284,2.490934325814254,0.4064370198130611,1.6
VisualCogB_Task-1.mat,25,bandpass_mean,90,44,46,19.776042012678236,0.7451496298279279,1.127695030269915,0.8426247945436365,1.6
VisualCogB_Task-1.mat,25,current_pipeline,90,44,46,19.776042012678236,0.8323692534178762,1.1436200927523594,0.8122949196121313,1.6
VisualCogB_Task-1.mat,26,raw_mean,90,46,44,19.776042012678236,3.230035333098407,0.7016197996798278,0.2044772739790183,1.6
VisualCogB_Task-1.mat,26,bandpass_mean,90,46,44,19.776042012678236,1.351256325407759,1.111000691842136,0.7076272557179074,1.6
VisualCogB_Task-1.mat,26,current_pipeline,90,46,44,19.776042012678236,1.1554279939315837,1.0062611481723023,0.7080578042591688,1.6
VisualCogB_Task-1.mat,27,raw_mean,90,45,45,19.776042012678236,1.9910988356438313,0.6261864579489455,0.4078094170813286,1.6
VisualCogB_Task-1.mat,27,bandpass_mean,90,45,45,19.776042012678236,1.0361882000600888,0.8718578200692109,0.7183537443500605,1.6
VisualCogB_Task-1.mat,27,current_pipeline,90,45,45,19.776042012678236,0.9009539971471393,1.2989634569901771,0.8530157208151748,1.6
VisualCogB_Task-1.mat,28,raw_mean,90,44,46,19.776042012678236,6.309052204795325,-1.1068280029319582,-0.19231760600244507,1.6
VisualCogB_Task-1.mat,28,bandpass_mean,90,44,46,19.776042012678236,1.0648232033802563,0.3249276733365122,0.496151272653845,1.6
VisualCogB_Task-1.mat,28,current_pipeline,90,44,46,19.776042012678236,1.064805186012268,0.45315864169200687,0.5810971806834356,1.6
VisualCogB_Task-1.mat,29,raw_mean,90,47,43,19.776042012678236,4.973762415462133,1.7047499299015905,0.3473877451692313,1.6
VisualCogB_Task-1.mat,29,bandpass_mean,90,47,43,19.776042012678236,1.0966728556464704,0.8711496441392756,0.6292613042490091,1.6
VisualCogB_Task-1.mat,29,current_pipeline,90,47,43,19.776042012678236,0.6804714815595027,1.110255411187798,0.8555735418666702,1.6
VisualCogB_Task-1.mat,30,raw_mean,90,46,44,19.776042012678236,6.552869482302007,1.511687984397549,0.2222043830247329,1.6
VisualCogB_Task-1.mat,30,bandpass_mean,90,46,44,19.776042012678236,1.2529760717389868,0.9553153847086578,0.6214085368156662,1.6
VisualCogB_Task-1.mat,30,current_pipeline,90,46,44,19.776042012678236,0.6716255229039494,0.9396031850077645,0.8138083035544068,1.6
VisualCogB_Task-1.mat,31,raw_mean,90,45,45,19.776042012678236,7.6883912779984245,2.3350490176043284,0.2885209825888237,1.6
VisualCogB_Task-1.mat,31,bandpass_mean,90,45,45,19.776042012678236,1.0839498654658664,1.1391245344347873,0.7556490028383043,1.6
VisualCogB_Task-1.mat,31,current_pipeline,90,45,45,19.776042012678236,0.8075990114712954,1.0386624872147947,0.7896245208444408,1.6
VisualCogB_Task-1.mat,32,raw_mean,90,46,44,19.776042012678236,3.7747141287962345,-0.06518797343499735,-0.0007163237912455782,1.6
VisualCogB_Task-1.mat,32,bandpass_mean,90,46,44,19.776042012678236,1.086568760525664,0.5086487265152064,0.5459011025059805,1.6
VisualCogB_Task-1.mat,32,current_pipeline,90,46,44,19.776042012678236,0.6919477933992425,0.6992170235977819,0.7458548447441121,1.6
VisualCogB_Task-1.mat,33,raw_mean,90,46,44,19.776042012678236,3.3169667233175417,0.5856072353161804,0.16351072631395952,1.6
VisualCogB_Task-1.mat,33,bandpass_mean,90,46,44,19.776042012678236,1.554914043975951,0.2724184902116513,0.24750163553972346,1.6
VisualCogB_Task-1.mat,33,current_pipeline,90,46,44,19.776042012678236,1.0608075203136895,0.3261004213750025,0.4390310245148871,1.6
VisualCogB_Task-1.mat,34,raw_mean,90,44,46,19.776042012678236,3.630260984451331,1.1773168104510536,0.30651046246607144,1.6
VisualCogB_Task-1.mat,34,bandpass_mean,90,44,46,19.776042012678236,1.4641290848042707,1.0203546055116637,0.6622253051922757,1.6
VisualCogB_Task-1.mat,34,current_pipeline,90,44,46,19.776042012678236,0.9538795368740955,1.1373846208959488,0.8037251501208471,1.6
VisualCogB_Task-1.mat,35,raw_mean,90,44,46,19.776042012678236,5.880887010471552,2.5559258396549605,0.5126154363935458,1.6
VisualCogB_Task-1.mat,35,bandpass_mean,90,44,46,19.776042012678236,0.9420299740344836,0.9144813044391404,0.7076760432778336,1.6
VisualCogB_Task-1.mat,35,current_pipeline,90,44,46,19.776042012678236,0.8628849328135624,0.9403924568286373,0.772537499498008,1.6
VisualCogB_Task-1.mat,36,raw_mean,90,45,45,19.776042012678236,9.192431156907306,0.5788702870120569,0.05923699393376873,1.6
VisualCogB_Task-1.mat,36,bandpass_mean,90,45,45,19.776042012678236,1.0723769984219835,1.0076990010971398,0.7606086896023065,1.6
VisualCogB_Task-1.mat,36,current_pipeline,90,45,45,19.776042012678236,0.9821631262607123,0.7525783114328958,0.677561569234549,1.6
VisualCogB_Task-1.mat,37,raw_mean,90,45,45,19.776042012678236,2.9914180015176375,1.2302687591558081,0.3833667501391325,1.6
VisualCogB_Task-1.mat,37,bandpass_mean,90,45,45,19.776042012678236,1.3906201827842228,1.2308058382877212,0.7994584781436226,1.6
VisualCogB_Task-1.mat,37,current_pipeline,90,45,45,19.776042012678236,1.2006639669143884,1.1253072970425844,0.8115721686787088,1.6
VisualCogB_Task-1.mat,38,raw_mean,90,44,46,19.776042012678236,2.6181546506087887,1.00893268387362,0.5269173938282191,1.6
VisualCogB_Task-1.mat,38,bandpass_mean,90,44,46,19.776042012678236,0.8220224599201653,1.1204463185592912,0.8109715475223683,1.6
VisualCogB_Task-1.mat,38,current_pipeline,90,44,46,19.776042012678236,0.6843738280149579,1.1704122436874485,0.8903050389962607,1.6
VisualCogB_Task-1.mat,39,raw_mean,90,45,45,19.776042012678236,7.043567698336959,-0.1999655291223473,0.01110980632404709,1.6
VisualCogB_Task-1.mat,39,bandpass_mean,90,45,45,19.776042012678236,1.1371491262835085,0.9329203592735192,0.6477289659755521,1.6
VisualCogB_Task-1.mat,39,current_pipeline,90,45,45,19.776042012678236,0.7701669616819891,0.7841621067211517,0.810144304849417,1.6
VisualCogB_Task-1.mat,40,raw_mean,90,45,45,19.776042012678236,3.9623175195431313,2.3785161032528728,0.7375191691765967,1.6
VisualCogB_Task-1.mat,40,bandpass_mean,90,45,45,19.776042012678236,1.595528928002185,0.8706367019381588,0.6099546196498578,1.6
VisualCogB_Task-1.mat,40,current_pipeline,90,45,45,19.776042012678236,1.1293213105561726,0.6837517743198073,0.6758151156090376,1.6
VisualCogB_Task-1.mat,41,raw_mean,90,46,44,19.776042012678236,2.050382052417334,1.9259448092120517,0.902110953288951,1.6
VisualCogB_Task-1.mat,41,bandpass_mean,90,46,44,19.776042012678236,0.8749223095648594,1.4414762688935898,0.8915801895172343,1.6
VisualCogB_Task-1.mat,41,current_pipeline,90,46,44,19.776042012678236,0.8134171966790998,1.4181819472944153,0.9052597228609945,1.6
VisualCogB_Task-1.mat,42,raw_mean,90,46,44,19.776042012678236,4.24825346632953,0.4822321757647495,0.2356816397805916,1.6
VisualCogB_Task-1.mat,42,bandpass_mean,90,46,44,19.776042012678236,1.398084675556873,0.756054164429339,0.5275595386957241,1.6
VisualCogB_Task-1.mat,42,current_pipeline,90,46,44,19.776042012678236,1.0028576850560684,0.7829787912270221,0.693836634856327,1.6
VisualCogB_Task-1.mat,43,raw_mean,90,45,45,19.776042012678236,2.8725658698950354,1.237850116066859,0.57394804416543,1.6
VisualCogB_Task-1.mat,43,bandpass_mean,90,45,45,19.776042012678236,1.289288838011203,0.9744128103228188,0.6533959939501204,1.6
VisualCogB_Task-1.mat,43,current_pipeline,90,45,45,19.776042012678236,0.8945587513319904,1.1401902695603305,0.8017117849047735,1.6
VisualCogB_Task-1.mat,44,raw_mean,90,44,46,19.776042012678236,2.4485117009305593,0.8628713676082643,0.3280426317806998,1.6
VisualCogB_Task-1.mat,44,bandpass_mean,90,44,46,19.776042012678236,1.229416561608514,0.9357921112250512,0.6301479449358985,1.6
VisualCogB_Task-1.mat,44,current_pipeline,90,44,46,19.776042012678236,0.9151140456675183,1.031863713718126,0.8010151041997373,1.6
VisualCogB_Task-1.mat,45,raw_mean,90,45,45,19.776042012678236,3.423587867140167,0.3156057431905297,0.09011003207688467,1.6
VisualCogB_Task-1.mat,45,bandpass_mean,90,45,45,19.776042012678236,1.027472788515182,0.8586227812647332,0.64678648320142,1.6
VisualCogB_Task-1.mat,45,current_pipeline,90,45,45,19.776042012678236,0.6727607621241061,0.8502956883758176,0.7942547946443326,1.6
VisualCogB_Task-1.mat,46,raw_mean,90,43,47,19.776042012678236,1.8845401092796297,1.09108952178861,0.6686080556454875,1.6
VisualCogB_Task-1.mat,46,bandpass_mean,90,43,47,19.776042012678236,1.1145446962011052,0.7041953412060005,0.6162945377120129,1.6
VisualCogB_Task-1.mat,46,current_pipeline,90,43,47,19.776042012678236,0.9113108280103286,0.7392112484586316,0.6502008477867475,1.6
VisualCogB_Task-1.mat,47,raw_mean,90,44,46,19.776042012678236,4.95264442070796,0.564747963848792,0.12619325703065723,1.6
VisualCogB_Task-1.mat,47,bandpass_mean,90,44,46,19.776042012678236,0.8240269006380704,1.0149058512588258,0.7755018640997144,1.6
VisualCogB_Task-1.mat,47,current_pipeline,90,44,46,19.776042012678236,0.595489226351678,1.040130684157012,0.8744301508690996,1.6
VisualCogB_Task-1.mat,48,raw_mean,90,45,45,19.776042012678236,5.712347311394201,1.492826192370848,0.25004778124450183,1.6
VisualCogB_Task-1.mat,48,bandpass_mean,90,45,45,19.776042012678236,0.9881393423032072,0.6017882097656883,0.6057195092228209,1.6
VisualCogB_Task-1.mat,48,current_pipeline,90,45,45,19.776042012678236,0.8083350867491955,0.5815805699252182,0.6511188488112571,1.6
VisualCogB_Task-2.mat,1,raw_mean,89,44,45,22.984002390074146,1.3000380660114363,1.927750110388329,0.9268604611196208,1.6
VisualCogB_Task-2.mat,1,bandpass_mean,89,44,45,22.984002390074146,0.8388723715112234,1.2463129455130189,0.8610417443559851,1.6
VisualCogB_Task-2.mat,1,current_pipeline,89,44,45,22.984002390074146,0.9826422835471319,1.229086916442436,0.8489464667016051,1.6
VisualCogB_Task-2.mat,2,raw_mean,89,43,46,22.984002390074146,6.302923291543067,-1.403173997313429,-0.36069185987292224,1.6
VisualCogB_Task-2.mat,2,bandpass_mean,89,43,46,22.984002390074146,2.3757539956343248,-0.2670667815560001,-0.1324561593621812,1.6
VisualCogB_Task-2.mat,2,current_pipeline,89,43,46,22.984002390074146,2.1936808857616352,-0.19182240939427211,-0.09085220896569164,1.6
VisualCogB_Task-2.mat,3,raw_mean,89,44,45,22.984002390074146,8.487569445683318,3.060056526369731,0.8030041776988145,1.6
VisualCogB_Task-2.mat,3,bandpass_mean,89,44,45,22.984002390074146,1.0841178949987913,0.7976999733496201,0.7215555256816253,1.6
VisualCogB_Task-2.mat,3,current_pipeline,89,44,45,22.984002390074146,1.5189854406074819,0.6737845403343936,0.5641650495069493,1.6
VisualCogB_Task-2.mat,4,raw_mean,89,44,45,22.984002390074146,2.2190961605407296,1.1153971389774724,0.5464637816889384,1.6
VisualCogB_Task-2.mat,4,bandpass_mean,89,44,45,22.984002390074146,1.4468382600758514,1.11102287387048,0.8205587636379926,1.6
VisualCogB_Task-2.mat,4,current_pipeline,89,44,45,22.984002390074146,1.477977525799548,1.0199740705908522,0.7641759448779869,1.6
VisualCogB_Task-2.mat,5,raw_mean,89,44,45,22.984002390074146,3.7888359899910196,-0.460117184339764,-0.148672134843141,1.6
VisualCogB_Task-2.mat,5,bandpass_mean,89,44,45,22.984002390074146,0.5823744363831008,0.7690233192778261,0.8264145110619759,1.6
VisualCogB_Task-2.mat,5,current_pipeline,89,44,45,22.984002390074146,0.6768033030357141,0.6253954100710639,0.7745663274204466,1.6
VisualCogB_Task-2.mat,6,raw_mean,89,46,43,22.984002390074146,4.116736624114087,-0.10145152418114013,0.13493137754075543,1.6
VisualCogB_Task-2.mat,6,bandpass_mean,89,46,43,22.984002390074146,1.0105639170368161,0.5629888647983742,0.5291944877961536,1.6
VisualCogB_Task-2.mat,6,current_pipeline,89,46,43,22.984002390074146,1.0530560460965315,0.5183871056871499,0.48108905799866797,1.6
VisualCogB_Task-2.mat,7,raw_mean,89,44,45,22.984002390074146,4.5302615312212815,2.463029086412473,0.733476081003171,1.6
VisualCogB_Task-2.mat,7,bandpass_mean,89,44,45,22.984002390074146,0.9448342005109195,1.151939897219548,0.915976457252509,1.6
VisualCogB_Task-2.mat,7,current_pipeline,89,44,45,22.984002390074146,0.6680575106148178,1.0081235020052333,0.891390089965863,1.6
VisualCogB_Task-2.mat,8,raw_mean,89,46,43,22.984002390074146,0.8183249278006544,1.1992184731630775,0.8393469575838809,1.6
VisualCogB_Task-2.mat,8,bandpass_mean,89,46,43,22.984002390074146,0.8361698445225074,0.7600412399385742,0.8688712016481608,1.6
VisualCogB_Task-2.mat,8,current_pipeline,89,46,43,22.984002390074146,1.0307397062685504,0.6209524393897184,0.8008934519667963,1.6
VisualCogB_Task-2.mat,9,raw_mean,89,46,43,22.984002390074146,4.478298144039485,0.5481912465184843,0.42773619888915787,1.6
VisualCogB_Task-2.mat,9,bandpass_mean,89,46,43,22.984002390074146,1.4279832314692815,1.37500225414397,0.7609296583802639,1.6
VisualCogB_Task-2.mat,9,current_pipeline,89,46,43,22.984002390074146,1.249197394872949,1.3677319660252216,0.8152326714252552,1.6
VisualCogB_Task-2.mat,10,raw_mean,89,44,45,22.984002390074146,3.3574469933016045,2.2482695963634765,0.7251731286163832,1.6
VisualCogB_Task-2.mat,10,bandpass_mean,89,44,45,22.984002390074146,1.3001387755067348,1.1076148321885952,0.7924106278590961,1.6
VisualCogB_Task-2.mat,10,current_pipeline,89,44,45,22.984002390074146,1.4164116016018187,1.0321084692658542,0.7837799562412995,1.6
VisualCogB_Task-2.mat,11,raw_mean,89,47,42,22.984002390074146,1.9501378968995466,1.8479581112321075,0.8811562139031303,1.6
VisualCogB_Task-2.mat,11,bandpass_mean,89,47,42,22.984002390074146,1.4098115169485488,1.2150319464358268,0.812833900414702,1.6
VisualCogB_Task-2.mat,11,current_pipeline,89,47,42,22.984002390074146,1.3492477651741728,1.1707465710708291,0.8390713305240037,1.6
VisualCogB_Task-2.mat,12,raw_mean,89,43,46,22.984002390074146,3.1613104026472882,0.01941611499401071,0.008942014786911041,1.6
VisualCogB_Task-2.mat,12,bandpass_mean,89,43,46,22.984002390074146,1.8165604556845756,-0.14484125974630532,-0.08357701512877054,1.6
VisualCogB_Task-2.mat,12,current_pipeline,89,43,46,22.984002390074146,1.8905696601645514,-0.09107402001129561,-0.011553759742888886,1.6
VisualCogB_Task-2.mat,13,raw_mean,89,44,45,22.984002390074146,2.365043235260534,0.7784831535383941,0.3429524500879196,1.6
VisualCogB_Task-2.mat,13,bandpass_mean,89,44,45,22.984002390074146,0.9119556010494715,0.6831400935310848,0.6236633672710181,1.6
VisualCogB_Task-2.mat,13,current_pipeline,89,44,45,22.984002390074146,0.9809959074508486,0.8161945794586069,0.6454533930297327,1.6
VisualCogB_Task-2.mat,14,raw_mean,89,46,43,22.984002390074146,3.01236390322907,0.6146592323771949,0.2680899314151125,1.6
VisualCogB_Task-2.mat,14,bandpass_mean,89,46,43,22.984002390074146,1.7030423743025727,0.6037911754352194,0.7081176974706621,1.6
VisualCogB_Task-2.mat,14,current_pipeline,89,46,43,22.984002390074146,1.5900085754934237,0.6681173301243064,0.7752308769407383,1.6
VisualCogB_Task-2.mat,15,raw_mean,89,44,45,22.984002390074146,9.311267624664671,3.4897583163430483,0.767906364419871,1.6
VisualCogB_Task-2.mat,15,bandpass_mean,89,44,45,22.984002390074146,1.4264660495688564,1.3150134065637298,0.8224022119009249,1.6
VisualCogB_Task-2.mat,15,current_pipeline,89,44,45,22.984002390074146,1.3009771707199684,1.2992217816170104,0.8190778736910108,1.6
VisualCogB_Task-2.mat,16,raw_mean,89,46,43,22.984002390074146,3.611500619994277,0.8567709828498399,0.49480280445707253,1.6
VisualCogB_Task-2.mat,16,bandpass_mean,89,46,43,22.984002390074146,1.0682476027770744,0.7787054750031027,0.7789176192916837,1.6
VisualCogB_Task-2.mat,16,current_pipeline,89,46,43,22.984002390074146,1.2749768634108984,0.5080594091370108,0.5625438501580108,1.6
VisualCogB_Task-2.mat,17,raw_mean,89,45,44,22.984002390074146,1.0198464127046238,1.114232710615791,0.7427033893074475,1.6
VisualCogB_Task-2.mat,17,bandpass_mean,89,45,44,22.984002390074146,0.6560015446923773,0.8419085840773596,0.8183455468668126,1.6
VisualCogB_Task-2.mat,17,current_pipeline,89,45,44,22.984002390074146,0.7943907305454413,0.8873793428005685,0.7798772990826057,1.6
VisualCogB_Task-2.mat,18,raw_mean,89,44,45,22.984002390074146,2.377745326915328,2.4665206398008954,0.8831133906346954,1.6
VisualCogB_Task-2.mat,18,bandpass_mean,89,44,45,22.984002390074146,1.399830590936347,2.147198524928032,0.9367164535180563,1.6
VisualCogB_Task-2.mat,18,current_pipeline,89,44,45,22.984002390074146,1.501441770568565,2.299431272982848,0.9513805468729295,1.6
VisualCogB_Task-2.mat,19,raw_mean,89,46,43,22.984002390074146,2.4073064394932486,1.725293046659195,0.8868869133772675,1.6
VisualCogB_Task-2.mat,19,bandpass_mean,89,46,43,22.984002390074146,0.37807083648187534,0.8973656823307886,0.9367582432853457,1.6
VisualCogB_Task-2.mat,19,current_pipeline,89,46,43,22.984002390074146,0.4185467417776203,0.8872889507746066,0.9106573886598709,1.6
VisualCogB_Task-2.mat,20,raw_mean,89,44,45,22.984002390074146,6.6767670594315796,3.60374794148289,0.8161284333420454,1.6
VisualCogB_Task-2.mat,20,bandpass_mean,89,44,45,22.984002390074146,2.3363793825573556,2.1911287703496076,0.7625664832399435,1.6
VisualCogB_Task-2.mat,20,current_pipeline,89,44,45,22.984002390074146,2.487381900578476,2.36138791230476,0.7591694339463344,1.6
VisualCogB_Task-2.mat,21,raw_mean,89,44,45,22.984002390074146,2.1343616736604485,-0.014040851244809239,0.09181507687454032,1.6
VisualCogB_Task-2.mat,21,bandpass_mean,89,44,45,22.984002390074146,1.2152647414006308,0.27067592416670366,0.35264972860008503,1.6
VisualCogB_Task-2.mat,21,current_pipeline,89,44,45,22.984002390074146,1.0547156356180551,0.3963727291144318,0.48329929503297336,1.6
VisualCogB_Task-2.mat,22,raw_mean,89,43,46,22.984002390074146,1.9130253690844587,1.0832663166036995,0.7689329162549678,1.6
VisualCogB_Task-2.mat,22,bandpass_mean,89,43,46,22.984002390074146,0.7438269686527977,0.9874813025335428,0.9081798742399925,1.6
VisualCogB_Task-2.mat,22,current_pipeline,89,43,46,22.984002390074146,0.8324014427886257,1.0401645144279235,0.8747980167786686,1.6
VisualCogB_Task-2.mat,23,raw_mean,89,45,44,22.984002390074146,5.404728706700093,0.23471065761244653,0.27415000571353243,1.6
VisualCogB_Task-2.mat,23,bandpass_mean,89,45,44,22.984002390074146,1.3799753925363423,1.3450503048828355,0.7775320935362106,1.6
VisualCogB_Task-2.mat,23,current_pipeline,89,45,44,22.984002390074146,1.3622835071947852,1.285473497345227,0.7366022300730011,1.6
VisualCogB_Task-2.mat,24,raw_mean,89,42,47,22.984002390074146,7.422122130781616,2.887731648288828,0.5950579573023347,1.6
VisualCogB_Task-2.mat,24,bandpass_mean,89,42,47,22.984002390074146,1.5632255353693776,1.3022838363967342,0.8191448472412245,1.6
VisualCogB_Task-2.mat,24,current_pipeline,89,42,47,22.984002390074146,1.189212930985379,1.2423193924719056,0.8127624804665534,1.6
VisualCogB_Task-2.mat,25,raw_mean,89,42,47,22.984002390074146,3.9893596556774105,0.3507218347640313,0.42071675615063414,1.6
VisualCogB_Task-2.mat,25,bandpass_mean,89,42,47,22.984002390074146,0.9754053366949175,0.6435266020780259,0.5816968550582596,1.6
VisualCogB_Task-2.mat,25,current_pipeline,89,42,47,22.984002390074146,1.1962135890322076,0.6309362619471498,0.5254499602074817,1.6
VisualCogB_Task-2.mat,26,raw_mean,89,44,45,22.984002390074146,1.0591209789132237,1.303972102586743,0.8089161232715778,1.6
VisualCogB_Task-2.mat,26,bandpass_mean,89,44,45,22.984002390074146,0.935453207249758,1.1968671932960973,0.7952366527755486,1.6
VisualCogB_Task-2.mat,26,current_pipeline,89,44,45,22.984002390074146,1.0400978714491254,1.2250426191002428,0.7696946386336564,1.6
VisualCogB_Task-2.mat,27,raw_mean,89,45,44,22.984002390074146,4.721111824992229,0.8379820722118616,0.45111792778852916,1.6
VisualCogB_Task-2.mat,27,bandpass_mean,89,45,44,22.984002390074146,1.1905874524906492,1.4215764399301936,0.8015118489395452,1.6
VisualCogB_Task-2.mat,27,current_pipeline,89,45,44,22.984002390074146,1.2137060106423532,1.4724224469114613,0.7962922235989298,1.6
VisualCogB_Task-2.mat,28,raw_mean,89,43,46,22.984002390074146,8.224584733617537,3.9150368028757163,0.6992167223512912,1.6
VisualCogB_Task-2.mat,28,bandpass_mean,89,43,46,22.984002390074146,1.7266099219500306,1.1095393384680254,0.8280790600584889,1.6
VisualCogB_Task-2.mat,28,current_pipeline,89,43,46,22.984002390074146,1.479913837374528,1.2703042536858695,0.8269022415228798,1.6
VisualCogB_Task-2.mat,29,raw_mean,89,45,44,22.984002390074146,7.98676122630376,2.638438754295066,0.743895188267667,1.6
VisualCogB_Task-2.mat,29,bandpass_mean,89,45,44,22.984002390074146,1.0269325611202225,0.40548420934919244,0.5090845569129444,1.6
VisualCogB_Task-2.mat,29,current_pipeline,89,45,44,22.984002390074146,1.1318941138039005,0.46186835551414473,0.4569727766277445,1.6
VisualCogB_Task-2.mat,30,raw_mean,89,45,44,22.984002390074146,6.551954232921849,0.24963595463354923,0.23420642873659941,1.6
VisualCogB_Task-2.mat,30,bandpass_mean,89,45,44,22.984002390074146,1.4311162970728464,1.5051190583664809,0.8879641729081144,1.6
VisualCogB_Task-2.mat,30,current_pipeline,89,45,44,22.984002390074146,1.018446735514674,1.3706420322371182,0.9045824862321965,1.6
VisualCogB_Task-2.mat,31,raw_mean,89,46,43,22.984002390074146,1.3436341273204135,1.0975169801199887,0.7354237031756659,1.6
VisualCogB_Task-2.mat,31,bandpass_mean,89,46,43,22.984002390074146,1.3862355031407814,1.4714906969121542,0.7956235711684376,1.6
VisualCogB_Task-2.mat,31,current_pipeline,89,46,43,22.984002390074146,1.6140301350203463,1.5801967835744637,0.8264803548751919,1.6
VisualCogB_Task-2.mat,32,raw_mean,89,44,45,22.984002390074146,8.457447967684232,3.3084357794037054,0.8115316607979958,1.6
VisualCogB_Task-2.mat,32,bandpass_mean,89,44,45,22.984002390074146,1.136471100717236,1.5115016690035616,0.8921407922710078,1.6
VisualCogB_Task-2.mat,32,current_pipeline,89,44,45,22.984002390074146,1.3465422810709302,1.4962838615776055,0.8659875762969028,1.6
VisualCogB_Task-2.mat,33,raw_mean,89,43,46,22.984002390074146,6.814798488966681,3.932753446850435,0.7036050307002217,1.6
VisualCogB_Task-2.mat,33,bandpass_mean,89,43,46,22.984002390074146,1.886699011341998,2.4656954181201303,0.9172914073597846,1.6
VisualCogB_Task-2.mat,33,current_pipeline,89,43,46,22.984002390074146,2.1616522349307608,2.5999470864096166,0.9178369059618404,1.6
VisualCogB_Task-2.mat,34,raw_mean,89,46,43,22.984002390074146,10.802865597276476,-1.1343878669685579,-0.2613052423053454,1.6
VisualCogB_Task-2.mat,34,bandpass_mean,89,46,43,22.984002390074146,2.896029664563074,0.5537742700674019,0.6937099890137068,1.6
VisualCogB_Task-2.mat,34,current_pipeline,89,46,43,22.984002390074146,2.4647510252712106,0.5036293479822114,0.6962637916938333,1.6
VisualCogB_Task-2.mat,35,raw_mean,89,44,45,22.984002390074146,7.459917504467193,2.7947348168203354,0.8852206828306963,1.6
VisualCogB_Task-2.mat,35,bandpass_mean,89,44,45,22.984002390074146,0.9671395001957235,0.8935899727554985,0.6796589286730899,1.6
VisualCogB_Task-2.mat,35,current_pipeline,89,44,45,22.984002390074146,0.9078862771696515,1.0572436323603425,0.7594460206332349,1.6
VisualCogB_Task-2.mat,36,raw_mean,89,43,46,22.984002390074146,2.5158669934679687,0.6977964694174822,0.30011163679467134,1.6
VisualCogB_Task-2.mat,36,bandpass_mean,89,43,46,22.984002390074146,0.8751324225122875,0.8721611049134861,0.7084965584773505,1.6
VisualCogB_Task-2.mat,36,current_pipeline,89,43,46,22.984002390074146,0.8562755844454559,0.9345431927910267,0.7464492469229072,1.6
VisualCogB_Task-2.mat,37,raw_mean,89,43,46,22.984002390074146,6.168629119295429,-1.0969894624249112,-0.40056462379576235,1.6
VisualCogB_Task-2.mat,37,bandpass_mean,89,43,46,22.984002390074146,1.0424846596392754,0.6012931150536606,0.6027511275318653,1.6
VisualCogB_Task-2.mat,37,current_pipeline,89,43,46,22.984002390074146,0.9793798100236795,0.7059658484494812,0.6430333674469112,1.6
VisualCogB_Task-2.mat,38,raw_mean,89,45,44,22.984002390074146,3.7476621952116567,1.8550065493011383,0.720782435924211,1.6
VisualCogB_Task-2.mat,38,bandpass_mean,89,45,44,22.984002390074146,1.7852894347661783,1.3189787504163577,0.7752085266637758,1.6
VisualCogB_Task-2.mat,38,current_pipeline,89,45,44,22.984002390074146,1.8537081614454416,1.3531811494902497,0.7272118736796798,1.6
VisualCogB_Task-2.mat,39,raw_mean,89,44,45,22.984002390074146,1.4912713047152826,0.3824685610247022,0.268483822908916,1.6
VisualCogB_Task-2.mat,39,bandpass_mean,89,44,45,22.984002390074146,1.3945785482699495,0.47575515132566615,0.5180018573654496,1.6
VisualCogB_Task-2.mat,39,current_pipeline,89,44,45,22.984002390074146,1.0966833617413336,0.5861098319507337,0.6331037311211309,1.6
VisualCogB_Task-2.mat,40,raw_mean,89,44,45,22.984002390074146,4.0721060513597145,3.0786468160838023,0.7599768702388622,1.6
VisualCogB_Task-2.mat,40,bandpass_mean,89,44,45,22.984002390074146,1.990632729247142,1.8875774441488389,0.7669898234539364,1.6
VisualCogB_Task-2.mat,40,current_pipeline,89,44,45,22.984002390074146,1.9911530684132277,1.985021591106527,0.769318072493043,1.6
VisualCogB_Task-2.mat,41,raw_mean,89,44,45,22.984002390074146,7.986502715484151,0.3158459697672024,0.2894479772348927,1.6
VisualCogB_Task-2.mat,41,bandpass_mean,89,44,45,22.984002390074146,1.7591934732122652,1.3024391616465265,0.8186348042986479,1.6
VisualCogB_Task-2.mat,41,current_pipeline,89,44,45,22.984002390074146,1.6277697595566996,1.1234721883954202,0.7844977212653204,1.6
VisualCogB_Task-2.mat,42,raw_mean,89,45,44,22.984002390074146,7.019119301916493,-0.6534321173496281,-0.07722800304564803,1.6
VisualCogB_Task-2.mat,42,bandpass_mean,89,45,44,22.984002390074146,1.649963259695404,0.8900205177564486,0.8184232139481321,1.6
VisualCogB_Task-2.mat,42,current_pipeline,89,45,44,22.984002390074146,1.5725053241041467,0.9854627515077896,0.8922491332551792,1.6
VisualCogB_Task-2.mat,43,raw_mean,89,44,45,22.984002390074146,2.385008249477535,1.6066090339742827,0.655426601519325,1.6
VisualCogB_Task-2.mat,43,bandpass_mean,89,44,45,22.984002390074146,1.0414404946005664,0.6147633401872997,0.7852781851582872,1.6
VisualCogB_Task-2.mat,43,current_pipeline,89,44,45,22.984002390074146,1.1243619080885026,0.5379620803622782,0.7230779255779658,1.6
VisualCogB_Task-2.mat,44,raw_mean,89,43,46,22.984002390074146,2.7603057916198988,1.0907192644486852,0.7611153022035982,1.6
VisualCogB_Task-2.mat,44,bandpass_mean,89,43,46,22.984002390074146,0.9327075417290006,1.3813342209993584,0.8617311352524955,1.6
VisualCogB_Task-2.mat,44,current_pipeline,89,43,46,22.984002390074146,0.8086744599643845,1.3888177851937769,0.8926798187151653,1.6
VisualCogB_Task-2.mat,45,raw_mean,89,44,45,22.984002390074146,2.379295795760019,1.2372189744996651,0.4611393565207216,1.6
VisualCogB_Task-2.mat,45,bandpass_mean,89,44,45,22.984002390074146,0.9527521338420213,0.5451743755369324,0.7746373121693726,1.6
VisualCogB_Task-2.mat,45,current_pipeline,89,44,45,22.984002390074146,1.1468961387820142,0.7060138989398312,0.8581347064526641,1.6
VisualCogB_Task-2.mat,46,raw_mean,89,45,44,22.984002390074146,4.7906776108850835,3.9464796834326688,0.874725230080118,1.6
VisualCogB_Task-2.mat,46,bandpass_mean,89,45,44,22.984002390074146,2.2450480665033785,2.306210479450581,0.895441271874892,1.6
VisualCogB_Task-2.mat,46,current_pipeline,89,45,44,22.984002390074146,2.044823080864326,2.2744130302481347,0.8982252467187926,1.6
VisualCogB_Task-2.mat,47,raw_mean,89,46,43,22.984002390074146,3.355970177115173,-0.18798495439566054,-0.0026516798383103887,1.6
VisualCogB_Task-2.mat,47,bandpass_mean,89,46,43,22.984002390074146,1.4557009740637596,0.693207473912588,0.5905640872730584,1.6
VisualCogB_Task-2.mat,47,current_pipeline,89,46,43,22.984002390074146,1.5825606700350996,0.5004988636384947,0.4303014503717812,1.6
VisualCogB_Task-2.mat,48,raw_mean,89,44,45,22.984002390074146,4.666340852034122,-0.5657697591989069,-0.1158902947840067,1.6
VisualCogB_Task-2.mat,48,bandpass_mean,89,44,45,22.984002390074146,2.388441451861853,-0.060255453948047225,0.042756624494099414,1.6
VisualCogB_Task-2.mat,48,current_pipeline,89,44,45,22.984002390074146,2.019103801850983,0.048274223472847724,0.12865536989692156,1.6
VisualCogA_Task-1.mat,1,raw_mean,85,41,44,32.25047674242455,1.4316053320675968,0.6779822259781888,0.5917337153428737,3.2
VisualCogA_Task-1.mat,1,bandpass_mean,85,41,44,32.25047674242455,0.7930828520947308,0.7495417633194632,0.871455293612396,3.2
VisualCogA_Task-1.mat,1,current_pipeline,85,41,44,32.25047674242455,0.5108167667225922,0.8635752044484373,0.9593038931902934,3.2
VisualCogA_Task-1.mat,2,raw_mean,85,43,42,32.25047674242455,2.055125521943522,0.5692025105456473,0.36067350451171853,3.2
VisualCogA_Task-1.mat,2,bandpass_mean,85,43,42,32.25047674242455,0.3550908250493194,0.7943487447446375,0.9538729259165195,3.2
VisualCogA_Task-1.mat,2,current_pipeline,85,43,42,32.25047674242455,0.276778675464265,0.8202793571311469,0.9694351534100732,3.2
VisualCogA_Task-1.mat,3,raw_mean,85,44,41,32.25047674242455,1.1902596583588487,1.2844158125561713,0.7453607405384551,3.2
VisualCogA_Task-1.mat,3,bandpass_mean,85,44,41,32.25047674242455,0.8556356403497071,0.7924177793498648,0.896180218644487,3.2
VisualCogA_Task-1.mat,3,current_pipeline,85,44,41,32.25047674242455,0.8105085974453358,0.7183851820071322,0.8789460005825916,3.2
VisualCogA_Task-1.mat,4,raw_mean,85,41,44,32.25047674242455,0.945963625269479,1.1553312095970278,0.8744539191996994,3.2
VisualCogA_Task-1.mat,4,bandpass_mean,85,41,44,32.25047674242455,0.6532934251483248,0.616757370207441,0.7860324390633144,3.2
VisualCogA_Task-1.mat,4,current_pipeline,85,41,44,32.25047674242455,0.5216268428716021,0.7890761091840244,0.8882139316869075,3.2
VisualCogA_Task-1.mat,5,raw_mean,85,43,42,32.25047674242455,2.7858014903132244,1.6500672274514825,0.5700216336236672,3.2
VisualCogA_Task-1.mat,5,bandpass_mean,85,43,42,32.25047674242455,1.169109657470716,0.5328232072357658,0.7120977057792031,3.2
VisualCogA_Task-1.mat,5,current_pipeline,85,43,42,32.25047674242455,0.6811624554990604,0.6544862438171785,0.8383511723690834,3.2
VisualCogA_Task-1.mat,6,raw_mean,85,44,41,32.25047674242455,0.831016763118405,1.3387268909669505,0.8706003185228367,3.2
VisualCogA_Task-1.mat,6,bandpass_mean,85,44,41,32.25047674242455,1.0028165876025104,0.9366044022300201,0.8525648160632356,3.2
VisualCogA_Task-1.mat,6,current_pipeline,85,44,41,32.25047674242455,0.45664562504344963,1.0179473006143924,0.968175902636281,3.2
VisualCogA_Task-1.mat,7,raw_mean,85,42,43,32.25047674242455,3.147571833115594,1.5670956293764309,0.5612162942825096,3.2
VisualCogA_Task-1.mat,7,bandpass_mean,85,42,43,32.25047674242455,0.7155135972499078,0.5581277719889062,0.8527079597148471,3.2
VisualCogA_Task-1.mat,7,current_pipeline,85,42,43,32.25047674242455,0.6435824000776365,0.717891932487982,0.9307141636353903,3.2
VisualCogA_Task-1.mat,8,raw_mean,85,44,41,32.25047674242455,2.5228849527651267,-0.16916289351766745,-0.04580825688697881,3.2
VisualCogA_Task-1.mat,8,bandpass_mean,85,44,41,32.25047674242455,0.828606308906654,0.6705636250421064,0.7686998381596907,3.2
VisualCogA_Task-1.mat,8,current_pipeline,85,44,41,32.25047674242455,0.3545145297736804,0.8608391247759916,0.9513399148565898,3.2
VisualCogA_Task-1.mat,9,raw_mean,85,42,43,32.25047674242455,2.3156677159402133,0.7937773275258373,0.3749726776244084,3.2
VisualCogA_Task-1.mat,9,bandpass_mean,85,42,43,32.25047674242455,0.41172603119659185,0.9973079694342133,0.937475641898763,3.2
VisualCogA_Task-1.mat,9,current_pipeline,85,42,43,32.25047674242455,0.2499098026586802,0.9571822206527751,0.9845073287792195,3.2
VisualCogA_Task-1.mat,10,raw_mean,85,45,40,32.25047674242455,0.8351757037095849,0.9920409762197052,0.7669631777608358,3.2
VisualCogA_Task-1.mat,10,bandpass_mean,85,45,40,32.25047674242455,0.5607095135632846,0.9320592667528731,0.9018341934998101,3.2
VisualCogA_Task-1.mat,10,current_pipeline,85,45,40,32.25047674242455,0.501017515652154,0.874001158457675,0.9293042222906821,3.2
VisualCogA_Task-1.mat,11,raw_mean,85,44,41,32.25047674242455,1.539315583374084,1.2915965055123209,0.7249874486709117,3.2
VisualCogA_Task-1.mat,11,bandpass_mean,85,44,41,32.25047674242455,0.44605485298728165,0.6969488755410769,0.9144271964051657,3.2
VisualCogA_Task-1.mat,11,current_pipeline,85,44,41,32.25047674242455,0.3663560665455339,0.7976609685898568,0.9338621483669513,3.2
VisualCogA_Task-1.mat,12,raw_mean,85,42,43,32.25047674242455,6.0462406608255765,-0.6899171787727398,-0.10566583159714159,3.2
VisualCogA_Task-1.mat,12,bandpass_mean,85,42,43,32.25047674242455,0.5514962580237475,0.7711802017573601,0.8906594533466616,3.2
VisualCogA_Task-1.mat,12,current_pipeline,85,42,43,32.25047674242455,0.37969258270774714,0.8273602043680746,0.9420339880879892,3.2
VisualCogA_Task-1.mat,13,raw_mean,85,43,42,32.25047674242455,1.7599074389730496,1.032449656174215,0.5619969173638854,3.2
VisualCogA_Task-1.mat,13,bandpass_mean,85,43,42,32.25047674242455,0.8630797514117073,0.7163704244522382,0.7618650841145659,3.2
VisualCogA_Task-1.mat,13,current_pipeline,85,43,42,32.25047674242455,0.4578558512119335,0.85434366151756,0.9103939266560069,3.2
VisualCogA_Task-1.mat,14,raw_mean,85,43,42,32.25047674242455,1.3836809424111305,0.6901297753725012,0.5916898157202556,3.2
VisualCogA_Task-1.mat,14,bandpass_mean,85,43,42,32.25047674242455,0.6255402672765676,1.0886743609138974,0.91944956431007,3.2
VisualCogA_Task-1.mat,14,current_pipeline,85,43,42,32.25047674242455,0.45294713770265965,1.012423917623455,0.9383627191655577,3.2
VisualCogA_Task-1.mat,15,raw_mean,85,43,42,32.25047674242455,1.250784817388455,1.121513141885675,0.7616980307463714,3.2
VisualCogA_Task-1.mat,15,bandpass_mean,85,43,42,32.25047674242455,0.5496562664283847,1.0608140281805603,0.9213259639732799,3.2
VisualCogA_Task-1.mat,15,current_pipeline,85,43,42,32.25047674242455,0.503409201416148,1.1669341421675423,0.9367074577195244,3.2
VisualCogA_Task-1.mat,16,raw_mean,85,41,44,32.25047674242455,3.489625809335781,1.5376469544446623,0.47516921925740646,3.2
VisualCogA_Task-1.mat,16,bandpass_mean,85,41,44,32.25047674242455,1.2495713020921333,0.44603994949339065,0.6643552565584888,3.2
VisualCogA_Task-1.mat,16,current_pipeline,85,41,44,32.25047674242455,0.8954027672280009,0.5871444837815983,0.8057570738724982,3.2
VisualCogA_Task-1.mat,17,raw_mean,85,44,41,32.25047674242455,0.9717864303950688,1.1769046004943728,0.8490198365109525,3.2
VisualCogA_Task-1.mat,17,bandpass_mean,85,44,41,32.25047674242455,0.36255854026594103,0.946717183016494,0.9371167344116024,3.2
VisualCogA_Task-1.mat,17,current_pipeline,85,44,41,32.25047674242455,0.3241322886228698,0.8869479890290562,0.9494581270299761,3.2
VisualCogA_Task-1.mat,18,raw_mean,85,44,41,32.25047674242455,0.8775839163610908,0.8916170915779962,0.8367079880008379,3.2
VisualCogA_Task-1.mat,18,bandpass_mean,85,44,41,32.25047674242455,0.37258626023461067,1.1166736513012516,0.9729667511967143,3.2
VisualCogA_Task-1.mat,18,current_pipeline,85,44,41,32.25047674242455,0.34727900135657,0.9996587157917664,0.981031773309405,3.2
VisualCogA_Task-1.mat,19,raw_mean,85,44,41,32.25047674242455,1.6237484890057525,0.7984999789635203,0.5541386693412982,3.2
VisualCogA_Task-1.mat,19,bandpass_mean,85,44,41,32.25047674242455,0.4946235604149182,0.900587972736314,0.880236738428028,3.2
VisualCogA_Task-1.mat,19,current_pipeline,85,44,41,32.25047674242455,0.5081967995301871,0.7996325521839261,0.8742510405720985,3.2
VisualCogA_Task-1.mat,20,raw_mean,85,41,44,32.25047674242455,1.259984090864857,1.2504532423180421,0.7315641204577041,3.2
VisualCogA_Task-1.mat,20,bandpass_mean,85,41,44,32.25047674242455,0.7201865222755631,0.8574543543237598,0.8111338083988726,3.2
VisualCogA_Task-1.mat,20,current_pipeline,85,41,44,32.25047674242455,0.45170316602347776,0.7555109017448028,0.8930159946187379,3.2
VisualCogA_Task-1.mat,21,raw_mean,85,44,41,32.25047674242455,1.3947013939827657,0.4509892381041635,0.3800160239573044,3.2
VisualCogA_Task-1.mat,21,bandpass_mean,85,44,41,32.25047674242455,0.5779145105640361,1.0570647508669104,0.9228087424573969,3.2
VisualCogA_Task-1.mat,21,current_pipeline,85,44,41,32.25047674242455,0.3828898082566124,1.0834923685247426,0.9513337692496547,3.2
VisualCogA_Task-1.mat,22,raw_mean,85,41,44,32.25047674242455,0.6543018200187012,1.2700638470601644,0.9717748806839345,3.2
VisualCogA_Task-1.mat,22,bandpass_mean,85,41,44,32.25047674242455,0.5544302102289433,0.8192130946897083,0.8835989169126299,3.2
VisualCogA_Task-1.mat,22,current_pipeline,85,41,44,32.25047674242455,0.35412494247242327,0.8795451799144741,0.93789967800311,3.2
VisualCogA_Task-1.mat,23,raw_mean,85,43,42,32.25047674242455,1.006823023878776,0.9698910483404847,0.7316263358296028,3.2
VisualCogA_Task-1.mat,23,bandpass_mean,85,43,42,32.25047674242455,0.8832742485740599,0.4704364812199808,0.7261704377135594,3.2
VisualCogA_Task-1.mat,23,current_pipeline,85,43,42,32.25047674242455,0.6746047064318033,0.586175200558573,0.7956777373293882,3.2
VisualCogA_Task-1.mat,24,raw_mean,85,43,42,32.25047674242455,1.6862419905982466,0.18893649068472274,0.11809668568151901,3.2
VisualCogA_Task-1.mat,24,bandpass_mean,85,43,42,32.25047674242455,0.5917774748447351,0.854523045103119,0.8822035090683751,3.2
VisualCogA_Task-1.mat,24,current_pipeline,85,43,42,32.25047674242455,0.36727292615631785,0.9882298157193597,0.9408538725254246,3.2
VisualCogA_Task-1.mat,25,raw_mean,85,44,41,32.25047674242455,1.1372701810315995,1.3743481116976195,0.9040843699436841,3.2
VisualCogA_Task-1.mat,25,bandpass_mean,85,44,41,32.25047674242455,0.3698214227809725,1.0362927877364878,0.9428074738613409,3.2
VisualCogA_Task-1.mat,25,current_pipeline,85,44,41,32.25047674242455,0.33685191475898973,0.9531990952632186,0.9497022953506501,3.2
VisualCogA_Task-1.mat,26,raw_mean,85,41,44,32.25047674242455,2.391081992145724,0.17380059209818213,0.15928115780083568,3.2
VisualCogA_Task-1.mat,26,bandpass_mean,85,41,44,32.25047674242455,0.8166888279636929,0.9593883829376614,0.8224568307181056,3.2
VisualCogA_Task-1.mat,26,current_pipeline,85,41,44,32.25047674242455,0.525282729873337,1.0894225023287814,0.9112466767276429,3.2
VisualCogA_Task-1.mat,27,raw_mean,85,43,42,32.25047674242455,1.2208621162213182,0.5433361815061244,0.46574388270708794,3.2
VisualCogA_Task-1.mat,27,bandpass_mean,85,43,42,32.25047674242455,0.7357969068130552,0.8918618076329172,0.8666735077758675,3.2
VisualCogA_Task-1.mat,27,current_pipeline,85,43,42,32.25047674242455,0.3976891284229643,0.8523892703058583,0.9404517082482106,3.2
VisualCogA_Task-1.mat,28,raw_mean,85,42,43,32.25047674242455,0.7626018948491151,1.5048267282853613,0.9603996647777624,3.2
VisualCogA_Task-1.mat,28,bandpass_mean,85,42,43,32.25047674242455,0.34569870155108534,1.169659313566623,0.9770365889262638,3.2
VisualCogA_Task-1.mat,28,current_pipeline,85,42,43,32.25047674242455,0.3407922486486915,1.0966834854366165,0.9722498326907532,3.2
VisualCogA_Task-1.mat,29,raw_mean,85,42,43,32.25047674242455,1.0694403060365947,1.1662126017164371,0.8510893882139547,3.2
VisualCogA_Task-1.mat,29,bandpass_mean,85,42,43,32.25047674242455,0.7564688321744776,0.7076166517874685,0.809464521219255,3.2
VisualCogA_Task-1.mat,29,current_pipeline,85,42,43,32.25047674242455,0.446923992126306,0.8058721571118362,0.9133103564983676,3.2
VisualCogA_Task-1.mat,30,raw_mean,85,43,42,32.25047674242455,1.9504039065465149,1.40246447421904,0.7199686238897333,3.2
VisualCogA_Task-1.mat,30,bandpass_mean,85,43,42,32.25047674242455,0.45154787047579864,0.9930942073203307,0.9200911147689729,3.2
VisualCogA_Task-1.mat,30,current_pipeline,85,43,42,32.25047674242455,0.3820588881868695,0.9731356721893282,0.931981342446334,3.2
VisualCogA_Task-1.mat,31,raw_mean,85,43,42,32.25047674242455,2.545859678712501,1.5757911718729074,0.6417098128434271,3.2
VisualCogA_Task-1.mat,31,bandpass_mean,85,43,42,32.25047674242455,0.37285074390279105,0.8398537887308508,0.9717224240078174,3.2
VisualCogA_Task-1.mat,31,current_pipeline,85,43,42,32.25047674242455,0.30015965293863317,0.785843185514103,0.9722960925088335,3.2
VisualCogA_Task-1.mat,32,raw_mean,85,41,44,32.25047674242455,0.8250003988143602,1.0493697028994144,0.8074003073236986,3.2
VisualCogA_Task-1.mat,32,bandpass_mean,85,41,44,32.25047674242455,0.8362963968687241,1.3588955892535666,0.9074508234957629,3.2
VisualCogA_Task-1.mat,32,current_pipeline,85,41,44,32.25047674242455,0.7044167946305697,1.3186942828474826,0.9134643347387268,3.2
VisualCogA_Task-1.mat,33,raw_mean,85,43,42,32.25047674242455,1.13013692232312,0.6934482794367797,0.7567664457344079,3.2
VisualCogA_Task-1.mat,33,bandpass_mean,85,43,42,32.25047674242455,0.485429101929627,0.8131549297304037,0.9514082863412036,3.2
VisualCogA_Task-1.mat,33,current_pipeline,85,43,42,32.25047674242455,0.4153188477953568,0.8181987501371124,0.9703848912993508,3.2
VisualCogA_Task-1.mat,34,raw_mean,85,42,43,32.25047674242455,3.589421800264936,0.4301113937794131,0.24393623962130676,3.2
VisualCogA_Task-1.mat,34,bandpass_mean,85,42,43,32.25047674242455,0.9600966888004944,0.8810857299125704,0.8202937151722909,3.2
VisualCogA_Task-1.mat,34,current_pipeline,85,42,43,32.25047674242455,0.5189464345826029,0.7848061245877596,0.9318399552704143,3.2
VisualCogA_Task-1.mat,35,raw_mean,85,42,43,32.25047674242455,1.2364848202578356,0.8350971792007881,0.6211412369076719,3.2
VisualCogA_Task-1.mat,35,bandpass_mean,85,42,43,32.25047674242455,1.0440742569534105,0.5420903498279999,0.6973326096688404,3.2
VisualCogA_Task-1.mat,35,current_pipeline,85,42,43,32.25047674242455,0.6060072632962897,0.6928429281261631,0.874440197903635,3.2
VisualCogA_Task-1.mat,36,raw_mean,85,41,44,32.25047674242455,0.869444546666937,1.1161120850570359,0.8121782042314377,3.2
VisualCogA_Task-1.mat,36,bandpass_mean,85,41,44,32.25047674242455,0.2989367351287409,1.0853119283365693,0.9669051575879272,3.2
VisualCogA_Task-1.mat,36,current_pipeline,85,41,44,32.25047674242455,0.33732396620984395,0.9372660692031316,0.9760391331958421,3.2
VisualCogA_Task-1.mat,37,raw_mean,85,44,41,32.25047674242455,0.8377769494854206,0.7262109782584987,0.6864412834621331,3.2
VisualCogA_Task-1.mat,37,bandpass_mean,85,44,41,32.25047674242455,0.35122651087842516,0.9514338268166224,0.9408160986321905,3.2
VisualCogA_Task-1.mat,37,current_pipeline,85,44,41,32.25047674242455,0.2754802871087498,1.0284376501428931,0.9807861461667917,3.2
VisualCogA_Task-1.mat,38,raw_mean,85,44,41,32.25047674242455,1.4960416785040038,1.4921560655188142,0.7596105369056595,3.2
VisualCogA_Task-1.mat,38,bandpass_mean,85,44,41,32.25047674242455,0.5500775838596331,1.1855045745073414,0.9165845857631245,3.2
VisualCogA_Task-1.mat,38,current_pipeline,85,44,41,32.25047674242455,0.3585240406512652,1.0172721841953667,0.9434715954172674,3.2
VisualCogA_Task-1.mat,39,raw_mean,85,43,42,32.25047674242455,1.2453532689589817,1.0967182366730697,0.7064908495911641,3.2
VisualCogA_Task-1.mat,39,bandpass_mean,85,43,42,32.25047674242455,0.8695135748821542,0.6650188272181222,0.8223736602931794,3.2
VisualCogA_Task-1.mat,39,current_pipeline,85,43,42,32.25047674242455,0.469278989690446,0.7424170388147228,0.9226890929127906,3.2
VisualCogA_Task-1.mat,40,raw_mean,85,43,42,32.25047674242455,0.8249248431665447,1.3652212298866895,0.8788770573652143,3.2
VisualCogA_Task-1.mat,40,bandpass_mean,85,43,42,32.25047674242455,0.7298329680056267,0.9414592633532917,0.8597739746111872,3.2
VisualCogA_Task-1.mat,40,current_pipeline,85,43,42,32.25047674242455,0.37655243454005294,1.0217367004700344,0.9449527309209775,3.2
VisualCogA_Task-1.mat,41,raw_mean,85,42,43,32.25047674242455,2.362282081528414,1.2795769425657337,0.5412079510041059,3.2
VisualCogA_Task-1.mat,41,bandpass_mean,85,42,43,32.25047674242455,0.48649328819169285,1.0293553240957427,0.9039997889638857,3.2
VisualCogA_Task-1.mat,41,current_pipeline,85,42,43,32.25047674242455,0.51139625268676,0.9305265190966213,0.9455302820666222,3.2
VisualCogA_Task-1.mat,42,raw_mean,85,42,43,32.25047674242455,1.784487470811629,1.4127844100155524,0.702380012611267,3.2
VisualCogA_Task-1.mat,42,bandpass_mean,85,42,43,32.25047674242455,0.4008107309705123,0.9106731244305317,0.9255074392728794,3.2
VisualCogA_Task-1.mat,42,current_pipeline,85,42,43,32.25047674242455,0.3822526223927269,0.9449575283452776,0.9454017142353986,3.2
VisualCogA_Task-1.mat,43,raw_mean,85,43,42,32.25047674242455,3.3408916886269315,1.6661405199961283,0.5747369379890895,3.2
VisualCogA_Task-1.mat,43,bandpass_mean,85,43,42,32.25047674242455,0.3530174778877572,0.9054551236002872,0.9471901810773478,3.2
VisualCogA_Task-1.mat,43,current_pipeline,85,43,42,32.25047674242455,0.44863835138552643,0.7821985592682441,0.9531399312508306,3.2
VisualCogA_Task-1.mat,44,raw_mean,85,44,41,32.25047674242455,2.316375431847504,1.7262656093346544,0.733444794598296,3.2
VisualCogA_Task-1.mat,44,bandpass_mean,85,44,41,32.25047674242455,0.8538924367635846,0.8339787150455995,0.8442744502661403,3.2
VisualCogA_Task-1.mat,44,current_pipeline,85,44,41,32.25047674242455,0.3817254182056149,0.9609207879229057,0.9647745888041678,3.2
VisualCogA_Task-1.mat,45,raw_mean,85,43,42,32.25047674242455,1.260200460487368,0.8765337980306062,0.6011074571083952,3.2
VisualCogA_Task-1.mat,45,bandpass_mean,85,43,42,32.25047674242455,0.26076708505899593,0.9424863611384116,0.9665860794804492,3.2
VisualCogA_Task-1.mat,45,current_pipeline,85,43,42,32.25047674242455,0.28751561696048084,0.8834655030202969,0.958463988046235,3.2
VisualCogA_Task-1.mat,46,raw_mean,85,44,41,32.25047674242455,0.7683613183442571,0.9588316788589603,0.8873304361429121,3.2
VisualCogA_Task-1.mat,46,bandpass_mean,85,44,41,32.25047674242455,0.4236208213251454,0.8466235332905063,0.9438852189421767,3.2
VisualCogA_Task-1.mat,46,current_pipeline,85,44,41,32.25047674242455,0.33522592631922576,0.8190876660630826,0.9499908634578357,3.2
VisualCogA_Task-1.mat,47,raw_mean,85,44,41,32.25047674242455,1.694433607578232,0.5673490371790976,0.4175195573701447,3.2
VisualCogA_Task-1.mat,47,bandpass_mean,85,44,41,32.25047674242455,0.611790163389194,0.6440790015194089,0.8043032775849562,3.2
VisualCogA_Task-1.mat,47,current_pipeline,85,44,41,32.25047674242455,0.39959684523278116,0.7861501310579562,0.9222663491689561,3.2
VisualCogA_Task-1.mat,48,raw_mean,85,41,44,32.25047674242455,1.7917390168830798,0.5298074784370461,0.3254869467426479,3.2
VisualCogA_Task-1.mat,48,bandpass_mean,85,41,44,32.25047674242455,0.4335067368023275,0.9299029881296255,0.9166945954315746,3.2
VisualCogA_Task-1.mat,48,current_pipeline,85,41,44,32.25047674242455,0.4000917516741274,1.013820168979401,0.9397407391973276,3.2
VisualCogA_Task-2.mat,1,raw_mean,92,45,47,39.822013664477794,3.1075008406575138,0.25898938783393566,0.22139241022219136,3.2
VisualCogA_Task-2.mat,1,bandpass_mean,92,45,47,39.822013664477794,0.7902830162157649,1.275063705413064,0.8689631307566881,3.2
VisualCogA_Task-2.mat,1,current_pipeline,92,45,47,39.822013664477794,0.7515630680101085,1.236929179584386,0.8659184711624408,3.2
VisualCogA_Task-2.mat,2,raw_mean,92,45,47,39.822013664477794,1.7438427720000984,1.3329904564255122,0.7340451814239227,3.2
VisualCogA_Task-2.mat,2,bandpass_mean,92,45,47,39.822013664477794,1.3251081015926909,0.7984488823578522,0.8720693495853287,3.2
VisualCogA_Task-2.mat,2,current_pipeline,92,45,47,39.822013664477794,1.0939295124878092,0.7637801027973126,0.8906606404768548,3.2
VisualCogA_Task-2.mat,3,raw_mean,92,45,47,39.822013664477794,0.6344116179938429,1.2297824306436924,0.9351934706316994,3.2
VisualCogA_Task-2.mat,3,bandpass_mean,92,45,47,39.822013664477794,0.6010489722205193,1.2768747728376881,0.9373611487468506,3.2
VisualCogA_Task-2.mat,3,current_pipeline,92,45,47,39.822013664477794,0.7889077925821217,1.3141204737202392,0.9301501373570712,3.2
VisualCogA_Task-2.mat,4,raw_mean,92,45,47,39.822013664477794,1.1158295674216578,1.4944745974115687,0.8570754900792167,3.2
VisualCogA_Task-2.mat,4,bandpass_mean,92,45,47,39.822013664477794,1.4759821585531048,1.4139513029600936,0.8373039151190155,3.2
VisualCogA_Task-2.mat,4,current_pipeline,92,45,47,39.822013664477794,1.0620055830733588,1.4715282416565916,0.9115969071321407,3.2
VisualCogA_Task-2.mat,5,raw_mean,92,46,46,39.822013664477794,0.5082377868539655,0.9080674505244359,0.8838950526961993,3.2
VisualCogA_Task-2.mat,5,bandpass_mean,92,46,46,39.822013664477794,0.4077592017221822,1.078649204367929,0.9377000350837161,3.2
VisualCogA_Task-2.mat,5,current_pipeline,92,46,46,39.822013664477794,0.5213391808817328,1.0194409972539822,0.9259992680614064,3.2
VisualCogA_Task-2.mat,6,raw_mean,92,46,46,39.822013664477794,3.2446890737051928,0.9470552065515778,0.7309150249301762,3.2
VisualCogA_Task-2.mat,6,bandpass_mean,92,46,46,39.822013664477794,1.5147626239134884,1.342989195827034,0.8966081614836646,3.2
VisualCogA_Task-2.mat,6,current_pipeline,92,46,46,39.822013664477794,1.0878522235415837,1.2477827963172357,0.9050755754738267,3.2
VisualCogA_Task-2.mat,7,raw_mean,92,47,45,39.822013664477794,2.2737753134524734,1.1235678702908858,0.6238302544884382,3.2
VisualCogA_Task-2.mat,7,bandpass_mean,92,47,45,39.822013664477794,1.1028908524182175,1.4284276334206907,0.8634897208620035,3.2
VisualCogA_Task-2.mat,7,current_pipeline,92,47,45,39.822013664477794,0.9194327622138828,1.4381223248724848,0.8795238499600914,3.2
VisualCogA_Task-2.mat,8,raw_mean,92,46,46,39.822013664477794,1.3060002573000011,0.8874751323235396,0.6514853094247756,3.2
VisualCogA_Task-2.mat,8,bandpass_mean,92,46,46,39.822013664477794,0.7667280659195964,0.8544707895771456,0.7728564545984821,3.2
VisualCogA_Task-2.mat,8,current_pipeline,92,46,46,39.822013664477794,0.6118016636678775,0.986409137011047,0.8494292545856397,3.2
VisualCogA_Task-2.mat,9,raw_mean,92,47,45,39.822013664477794,1.5045939963649992,0.536230665018126,0.5562470373510094,3.2
VisualCogA_Task-2.mat,9,bandpass_mean,92,47,45,39.822013664477794,0.5407967724688614,1.1976561398701606,0.9318312489581763,3.2
VisualCogA_Task-2.mat,9,current_pipeline,92,47,45,39.822013664477794,0.38512581125426604,1.0902906079432213,0.9474212057116341,3.2
VisualCogA_Task-2.mat,10,raw_mean,92,49,43,39.822013664477794,0.6949772594131505,0.7786902817570723,0.8095717217462735,3.2
VisualCogA_Task-2.mat,10,bandpass_mean,92,49,43,39.822013664477794,0.9798520155241935,0.6050983088337506,0.8690079306916786,3.2
VisualCogA_Task-2.mat,10,current_pipeline,92,49,43,39.822013664477794,0.6952972390074732,0.5981609335437503,0.9178578869479147,3.2
VisualCogA_Task-2.mat,11,raw_mean,92,46,46,39.822013664477794,1.9210036442827771,1.4759182166666514,0.9111565914655324,3.2
VisualCogA_Task-2.mat,11,bandpass_mean,92,46,46,39.822013664477794,0.8182548751559767,1.258429257476486,0.9631465939063335,3.2
VisualCogA_Task-2.mat,11,current_pipeline,92,46,46,39.822013664477794,0.7960406331849935,1.350411903717407,0.9709659785728293,3.2
VisualCogA_Task-2.mat,12,raw_mean,92,47,45,39.822013664477794,2.4367792870512104,0.2794763001967325,0.3967879637797235,3.2
VisualCogA_Task-2.mat,12,bandpass_mean,92,47,45,39.822013664477794,0.6836337777350352,0.7920753555931752,0.9276314567256299,3.2
VisualCogA_Task-2.mat,12,current_pipeline,92,47,45,39.822013664477794,0.5936113295676452,0.7368896868404569,0.9304294790694547,3.2
VisualCogA_Task-2.mat,13,raw_mean,92,46,46,39.822013664477794,3.816188166726868,2.0874276819156172,0.6833373520964633,3.2
VisualCogA_Task-2.mat,13,bandpass_mean,92,46,46,39.822013664477794,0.8500490520796753,1.2416139755926132,0.8540471693809059,3.2
VisualCogA_Task-2.mat,13,current_pipeline,92,46,46,39.822013664477794,0.7500746544469008,1.1998164374835527,0.8621524225083367,3.2
VisualCogA_Task-2.mat,14,raw_mean,92,44,48,39.822013664477794,1.3734375320652088,1.531302015820069,0.8767187128216586,3.2
VisualCogA_Task-2.mat,14,bandpass_mean,92,44,48,39.822013664477794,0.7512019112107204,1.366983550469091,0.9034762215390294,3.2
VisualCogA_Task-2.mat,14,current_pipeline,92,44,48,39.822013664477794,0.7303622892512119,1.2716440107481848,0.8828469496623019,3.2
VisualCogA_Task-2.mat,15,raw_mean,92,45,47,39.822013664477794,0.8400965453563016,1.365813778332511,0.8775979101702464,3.2
VisualCogA_Task-2.mat,15,bandpass_mean,92,45,47,39.822013664477794,0.4515884861794609,1.2438256532912415,0.9646252507322972,3.2
VisualCogA_Task-2.mat,15,current_pipeline,92,45,47,39.822013664477794,0.4888845714535599,1.1911722072359796,0.9532562920177768,3.2
VisualCogA_Task-2.mat,16,raw_mean,92,45,47,39.822013664477794,1.463893274189044,0.6960515429355197,0.534263849438589,3.2
VisualCogA_Task-2.mat,16,bandpass_mean,92,45,47,39.822013664477794,0.4173429558985039,0.7012692186427822,0.926477621655947,3.2
VisualCogA_Task-2.mat,16,current_pipeline,92,45,47,39.822013664477794,0.43397236968658354,0.7308810422686735,0.9100769448201133,3.2
VisualCogA_Task-2.mat,17,raw_mean,92,46,46,39.822013664477794,2.186205826270776,1.686695923460614,0.8597936747176771,3.2
VisualCogA_Task-2.mat,17,bandpass_mean,92,46,46,39.822013664477794,0.49829352033618285,0.9825507177775895,0.9100741760005253,3.2
VisualCogA_Task-2.mat,17,current_pipeline,92,46,46,39.822013664477794,0.5085650091215392,0.9084592204655328,0.9003332737550102,3.2
VisualCogA_Task-2.mat,18,raw_mean,92,45,47,39.822013664477794,3.2751789707368526,2.2783218221037678,0.732900136110724,3.2
VisualCogA_Task-2.mat,18,bandpass_mean,92,45,47,39.822013664477794,0.7488281498602789,1.1873230261630794,0.941951076110492,3.2
VisualCogA_Task-2.mat,18,current_pipeline,92,45,47,39.822013664477794,0.667162238860295,1.206505774848619,0.9366528527218225,3.2
VisualCogA_Task-2.mat,19,raw_mean,92,45,47,39.822013664477794,1.3902919535251799,1.664016427862261,0.9187104950726536,3.2
VisualCogA_Task-2.mat,19,bandpass_mean,92,45,47,39.822013664477794,1.0087502660449492,1.2558760772524757,0.9007561820350721,3.2
VisualCogA_Task-2.mat,19,current_pipeline,92,45,47,39.822013664477794,0.8446039265576926,1.1759148186335624,0.9210707180646494,3.2
VisualCogA_Task-2.mat,20,raw_mean,92,47,45,39.822013664477794,1.189493424526302,0.09349042244592484,0.1339361305925783,3.2
VisualCogA_Task-2.mat,20,bandpass_mean,92,47,45,39.822013664477794,1.0236831025694757,0.1671217114113995,0.2940891136495028,3.2
VisualCogA_Task-2.mat,20,current_pipeline,92,47,45,39.822013664477794,1.025541855637478,0.2043589731168662,0.3360054268447126,3.2
VisualCogA_Task-2.mat,21,raw_mean,92,49,43,39.822013664477794,2.1220030620850516,2.1478817740949,0.9136257937505534,3.2
VisualCogA_Task-2.mat,21,bandpass_mean,92,49,43,39.822013664477794,1.19206659589296,1.6181132616289013,0.8893853973580099,3.2
VisualCogA_Task-2.mat,21,current_pipeline,92,49,43,39.822013664477794,1.2225262652745161,1.644216189868468,0.8972992866495623,3.2
VisualCogA_Task-2.mat,22,raw_mean,92,46,46,39.822013664477794,3.0682742123837894,-0.27094791118432576,-0.08073174347358318,3.2
VisualCogA_Task-2.mat,22,bandpass_mean,92,46,46,39.822013664477794,1.0051382769190553,0.5789217691967059,0.5361450704131804,3.2
VisualCogA_Task-2.mat,22,current_pipeline,92,46,46,39.822013664477794,1.0041330523908032,0.6888965494952297,0.5841045169432634,3.2
VisualCogA_Task-2.mat,23,raw_mean,92,47,45,39.822013664477794,0.707986498597914,1.1133493985768126,0.8861383531455443,3.2
VisualCogA_Task-2.mat,23,bandpass_mean,92,47,45,39.822013664477794,0.5168403341161422,1.0167658718730266,0.9486320607940599,3.2
VisualCogA_Task-2.mat,23,current_pipeline,92,47,45,39.822013664477794,0.2811778546117622,0.9130481553896027,0.9636303958457602,3.2
VisualCogA_Task-2.mat,24,raw_mean,92,44,48,39.822013664477794,4.779364255683484,2.469322729869356,0.8216273105640705,3.2
VisualCogA_Task-2.mat,24,bandpass_mean,92,44,48,39.822013664477794,0.4866374654927203,1.177743038330744,0.9350028472036203,3.2
VisualCogA_Task-2.mat,24,current_pipeline,92,44,48,39.822013664477794,0.6741305226748255,1.4466756087866046,0.9474139636432262,3.2
VisualCogA_Task-2.mat,25,raw_mean,92,48,44,39.822013664477794,0.7030353837169593,0.6793201821274725,0.7427468542962337,3.2
VisualCogA_Task-2.mat,25,bandpass_mean,92,48,44,39.822013664477794,1.0351951034929572,0.7192322252937985,0.7304026874777173,3.2
VisualCogA_Task-2.mat,25,current_pipeline,92,48,44,39.822013664477794,0.692119204396352,0.7637923357863289,0.8293968472187657,3.2
VisualCogA_Task-2.mat,26,raw_mean,92,47,45,39.822013664477794,2.302864408336259,0.9515387597371074,0.8828781168916584,3.2
VisualCogA_Task-2.mat,26,bandpass_mean,92,47,45,39.822013664477794,0.8606602207224429,1.5205026119860157,0.9113567726265756,3.2
VisualCogA_Task-2.mat,26,current_pipeline,92,47,45,39.822013664477794,0.518040169661464,1.3147718704870148,0.9550066974907057,3.2
VisualCogA_Task-2.mat,27,raw_mean,92,47,45,39.822013664477794,1.2198695759521674,1.021029948688422,0.8566760692404962,3.2
VisualCogA_Task-2.mat,27,bandpass_mean,92,47,45,39.822013664477794,0.4829539605978199,1.0032970629665452,0.9683308602549047,3.2
VisualCogA_Task-2.mat,27,current_pipeline,92,47,45,39.822013664477794,0.45388694492362586,1.1443476780507005,0.9535255971013472,3.2
VisualCogA_Task-2.mat,28,raw_mean,92,50,42,39.822013664477794,1.6900620466447576,-0.14748197872897018,-0.10354950550887745,3.2
VisualCogA_Task-2.mat,28,bandpass_mean,92,50,42,39.822013664477794,0.6890855373571061,0.5476354046975445,0.7696732599490155,3.2
VisualCogA_Task-2.mat,28,current_pipeline,92,50,42,39.822013664477794,0.7728391753370848,0.4474160469318493,0.6386582273121316,3.2
VisualCogA_Task-2.mat,29,raw_mean,92,46,46,39.822013664477794,1.1337589704123368,0.7932958769503489,0.6614305267479262,3.2
VisualCogA_Task-2.mat,29,bandpass_mean,92,46,46,39.822013664477794,0.8446138920313427,0.8771623233176167,0.7775997243923339,3.2
VisualCogA_Task-2.mat,29,current_pipeline,92,46,46,39.822013664477794,0.6238437557826362,0.8453365450645751,0.8312938911338699,3.2
VisualCogA_Task-2.mat,30,raw_mean,92,45,47,39.822013664477794,1.659101508506198,1.1379174505471037,0.7042283184799129,3.2
VisualCogA_Task-2.mat,30,bandpass_mean,92,45,47,39.822013664477794,1.1590672861123668,0.8705471060396591,0.8030436706415218,3.2
VisualCogA_Task-2.mat,30,current_pipeline,92,45,47,39.822013664477794,0.6953487107657333,1.0845583723303027,0.8808867878756639,3.2
VisualCogA_Task-2.mat,31,raw_mean,92,47,45,39.822013664477794,0.8288991810660713,0.5743411951902098,0.628117398129265,3.2
VisualCogA_Task-2.mat,31,bandpass_mean,92,47,45,39.822013664477794,0.7408205452049711,0.5396513924627437,0.685879180391883,3.2
VisualCogA_Task-2.mat,31,current_pipeline,92,47,45,39.822013664477794,0.5591951796026376,0.6103098328159173,0.8369625965074148,3.2
VisualCogA_Task-2.mat,32,raw_mean,92,47,45,39.822013664477794,0.5265206322116461,1.1312224855382933,0.9127682509587662,3.2
VisualCogA_Task-2.mat,32,bandpass_mean,92,47,45,39.822013664477794,0.752162349895547,0.7833264752419458,0.8096275639457359,3.2
VisualCogA_Task-2.mat,32,current_pipeline,92,47,45,39.822013664477794,0.8061817690278245,0.885014830545828,0.8638130584123779,3.2
VisualCogA_Task-2.mat,33,raw_mean,92,45,47,39.822013664477794,4.8461649896120145,1.8221414529674584,0.5133071660083294,3.2
VisualCogA_Task-2.mat,33,bandpass_mean,92,45,47,39.822013664477794,1.0099626478080117,0.7121598601135475,0.6504742571413415,3.2
VisualCogA_Task-2.mat,33,current_pipeline,92,45,47,39.822013664477794,0.7565787612131962,0.7180416754346407,0.7174109173862409,3.2
VisualCogA_Task-2.mat,34,raw_mean,92,46,46,39.822013664477794,0.538053970509549,0.9502112022535486,0.8747044966261708,3.2
VisualCogA_Task-2.mat,34,bandpass_mean,92,46,46,39.822013664477794,0.46151920378076966,0.8803550189896319,0.9172167974939293,3.2
VisualCogA_Task-2.mat,34,current_pipeline,92,46,46,39.822013664477794,0.5734868536016752,0.9465470534268945,0.9455253888717421,3.2
VisualCogA_Task-2.mat,35,raw_mean,92,46,46,39.822013664477794,1.5132552405792339,0.3953989845639485,0.2992505323481098,3.2
VisualCogA_Task-2.mat,35,bandpass_mean,92,46,46,39.822013664477794,0.6466816611276719,0.6644474505242118,0.768034814350152,3.2
VisualCogA_Task-2.mat,35,current_pipeline,92,46,46,39.822013664477794,0.5623568793122233,0.8283081951350337,0.8410099270265277,3.2
VisualCogA_Task-2.mat,36,raw_mean,92,46,46,39.822013664477794,1.7317311532463733,0.8684022363065438,0.6538647020316035,3.2
VisualCogA_Task-2.mat,36,bandpass_mean,92,46,46,39.822013664477794,0.758406700025384,0.9040666728787246,0.921658118197944,3.2
VisualCogA_Task-2.mat,36,current_pipeline,92,46,46,39.822013664477794,0.3888621872704991,0.990836056721109,0.9545673462044686,3.2
VisualCogA_Task-2.mat,37,raw_mean,92,46,46,39.822013664477794,3.3681879173044926,1.3192054265337263,0.5261973222871377,3.2
VisualCogA_Task-2.mat,37,bandpass_mean,92,46,46,39.822013664477794,1.2256662594858176,0.44723090459452874,0.43620519035535776,3.2
VisualCogA_Task-2.mat,37,current_pipeline,92,46,46,39.822013664477794,0.8884678222493421,0.49004121977041487,0.5817090153148133,3.2
VisualCogA_Task-2.mat,38,raw_mean,92,46,46,39.822013664477794,2.5229941096678186,0.3404471470481385,0.49634741463525917,3.2
VisualCogA_Task-2.mat,38,bandpass_mean,92,46,46,39.822013664477794,1.518766953785663,0.7062839476887105,0.8083968586706638,3.2
VisualCogA_Task-2.mat,38,current_pipeline,92,46,46,39.822013664477794,1.0048953873527908,0.7799670435503353,0.9519057169670594,3.2
VisualCogA_Task-2.mat,39,raw_mean,92,49,43,39.822013664477794,1.598844515191608,0.5795737790424288,0.3723440367694812,3.2
VisualCogA_Task-2.mat,39,bandpass_mean,92,49,43,39.822013664477794,0.7536142989904014,0.5657462039733526,0.8121918540405774,3.2
VisualCogA_Task-2.mat,39,current_pipeline,92,49,43,39.822013664477794,0.7125716901821698,0.5280612879651134,0.7884771715513246,3.2
VisualCogA_Task-2.mat,40,raw_mean,92,48,44,39.822013664477794,4.119224840048668,0.11297862674237351,0.15990683298657027,3.2
VisualCogA_Task-2.mat,40,bandpass_mean,92,48,44,39.822013664477794,0.6128200807368176,1.29953408302835,0.9310329009956987,3.2
VisualCogA_Task-2.mat,40,current_pipeline,92,48,44,39.822013664477794,0.4040960258068231,1.255321026779018,0.9747210935869762,3.2
VisualCogA_Task-2.mat,41,raw_mean,92,46,46,39.822013664477794,2.053644058568681,1.3712402699855066,0.871016718324813,3.2
VisualCogA_Task-2.mat,41,bandpass_mean,92,46,46,39.822013664477794,1.103851556485718,0.6386642329087542,0.6409976148774548,3.2
VisualCogA_Task-2.mat,41,current_pipeline,92,46,46,39.822013664477794,0.8427904409952497,0.8592361221986248,0.7917514981669034,3.2
VisualCogA_Task-2.mat,42,raw_mean,92,44,48,39.822013664477794,1.0744735570369965,0.7179426568760668,0.9375956830507824,3.2
VisualCogA_Task-2.mat,42,bandpass_mean,92,44,48,39.822013664477794,0.7239289285201461,0.6719864994477525,0.8678034712854961,3.2
VisualCogA_Task-2.mat,42,current_pipeline,92,44,48,39.822013664477794,0.8500198254435422,0.6872975717878917,0.934476584865626,3.2
VisualCogA_Task-2.mat,43,raw_mean,92,44,48,39.822013664477794,1.0035942335521089,0.3756739256446929,0.4526519940153828,3.2
VisualCogA_Task-2.mat,43,bandpass_mean,92,44,48,39.822013664477794,1.5368186957071097,0.38514918372513035,0.3535894453244358,3.2
VisualCogA_Task-2.mat,43,current_pipeline,92,44,48,39.822013664477794,1.0633194034734643,0.4610043306732631,0.5557993354806894,3.2
VisualCogA_Task-2.mat,44,raw_mean,92,45,47,39.822013664477794,1.9255689535685647,1.5847412494760231,0.8633684005022594,3.2
VisualCogA_Task-2.mat,44,bandpass_mean,92,45,47,39.822013664477794,0.8843449701409132,1.0664621323802772,0.8384733558492027,3.2
VisualCogA_Task-2.mat,44,current_pipeline,92,45,47,39.822013664477794,0.5612490151705365,0.9473842867182896,0.8923790768762778,3.2
VisualCogA_Task-2.mat,45,raw_mean,92,45,47,39.822013664477794,2.140966856930862,1.403076398790707,0.8919548857428536,3.2
VisualCogA_Task-2.mat,45,bandpass_mean,92,45,47,39.822013664477794,0.514439486116561,0.8271910787629003,0.8673939915340517,3.2
VisualCogA_Task-2.mat,45,current_pipeline,92,45,47,39.822013664477794,0.45638516105627147,0.9072671204641736,0.9108681716290359,3.2
VisualCogA_Task-2.mat,46,raw_mean,92,45,47,39.822013664477794,3.272966330796566,0.12893672038330067,0.21037226483465327,3.2
VisualCogA_Task-2.mat,46,bandpass_mean,92,45,47,39.822013664477794,0.601473991502194,0.8224392431078983,0.8630197360839548,3.2
VisualCogA_Task-2.mat,46,current_pipeline,92,45,47,39.822013664477794,0.5911968993052669,0.7102465660232811,0.8363855572381957,3.2
VisualCogA_Task-2.mat,47,raw_mean,92,46,46,39.822013664477794,2.967443625852718,1.7508533004778948,0.8297082030298187,3.2
VisualCogA_Task-2.mat,47,bandpass_mean,92,46,46,39.822013664477794,0.8722512326111669,1.267980583981732,0.9226796139676131,3.2
VisualCogA_Task-2.mat,47,current_pipeline,92,46,46,39.822013664477794,0.794420464996433,1.1853774178173582,0.8723757079012632,3.2
VisualCogA_Task-2.mat,48,raw_mean,92,46,46,39.822013664477794,2.2462598523938753,1.8390109610596628,0.8452354279216683,3.2
VisualCogA_Task-2.mat,48,bandpass_mean,92,46,46,39.822013664477794,1.1152168316819118,0.9765532699184051,0.8590858169619228,3.2
VisualCogA_Task-2.mat,48,current_pipeline,92,46,46,39.822013664477794,0.8165557672500987,1.050464216859531,0.8974421979496898,3.2
VisualCogB_Task-1.mat,1,raw_mean,90,47,43,39.55208402535647,2.345964133828714,1.5558536214263128,0.686691421313295,3.2
VisualCogB_Task-1.mat,1,bandpass_mean,90,47,43,39.55208402535647,0.788848320889552,0.8191262021629552,0.7903021437633828,3.2
VisualCogB_Task-1.mat,1,current_pipeline,90,47,43,39.55208402535647,0.617391224374921,0.7871549994906273,0.8716012896657185,3.2
VisualCogB_Task-1.mat,2,raw_mean,90,46,44,39.55208402535647,1.0449016985617008,0.4536811717995878,0.5570342411413911,3.2
VisualCogB_Task-1.mat,2,bandpass_mean,90,46,44,39.55208402535647,0.8832966019569019,0.6057210995304503,0.7707058043583319,3.2
VisualCogB_Task-1.mat,2,current_pipeline,90,46,44,39.55208402535647,0.7667208221052847,0.6826746412769559,0.806897974632153,3.2
VisualCogB_Task-1.mat,3,raw_mean,90,44,46,39.55208402535647,2.3564423234222054,1.1771062002223227,0.45090776497693275,3.2
VisualCogB_Task-1.mat,3,bandpass_mean,90,44,46,39.55208402535647,0.7102729476137553,1.1139782033538577,0.8930456695930198,3.2
VisualCogB_Task-1.mat,3,current_pipeline,90,44,46,39.55208402535647,0.5555975042839103,1.0844915158713557,0.9268650558695007,3.2
VisualCogB_Task-1.mat,4,raw_mean,90,45,45,39.55208402535647,1.9569170624774372,0.8895263057724594,0.4122924580916256,3.2
VisualCogB_Task-1.mat,4,bandpass_mean,90,45,45,39.55208402535647,0.6291069675776365,0.8300894882289465,0.8439529973383348,3.2
VisualCogB_Task-1.mat,4,current_pipeline,90,45,45,39.55208402535647,0.4639790150491467,0.8237450990052834,0.9047243673246091,3.2
VisualCogB_Task-1.mat,5,raw_mean,90,44,46,39.55208402535647,2.33709679766676,-0.11987957081007572,-0.002912283731730016,3.2
VisualCogB_Task-1.mat,5,bandpass_mean,90,44,46,39.55208402535647,0.8049430552762727,0.5739424536606681,0.7822102640873166,3.2
VisualCogB_Task-1.mat,5,current_pipeline,90,44,46,39.55208402535647,0.6841069921608747,0.8006661892816168,0.8797117034850401,3.2
VisualCogB_Task-1.mat,6,raw_mean,90,46,44,39.55208402535647,1.5029052999977233,0.47444039467345633,0.3788974309705911,3.2
VisualCogB_Task-1.mat,6,bandpass_mean,90,46,44,39.55208402535647,0.62329035939071,0.6000222774613736,0.874894659700742,3.2
VisualCogB_Task-1.mat,6,current_pipeline,90,46,44,39.55208402535647,0.511844112521866,0.7703116103064245,0.9201621189542124,3.2
VisualCogB_Task-1.mat,7,raw_mean,90,46,44,39.55208402535647,3.7340635601828414,1.8465580669899564,0.5299291681551902,3.2
VisualCogB_Task-1.mat,7,bandpass_mean,90,46,44,39.55208402535647,0.5171156009895804,0.7892482114975505,0.8707695431732908,3.2
VisualCogB_Task-1.mat,7,current_pipeline,90,46,44,39.55208402535647,0.6470697883071138,0.6153262543376291,0.8716546403940616,3.2
VisualCogB_Task-1.mat,8,raw_mean,90,45,45,39.55208402535647,4.029250043163791,1.480516405300573,0.37746756124018244,3.2
VisualCogB_Task-1.mat,8,bandpass_mean,90,45,45,39.55208402535647,0.6267369663742872,1.1141852565065689,0.8767291343002512,3.2
VisualCogB_Task-1.mat,8,current_pipeline,90,45,45,39.55208402535647,0.5398279578151753,0.9657784410708009,0.8731166788319288,3.2
VisualCogB_Task-1.mat,9,raw_mean,90,45,45,39.55208402535647,1.276288248727667,1.120736216931225,0.682386269710521,3.2
VisualCogB_Task-1.mat,9,bandpass_mean,90,45,45,39.55208402535647,0.9946869989948526,0.9698686280830383,0.8527034222424723,3.2
VisualCogB_Task-1.mat,9,current_pipeline,90,45,45,39.55208402535647,0.9068241428313416,0.8488769463934002,0.8072400952051256,3.2
VisualCogB_Task-1.mat,10,raw_mean,90,46,44,39.55208402535647,1.6991129572221253,1.0654974723985757,0.5697311492466248,3.2
VisualCogB_Task-1.mat,10,bandpass_mean,90,46,44,39.55208402535647,0.4686389297050405,0.8539014159159383,0.8927605054515281,3.2
VisualCogB_Task-1.mat,10,current_pipeline,90,46,44,39.55208402535647,0.37504808444629817,0.8225215370117636,0.9367769698750024,3.2
VisualCogB_Task-1.mat,11,raw_mean,90,44,46,39.55208402535647,1.6903443565149503,0.7494695470791711,0.7409861807235022,3.2
VisualCogB_Task-1.mat,11,bandpass_mean,90,44,46,39.55208402535647,0.6870239266791076,0.8314138623851237,0.937255941397049,3.2
VisualCogB_Task-1.mat,11,current_pipeline,90,44,46,39.55208402535647,0.5736538201149091,0.7808091378428127,0.9407522761419513,3.2
VisualCogB_Task-1.mat,12,raw_mean,90,44,46,39.55208402535647,1.3048656672228287,0.5321977614745594,0.7608628680814988,3.2
VisualCogB_Task-1.mat,12,bandpass_mean,90,44,46,39.55208402535647,0.7284749149596864,0.7879896695357391,0.9024888834989298,3.2
VisualCogB_Task-1.mat,12,current_pipeline,90,44,46,39.55208402535647,0.5117747587610983,0.9125442959365488,0.9515476680827034,3.2
VisualCogB_Task-1.mat,13,raw_mean,90,45,45,39.55208402535647,1.8808614614143138,0.6649770108788572,0.4835483790249367,3.2
VisualCogB_Task-1.mat,13,bandpass_mean,90,45,45,39.55208402535647,0.5707940265542046,0.9160431825493681,0.8522979158354058,3.2
VisualCogB_Task-1.mat,13,current_pipeline,90,45,45,39.55208402535647,0.48009841053264324,0.9937409253361414,0.9009792208467744,3.2
VisualCogB_Task-1.mat,14,raw_mean,90,46,44,39.55208402535647,0.7622197835702416,1.179912939424399,0.8468255138037267,3.2
VisualCogB_Task-1.mat,14,bandpass_mean,90,46,44,39.55208402535647,0.3800196638318475,1.0320028402710244,0.9389652948196237,3.2
VisualCogB_Task-1.mat,14,current_pipeline,90,46,44,39.55208402535647,0.3806916422252777,1.101964258086316,0.9496246616312823,3.2
VisualCogB_Task-1.mat,15,raw_mean,90,44,46,39.55208402535647,4.529897900475584,-0.03698474587184989,0.023993505177619633,3.2
VisualCogB_Task-1.mat,15,bandpass_mean,90,44,46,39.55208402535647,0.7522293529670867,0.651966140879036,0.8705788551380711,3.2
VisualCogB_Task-1.mat,15,current_pipeline,90,44,46,39.55208402535647,0.7771641503199517,0.7066484316403148,0.8570808259266202,3.2
VisualCogB_Task-1.mat,16,raw_mean,90,46,44,39.55208402535647,3.45881638629925,1.6155617925611556,0.4335012307412482,3.2
VisualCogB_Task-1.mat,16,bandpass_mean,90,46,44,39.55208402535647,0.48707698622003814,1.0627902639040199,0.9810558720596684,3.2
VisualCogB_Task-1.mat,16,current_pipeline,90,46,44,39.55208402535647,0.4521902782697459,0.9208168660529801,0.9733107768462087,3.2
VisualCogB_Task-1.mat,17,raw_mean,90,45,45,39.55208402535647,0.9483215779130194,1.070025186422666,0.7494575485980045,3.2
VisualCogB_Task-1.mat,17,bandpass_mean,90,45,45,39.55208402535647,0.8561123692848684,0.8643375498946535,0.8946312542271415,3.2
VisualCogB_Task-1.mat,17,current_pipeline,90,45,45,39.55208402535647,0.7137009109191108,0.9109984550510486,0.9238212878237648,3.2
VisualCogB_Task-1.mat,18,raw_mean,90,45,45,39.55208402535647,2.4424365362974942,0.9609020531482623,0.36171928850948154,3.2
VisualCogB_Task-1.mat,18,bandpass_mean,90,45,45,39.55208402535647,0.809884077270515,0.877071538569316,0.8426726661013823,3.2
VisualCogB_Task-1.mat,18,current_pipeline,90,45,45,39.55208402535647,0.6025304072051034,0.83590825776751,0.9118727654345966,3.2
VisualCogB_Task-1.mat,19,raw_mean,90,47,43,39.55208402535647,1.7637391845469246,1.1602645999456518,0.613951165273887,3.2
VisualCogB_Task-1.mat,19,bandpass_mean,90,47,43,39.55208402535647,0.5145927258069217,0.9185084372079297,0.8969699090481255,3.2
VisualCogB_Task-1.mat,19,current_pipeline,90,47,43,39.55208402535647,0.5205899868403286,0.8751471808393151,0.8855490341980933,3.2
VisualCogB_Task-1.mat,20,raw_mean,90,45,45,39.55208402535647,2.6820764755490862,0.9221061916253138,0.34913368607742445,3.2
VisualCogB_Task-1.mat,20,bandpass_mean,90,45,45,39.55208402535647,0.5736572714023701,0.809906699670203,0.8308592355508122,3.2
VisualCogB_Task-1.mat,20,current_pipeline,90,45,45,39.55208402535647,0.5148049116112496,0.8377663805498028,0.8635291771208243,3.2
VisualCogB_Task-1.mat,21,raw_mean,90,45,45,39.55208402535647,0.9056788056044361,1.256159665888936,0.8299424239836591,3.2
VisualCogB_Task-1.mat,21,bandpass_mean,90,45,45,39.55208402535647,0.971953948356512,1.1842572428798053,0.7776183890445113,3.2
VisualCogB_Task-1.mat,21,current_pipeline,90,45,45,39.55208402535647,0.7681607730392095,1.084968921509491,0.8177889257466385,3.2
VisualCogB_Task-1.mat,22,raw_mean,90,44,46,39.55208402535647,1.0975499354345382,0.8524704788575796,0.6281526854672224,3.2
VisualCogB_Task-1.mat,22,bandpass_mean,90,44,46,39.55208402535647,0.3836131619913642,0.8464877487810011,0.9263092180042167,3.2
VisualCogB_Task-1.mat,22,current_pipeline,90,44,46,39.55208402535647,0.4047039683716909,0.9146386961803461,0.9521275628179123,3.2
VisualCogB_Task-1.mat,23,raw_mean,90,45,45,39.55208402535647,1.6207812959811414,0.23522294382998302,0.27608982973965296,3.2
VisualCogB_Task-1.mat,23,bandpass_mean,90,45,45,39.55208402535647,0.45992793104552143,0.801349656429386,0.918842098325215,3.2
VisualCogB_Task-1.mat,23,current_pipeline,90,45,45,39.55208402535647,0.3182791561903753,0.9548717182779343,0.9547123131856089,3.2
VisualCogB_Task-1.mat,24,raw_mean,90,46,44,39.55208402535647,2.585154735222165,1.2178609156330265,0.42349744009536017,3.2
VisualCogB_Task-1.mat,24,bandpass_mean,90,46,44,39.55208402535647,0.4612726368978915,0.9699225780063869,0.9056050027850774,3.2
VisualCogB_Task-1.mat,24,current_pipeline,90,46,44,39.55208402535647,0.2736638123627603,0.9787557475590717,0.9694170003984915,3.2
VisualCogB_Task-1.mat,25,raw_mean,90,44,46,39.55208402535647,3.022495191303142,1.745467162907127,0.5370645465693139,3.2
VisualCogB_Task-1.mat,25,bandpass_mean,90,44,46,39.55208402535647,0.38861531299004215,1.015371249871436,0.9432727409167949,3.2
VisualCogB_Task-1.mat,25,current_pipeline,90,44,46,39.55208402535647,0.4322417502093171,1.0229938487615515,0.9248216350763824,3.2
VisualCogB_Task-1.mat,26,raw_mean,90,46,44,39.55208402535647,1.6150176665492035,0.8508098998399138,0.4659168413104805,3.2
VisualCogB_Task-1.mat,26,bandpass_mean,90,46,44,39.55208402535647,0.647536074390277,1.0070240806575461,0.8710414910482955,3.2
VisualCogB_Task-1.mat,26,current_pipeline,90,46,44,39.55208402535647,0.5649148856949225,0.9543143764715228,0.8778484622905495,3.2
VisualCogB_Task-1.mat,27,raw_mean,90,45,45,39.55208402535647,0.9955494178219156,0.8130932289744726,0.7349354885089054,3.2
VisualCogB_Task-1.mat,27,bandpass_mean,90,45,45,39.55208402535647,0.5693908711241948,0.887452644771084,0.9034406101707421,3.2
VisualCogB_Task-1.mat,27,current_pipeline,90,45,45,39.55208402535647,0.47147816470481246,1.1006655308804603,0.9402681153500109,3.2
VisualCogB_Task-1.mat,28,raw_mean,90,44,46,39.55208402535647,3.1545261023976625,-0.053414001465979,0.03613886313404948,3.2
VisualCogB_Task-1.mat,28,bandpass_mean,90,44,46,39.55208402535647,0.6195380201670382,0.6139875714047345,0.8858060651449914,3.2
VisualCogB_Task-1.mat,28,current_pipeline,90,44,46,39.55208402535647,0.6042043556056446,0.677763123231375,0.9025162346271687,3.2
VisualCogB_Task-1.mat,29,raw_mean,90,47,43,39.55208402535647,2.4868812077310665,1.352374964950795,0.5009675907542109,3.2
VisualCogB_Task-1.mat,29,bandpass_mean,90,47,43,39.55208402535647,0.5382353246081438,0.8870985568061163,0.8599815588532082,3.2
VisualCogB_Task-1.mat,29,current_pipeline,90,47,43,39.55208402535647,0.34477234480677804,1.0063115079792706,0.9471696313326932,3.2
VisualCogB_Task-1.mat,30,raw_mean,90,46,44,39.55208402535647,3.2764347411510033,1.2558439921987745,0.37247174736865696,3.2
VisualCogB_Task-1.mat,30,bandpass_mean,90,46,44,39.55208402535647,0.5929243277474677,0.9291814270908071,0.8492504792317296,3.2
VisualCogB_Task-1.mat,30,current_pipeline,90,46,44,39.55208402535647,0.3476920632799777,0.920985394889254,0.9412364935577242,3.2
VisualCogB_Task-1.mat,31,raw_mean,90,45,45,39.55208402535647,3.8441956389992122,1.6675245088021642,0.4006733403452215,3.2
VisualCogB_Task-1.mat,31,bandpass_mean,90,45,45,39.55208402535647,0.5478311178216037,1.021086001953872,0.9095320288541339,3.2
VisualCogB_Task-1.mat,31,current_pipeline,90,45,45,39.55208402535647,0.3890799355977265,0.9705150459927689,0.9329383275493747,3.2
VisualCogB_Task-1.mat,32,raw_mean,90,46,44,39.55208402535647,1.8873570643981172,0.4674060132825013,0.2745894157211406,3.2
VisualCogB_Task-1.mat,32,bandpass_mean,90,46,44,39.55208402535647,0.6133631758816975,0.7058480979940815,0.8656817212530723,3.2
VisualCogB_Task-1.mat,32,current_pipeline,90,46,44,39.55208402535647,0.37791762499134246,0.8007923141842624,0.9332593065353592,3.2
VisualCogB_Task-1.mat,33,raw_mean,90,46,44,39.55208402535647,1.6584833616587709,0.7928036176580902,0.4414111403024257,3.2
VisualCogB_Task-1.mat,33,bandpass_mean,90,46,44,39.55208402535647,0.8482673260269007,0.5877329798423041,0.7002009188981109,3.2
VisualCogB_Task-1.mat,33,current_pipeline,90,46,44,39.55208402535647,0.6039799689139147,0.6142340130728728,0.8634554175197258,3.2
VisualCogB_Task-1.mat,34,raw_mean,90,44,46,39.55208402535647,1.8151304922256652,1.0886584052255266,0.5128575192589074,3.2
VisualCogB_Task-1.mat,34,bandpass_mean,90,44,46,39.55208402535647,0.7054439033925722,0.9617010374923102,0.8519048171248222,3.2
VisualCogB_Task-1.mat,34,current_pipeline,90,44,46,39.55208402535647,0.465613316952417,1.019876112833346,0.9164238626661736,3.2
VisualCogB_Task-1.mat,35,raw_mean,90,44,46,39.55208402535647,2.940443505235776,1.7779629198274802,0.6511330761950743,3.2
VisualCogB_Task-1.mat,35,bandpass_mean,90,44,46,39.55208402535647,0.48679885883216706,0.9087643869560486,0.885240066092037,3.2
VisualCogB_Task-1.mat,35,current_pipeline,90,44,46,39.55208402535647,0.43195793343077493,0.9213800307996902,0.9136869285662834,3.2
VisualCogB_Task-1.mat,36,raw_mean,90,45,45,39.55208402535647,4.596215578453653,0.7894351435060285,0.1658691355360418,3.2
VisualCogB_Task-1.mat,36,bandpass_mean,90,45,45,39.55208402535647,0.5652686592993803,0.9553732352850483,0.9213523742166949,3.2
VisualCogB_Task-1.mat,36,current_pipeline,90,45,45,39.55208402535647,0.5266145876645395,0.8274729581018194,0.9059577300014383,3.2
VisualCogB_Task-1.mat,37,raw_mean,90,45,45,39.55208402535647,1.4957090007588187,1.1151343795779043,0.6108342164616957,3.2
VisualCogB_Task-1.mat,37,bandpass_mean,90,45,45,39.55208402535647,0.7593115939245776,1.0669266538803388,0.9115160829970711,3.2
VisualCogB_Task-1.mat,37,current_pipeline,90,45,45,39.55208402535647,0.6662169292803952,1.0138374509066637,0.9237209524102932,3.2
VisualCogB_Task-1.mat,38,raw_mean,90,44,46,39.55208402535647,1.3090773253043944,1.00446634193681,0.75987723227709,3.2
VisualCogB_Task-1.mat,38,bandpass_mean,90,44,46,39.55208402535647,0.42759135055556263,1.011746894016124,0.9275443757292998,3.2
VisualCogB_Task-1.mat,38,current_pipeline,90,44,46,39.55208402535647,0.3002209589578967,1.036389924229096,0.9625453146604115,3.2
VisualCogB_Task-1.mat,39,raw_mean,90,45,45,39.55208402535647,3.5217838491684796,0.40001723543882634,0.18609533979321746,3.2
VisualCogB_Task-1.mat,39,bandpass_mean,90,45,45,39.55208402535647,0.6050043673347025,0.917983914373238,0.8541855017730091,3.2
VisualCogB_Task-1.mat,39,current_pipeline,90,45,45,39.55208402535647,0.46139940991726563,0.8432648557459475,0.9431195760561074,3.2
VisualCogB_Task-1.mat,40,raw_mean,90,45,45,39.55208402535647,1.9811587597715656,1.6892580516264364,0.8470264593691414,3.2
VisualCogB_Task-1.mat,40,bandpass_mean,90,45,45,39.55208402535647,0.8543607116647759,0.8868420857055579,0.839067455751103,3.2
VisualCogB_Task-1.mat,40,current_pipeline,90,45,45,39.55208402535647,0.632854865137113,0.7930596895452752,0.903265288307685,3.2
VisualCogB_Task-1.mat,41,raw_mean,90,46,44,39.55208402535647,1.0251910262086668,1.462972404606026,0.9554556796142011,3.2
VisualCogB_Task-1.mat,41,bandpass_mean,90,46,44,39.55208402535647,0.4582364988269236,1.1722618691832734,0.949752154750811,3.2
VisualCogB_Task-1.mat,41,current_pipeline,90,46,44,39.55208402535647,0.4311811250659362,1.1602747760325793,0.9566109113939233,3.2
VisualCogB_Task-1.mat,42,raw_mean,90,46,44,39.55208402535647,2.1241267331647653,0.7411160878823747,0.5129383038844146,3.2
VisualCogB_Task-1.mat,42,bandpass_mean,90,46,44,39.55208402535647,0.7506537551979824,0.829550816951148,0.7984937059790369,3.2
VisualCogB_Task-1.mat,42,current_pipeline,90,46,44,39.55208402535647,0.565888811139607,0.8426731979988826,0.8952334836025602,3.2
VisualCogB_Task-1.mat,43,raw_mean,90,45,45,39.55208402535647,1.4362829349475177,1.1189250580334293,0.7713097504382529,3.2
VisualCogB_Task-1.mat,43,bandpass_mean,90,45,45,39.55208402535647,0.686653978331895,0.9387301398978878,0.8550101251472705,3.2
VisualCogB_Task-1.mat,43,current_pipeline,90,45,45,39.55208402535647,0.4624434355614907,1.0212789371655369,0.9258270025466935,3.2
VisualCogB_Task-1.mat,44,raw_mean,90,44,46,39.55208402535647,1.2242558504652794,0.9314356838041321,0.6041285667142895,3.2
VisualCogB_Task-1.mat,44,bandpass_mean,90,44,46,39.55208402535647,0.6079713634374451,0.919419790349004,0.8440154701632264,3.2
VisualCogB_Task-1.mat,44,current_pipeline,90,44,46,39.55208402535647,0.4331676916854593,0.9671156592444347,0.9247584817775473,3.2
VisualCogB_Task-1.mat,45,raw_mean,90,45,45,39.55208402535647,1.7117939335700836,0.6578028715952648,0.3620852695345818,3.2
VisualCogB_Task-1.mat,45,bandpass_mean,90,45,45,39.55208402535647,0.5223490022288774,0.880835125368845,0.8654363653037304,3.2
VisualCogB_Task-1.mat,45,current_pipeline,90,45,45,39.55208402535647,0.3754114015082318,0.8763316465732804,0.935257571539657,3.2
VisualCogB_Task-1.mat,46,raw_mean,90,43,47,39.55208402535647,0.9422700546398148,1.045544760894305,0.8746208330726993,3.2
VisualCogB_Task-1.mat,46,bandpass_mean,90,43,47,39.55208402535647,0.5429278161820902,0.8036214053394787,0.8718726216983866,3.2
VisualCogB_Task-1.mat,46,current_pipeline,90,43,47,39.55208402535647,0.5094865764665213,0.8207894266146873,0.874498494924058,3.2
VisualCogB_Task-1.mat,47,raw_mean,90,44,46,39.55208402535647,2.47632221035398,0.7823739819243959,0.3156004582810627,3.2
VisualCogB_Task-1.mat,47,bandpass_mean,90,44,46,39.55208402535647,0.39428258180289477,0.9589766603658914,0.926882895863838,3.2
VisualCogB_Task-1.mat,47,current_pipeline,90,44,46,39.55208402535647,0.31012612064025014,0.9712491444638776,0.9638551351836021,3.2
VisualCogB_Task-1.mat,48,raw_mean,90,45,45,39.55208402535647,2.8561736556971,1.2464130961854238,0.39809305042826904,3.2
VisualCogB_Task-1.mat,48,bandpass_mean,90,45,45,39.55208402535647,0.5005430090629533,0.7524178396193224,0.8795402421158381,3.2
VisualCogB_Task-1.mat,48,current_pipeline,90,45,45,39.55208402535647,0.43116977697310005,0.7419740873479806,0.9061806285930938,3.2
VisualCogB_Task-2.mat,1,raw_mean,89,44,45,45.96800478014829,0.650019033005718,1.4638750551941642,0.9665901296845804,3.2
VisualCogB_Task-2.mat,1,bandpass_mean,89,44,45,45.96800478014829,0.46710851667562975,1.0746802074929878,0.9390670903996646,3.2
VisualCogB_Task-2.mat,1,current_pipeline,89,44,45,45.96800478014829,0.5518677834060003,1.0657272606065897,0.934125011960991,3.2
VisualCogB_Task-2.mat,2,raw_mean,89,43,46,45.96800478014829,3.151461645771533,-0.20158699865671434,-0.02722564348070387,3.2
VisualCogB_Task-2.mat,2,bandpass_mean,89,43,46,45.96800478014829,1.278416921582371,0.3179903439584782,0.5076517083887314,3.2
VisualCogB_Task-2.mat,2,current_pipeline,89,43,46,45.96800478014829,1.1909745778416272,0.3552725976882355,0.6088255991953899,3.2
VisualCogB_Task-2.mat,3,raw_mean,89,44,45,45.96800478014829,4.243784722841659,2.030028263184865,0.882479518458386,3.2
VisualCogB_Task-2.mat,3,bandpass_mean,89,44,45,45.96800478014829,0.5993432734728018,0.8503737214112883,0.9150686541907572,3.2
VisualCogB_Task-2.mat,3,current_pipeline,89,44,45,45.96800478014829,0.8208936718210074,0.7880760725525683,0.8434561674395104,3.2
VisualCogB_Task-2.mat,4,raw_mean,89,44,45,45.96800478014829,1.1095480802703648,1.0576985694887362,0.791679981426767,3.2
VisualCogB_Task-2.mat,4,bandpass_mean,89,44,45,45.96800478014829,0.6544085532618273,1.007035171671718,0.9348188026828044,3.2
VisualCogB_Task-2.mat,4,current_pipeline,89,44,45,45.96800478014829,0.6763625002048651,0.9611708376807976,0.9151485534945007,3.2
VisualCogB_Task-2.mat,5,raw_mean,89,44,45,45.96800478014829,1.8944179949955093,0.269941407830118,0.38038298759171885,3.2
VisualCogB_Task-2.mat,5,bandpass_mean,89,44,45,45.96800478014829,0.34660493396090863,0.8360353943753912,0.9503395856400636,3.2
VisualCogB_Task-2.mat,5,current_pipeline,89,44,45,45.96800478014829,0.40782417749350736,0.7638815074209035,0.9440151084118238,3.2
VisualCogB_Task-2.mat,6,raw_mean,89,46,43,45.96800478014829,2.058368312057043,0.44927423790943005,0.7363049878447385,3.2
VisualCogB_Task-2.mat,6,bandpass_mean,89,46,43,45.96800478014829,0.5536275636601624,0.7330181671356655,0.8441641480849252,3.2
VisualCogB_Task-2.mat,6,current_pipeline,89,46,43,45.96800478014829,0.5614297577288114,0.7103773552289465,0.829131776764649,3.2
VisualCogB_Task-2.mat,7,raw_mean,89,44,45,45.96800478014829,2.2651307656106403,1.7315145432062364,0.8426018296090773,3.2
VisualCogB_Task-2.mat,7,bandpass_mean,89,44,45,45.96800478014829,0.4051864258171978,1.0274936833462525,0.9694073809821545,3.2
VisualCogB_Task-2.mat,7,current_pipeline,89,44,45,45.96800478014829,0.2906999952722094,0.9552455533879881,0.9661940350194617,3.2
VisualCogB_Task-2.mat,8,raw_mean,89,46,43,45.96800478014829,0.4091624639003274,1.0996092365815389,0.9425690178468057,3.2
VisualCogB_Task-2.mat,8,bandpass_mean,89,46,43,45.96800478014829,0.5124974060221353,0.8315443547057653,0.9599891832648566,3.2
VisualCogB_Task-2.mat,8,current_pipeline,89,46,43,45.96800478014829,0.6119273526006069,0.7616600220802306,0.945671466697773,3.2
VisualCogB_Task-2.mat,9,raw_mean,89,46,43,45.96800478014829,2.2391490720197424,0.7740956232592422,0.7262970711964433,3.2
VisualCogB_Task-2.mat,9,bandpass_mean,89,46,43,45.96800478014829,0.7442643247363101,1.1390248618084633,0.8888586446934313,3.2
VisualCogB_Task-2.mat,9,current_pipeline,89,46,43,45.96800478014829,0.6590743273417956,1.1350497853979824,0.919239460649234,3.2
VisualCogB_Task-2.mat,10,raw_mean,89,44,45,45.96800478014829,1.6787234966508022,1.6241347981817382,0.841239309027826,3.2
VisualCogB_Task-2.mat,10,bandpass_mean,89,44,45,45.96800478014829,0.7144425659725644,1.0053311508307756,0.9167912583570444,3.2
VisualCogB_Task-2.mat,10,current_pipeline,89,44,45,45.96800478014829,0.7744345306199428,0.9672380370182985,0.9194400094969393,3.2
VisualCogB_Task-2.mat,11,raw_mean,89,47,42,45.96800478014829,0.9750689484497733,1.4239790556160539,0.9462840895091479,3.2
VisualCogB_Task-2.mat,11,bandpass_mean,89,47,42,45.96800478014829,0.7745525226834432,1.0590397079543916,0.9178798352558811,3.2
VisualCogB_Task-2.mat,11,current_pipeline,89,47,42,45.96800478014829,0.7488811851512416,1.036557087920786,0.9322923949689856,3.2
VisualCogB_Task-2.mat,12,raw_mean,89,43,46,45.96800478014829,1.5806552013236441,0.5097080574970055,0.3229663376402307,3.2
VisualCogB_Task-2.mat,12,bandpass_mean,89,43,46,45.96800478014829,0.98946403775838,0.3791031048633255,0.6874894721163598,3.2
VisualCogB_Task-2.mat,12,current_pipeline,89,43,46,45.96800478014829,1.0290716575902572,0.4056467923797237,0.7180499059986122,3.2
VisualCogB_Task-2.mat,13,raw_mean,89,44,45,45.96800478014829,1.182521617630267,0.8892415767691972,0.6288272705740459,3.2
VisualCogB_Task-2.mat,13,bandpass_mean,89,44,45,45.96800478014829,0.4878130502005241,0.7930937815020207,0.8788888555254254,3.2
VisualCogB_Task-2.mat,13,current_pipeline,89,44,45,45.96800478014829,0.5175876894020112,0.859281092114675,0.8691264822175884,3.2
VisualCogB_Task-2.mat,14,raw_mean,89,46,43,45.96800478014829,1.5061819516145347,0.8073296161885974,0.5556985845265531,3.2
VisualCogB_Task-2.mat,14,bandpass_mean,89,46,43,45.96800478014829,0.9407411794789386,0.7534193224540879,0.9161938951171903,3.2
VisualCogB_Task-2.mat,14,current_pipeline,89,46,43,45.96800478014829,0.8814035620462928,0.7852424674475247,0.9395704817982856,3.2
VisualCogB_Task-2.mat,15,raw_mean,89,44,45,45.96800478014829,4.6556338123323355,2.244879158171524,0.8490098147551578,3.2
VisualCogB_Task-2.mat,15,bandpass_mean,89,44,45,45.96800478014829,0.6396867018428299,1.1090304380183431,0.9289913009623723,3.2
VisualCogB_Task-2.mat,15,current_pipeline,89,44,45,45.96800478014829,0.5826862013557023,1.1007946931938766,0.9273656996354324,3.2
VisualCogB_Task-2.mat,16,raw_mean,89,46,43,45.96800478014829,1.8057503099971386,0.9283854914249201,0.7427153585598452,3.2
VisualCogB_Task-2.mat,16,bandpass_mean,89,46,43,45.96800478014829,0.616761490813795,0.8408764722380296,0.9305338141425599,3.2
VisualCogB_Task-2.mat,16,current_pipeline,89,46,43,45.96800478014829,0.7162114486401702,0.705213506953877,0.8718638209562622,3.2
VisualCogB_Task-2.mat,17,raw_mean,89,45,44,45.96800478014829,0.5099232063523118,1.0571163553078955,0.9027672060087683,3.2
VisualCogB_Task-2.mat,17,bandpass_mean,89,45,44,45.96800478014829,0.30886560999186186,0.872478026775158,0.9525697312145011,3.2
VisualCogB_Task-2.mat,17,current_pipeline,89,45,44,45.96800478014829,0.3589790954733058,0.8948734737856558,0.9379377670739404,3.2
VisualCogB_Task-2.mat,18,raw_mean,89,44,45,45.96800478014829,1.1888726634576638,1.7332603199004477,0.9366390998425711,3.2
VisualCogB_Task-2.mat,18,bandpass_mean,89,44,45,45.96800478014829,0.6643882932353053,1.5251229972004943,0.9666985574641215,3.2
VisualCogB_Task-2.mat,18,current_pipeline,89,44,45,45.96800478014829,0.7097411696799081,1.6008994388767954,0.9732738026167789,3.2
VisualCogB_Task-2.mat,19,raw_mean,89,46,43,45.96800478014829,1.2036532197466243,1.3626465233295972,0.9525176041966983,3.2
VisualCogB_Task-2.mat,19,bandpass_mean,89,46,43,45.96800478014829,0.24883870190421728,0.9002065759018726,0.9831218124464376,3.2
VisualCogB_Task-2.mat,19,current_pipeline,89,46,43,45.96800478014829,0.2501437450121245,0.8948282777726748,0.9749365971528863,3.2
VisualCogB_Task-2.mat,20,raw_mean,89,44,45,45.96800478014829,3.3383835297157898,2.3018739707414455,0.879526288920435,3.2
VisualCogB_Task-2.mat,20,bandpass_mean,89,44,45,45.96800478014829,1.1100370434718805,1.547088119911282,0.8610337533051126,3.2
VisualCogB_Task-2.mat,20,current_pipeline,89,44,45,45.96800478014829,1.1943410501469383,1.6318777585377517,0.8529160997169856,3.2
VisualCogB_Task-2.mat,21,raw_mean,89,44,45,45.96800478014829,1.067180836830224,0.49297957437759565,0.7483542178819297,3.2
VisualCogB_Task-2.mat,21,bandpass_mean,89,44,45,45.96800478014829,0.677041802818541,0.58686169681983,0.8344778411004485,3.2
VisualCogB_Task-2.mat,21,current_pipeline,89,44,45,45.96800478014829,0.5933009249318748,0.6493701669425874,0.8676713683716466,3.2
VisualCogB_Task-2.mat,22,raw_mean,89,43,46,45.96800478014829,0.9565126845422293,1.0416331583018499,0.9114328700963071,3.2
VisualCogB_Task-2.mat,22,bandpass_mean,89,43,46,45.96800478014829,0.45656966472766825,0.9452643860032497,0.9663534278401674,3.2
VisualCogB_Task-2.mat,22,current_pipeline,89,43,46,45.96800478014829,0.4901973849942009,0.9712660595993331,0.953547860956226,3.2
VisualCogB_Task-2.mat,23,raw_mean,89,45,44,45.96800478014829,2.7023643533500463,0.6173553288062232,0.6247723668840018,3.2
VisualCogB_Task-2.mat,23,bandpass_mean,89,45,44,45.96800478014829,0.7507528977289938,1.1240488871778962,0.8897818960576606,3.2
VisualCogB_Task-2.mat,23,current_pipeline,89,45,44,45.96800478014829,0.7338529633684445,1.093920551057985,0.870400734645389,3.2
VisualCogB_Task-2.mat,24,raw_mean,89,42,47,45.96800478014829,3.711061065390808,1.9438658241444136,0.7204152622493459,3.2
VisualCogB_Task-2.mat,24,bandpass_mean,89,42,47,45.96800478014829,0.712962296995338,1.1026656529348455,0.9244129800286902,3.2
VisualCogB_Task-2.mat,24,current_pipeline,89,42,47,45.96800478014829,0.5402504770853713,1.0723434986213243,0.9236839118913494,3.2
VisualCogB_Task-2.mat,25,raw_mean,89,42,47,45.96800478014829,1.9946798278387052,0.675360917382016,0.7811777153542439,3.2
VisualCogB_Task-2.mat,25,bandpass_mean,89,42,47,45.96800478014829,0.48983441079453294,0.7732870357754912,0.8715307989586307,3.2
VisualCogB_Task-2.mat,25,current_pipeline,89,42,47,45.96800478014829,0.5731432162217589,0.7666519333589464,0.8458791307251746,3.2
VisualCogB_Task-2.mat,26,raw_mean,89,44,45,45.96800478014829,0.5295604894566119,1.1519860512933715,0.9238933913032686,3.2
VisualCogB_Task-2.mat,26,bandpass_mean,89,44,45,45.96800478014829,0.44574509356711983,1.0499573313845267,0.9213094332618194,3.2
VisualCogB_Task-2.mat,26,current_pipeline,89,44,45,45.96800478014829,0.4938566437578192,1.0637051119354928,0.908366452884086,3.2
VisualCogB_Task-2.mat,27,raw_mean,89,45,44,45.96800478014829,2.3605559124961144,0.918991036105931,0.6935720886281886,3.2
VisualCogB_Task-2.mat,27,bandpass_mean,89,45,44,45.96800478014829,0.6207399508923361,1.1623119547015752,0.9053039594168976,3.2
VisualCogB_Task-2.mat,27,current_pipeline,89,45,44,45.96800478014829,0.6039429695169443,1.1873950258411021,0.9001696492266348,3.2
VisualCogB_Task-2.mat,28,raw_mean,89,43,46,45.96800478014829,4.112292366808768,2.457518401437858,0.7830910289082569,3.2
VisualCogB_Task-2.mat,28,bandpass_mean,89,43,46,45.96800478014829,0.9410659270597334,1.006293403970491,0.9308394275670211,3.2
VisualCogB_Task-2.mat,28,current_pipeline,89,43,46,45.96800478014829,0.8039646991184206,1.0863359292283061,0.9252082090724653,3.2
VisualCogB_Task-2.mat,29,raw_mean,89,45,44,45.96800478014829,3.99338061315188,1.8192193771475327,0.8523481770026446,3.2
VisualCogB_Task-2.mat,29,bandpass_mean,89,45,44,45.96800478014829,0.5818469999804077,0.6542658394110744,0.8780485962081473,3.2
VisualCogB_Task-2.mat,29,current_pipeline,89,45,44,45.96800478014829,0.6202188215222112,0.6821179801424437,0.8294280110382097,3.2
VisualCogB_Task-2.mat,30,raw_mean,89,45,44,45.96800478014829,3.2759771164609246,0.6248179773167747,0.528722811837691,3.2
VisualCogB_Task-2.mat,30,bandpass_mean,89,45,44,45.96800478014829,0.7808764704003083,1.2040832639197188,0.9442876462666473,3.2
VisualCogB_Task-2.mat,30,current_pipeline,89,45,44,45.96800478014829,0.5735082749992079,1.1365048185039306,0.9547543327838117,3.2
VisualCogB_Task-2.mat,31,raw_mean,89,46,43,45.96800478014829,0.6718170636602067,1.0487584900599942,0.896975320871788,3.2
VisualCogB_Task-2.mat,31,bandpass_mean,89,46,43,45.96800478014829,0.6446428085806295,1.1872690831925556,0.9043303400511703,3.2
VisualCogB_Task-2.mat,31,current_pipeline,89,46,43,45.96800478014829,0.7418068988470896,1.2412821941726033,0.9174053705454656,3.2
VisualCogB_Task-2.mat,32,raw_mean,89,44,45,45.96800478014829,4.228723983842116,2.1542178897018522,0.8832939574675759,3.2
VisualCogB_Task-2.mat,32,bandpass_mean,89,44,45,45.96800478014829,0.6151133642992,1.2072745692382592,0.9483203364550057,3.2
VisualCogB_Task-2.mat,32,current_pipeline,89,44,45,45.96800478014829,0.7245259085073299,1.199325733174174,0.9366892091060498,3.2
VisualCogB_Task-2.mat,33,raw_mean,89,43,46,45.96800478014829,3.4073992444833405,2.466376723425217,0.7842459216049902,3.2
VisualCogB_Task-2.mat,33,bandpass_mean,89,43,46,45.96800478014829,0.883066440763236,1.6843714437965434,0.9539358538862523,3.2
VisualCogB_Task-2.mat,33,current_pipeline,89,43,46,45.96800478014829,1.0087894039368788,1.7511573455901797,0.9530397057485801,3.2
VisualCogB_Task-2.mat,34,raw_mean,89,46,43,45.96800478014829,5.401432798638237,-0.06719393348427898,0.2956655407470334,3.2
VisualCogB_Task-2.mat,34,bandpass_mean,89,46,43,45.96800478014829,1.5363900171932834,0.7284108697701792,0.909813840569705,3.2
VisualCogB_Task-2.mat,34,current_pipeline,89,46,43,45.96800478014829,1.3207944676891958,0.702998476376477,0.9227837098315063,3.2
VisualCogB_Task-2.mat,35,raw_mean,89,44,45,45.96800478014829,3.7299587522335966,1.8973674084101677,0.9384432849597557,3.2
VisualCogB_Task-2.mat,35,bandpass_mean,89,44,45,45.96800478014829,0.5075496880245874,0.8983187211142274,0.877923065020384,3.2
VisualCogB_Task-2.mat,35,current_pipeline,89,44,45,45.96800478014829,0.483167322934694,0.9798056185655428,0.9016576316063436,3.2
VisualCogB_Task-2.mat,36,raw_mean,89,43,46,45.96800478014829,1.2579334967339841,0.8488982347087413,0.5924146087342048,3.2
VisualCogB_Task-2.mat,36,bandpass_mean,89,43,46,45.96800478014829,0.4635140842143465,0.8876042871932214,0.8930724095920947,3.2
VisualCogB_Task-2.mat,36,current_pipeline,89,43,46,45.96800478014829,0.4378914411081227,0.918455398780885,0.9054426055058269,3.2
VisualCogB_Task-2.mat,37,raw_mean,89,43,46,45.96800478014829,3.0843145596477144,-0.04849473121245566,0.1499721453001727,3.2
VisualCogB_Task-2.mat,37,bandpass_mean,89,43,46,45.96800478014829,0.5837484420331881,0.7521702922633088,0.879978412891085,3.2
VisualCogB_Task-2.mat,37,current_pipeline,89,43,46,45.96800478014829,0.5431723307568384,0.8041667266101121,0.8834996340800902,3.2
VisualCogB_Task-2.mat,38,raw_mean,89,45,44,45.96800478014829,1.8738310976058283,1.4275032746505691,0.8582257242209926,3.2
VisualCogB_Task-2.mat,38,bandpass_mean,89,45,44,45.96800478014829,0.8281051423868013,1.1110131099446572,0.9002174296262698,3.2
VisualCogB_Task-2.mat,38,current_pipeline,89,45,44,45.96800478014829,0.8684970133325757,1.1277743771304967,0.8711818590095171,3.2
VisualCogB_Task-2.mat,39,raw_mean,89,44,45,45.96800478014829,0.7456356523576414,0.6912342805123511,0.7335590177128934,3.2
VisualCogB_Task-2.mat,39,bandpass_mean,89,44,45,45.96800478014829,0.6480827592096559,0.6894013103993113,0.8975123323823991,3.2
VisualCogB_Task-2.mat,39,current_pipeline,89,44,45,45.96800478014829,0.510896421260372,0.7442387183607383,0.9134544387851745,3.2
VisualCogB_Task-2.mat,40,raw_mean,89,44,45,45.96800478014829,2.0360530256798564,2.0393234080419007,0.8433650616026829,3.2
VisualCogB_Task-2.mat,40,bandpass_mean,89,44,45,45.96800478014829,1.023777906508532,1.3953124568108974,0.8651036099022749,3.2
VisualCogB_Task-2.mat,40,current_pipeline,89,44,45,45.96800478014829,1.010989117464688,1.443694597938635,0.8636409154735603,3.2
VisualCogB_Task-2.mat,41,raw_mean,89,44,45,45.96800478014829,3.9932513577420754,0.6579229848836013,0.5636295419227362,3.2
VisualCogB_Task-2.mat,41,bandpass_mean,89,44,45,45.96800478014829,0.9457058787035331,1.1027433155597417,0.9197311268186844,3.2
VisualCogB_Task-2.mat,41,current_pipeline,89,44,45,45.96800478014829,0.8826437525674361,1.0129198965830817,0.9116113313631731,3.2
VisualCogB_Task-2.mat,42,raw_mean,89,45,44,45.96800478014829,3.509559650958246,0.17328394132518604,0.18884206846601695,3.2
VisualCogB_Task-2.mat,42,bandpass_mean,89,45,44,45.96800478014829,0.9078418700283271,0.8965339936147027,0.9391076688508593,3.2
VisualCogB_Task-2.mat,42,current_pipeline,89,45,44,45.96800478014829,0.8700381701357754,0.9439151781392664,0.9632698677400077,3.2
VisualCogB_Task-2.mat,43,raw_mean,89,44,45,45.96800478014829,1.1925041247387678,1.3033045169871413,0.821871104773637,3.2
VisualCogB_Task-2.mat,43,bandpass_mean,89,44,45,45.96800478014829,0.6128157383400369,0.7589054048301281,0.9443387281091671,3.2
VisualCogB_Task-2.mat,43,current_pipeline,89,44,45,45.96800478014829,0.6580050865540955,0.7201648425665107,0.9276509709586358,3.2
VisualCogB_Task-2.mat,44,raw_mean,89,43,46,45.96800478014829,1.3801528958099494,1.0453596322243426,0.9036266355162899,3.2
VisualCogB_Task-2.mat,44,bandpass_mean,89,43,46,45.96800478014829,0.49122953112090356,1.1421908452361575,0.9379985529869188,3.2
VisualCogB_Task-2.mat,44,current_pipeline,89,43,46,45.96800478014829,0.4193561494084923,1.14559269498226,0.9520023815329794,3.2
VisualCogB_Task-2.mat,45,raw_mean,89,44,45,45.96800478014829,1.1896478978800096,1.1186094872498324,0.6890460152522924,3.2
VisualCogB_Task-2.mat,45,bandpass_mean,89,44,45,45.96800478014829,0.5709552430453763,0.7241109225049445,0.9457325971277953,3.2
VisualCogB_Task-2.mat,45,current_pipeline,89,44,45,45.96800478014829,0.6685827376254183,0.804190751855287,0.9594252279440454,3.2
VisualCogB_Task-2.mat,46,raw_mean,89,45,44,45.96800478014829,2.3953388054425417,2.473239841716334,0.9162401177198355,3.2
VisualCogB_Task-2.mat,46,bandpass_mean,89,45,44,45.96800478014829,1.1486253124759567,1.604628974461769,0.9417578475362519,3.2
VisualCogB_Task-2.mat,46,current_pipeline,89,45,44,45.96800478014829,1.040931571067833,1.588390317509439,0.9439172191992644,3.2
VisualCogB_Task-2.mat,47,raw_mean,89,46,43,45.96800478014829,1.6779850885575864,0.40600752280217006,0.6309521728660242,3.2
VisualCogB_Task-2.mat,47,bandpass_mean,89,46,43,45.96800478014829,0.6874487006398114,0.7981274716927723,0.8663351221181553,3.2
VisualCogB_Task-2.mat,47,current_pipeline,89,46,43,45.96800478014829,0.7566328950967738,0.7014332342046188,0.8229519395797387,3.2
VisualCogB_Task-2.mat,48,raw_mean,89,44,45,45.96800478014829,2.3331704260170607,0.21711512040054645,0.1933888227132443,3.2
VisualCogB_Task-2.mat,48,bandpass_mean,89,44,45,45.96800478014829,1.283647350863474,0.4213960077624546,0.6154902047167405,3.2
VisualCogB_Task-2.mat,48,current_pipeline,89,44,45,45.96800478014829,1.0997559026926444,0.4753209141217953,0.692467176485936,3.2
