evaluation,scope,fold,file,subject,task,trial_id,direction,feature_Fz,feature_F3,feature_F4,score_R_minus_L
within_A_Task-1,within_record,block_1,A_Task-1,A,Task-1,1,L,-0.317571898,0.0971859895,0.259488889,0.0391029798
within_A_Task-1,within_record,block_1,A_Task-1,A,Task-1,2,R,-0.13770882,0.260985812,-0.614667289,-0.491390298
within_A_Task-1,within_record,block_1,A_Task-1,A,Task-1,4,L,-0.0236890492,-0.531681111,0.27231919,-0.28305097
within_A_Task-1,within_record,block_1,A_Task-1,A,Task-1,5,R,0.415973502,0.0821650051,-0.16713864,0.330999867
within_A_Task-1,within_record,block_1,A_Task-1,A,Task-1,6,L,0.222132383,0.482334566,-0.00865508691,0.695811862
within_A_Task-1,within_record,block_1,A_Task-1,A,Task-1,7,L,0.617836926,0.195805853,-0.0873150219,0.726327757
within_A_Task-1,within_record,block_1,A_Task-1,A,Task-1,8,L,0.322352131,0.131268293,-1.09269847,-0.639078044
within_A_Task-1,within_record,block_1,A_Task-1,A,Task-1,9,R,0.240754485,0.438989284,-0.433004428,0.246739342
within_A_Task-1,within_record,block_1,A_Task-1,A,Task-1,10,R,0.99747552,0.491562265,-0.557007945,0.932029839
within_A_Task-1,within_record,block_1,A_Task-1,A,Task-1,11,R,0.551813478,0.476527938,-0.534881706,0.493459711
within_A_Task-1,within_record,block_1,A_Task-1,A,Task-1,12,R,1.09966694,0.467126504,-1.17526226,0.391531176
within_A_Task-1,within_record,block_1,A_Task-1,A,Task-1,13,L,0.420817292,0.29346518,-0.829512993,-0.115230521
within_A_Task-1,within_record,block_1,A_Task-1,A,Task-1,15,R,0.587715487,0.40531127,-1.91357247,-0.920545715
within_A_Task-1,within_record,block_1,A_Task-1,A,Task-1,16,L,0.616504487,0.399850223,-0.571252549,0.445102161
within_A_Task-1,within_record,block_1,A_Task-1,A,Task-1,17,R,0.948950203,0.685873207,-0.680591455,0.954231955
within_A_Task-1,within_record,block_1,A_Task-1,A,Task-1,18,L,0.349995571,0.458631717,-0.617050948,0.19157634
within_A_Task-1,within_record,block_1,A_Task-1,A,Task-1,19,L,0.7429095,0.967995749,-0.638433355,1.07247189
within_A_Task-1,within_record,block_2,A_Task-1,A,Task-1,21,L,0.338071444,1.12418353,-0.10093211,1.36132286
within_A_Task-1,within_record,block_2,A_Task-1,A,Task-1,23,R,0.504880474,-8.16351564,-0.471243089,-8.12987826
within_A_Task-1,within_record,block_2,A_Task-1,A,Task-1,24,L,1.04781385,1.49524981,-0.252051926,2.29101173
within_A_Task-1,within_record,block_2,A_Task-1,A,Task-1,25,L,0.391087654,1.94071754,0.0433874176,2.37519261
within_A_Task-1,within_record,block_2,A_Task-1,A,Task-1,26,R,1.37576073,2.34341628,-0.284389056,3.43478795
within_A_Task-1,within_record,block_2,A_Task-1,A,Task-1,28,L,1.18192451,2.19611997,-0.105671074,3.27237341
within_A_Task-1,within_record,block_2,A_Task-1,A,Task-1,29,L,1.09042366,1.27465425,0.0903350046,2.45541291
within_A_Task-1,within_record,block_2,A_Task-1,A,Task-1,30,L,-0.0132662204,0.681754067,0.0325958145,0.701083661
within_A_Task-1,within_record,block_2,A_Task-1,A,Task-1,31,L,0.564326595,2.24025489,0.0734590365,2.87804052
within_A_Task-1,within_record,block_2,A_Task-1,A,Task-1,32,R,1.19422294,3.5649444,0.0845750693,4.84374241
within_A_Task-1,within_record,block_2,A_Task-1,A,Task-1,33,R,0.110167733,0.238497375,0.0359668975,0.384632006
within_A_Task-1,within_record,block_2,A_Task-1,A,Task-1,34,L,0.687533058,0.668414269,0.102361066,1.45830839
within_A_Task-1,within_record,block_2,A_Task-1,A,Task-1,35,R,0.960687917,2.0129884,0.0804281654,3.05410449
within_A_Task-1,within_record,block_2,A_Task-1,A,Task-1,38,L,0.121854781,1.00620045,0.0669210137,1.19497624
within_A_Task-1,within_record,block_3,A_Task-1,A,Task-1,42,R,0.105549956,0.980707054,-5.0925784,-4.00632139
within_A_Task-1,within_record,block_3,A_Task-1,A,Task-1,43,L,-0.239894198,-0.558960141,2.40874157,1.60988723
within_A_Task-1,within_record,block_3,A_Task-1,A,Task-1,44,R,-0.107449976,-0.486407867,0.0176892748,-0.576168568
within_A_Task-1,within_record,block_3,A_Task-1,A,Task-1,45,L,-0.0940104847,-0.0014756522,1.72425907,1.62877293
within_A_Task-1,within_record,block_3,A_Task-1,A,Task-1,47,L,0.0791975301,0.132968352,-1.31431751,-1.10215163
within_A_Task-1,within_record,block_3,A_Task-1,A,Task-1,48,R,-0.315402195,-1.05240497,2.58647367,1.2186665
within_A_Task-1,within_record,block_3,A_Task-1,A,Task-1,49,L,0.191404052,0.634251246,-1.55877256,-0.733117263
within_A_Task-1,within_record,block_3,A_Task-1,A,Task-1,50,L,-0.0798122977,0.0455447784,-0.324986961,-0.359254481
within_A_Task-1,within_record,block_3,A_Task-1,A,Task-1,51,R,0.153586535,-0.338468975,-0.19748857,-0.382371009
within_A_Task-1,within_record,block_3,A_Task-1,A,Task-1,52,R,-0.321319536,0.516074429,-8.80788451,-8.61312962
within_A_Task-1,within_record,block_3,A_Task-1,A,Task-1,54,L,0.0998756839,1.07492593,-7.92137506,-6.74657345
within_A_Task-1,within_record,block_3,A_Task-1,A,Task-1,55,R,0.153432827,1.73763133,-1.07471587,0.816348285
within_A_Task-1,within_record,block_3,A_Task-1,A,Task-1,56,L,-0.136946949,0.552468942,2.01074934,2.42627133
within_A_Task-1,within_record,block_3,A_Task-1,A,Task-1,57,L,-0.0514520262,-0.232517955,0.820811451,0.536841469
within_A_Task-1,within_record,block_3,A_Task-1,A,Task-1,58,R,-0.122694614,-0.170070128,2.36570008,2.07293534
within_A_Task-1,within_record,block_3,A_Task-1,A,Task-1,59,R,-0.109929803,-0.192107825,1.44962182,1.1475842
within_A_Task-1,within_record,block_4,A_Task-1,A,Task-1,61,R,0.858350241,0.345206041,-0.367307014,0.836249267
within_A_Task-1,within_record,block_4,A_Task-1,A,Task-1,62,L,-1.8438331,2.86098406,4.46587839,5.48302935
within_A_Task-1,within_record,block_4,A_Task-1,A,Task-1,63,R,-0.936273985,2.10972896,4.25645769,5.42991267
within_A_Task-1,within_record,block_4,A_Task-1,A,Task-1,64,R,0.460722875,-0.858006471,-1.37911415,-1.77639774
within_A_Task-1,within_record,block_4,A_Task-1,A,Task-1,65,L,-0.0160654825,-0.519312333,-1.71626848,-2.2516463
within_A_Task-1,within_record,block_4,A_Task-1,A,Task-1,66,R,-1.85260715,2.60998518,4.62662714,5.38400517
within_A_Task-1,within_record,block_4,A_Task-1,A,Task-1,67,L,-0.335860785,-0.655992004,-0.179708395,-1.17156118
within_A_Task-1,within_record,block_4,A_Task-1,A,Task-1,68,L,-1.2278488,1.88405745,2.81693989,3.47314853
within_A_Task-1,within_record,block_4,A_Task-1,A,Task-1,69,R,-1.47947853,0.85660517,5.75261517,5.12974182
within_A_Task-1,within_record,block_4,A_Task-1,A,Task-1,70,R,0.169412783,-0.227831867,-0.496393205,-0.55481229
within_A_Task-1,within_record,block_4,A_Task-1,A,Task-1,71,L,-0.572025872,1.17546915,1.65791727,2.26136055
within_A_Task-1,within_record,block_4,A_Task-1,A,Task-1,72,R,-0.846939539,1.83043272,0.368171987,1.35166517
within_A_Task-1,within_record,block_4,A_Task-1,A,Task-1,73,L,0.342873464,-0.483384974,-2.09743107,-2.23794258
within_A_Task-1,within_record,block_4,A_Task-1,A,Task-1,74,R,0.592573724,0.462503735,0.349225674,1.40430313
within_A_Task-1,within_record,block_4,A_Task-1,A,Task-1,75,L,0.231254092,-0.0464289085,-4.7152895,-4.53046432
within_A_Task-1,within_record,block_4,A_Task-1,A,Task-1,76,R,0.618916988,-0.556898211,-0.019855308,0.0421634686
within_A_Task-1,within_record,block_4,A_Task-1,A,Task-1,78,L,0.651411857,7.42296006,15.1063104,23.1806823
within_A_Task-1,within_record,block_4,A_Task-1,A,Task-1,79,L,-0.0226831997,0.6671917,0.844447813,1.48895631
within_A_Task-1,within_record,block_4,A_Task-1,A,Task-1,80,L,-1.27037054,1.74616004,1.8900807,2.3658702
within_A_Task-1,within_record,block_5,A_Task-1,A,Task-1,81,L,-0.774665289,-0.339535404,0.649846648,-0.464354045
within_A_Task-1,within_record,block_5,A_Task-1,A,Task-1,82,R,0.576682247,0.448931628,0.320024289,1.34563816
within_A_Task-1,within_record,block_5,A_Task-1,A,Task-1,83,L,-1.80144834,-1.0591766,2.16539568,-0.695229262
within_A_Task-1,within_record,block_5,A_Task-1,A,Task-1,84,R,-0.809273934,-0.139497065,1.10846259,0.159691594
within_A_Task-1,within_record,block_5,A_Task-1,A,Task-1,85,L,0.597188931,-0.171956301,-1.10392095,-0.678688319
within_A_Task-1,within_record,block_5,A_Task-1,A,Task-1,86,R,0.255073215,0.319568094,-2.1424229,-1.56778159
within_A_Task-1,within_record,block_5,A_Task-1,A,Task-1,87,R,-1.57962233,-0.29454846,2.02258344,0.148412649
within_A_Task-1,within_record,block_5,A_Task-1,A,Task-1,89,R,-0.845742705,-0.156196805,0.607147046,-0.394792464
within_A_Task-1,within_record,block_5,A_Task-1,A,Task-1,90,R,-1.02839436,-0.178415433,1.55137744,0.344567639
within_A_Task-1,within_record,block_5,A_Task-1,A,Task-1,91,L,0.741086047,0.113130609,-0.768658891,0.0855577651
within_A_Task-1,within_record,block_5,A_Task-1,A,Task-1,92,R,-0.00856218671,0.0335167995,0.775289658,0.800244271
within_A_Task-1,within_record,block_5,A_Task-1,A,Task-1,93,R,-1.43570603,-0.706224357,1.52329131,-0.618639075
within_A_Task-1,within_record,block_5,A_Task-1,A,Task-1,94,R,-0.812262973,-0.250651001,1.14165862,0.078744648
within_A_Task-1,within_record,block_5,A_Task-1,A,Task-1,95,L,0.106459408,0.165691775,-0.116518886,0.155632297
within_A_Task-1,within_record,block_5,A_Task-1,A,Task-1,96,R,-0.999032731,-0.494550714,1.58094897,0.0873655221
within_A_Task-1,within_record,block_5,A_Task-1,A,Task-1,97,R,1.63519402,-1.99682423,6.1344117,5.77278149
within_A_Task-1,within_record,block_5,A_Task-1,A,Task-1,98,L,0.235115464,0.497369921,-0.474194962,0.258290423
within_A_Task-1,within_record,block_5,A_Task-1,A,Task-1,99,L,-0.93468592,-0.527574128,1.50754737,0.0452873225
within_A_Task-1,within_record,block_5,A_Task-1,A,Task-1,100,R,-0.448259864,-0.382550415,0.219137291,-0.611672988
within_A_Task-2,within_record,block_1,A_Task-2,A,Task-2,1,R,-0.376605967,0.521598863,1.47715711,1.62215001
within_A_Task-2,within_record,block_1,A_Task-2,A,Task-2,2,L,-0.399655631,0.148546591,0.646181151,0.395072111
within_A_Task-2,within_record,block_1,A_Task-2,A,Task-2,3,L,-0.664114801,0.172796818,0.837745588,0.346427606
within_A_Task-2,within_record,block_1,A_Task-2,A,Task-2,4,L,-0.550350385,0.141796852,0.734388747,0.325835213
within_A_Task-2,within_record,block_1,A_Task-2,A,Task-2,5,R,-0.00826068351,0.231507798,0.439837065,0.66308418
within_A_Task-2,within_record,block_1,A_Task-2,A,Task-2,6,L,2.25125228,-0.129970124,-2.30240024,-0.181118078
within_A_Task-2,within_record,block_1,A_Task-2,A,Task-2,7,R,-0.622073005,0.062378193,0.486111314,-0.0735834979
within_A_Task-2,within_record,block_1,A_Task-2,A,Task-2,8,R,1.65502836,-0.10464305,-1.72254772,-0.172162408
within_A_Task-2,within_record,block_1,A_Task-2,A,Task-2,9,L,0.739464753,0.067670673,-0.336440335,0.47069509
within_A_Task-2,within_record,block_1,A_Task-2,A,Task-2,10,L,-0.49777434,0.281184869,0.816870681,0.60028121
within_A_Task-2,within_record,block_1,A_Task-2,A,Task-2,11,R,0.906131206,-0.00187521476,-1.48104772,-0.576791733
within_A_Task-2,within_record,block_1,A_Task-2,A,Task-2,12,R,-1.59203384,0.521916193,2.18711714,1.11699949
within_A_Task-2,within_record,block_1,A_Task-2,A,Task-2,13,R,3.17379968,0.177514953,-1.78225401,1.56906063
within_A_Task-2,within_record,block_1,A_Task-2,A,Task-2,14,L,0.792314742,-0.12703262,-0.974706522,-0.3094244
within_A_Task-2,within_record,block_1,A_Task-2,A,Task-2,15,L,0.30892332,-0.253241368,-0.974416128,-0.918734176
within_A_Task-2,within_record,block_1,A_Task-2,A,Task-2,16,L,0.393499927,0.0501431196,-0.0124817478,0.431161299
within_A_Task-2,within_record,block_1,A_Task-2,A,Task-2,17,R,-1.76963038,0.277637548,1.86721118,0.375218342
within_A_Task-2,within_record,block_1,A_Task-2,A,Task-2,18,R,0.328160175,0.218393217,0.215669796,0.762223188
within_A_Task-2,within_record,block_1,A_Task-2,A,Task-2,19,L,0.369200523,-0.152343769,-0.205072091,0.0117846628
within_A_Task-2,within_record,block_1,A_Task-2,A,Task-2,20,L,1.21809243,-0.0748556154,-1.50714413,-0.36390731
within_A_Task-2,within_record,block_2,A_Task-2,A,Task-2,21,R,3.37793067,1.8195929,-1.10141333,4.09611023
within_A_Task-2,within_record,block_2,A_Task-2,A,Task-2,22,L,3.53171092,1.04293826,-1.00328841,3.57136077
within_A_Task-2,within_record,block_2,A_Task-2,A,Task-2,23,R,-1.51493193,-0.0412321819,0.109555764,-1.44660834
within_A_Task-2,within_record,block_2,A_Task-2,A,Task-2,24,R,0.57290719,0.643914515,0.0871902151,1.30401192
within_A_Task-2,within_record,block_2,A_Task-2,A,Task-2,25,L,3.24176388,1.07344341,-0.983469627,3.33173767
within_A_Task-2,within_record,block_2,A_Task-2,A,Task-2,26,L,-1.42570041,-0.33115311,0.312379358,-1.44447416
within_A_Task-2,within_record,block_2,A_Task-2,A,Task-2,27,R,3.30071251,1.33308497,-0.912040066,3.72175741
within_A_Task-2,within_record,block_2,A_Task-2,A,Task-2,28,R,2.29519151,0.958713825,-0.593659628,2.6602457
within_A_Task-2,within_record,block_2,A_Task-2,A,Task-2,29,R,3.38600104,1.36575138,-1.01537788,3.73637454
within_A_Task-2,within_record,block_2,A_Task-2,A,Task-2,31,L,-0.684267423,0.115476607,-0.214796825,-0.783587642
within_A_Task-2,within_record,block_2,A_Task-2,A,Task-2,32,L,0.193773832,0.574648002,0.21839814,0.986819973
within_A_Task-2,within_record,block_2,A_Task-2,A,Task-2,34,L,2.33514271,-0.0249028437,-1.02682381,1.28341605
within_A_Task-2,within_record,block_2,A_Task-2,A,Task-2,35,L,-1.44978291,-0.27369221,0.567006283,-1.15646883
within_A_Task-2,within_record,block_2,A_Task-2,A,Task-2,36,R,-0.637989216,0.249834143,0.270727939,-0.117427134
within_A_Task-2,within_record,block_2,A_Task-2,A,Task-2,37,R,-3.62574037,-2.28728553,0.742382448,-5.17064345
within_A_Task-2,within_record,block_2,A_Task-2,A,Task-2,38,L,-0.232454732,0.0979419791,0.195832481,0.0613197282
within_A_Task-2,within_record,block_2,A_Task-2,A,Task-2,40,L,0.522700796,0.603230456,0.02327208,1.14920333
within_A_Task-2,within_record,block_3,A_Task-2,A,Task-2,42,L,-1.13272389,-0.215492674,0.0355161156,-1.31270045
within_A_Task-2,within_record,block_3,A_Task-2,A,Task-2,43,L,2.25295697,0.913091098,-0.0200716314,3.14597644
within_A_Task-2,within_record,block_3,A_Task-2,A,Task-2,44,L,2.27287091,1.64787774,0.029799893,3.95054854
within_A_Task-2,within_record,block_3,A_Task-2,A,Task-2,46,L,0.389001963,0.388230941,0.0968655221,0.874098427
within_A_Task-2,within_record,block_3,A_Task-2,A,Task-2,47,L,-1.07177834,0.0916449188,-0.0739438674,-1.05407729
within_A_Task-2,within_record,block_3,A_Task-2,A,Task-2,48,L,0.0422694937,0.102847461,0.0904309316,0.235547886
within_A_Task-2,within_record,block_3,A_Task-2,A,Task-2,49,R,-0.467712157,0.62814968,0.150316825,0.310754348
within_A_Task-2,within_record,block_3,A_Task-2,A,Task-2,50,R,0.177695267,-1.01868935,0.300031627,-0.540962454
within_A_Task-2,within_record,block_3,A_Task-2,A,Task-2,51,L,-2.73807496,-2.85447222,0.425186771,-5.16736041
within_A_Task-2,within_record,block_3,A_Task-2,A,Task-2,52,R,1.47933791,0.947827014,-0.128760303,2.29840462
within_A_Task-2,within_record,block_3,A_Task-2,A,Task-2,53,R,-0.343698207,0.191849691,0.0389857331,-0.112862783
within_A_Task-2,within_record,block_3,A_Task-2,A,Task-2,54,L,1.69863907,0.586768731,-0.0211985199,2.26420928
within_A_Task-2,within_record,block_3,A_Task-2,A,Task-2,55,L,0.302866435,2.23304151,0.289062924,2.82497087
within_A_Task-2,within_record,block_3,A_Task-2,A,Task-2,56,R,1.9984643,0.619709261,-0.112042029,2.50613153
within_A_Task-2,within_record,block_3,A_Task-2,A,Task-2,57,R,2.11842688,2.47880107,0.902867955,5.50009591
within_A_Task-2,within_record,block_3,A_Task-2,A,Task-2,58,R,2.12416542,1.39600576,-0.024150773,3.4960204
within_A_Task-2,within_record,block_3,A_Task-2,A,Task-2,59,R,1.78818173,1.41144566,-0.187079271,3.01254812
within_A_Task-2,within_record,block_3,A_Task-2,A,Task-2,60,R,-0.347397374,-0.576747619,-0.000870573942,-0.925015566
within_A_Task-2,within_record,block_4,A_Task-2,A,Task-2,61,L,-0.944911589,-0.307407762,0.0334770342,-1.21884232
within_A_Task-2,within_record,block_4,A_Task-2,A,Task-2,62,R,3.41291415,0.259016019,-0.021209305,3.65072086
within_A_Task-2,within_record,block_4,A_Task-2,A,Task-2,64,L,1.39731974,-0.725688051,-0.0328051735,0.638826521
within_A_Task-2,within_record,block_4,A_Task-2,A,Task-2,65,R,2.73972141,0.364237521,0.0263167981,3.13027573
within_A_Task-2,within_record,block_4,A_Task-2,A,Task-2,66,L,4.06184555,0.934346887,-0.0712988772,4.92489356
within_A_Task-2,within_record,block_4,A_Task-2,A,Task-2,67,R,0.777645813,-0.182628882,-0.108744418,0.486272513
within_A_Task-2,within_record,block_4,A_Task-2,A,Task-2,68,R,4.73252984,0.562140729,-0.147512152,5.14715841
within_A_Task-2,within_record,block_4,A_Task-2,A,Task-2,69,L,-2.68133833,-0.518466019,0.202842435,-2.99696191
within_A_Task-2,within_record,block_4,A_Task-2,A,Task-2,70,L,5.11373046,0.673152205,-0.0448903569,5.7419923
within_A_Task-2,within_record,block_4,A_Task-2,A,Task-2,71,R,-1.85445664,-0.355874069,0.0426697738,-2.16766094
within_A_Task-2,within_record,block_4,A_Task-2,A,Task-2,72,R,-1.85697896,-0.250277399,-0.0407936753,-2.14805003
within_A_Task-2,within_record,block_4,A_Task-2,A,Task-2,73,R,2.7500093,0.225165551,-0.0262927786,2.94888207
within_A_Task-2,within_record,block_4,A_Task-2,A,Task-2,74,R,2.96484816,0.353474451,-0.00822395796,3.31009866
within_A_Task-2,within_record,block_4,A_Task-2,A,Task-2,75,L,-0.104321185,-0.136125162,-0.0570880216,-0.297534368
within_A_Task-2,within_record,block_4,A_Task-2,A,Task-2,76,L,-0.0392138442,-0.144140687,0.188294047,0.0049395158
within_A_Task-2,within_record,block_4,A_Task-2,A,Task-2,77,L,3.87383389,0.303419614,0.0681342025,4.2453877
within_A_Task-2,within_record,block_4,A_Task-2,A,Task-2,78,R,4.4603776,0.96362694,-0.0479499353,5.3760546
within_A_Task-2,within_record,block_4,A_Task-2,A,Task-2,79,L,-0.581921322,0.0733876235,0.078304835,-0.430228863
within_A_Task-2,within_record,block_5,A_Task-2,A,Task-2,81,L,5.89309969,1.83694309,1.691655,9.42169778
within_A_Task-2,within_record,block_5,A_Task-2,A,Task-2,82,R,-8.57052886,-1.68788979,-1.7973327,-12.0557513
within_A_Task-2,within_record,block_5,A_Task-2,A,Task-2,83,R,3.88106491,0.693917064,1.05499264,5.62997462
within_A_Task-2,within_record,block_5,A_Task-2,A,Task-2,84,L,4.06968694,1.13242781,0.707419172,5.90953393
within_A_Task-2,within_record,block_5,A_Task-2,A,Task-2,85,R,3.15533088,1.19825895,0.78352845,5.13711828
within_A_Task-2,within_record,block_5,A_Task-2,A,Task-2,87,L,-1.39897828,-0.752922506,-0.00793380729,-2.15983459
within_A_Task-2,within_record,block_5,A_Task-2,A,Task-2,88,R,-0.816690539,-1.06094513,-0.281431764,-2.15906744
within_A_Task-2,within_record,block_5,A_Task-2,A,Task-2,89,L,3.11258671,0.804020202,0.941510764,4.85811767
within_A_Task-2,within_record,block_5,A_Task-2,A,Task-2,90,L,3.42737161,0.544263391,0.454403079,4.42603808
within_A_Task-2,within_record,block_5,A_Task-2,A,Task-2,91,L,-1.38315983,0.0211942304,-0.467539423,-1.82950503
within_A_Task-2,within_record,block_5,A_Task-2,A,Task-2,92,L,0.630907066,-1.58279297,0.129216122,-0.822669782
within_A_Task-2,within_record,block_5,A_Task-2,A,Task-2,93,R,4.32221545,1.23253155,0.968334393,6.52308139
within_A_Task-2,within_record,block_5,A_Task-2,A,Task-2,94,L,5.18060904,4.02677167,1.4954683,10.702849
within_A_Task-2,within_record,block_5,A_Task-2,A,Task-2,95,L,4.50585531,1.01995549,1.15661457,6.68242537
within_A_Task-2,within_record,block_5,A_Task-2,A,Task-2,96,L,-1.13125604,-1.00521448,-0.49827956,-2.63475008
within_A_Task-2,within_record,block_5,A_Task-2,A,Task-2,97,L,-3.28267068,-0.809875863,-0.740711465,-4.83325801
within_A_Task-2,within_record,block_5,A_Task-2,A,Task-2,98,L,1.11812507,0.549409,0.404048992,2.07158306
within_A_Task-2,within_record,block_5,A_Task-2,A,Task-2,99,L,-1.77372137,-0.158089621,-0.307697468,-2.23950846
within_A_Task-2,within_record,block_5,A_Task-2,A,Task-2,100,L,3.88650112,0.77359321,1.07173769,5.73183202
within_B_Task-1,within_record,block_1,B_Task-1,B,Task-1,1,L,1.57515187,1.55239891,1.40531666,4.53286744
within_B_Task-1,within_record,block_1,B_Task-1,B,Task-1,2,L,-1.68752084,-1.20098344,-0.945442186,-3.83394647
within_B_Task-1,within_record,block_1,B_Task-1,B,Task-1,3,R,-1.93157295,-0.220931019,-0.661247445,-2.81375141
within_B_Task-1,within_record,block_1,B_Task-1,B,Task-1,4,L,-1.48557465,-0.6810377,0.149496455,-2.0171159
within_B_Task-1,within_record,block_1,B_Task-1,B,Task-1,5,R,0.279846725,-0.779708598,-0.36289307,-0.862754942
within_B_Task-1,within_record,block_1,B_Task-1,B,Task-1,6,R,-12.9394929,12.6538479,12.0862044,11.8005594
within_B_Task-1,within_record,block_1,B_Task-1,B,Task-1,7,R,-0.80481651,0.777554234,-0.927231241,-0.954493517
within_B_Task-1,within_record,block_1,B_Task-1,B,Task-1,8,L,-1.51252012,-1.96853826,-0.0721403271,-3.5531987
within_B_Task-1,within_record,block_1,B_Task-1,B,Task-1,9,L,-2.81432775,-3.4133323,0.0392313676,-6.18842868
within_B_Task-1,within_record,block_1,B_Task-1,B,Task-1,10,L,3.0387477,-0.049670505,-1.54806758,1.44100962
within_B_Task-1,within_record,block_1,B_Task-1,B,Task-1,11,R,1.0798884,-1.38786251,0.780287863,0.472313746
within_B_Task-1,within_record,block_1,B_Task-1,B,Task-1,12,L,3.82590571,1.78197246,3.09336733,8.7012455
within_B_Task-1,within_record,block_1,B_Task-1,B,Task-1,13,R,4.80971209,2.36642256,1.96734043,9.14347508
within_B_Task-1,within_record,block_1,B_Task-1,B,Task-1,15,L,-0.1230341,0.71321482,-1.89991637,-1.30973565
within_B_Task-1,within_record,block_1,B_Task-1,B,Task-1,16,R,3.29858027,1.05093861,1.48826599,5.83778487
within_B_Task-1,within_record,block_1,B_Task-1,B,Task-1,17,L,-3.92538778,6.25163339,1.47193568,3.7981813
within_B_Task-1,within_record,block_1,B_Task-1,B,Task-1,18,L,-1.7569047,3.43971502,3.28512402,4.96793434
within_B_Task-1,within_record,block_1,B_Task-1,B,Task-1,19,R,-1.18984208,0.685858217,-0.256216039,-0.7601999
within_B_Task-1,within_record,block_1,B_Task-1,B,Task-1,20,L,-5.09578378,11.356485,2.74359268,9.00429394
within_B_Task-1,within_record,block_2,B_Task-1,B,Task-1,21,R,-2.04063707,-0.884497986,-0.618778434,-3.54391349
within_B_Task-1,within_record,block_2,B_Task-1,B,Task-1,22,R,0.806077153,0.449289524,-0.594851977,0.6605147
within_B_Task-1,within_record,block_2,B_Task-1,B,Task-1,24,R,-7.74447325,5.30533361,4.51047367,2.07133403
within_B_Task-1,within_record,block_2,B_Task-1,B,Task-1,26,R,1.12797812,-0.978589655,-4.21547017,-4.0660817
within_B_Task-1,within_record,block_2,B_Task-1,B,Task-1,27,R,3.30068651,0.800152785,1.62894702,5.72978631
within_B_Task-1,within_record,block_2,B_Task-1,B,Task-1,28,R,0.265071512,1.21715203,2.51790399,4.00012753
within_B_Task-1,within_record,block_2,B_Task-1,B,Task-1,29,R,4.39374544,1.61840499,2.48570044,8.49785087
within_B_Task-1,within_record,block_2,B_Task-1,B,Task-1,30,L,-0.818216229,0.519439468,-1.64270479,-1.94148155
within_B_Task-1,within_record,block_2,B_Task-1,B,Task-1,31,R,-0.82217847,-0.296618192,-1.28899473,-2.40779139
within_B_Task-1,within_record,block_2,B_Task-1,B,Task-1,32,L,-1.43732993,-1.59154696,-0.406498277,-3.43537517
within_B_Task-1,within_record,block_2,B_Task-1,B,Task-1,33,L,-0.651269481,-0.940273723,-0.316181826,-1.90772503
within_B_Task-1,within_record,block_2,B_Task-1,B,Task-1,34,R,6.13175465,1.26506685,2.42512424,9.82194574
within_B_Task-1,within_record,block_2,B_Task-1,B,Task-1,35,L,-0.757220579,0.539196371,1.0923584,0.874334195
within_B_Task-1,within_record,block_2,B_Task-1,B,Task-1,37,L,-1.36514202,4.37409713,-1.87880695,1.13014816
within_B_Task-1,within_record,block_2,B_Task-1,B,Task-1,38,L,-1.14313658,-1.4973684,-1.08433617,-3.72484116
within_B_Task-1,within_record,block_2,B_Task-1,B,Task-1,39,R,0.693203552,0.484325361,0.54698251,1.72451142
within_B_Task-1,within_record,block_2,B_Task-1,B,Task-1,40,R,-0.371270716,0.197923076,-1.41714511,-1.59049275
within_B_Task-1,within_record,block_3,B_Task-1,B,Task-1,41,L,0.181292717,0.0763684984,0.161647555,0.41930877
within_B_Task-1,within_record,block_3,B_Task-1,B,Task-1,42,R,-3.91410462,1.18702327,0.487460897,-2.23962045
within_B_Task-1,within_record,block_3,B_Task-1,B,Task-1,43,R,-0.735403295,-0.127843106,-0.21706276,-1.08030916
within_B_Task-1,within_record,block_3,B_Task-1,B,Task-1,44,R,1.10681847,-0.100732026,0.0811764746,1.08726292
within_B_Task-1,within_record,block_3,B_Task-1,B,Task-1,45,R,1.61028566,0.530051388,0.388318991,2.52865604
within_B_Task-1,within_record,block_3,B_Task-1,B,Task-1,47,L,1.75828708,-0.11602504,-0.857068108,0.785193934
within_B_Task-1,within_record,block_3,B_Task-1,B,Task-1,48,R,0.000971735525,0.13002434,1.08694112,1.2179372
within_B_Task-1,within_record,block_3,B_Task-1,B,Task-1,49,R,1.02554098,-0.0785465537,0.273629229,1.22062366
within_B_Task-1,within_record,block_3,B_Task-1,B,Task-1,51,R,3.5964053,0.302513917,0.510120995,4.40904021
within_B_Task-1,within_record,block_3,B_Task-1,B,Task-1,52,L,2.23847774,0.295211084,0.435741425,2.96943025
within_B_Task-1,within_record,block_3,B_Task-1,B,Task-1,53,R,0.884064955,0.277977361,-0.102286221,1.0597561
within_B_Task-1,within_record,block_3,B_Task-1,B,Task-1,55,R,0.462994947,-0.827378928,0.31361464,-0.0507693416
within_B_Task-1,within_record,block_3,B_Task-1,B,Task-1,56,L,-0.265790104,0.0737709412,0.0819342158,-0.110084947
within_B_Task-1,within_record,block_3,B_Task-1,B,Task-1,57,R,3.12432921,0.0308542123,-0.295418017,2.85976541
within_B_Task-1,within_record,block_3,B_Task-1,B,Task-1,58,R,1.68238909,0.85060172,1.12733512,3.66032593
within_B_Task-1,within_record,block_3,B_Task-1,B,Task-1,59,R,-0.267326928,-0.0755805523,0.132303654,-0.210603827
within_B_Task-1,within_record,block_3,B_Task-1,B,Task-1,60,R,-0.872330116,-0.287107864,-0.221283409,-1.38072139
within_B_Task-1,within_record,block_4,B_Task-1,B,Task-1,61,L,1.00117149,-0.574626624,1.05595972,1.48250458
within_B_Task-1,within_record,block_4,B_Task-1,B,Task-1,62,L,-1.57328357,-1.02236739,-3.8625771,-6.45822806
within_B_Task-1,within_record,block_4,B_Task-1,B,Task-1,63,R,-1.14228947,-0.643732236,-0.706152297,-2.49217401
within_B_Task-1,within_record,block_4,B_Task-1,B,Task-1,64,L,-0.973005978,-0.759920034,-0.256613738,-1.98953975
within_B_Task-1,within_record,block_4,B_Task-1,B,Task-1,65,L,-5.08536105,-0.958050817,-2.15722979,-8.20064165
within_B_Task-1,within_record,block_4,B_Task-1,B,Task-1,66,L,5.6839221,-0.053775393,-3.11250577,2.51764094
within_B_Task-1,within_record,block_4,B_Task-1,B,Task-1,67,R,2.5431073,0.392970859,0.699843025,3.63592118
within_B_Task-1,within_record,block_4,B_Task-1,B,Task-1,68,R,0.689199687,-0.368307721,0.477786242,0.798678208
within_B_Task-1,within_record,block_4,B_Task-1,B,Task-1,69,L,-0.190004498,-1.01065785,0.585934372,-0.614727976
within_B_Task-1,within_record,block_4,B_Task-1,B,Task-1,70,L,-0.372575484,-1.55985188,-1.84851834,-3.78094571
within_B_Task-1,within_record,block_4,B_Task-1,B,Task-1,71,R,-0.42162919,-0.52290524,-1.12884202,-2.07337645
within_B_Task-1,within_record,block_4,B_Task-1,B,Task-1,72,R,5.56656964,-0.649266839,-1.55768421,3.35961859
within_B_Task-1,within_record,block_4,B_Task-1,B,Task-1,73,L,-1.18522509,-1.00572282,-0.826759663,-3.01770757
within_B_Task-1,within_record,block_4,B_Task-1,B,Task-1,74,L,0.478057442,-1.10238586,1.14512956,0.52080114
within_B_Task-1,within_record,block_4,B_Task-1,B,Task-1,75,R,2.33871766,-0.213676756,-0.369267988,1.75577291
within_B_Task-1,within_record,block_4,B_Task-1,B,Task-1,76,L,-3.69656585,3.24233513,2.69508154,2.24085082
within_B_Task-1,within_record,block_4,B_Task-1,B,Task-1,77,L,1.03772672,-0.138788112,0.190750931,1.08968954
within_B_Task-1,within_record,block_4,B_Task-1,B,Task-1,79,R,0.460695085,0.196258073,-0.0992759441,0.557677214
within_B_Task-1,within_record,block_4,B_Task-1,B,Task-1,80,L,2.46106763,0.651390187,0.29294619,3.40540401
within_B_Task-1,within_record,block_5,B_Task-1,B,Task-1,81,L,-1.5794155,1.77481875,-0.338156557,-0.142753306
within_B_Task-1,within_record,block_5,B_Task-1,B,Task-1,82,R,4.40138066,3.20529273,1.60255029,9.20922368
within_B_Task-1,within_record,block_5,B_Task-1,B,Task-1,83,L,5.49004449,3.1599297,0.437981087,9.08795527
within_B_Task-1,within_record,block_5,B_Task-1,B,Task-1,84,L,0.998838071,-1.15009298,0.357289139,0.206034228
within_B_Task-1,within_record,block_5,B_Task-1,B,Task-1,85,R,3.35346241,-2.10839104,-5.42534742,-4.18027606
within_B_Task-1,within_record,block_5,B_Task-1,B,Task-1,86,L,-3.26989445,-4.11562792,-3.18104046,-10.5665628
within_B_Task-1,within_record,block_5,B_Task-1,B,Task-1,87,L,-0.295128926,-1.05243417,-1.16268246,-2.51024556
within_B_Task-1,within_record,block_5,B_Task-1,B,Task-1,89,L,-9.8787607,15.6606959,12.3677618,18.149697
within_B_Task-1,within_record,block_5,B_Task-1,B,Task-1,90,L,-2.71975642,-3.62500749,-3.5864628,-9.93122671
within_B_Task-1,within_record,block_5,B_Task-1,B,Task-1,91,R,-0.270398451,-1.39227213,-0.536414472,-2.19908505
within_B_Task-1,within_record,block_5,B_Task-1,B,Task-1,93,L,-0.547084673,-0.387470353,-0.506688634,-1.44124366
within_B_Task-1,within_record,block_5,B_Task-1,B,Task-1,94,R,-1.60765694,-2.9442357,-0.742000555,-5.29389319
within_B_Task-1,within_record,block_5,B_Task-1,B,Task-1,95,L,1.61120539,-0.30005229,1.35773792,2.66889102
within_B_Task-1,within_record,block_5,B_Task-1,B,Task-1,96,R,-1.28075553,-1.00893005,-0.417552419,-2.707238
within_B_Task-1,within_record,block_5,B_Task-1,B,Task-1,97,L,7.89635037,-7.38930166,-8.06354195,-7.55649324
within_B_Task-1,within_record,block_5,B_Task-1,B,Task-1,98,R,-1.12872126,-1.03942557,0.0416383889,-2.12650845
within_B_Task-1,within_record,block_5,B_Task-1,B,Task-1,99,R,-0.16389942,-0.810494363,1.33804853,0.363654745
within_B_Task-1,within_record,block_5,B_Task-1,B,Task-1,100,R,1.21143664,-1.96722523,-6.07491573,-6.83070431
within_B_Task-2,within_record,block_1,B_Task-2,B,Task-2,1,L,-0.048943808,0.0803802347,0.76696672,0.798403147
within_B_Task-2,within_record,block_1,B_Task-2,B,Task-2,2,L,0.441850913,-0.0218708207,0.795816353,1.21579645
within_B_Task-2,within_record,block_1,B_Task-2,B,Task-2,3,L,-0.242432567,0.1153922,-0.287750028,-0.414790394
within_B_Task-2,within_record,block_1,B_Task-2,B,Task-2,4,R,-0.385902615,0.227645589,-0.668993081,-0.827250107
within_B_Task-2,within_record,block_1,B_Task-2,B,Task-2,5,L,0.205078906,-0.0263822239,0.545654541,0.724351223
within_B_Task-2,within_record,block_1,B_Task-2,B,Task-2,6,R,0.0841847617,-0.0718153379,0.660168133,0.672537556
within_B_Task-2,within_record,block_1,B_Task-2,B,Task-2,7,R,-1.17707157,0.338090709,-1.76500609,-2.60398695
within_B_Task-2,within_record,block_1,B_Task-2,B,Task-2,8,R,-1.03272901,0.271591694,-1.53767414,-2.29881146
within_B_Task-2,within_record,block_1,B_Task-2,B,Task-2,9,R,-0.179005762,0.138934093,-0.275395677,-0.315467347
within_B_Task-2,within_record,block_1,B_Task-2,B,Task-2,11,R,-1.05463546,0.253044402,-1.27503551,-2.07662657
within_B_Task-2,within_record,block_1,B_Task-2,B,Task-2,12,R,0.348195825,0.0353653902,0.729294842,1.11285606
within_B_Task-2,within_record,block_1,B_Task-2,B,Task-2,13,R,0.218963696,-0.0964728933,0.40016726,0.522658062
within_B_Task-2,within_record,block_1,B_Task-2,B,Task-2,15,R,0.310077118,-0.0265629211,0.715801173,0.99931537
within_B_Task-2,within_record,block_1,B_Task-2,B,Task-2,17,L,-0.738371397,-0.113075435,-1.0230093,-1.87445613
within_B_Task-2,within_record,block_1,B_Task-2,B,Task-2,18,R,-0.280625035,-0.0152375025,-0.401644034,-0.697506572
within_B_Task-2,within_record,block_1,B_Task-2,B,Task-2,19,R,-0.0219541994,0.124116343,0.0768793547,0.179041499
within_B_Task-2,within_record,block_1,B_Task-2,B,Task-2,20,L,-1.69166999,0.0449972001,-1.97629413,-3.62296692
within_B_Task-2,within_record,block_2,B_Task-2,B,Task-2,21,R,1.63764498,3.5688674,1.65969411,6.86620649
within_B_Task-2,within_record,block_2,B_Task-2,B,Task-2,22,R,0.104010896,0.573962358,0.533007267,1.21098052
within_B_Task-2,within_record,block_2,B_Task-2,B,Task-2,24,L,2.26781168,7.2125278,2.12018626,11.6005257
within_B_Task-2,within_record,block_2,B_Task-2,B,Task-2,25,L,0.47191467,1.23949935,0.820925871,2.53233989
within_B_Task-2,within_record,block_2,B_Task-2,B,Task-2,26,R,0.856606718,1.31408452,0.994471374,3.16516262
within_B_Task-2,within_record,block_2,B_Task-2,B,Task-2,27,L,-0.007139225,4.25192202,-0.0570879708,4.18769482
within_B_Task-2,within_record,block_2,B_Task-2,B,Task-2,28,L,0.0639931023,0.548947266,-0.0654468327,0.547493536
within_B_Task-2,within_record,block_2,B_Task-2,B,Task-2,29,L,1.05297177,2.07838263,1.32355094,4.45490534
within_B_Task-2,within_record,block_2,B_Task-2,B,Task-2,30,R,-0.379418085,-1.2588826,-0.609519658,-2.24782034
within_B_Task-2,within_record,block_2,B_Task-2,B,Task-2,31,R,0.6536279,-0.168278235,0.68189764,1.16724731
within_B_Task-2,within_record,block_2,B_Task-2,B,Task-2,32,R,-0.00712910775,1.9938132,-0.00126651221,1.98541758
within_B_Task-2,within_record,block_2,B_Task-2,B,Task-2,33,R,1.4940562,2.40164529,1.61459984,5.51030134
within_B_Task-2,within_record,block_2,B_Task-2,B,Task-2,34,R,-0.29136685,-0.148810331,0.0981649058,-0.342012276
within_B_Task-2,within_record,block_2,B_Task-2,B,Task-2,35,L,-0.563706344,0.578044209,-0.609476326,-0.595138461
within_B_Task-2,within_record,block_2,B_Task-2,B,Task-2,36,R,1.08508387,1.09743012,0.913718974,3.09623296
within_B_Task-2,within_record,block_2,B_Task-2,B,Task-2,37,L,-0.440333883,-1.94941599,-0.479324421,-2.8690743
within_B_Task-2,within_record,block_2,B_Task-2,B,Task-2,38,L,0.552207254,-1.59459797,0.608601735,-0.433788982
within_B_Task-2,within_record,block_2,B_Task-2,B,Task-2,39,R,-0.344351674,-1.00807581,-0.420140965,-1.77256845
within_B_Task-2,within_record,block_2,B_Task-2,B,Task-2,40,R,0.980240775,1.47837741,1.10036166,3.55897984
within_B_Task-2,within_record,block_3,B_Task-2,B,Task-2,41,R,-0.341522267,-0.293216988,-0.612899548,-1.2476388
within_B_Task-2,within_record,block_3,B_Task-2,B,Task-2,42,L,1.22845295,1.24444734,1.62599684,4.09889713
within_B_Task-2,within_record,block_3,B_Task-2,B,Task-2,44,R,0.976682046,0.83209492,1.12828919,2.93706615
within_B_Task-2,within_record,block_3,B_Task-2,B,Task-2,45,L,0.13970071,-0.598627247,-0.440015651,-0.898942187
within_B_Task-2,within_record,block_3,B_Task-2,B,Task-2,46,L,1.23350105,1.0433472,1.32167425,3.59852251
within_B_Task-2,within_record,block_3,B_Task-2,B,Task-2,47,R,0.070606086,0.768578494,-0.101768136,0.737416443
within_B_Task-2,within_record,block_3,B_Task-2,B,Task-2,48,L,1.19770443,1.89080789,1.46035265,4.54886497
within_B_Task-2,within_record,block_3,B_Task-2,B,Task-2,49,R,0.826921819,1.27030199,0.9117486,3.00897241
within_B_Task-2,within_record,block_3,B_Task-2,B,Task-2,51,L,1.09810291,1.50396524,1.23552982,3.83759796
within_B_Task-2,within_record,block_3,B_Task-2,B,Task-2,52,L,0.865676891,0.406395343,0.969533108,2.24160534
within_B_Task-2,within_record,block_3,B_Task-2,B,Task-2,53,R,-0.000398354146,-0.261577894,-0.221569187,-0.483545435
within_B_Task-2,within_record,block_3,B_Task-2,B,Task-2,55,R,0.0405186416,0.285084594,-0.263744785,0.061858451
within_B_Task-2,within_record,block_3,B_Task-2,B,Task-2,58,L,0.399927569,-0.0957051554,0.591107711,0.895330124
within_B_Task-2,within_record,block_3,B_Task-2,B,Task-2,59,L,0.68557731,0.644877605,0.431984586,1.7624395
within_B_Task-2,within_record,block_3,B_Task-2,B,Task-2,60,L,1.32416947,1.6778137,1.37848066,4.38046383
within_B_Task-2,within_record,block_4,B_Task-2,B,Task-2,61,L,-0.416599721,-0.216507398,-1.09768073,-1.73078785
within_B_Task-2,within_record,block_4,B_Task-2,B,Task-2,62,R,-0.131155167,0.386981823,-0.288219413,-0.0323927576
within_B_Task-2,within_record,block_4,B_Task-2,B,Task-2,63,L,-1.4364966,1.38779331,-1.61084673,-1.65955002
within_B_Task-2,within_record,block_4,B_Task-2,B,Task-2,64,L,0.913681838,0.425478293,1.05209556,2.39125569
within_B_Task-2,within_record,block_4,B_Task-2,B,Task-2,65,R,0.0628612781,1.01317608,0.920892416,1.99692977
within_B_Task-2,within_record,block_4,B_Task-2,B,Task-2,66,R,-0.620510279,1.91519644,-1.29913132,-0.00444515331
within_B_Task-2,within_record,block_4,B_Task-2,B,Task-2,67,R,0.0373542927,0.280489539,0.533937852,0.851781684
within_B_Task-2,within_record,block_4,B_Task-2,B,Task-2,68,R,-1.02017759,0.0785093477,-0.845920843,-1.78758909
within_B_Task-2,within_record,block_4,B_Task-2,B,Task-2,69,L,0.708102114,-0.00046154841,0.965891205,1.67353177
within_B_Task-2,within_record,block_4,B_Task-2,B,Task-2,70,L,1.97203487,-1.2834319,2.43547978,3.12408274
within_B_Task-2,within_record,block_4,B_Task-2,B,Task-2,71,R,-1.26865572,1.13831981,-1.5346972,-1.66503311
within_B_Task-2,within_record,block_4,B_Task-2,B,Task-2,72,R,-1.13412881,0.261943192,-1.78418737,-2.65637299
within_B_Task-2,within_record,block_4,B_Task-2,B,Task-2,73,R,0.355247544,-0.115246985,0.528418787,0.768419346
within_B_Task-2,within_record,block_4,B_Task-2,B,Task-2,74,L,-0.0811864666,0.538394356,-0.107362656,0.349845234
within_B_Task-2,within_record,block_4,B_Task-2,B,Task-2,75,L,-0.804928565,0.833245074,-1.05790214,-1.02958563
within_B_Task-2,within_record,block_4,B_Task-2,B,Task-2,76,R,-0.440142838,1.0892206,-1.13345536,-0.484377595
within_B_Task-2,within_record,block_4,B_Task-2,B,Task-2,77,R,-0.380263735,0.502149909,-0.285609271,-0.163723097
within_B_Task-2,within_record,block_4,B_Task-2,B,Task-2,78,L,0.289044667,-0.346897578,0.423086177,0.365233266
within_B_Task-2,within_record,block_4,B_Task-2,B,Task-2,79,L,0.942191143,0.80936741,1.69020624,3.44176479
within_B_Task-2,within_record,block_4,B_Task-2,B,Task-2,80,L,-1.31639089,1.20477356,-1.48689145,-1.59850879
within_B_Task-2,within_record,block_5,B_Task-2,B,Task-2,81,R,0.852042207,1.53181414,0.993622841,3.37747919
within_B_Task-2,within_record,block_5,B_Task-2,B,Task-2,83,R,-0.576195426,-0.424283333,-0.887053323,-1.88753208
within_B_Task-2,within_record,block_5,B_Task-2,B,Task-2,84,L,0.683548134,1.00694537,0.792888857,2.48338236
within_B_Task-2,within_record,block_5,B_Task-2,B,Task-2,86,R,-1.53979681,-1.62419458,-2.4115491,-5.57554049
within_B_Task-2,within_record,block_5,B_Task-2,B,Task-2,87,L,0.494393448,1.00423291,0.625207981,2.12383434
within_B_Task-2,within_record,block_5,B_Task-2,B,Task-2,88,R,-1.49774297,0.0223699112,-1.37390935,-2.84928241
within_B_Task-2,within_record,block_5,B_Task-2,B,Task-2,89,L,-3.23002824,-4.69024968,-6.11140413,-14.0316821
within_B_Task-2,within_record,block_5,B_Task-2,B,Task-2,90,R,-2.5658258,-2.43084283,-2.84109396,-7.8377626
within_B_Task-2,within_record,block_5,B_Task-2,B,Task-2,91,L,-1.44066905,-1.74865863,-1.41692739,-4.60625507
within_B_Task-2,within_record,block_5,B_Task-2,B,Task-2,92,L,1.28534263,5.35919771,3.09143879,9.73597913
within_B_Task-2,within_record,block_5,B_Task-2,B,Task-2,93,R,1.50871189,0.823672128,1.94692123,4.27930525
within_B_Task-2,within_record,block_5,B_Task-2,B,Task-2,94,L,-1.05280992,-1.07969925,-1.60956726,-3.74207644
within_B_Task-2,within_record,block_5,B_Task-2,B,Task-2,95,R,0.392278228,-0.0260370181,0.299586637,0.665827847
within_B_Task-2,within_record,block_5,B_Task-2,B,Task-2,96,R,0.0943334917,-5.43470504,-0.586075501,-5.92644704
within_B_Task-2,within_record,block_5,B_Task-2,B,Task-2,97,L,1.56399513,1.15905476,2.14160971,4.8646596
within_B_Task-2,within_record,block_5,B_Task-2,B,Task-2,98,L,-1.37790595,-1.84393136,-1.05170715,-4.27354447
within_B_Task-2,within_record,block_5,B_Task-2,B,Task-2,99,R,-0.779636258,-0.608383089,-0.709837812,-2.09785716
within_B_Task-2,within_record,block_5,B_Task-2,B,Task-2,100,L,2.67667081,4.1022867,2.26407541,9.04303293
cross_Task-1,cross_subject,B_to_A,A_Task-1,A,Task-1,1,L,1.82692243,0.510172673,0.610608751,2.94770386
cross_Task-1,cross_subject,B_to_A,A_Task-1,A,Task-1,2,R,1.16011498,-0.633617473,-0.899069643,-0.372572133
cross_Task-1,cross_subject,B_to_A,A_Task-1,A,Task-1,4,L,0.839018417,1.87441964,0.431948245,3.1453863
cross_Task-1,cross_subject,B_to_A,A_Task-1,A,Task-1,5,R,-0.679824423,0.383777209,-0.134516774,-0.430563988
cross_Task-1,cross_subject,B_to_A,A_Task-1,A,Task-1,6,L,-0.0154065571,-1.22417287,0.100157345,-1.13942208
cross_Task-1,cross_subject,B_to_A,A_Task-1,A,Task-1,7,L,-1.28648634,0.29724939,-0.205409351,-1.1946463
cross_Task-1,cross_subject,B_to_A,A_Task-1,A,Task-1,8,L,-0.366142726,-0.58454965,-1.69493545,-2.64562782
cross_Task-1,cross_subject,B_to_A,A_Task-1,A,Task-1,9,R,-0.0683490264,-1.34981668,-0.700847432,-2.11901314
cross_Task-1,cross_subject,B_to_A,A_Task-1,A,Task-1,10,R,-2.6311976,-1.34365428,-0.872571015,-4.8474229
cross_Task-1,cross_subject,B_to_A,A_Task-1,A,Task-1,11,R,-1.10491617,-1.30786263,-0.989081291,-3.40186009
cross_Task-1,cross_subject,B_to_A,A_Task-1,A,Task-1,12,R,-2.99721311,-1.60407901,-2.01916199,-6.62045411
cross_Task-1,cross_subject,B_to_A,A_Task-1,A,Task-1,13,L,-0.711974007,-0.762944161,-1.3270397,-2.80195786
cross_Task-1,cross_subject,B_to_A,A_Task-1,A,Task-1,15,R,-1.29602204,-1.79178223,-3.05846887,-6.14627314
cross_Task-1,cross_subject,B_to_A,A_Task-1,A,Task-1,16,L,-1.39679654,-1.12338362,-0.878583748,-3.39876391
cross_Task-1,cross_subject,B_to_A,A_Task-1,A,Task-1,17,R,-2.4431685,-1.34129992,-1.2107253,-4.99519371
cross_Task-1,cross_subject,B_to_A,A_Task-1,A,Task-1,18,L,-0.458851361,-1.37691013,-1.0875322,-2.92329369
cross_Task-1,cross_subject,B_to_A,A_Task-1,A,Task-1,19,L,-1.65499334,-2.06361604,-1.40016161,-5.11877098
cross_Task-1,cross_subject,B_to_A,A_Task-1,A,Task-1,21,L,-0.265561705,-0.748731074,1.21476419,0.200471409
cross_Task-1,cross_subject,B_to_A,A_Task-1,A,Task-1,23,R,-0.836959005,5.89532675,7.95674636,13.0151141
cross_Task-1,cross_subject,B_to_A,A_Task-1,A,Task-1,24,L,-1.46526227,-0.29483774,-1.90206974,-3.66216975
cross_Task-1,cross_subject,B_to_A,A_Task-1,A,Task-1,25,L,-0.640955758,-1.45801227,-0.446316813,-2.54528484
cross_Task-1,cross_subject,B_to_A,A_Task-1,A,Task-1,26,R,-2.39589178,-0.82843256,-1.45948434,-4.68380868
cross_Task-1,cross_subject,B_to_A,A_Task-1,A,Task-1,28,L,-2.15370061,-1.02862026,-3.08820972,-6.27053059
cross_Task-1,cross_subject,B_to_A,A_Task-1,A,Task-1,29,L,-2.4822431,-0.81539735,-1.78547564,-5.08311609
cross_Task-1,cross_subject,B_to_A,A_Task-1,A,Task-1,30,L,0.620985147,-0.497023829,-0.358094817,-0.234133499
cross_Task-1,cross_subject,B_to_A,A_Task-1,A,Task-1,31,L,-0.980762294,-1.59096252,-1.01412496,-3.58584977
cross_Task-1,cross_subject,B_to_A,A_Task-1,A,Task-1,32,R,-2.96129752,-2.62832159,-1.05706106,-6.64668016
cross_Task-1,cross_subject,B_to_A,A_Task-1,A,Task-1,33,R,0.331770694,-0.101207941,-0.693242102,-0.462679349
cross_Task-1,cross_subject,B_to_A,A_Task-1,A,Task-1,34,L,-1.41111359,-0.501175313,-1.76127002,-3.67355892
cross_Task-1,cross_subject,B_to_A,A_Task-1,A,Task-1,35,R,-2.12915202,-1.38740378,-1.292768,-4.8093238
cross_Task-1,cross_subject,B_to_A,A_Task-1,A,Task-1,38,L,0.257298979,-0.721479641,-0.601120223,-1.06530089
cross_Task-1,cross_subject,B_to_A,A_Task-1,A,Task-1,42,R,-1.07747821,-1.88734128,-3.06477109,-6.02959059
cross_Task-1,cross_subject,B_to_A,A_Task-1,A,Task-1,43,L,3.40078139,1.08538613,1.61147819,6.09764571
cross_Task-1,cross_subject,B_to_A,A_Task-1,A,Task-1,44,R,1.74704377,0.858390101,0.179223096,2.78465697
cross_Task-1,cross_subject,B_to_A,A_Task-1,A,Task-1,45,L,1.5356568,-0.0274078595,1.17294447,2.68119341
cross_Task-1,cross_subject,B_to_A,A_Task-1,A,Task-1,47,L,-0.652749548,-0.383273305,-0.755553068,-1.79157592
cross_Task-1,cross_subject,B_to_A,A_Task-1,A,Task-1,48,R,4.35706469,2.09159804,1.70983196,8.15849469
cross_Task-1,cross_subject,B_to_A,A_Task-1,A,Task-1,49,L,-2.17121681,-1.21802594,-0.97757753,-4.36682028
cross_Task-1,cross_subject,B_to_A,A_Task-1,A,Task-1,50,L,1.21048764,0.0481152535,-0.22578404,1.03281885
cross_Task-1,cross_subject,B_to_A,A_Task-1,A,Task-1,51,R,-1.60633754,0.566496613,0.0302731513,-1.00956778
cross_Task-1,cross_subject,B_to_A,A_Task-1,A,Task-1,52,R,4.45235477,-1.72411402,-5.23900931,-2.51076856
cross_Task-1,cross_subject,B_to_A,A_Task-1,A,Task-1,54,L,-0.995128055,-2.20617242,-4.68685781,-7.88815829
cross_Task-1,cross_subject,B_to_A,A_Task-1,A,Task-1,55,R,-1.65478272,-3.28131577,-0.506971367,-5.44306985
cross_Task-1,cross_subject,B_to_A,A_Task-1,A,Task-1,56,L,1.996851,-1.14669728,1.29113328,2.141287
cross_Task-1,cross_subject,B_to_A,A_Task-1,A,Task-1,57,L,0.88511437,0.680560802,0.53573236,2.10140753
cross_Task-1,cross_subject,B_to_A,A_Task-1,A,Task-1,58,R,1.81977695,0.522677798,1.48660213,3.82905688
cross_Task-1,cross_subject,B_to_A,A_Task-1,A,Task-1,59,R,1.71972174,0.51247769,0.983587034,3.21578646
cross_Task-1,cross_subject,B_to_A,A_Task-1,A,Task-1,61,R,-2.02025942,-0.387389284,-0.316433896,-2.7240826
cross_Task-1,cross_subject,B_to_A,A_Task-1,A,Task-1,62,L,5.13240973,2.04848991,2.57870354,9.75960318
cross_Task-1,cross_subject,B_to_A,A_Task-1,A,Task-1,63,R,2.69777139,1.18827803,2.47411186,6.36016128
cross_Task-1,cross_subject,B_to_A,A_Task-1,A,Task-1,64,R,-0.864280602,-0.409647554,-0.932623536,-2.20655169
cross_Task-1,cross_subject,B_to_A,A_Task-1,A,Task-1,65,L,0.345023972,-0.474637848,-1.12392025,-1.25353412
cross_Task-1,cross_subject,B_to_A,A_Task-1,A,Task-1,66,R,5.11890101,1.68475315,2.6779366,9.48159077
cross_Task-1,cross_subject,B_to_A,A_Task-1,A,Task-1,67,L,1.16388643,-0.669310359,-0.208551463,0.28602461
cross_Task-1,cross_subject,B_to_A,A_Task-1,A,Task-1,68,L,3.52428798,1.26849958,1.58045015,6.37323771
cross_Task-1,cross_subject,B_to_A,A_Task-1,A,Task-1,69,R,4.18797331,0.525759134,3.34302608,8.05675852
cross_Task-1,cross_subject,B_to_A,A_Task-1,A,Task-1,70,R,-0.185309676,-0.554842836,-0.382746424,-1.12289894
cross_Task-1,cross_subject,B_to_A,A_Task-1,A,Task-1,71,L,1.77315848,0.793162566,0.899270424,3.46559147
cross_Task-1,cross_subject,B_to_A,A_Task-1,A,Task-1,72,R,2.51962931,1.34368895,0.12358893,3.98690718
cross_Task-1,cross_subject,B_to_A,A_Task-1,A,Task-1,73,L,-0.649111021,-0.573909041,-1.33846925,-2.56148931
cross_Task-1,cross_subject,B_to_A,A_Task-1,A,Task-1,74,R,-1.32047721,-0.0508030862,0.126753456,-1.24452684
cross_Task-1,cross_subject,B_to_A,A_Task-1,A,Task-1,75,L,-0.383587105,-0.36444794,-2.90220689,-3.65024193
cross_Task-1,cross_subject,B_to_A,A_Task-1,A,Task-1,76,R,-1.39872599,-0.789537543,-0.0951146203,-2.28337815
cross_Task-1,cross_subject,B_to_A,A_Task-1,A,Task-1,78,L,-1.47632926,5.93412131,8.93105061,13.3888427
cross_Task-1,cross_subject,B_to_A,A_Task-1,A,Task-1,79,L,0.338189081,0.388152693,0.413030958,1.13937273
cross_Task-1,cross_subject,B_to_A,A_Task-1,A,Task-1,80,L,3.67934917,1.39550616,1.0240982,6.09895353
cross_Task-1,cross_subject,B_to_A,A_Task-1,A,Task-1,81,L,1.57314841,0.673223771,0.5681693,2.81454148
cross_Task-1,cross_subject,B_to_A,A_Task-1,A,Task-1,82,R,-0.870207962,-1.15735084,0.299244167,-1.72831463
cross_Task-1,cross_subject,B_to_A,A_Task-1,A,Task-1,83,L,3.57715904,2.32578186,1.78991598,7.69285687
cross_Task-1,cross_subject,B_to_A,A_Task-1,A,Task-1,84,R,1.63904116,0.207859252,0.948096285,2.79499669
cross_Task-1,cross_subject,B_to_A,A_Task-1,A,Task-1,85,L,-0.763234458,0.27440814,-0.969619654,-1.45844597
cross_Task-1,cross_subject,B_to_A,A_Task-1,A,Task-1,86,R,-0.508501178,-0.843430256,-1.77523441,-3.12716585
cross_Task-1,cross_subject,B_to_A,A_Task-1,A,Task-1,87,R,3.20062118,0.553300784,1.67736211,5.43128408
cross_Task-1,cross_subject,B_to_A,A_Task-1,A,Task-1,89,R,1.85108505,0.236417636,0.473622412,2.5611251
cross_Task-1,cross_subject,B_to_A,A_Task-1,A,Task-1,90,R,2.11284567,0.296324424,1.29476205,3.70393214
cross_Task-1,cross_subject,B_to_A,A_Task-1,A,Task-1,91,L,-0.891819412,-0.394711409,-0.729472724,-2.01600355
cross_Task-1,cross_subject,B_to_A,A_Task-1,A,Task-1,92,R,0.245129137,-0.202354458,0.66341434,0.706189019
cross_Task-1,cross_subject,B_to_A,A_Task-1,A,Task-1,93,R,2.83617218,1.51651073,1.27500766,5.62769057
cross_Task-1,cross_subject,B_to_A,A_Task-1,A,Task-1,94,R,1.73254867,0.454977165,0.95163626,3.1391621
cross_Task-1,cross_subject,B_to_A,A_Task-1,A,Task-1,95,L,0.270041775,-0.504884091,-0.204329944,-0.43917226
cross_Task-1,cross_subject,B_to_A,A_Task-1,A,Task-1,96,R,2.11111137,1.0273958,1.29250069,4.43100786
cross_Task-1,cross_subject,B_to_A,A_Task-1,A,Task-1,97,R,-2.65464582,4.5218491,5.25659288,7.12379617
cross_Task-1,cross_subject,B_to_A,A_Task-1,A,Task-1,98,L,-0.131195943,-1.28315122,-0.44376819,-1.85811535
cross_Task-1,cross_subject,B_to_A,A_Task-1,A,Task-1,99,L,1.94531161,1.09486795,1.27082622,4.31100577
cross_Task-1,cross_subject,B_to_A,A_Task-1,A,Task-1,100,R,1.1842381,0.756915273,0.135892148,2.07704552
cross_Task-1,cross_subject,A_to_B,B_Task-1,B,Task-1,1,L,-0.29400275,-0.173215869,0.853613194,0.386394576
cross_Task-1,cross_subject,A_to_B,B_Task-1,B,Task-1,2,L,0.554424644,0.277821732,-0.920179612,-0.0879332356
cross_Task-1,cross_subject,A_to_B,B_Task-1,B,Task-1,3,R,0.621185082,0.139699664,-0.703494587,0.0573901591
cross_Task-1,cross_subject,A_to_B,B_Task-1,B,Task-1,4,L,0.501385447,0.235419547,-0.0894282922,0.647376703
cross_Task-1,cross_subject,A_to_B,B_Task-1,B,Task-1,5,R,0.06604612,0.154900947,-0.493387688,-0.272440621
cross_Task-1,cross_subject,A_to_B,B_Task-1,B,Task-1,6,R,3.47913338,-2.28351439,8.85923026,10.0548492
cross_Task-1,cross_subject,A_to_B,B_Task-1,B,Task-1,7,R,0.348014716,-0.193030076,-0.918743239,-0.763758599
cross_Task-1,cross_subject,A_to_B,B_Task-1,B,Task-1,8,L,0.507678743,0.384830071,-0.266350554,0.626158259
cross_Task-1,cross_subject,A_to_B,B_Task-1,B,Task-1,9,L,0.841720257,0.763002734,-0.180888075,1.42383492
cross_Task-1,cross_subject,A_to_B,B_Task-1,B,Task-1,10,L,-0.685557135,0.102890604,-1.37901581,-1.96168235
cross_Task-1,cross_subject,A_to_B,B_Task-1,B,Task-1,11,R,-0.154720595,0.322648141,0.375612683,0.54354023
cross_Task-1,cross_subject,A_to_B,B_Task-1,B,Task-1,12,L,-0.893183853,-0.188033822,2.12936879,1.04815112
cross_Task-1,cross_subject,A_to_B,B_Task-1,B,Task-1,13,R,-1.122015,-0.532888093,1.2675662,-0.387336899
cross_Task-1,cross_subject,A_to_B,B_Task-1,B,Task-1,15,L,0.153653475,-0.153203841,-1.63746962,-1.63701999
cross_Task-1,cross_subject,A_to_B,B_Task-1,B,Task-1,16,R,-0.726213799,-0.25819261,0.908489792,-0.0759166173
cross_Task-1,cross_subject,A_to_B,B_Task-1,B,Task-1,17,L,1.13104236,-1.25655228,0.883265386,0.757755473
cross_Task-1,cross_subject,A_to_B,B_Task-1,B,Task-1,18,L,0.593055816,-0.330768104,2.26077035,2.52305806
cross_Task-1,cross_subject,A_to_B,B_Task-1,B,Task-1,19,R,0.456275708,-0.267139381,-0.410833832,-0.221697505
cross_Task-1,cross_subject,A_to_B,B_Task-1,B,Task-1,20,L,1.44877413,-1.84405074,1.84801113,1.45273451
cross_Task-1,cross_subject,A_to_B,B_Task-1,B,Task-1,21,R,0.653860332,0.25653316,-0.631141874,0.279251619
cross_Task-1,cross_subject,A_to_B,B_Task-1,B,Task-1,22,R,-0.0615716169,-0.0708267598,-0.653793357,-0.786191733
cross_Task-1,cross_subject,A_to_B,B_Task-1,B,Task-1,24,R,1.9652685,-0.852032857,3.67317957,4.78641522
cross_Task-1,cross_subject,A_to_B,B_Task-1,B,Task-1,26,R,-0.206411487,0.185021851,-3.35158977,-3.3729794
cross_Task-1,cross_subject,A_to_B,B_Task-1,B,Task-1,27,R,-0.798708735,-0.0892062159,1.28289512,0.394980172
cross_Task-1,cross_subject,A_to_B,B_Task-1,B,Task-1,28,R,0.0382617331,-0.252490519,1.88947581,1.67524702
cross_Task-1,cross_subject,A_to_B,B_Task-1,B,Task-1,29,R,-1.07514777,-0.211148207,1.88869018,0.602394205
cross_Task-1,cross_subject,A_to_B,B_Task-1,B,Task-1,30,L,0.342654375,0.0070111766,-1.37495731,-1.02529176
cross_Task-1,cross_subject,A_to_B,B_Task-1,B,Task-1,31,R,0.313398043,0.0396951023,-1.01003842,-0.656945276
cross_Task-1,cross_subject,A_to_B,B_Task-1,B,Task-1,32,L,0.497757375,0.339714478,-0.417343766,0.420128087
cross_Task-1,cross_subject,A_to_B,B_Task-1,B,Task-1,33,L,0.274793424,0.276562301,-0.333664364,0.217691362
cross_Task-1,cross_subject,A_to_B,B_Task-1,B,Task-1,34,R,-1.5146999,-0.221638322,1.79379647,0.0574582487
cross_Task-1,cross_subject,A_to_B,B_Task-1,B,Task-1,35,L,0.273054654,-0.0849291394,0.762964864,0.951090378
cross_Task-1,cross_subject,A_to_B,B_Task-1,B,Task-1,37,L,0.414442726,-0.935109411,-1.61418217,-2.13484886
cross_Task-1,cross_subject,A_to_B,B_Task-1,B,Task-1,38,L,0.394722071,0.386753646,-0.92353863,-0.142062913
cross_Task-1,cross_subject,A_to_B,B_Task-1,B,Task-1,39,R,-0.0435147279,-0.103345123,0.36252709,0.215667239
cross_Task-1,cross_subject,A_to_B,B_Task-1,B,Task-1,40,R,0.199185657,-0.0527905231,-1.27750849,-1.13111336
cross_Task-1,cross_subject,A_to_B,B_Task-1,B,Task-1,41,L,0.086691589,-0.0121241311,0.555628065,0.630195523
cross_Task-1,cross_subject,A_to_B,B_Task-1,B,Task-1,42,R,2.13442518,-1.19300385,1.71666293,2.65808425
cross_Task-1,cross_subject,A_to_B,B_Task-1,B,Task-1,43,R,0.557304393,0.13304305,-0.633721211,0.0566262324
cross_Task-1,cross_subject,A_to_B,B_Task-1,B,Task-1,44,R,-0.355998307,0.1149708,0.286307225,0.0452797181
cross_Task-1,cross_subject,A_to_B,B_Task-1,B,Task-1,45,R,-0.621402859,-0.455875618,1.51886745,0.441588974
cross_Task-1,cross_subject,A_to_B,B_Task-1,B,Task-1,47,L,-0.681734576,0.151890501,-4.24065195,-4.77049602
cross_Task-1,cross_subject,A_to_B,B_Task-1,B,Task-1,48,R,0.181150591,-0.152104457,5.83548597,5.8645321
cross_Task-1,cross_subject,A_to_B,B_Task-1,B,Task-1,49,R,-0.329513608,0.13262387,0.716194076,0.519304338
cross_Task-1,cross_subject,A_to_B,B_Task-1,B,Task-1,51,R,-1.58497067,-0.369181296,2.67436105,0.720209088
cross_Task-1,cross_subject,A_to_B,B_Task-1,B,Task-1,52,L,-0.90731904,-0.311847579,2.26443803,1.04527142
cross_Task-1,cross_subject,A_to_B,B_Task-1,B,Task-1,53,R,-0.252304455,-0.235637797,-0.425962825,-0.913905076
cross_Task-1,cross_subject,A_to_B,B_Task-1,B,Task-1,55,R,-0.0621640696,0.792482422,1.51267782,2.24299617
cross_Task-1,cross_subject,A_to_B,B_Task-1,B,Task-1,56,L,0.318996667,-0.0345617905,0.291328283,0.57576316
cross_Task-1,cross_subject,A_to_B,B_Task-1,B,Task-1,57,R,-1.35698515,-0.00873280284,-1.40460665,-2.7703246
cross_Task-1,cross_subject,A_to_B,B_Task-1,B,Task-1,58,R,-0.693364811,-0.690258042,3.69197967,2.30835682
cross_Task-1,cross_subject,A_to_B,B_Task-1,B,Task-1,59,R,0.322622965,0.100598137,0.638274568,1.06149567
cross_Task-1,cross_subject,A_to_B,B_Task-1,B,Task-1,60,R,0.620331047,0.30193738,-1.09584292,-0.173574493
cross_Task-1,cross_subject,A_to_B,B_Task-1,B,Task-1,61,L,-0.248439103,0.365370285,1.38057743,1.49750861
cross_Task-1,cross_subject,A_to_B,B_Task-1,B,Task-1,62,L,0.695903554,0.635398158,-5.2898309,-3.95852919
cross_Task-1,cross_subject,A_to_B,B_Task-1,B,Task-1,63,R,0.531246717,0.334914355,-0.861804707,0.00435636498
cross_Task-1,cross_subject,A_to_B,B_Task-1,B,Task-1,64,L,0.401658716,0.436152879,-0.396405821,0.441405774
cross_Task-1,cross_subject,A_to_B,B_Task-1,B,Task-1,65,L,1.81297779,0.496867491,-2.71305516,-0.403209877
cross_Task-1,cross_subject,A_to_B,B_Task-1,B,Task-1,66,L,-1.73590261,0.00737338057,-4.10892606,-5.83745529
cross_Task-1,cross_subject,A_to_B,B_Task-1,B,Task-1,67,R,-0.646911172,-0.243237789,1.07569908,0.185550116
cross_Task-1,cross_subject,A_to_B,B_Task-1,B,Task-1,68,R,-0.0672944631,0.164060656,0.663250023,0.760016216
cross_Task-1,cross_subject,A_to_B,B_Task-1,B,Task-1,69,L,0.239238818,0.474914547,0.944387628,1.65854099
cross_Task-1,cross_subject,A_to_B,B_Task-1,B,Task-1,70,L,0.260827137,0.808647565,-2.44640797,-1.37693327
cross_Task-1,cross_subject,A_to_B,B_Task-1,B,Task-1,71,R,0.307917846,0.256089246,-1.40744323,-0.843436138
cross_Task-1,cross_subject,A_to_B,B_Task-1,B,Task-1,72,R,-1.63446957,0.267192708,-1.9715105,-3.33878737
cross_Task-1,cross_subject,A_to_B,B_Task-1,B,Task-1,73,L,0.519847311,0.546413931,-1.04265477,0.0236064752
cross_Task-1,cross_subject,A_to_B,B_Task-1,B,Task-1,74,L,0.0223808436,0.568507358,1.71706147,2.30794967
cross_Task-1,cross_subject,A_to_B,B_Task-1,B,Task-1,75,R,-0.625464335,0.102697438,-0.359008367,-0.881775264
cross_Task-1,cross_subject,A_to_B,B_Task-1,B,Task-1,76,L,1.29845575,-1.74040174,3.82010153,3.37815555
cross_Task-1,cross_subject,A_to_B,B_Task-1,B,Task-1,77,L,-0.194039688,0.0687116778,0.290725179,0.165397169
cross_Task-1,cross_subject,A_to_B,B_Task-1,B,Task-1,79,R,-0.0192662209,-0.0890743111,-0.0896521002,-0.197992632
cross_Task-1,cross_subject,A_to_B,B_Task-1,B,Task-1,80,L,-0.607852033,-0.385560934,0.55628599,-0.437126976
cross_Task-1,cross_subject,A_to_B,B_Task-1,B,Task-1,81,L,0.57495584,-0.0733097339,-0.181359471,0.320286635
cross_Task-1,cross_subject,A_to_B,B_Task-1,B,Task-1,82,R,-1.15875654,-0.268750768,0.961654408,-0.465852895
cross_Task-1,cross_subject,A_to_B,B_Task-1,B,Task-1,83,L,-1.52062289,-0.303335803,0.272535061,-1.55142364
cross_Task-1,cross_subject,A_to_B,B_Task-1,B,Task-1,84,L,-0.191242406,0.208495384,0.236064266,0.253317244
cross_Task-1,cross_subject,A_to_B,B_Task-1,B,Task-1,85,R,-0.875246705,0.291222461,-3.20592825,-3.78995249
cross_Task-1,cross_subject,A_to_B,B_Task-1,B,Task-1,86,L,1.02063857,0.714393258,-1.86597063,-0.130938806
cross_Task-1,cross_subject,A_to_B,B_Task-1,B,Task-1,87,L,0.305117295,-0.0821379918,-0.67485332,-0.451874017
cross_Task-1,cross_subject,A_to_B,B_Task-1,B,Task-1,89,L,2.93424073,-1.96780566,7.36749027,8.33392534
cross_Task-1,cross_subject,A_to_B,B_Task-1,B,Task-1,90,L,0.901781803,0.503374354,-2.11150041,-0.706344253
cross_Task-1,cross_subject,A_to_B,B_Task-1,B,Task-1,91,R,0.224155669,0.266907318,-0.301759052,0.189303934
cross_Task-1,cross_subject,A_to_B,B_Task-1,B,Task-1,93,L,0.238620993,0.134945423,-0.275868312,0.097698103
cross_Task-1,cross_subject,A_to_B,B_Task-1,B,Task-1,94,R,0.551763697,0.472288126,-0.418663183,0.60538864
cross_Task-1,cross_subject,A_to_B,B_Task-1,B,Task-1,95,L,-0.322938881,0.055403783,0.826523326,0.558988228
cross_Task-1,cross_subject,A_to_B,B_Task-1,B,Task-1,96,R,0.468276409,0.230535319,-0.222241885,0.476569843
cross_Task-1,cross_subject,A_to_B,B_Task-1,B,Task-1,97,L,-2.27847336,0.950483178,-4.77802925,-6.10601943
cross_Task-1,cross_subject,A_to_B,B_Task-1,B,Task-1,98,R,0.449317513,0.187036419,0.0489177671,0.685271699
cross_Task-1,cross_subject,A_to_B,B_Task-1,B,Task-1,99,R,0.118247139,0.247730992,0.817202185,1.18318032
cross_Task-1,cross_subject,A_to_B,B_Task-1,B,Task-1,100,R,-0.196593832,0.120742093,-3.5961452,-3.67199693
cross_Task-2,cross_subject,B_to_A,A_Task-2,A,Task-2,1,R,0.153923468,-0.627886013,0.90866113,0.434698584
cross_Task-2,cross_subject,B_to_A,A_Task-2,A,Task-2,2,L,0.157506374,0.230969435,0.31575963,0.704235439
cross_Task-2,cross_subject,B_to_A,A_Task-2,A,Task-2,3,L,0.227416227,-0.206094992,0.425496486,0.446817722
cross_Task-2,cross_subject,B_to_A,A_Task-2,A,Task-2,4,L,0.16835672,-0.0851606196,0.373921343,0.457117444
cross_Task-2,cross_subject,B_to_A,A_Task-2,A,Task-2,5,R,0.0364794591,-0.0655454618,0.334266171,0.305200168
cross_Task-2,cross_subject,B_to_A,A_Task-2,A,Task-2,6,L,-0.722285212,0.905426745,-1.17353414,-0.990392607
cross_Task-2,cross_subject,B_to_A,A_Task-2,A,Task-2,7,R,0.218543949,-0.0926033065,0.284658513,0.410599156
cross_Task-2,cross_subject,B_to_A,A_Task-2,A,Task-2,8,R,-0.528028025,0.666491752,-0.841331884,-0.702868157
cross_Task-2,cross_subject,B_to_A,A_Task-2,A,Task-2,9,L,-0.224458759,0.564000688,-0.11824292,0.221299009
cross_Task-2,cross_subject,B_to_A,A_Task-2,A,Task-2,10,L,0.168920455,0.0173170873,0.455379219,0.641616761
cross_Task-2,cross_subject,B_to_A,A_Task-2,A,Task-2,11,R,-0.320121145,0.330324196,-0.782032353,-0.771829302
cross_Task-2,cross_subject,B_to_A,A_Task-2,A,Task-2,12,R,0.544907201,-0.351404446,1.22024174,1.4137445
cross_Task-2,cross_subject,B_to_A,A_Task-2,A,Task-2,13,R,-0.857154647,1.68397659,-0.560185158,0.266636782
cross_Task-2,cross_subject,B_to_A,A_Task-2,A,Task-2,14,L,-0.315833208,0.206496298,-0.59790083,-0.70723774
cross_Task-2,cross_subject,B_to_A,A_Task-2,A,Task-2,15,L,-0.18811076,0.12842279,-0.654720638,-0.714408608
cross_Task-2,cross_subject,B_to_A,A_Task-2,A,Task-2,16,L,-0.133400646,0.0978106318,0.00708002776,-0.0285099862
cross_Task-2,cross_subject,B_to_A,A_Task-2,A,Task-2,17,R,0.575525324,-0.735580522,0.927879149,0.767823951
cross_Task-2,cross_subject,B_to_A,A_Task-2,A,Task-2,18,R,-0.0465029507,0.295880801,0.2470603,0.496438151
cross_Task-2,cross_subject,B_to_A,A_Task-2,A,Task-2,19,L,-0.137828028,0.545819122,-0.118697557,0.289293538
cross_Task-2,cross_subject,B_to_A,A_Task-2,A,Task-2,20,L,-0.441601221,0.371637252,-0.804199942,-0.874163912
cross_Task-2,cross_subject,B_to_A,A_Task-2,A,Task-2,21,R,-0.653544711,1.09518181,-1.21111463,-0.769477532
cross_Task-2,cross_subject,B_to_A,A_Task-2,A,Task-2,22,L,-0.693453104,0.655511715,-1.10047944,-1.13842083
cross_Task-2,cross_subject,B_to_A,A_Task-2,A,Task-2,23,R,0.207532526,0.035692382,0.120332324,0.363557232
cross_Task-2,cross_subject,B_to_A,A_Task-2,A,Task-2,24,R,-0.0796192885,0.357711704,0.0493867032,0.327479118
cross_Task-2,cross_subject,B_to_A,A_Task-2,A,Task-2,25,L,-0.63964116,0.657757956,-1.08454183,-1.06642503
cross_Task-2,cross_subject,B_to_A,A_Task-2,A,Task-2,26,L,0.186784577,-0.161621141,0.318002583,0.343166018
cross_Task-2,cross_subject,B_to_A,A_Task-2,A,Task-2,27,R,-0.610767158,0.792135737,-1.0163711,-0.835002519
cross_Task-2,cross_subject,B_to_A,A_Task-2,A,Task-2,28,R,-0.426145645,0.569256223,-0.676139049,-0.533028471
cross_Task-2,cross_subject,B_to_A,A_Task-2,A,Task-2,29,R,-0.63326071,0.817299097,-1.12440697,-0.940368582
cross_Task-2,cross_subject,B_to_A,A_Task-2,A,Task-2,31,L,0.00477458006,0.176341188,-0.224327905,-0.0432121373
cross_Task-2,cross_subject,B_to_A,A_Task-2,A,Task-2,32,L,-0.0259758688,0.329765488,0.194932822,0.498722441
cross_Task-2,cross_subject,B_to_A,A_Task-2,A,Task-2,34,L,-0.536727354,0.0819753276,-1.09197792,-1.54672995
cross_Task-2,cross_subject,B_to_A,A_Task-2,A,Task-2,35,L,0.254979372,-0.15592019,0.571136276,0.670195459
cross_Task-2,cross_subject,B_to_A,A_Task-2,A,Task-2,36,R,0.115578177,0.131829367,0.251179007,0.498586551
cross_Task-2,cross_subject,B_to_A,A_Task-2,A,Task-2,37,R,0.548859386,-1.25427484,0.809264766,0.103849311
cross_Task-2,cross_subject,B_to_A,A_Task-2,A,Task-2,38,L,0.0140888995,0.0768543174,0.175705072,0.266648289
cross_Task-2,cross_subject,B_to_A,A_Task-2,A,Task-2,40,L,-0.114026595,0.339644261,-0.00484703684,0.220770629
cross_Task-2,cross_subject,B_to_A,A_Task-2,A,Task-2,42,L,0.276356921,-0.0887876662,0.405893361,0.593462617
cross_Task-2,cross_subject,B_to_A,A_Task-2,A,Task-2,43,L,-0.612863671,0.392757985,-0.962738288,-1.18284397
cross_Task-2,cross_subject,B_to_A,A_Task-2,A,Task-2,44,L,-0.558186884,0.722238876,-1.04392135,-0.879869359
cross_Task-2,cross_subject,B_to_A,A_Task-2,A,Task-2,46,L,-0.0855939156,0.177006311,-0.142577823,-0.0511654275
cross_Task-2,cross_subject,B_to_A,A_Task-2,A,Task-2,47,L,0.216834365,0.0564709326,0.240128732,0.513434029
cross_Task-2,cross_subject,B_to_A,A_Task-2,A,Task-2,48,L,-0.0193017098,0.0471571683,0.114176578,0.142032036
cross_Task-2,cross_subject,B_to_A,A_Task-2,A,Task-2,49,R,0.122648924,0.300713293,0.447794875,0.871157092
cross_Task-2,cross_subject,B_to_A,A_Task-2,A,Task-2,50,R,0.0730653971,-0.135462502,1.13035757,1.06796047
cross_Task-2,cross_subject,B_to_A,A_Task-2,A,Task-2,51,L,0.725880679,-1.09643898,2.18706548,1.81650718
cross_Task-2,cross_subject,B_to_A,A_Task-2,A,Task-2,52,R,-0.452714066,0.372094302,-0.786555713,-0.867175477
cross_Task-2,cross_subject,B_to_A,A_Task-2,A,Task-2,53,R,0.0737544196,0.0871411814,0.185608791,0.346504392
cross_Task-2,cross_subject,B_to_A,A_Task-2,A,Task-2,54,L,-0.476482407,0.247379125,-0.940225126,-1.16932841
cross_Task-2,cross_subject,B_to_A,A_Task-2,A,Task-2,55,L,-0.0129529606,1.00250276,-0.138818572,0.850731225
cross_Task-2,cross_subject,B_to_A,A_Task-2,A,Task-2,56,R,-0.557820624,0.254308226,-1.10305999,-1.40657239
cross_Task-2,cross_subject,B_to_A,A_Task-2,A,Task-2,57,R,-0.14683705,1.32105606,0.451093375,1.62531238
cross_Task-2,cross_subject,B_to_A,A_Task-2,A,Task-2,58,R,-0.547777857,0.587980797,-1.07463507,-1.03443213
cross_Task-2,cross_subject,B_to_A,A_Task-2,A,Task-2,59,R,-0.532803657,0.539686753,-1.21812657,-1.21124347
cross_Task-2,cross_subject,B_to_A,A_Task-2,A,Task-2,60,R,0.0793684128,-0.179570961,0.177105404,0.0769028564
cross_Task-2,cross_subject,B_to_A,A_Task-2,A,Task-2,61,L,0.102175686,-0.105349021,0.116480988,0.113307652
cross_Task-2,cross_subject,B_to_A,A_Task-2,A,Task-2,62,R,-0.473350672,0.452611727,-1.22825723,-1.24899617
cross_Task-2,cross_subject,B_to_A,A_Task-2,A,Task-2,64,L,-0.219751123,-0.769651193,-0.324660145,-1.31406246
cross_Task-2,cross_subject,B_to_A,A_Task-2,A,Task-2,65,R,-0.378162534,0.345116237,-0.648421493,-0.68146779
cross_Task-2,cross_subject,B_to_A,A_Task-2,A,Task-2,66,L,-0.614259597,1.0581484,-1.13758555,-0.693696748
cross_Task-2,cross_subject,B_to_A,A_Task-2,A,Task-2,67,R,-0.190038371,-0.046468081,-0.292109966,-0.528616417
cross_Task-2,cross_subject,B_to_A,A_Task-2,A,Task-2,68,R,-0.704816999,0.824139198,-1.68537938,-1.56605718
cross_Task-2,cross_subject,B_to_A,A_Task-2,A,Task-2,69,L,0.422728819,-0.579488035,0.459007786,0.30224857
cross_Task-2,cross_subject,B_to_A,A_Task-2,A,Task-2,70,L,-0.731621307,0.771752746,-1.51879656,-1.47866512
cross_Task-2,cross_subject,B_to_A,A_Task-2,A,Task-2,71,R,0.261593894,-0.339616396,0.555779468,0.477756965
cross_Task-2,cross_subject,B_to_A,A_Task-2,A,Task-2,72,R,0.195415782,0.0112371676,0.280698174,0.487351123
cross_Task-2,cross_subject,B_to_A,A_Task-2,A,Task-2,73,R,-0.392053137,0.266996555,-0.642625136,-0.767681719
cross_Task-2,cross_subject,B_to_A,A_Task-2,A,Task-2,74,R,-0.432568956,0.367327849,-0.863444314,-0.928685421
cross_Task-2,cross_subject,B_to_A,A_Task-2,A,Task-2,75,L,-0.0583487678,-0.00485355228,-0.0115744693,-0.0747767893
cross_Task-2,cross_subject,B_to_A,A_Task-2,A,Task-2,76,L,-0.0100088198,0.0427610276,0.463116611,0.495868818
cross_Task-2,cross_subject,B_to_A,A_Task-2,A,Task-2,77,L,-0.531780743,0.387867426,-0.88424883,-1.02816215
cross_Task-2,cross_subject,B_to_A,A_Task-2,A,Task-2,78,R,-0.654186642,1.00442086,-0.927910228,-0.577676005
cross_Task-2,cross_subject,B_to_A,A_Task-2,A,Task-2,79,L,0.0967737443,0.0503024882,0.382997075,0.530073307
cross_Task-2,cross_subject,B_to_A,A_Task-2,A,Task-2,81,L,-0.785680373,0.935300708,-1.75525515,-1.60563481
cross_Task-2,cross_subject,B_to_A,A_Task-2,A,Task-2,82,R,1.21321931,-0.595491078,2.09613542,2.71386365
cross_Task-2,cross_subject,B_to_A,A_Task-2,A,Task-2,83,R,-0.57155564,0.340351147,-1.14239682,-1.37360132
cross_Task-2,cross_subject,B_to_A,A_Task-2,A,Task-2,84,L,-0.526799252,0.7975925,-0.666850569,-0.396057321
cross_Task-2,cross_subject,B_to_A,A_Task-2,A,Task-2,85,R,-0.455441151,0.559061733,-0.856708633,-0.753088051
cross_Task-2,cross_subject,B_to_A,A_Task-2,A,Task-2,87,L,0.14205744,-0.549854615,0.0229823405,-0.384814834
cross_Task-2,cross_subject,B_to_A,A_Task-2,A,Task-2,88,R,0.0735625694,-0.509068489,0.241313516,-0.194192404
cross_Task-2,cross_subject,B_to_A,A_Task-2,A,Task-2,89,L,-0.46695111,0.349765997,-1.07019665,-1.18738176
cross_Task-2,cross_subject,B_to_A,A_Task-2,A,Task-2,90,L,-0.485234715,0.540555967,-0.381471985,-0.326150733
cross_Task-2,cross_subject,B_to_A,A_Task-2,A,Task-2,91,L,0.173027184,0.0499573762,0.543553451,0.766538011
cross_Task-2,cross_subject,B_to_A,A_Task-2,A,Task-2,92,L,-0.10005915,-0.918852655,-0.174184235,-1.19309604
cross_Task-2,cross_subject,B_to_A,A_Task-2,A,Task-2,93,R,-0.59361919,0.819566939,-0.995787271,-0.769839521
cross_Task-2,cross_subject,B_to_A,A_Task-2,A,Task-2,94,L,-0.697903974,2.26914302,-1.47574857,0.095490483
cross_Task-2,cross_subject,B_to_A,A_Task-2,A,Task-2,95,L,-0.614230143,0.490271526,-1.23887914,-1.36283776
cross_Task-2,cross_subject,B_to_A,A_Task-2,A,Task-2,96,L,0.119214993,-0.524902883,0.501624351,0.0959364623
cross_Task-2,cross_subject,B_to_A,A_Task-2,A,Task-2,97,L,0.374759278,-0.543121969,0.700004208,0.531641517
cross_Task-2,cross_subject,B_to_A,A_Task-2,A,Task-2,98,L,-0.19613922,0.145510583,-0.489330177,-0.539958813
cross_Task-2,cross_subject,B_to_A,A_Task-2,A,Task-2,99,L,0.222492048,0.0459358165,0.369051092,0.637478957
cross_Task-2,cross_subject,B_to_A,A_Task-2,A,Task-2,100,L,-0.497712675,0.592403106,-1.01983652,-0.925146088
cross_Task-2,cross_subject,A_to_B,B_Task-2,B,Task-2,1,L,0.00499145195,0.282925767,0.319799512,0.607716731
cross_Task-2,cross_subject,A_to_B,B_Task-2,B,Task-2,2,L,-1.22769554,-0.0539729256,0.251143875,-1.0305246
cross_Task-2,cross_subject,A_to_B,B_Task-2,B,Task-2,3,L,0.432271773,0.292861981,-0.0258587487,0.699275005
cross_Task-2,cross_subject,A_to_B,B_Task-2,B,Task-2,4,R,0.70910922,0.528260496,-0.180031886,1.05733783
cross_Task-2,cross_subject,A_to_B,B_Task-2,B,Task-2,5,L,-0.681486027,-0.0675373539,0.179979109,-0.569044271
cross_Task-2,cross_subject,A_to_B,B_Task-2,B,Task-2,6,R,-0.372309875,-0.113988789,0.259070111,-0.227228553
cross_Task-2,cross_subject,A_to_B,B_Task-2,B,Task-2,7,R,2.6546784,0.828470104,-0.387574978,3.09557353
cross_Task-2,cross_subject,A_to_B,B_Task-2,B,Task-2,8,R,2.32830083,0.684088904,-0.347764816,2.66462492
cross_Task-2,cross_subject,A_to_B,B_Task-2,B,Task-2,9,R,0.27222462,0.329595252,-0.026829733,0.574990139
cross_Task-2,cross_subject,A_to_B,B_Task-2,B,Task-2,11,R,2.37792515,0.66582216,-0.275627556,2.76811976
cross_Task-2,cross_subject,A_to_B,B_Task-2,B,Task-2,12,R,-0.929316427,0.160914738,0.291134111,-0.477267578
cross_Task-2,cross_subject,A_to_B,B_Task-2,B,Task-2,13,R,-0.694958697,-0.233250253,0.1380804,-0.79012855
cross_Task-2,cross_subject,A_to_B,B_Task-2,B,Task-2,15,R,-0.954324266,-0.039801066,0.212941872,-0.78118346
cross_Task-2,cross_subject,A_to_B,B_Task-2,B,Task-2,17,L,1.5211275,-0.334702703,-0.282620714,0.903804078
cross_Task-2,cross_subject,A_to_B,B_Task-2,B,Task-2,18,R,0.36387507,-0.13837566,-0.15720163,0.0682977811
cross_Task-2,cross_subject,A_to_B,B_Task-2,B,Task-2,19,R,-0.169321277,0.283269889,0.0309778361,0.144926448
cross_Task-2,cross_subject,A_to_B,B_Task-2,B,Task-2,20,L,3.73086064,-0.00151991454,-0.598116892,3.13122383
cross_Task-2,cross_subject,A_to_B,B_Task-2,B,Task-2,21,R,3.12432604,0.806116559,-0.558256318,3.37218628
cross_Task-2,cross_subject,A_to_B,B_Task-2,B,Task-2,22,R,0.159140137,0.284554838,-0.0961153859,0.34757959
cross_Task-2,cross_subject,A_to_B,B_Task-2,B,Task-2,24,L,4.76840964,2.15595089,-0.504250685,6.42010984
cross_Task-2,cross_subject,A_to_B,B_Task-2,B,Task-2,25,L,0.642493832,0.0862011531,-0.33771422,0.390980764
cross_Task-2,cross_subject,A_to_B,B_Task-2,B,Task-2,26,R,1.56025947,0.634144353,-0.241483237,1.95292059
cross_Task-2,cross_subject,A_to_B,B_Task-2,B,Task-2,27,L,0.121573608,1.32376974,0.324006481,1.76934983
cross_Task-2,cross_subject,A_to_B,B_Task-2,B,Task-2,28,L,-0.186727436,0.0602288682,0.0675959862,-0.058902582
cross_Task-2,cross_subject,A_to_B,B_Task-2,B,Task-2,29,L,2.07104895,0.51335625,-0.333245827,2.25115937
cross_Task-2,cross_subject,A_to_B,B_Task-2,B,Task-2,30,R,-0.882722429,-0.212775334,0.291784608,-0.803713155
cross_Task-2,cross_subject,A_to_B,B_Task-2,B,Task-2,31,R,1.19196791,0.136669361,-0.17927771,1.14935956
cross_Task-2,cross_subject,A_to_B,B_Task-2,B,Task-2,32,R,-0.111900897,0.553985145,0.08119521,0.523279458
cross_Task-2,cross_subject,A_to_B,B_Task-2,B,Task-2,33,R,2.71108326,0.319218538,-0.64075275,2.38954904
cross_Task-2,cross_subject,A_to_B,B_Task-2,B,Task-2,34,R,-0.803074281,-0.195293433,-0.0434756699,-1.04184338
cross_Task-2,cross_subject,A_to_B,B_Task-2,B,Task-2,35,L,-1.18050696,0.189730046,0.305457396,-0.68531952
cross_Task-2,cross_subject,A_to_B,B_Task-2,B,Task-2,36,R,1.92954343,0.247956379,-0.259090143,1.91840967
cross_Task-2,cross_subject,A_to_B,B_Task-2,B,Task-2,37,L,-1.09690897,-0.453961313,0.205764715,-1.34510557
cross_Task-2,cross_subject,A_to_B,B_Task-2,B,Task-2,38,L,0.82823377,-0.315337851,-0.219456376,0.293439544
cross_Task-2,cross_subject,A_to_B,B_Task-2,B,Task-2,39,R,-0.932660443,-0.247013742,0.128323861,-1.05135032
cross_Task-2,cross_subject,A_to_B,B_Task-2,B,Task-2,40,R,1.73724685,0.119398545,-0.405952223,1.45069317
cross_Task-2,cross_subject,A_to_B,B_Task-2,B,Task-2,41,R,-0.864871658,0.06953057,0.349497719,-0.445843368
cross_Task-2,cross_subject,A_to_B,B_Task-2,B,Task-2,42,L,2.64328822,0.704686396,-0.524041962,2.82393266
cross_Task-2,cross_subject,A_to_B,B_Task-2,B,Task-2,44,R,1.93037457,0.475730374,-0.399411541,2.0066934
cross_Task-2,cross_subject,A_to_B,B_Task-2,B,Task-2,45,L,0.227937693,-0.221263291,0.311785824,0.318460227
cross_Task-2,cross_subject,A_to_B,B_Task-2,B,Task-2,46,L,2.81673394,0.737942468,-0.377158503,3.1775179
cross_Task-2,cross_subject,A_to_B,B_Task-2,B,Task-2,47,R,0.121201572,0.423360305,0.250297092,0.79485897
cross_Task-2,cross_subject,A_to_B,B_Task-2,B,Task-2,48,L,2.68005452,1.21364316,-0.441252917,3.45244477
cross_Task-2,cross_subject,A_to_B,B_Task-2,B,Task-2,49,R,1.61331341,0.659362995,-0.361388125,1.91128828
cross_Task-2,cross_subject,A_to_B,B_Task-2,B,Task-2,51,L,2.31531524,0.820713123,-0.429622145,2.70640622
cross_Task-2,cross_subject,A_to_B,B_Task-2,B,Task-2,52,L,1.80237021,0.276252024,-0.310039646,1.76858259
cross_Task-2,cross_subject,A_to_B,B_Task-2,B,Task-2,53,R,-0.436963394,-0.308757775,0.0427701509,-0.702951018
cross_Task-2,cross_subject,A_to_B,B_Task-2,B,Task-2,55,R,-0.0846297692,0.309078379,0.16661381,0.391062421
cross_Task-2,cross_subject,A_to_B,B_Task-2,B,Task-2,58,L,0.70354584,0.0486295027,-0.207222841,0.544952502
cross_Task-2,cross_subject,A_to_B,B_Task-2,B,Task-2,59,L,0.922448927,0.0140357673,-0.28229737,0.654187324
cross_Task-2,cross_subject,A_to_B,B_Task-2,B,Task-2,60,L,3.05742874,1.15414089,-0.337729479,3.87384015
cross_Task-2,cross_subject,A_to_B,B_Task-2,B,Task-2,61,L,0.605898038,-0.198080418,-0.318962554,0.0888550659
cross_Task-2,cross_subject,A_to_B,B_Task-2,B,Task-2,62,R,0.337885424,0.217789021,-0.0792755355,0.47639891
cross_Task-2,cross_subject,A_to_B,B_Task-2,B,Task-2,63,L,2.81663195,0.772142675,-0.467842955,3.12093167
cross_Task-2,cross_subject,A_to_B,B_Task-2,B,Task-2,64,L,-1.83123232,0.252612802,0.315503117,-1.2631164
cross_Task-2,cross_subject,A_to_B,B_Task-2,B,Task-2,65,R,0.478352991,0.751871134,0.282788081,1.51301221
cross_Task-2,cross_subject,A_to_B,B_Task-2,B,Task-2,66,R,1.25318571,1.085806,-0.374923073,1.96406864
cross_Task-2,cross_subject,A_to_B,B_Task-2,B,Task-2,67,R,0.167269391,0.127750905,0.162395732,0.457416028
cross_Task-2,cross_subject,A_to_B,B_Task-2,B,Task-2,68,R,2.18359092,0.0442231192,-0.240131996,1.98768204
cross_Task-2,cross_subject,A_to_B,B_Task-2,B,Task-2,69,L,-0.854217552,0.0520360987,0.291998183,-0.510183271
cross_Task-2,cross_subject,A_to_B,B_Task-2,B,Task-2,70,L,-3.48880152,-0.663284125,0.723189086,-3.42889656
cross_Task-2,cross_subject,A_to_B,B_Task-2,B,Task-2,71,R,2.48514271,0.617827468,-0.444366407,2.65860377
cross_Task-2,cross_subject,A_to_B,B_Task-2,B,Task-2,72,R,1.95742027,0.00243266435,-0.522153414,1.43769952
cross_Task-2,cross_subject,A_to_B,B_Task-2,B,Task-2,73,R,-0.866407844,-0.0991680269,0.159615468,-0.805960402
cross_Task-2,cross_subject,A_to_B,B_Task-2,B,Task-2,74,L,-0.0158156888,0.239840713,-0.0264854949,0.197539529
cross_Task-2,cross_subject,A_to_B,B_Task-2,B,Task-2,75,L,1.74428729,0.495734251,-0.302460711,1.93756084
cross_Task-2,cross_subject,A_to_B,B_Task-2,B,Task-2,76,R,0.992783118,0.574706259,-0.326753975,1.2407354
cross_Task-2,cross_subject,A_to_B,B_Task-2,B,Task-2,77,R,0.897924109,0.268954291,-0.0754472099,1.09143119
cross_Task-2,cross_subject,A_to_B,B_Task-2,B,Task-2,78,L,-0.431607876,-0.216720626,0.130943453,-0.517385049
cross_Task-2,cross_subject,A_to_B,B_Task-2,B,Task-2,79,L,-0.498862894,0.68415198,0.510267452,0.695556537
cross_Task-2,cross_subject,A_to_B,B_Task-2,B,Task-2,80,L,2.76043863,0.684583477,-0.42956527,3.01545684
cross_Task-2,cross_subject,A_to_B,B_Task-2,B,Task-2,81,R,-0.950861281,-0.182034527,0.155152356,-0.977743452
cross_Task-2,cross_subject,A_to_B,B_Task-2,B,Task-2,83,R,0.423601959,0.0392152134,-0.169369988,0.293447185
cross_Task-2,cross_subject,A_to_B,B_Task-2,B,Task-2,84,L,-0.863411434,-0.259237072,0.0933514833,-1.02929702
cross_Task-2,cross_subject,A_to_B,B_Task-2,B,Task-2,86,R,1.66686868,0.608311132,-0.250143679,2.02503614
cross_Task-2,cross_subject,A_to_B,B_Task-2,B,Task-2,87,L,-0.619551417,-0.0420733727,0.0941720778,-0.567452712
cross_Task-2,cross_subject,A_to_B,B_Task-2,B,Task-2,88,R,1.67022265,0.715486062,-0.0579709755,2.32773774
cross_Task-2,cross_subject,A_to_B,B_Task-2,B,Task-2,89,L,3.21784514,0.89790684,-0.874475646,3.24127633
cross_Task-2,cross_subject,A_to_B,B_Task-2,B,Task-2,90,R,2.72853302,0.83567057,-0.298529786,3.2656738
cross_Task-2,cross_subject,A_to_B,B_Task-2,B,Task-2,91,L,1.2449592,0.0473435513,-0.320313971,0.971988777
cross_Task-2,cross_subject,A_to_B,B_Task-2,B,Task-2,92,L,-1.36317644,-0.891318478,0.480452977,-1.77404194
cross_Task-2,cross_subject,A_to_B,B_Task-2,B,Task-2,93,R,-1.73129583,-0.270430942,0.243005926,-1.75872085
cross_Task-2,cross_subject,A_to_B,B_Task-2,B,Task-2,94,L,0.950465662,0.139838048,-0.273631697,0.816672013
cross_Task-2,cross_subject,A_to_B,B_Task-2,B,Task-2,95,R,-0.583705227,-0.0997342841,-0.0134411481,-0.696880659
cross_Task-2,cross_subject,A_to_B,B_Task-2,B,Task-2,96,R,-0.126474837,1.41304651,-0.0441944934,1.24237718
cross_Task-2,cross_subject,A_to_B,B_Task-2,B,Task-2,97,L,-1.77104129,-0.304581661,0.272631948,-1.80299101
cross_Task-2,cross_subject,A_to_B,B_Task-2,B,Task-2,98,L,1.41143916,0.470394165,-0.120897207,1.76093612
cross_Task-2,cross_subject,A_to_B,B_Task-2,B,Task-2,99,R,0.86475056,0.437877145,-0.0307138754,1.27191383
cross_Task-2,cross_subject,A_to_B,B_Task-2,B,Task-2,100,L,-2.99386728,-1.14325835,0.272982356,-3.86414327
cross_Pooled,cross_subject,B_to_A,A_Task-1,A,Task-1,1,L,0.31585561,0.283466191,0.0251524965,0.624474298
cross_Pooled,cross_subject,B_to_A,A_Task-1,A,Task-1,2,R,0.125448899,-0.28556832,-0.252133958,-0.412253379
cross_Pooled,cross_subject,B_to_A,A_Task-1,A,Task-1,4,L,0.0219706715,1.07339646,-0.0459797163,1.04938742
cross_Pooled,cross_subject,B_to_A,A_Task-1,A,Task-1,5,R,-0.424627244,0.229082374,-0.113296874,-0.308841745
cross_Pooled,cross_subject,B_to_A,A_Task-1,A,Task-1,6,L,-0.228613151,-0.614460756,-0.0776405947,-0.920714502
cross_Pooled,cross_subject,B_to_A,A_Task-1,A,Task-1,7,L,-0.614300925,0.160058105,-0.166148228,-0.620391047
cross_Pooled,cross_subject,B_to_A,A_Task-1,A,Task-1,8,L,-0.331180141,-0.229679354,-0.392645761,-0.953505256
cross_Pooled,cross_subject,B_to_A,A_Task-1,A,Task-1,9,R,-0.245598313,-0.661231302,-0.237766202,-1.14459582
cross_Pooled,cross_subject,B_to_A,A_Task-1,A,Task-1,10,R,-1.00556055,-0.671880167,-0.26121087,-1.93865158
cross_Pooled,cross_subject,B_to_A,A_Task-1,A,Task-1,11,R,-0.555120996,-0.651531662,-0.31213244,-1.5187851
cross_Pooled,cross_subject,B_to_A,A_Task-1,A,Task-1,12,R,-1.11156586,-0.785603474,-0.486854679,-2.38402402
cross_Pooled,cross_subject,B_to_A,A_Task-1,A,Task-1,13,L,-0.432160914,-0.353489515,-0.341602618,-1.12725305
cross_Pooled,cross_subject,B_to_A,A_Task-1,A,Task-1,15,R,-0.602961112,-0.856229653,-0.632761887,-2.09195265
cross_Pooled,cross_subject,B_to_A,A_Task-1,A,Task-1,16,L,-0.632428186,-0.546859008,-0.258768585,-1.43805578
cross_Pooled,cross_subject,B_to_A,A_Task-1,A,Task-1,17,R,-0.952812263,-0.720648215,-0.347118493,-2.02057897
cross_Pooled,cross_subject,B_to_A,A_Task-1,A,Task-1,18,L,-0.358787097,-0.678754309,-0.321923475,-1.35946488
cross_Pooled,cross_subject,B_to_A,A_Task-1,A,Task-1,19,L,-0.730570655,-1.12584262,-0.43195017,-2.28836345
cross_Pooled,cross_subject,B_to_A,A_Task-1,A,Task-1,21,L,-0.297076535,-0.342688513,0.187405892,-0.452359156
cross_Pooled,cross_subject,B_to_A,A_Task-1,A,Task-1,23,R,-0.471545742,3.14586849,1.57596711,4.25028986
cross_Pooled,cross_subject,B_to_A,A_Task-1,A,Task-1,24,L,-0.602291179,0.150964878,-0.303313607,-0.754639908
cross_Pooled,cross_subject,B_to_A,A_Task-1,A,Task-1,25,L,-0.421313207,-0.759533968,-0.179610051,-1.36045723
cross_Pooled,cross_subject,B_to_A,A_Task-1,A,Task-1,26,R,-0.876885018,-0.103241868,-0.20839367,-1.18852056
cross_Pooled,cross_subject,B_to_A,A_Task-1,A,Task-1,28,L,-0.823861436,-0.316811245,-0.585717669,-1.72639035
cross_Pooled,cross_subject,B_to_A,A_Task-1,A,Task-1,29,L,-0.956028854,-0.363148616,-0.442936858,-1.76211433
cross_Pooled,cross_subject,B_to_A,A_Task-1,A,Task-1,30,L,-0.0421052004,-0.233523149,-0.15865053,-0.434278879
cross_Pooled,cross_subject,B_to_A,A_Task-1,A,Task-1,31,L,-0.51248607,-0.800474269,-0.296030827,-1.60899117
cross_Pooled,cross_subject,B_to_A,A_Task-1,A,Task-1,32,R,-1.10842934,-1.37700337,-0.308982554,-2.79441527
cross_Pooled,cross_subject,B_to_A,A_Task-1,A,Task-1,33,R,-0.123784708,0.00224994575,-0.220621808,-0.342156571
cross_Pooled,cross_subject,B_to_A,A_Task-1,A,Task-1,34,L,-0.644301028,-0.240563733,-0.444217354,-1.32908211
cross_Pooled,cross_subject,B_to_A,A_Task-1,A,Task-1,35,R,-0.852747214,-0.679046562,-0.349508723,-1.8813025
cross_Pooled,cross_subject,B_to_A,A_Task-1,A,Task-1,38,L,-0.148232359,-0.34866487,-0.218544741,-0.715441971
cross_Pooled,cross_subject,B_to_A,A_Task-1,A,Task-1,42,R,-0.548832427,-0.972989105,-0.694887056,-2.21670859
cross_Pooled,cross_subject,B_to_A,A_Task-1,A,Task-1,43,L,0.790614586,0.642290826,0.253698512,1.68660392
cross_Pooled,cross_subject,B_to_A,A_Task-1,A,Task-1,44,R,0.303515389,0.537388034,-0.0161710367,0.824732386
cross_Pooled,cross_subject,B_to_A,A_Task-1,A,Task-1,45,L,0.235862715,0.0453637828,0.160546521,0.441773018
cross_Pooled,cross_subject,B_to_A,A_Task-1,A,Task-1,47,L,-0.411896366,-0.127574156,-0.24280294,-0.782273462
cross_Pooled,cross_subject,B_to_A,A_Task-1,A,Task-1,48,R,1.07394829,1.17768478,0.269239378,2.52087245
cross_Pooled,cross_subject,B_to_A,A_Task-1,A,Task-1,49,L,-0.873675794,-0.609388948,-0.312522996,-1.79558774
cross_Pooled,cross_subject,B_to_A,A_Task-1,A,Task-1,50,L,0.121794832,0.0511178515,-0.166165297,0.0067473861
cross_Pooled,cross_subject,B_to_A,A_Task-1,A,Task-1,51,R,-0.695830934,0.380110813,-0.0516353506,-0.367355471
cross_Pooled,cross_subject,B_to_A,A_Task-1,A,Task-1,52,R,1.10466283,-0.728605552,-1.0856567,-0.709599426
cross_Pooled,cross_subject,B_to_A,A_Task-1,A,Task-1,54,L,-0.523154345,-1.11718395,-0.973825387,-2.61416368
cross_Pooled,cross_subject,B_to_A,A_Task-1,A,Task-1,55,R,-0.716329442,-1.7447406,-0.157209917,-2.61827996
cross_Pooled,cross_subject,B_to_A,A_Task-1,A,Task-1,56,L,0.362438131,-0.552264648,0.163109959,-0.0267165581
cross_Pooled,cross_subject,B_to_A,A_Task-1,A,Task-1,57,L,0.029512794,0.374491398,0.00505304781,0.40905724
cross_Pooled,cross_subject,B_to_A,A_Task-1,A,Task-1,58,R,0.310391394,0.296618753,0.193614812,0.800624958
cross_Pooled,cross_subject,B_to_A,A_Task-1,A,Task-1,59,R,0.288258832,0.302267297,0.11570121,0.706227339
cross_Pooled,cross_subject,B_to_A,A_Task-1,A,Task-1,61,R,-0.828788155,-0.225722454,-0.137306726,-1.19181733
cross_Pooled,cross_subject,B_to_A,A_Task-1,A,Task-1,62,L,1.30224392,1.15398311,0.437948696,2.89417573
cross_Pooled,cross_subject,B_to_A,A_Task-1,A,Task-1,63,R,0.571181291,0.649807458,0.360242074,1.58123082
cross_Pooled,cross_subject,B_to_A,A_Task-1,A,Task-1,64,R,-0.466148117,-0.0925504194,-0.232159078,-0.790857614
cross_Pooled,cross_subject,B_to_A,A_Task-1,A,Task-1,65,L,-0.115150428,-0.179487293,-0.299275471,-0.593913192
cross_Pooled,cross_subject,B_to_A,A_Task-1,A,Task-1,66,R,1.29174551,0.93256021,0.449633669,2.67393939
cross_Pooled,cross_subject,B_to_A,A_Task-1,A,Task-1,67,L,0.123947417,-0.297703583,-0.103610574,-0.27736674
cross_Pooled,cross_subject,B_to_A,A_Task-1,A,Task-1,68,L,0.827073041,0.733354142,0.268312107,1.82873929
cross_Pooled,cross_subject,B_to_A,A_Task-1,A,Task-1,69,R,1.02438926,0.344816682,0.607420015,1.97662596
cross_Pooled,cross_subject,B_to_A,A_Task-1,A,Task-1,70,R,-0.280094407,-0.271151097,-0.18054126,-0.731786764
cross_Pooled,cross_subject,B_to_A,A_Task-1,A,Task-1,71,L,0.302676656,0.491003639,0.0972346618,0.890914957
cross_Pooled,cross_subject,B_to_A,A_Task-1,A,Task-1,72,R,0.528385458,0.792157661,-0.0484065379,1.27213658
cross_Pooled,cross_subject,B_to_A,A_Task-1,A,Task-1,73,L,-0.419096928,-0.252817156,-0.379499139,-1.05141322
cross_Pooled,cross_subject,B_to_A,A_Task-1,A,Task-1,74,R,-0.620955249,-0.00662693944,-0.0873953047,-0.714977493
cross_Pooled,cross_subject,B_to_A,A_Task-1,A,Task-1,75,L,-0.345263044,-0.16142753,-0.702197294,-1.20888787
cross_Pooled,cross_subject,B_to_A,A_Task-1,A,Task-1,76,R,-0.645769516,-0.39337869,-0.129339682,-1.16848789
cross_Pooled,cross_subject,B_to_A,A_Task-1,A,Task-1,78,L,-0.66740805,3.28704403,1.75856349,4.37819947
cross_Pooled,cross_subject,B_to_A,A_Task-1,A,Task-1,79,L,-0.121478413,0.272716667,-0.0022151304,0.149023124
cross_Pooled,cross_subject,B_to_A,A_Task-1,A,Task-1,80,L,0.880762261,0.838526969,0.160910928,1.88020016
cross_Pooled,cross_subject,B_to_A,A_Task-1,A,Task-1,81,L,0.238807542,0.383648866,-0.00691947867,0.61553693
cross_Pooled,cross_subject,B_to_A,A_Task-1,A,Task-1,82,R,-0.49041512,-0.59122412,-0.0744969567,-1.1561362
cross_Pooled,cross_subject,B_to_A,A_Task-1,A,Task-1,83,L,0.846955534,1.33490059,0.31308936,2.49494548
cross_Pooled,cross_subject,B_to_A,A_Task-1,A,Task-1,84,R,0.25869931,0.139482019,0.082981862,0.481163191
cross_Pooled,cross_subject,B_to_A,A_Task-1,A,Task-1,85,L,-0.448674804,0.209338276,-0.293056216,-0.532392744
cross_Pooled,cross_subject,B_to_A,A_Task-1,A,Task-1,86,R,-0.397437223,-0.477082151,-0.533761828,-1.4082812
cross_Pooled,cross_subject,B_to_A,A_Task-1,A,Task-1,87,R,0.736249441,0.380235732,0.281187997,1.39767317
cross_Pooled,cross_subject,B_to_A,A_Task-1,A,Task-1,89,R,0.331937928,0.19458189,0.0248762627,0.551396081
cross_Pooled,cross_subject,B_to_A,A_Task-1,A,Task-1,90,R,0.40539462,0.193980663,0.183553487,0.78292877
cross_Pooled,cross_subject,B_to_A,A_Task-1,A,Task-1,91,L,-0.478085906,-0.118736426,-0.201819429,-0.798641762
cross_Pooled,cross_subject,B_to_A,A_Task-1,A,Task-1,92,R,-0.153646997,-0.0456627326,0.0235589399,-0.17575079
cross_Pooled,cross_subject,B_to_A,A_Task-1,A,Task-1,93,R,0.620377827,0.864185304,0.175663444,1.66022658
cross_Pooled,cross_subject,B_to_A,A_Task-1,A,Task-1,94,R,0.292609034,0.313841394,0.105753033,0.712203461
cross_Pooled,cross_subject,B_to_A,A_Task-1,A,Task-1,95,L,-0.130345996,-0.223724133,-0.0637300164,-0.417800146
cross_Pooled,cross_subject,B_to_A,A_Task-1,A,Task-1,96,R,0.408375678,0.59462491,0.207513881,1.21051447
cross_Pooled,cross_subject,B_to_A,A_Task-1,A,Task-1,97,R,-1.01416389,2.42965198,0.96985337,2.38534146
cross_Pooled,cross_subject,B_to_A,A_Task-1,A,Task-1,98,L,-0.26158337,-0.606108402,-0.172445405,-1.04013718
cross_Pooled,cross_subject,B_to_A,A_Task-1,A,Task-1,99,L,0.355523262,0.666482786,0.166562396,1.18856844
cross_Pooled,cross_subject,B_to_A,A_Task-1,A,Task-1,100,R,0.136448224,0.491399352,-0.0401236198,0.587723956
cross_Pooled,cross_subject,B_to_A,A_Task-2,A,Task-2,1,R,-0.272129522,-2.24756392,-0.655473469,-3.17516691
cross_Pooled,cross_subject,B_to_A,A_Task-2,A,Task-2,2,L,-0.295289942,0.399908531,-0.194101204,-0.0894826155
cross_Pooled,cross_subject,B_to_A,A_Task-2,A,Task-2,3,L,-0.619917267,-0.742350772,-0.302710946,-1.66497899
cross_Pooled,cross_subject,B_to_A,A_Task-2,A,Task-2,4,L,-0.420995584,-0.396218174,-0.243474253,-1.06068801
cross_Pooled,cross_subject,B_to_A,A_Task-2,A,Task-2,5,R,0.221065114,-0.457371197,-0.0656967596,-0.302002842
cross_Pooled,cross_subject,B_to_A,A_Task-2,A,Task-2,6,L,3.32482824,2.46108446,1.4943144,7.2802271
cross_Pooled,cross_subject,B_to_A,A_Task-2,A,Task-2,7,R,-0.572894067,-0.316831499,-0.0982881161,-0.988013682
cross_Pooled,cross_subject,B_to_A,A_Task-2,A,Task-2,8,R,2.51801782,1.821689,1.16556313,5.50526995
cross_Pooled,cross_subject,B_to_A,A_Task-2,A,Task-2,9,L,1.26830566,1.34753283,0.373769841,2.98960833
cross_Pooled,cross_subject,B_to_A,A_Task-2,A,Task-2,10,L,-0.386032111,-0.308007951,-0.287381981,-0.981422043
cross_Pooled,cross_subject,B_to_A,A_Task-2,A,Task-2,11,R,1.57841818,0.838979526,1.0220418,3.4394395
cross_Pooled,cross_subject,B_to_A,A_Task-2,A,Task-2,12,R,-1.90658582,-1.5443703,-1.06593599,-4.51689211
cross_Pooled,cross_subject,B_to_A,A_Task-2,A,Task-2,13,R,4.23435708,4.06163603,1.22574582,9.52173894
cross_Pooled,cross_subject,B_to_A,A_Task-2,A,Task-2,14,L,1.49146521,0.678818979,0.726121028,2.89640522
cross_Pooled,cross_subject,B_to_A,A_Task-2,A,Task-2,15,L,0.898222696,0.636395225,0.72119807,2.25581599
cross_Pooled,cross_subject,B_to_A,A_Task-2,A,Task-2,16,L,0.844442447,0.182879291,0.185066367,1.2123881
cross_Pooled,cross_subject,B_to_A,A_Task-2,A,Task-2,17,R,-2.09119509,-2.21957959,-0.893671772,-5.20444646
cross_Pooled,cross_subject,B_to_A,A_Task-2,A,Task-2,18,R,0.621857941,0.478618314,0.0648383423,1.1653146
cross_Pooled,cross_subject,B_to_A,A_Task-2,A,Task-2,19,L,0.836804082,1.5736603,0.292967438,2.70343182
cross_Pooled,cross_subject,B_to_A,A_Task-2,A,Task-2,20,L,2.0411342,1.03446806,1.03623473,4.11183699
cross_Pooled,cross_subject,B_to_A,A_Task-2,A,Task-2,21,R,2.9572449,3.19616502,1.50325444,7.65666436
cross_Pooled,cross_subject,B_to_A,A_Task-2,A,Task-2,22,L,3.09616106,2.01265418,1.34920708,6.45802232
cross_Pooled,cross_subject,B_to_A,A_Task-2,A,Task-2,23,R,-0.666877355,0.296300396,-0.157963418,-0.528540377
cross_Pooled,cross_subject,B_to_A,A_Task-2,A,Task-2,24,R,0.72325784,0.642671911,0.200630606,1.56656036
cross_Pooled,cross_subject,B_to_A,A_Task-2,A,Task-2,25,L,2.87597524,1.89996215,1.36342273,6.13936012
cross_Pooled,cross_subject,B_to_A,A_Task-2,A,Task-2,26,L,-0.59096159,-0.497135367,-0.257001103,-1.34509806
cross_Pooled,cross_subject,B_to_A,A_Task-2,A,Task-2,27,R,2.84321516,2.16203691,1.33875849,6.34401056
cross_Pooled,cross_subject,B_to_A,A_Task-2,A,Task-2,28,R,2.0835079,1.47557798,0.97149369,4.53057957
cross_Pooled,cross_subject,B_to_A,A_Task-2,A,Task-2,29,R,2.92096054,2.28249561,1.44102503,6.64448118
cross_Pooled,cross_subject,B_to_A,A_Task-2,A,Task-2,31,L,0.0585484901,1.08538321,0.202368979,1.34630068
cross_Pooled,cross_subject,B_to_A,A_Task-2,A,Task-2,32,L,0.467902301,0.656490763,0.0115521234,1.13594519
cross_Pooled,cross_subject,B_to_A,A_Task-2,A,Task-2,34,L,2.31473131,0.713632782,1.13830169,4.16666578
cross_Pooled,cross_subject,B_to_A,A_Task-2,A,Task-2,35,L,-0.733334162,-0.693833469,-0.416536345,-1.84370398
cross_Pooled,cross_subject,B_to_A,A_Task-2,A,Task-2,36,R,-0.138786015,0.0125832107,-0.0511100602,-0.177312865
cross_Pooled,cross_subject,B_to_A,A_Task-2,A,Task-2,37,R,-2.17164314,-3.32195253,-0.977599834,-6.47119551
cross_Pooled,cross_subject,B_to_A,A_Task-2,A,Task-2,38,L,0.220241992,0.109715298,0.00301443463,0.332971724
cross_Pooled,cross_subject,B_to_A,A_Task-2,A,Task-2,40,L,0.770271816,0.633273056,0.174822843,1.57836772
cross_Pooled,cross_subject,B_to_A,A_Task-2,A,Task-2,42,L,-0.870133727,-0.252106473,-0.324528375,-1.44676858
cross_Pooled,cross_subject,B_to_A,A_Task-2,A,Task-2,43,L,2.79066946,1.03960518,1.24793426,5.0782089
cross_Pooled,cross_subject,B_to_A,A_Task-2,A,Task-2,44,L,2.66452768,1.84225159,1.39393748,5.90071675
cross_Pooled,cross_subject,B_to_A,A_Task-2,A,Task-2,46,L,0.682272424,0.41918823,0.388561822,1.49002248
cross_Pooled,cross_subject,B_to_A,A_Task-2,A,Task-2,47,L,-0.696967171,0.0652879144,-0.235954932,-0.867634188
cross_Pooled,cross_subject,B_to_A,A_Task-2,A,Task-2,48,L,0.368433884,0.111970837,0.0768453728,0.557250094
cross_Pooled,cross_subject,B_to_A,A_Task-2,A,Task-2,49,R,-0.202729902,0.642518845,-0.260505904,0.179283038
cross_Pooled,cross_subject,B_to_A,A_Task-2,A,Task-2,50,R,0.199496595,-1.88264366,-0.9237388,-2.60688587
cross_Pooled,cross_subject,B_to_A,A_Task-2,A,Task-2,51,L,-2.67469129,-3.55687953,-2.05626585,-8.28783666
cross_Pooled,cross_subject,B_to_A,A_Task-2,A,Task-2,52,R,2.06026905,1.16461696,0.930625441,4.15551145
cross_Pooled,cross_subject,B_to_A,A_Task-2,A,Task-2,53,R,-0.0284007591,0.209012252,-0.0591227057,0.121488787
cross_Pooled,cross_subject,B_to_A,A_Task-2,A,Task-2,54,L,2.21399983,0.680874975,1.22004379,4.1149186
cross_Pooled,cross_subject,B_to_A,A_Task-2,A,Task-2,55,L,0.465840028,2.43851239,0.574700689,3.4790531
cross_Pooled,cross_subject,B_to_A,A_Task-2,A,Task-2,56,R,2.54457756,0.735697577,1.32359579,4.60387093
cross_Pooled,cross_subject,B_to_A,A_Task-2,A,Task-2,57,R,1.58352549,2.20638256,0.481904805,4.27181285
cross_Pooled,cross_subject,B_to_A,A_Task-2,A,Task-2,58,R,2.5743552,1.61833613,1.37695765,5.56964897
cross_Pooled,cross_subject,B_to_A,A_Task-2,A,Task-2,59,R,2.39168143,1.76786585,1.3860169,5.54556419
cross_Pooled,cross_subject,B_to_A,A_Task-2,A,Task-2,60,R,-0.0438443759,-0.817799089,-0.0885373912,-0.950180856
cross_Pooled,cross_subject,B_to_A,A_Task-2,A,Task-2,61,L,-0.171420023,-0.0582097167,0.0586914498,-0.17093829
cross_Pooled,cross_subject,B_to_A,A_Task-2,A,Task-2,62,R,2.30736809,1.52104186,1.56630717,5.39471712
cross_Pooled,cross_subject,B_to_A,A_Task-2,A,Task-2,64,L,1.17788764,-2.46965521,0.485015422,-0.806752152
cross_Pooled,cross_subject,B_to_A,A_Task-2,A,Task-2,65,R,1.91596082,0.772181336,0.950047129,3.63818929
cross_Pooled,cross_subject,B_to_A,A_Task-2,A,Task-2,66,L,2.75107521,3.1092343,1.38873163,7.24904113
cross_Pooled,cross_subject,B_to_A,A_Task-2,A,Task-2,67,R,0.89583376,-0.026387995,0.339443892,1.20888966
cross_Pooled,cross_subject,B_to_A,A_Task-2,A,Task-2,68,R,3.13524686,2.72618454,1.926729,7.78816039
cross_Pooled,cross_subject,B_to_A,A_Task-2,A,Task-2,69,L,-1.28237568,-1.96081876,-0.105880607,-3.34907505
cross_Pooled,cross_subject,B_to_A,A_Task-2,A,Task-2,70,L,3.32027524,2.23733736,1.87528537,7.43289797
cross_Pooled,cross_subject,B_to_A,A_Task-2,A,Task-2,71,R,-0.741873373,-1.11404394,-0.446059032,-2.30197634
cross_Pooled,cross_subject,B_to_A,A_Task-2,A,Task-2,72,R,-0.653448094,0.398768597,-0.239698651,-0.494378148
cross_Pooled,cross_subject,B_to_A,A_Task-2,A,Task-2,73,R,1.93874394,0.675042613,0.868942428,3.48272898
cross_Pooled,cross_subject,B_to_A,A_Task-2,A,Task-2,74,R,2.07735239,0.904144867,1.15469489,4.13619215
cross_Pooled,cross_subject,B_to_A,A_Task-2,A,Task-2,75,L,0.373609164,0.0825656863,0.0817507724,0.537925623
cross_Pooled,cross_subject,B_to_A,A_Task-2,A,Task-2,76,L,0.333716299,0.334221462,-0.131262219,0.536675542
cross_Pooled,cross_subject,B_to_A,A_Task-2,A,Task-2,77,L,2.56624549,1.10935514,1.28701517,4.96261579
cross_Pooled,cross_subject,B_to_A,A_Task-2,A,Task-2,78,R,2.96059897,2.78329699,1.17458563,6.91848159
cross_Pooled,cross_subject,B_to_A,A_Task-2,A,Task-2,79,L,-0.0224163302,-0.0797564149,-0.192119822,-0.294292567
cross_Pooled,cross_subject,B_to_A,A_Task-2,A,Task-2,81,L,3.57091858,3.00917412,2.13047287,8.71056557
cross_Pooled,cross_subject,B_to_A,A_Task-2,A,Task-2,82,R,-4.31776318,-2.59457829,-1.7321234,-8.64446486
cross_Pooled,cross_subject,B_to_A,A_Task-2,A,Task-2,83,R,2.48832285,1.14134516,1.34911982,4.97878783
cross_Pooled,cross_subject,B_to_A,A_Task-2,A,Task-2,84,L,2.57480891,1.97562645,1.04248974,5.5929251
cross_Pooled,cross_subject,B_to_A,A_Task-2,A,Task-2,85,R,2.08883598,1.94298011,1.03669842,5.06851451
cross_Pooled,cross_subject,B_to_A,A_Task-2,A,Task-2,87,L,-0.387766799,-1.29343011,0.165605657,-1.51559125
cross_Pooled,cross_subject,B_to_A,A_Task-2,A,Task-2,88,R,-0.072950476,-1.69339725,-0.20828409,-1.97463182
cross_Pooled,cross_subject,B_to_A,A_Task-2,A,Task-2,89,L,2.06955364,1.29664726,1.17833528,4.54453619
cross_Pooled,cross_subject,B_to_A,A_Task-2,A,Task-2,90,L,2.23540523,1.03974269,0.767554283,4.04270221
cross_Pooled,cross_subject,B_to_A,A_Task-2,A,Task-2,91,L,-0.386812629,0.0727609872,-0.331962954,-0.646014596
cross_Pooled,cross_subject,B_to_A,A_Task-2,A,Task-2,92,L,0.710472252,-2.61717004,0.278500487,-1.6281973
cross_Pooled,cross_subject,B_to_A,A_Task-2,A,Task-2,93,R,2.7199292,2.12371957,1.29652988,6.14017866
cross_Pooled,cross_subject,B_to_A,A_Task-2,A,Task-2,94,L,3.1847897,6.68732587,1.96682845,11.838944
cross_Pooled,cross_subject,B_to_A,A_Task-2,A,Task-2,95,L,2.81898558,1.6639582,1.47497693,5.95792071
cross_Pooled,cross_subject,B_to_A,A_Task-2,A,Task-2,96,L,-0.245023531,-1.62537702,-0.430537748,-2.3009383
cross_Pooled,cross_subject,B_to_A,A_Task-2,A,Task-2,97,L,-1.40876706,-1.36779969,-0.757833127,-3.53439987
cross_Pooled,cross_subject,B_to_A,A_Task-2,A,Task-2,98,L,0.982861084,0.843714839,0.57275262,2.39932854
cross_Pooled,cross_subject,B_to_A,A_Task-2,A,Task-2,99,L,-0.598786689,-0.174308571,-0.15335214,-0.926447399
cross_Pooled,cross_subject,B_to_A,A_Task-2,A,Task-2,100,L,2.47402409,1.37978626,1.48765755,5.34146789
cross_Pooled,cross_subject,A_to_B,B_Task-1,B,Task-1,1,L,0.0386595846,0.127913563,0.0197756024,0.18634875
cross_Pooled,cross_subject,A_to_B,B_Task-1,B,Task-1,2,L,-0.371105007,-0.0923825396,-0.144119712,-0.607607258
cross_Pooled,cross_subject,A_to_B,B_Task-1,B,Task-1,3,R,-0.387531007,-0.0327531915,-0.129960434,-0.550244632
cross_Pooled,cross_subject,A_to_B,B_Task-1,B,Task-1,4,L,-0.348007313,-0.0866127465,-0.0792599988,-0.513880058
cross_Pooled,cross_subject,A_to_B,B_Task-1,B,Task-1,5,R,-0.0238498878,-0.0135140416,-0.0712845102,-0.10864844
cross_Pooled,cross_subject,A_to_B,B_Task-1,B,Task-1,6,R,-1.7896995,1.26053597,0.900043501,0.37087997
cross_Pooled,cross_subject,A_to_B,B_Task-1,B,Task-1,7,R,-0.160453788,0.188849694,-0.111821659,-0.0834257519
cross_Pooled,cross_subject,A_to_B,B_Task-1,B,Task-1,8,L,-0.354470366,-0.138106326,-0.0702940962,-0.562870789
cross_Pooled,cross_subject,A_to_B,B_Task-1,B,Task-1,9,L,-0.53730143,-0.37223988,-0.066124209,-0.975665519
cross_Pooled,cross_subject,A_to_B,B_Task-1,B,Task-1,10,L,0.175187692,-0.0117168749,-0.175750536,-0.0122797196
cross_Pooled,cross_subject,A_to_B,B_Task-1,B,Task-1,11,R,0.0217332782,-0.119241507,-0.00771944,-0.105227669
cross_Pooled,cross_subject,A_to_B,B_Task-1,B,Task-1,12,L,0.2613908,0.127190599,0.1323805,0.520961899
cross_Pooled,cross_subject,A_to_B,B_Task-1,B,Task-1,13,R,0.501434294,0.382641956,0.084500681,0.96857693
cross_Pooled,cross_subject,A_to_B,B_Task-1,B,Task-1,15,L,-0.148477119,0.159167697,-0.218028294,-0.207337716
cross_Pooled,cross_subject,A_to_B,B_Task-1,B,Task-1,16,R,0.323925962,0.227794901,0.0450101507,0.596731013
cross_Pooled,cross_subject,A_to_B,B_Task-1,B,Task-1,17,L,-0.675109559,0.766560849,0.0764060743,0.167857364
cross_Pooled,cross_subject,A_to_B,B_Task-1,B,Task-1,18,L,-0.290989176,0.151905768,0.179264034,0.0401806263
cross_Pooled,cross_subject,A_to_B,B_Task-1,B,Task-1,19,R,-0.173695117,0.256180045,-0.0690401173,0.0134448108
cross_Pooled,cross_subject,A_to_B,B_Task-1,B,Task-1,20,L,-0.764367695,0.966621117,0.151948817,0.354202238
cross_Pooled,cross_subject,A_to_B,B_Task-1,B,Task-1,21,R,-0.343314529,-0.0829584872,-0.0872129931,-0.513486009
cross_Pooled,cross_subject,A_to_B,B_Task-1,B,Task-1,22,R,0.0716664221,0.0978710585,-0.0762967622,0.0932407183
cross_Pooled,cross_subject,A_to_B,B_Task-1,B,Task-1,24,R,-1.44305373,0.392483956,0.221604833,-0.828964937
cross_Pooled,cross_subject,A_to_B,B_Task-1,B,Task-1,26,R,-0.021921237,-0.0119136546,-0.369797562,-0.403632454
cross_Pooled,cross_subject,A_to_B,B_Task-1,B,Task-1,27,R,0.193156798,0.0854395817,0.0419491008,0.32054548
cross_Pooled,cross_subject,A_to_B,B_Task-1,B,Task-1,28,R,-0.0866000379,0.195953421,0.126385191,0.235738575
cross_Pooled,cross_subject,A_to_B,B_Task-1,B,Task-1,29,R,0.348689313,0.126496594,0.118627676,0.593813584
cross_Pooled,cross_subject,A_to_B,B_Task-1,B,Task-1,30,L,-0.173881685,0.0231812856,-0.174459162,-0.325159562
cross_Pooled,cross_subject,A_to_B,B_Task-1,B,Task-1,31,R,-0.240940351,0.0610099068,-0.168263995,-0.348194439
cross_Pooled,cross_subject,A_to_B,B_Task-1,B,Task-1,32,L,-0.265213849,-0.0987811699,-0.0823397948,-0.446334814
cross_Pooled,cross_subject,A_to_B,B_Task-1,B,Task-1,33,L,-0.206471059,-0.0961361162,-0.0786514155,-0.381258591
cross_Pooled,cross_subject,A_to_B,B_Task-1,B,Task-1,34,R,0.595986858,0.164703399,0.124751182,0.885441439
cross_Pooled,cross_subject,A_to_B,B_Task-1,B,Task-1,35,L,-0.284252854,0.103005694,0.0250859308,-0.156161229
cross_Pooled,cross_subject,A_to_B,B_Task-1,B,Task-1,37,L,-0.397911574,0.542279153,-0.179561137,-0.035193558
cross_Pooled,cross_subject,A_to_B,B_Task-1,B,Task-1,38,L,-0.286274865,-0.148155574,-0.137038597,-0.571469036
cross_Pooled,cross_subject,A_to_B,B_Task-1,B,Task-1,39,R,0.0325545685,0.123808902,-0.0204399423,0.135923529
cross_Pooled,cross_subject,A_to_B,B_Task-1,B,Task-1,40,R,-0.177166954,0.102464468,-0.140513849,-0.215216335
cross_Pooled,cross_subject,A_to_B,B_Task-1,B,Task-1,41,L,-0.0491109348,0.0760523484,0.00705842668,0.0339998403
cross_Pooled,cross_subject,A_to_B,B_Task-1,B,Task-1,42,R,-1.12390519,0.678840527,0.141837829,-0.303226832
cross_Pooled,cross_subject,A_to_B,B_Task-1,B,Task-1,43,R,-0.405293739,-0.0491410413,-0.150801605,-0.605236386
cross_Pooled,cross_subject,A_to_B,B_Task-1,B,Task-1,44,R,0.00438469952,-0.0322808799,-0.026360585,-0.0542567654
cross_Pooled,cross_subject,A_to_B,B_Task-1,B,Task-1,45,R,0.265415745,0.329987938,0.0996621077,0.695065791
cross_Pooled,cross_subject,A_to_B,B_Task-1,B,Task-1,47,L,0.175321946,-0.0364575922,-0.405628076,-0.266763722
cross_Pooled,cross_subject,A_to_B,B_Task-1,B,Task-1,48,R,-0.136962532,0.0886214326,0.374988918,0.326647819
cross_Pooled,cross_subject,A_to_B,B_Task-1,B,Task-1,49,R,0.116559039,-0.0120091104,0.0551665787,0.159716507
cross_Pooled,cross_subject,A_to_B,B_Task-1,B,Task-1,51,R,0.508329391,0.175514984,0.144649157,0.828493532
cross_Pooled,cross_subject,A_to_B,B_Task-1,B,Task-1,52,L,0.164440666,0.181444582,0.114964635,0.460849883
cross_Pooled,cross_subject,A_to_B,B_Task-1,B,Task-1,53,R,0.0184069685,0.183644337,-0.101815926,0.10023538
cross_Pooled,cross_subject,A_to_B,B_Task-1,B,Task-1,55,R,0.100293546,-0.445631806,0.0668133074,-0.278524953
cross_Pooled,cross_subject,A_to_B,B_Task-1,B,Task-1,56,L,-0.249064438,0.0696132261,-0.0260644974,-0.205515709
cross_Pooled,cross_subject,A_to_B,B_Task-1,B,Task-1,57,R,0.460425797,0.0423689607,-0.179535573,0.323259185
cross_Pooled,cross_subject,A_to_B,B_Task-1,B,Task-1,58,R,0.623031227,0.525203558,0.408816449,1.55705123
cross_Pooled,cross_subject,A_to_B,B_Task-1,B,Task-1,59,R,-0.276422668,-0.0161617207,-0.00648126052,-0.299065649
cross_Pooled,cross_subject,A_to_B,B_Task-1,B,Task-1,60,R,-0.389939289,-0.135667077,-0.14920191,-0.674808277
cross_Pooled,cross_subject,A_to_B,B_Task-1,B,Task-1,61,L,-0.170273162,-0.206468295,0.0367681106,-0.339973346
cross_Pooled,cross_subject,A_to_B,B_Task-1,B,Task-1,62,L,-0.326721322,-0.372757447,-0.623292439,-1.32277121
cross_Pooled,cross_subject,A_to_B,B_Task-1,B,Task-1,63,R,-0.314274866,-0.130633863,-0.132491412,-0.577400141
cross_Pooled,cross_subject,A_to_B,B_Task-1,B,Task-1,64,L,-0.445341951,-0.217641249,-0.137963717,-0.800946917
cross_Pooled,cross_subject,A_to_B,B_Task-1,B,Task-1,65,L,-0.898704049,-0.208520936,-0.274007625,-1.38123261
cross_Pooled,cross_subject,A_to_B,B_Task-1,B,Task-1,66,L,0.596477825,0.0487140802,-0.447976115,0.197215791
cross_Pooled,cross_subject,A_to_B,B_Task-1,B,Task-1,67,R,0.273459648,0.188156091,0.0702057467,0.531821485
cross_Pooled,cross_subject,A_to_B,B_Task-1,B,Task-1,68,R,-0.0495175439,-0.0216612578,-0.0103620199,-0.0815408216
cross_Pooled,cross_subject,A_to_B,B_Task-1,B,Task-1,69,L,-0.136393148,-0.152524854,0.0654874971,-0.223430505
cross_Pooled,cross_subject,A_to_B,B_Task-1,B,Task-1,70,L,-0.242532349,-0.360038914,-0.301920679,-0.904491942
cross_Pooled,cross_subject,A_to_B,B_Task-1,B,Task-1,71,R,-0.184573157,-0.0773789326,-0.176624761,-0.43857685
cross_Pooled,cross_subject,A_to_B,B_Task-1,B,Task-1,72,R,0.71162943,-0.0326996879,-0.226183835,0.452745907
cross_Pooled,cross_subject,A_to_B,B_Task-1,B,Task-1,73,L,-0.373743417,-0.25548865,-0.156561066,-0.785793133
cross_Pooled,cross_subject,A_to_B,B_Task-1,B,Task-1,74,L,-0.0367435293,-0.240446636,0.147056134,-0.130134032
cross_Pooled,cross_subject,A_to_B,B_Task-1,B,Task-1,75,R,0.148936262,-0.00910959453,-0.0663356638,0.0734910039
cross_Pooled,cross_subject,A_to_B,B_Task-1,B,Task-1,76,L,-0.824977306,0.935060125,0.355527393,0.465610212
cross_Pooled,cross_subject,A_to_B,B_Task-1,B,Task-1,77,L,-0.0260362661,0.00297374908,-0.0412433407,-0.0643058577
cross_Pooled,cross_subject,A_to_B,B_Task-1,B,Task-1,79,R,-0.138361268,0.0651053402,-0.0742573121,-0.14751324
cross_Pooled,cross_subject,A_to_B,B_Task-1,B,Task-1,80,L,0.287252126,0.265097944,0.0303846386,0.582734708
cross_Pooled,cross_subject,A_to_B,B_Task-1,B,Task-1,81,L,-0.419875384,0.0340394029,-0.076756068,-0.462592049
cross_Pooled,cross_subject,A_to_B,B_Task-1,B,Task-1,82,R,0.4501395,0.135734676,0.0849893942,0.67086357
cross_Pooled,cross_subject,A_to_B,B_Task-1,B,Task-1,83,L,0.550710005,0.166883986,0.00437172603,0.721965717
cross_Pooled,cross_subject,A_to_B,B_Task-1,B,Task-1,84,L,-0.0683152914,-0.0745958698,-0.0586999479,-0.201611109
cross_Pooled,cross_subject,A_to_B,B_Task-1,B,Task-1,85,R,0.272401613,-0.102095555,-0.356094092,-0.185788034
cross_Pooled,cross_subject,A_to_B,B_Task-1,B,Task-1,86,L,-0.721169496,-0.370320074,-0.261475218,-1.35296479
cross_Pooled,cross_subject,A_to_B,B_Task-1,B,Task-1,87,L,-0.105123712,0.166064252,-0.105335608,-0.0443950681
cross_Pooled,cross_subject,A_to_B,B_Task-1,B,Task-1,89,L,-1.68526454,1.01894995,0.648465883,-0.017848705
cross_Pooled,cross_subject,A_to_B,B_Task-1,B,Task-1,90,L,-0.590423582,-0.21407986,-0.26086248,-1.06536592
cross_Pooled,cross_subject,A_to_B,B_Task-1,B,Task-1,91,R,-0.193670751,-0.113157295,-0.074765912,-0.381593958
cross_Pooled,cross_subject,A_to_B,B_Task-1,B,Task-1,93,L,-0.316009418,-0.046208712,-0.115020118,-0.477238248
cross_Pooled,cross_subject,A_to_B,B_Task-1,B,Task-1,94,R,-0.463166073,-0.217876935,-0.113204181,-0.79424719
cross_Pooled,cross_subject,A_to_B,B_Task-1,B,Task-1,95,L,0.0779753397,0.0169817144,0.0184270256,0.11338408
cross_Pooled,cross_subject,A_to_B,B_Task-1,B,Task-1,96,R,-0.401533526,-0.0993928601,-0.113341285,-0.614267671
cross_Pooled,cross_subject,A_to_B,B_Task-1,B,Task-1,97,L,0.825440928,-0.425055482,-0.482744326,-0.0823588804
cross_Pooled,cross_subject,A_to_B,B_Task-1,B,Task-1,98,R,-0.348059234,-0.0613855453,-0.0786950835,-0.488139863
cross_Pooled,cross_subject,A_to_B,B_Task-1,B,Task-1,99,R,-0.271876258,-0.122630555,0.00518825254,-0.38931856
cross_Pooled,cross_subject,A_to_B,B_Task-1,B,Task-1,100,R,0.0328832544,0.0353751511,-0.371277181,-0.303018776
cross_Pooled,cross_subject,A_to_B,B_Task-2,B,Task-2,1,L,0.153646254,0.126151751,-0.093017891,0.186780114
cross_Pooled,cross_subject,A_to_B,B_Task-2,B,Task-2,2,L,-0.444138061,-0.0787838467,-0.179358176,-0.702280084
cross_Pooled,cross_subject,A_to_B,B_Task-2,B,Task-2,3,L,0.312385711,0.114697209,0.130260844,0.557343763
cross_Pooled,cross_subject,A_to_B,B_Task-2,B,Task-2,4,R,0.377675393,0.235572146,0.180944168,0.794191708
cross_Pooled,cross_subject,A_to_B,B_Task-2,B,Task-2,5,L,-0.219285832,-0.0868193379,-0.115286245,-0.421391415
cross_Pooled,cross_subject,A_to_B,B_Task-2,B,Task-2,6,R,-0.0647802398,-0.0979387764,-0.0968369663,-0.259555983
cross_Pooled,cross_subject,A_to_B,B_Task-2,B,Task-2,7,R,1.28686063,0.407618488,0.568735,2.26321412
cross_Pooled,cross_subject,A_to_B,B_Task-2,B,Task-2,8,R,1.15844425,0.332194126,0.484974684,1.97561306
cross_Pooled,cross_subject,A_to_B,B_Task-2,B,Task-2,9,R,0.234157781,0.130264291,0.12248925,0.486911322
cross_Pooled,cross_subject,A_to_B,B_Task-2,B,Task-2,11,R,1.17805283,0.328193911,0.415060295,1.92130704
cross_Pooled,cross_subject,A_to_B,B_Task-2,B,Task-2,12,R,-0.247285963,0.0562986606,-0.101805721,-0.292793023
cross_Pooled,cross_subject,A_to_B,B_Task-2,B,Task-2,13,R,-0.208145857,-0.176796307,-0.0785488748,-0.463491038
cross_Pooled,cross_subject,A_to_B,B_Task-2,B,Task-2,15,R,-0.359131478,-0.0652446351,-0.174723772,-0.599099885
cross_Pooled,cross_subject,A_to_B,B_Task-2,B,Task-2,17,L,0.710968225,-0.246269814,0.269684316,0.734382727
cross_Pooled,cross_subject,A_to_B,B_Task-2,B,Task-2,18,R,0.143513716,-0.147763645,0.0578000842,0.0535501548
cross_Pooled,cross_subject,A_to_B,B_Task-2,B,Task-2,19,R,-0.0188586106,0.102498934,-0.0112942815,0.0723460414
cross_Pooled,cross_subject,A_to_B,B_Task-2,B,Task-2,20,L,1.6301273,-0.0747402037,0.468326877,2.02371398
cross_Pooled,cross_subject,A_to_B,B_Task-2,B,Task-2,21,R,1.49556572,0.394816629,0.605364111,2.49574646
cross_Pooled,cross_subject,A_to_B,B_Task-2,B,Task-2,22,R,0.189447908,0.111708137,0.195780463,0.496936509
cross_Pooled,cross_subject,A_to_B,B_Task-2,B,Task-2,24,L,2.37038349,1.16720876,0.779417759,4.31701
cross_Pooled,cross_subject,A_to_B,B_Task-2,B,Task-2,25,L,0.321696163,-0.0133973359,0.297065344,0.605364171
cross_Pooled,cross_subject,A_to_B,B_Task-2,B,Task-2,26,R,0.787519893,0.313714453,0.364738718,1.46597306
cross_Pooled,cross_subject,A_to_B,B_Task-2,B,Task-2,27,L,0.235647369,0.697926302,-0.0138599283,0.919713743
cross_Pooled,cross_subject,A_to_B,B_Task-2,B,Task-2,28,L,-0.0579037182,-0.022263588,-0.0240140555,-0.104181362
cross_Pooled,cross_subject,A_to_B,B_Task-2,B,Task-2,29,L,1.05891261,0.23406186,0.485552263,1.77852673
cross_Pooled,cross_subject,A_to_B,B_Task-2,B,Task-2,30,R,-0.307400893,-0.168131808,-0.221772453,-0.697305154
cross_Pooled,cross_subject,A_to_B,B_Task-2,B,Task-2,31,R,0.633840179,0.0304011173,0.249301534,0.91354283
cross_Pooled,cross_subject,A_to_B,B_Task-2,B,Task-2,32,R,0.0501878145,0.259187189,0.000410662803,0.309785667
cross_Pooled,cross_subject,A_to_B,B_Task-2,B,Task-2,33,R,1.26555105,0.11478622,0.586205431,1.9665427
cross_Pooled,cross_subject,A_to_B,B_Task-2,B,Task-2,34,R,-0.304372,-0.16839919,0.0342597478,-0.438511442
cross_Pooled,cross_subject,A_to_B,B_Task-2,B,Task-2,35,L,-0.417862161,0.0549353503,-0.221381799,-0.584308609
cross_Pooled,cross_subject,A_to_B,B_Task-2,B,Task-2,36,R,0.924544168,0.0847530834,0.333993675,1.34329093
cross_Pooled,cross_subject,A_to_B,B_Task-2,B,Task-2,37,L,-0.435859527,-0.305759847,-0.175335853,-0.916955226
cross_Pooled,cross_subject,A_to_B,B_Task-2,B,Task-2,38,L,0.414303296,-0.226250554,0.220732793,0.408785536
cross_Pooled,cross_subject,A_to_B,B_Task-2,B,Task-2,39,R,-0.371056844,-0.191040101,-0.155276809,-0.717373754
cross_Pooled,cross_subject,A_to_B,B_Task-2,B,Task-2,40,R,0.84352429,0.00415624535,0.399918507,1.24759904
cross_Pooled,cross_subject,A_to_B,B_Task-2,B,Task-2,41,R,-0.286384405,0.00278353421,-0.249185379,-0.53278625
cross_Pooled,cross_subject,A_to_B,B_Task-2,B,Task-2,42,L,1.28248165,0.337207174,0.673755264,2.29344409
cross_Pooled,cross_subject,A_to_B,B_Task-2,B,Task-2,44,R,0.917537939,0.21083745,0.460426331,1.58880172
cross_Pooled,cross_subject,A_to_B,B_Task-2,B,Task-2,45,L,0.207695291,-0.1666678,-0.174428888,-0.133401396
cross_Pooled,cross_subject,A_to_B,B_Task-2,B,Task-2,46,L,1.40980632,0.366263369,0.551605868,2.32767555
cross_Pooled,cross_subject,A_to_B,B_Task-2,B,Task-2,47,R,0.174585777,0.180669454,-0.0267256349,0.328529596
cross_Pooled,cross_subject,A_to_B,B_Task-2,B,Task-2,48,L,1.33128763,0.629201619,0.607601866,2.56809112
cross_Pooled,cross_subject,A_to_B,B_Task-2,B,Task-2,49,R,0.781141786,0.307784603,0.365711843,1.45463823
cross_Pooled,cross_subject,A_to_B,B_Task-2,B,Task-2,51,L,1.12454901,0.399174165,0.505998415,2.02972159
cross_Pooled,cross_subject,A_to_B,B_Task-2,B,Task-2,52,L,0.897126923,0.10346153,0.398199792,1.39878825
cross_Pooled,cross_subject,A_to_B,B_Task-2,B,Task-2,53,R,-0.197611919,-0.235239326,-0.10593587,-0.538787115
cross_Pooled,cross_subject,A_to_B,B_Task-2,B,Task-2,55,R,0.0400089724,0.128977422,-0.110725771,0.0582606239
cross_Pooled,cross_subject,A_to_B,B_Task-2,B,Task-2,58,L,0.387902214,-0.0183940116,0.236942875,0.606451078
cross_Pooled,cross_subject,A_to_B,B_Task-2,B,Task-2,59,L,0.357110938,-0.0704062704,0.155259406,0.441964073
cross_Pooled,cross_subject,A_to_B,B_Task-2,B,Task-2,60,L,1.52913475,0.600699068,0.582247753,2.71208157
cross_Pooled,cross_subject,A_to_B,B_Task-2,B,Task-2,61,L,0.314661424,-0.170185649,0.289436709,0.433912484
cross_Pooled,cross_subject,A_to_B,B_Task-2,B,Task-2,62,R,0.239190402,0.0718683251,0.132767385,0.443826111
cross_Pooled,cross_subject,A_to_B,B_Task-2,B,Task-2,63,L,1.32790675,0.376022232,0.50024335,2.20417233
cross_Pooled,cross_subject,A_to_B,B_Task-2,B,Task-2,64,L,-0.742059161,0.0932716663,-0.202787188,-0.851574684
cross_Pooled,cross_subject,A_to_B,B_Task-2,B,Task-2,65,R,0.379340638,0.396752907,0.0452858918,0.821379436
cross_Pooled,cross_subject,A_to_B,B_Task-2,B,Task-2,66,R,0.639058637,0.551781277,0.462372292,1.65321221
cross_Pooled,cross_subject,A_to_B,B_Task-2,B,Task-2,67,R,0.187280374,0.0171849393,-0.090788285,0.113677029
cross_Pooled,cross_subject,A_to_B,B_Task-2,B,Task-2,68,R,1.07414616,-0.0238206747,0.396154818,1.4464803
cross_Pooled,cross_subject,A_to_B,B_Task-2,B,Task-2,69,L,-0.222494725,-0.0107630341,-0.112757254,-0.346015013
cross_Pooled,cross_subject,A_to_B,B_Task-2,B,Task-2,70,L,-1.41580548,-0.404029291,-0.54108033,-2.3609151
cross_Pooled,cross_subject,A_to_B,B_Task-2,B,Task-2,71,R,1.18034087,0.288610747,0.519192905,1.98814452
cross_Pooled,cross_subject,A_to_B,B_Task-2,B,Task-2,72,R,0.906579998,-0.0711449753,0.425518481,1.2609535
cross_Pooled,cross_subject,A_to_B,B_Task-2,B,Task-2,73,R,-0.33302692,-0.108630494,-0.131316247,-0.572973661
cross_Pooled,cross_subject,A_to_B,B_Task-2,B,Task-2,74,L,0.0439370512,0.073450674,0.070073635,0.18746136
cross_Pooled,cross_subject,A_to_B,B_Task-2,B,Task-2,75,L,0.876483392,0.229599662,0.453167722,1.55925078
cross_Pooled,cross_subject,A_to_B,B_Task-2,B,Task-2,76,R,0.537341843,0.262242429,0.39805058,1.19763485
cross_Pooled,cross_subject,A_to_B,B_Task-2,B,Task-2,77,R,0.498583395,0.0977927077,0.243162183,0.839538286
cross_Pooled,cross_subject,A_to_B,B_Task-2,B,Task-2,78,L,-0.0944031143,-0.171296874,-0.0195476655,-0.285247654
cross_Pooled,cross_subject,A_to_B,B_Task-2,B,Task-2,79,L,0.0568980854,0.367282698,-0.115216772,0.308964011
cross_Pooled,cross_subject,A_to_B,B_Task-2,B,Task-2,80,L,1.32972344,0.330332157,0.533370221,2.19342582
cross_Pooled,cross_subject,A_to_B,B_Task-2,B,Task-2,81,R,-0.345279314,-0.148560757,-0.105573966,-0.599414037
cross_Pooled,cross_subject,A_to_B,B_Task-2,B,Task-2,83,R,0.196545741,-0.0346965133,0.124905444,0.286754672
cross_Pooled,cross_subject,A_to_B,B_Task-2,B,Task-2,84,L,-0.356720514,-0.199105896,-0.0943665992,-0.65019301
cross_Pooled,cross_subject,A_to_B,B_Task-2,B,Task-2,86,R,0.880848704,0.292498398,0.401612321,1.57495942
cross_Pooled,cross_subject,A_to_B,B_Task-2,B,Task-2,87,L,-0.222586639,-0.070173815,-0.0591462303,-0.351906684
cross_Pooled,cross_subject,A_to_B,B_Task-2,B,Task-2,88,R,0.909107645,0.370887503,0.280917805,1.56091295
cross_Pooled,cross_subject,A_to_B,B_Task-2,B,Task-2,89,L,1.44577906,0.437007306,0.861987131,2.7447735
cross_Pooled,cross_subject,A_to_B,B_Task-2,B,Task-2,90,R,1.34501366,0.420284998,0.466942173,2.23224083
cross_Pooled,cross_subject,A_to_B,B_Task-2,B,Task-2,91,L,0.513835961,-0.0417306361,0.160500043,0.632605368
cross_Pooled,cross_subject,A_to_B,B_Task-2,B,Task-2,92,L,-0.504946331,-0.535471035,-0.380754623,-1.42117199
cross_Pooled,cross_subject,A_to_B,B_Task-2,B,Task-2,93,R,-0.744202312,-0.207394419,-0.26019171,-1.21178844
cross_Pooled,cross_subject,A_to_B,B_Task-2,B,Task-2,94,L,0.446155548,0.019185639,0.223515027,0.688856214
cross_Pooled,cross_subject,A_to_B,B_Task-2,B,Task-2,95,R,-0.246824985,-0.113641016,-0.0445963902,-0.405062392
cross_Pooled,cross_subject,A_to_B,B_Task-2,B,Task-2,96,R,0.0382194364,0.736240856,0.124131539,0.898591832
cross_Pooled,cross_subject,A_to_B,B_Task-2,B,Task-2,97,L,-0.751599363,-0.224670199,-0.286007828,-1.26227739
cross_Pooled,cross_subject,A_to_B,B_Task-2,B,Task-2,98,L,0.71891599,0.208632472,0.182992474,1.11054094
cross_Pooled,cross_subject,A_to_B,B_Task-2,B,Task-2,99,R,0.521265865,0.200388561,0.15647514,0.878129566
cross_Pooled,cross_subject,A_to_B,B_Task-2,B,Task-2,100,L,-1.32710157,-0.696334931,-0.311262749,-2.33469925
