evaluation,permutation,balanced_accuracy
within_A_Task-1,1,0.507198228
within_A_Task-1,2,0.387320044
within_A_Task-1,3,0.541251384
within_A_Task-1,4,0.57530454
within_A_Task-1,5,0.493078627
within_A_Task-1,6,0.57530454
within_A_Task-1,7,0.483388704
within_A_Task-1,8,0.504706534
within_A_Task-1,9,0.448228128
within_A_Task-1,10,0.42414175
within_A_Task-1,11,0.518826135
within_A_Task-1,12,0.576135105
within_A_Task-1,13,0.448228128
within_A_Task-1,14,0.483388704
within_A_Task-1,15,0.51854928
within_A_Task-1,16,0.527962348
within_A_Task-1,17,0.552879291
within_A_Task-1,18,0.552602436
within_A_Task-1,19,0.412790698
within_A_Task-1,20,0.634551495
within_A_Task-1,21,0.551771872
within_A_Task-1,22,0.424972315
within_A_Task-1,23,0.599944629
within_A_Task-1,24,0.589424142
within_A_Task-1,25,0.646179402
within_A_Task-1,26,0.530454042
within_A_Task-1,27,0.470099668
within_A_Task-1,28,0.529900332
within_A_Task-1,29,0.473145072
within_A_Task-1,30,0.449058693
within_A_Task-1,31,0.575581395
within_A_Task-1,32,0.552325581
within_A_Task-1,33,0.504706534
within_A_Task-1,34,0.563953488
within_A_Task-1,35,0.530177187
within_A_Task-1,36,0.552602436
within_A_Task-1,37,0.470099668
within_A_Task-1,38,0.57530454
within_A_Task-1,39,0.494739756
within_A_Task-1,40,0.42303433
within_A_Task-1,41,0.421650055
within_A_Task-1,42,0.517718715
within_A_Task-1,43,0.437430786
within_A_Task-1,44,0.389811739
within_A_Task-1,45,0.36572536
within_A_Task-1,46,0.399778516
within_A_Task-1,47,0.529069767
within_A_Task-1,48,0.387043189
within_A_Task-1,49,0.400609081
within_A_Task-1,50,0.530454042
within_A_Task-1,51,0.553433001
within_A_Task-1,52,0.377076412
within_A_Task-1,53,0.540697674
within_A_Task-1,54,0.553156146
within_A_Task-1,55,0.460963455
within_A_Task-1,56,0.412513843
within_A_Task-1,57,0.483388704
within_A_Task-1,58,0.552325581
within_A_Task-1,59,0.622646733
within_A_Task-1,60,0.564784053
within_A_Task-1,61,0.42469546
within_A_Task-1,62,0.4606866
within_A_Task-1,63,0.531561462
within_A_Task-1,64,0.482834994
within_A_Task-1,65,0.424418605
within_A_Task-1,66,0.587486157
within_A_Task-1,67,0.646456257
within_A_Task-1,68,0.575581395
within_A_Task-1,69,0.472314507
within_A_Task-1,70,0.505813953
within_A_Task-1,71,0.565337763
within_A_Task-1,72,0.469822813
within_A_Task-1,73,0.4606866
within_A_Task-1,74,0.469269103
within_A_Task-1,75,0.481727575
within_A_Task-1,76,0.400885936
within_A_Task-1,77,0.412513843
within_A_Task-1,78,0.518272425
within_A_Task-1,79,0.516334441
within_A_Task-1,80,0.634551495
within_A_Task-1,81,0.506644518
within_A_Task-1,82,0.459579181
within_A_Task-1,83,0.481727575
within_A_Task-1,84,0.473145072
within_A_Task-1,85,0.36572536
within_A_Task-1,86,0.459856035
within_A_Task-1,87,0.460963455
within_A_Task-1,88,0.471483942
within_A_Task-1,89,0.434662237
within_A_Task-1,90,0.493355482
within_A_Task-1,91,0.564507198
within_A_Task-1,92,0.457087486
within_A_Task-1,93,0.413067553
within_A_Task-1,94,0.456256921
within_A_Task-1,95,0.459302326
within_A_Task-1,96,0.589977852
within_A_Task-1,97,0.400885936
within_A_Task-1,98,0.506090808
within_A_Task-1,99,0.471483942
within_A_Task-1,100,0.459579181
within_A_Task-1,101,0.470099668
within_A_Task-1,102,0.448228128
within_A_Task-1,103,0.436046512
within_A_Task-1,104,0.634551495
within_A_Task-1,105,0.564230343
within_A_Task-1,106,0.599114064
within_A_Task-1,107,0.506921373
within_A_Task-1,108,0.48255814
within_A_Task-1,109,0.518272425
within_A_Task-1,110,0.564230343
within_A_Task-1,111,0.471207087
within_A_Task-1,112,0.57696567
within_A_Task-1,113,0.600498339
within_A_Task-1,114,0.413067553
within_A_Task-1,115,0.552879291
within_A_Task-1,116,0.472591362
within_A_Task-1,117,0.506367663
within_A_Task-1,118,0.483388704
within_A_Task-1,119,0.530177187
within_A_Task-1,120,0.505813953
within_A_Task-1,121,0.48200443
within_A_Task-1,122,0.448228128
within_A_Task-1,123,0.564784053
within_A_Task-1,124,0.493632337
within_A_Task-1,125,0.42248062
within_A_Task-1,126,0.519379845
within_A_Task-1,127,0.564230343
within_A_Task-1,128,0.389258029
within_A_Task-1,129,0.413344408
within_A_Task-1,130,0.433277962
within_A_Task-1,131,0.506090808
within_A_Task-1,132,0.516611296
within_A_Task-1,133,0.63427464
within_A_Task-1,134,0.437153931
within_A_Task-1,135,0.412790698
within_A_Task-1,136,0.599114064
within_A_Task-1,137,0.531007752
within_A_Task-1,138,0.587763012
within_A_Task-1,139,0.528239203
within_A_Task-1,140,0.447397564
within_A_Task-1,141,0.495293466
within_A_Task-1,142,0.506644518
within_A_Task-1,143,0.471483942
within_A_Task-1,144,0.484496124
within_A_Task-1,145,0.446843854
within_A_Task-1,146,0.447951274
within_A_Task-1,147,0.517165006
within_A_Task-1,148,0.599390919
within_A_Task-1,149,0.529623477
within_A_Task-1,150,0.377906977
within_A_Task-1,151,0.483942414
within_A_Task-1,152,0.529346622
within_A_Task-1,153,0.586378738
within_A_Task-1,154,0.506644518
within_A_Task-1,155,0.425249169
within_A_Task-1,156,0.493355482
within_A_Task-1,157,0.553433001
within_A_Task-1,158,0.342192691
within_A_Task-1,159,0.495293466
within_A_Task-1,160,0.588316722
within_A_Task-1,161,0.506367663
within_A_Task-1,162,0.447951274
within_A_Task-1,163,0.552325581
within_A_Task-1,164,0.540143965
within_A_Task-1,165,0.483111849
within_A_Task-1,166,0.342192691
within_A_Task-1,167,0.495016611
within_A_Task-1,168,0.470376523
within_A_Task-1,169,0.506367663
within_A_Task-1,170,0.552048726
within_A_Task-1,171,0.493355482
within_A_Task-1,172,0.506367663
within_A_Task-1,173,0.424972315
within_A_Task-1,174,0.42303433
within_A_Task-1,175,0.493355482
within_A_Task-1,176,0.390642303
within_A_Task-1,177,0.57751938
within_A_Task-1,178,0.42469546
within_A_Task-1,179,0.63593577
within_A_Task-1,180,0.541805094
within_A_Task-1,181,0.587209302
within_A_Task-1,182,0.540420819
within_A_Task-1,183,0.540697674
within_A_Task-1,184,0.529623477
within_A_Task-1,185,0.495293466
within_A_Task-1,186,0.492524917
within_A_Task-1,187,0.423864895
within_A_Task-1,188,0.378460687
within_A_Task-1,189,0.366002215
within_A_Task-1,190,0.540143965
within_A_Task-1,191,0.541251384
within_A_Task-1,192,0.541528239
within_A_Task-1,193,0.506921373
within_A_Task-1,194,0.504983389
within_A_Task-1,195,0.506090808
within_A_Task-1,196,0.599390919
within_A_Task-1,197,0.563676633
within_A_Task-1,198,0.469269103
within_A_Task-1,199,0.493078627
within_A_Task-1,200,0.51854928
within_A_Task-1,201,0.57641196
within_A_Task-1,202,0.435769657
within_A_Task-1,203,0.448504983
within_A_Task-1,204,0.528516058
within_A_Task-1,205,0.424418605
within_A_Task-1,206,0.459302326
within_A_Task-1,207,0.494739756
within_A_Task-1,208,0.611018826
within_A_Task-1,209,0.483111849
within_A_Task-1,210,0.436600221
within_A_Task-1,211,0.610741971
within_A_Task-1,212,0.495570321
within_A_Task-1,213,0.469822813
within_A_Task-1,214,0.495847176
within_A_Task-1,215,0.436046512
within_A_Task-1,216,0.507198228
within_A_Task-1,217,0.506921373
within_A_Task-1,218,0.588316722
within_A_Task-1,219,0.483388704
within_A_Task-1,220,0.529900332
within_A_Task-1,221,0.553986711
within_A_Task-1,222,0.42469546
within_A_Task-1,223,0.495570321
within_A_Task-1,224,0.588593577
within_A_Task-1,225,0.574197121
within_A_Task-1,226,0.624031008
within_A_Task-1,227,0.542081949
within_A_Task-1,228,0.448781838
within_A_Task-1,229,0.48145072
within_A_Task-1,230,0.447951274
within_A_Task-1,231,0.436323367
within_A_Task-1,232,0.506367663
within_A_Task-1,233,0.541251384
within_A_Task-1,234,0.494462901
within_A_Task-1,235,0.401162791
within_A_Task-1,236,0.494462901
within_A_Task-1,237,0.611295681
within_A_Task-1,238,0.506644518
within_A_Task-1,239,0.468715393
within_A_Task-1,240,0.540974529
within_A_Task-1,241,0.483111849
within_A_Task-1,242,0.388427464
within_A_Task-1,243,0.529069767
within_A_Task-1,244,0.483388704
within_A_Task-1,245,0.447120709
within_A_Task-1,246,0.552325581
within_A_Task-1,247,0.493632337
within_A_Task-1,248,0.57641196
within_A_Task-1,249,0.495293466
within_A_Task-1,250,0.565060908
within_A_Task-1,251,0.400055371
within_A_Task-1,252,0.623754153
within_A_Task-1,253,0.505260244
within_A_Task-1,254,0.459579181
within_A_Task-1,255,0.539590255
within_A_Task-1,256,0.435769657
within_A_Task-1,257,0.554263566
within_A_Task-1,258,0.527685493
within_A_Task-1,259,0.542358804
within_A_Task-1,260,0.576135105
within_A_Task-1,261,0.447120709
within_A_Task-1,262,0.516888151
within_A_Task-1,263,0.587486157
within_A_Task-1,264,0.413067553
within_A_Task-1,265,0.495016611
within_A_Task-1,266,0.646456257
within_A_Task-1,267,0.447120709
within_A_Task-1,268,0.531284607
within_A_Task-1,269,0.411683278
within_A_Task-1,270,0.472868217
within_A_Task-1,271,0.493632337
within_A_Task-1,272,0.551771872
within_A_Task-1,273,0.493909192
within_A_Task-1,274,0.436600221
within_A_Task-1,275,0.506644518
within_A_Task-1,276,0.399778516
within_A_Task-1,277,0.459302326
within_A_Task-1,278,0.527962348
within_A_Task-1,279,0.412790698
within_A_Task-1,280,0.494462901
within_A_Task-1,281,0.399778516
within_A_Task-1,282,0.563676633
within_A_Task-1,283,0.495293466
within_A_Task-1,284,0.493078627
within_A_Task-1,285,0.563953488
within_A_Task-1,286,0.437707641
within_A_Task-1,287,0.482834994
within_A_Task-1,288,0.386212625
within_A_Task-1,289,0.57751938
within_A_Task-1,290,0.565060908
within_A_Task-1,291,0.42469546
within_A_Task-1,292,0.494462901
within_A_Task-1,293,0.516888151
within_A_Task-1,294,0.530454042
within_A_Task-1,295,0.434662237
within_A_Task-1,296,0.468715393
within_A_Task-1,297,0.529069767
within_A_Task-1,298,0.424972315
within_A_Task-1,299,0.448781838
within_A_Task-1,300,0.470930233
within_A_Task-1,301,0.480620155
within_A_Task-1,302,0.542635659
within_A_Task-1,303,0.555647841
within_A_Task-1,304,0.473145072
within_A_Task-1,305,0.459579181
within_A_Task-1,306,0.541528239
within_A_Task-1,307,0.446290144
within_A_Task-1,308,0.481727575
within_A_Task-1,309,0.576135105
within_A_Task-1,310,0.435215947
within_A_Task-1,311,0.564230343
within_A_Task-1,312,0.458748616
within_A_Task-1,313,0.446566999
within_A_Task-1,314,0.542081949
within_A_Task-1,315,0.493909192
within_A_Task-1,316,0.516888151
within_A_Task-1,317,0.493632337
within_A_Task-1,318,0.529346622
within_A_Task-1,319,0.495016611
within_A_Task-1,320,0.610741971
within_A_Task-1,321,0.51799557
within_A_Task-1,322,0.493632337
within_A_Task-1,323,0.622923588
within_A_Task-1,324,0.494462901
within_A_Task-1,325,0.449335548
within_A_Task-1,326,0.459856035
within_A_Task-1,327,0.483111849
within_A_Task-1,328,0.518272425
within_A_Task-1,329,0.527131783
within_A_Task-1,330,0.506644518
within_A_Task-1,331,0.541805094
within_A_Task-1,332,0.52021041
within_A_Task-1,333,0.517718715
within_A_Task-1,334,0.599114064
within_A_Task-1,335,0.552602436
within_A_Task-1,336,0.387873754
within_A_Task-1,337,0.622646733
within_A_Task-1,338,0.410299003
within_A_Task-1,339,0.446290144
within_A_Task-1,340,0.542081949
within_A_Task-1,341,0.471483942
within_A_Task-1,342,0.48200443
within_A_Task-1,343,0.459579181
within_A_Task-1,344,0.435215947
within_A_Task-1,345,0.495293466
within_A_Task-1,346,0.468715393
within_A_Task-1,347,0.48255814
within_A_Task-1,348,0.506090808
within_A_Task-1,349,0.412790698
within_A_Task-1,350,0.411406423
within_A_Task-1,351,0.340531561
within_A_Task-1,352,0.599667774
within_A_Task-1,353,0.551771872
within_A_Task-1,354,0.57530454
within_A_Task-1,355,0.516888151
within_A_Task-1,356,0.622646733
within_A_Task-1,357,0.504152824
within_A_Task-1,358,0.459856035
within_A_Task-1,359,0.469822813
within_A_Task-1,360,0.493355482
within_A_Task-1,361,0.483388704
within_A_Task-1,362,0.531284607
within_A_Task-1,363,0.435492802
within_A_Task-1,364,0.494186047
within_A_Task-1,365,0.528239203
within_A_Task-1,366,0.552325581
within_A_Task-1,367,0.542358804
within_A_Task-1,368,0.565614618
within_A_Task-1,369,0.51854928
within_A_Task-1,370,0.599114064
within_A_Task-1,371,0.504983389
within_A_Task-1,372,0.48145072
within_A_Task-1,373,0.505813953
within_A_Task-1,374,0.493632337
within_A_Task-1,375,0.541528239
within_A_Task-1,376,0.51799557
within_A_Task-1,377,0.459025471
within_A_Task-1,378,0.435769657
within_A_Task-1,379,0.564230343
within_A_Task-1,380,0.424972315
within_A_Task-1,381,0.493078627
within_A_Task-1,382,0.412513843
within_A_Task-1,383,0.518826135
within_A_Task-1,384,0.496124031
within_A_Task-1,385,0.460409745
within_A_Task-1,386,0.610465116
within_A_Task-1,387,0.517718715
within_A_Task-1,388,0.531007752
within_A_Task-1,389,0.518826135
within_A_Task-1,390,0.436046512
within_A_Task-1,391,0.458471761
within_A_Task-1,392,0.411960133
within_A_Task-1,393,0.529069767
within_A_Task-1,394,0.46013289
within_A_Task-1,395,0.433554817
within_A_Task-1,396,0.542358804
within_A_Task-1,397,0.471760797
within_A_Task-1,398,0.459579181
within_A_Task-1,399,0.516611296
within_A_Task-1,400,0.458194906
within_A_Task-1,401,0.377076412
within_A_Task-1,402,0.412790698
within_A_Task-1,403,0.576688815
within_A_Task-1,404,0.506090808
within_A_Task-1,405,0.459856035
within_A_Task-1,406,0.471483942
within_A_Task-1,407,0.506644518
within_A_Task-1,408,0.554263566
within_A_Task-1,409,0.505260244
within_A_Task-1,410,0.481727575
within_A_Task-1,411,0.448504983
within_A_Task-1,412,0.48145072
within_A_Task-1,413,0.553156146
within_A_Task-1,414,0.46013289
within_A_Task-1,415,0.519933555
within_A_Task-1,416,0.530177187
within_A_Task-1,417,0.575581395
within_A_Task-1,418,0.516611296
within_A_Task-1,419,0.553986711
within_A_Task-1,420,0.495293466
within_A_Task-1,421,0.506921373
within_A_Task-1,422,0.436323367
within_A_Task-1,423,0.42414175
within_A_Task-1,424,0.483665559
within_A_Task-1,425,0.457364341
within_A_Task-1,426,0.448504983
within_A_Task-1,427,0.460409745
within_A_Task-1,428,0.506921373
within_A_Task-1,429,0.588593577
within_A_Task-1,430,0.470099668
within_A_Task-1,431,0.377630122
within_A_Task-1,432,0.519933555
within_A_Task-1,433,0.599114064
within_A_Task-1,434,0.494739756
within_A_Task-1,435,0.518826135
within_A_Task-1,436,0.413898117
within_A_Task-1,437,0.495016611
within_A_Task-1,438,0.529623477
within_A_Task-1,439,0.447951274
within_A_Task-1,440,0.318106312
within_A_Task-1,441,0.470099668
within_A_Task-1,442,0.552602436
within_A_Task-1,443,0.398671096
within_A_Task-1,444,0.386766334
within_A_Task-1,445,0.482834994
within_A_Task-1,446,0.493632337
within_A_Task-1,447,0.469822813
within_A_Task-1,448,0.57696567
within_A_Task-1,449,0.542081949
within_A_Task-1,450,0.553709856
within_A_Task-1,451,0.51854928
within_A_Task-1,452,0.42414175
within_A_Task-1,453,0.470653378
within_A_Task-1,454,0.530177187
within_A_Task-1,455,0.446843854
within_A_Task-1,456,0.564507198
within_A_Task-1,457,0.541805094
within_A_Task-1,458,0.400609081
within_A_Task-1,459,0.624307863
within_A_Task-1,460,0.448228128
within_A_Task-1,461,0.448228128
within_A_Task-1,462,0.51744186
within_A_Task-1,463,0.411406423
within_A_Task-1,464,0.447120709
within_A_Task-1,465,0.622923588
within_A_Task-1,466,0.493078627
within_A_Task-1,467,0.506921373
within_A_Task-1,468,0.494739756
within_A_Task-1,469,0.542358804
within_A_Task-1,470,0.409745293
within_A_Task-1,471,0.376799557
within_A_Task-1,472,0.425802879
within_A_Task-1,473,0.483388704
within_A_Task-1,474,0.527685493
within_A_Task-1,475,0.434662237
within_A_Task-1,476,0.517718715
within_A_Task-1,477,0.449058693
within_A_Task-1,478,0.458194906
within_A_Task-1,479,0.507198228
within_A_Task-1,480,0.518826135
within_A_Task-1,481,0.634551495
within_A_Task-1,482,0.576688815
within_A_Task-1,483,0.599114064
within_A_Task-1,484,0.507475083
within_A_Task-1,485,0.601605759
within_A_Task-1,486,0.48200443
within_A_Task-1,487,0.564784053
within_A_Task-1,488,0.365448505
within_A_Task-1,489,0.435215947
within_A_Task-1,490,0.508305648
within_A_Task-1,491,0.400609081
within_A_Task-1,492,0.505537099
within_A_Task-1,493,0.504983389
within_A_Task-1,494,0.483665559
within_A_Task-1,495,0.528792913
within_A_Task-1,496,0.599667774
within_A_Task-1,497,0.611572536
within_A_Task-1,498,0.553433001
within_A_Task-1,499,0.563953488
within_A_Task-1,500,0.46013289
within_A_Task-1,501,0.471483942
within_A_Task-1,502,0.493355482
within_A_Task-1,503,0.494186047
within_A_Task-1,504,0.482834994
within_A_Task-1,505,0.529069767
within_A_Task-1,506,0.446290144
within_A_Task-1,507,0.411129568
within_A_Task-1,508,0.483388704
within_A_Task-1,509,0.413344408
within_A_Task-1,510,0.541528239
within_A_Task-1,511,0.57585825
within_A_Task-1,512,0.293466224
within_A_Task-1,513,0.468715393
within_A_Task-1,514,0.494739756
within_A_Task-1,515,0.471207087
within_A_Task-1,516,0.51799557
within_A_Task-1,517,0.471760797
within_A_Task-1,518,0.446290144
within_A_Task-1,519,0.483665559
within_A_Task-1,520,0.516888151
within_A_Task-1,521,0.670265781
within_A_Task-1,522,0.411683278
within_A_Task-1,523,0.495847176
within_A_Task-1,524,0.516611296
within_A_Task-1,525,0.563953488
within_A_Task-1,526,0.389811739
within_A_Task-1,527,0.622369878
within_A_Task-1,528,0.460409745
within_A_Task-1,529,0.51744186
within_A_Task-1,530,0.611018826
within_A_Task-1,531,0.495016611
within_A_Task-1,532,0.588039867
within_A_Task-1,533,0.445459579
within_A_Task-1,534,0.552048726
within_A_Task-1,535,0.436323367
within_A_Task-1,536,0.516057586
within_A_Task-1,537,0.530177187
within_A_Task-1,538,0.51744186
within_A_Task-1,539,0.51799557
within_A_Task-1,540,0.587763012
within_A_Task-1,541,0.599114064
within_A_Task-1,542,0.528792913
within_A_Task-1,543,0.552602436
within_A_Task-1,544,0.471207087
within_A_Task-1,545,0.493355482
within_A_Task-1,546,0.540697674
within_A_Task-1,547,0.552602436
within_A_Task-1,548,0.459579181
within_A_Task-1,549,0.436046512
within_A_Task-1,550,0.445459579
within_A_Task-1,551,0.565614618
within_A_Task-1,552,0.646179402
within_A_Task-1,553,0.483111849
within_A_Task-1,554,0.506921373
within_A_Task-1,555,0.528792913
within_A_Task-1,556,0.447397564
within_A_Task-1,557,0.517718715
within_A_Task-1,558,0.447674419
within_A_Task-1,559,0.494462901
within_A_Task-1,560,0.518272425
within_A_Task-1,561,0.542081949
within_A_Task-1,562,0.412790698
within_A_Task-1,563,0.484496124
within_A_Task-1,564,0.506367663
within_A_Task-1,565,0.413067553
within_A_Task-1,566,0.470099668
within_A_Task-1,567,0.529900332
within_A_Task-1,568,0.505537099
within_A_Task-1,569,0.483388704
within_A_Task-1,570,0.528792913
within_A_Task-1,571,0.448228128
within_A_Task-1,572,0.506921373
within_A_Task-1,573,0.42192691
within_A_Task-1,574,0.540697674
within_A_Task-1,575,0.540143965
within_A_Task-1,576,0.518826135
within_A_Task-1,577,0.483388704
within_A_Task-1,578,0.611849391
within_A_Task-1,579,0.42414175
within_A_Task-1,580,0.400885936
within_A_Task-1,581,0.565614618
within_A_Task-1,582,0.434662237
within_A_Task-1,583,0.412790698
within_A_Task-1,584,0.470653378
within_A_Task-1,585,0.446843854
within_A_Task-1,586,0.4606866
within_A_Task-1,587,0.48145072
within_A_Task-1,588,0.493632337
within_A_Task-1,589,0.529900332
within_A_Task-1,590,0.507751938
within_A_Task-1,591,0.504983389
within_A_Task-1,592,0.542358804
within_A_Task-1,593,0.48089701
within_A_Task-1,594,0.387596899
within_A_Task-1,595,0.506367663
within_A_Task-1,596,0.494739756
within_A_Task-1,597,0.495016611
within_A_Task-1,598,0.424418605
within_A_Task-1,599,0.552325581
within_A_Task-1,600,0.436600221
within_A_Task-1,601,0.400609081
within_A_Task-1,602,0.469822813
within_A_Task-1,603,0.447397564
within_A_Task-1,604,0.459856035
within_A_Task-1,605,0.540974529
within_A_Task-1,606,0.564507198
within_A_Task-1,607,0.495847176
within_A_Task-1,608,0.459579181
within_A_Task-1,609,0.599390919
within_A_Task-1,610,0.496677741
within_A_Task-1,611,0.516611296
within_A_Task-1,612,0.552048726
within_A_Task-1,613,0.506090808
within_A_Task-1,614,0.518272425
within_A_Task-1,615,0.483111849
within_A_Task-1,616,0.518826135
within_A_Task-1,617,0.483111849
within_A_Task-1,618,0.610741971
within_A_Task-1,619,0.458194906
within_A_Task-1,620,0.504983389
within_A_Task-1,621,0.493632337
within_A_Task-1,622,0.51910299
within_A_Task-1,623,0.541528239
within_A_Task-1,624,0.437984496
within_A_Task-1,625,0.4606866
within_A_Task-1,626,0.553986711
within_A_Task-1,627,0.598837209
within_A_Task-1,628,0.366002215
within_A_Task-1,629,0.530454042
within_A_Task-1,630,0.493355482
within_A_Task-1,631,0.540974529
within_A_Task-1,632,0.599390919
within_A_Task-1,633,0.611295681
within_A_Task-1,634,0.495293466
within_A_Task-1,635,0.495570321
within_A_Task-1,636,0.389811739
within_A_Task-1,637,0.483665559
within_A_Task-1,638,0.506090808
within_A_Task-1,639,0.389258029
within_A_Task-1,640,0.518272425
within_A_Task-1,641,0.552325581
within_A_Task-1,642,0.552879291
within_A_Task-1,643,0.586655592
within_A_Task-1,644,0.565337763
within_A_Task-1,645,0.470376523
within_A_Task-1,646,0.410022148
within_A_Task-1,647,0.575581395
within_A_Task-1,648,0.506090808
within_A_Task-1,649,0.470376523
within_A_Task-1,650,0.587486157
within_A_Task-1,651,0.506921373
within_A_Task-1,652,0.448504983
within_A_Task-1,653,0.506921373
within_A_Task-1,654,0.400332226
within_A_Task-1,655,0.587763012
within_A_Task-1,656,0.435492802
within_A_Task-1,657,0.491971207
within_A_Task-1,658,0.506644518
within_A_Task-1,659,0.437430786
within_A_Task-1,660,0.539590255
within_A_Task-1,661,0.51799557
within_A_Task-1,662,0.588316722
within_A_Task-1,663,0.471207087
within_A_Task-1,664,0.471760797
within_A_Task-1,665,0.505813953
within_A_Task-1,666,0.364341085
within_A_Task-1,667,0.459579181
within_A_Task-1,668,0.456810631
within_A_Task-1,669,0.423864895
within_A_Task-1,670,0.447120709
within_A_Task-1,671,0.413067553
within_A_Task-1,672,0.528792913
within_A_Task-1,673,0.447674419
within_A_Task-1,674,0.540420819
within_A_Task-1,675,0.504152824
within_A_Task-1,676,0.528516058
within_A_Task-1,677,0.542635659
within_A_Task-1,678,0.530177187
within_A_Task-1,679,0.495293466
within_A_Task-1,680,0.459856035
within_A_Task-1,681,0.506921373
within_A_Task-1,682,0.51910299
within_A_Task-1,683,0.459856035
within_A_Task-1,684,0.494186047
within_A_Task-1,685,0.470930233
within_A_Task-1,686,0.563676633
within_A_Task-1,687,0.599667774
within_A_Task-1,688,0.435215947
within_A_Task-1,689,0.562569214
within_A_Task-1,690,0.527962348
within_A_Task-1,691,0.529900332
within_A_Task-1,692,0.435769657
within_A_Task-1,693,0.434662237
within_A_Task-1,694,0.446566999
within_A_Task-1,695,0.517165006
within_A_Task-1,696,0.411960133
within_A_Task-1,697,0.575581395
within_A_Task-1,698,0.505537099
within_A_Task-1,699,0.506644518
within_A_Task-1,700,0.447951274
within_A_Task-1,701,0.565614618
within_A_Task-1,702,0.447951274
within_A_Task-1,703,0.529900332
within_A_Task-1,704,0.505260244
within_A_Task-1,705,0.508028793
within_A_Task-1,706,0.576135105
within_A_Task-1,707,0.600775194
within_A_Task-1,708,0.540420819
within_A_Task-1,709,0.495016611
within_A_Task-1,710,0.539590255
within_A_Task-1,711,0.459302326
within_A_Task-1,712,0.51854928
within_A_Task-1,713,0.494462901
within_A_Task-1,714,0.433277962
within_A_Task-1,715,0.471760797
within_A_Task-1,716,0.658084164
within_A_Task-1,717,0.412236988
within_A_Task-1,718,0.483388704
within_A_Task-1,719,0.539036545
within_A_Task-1,720,0.457641196
within_A_Task-1,721,0.377353267
within_A_Task-1,722,0.528792913
within_A_Task-1,723,0.470653378
within_A_Task-1,724,0.505260244
within_A_Task-1,725,0.599114064
within_A_Task-1,726,0.646733112
within_A_Task-1,727,0.541805094
within_A_Task-1,728,0.459302326
within_A_Task-1,729,0.551495017
within_A_Task-1,730,0.459302326
within_A_Task-1,731,0.57641196
within_A_Task-1,732,0.472314507
within_A_Task-1,733,0.421096346
within_A_Task-1,734,0.434108527
within_A_Task-1,735,0.507751938
within_A_Task-1,736,0.540420819
within_A_Task-1,737,0.494739756
within_A_Task-1,738,0.575027685
within_A_Task-1,739,0.565614618
within_A_Task-1,740,0.563953488
within_A_Task-1,741,0.493078627
within_A_Task-1,742,0.495570321
within_A_Task-1,743,0.563122924
within_A_Task-1,744,0.471207087
within_A_Task-1,745,0.448504983
within_A_Task-1,746,0.542358804
within_A_Task-1,747,0.599390919
within_A_Task-1,748,0.504706534
within_A_Task-1,749,0.471760797
within_A_Task-1,750,0.470099668
within_A_Task-1,751,0.401439646
within_A_Task-1,752,0.540420819
within_A_Task-1,753,0.354374308
within_A_Task-1,754,0.42469546
within_A_Task-1,755,0.516888151
within_A_Task-1,756,0.576688815
within_A_Task-1,757,0.599390919
within_A_Task-1,758,0.493078627
within_A_Task-1,759,0.505260244
within_A_Task-1,760,0.563953488
within_A_Task-1,761,0.553156146
within_A_Task-1,762,0.447674419
within_A_Task-1,763,0.575581395
within_A_Task-1,764,0.458194906
within_A_Task-1,765,0.458748616
within_A_Task-1,766,0.506921373
within_A_Task-1,767,0.412790698
within_A_Task-1,768,0.599390919
within_A_Task-1,769,0.506367663
within_A_Task-1,770,0.599114064
within_A_Task-1,771,0.529900332
within_A_Task-1,772,0.446013289
within_A_Task-1,773,0.554263566
within_A_Task-1,774,0.540420819
within_A_Task-1,775,0.400885936
within_A_Task-1,776,0.447951274
within_A_Task-1,777,0.517165006
within_A_Task-1,778,0.446566999
within_A_Task-1,779,0.495016611
within_A_Task-1,780,0.448781838
within_A_Task-1,781,0.599114064
within_A_Task-1,782,0.69324474
within_A_Task-1,783,0.540697674
within_A_Task-1,784,0.564230343
within_A_Task-1,785,0.518826135
within_A_Task-1,786,0.575581395
within_A_Task-1,787,0.458194906
within_A_Task-1,788,0.470653378
within_A_Task-1,789,0.494739756
within_A_Task-1,790,0.552602436
within_A_Task-1,791,0.587209302
within_A_Task-1,792,0.413898117
within_A_Task-1,793,0.504983389
within_A_Task-1,794,0.504983389
within_A_Task-1,795,0.552048726
within_A_Task-1,796,0.599114064
within_A_Task-1,797,0.422757475
within_A_Task-1,798,0.506921373
within_A_Task-1,799,0.48255814
within_A_Task-1,800,0.540143965
within_A_Task-1,801,0.495016611
within_A_Task-1,802,0.492248062
within_A_Task-1,803,0.481727575
within_A_Task-1,804,0.563953488
within_A_Task-1,805,0.563953488
within_A_Task-1,806,0.399224806
within_A_Task-1,807,0.471760797
within_A_Task-1,808,0.48145072
within_A_Task-1,809,0.469822813
within_A_Task-1,810,0.472037652
within_A_Task-1,811,0.483111849
within_A_Task-1,812,0.456533776
within_A_Task-1,813,0.469269103
within_A_Task-1,814,0.457087486
within_A_Task-1,815,0.436046512
within_A_Task-1,816,0.531561462
within_A_Task-1,817,0.484772979
within_A_Task-1,818,0.471760797
within_A_Task-1,819,0.446013289
within_A_Task-1,820,0.412513843
within_A_Task-1,821,0.542081949
within_A_Task-1,822,0.483665559
within_A_Task-1,823,0.530177187
within_A_Task-1,824,0.436877076
within_A_Task-1,825,0.48255814
within_A_Task-1,826,0.563953488
within_A_Task-1,827,0.517718715
within_A_Task-1,828,0.458748616
within_A_Task-1,829,0.471483942
within_A_Task-1,830,0.552048726
within_A_Task-1,831,0.528516058
within_A_Task-1,832,0.587486157
within_A_Task-1,833,0.57585825
within_A_Task-1,834,0.329457364
within_A_Task-1,835,0.542081949
within_A_Task-1,836,0.598837209
within_A_Task-1,837,0.436323367
within_A_Task-1,838,0.51854928
within_A_Task-1,839,0.517718715
within_A_Task-1,840,0.411960133
within_A_Task-1,841,0.470653378
within_A_Task-1,842,0.589700997
within_A_Task-1,843,0.438261351
within_A_Task-1,844,0.517165006
within_A_Task-1,845,0.551771872
within_A_Task-1,846,0.563953488
within_A_Task-1,847,0.470930233
within_A_Task-1,848,0.587209302
within_A_Task-1,849,0.530177187
within_A_Task-1,850,0.622646733
within_A_Task-1,851,0.457641196
within_A_Task-1,852,0.552602436
within_A_Task-1,853,0.552048726
within_A_Task-1,854,0.468715393
within_A_Task-1,855,0.436600221
within_A_Task-1,856,0.503045404
within_A_Task-1,857,0.565337763
within_A_Task-1,858,0.471483942
within_A_Task-1,859,0.506090808
within_A_Task-1,860,0.481173865
within_A_Task-1,861,0.436323367
within_A_Task-1,862,0.483111849
within_A_Task-1,863,0.483111849
within_A_Task-1,864,0.540697674
within_A_Task-1,865,0.493632337
within_A_Task-1,866,0.435769657
within_A_Task-1,867,0.494739756
within_A_Task-1,868,0.599390919
within_A_Task-1,869,0.611018826
within_A_Task-1,870,0.529069767
within_A_Task-1,871,0.575581395
within_A_Task-1,872,0.635105205
within_A_Task-1,873,0.504983389
within_A_Task-1,874,0.51744186
within_A_Task-1,875,0.493078627
within_A_Task-1,876,0.434108527
within_A_Task-1,877,0.48255814
within_A_Task-1,878,0.496400886
within_A_Task-1,879,0.483388704
within_A_Task-1,880,0.528792913
within_A_Task-1,881,0.506644518
within_A_Task-1,882,0.51854928
within_A_Task-1,883,0.423864895
within_A_Task-1,884,0.57751938
within_A_Task-1,885,0.599114064
within_A_Task-1,886,0.471483942
within_A_Task-1,887,0.481727575
within_A_Task-1,888,0.576135105
within_A_Task-1,889,0.528792913
within_A_Task-1,890,0.447674419
within_A_Task-1,891,0.552048726
within_A_Task-1,892,0.505813953
within_A_Task-1,893,0.551218162
within_A_Task-1,894,0.434939092
within_A_Task-1,895,0.576135105
within_A_Task-1,896,0.563399779
within_A_Task-1,897,0.412513843
within_A_Task-1,898,0.518272425
within_A_Task-1,899,0.388981174
within_A_Task-1,900,0.51854928
within_A_Task-1,901,0.387596899
within_A_Task-1,902,0.447951274
within_A_Task-1,903,0.376245847
within_A_Task-1,904,0.505813953
within_A_Task-1,905,0.552325581
within_A_Task-1,906,0.492801772
within_A_Task-1,907,0.576688815
within_A_Task-1,908,0.587209302
within_A_Task-1,909,0.483388704
within_A_Task-1,910,0.444352159
within_A_Task-1,911,0.424418605
within_A_Task-1,912,0.518826135
within_A_Task-1,913,0.541805094
within_A_Task-1,914,0.51910299
within_A_Task-1,915,0.565614618
within_A_Task-1,916,0.575581395
within_A_Task-1,917,0.540143965
within_A_Task-1,918,0.483388704
within_A_Task-1,919,0.57585825
within_A_Task-1,920,0.483388704
within_A_Task-1,921,0.412513843
within_A_Task-1,922,0.552602436
within_A_Task-1,923,0.448228128
within_A_Task-1,924,0.588039867
within_A_Task-1,925,0.471760797
within_A_Task-1,926,0.377630122
within_A_Task-1,927,0.458471761
within_A_Task-1,928,0.612126246
within_A_Task-1,929,0.495016611
within_A_Task-1,930,0.457087486
within_A_Task-1,931,0.575581395
within_A_Task-1,932,0.401162791
within_A_Task-1,933,0.412513843
within_A_Task-1,934,0.541528239
within_A_Task-1,935,0.528792913
within_A_Task-1,936,0.531007752
within_A_Task-1,937,0.599667774
within_A_Task-1,938,0.446290144
within_A_Task-1,939,0.587486157
within_A_Task-1,940,0.542912514
within_A_Task-1,941,0.542635659
within_A_Task-1,942,0.528239203
within_A_Task-1,943,0.518272425
within_A_Task-1,944,0.459856035
within_A_Task-1,945,0.577242525
within_A_Task-1,946,0.540974529
within_A_Task-1,947,0.483111849
within_A_Task-1,948,0.563953488
within_A_Task-1,949,0.57585825
within_A_Task-1,950,0.436046512
within_A_Task-1,951,0.516888151
within_A_Task-1,952,0.460409745
within_A_Task-1,953,0.588870432
within_A_Task-1,954,0.623477298
within_A_Task-1,955,0.471207087
within_A_Task-1,956,0.445459579
within_A_Task-1,957,0.516611296
within_A_Task-1,958,0.471483942
within_A_Task-1,959,0.458194906
within_A_Task-1,960,0.587209302
within_A_Task-1,961,0.436323367
within_A_Task-1,962,0.493355482
within_A_Task-1,963,0.495016611
within_A_Task-1,964,0.493632337
within_A_Task-1,965,0.51854928
within_A_Task-1,966,0.51799557
within_A_Task-1,967,0.423864895
within_A_Task-1,968,0.447951274
within_A_Task-1,969,0.504983389
within_A_Task-1,970,0.481727575
within_A_Task-1,971,0.541251384
within_A_Task-1,972,0.565060908
within_A_Task-1,973,0.542358804
within_A_Task-1,974,0.564507198
within_A_Task-1,975,0.506090808
within_A_Task-1,976,0.530454042
within_A_Task-1,977,0.588039867
within_A_Task-1,978,0.507475083
within_A_Task-1,979,0.506090808
within_A_Task-1,980,0.459856035
within_A_Task-1,981,0.541251384
within_A_Task-1,982,0.552048726
within_A_Task-1,983,0.550664452
within_A_Task-1,984,0.436046512
within_A_Task-1,985,0.470099668
within_A_Task-1,986,0.541528239
within_A_Task-1,987,0.472037652
within_A_Task-1,988,0.646179402
within_A_Task-1,989,0.542081949
within_A_Task-1,990,0.481727575
within_A_Task-1,991,0.48255814
within_A_Task-1,992,0.456810631
within_A_Task-1,993,0.599390919
within_A_Task-1,994,0.552325581
within_A_Task-1,995,0.436323367
within_A_Task-1,996,0.481173865
within_A_Task-1,997,0.411960133
within_A_Task-1,998,0.447397564
within_A_Task-1,999,0.469822813
within_A_Task-1,1000,0.530177187
within_A_Task-1,1001,0.36627907
within_A_Task-1,1002,0.552325581
within_A_Task-1,1003,0.518826135
within_A_Task-1,1004,0.457641196
within_A_Task-1,1005,0.565060908
within_A_Task-1,1006,0.435215947
within_A_Task-1,1007,0.563122924
within_A_Task-1,1008,0.423864895
within_A_Task-1,1009,0.401716501
within_A_Task-1,1010,0.494186047
within_A_Task-1,1011,0.506644518
within_A_Task-1,1012,0.434662237
within_A_Task-1,1013,0.481727575
within_A_Task-1,1014,0.540143965
within_A_Task-1,1015,0.495016611
within_A_Task-1,1016,0.57696567
within_A_Task-1,1017,0.554817276
within_A_Task-1,1018,0.588039867
within_A_Task-1,1019,0.51744186
within_A_Task-1,1020,0.435769657
within_A_Task-1,1021,0.401162791
within_A_Task-1,1022,0.529900332
within_A_Task-1,1023,0.46124031
within_A_Task-1,1024,0.505260244
within_A_Task-1,1025,0.576135105
within_A_Task-1,1026,0.470099668
within_A_Task-1,1027,0.57530454
within_A_Task-1,1028,0.516611296
within_A_Task-1,1029,0.471207087
within_A_Task-1,1030,0.411683278
within_A_Task-1,1031,0.459302326
within_A_Task-1,1032,0.473421927
within_A_Task-1,1033,0.471483942
within_A_Task-1,1034,0.423864895
within_A_Task-1,1035,0.51799557
within_A_Task-1,1036,0.527962348
within_A_Task-1,1037,0.435215947
within_A_Task-1,1038,0.42414175
within_A_Task-1,1039,0.494186047
within_A_Task-1,1040,0.484496124
within_A_Task-1,1041,0.470930233
within_A_Task-1,1042,0.458471761
within_A_Task-1,1043,0.482834994
within_A_Task-1,1044,0.459302326
within_A_Task-1,1045,0.517718715
within_A_Task-1,1046,0.540143965
within_A_Task-1,1047,0.483388704
within_A_Task-1,1048,0.471483942
within_A_Task-1,1049,0.505260244
within_A_Task-1,1050,0.51744186
within_A_Task-1,1051,0.529623477
within_A_Task-1,1052,0.436600221
within_A_Task-1,1053,0.423864895
within_A_Task-1,1054,0.563953488
within_A_Task-1,1055,0.472314507
within_A_Task-1,1056,0.552602436
within_A_Task-1,1057,0.425249169
within_A_Task-1,1058,0.551218162
within_A_Task-1,1059,0.622923588
within_A_Task-1,1060,0.472868217
within_A_Task-1,1061,0.495016611
within_A_Task-1,1062,0.493355482
within_A_Task-1,1063,0.48200443
within_A_Task-1,1064,0.493632337
within_A_Task-1,1065,0.576135105
within_A_Task-1,1066,0.552048726
within_A_Task-1,1067,0.436323367
within_A_Task-1,1068,0.492801772
within_A_Task-1,1069,0.413067553
within_A_Task-1,1070,0.470930233
within_A_Task-1,1071,0.528516058
within_A_Task-1,1072,0.398117386
within_A_Task-1,1073,0.505537099
within_A_Task-1,1074,0.42414175
within_A_Task-1,1075,0.575581395
within_A_Task-1,1076,0.446290144
within_A_Task-1,1077,0.459856035
within_A_Task-1,1078,0.516057586
within_A_Task-1,1079,0.517718715
within_A_Task-1,1080,0.599390919
within_A_Task-1,1081,0.458748616
within_A_Task-1,1082,0.390642303
within_A_Task-1,1083,0.42358804
within_A_Task-1,1084,0.493355482
within_A_Task-1,1085,0.530730897
within_A_Task-1,1086,0.482834994
within_A_Task-1,1087,0.494462901
within_A_Task-1,1088,0.424972315
within_A_Task-1,1089,0.541805094
within_A_Task-1,1090,0.48145072
within_A_Task-1,1091,0.448228128
within_A_Task-1,1092,0.437430786
within_A_Task-1,1093,0.471207087
within_A_Task-1,1094,0.36351052
within_A_Task-1,1095,0.448781838
within_A_Task-1,1096,0.579180509
within_A_Task-1,1097,0.459856035
within_A_Task-1,1098,0.447397564
within_A_Task-1,1099,0.48255814
within_A_Task-1,1100,0.599390919
within_A_Task-1,1101,0.529623477
within_A_Task-1,1102,0.563953488
within_A_Task-1,1103,0.353820598
within_A_Task-1,1104,0.529069767
within_A_Task-1,1105,0.516888151
within_A_Task-1,1106,0.552325581
within_A_Task-1,1107,0.467884828
within_A_Task-1,1108,0.506367663
within_A_Task-1,1109,0.542358804
within_A_Task-1,1110,0.587486157
within_A_Task-1,1111,0.448228128
within_A_Task-1,1112,0.504983389
within_A_Task-1,1113,0.366555925
within_A_Task-1,1114,0.599114064
within_A_Task-1,1115,0.447397564
within_A_Task-1,1116,0.505537099
within_A_Task-1,1117,0.505813953
within_A_Task-1,1118,0.484772979
within_A_Task-1,1119,0.587763012
within_A_Task-1,1120,0.610741971
within_A_Task-1,1121,0.470930233
within_A_Task-1,1122,0.413067553
within_A_Task-1,1123,0.57641196
within_A_Task-1,1124,0.459579181
within_A_Task-1,1125,0.611295681
within_A_Task-1,1126,0.482834994
within_A_Task-1,1127,0.388981174
within_A_Task-1,1128,0.458471761
within_A_Task-1,1129,0.540697674
within_A_Task-1,1130,0.448504983
within_A_Task-1,1131,0.518272425
within_A_Task-1,1132,0.447951274
within_A_Task-1,1133,0.423311185
within_A_Task-1,1134,0.495570321
within_A_Task-1,1135,0.471207087
within_A_Task-1,1136,0.5196567
within_A_Task-1,1137,0.42469546
within_A_Task-1,1138,0.46013289
within_A_Task-1,1139,0.611295681
within_A_Task-1,1140,0.436046512
within_A_Task-1,1141,0.589147287
within_A_Task-1,1142,0.587763012
within_A_Task-1,1143,0.506921373
within_A_Task-1,1144,0.459856035
within_A_Task-1,1145,0.529623477
within_A_Task-1,1146,0.460409745
within_A_Task-1,1147,0.494462901
within_A_Task-1,1148,0.599944629
within_A_Task-1,1149,0.504706534
within_A_Task-1,1150,0.51854928
within_A_Task-1,1151,0.563399779
within_A_Task-1,1152,0.51854928
within_A_Task-1,1153,0.471483942
within_A_Task-1,1154,0.586932447
within_A_Task-1,1155,0.506921373
within_A_Task-1,1156,0.540143965
within_A_Task-1,1157,0.529069767
within_A_Task-1,1158,0.587209302
within_A_Task-1,1159,0.423311185
within_A_Task-1,1160,0.505537099
within_A_Task-1,1161,0.587486157
within_A_Task-1,1162,0.481173865
within_A_Task-1,1163,0.471760797
within_A_Task-1,1164,0.493355482
within_A_Task-1,1165,0.42414175
within_A_Task-1,1166,0.495016611
within_A_Task-1,1167,0.611849391
within_A_Task-1,1168,0.599390919
within_A_Task-1,1169,0.473421927
within_A_Task-1,1170,0.565614618
within_A_Task-1,1171,0.446013289
within_A_Task-1,1172,0.459856035
within_A_Task-1,1173,0.553156146
within_A_Task-1,1174,0.542081949
within_A_Task-1,1175,0.401993355
within_A_Task-1,1176,0.57751938
within_A_Task-1,1177,0.42469546
within_A_Task-1,1178,0.471207087
within_A_Task-1,1179,0.42469546
within_A_Task-1,1180,0.530454042
within_A_Task-1,1181,0.540143965
within_A_Task-1,1182,0.493632337
within_A_Task-1,1183,0.541251384
within_A_Task-1,1184,0.436877076
within_A_Task-1,1185,0.506921373
within_A_Task-1,1186,0.423864895
within_A_Task-1,1187,0.563953488
within_A_Task-1,1188,0.471207087
within_A_Task-1,1189,0.494186047
within_A_Task-1,1190,0.436323367
within_A_Task-1,1191,0.516888151
within_A_Task-1,1192,0.436046512
within_A_Task-1,1193,0.542081949
within_A_Task-1,1194,0.401439646
within_A_Task-1,1195,0.448781838
within_A_Task-1,1196,0.422203765
within_A_Task-1,1197,0.484219269
within_A_Task-1,1198,0.57696567
within_A_Task-1,1199,0.410022148
within_A_Task-1,1200,0.459025471
within_A_Task-1,1201,0.446013289
within_A_Task-1,1202,0.495293466
within_A_Task-1,1203,0.622923588
within_A_Task-1,1204,0.506921373
within_A_Task-1,1205,0.531561462
within_A_Task-1,1206,0.434939092
within_A_Task-1,1207,0.471483942
within_A_Task-1,1208,0.565614618
within_A_Task-1,1209,0.564230343
within_A_Task-1,1210,0.587763012
within_A_Task-1,1211,0.481727575
within_A_Task-1,1212,0.541805094
within_A_Task-1,1213,0.542358804
within_A_Task-1,1214,0.57641196
within_A_Task-1,1215,0.529346622
within_A_Task-1,1216,0.528516058
within_A_Task-1,1217,0.494186047
within_A_Task-1,1218,0.493355482
within_A_Task-1,1219,0.448228128
within_A_Task-1,1220,0.504983389
within_A_Task-1,1221,0.447951274
within_A_Task-1,1222,0.446843854
within_A_Task-1,1223,0.459579181
within_A_Task-1,1224,0.529623477
within_A_Task-1,1225,0.470653378
within_A_Task-1,1226,0.471483942
within_A_Task-1,1227,0.424418605
within_A_Task-1,1228,0.459025471
within_A_Task-1,1229,0.422203765
within_A_Task-1,1230,0.529069767
within_A_Task-1,1231,0.505813953
within_A_Task-1,1232,0.527408638
within_A_Task-1,1233,0.481727575
within_A_Task-1,1234,0.552879291
within_A_Task-1,1235,0.494739756
within_A_Task-1,1236,0.599114064
within_A_Task-1,1237,0.506644518
within_A_Task-1,1238,0.447951274
within_A_Task-1,1239,0.436600221
within_A_Task-1,1240,0.448228128
within_A_Task-1,1241,0.401716501
within_A_Task-1,1242,0.51799557
within_A_Task-1,1243,0.437984496
within_A_Task-1,1244,0.447397564
within_A_Task-1,1245,0.458194906
within_A_Task-1,1246,0.634551495
within_A_Task-1,1247,0.447951274
within_A_Task-1,1248,0.493632337
within_A_Task-1,1249,0.42192691
within_A_Task-1,1250,0.433831672
within_A_Task-1,1251,0.541251384
within_A_Task-1,1252,0.40227021
within_A_Task-1,1253,0.552325581
within_A_Task-1,1254,0.493078627
within_A_Task-1,1255,0.57530454
within_A_Task-1,1256,0.459856035
within_A_Task-1,1257,0.527131783
within_A_Task-1,1258,0.493909192
within_A_Task-1,1259,0.529069767
within_A_Task-1,1260,0.403654485
within_A_Task-1,1261,0.400609081
within_A_Task-1,1262,0.552879291
within_A_Task-1,1263,0.516334441
within_A_Task-1,1264,0.518272425
within_A_Task-1,1265,0.552048726
within_A_Task-1,1266,0.447951274
within_A_Task-1,1267,0.377353267
within_A_Task-1,1268,0.493355482
within_A_Task-1,1269,0.518272425
within_A_Task-1,1270,0.495016611
within_A_Task-1,1271,0.540697674
within_A_Task-1,1272,0.485049834
within_A_Task-1,1273,0.48145072
within_A_Task-1,1274,0.611018826
within_A_Task-1,1275,0.506921373
within_A_Task-1,1276,0.340808416
within_A_Task-1,1277,0.458471761
within_A_Task-1,1278,0.422757475
within_A_Task-1,1279,0.401716501
within_A_Task-1,1280,0.471207087
within_A_Task-1,1281,0.553709856
within_A_Task-1,1282,0.540420819
within_A_Task-1,1283,0.527408638
within_A_Task-1,1284,0.458471761
within_A_Task-1,1285,0.468715393
within_A_Task-1,1286,0.434662237
within_A_Task-1,1287,0.433277962
within_A_Task-1,1288,0.540143965
within_A_Task-1,1289,0.589424142
within_A_Task-1,1290,0.553986711
within_A_Task-1,1291,0.588593577
within_A_Task-1,1292,0.530730897
within_A_Task-1,1293,0.458748616
within_A_Task-1,1294,0.459579181
within_A_Task-1,1295,0.552325581
within_A_Task-1,1296,0.503322259
within_A_Task-1,1297,0.483111849
within_A_Task-1,1298,0.446013289
within_A_Task-1,1299,0.530454042
within_A_Task-1,1300,0.423864895
within_A_Task-1,1301,0.506644518
within_A_Task-1,1302,0.483942414
within_A_Task-1,1303,0.401162791
within_A_Task-1,1304,0.483665559
within_A_Task-1,1305,0.420819491
within_A_Task-1,1306,0.493078627
within_A_Task-1,1307,0.422203765
within_A_Task-1,1308,0.5196567
within_A_Task-1,1309,0.541805094
within_A_Task-1,1310,0.611572536
within_A_Task-1,1311,0.469545958
within_A_Task-1,1312,0.445459579
within_A_Task-1,1313,0.413344408
within_A_Task-1,1314,0.422757475
within_A_Task-1,1315,0.507198228
within_A_Task-1,1316,0.516611296
within_A_Task-1,1317,0.564507198
within_A_Task-1,1318,0.540143965
within_A_Task-1,1319,0.495293466
within_A_Task-1,1320,0.504983389
within_A_Task-1,1321,0.459579181
within_A_Task-1,1322,0.506921373
within_A_Task-1,1323,0.530454042
within_A_Task-1,1324,0.551771872
within_A_Task-1,1325,0.491694352
within_A_Task-1,1326,0.564507198
within_A_Task-1,1327,0.459856035
within_A_Task-1,1328,0.42303433
within_A_Task-1,1329,0.469822813
within_A_Task-1,1330,0.507198228
within_A_Task-1,1331,0.565337763
within_A_Task-1,1332,0.458748616
within_A_Task-1,1333,0.470653378
within_A_Task-1,1334,0.529069767
within_A_Task-1,1335,0.540420819
within_A_Task-1,1336,0.481727575
within_A_Task-1,1337,0.482834994
within_A_Task-1,1338,0.611295681
within_A_Task-1,1339,0.390365449
within_A_Task-1,1340,0.411129568
within_A_Task-1,1341,0.459579181
within_A_Task-1,1342,0.459025471
within_A_Task-1,1343,0.504152824
within_A_Task-1,1344,0.611018826
within_A_Task-1,1345,0.457087486
within_A_Task-1,1346,0.516888151
within_A_Task-1,1347,0.482281285
within_A_Task-1,1348,0.444629014
within_A_Task-1,1349,0.469822813
within_A_Task-1,1350,0.564784053
within_A_Task-1,1351,0.495016611
within_A_Task-1,1352,0.457364341
within_A_Task-1,1353,0.494186047
within_A_Task-1,1354,0.53986711
within_A_Task-1,1355,0.482834994
within_A_Task-1,1356,0.552325581
within_A_Task-1,1357,0.540143965
within_A_Task-1,1358,0.507475083
within_A_Task-1,1359,0.51744186
within_A_Task-1,1360,0.471207087
within_A_Task-1,1361,0.436046512
within_A_Task-1,1362,0.483942414
within_A_Task-1,1363,0.508028793
within_A_Task-1,1364,0.528516058
within_A_Task-1,1365,0.483111849
within_A_Task-1,1366,0.504429679
within_A_Task-1,1367,0.504152824
within_A_Task-1,1368,0.457364341
within_A_Task-1,1369,0.459856035
within_A_Task-1,1370,0.483665559
within_A_Task-1,1371,0.564507198
within_A_Task-1,1372,0.508028793
within_A_Task-1,1373,0.506921373
within_A_Task-1,1374,0.587763012
within_A_Task-1,1375,0.506921373
within_A_Task-1,1376,0.48089701
within_A_Task-1,1377,0.472037652
within_A_Task-1,1378,0.340531561
within_A_Task-1,1379,0.424418605
within_A_Task-1,1380,0.436600221
within_A_Task-1,1381,0.447674419
within_A_Task-1,1382,0.494739756
within_A_Task-1,1383,0.458471761
within_A_Task-1,1384,0.566168328
within_A_Task-1,1385,0.400885936
within_A_Task-1,1386,0.552602436
within_A_Task-1,1387,0.518272425
within_A_Task-1,1388,0.494739756
within_A_Task-1,1389,0.483111849
within_A_Task-1,1390,0.447674419
within_A_Task-1,1391,0.507198228
within_A_Task-1,1392,0.388981174
within_A_Task-1,1393,0.400609081
within_A_Task-1,1394,0.588593577
within_A_Task-1,1395,0.563953488
within_A_Task-1,1396,0.587763012
within_A_Task-1,1397,0.48255814
within_A_Task-1,1398,0.480620155
within_A_Task-1,1399,0.483942414
within_A_Task-1,1400,0.495016611
within_A_Task-1,1401,0.495570321
within_A_Task-1,1402,0.411683278
within_A_Task-1,1403,0.456810631
within_A_Task-1,1404,0.412513843
within_A_Task-1,1405,0.51799557
within_A_Task-1,1406,0.540143965
within_A_Task-1,1407,0.493078627
within_A_Task-1,1408,0.542081949
within_A_Task-1,1409,0.445736434
within_A_Task-1,1410,0.517718715
within_A_Task-1,1411,0.353820598
within_A_Task-1,1412,0.542081949
within_A_Task-1,1413,0.57530454
within_A_Task-1,1414,0.493355482
within_A_Task-1,1415,0.376522702
within_A_Task-1,1416,0.529623477
within_A_Task-1,1417,0.528516058
within_A_Task-1,1418,0.434939092
within_A_Task-1,1419,0.424972315
within_A_Task-1,1420,0.646733112
within_A_Task-1,1421,0.48145072
within_A_Task-1,1422,0.46013289
within_A_Task-1,1423,0.470376523
within_A_Task-1,1424,0.564230343
within_A_Task-1,1425,0.494462901
within_A_Task-1,1426,0.541251384
within_A_Task-1,1427,0.542081949
within_A_Task-1,1428,0.421650055
within_A_Task-1,1429,0.471760797
within_A_Task-1,1430,0.484496124
within_A_Task-1,1431,0.457364341
within_A_Task-1,1432,0.459025471
within_A_Task-1,1433,0.566722038
within_A_Task-1,1434,0.42469546
within_A_Task-1,1435,0.540143965
within_A_Task-1,1436,0.529069767
within_A_Task-1,1437,0.51854928
within_A_Task-1,1438,0.412236988
within_A_Task-1,1439,0.482281285
within_A_Task-1,1440,0.400332226
within_A_Task-1,1441,0.563953488
within_A_Task-1,1442,0.410575858
within_A_Task-1,1443,0.529900332
within_A_Task-1,1444,0.57751938
within_A_Task-1,1445,0.377906977
within_A_Task-1,1446,0.448781838
within_A_Task-1,1447,0.470653378
within_A_Task-1,1448,0.444905869
within_A_Task-1,1449,0.601882614
within_A_Task-1,1450,0.459856035
within_A_Task-1,1451,0.588593577
within_A_Task-1,1452,0.4606866
within_A_Task-1,1453,0.540143965
within_A_Task-1,1454,0.57641196
within_A_Task-1,1455,0.553156146
within_A_Task-1,1456,0.516057586
within_A_Task-1,1457,0.459579181
within_A_Task-1,1458,0.518272425
within_A_Task-1,1459,0.540420819
within_A_Task-1,1460,0.528516058
within_A_Task-1,1461,0.552879291
within_A_Task-1,1462,0.468161683
within_A_Task-1,1463,0.562846069
within_A_Task-1,1464,0.448228128
within_A_Task-1,1465,0.448228128
within_A_Task-1,1466,0.483111849
within_A_Task-1,1467,0.51744186
within_A_Task-1,1468,0.436600221
within_A_Task-1,1469,0.553986711
within_A_Task-1,1470,0.57585825
within_A_Task-1,1471,0.516611296
within_A_Task-1,1472,0.505537099
within_A_Task-1,1473,0.493078627
within_A_Task-1,1474,0.552048726
within_A_Task-1,1475,0.447120709
within_A_Task-1,1476,0.495016611
within_A_Task-1,1477,0.471207087
within_A_Task-1,1478,0.482281285
within_A_Task-1,1479,0.529346622
within_A_Task-1,1480,0.587486157
within_A_Task-1,1481,0.63427464
within_A_Task-1,1482,0.517165006
within_A_Task-1,1483,0.51910299
within_A_Task-1,1484,0.516611296
within_A_Task-1,1485,0.400055371
within_A_Task-1,1486,0.515503876
within_A_Task-1,1487,0.554263566
within_A_Task-1,1488,0.506090808
within_A_Task-1,1489,0.36517165
within_A_Task-1,1490,0.505260244
within_A_Task-1,1491,0.587486157
within_A_Task-1,1492,0.481727575
within_A_Task-1,1493,0.564230343
within_A_Task-1,1494,0.483111849
within_A_Task-1,1495,0.472314507
within_A_Task-1,1496,0.410022148
within_A_Task-1,1497,0.51799557
within_A_Task-1,1498,0.506921373
within_A_Task-1,1499,0.542635659
within_A_Task-1,1500,0.448781838
within_A_Task-1,1501,0.564784053
within_A_Task-1,1502,0.540697674
within_A_Task-1,1503,0.471760797
within_A_Task-1,1504,0.459579181
within_A_Task-1,1505,0.482834994
within_A_Task-1,1506,0.553709856
within_A_Task-1,1507,0.51854928
within_A_Task-1,1508,0.610741971
within_A_Task-1,1509,0.587763012
within_A_Task-1,1510,0.387596899
within_A_Task-1,1511,0.483942414
within_A_Task-1,1512,0.529346622
within_A_Task-1,1513,0.540974529
within_A_Task-1,1514,0.528792913
within_A_Task-1,1515,0.57585825
within_A_Task-1,1516,0.471760797
within_A_Task-1,1517,0.576688815
within_A_Task-1,1518,0.436323367
within_A_Task-1,1519,0.530177187
within_A_Task-1,1520,0.494186047
within_A_Task-1,1521,0.506921373
within_A_Task-1,1522,0.508305648
within_A_Task-1,1523,0.505537099
within_A_Task-1,1524,0.516888151
within_A_Task-1,1525,0.529069767
within_A_Task-1,1526,0.541528239
within_A_Task-1,1527,0.527962348
within_A_Task-1,1528,0.36627907
within_A_Task-1,1529,0.411960133
within_A_Task-1,1530,0.471483942
within_A_Task-1,1531,0.551771872
within_A_Task-1,1532,0.388704319
within_A_Task-1,1533,0.51854928
within_A_Task-1,1534,0.458748616
within_A_Task-1,1535,0.493909192
within_A_Task-1,1536,0.468992248
within_A_Task-1,1537,0.51854928
within_A_Task-1,1538,0.446013289
within_A_Task-1,1539,0.42469546
within_A_Task-1,1540,0.541251384
within_A_Task-1,1541,0.473145072
within_A_Task-1,1542,0.472314507
within_A_Task-1,1543,0.411406423
within_A_Task-1,1544,0.434662237
within_A_Task-1,1545,0.611018826
within_A_Task-1,1546,0.508028793
within_A_Task-1,1547,0.456810631
within_A_Task-1,1548,0.611295681
within_A_Task-1,1549,0.448504983
within_A_Task-1,1550,0.329734219
within_A_Task-1,1551,0.459302326
within_A_Task-1,1552,0.541528239
within_A_Task-1,1553,0.483111849
within_A_Task-1,1554,0.447951274
within_A_Task-1,1555,0.552879291
within_A_Task-1,1556,0.563122924
within_A_Task-1,1557,0.51744186
within_A_Task-1,1558,0.517165006
within_A_Task-1,1559,0.51910299
within_A_Task-1,1560,0.563953488
within_A_Task-1,1561,0.552602436
within_A_Task-1,1562,0.470653378
within_A_Task-1,1563,0.435215947
within_A_Task-1,1564,0.540974529
within_A_Task-1,1565,0.589147287
within_A_Task-1,1566,0.481727575
within_A_Task-1,1567,0.469822813
within_A_Task-1,1568,0.482834994
within_A_Task-1,1569,0.540697674
within_A_Task-1,1570,0.459579181
within_A_Task-1,1571,0.42414175
within_A_Task-1,1572,0.565614618
within_A_Task-1,1573,0.552325581
within_A_Task-1,1574,0.413621262
within_A_Task-1,1575,0.51799557
within_A_Task-1,1576,0.562292359
within_A_Task-1,1577,0.493632337
within_A_Task-1,1578,0.436323367
within_A_Task-1,1579,0.540143965
within_A_Task-1,1580,0.471207087
within_A_Task-1,1581,0.504706534
within_A_Task-1,1582,0.528516058
within_A_Task-1,1583,0.519379845
within_A_Task-1,1584,0.42469546
within_A_Task-1,1585,0.492801772
within_A_Task-1,1586,0.483388704
within_A_Task-1,1587,0.504983389
within_A_Task-1,1588,0.42358804
within_A_Task-1,1589,0.575581395
within_A_Task-1,1590,0.468715393
within_A_Task-1,1591,0.447397564
within_A_Task-1,1592,0.552879291
within_A_Task-1,1593,0.553709856
within_A_Task-1,1594,0.51854928
within_A_Task-1,1595,0.553433001
within_A_Task-1,1596,0.471760797
within_A_Task-1,1597,0.575027685
within_A_Task-1,1598,0.425526024
within_A_Task-1,1599,0.612679956
within_A_Task-1,1600,0.447951274
within_A_Task-1,1601,0.564507198
within_A_Task-1,1602,0.57641196
within_A_Task-1,1603,0.447397564
within_A_Task-1,1604,0.503875969
within_A_Task-1,1605,0.530177187
within_A_Task-1,1606,0.471207087
within_A_Task-1,1607,0.436323367
within_A_Task-1,1608,0.542081949
within_A_Task-1,1609,0.563676633
within_A_Task-1,1610,0.540420819
within_A_Task-1,1611,0.505260244
within_A_Task-1,1612,0.495570321
within_A_Task-1,1613,0.446290144
within_A_Task-1,1614,0.353266888
within_A_Task-1,1615,0.493078627
within_A_Task-1,1616,0.51910299
within_A_Task-1,1617,0.516057586
within_A_Task-1,1618,0.493355482
within_A_Task-1,1619,0.528792913
within_A_Task-1,1620,0.492801772
within_A_Task-1,1621,0.518272425
within_A_Task-1,1622,0.611572536
within_A_Task-1,1623,0.517718715
within_A_Task-1,1624,0.611018826
within_A_Task-1,1625,0.553709856
within_A_Task-1,1626,0.40227021
within_A_Task-1,1627,0.542081949
within_A_Task-1,1628,0.458194906
within_A_Task-1,1629,0.495016611
within_A_Task-1,1630,0.540420819
within_A_Task-1,1631,0.553156146
within_A_Task-1,1632,0.516888151
within_A_Task-1,1633,0.540697674
within_A_Task-1,1634,0.48145072
within_A_Task-1,1635,0.63427464
within_A_Task-1,1636,0.390365449
within_A_Task-1,1637,0.495293466
within_A_Task-1,1638,0.448504983
within_A_Task-1,1639,0.503599114
within_A_Task-1,1640,0.459579181
within_A_Task-1,1641,0.552879291
within_A_Task-1,1642,0.564507198
within_A_Task-1,1643,0.551218162
within_A_Task-1,1644,0.635105205
within_A_Task-1,1645,0.46013289
within_A_Task-1,1646,0.36572536
within_A_Task-1,1647,0.552325581
within_A_Task-1,1648,0.506921373
within_A_Task-1,1649,0.468715393
within_A_Task-1,1650,0.435769657
within_A_Task-1,1651,0.553709856
within_A_Task-1,1652,0.51854928
within_A_Task-1,1653,0.516888151
within_A_Task-1,1654,0.413344408
within_A_Task-1,1655,0.436600221
within_A_Task-1,1656,0.412790698
within_A_Task-1,1657,0.495016611
within_A_Task-1,1658,0.457918051
within_A_Task-1,1659,0.541528239
within_A_Task-1,1660,0.531561462
within_A_Task-1,1661,0.505813953
within_A_Task-1,1662,0.553156146
within_A_Task-1,1663,0.42414175
within_A_Task-1,1664,0.563676633
within_A_Task-1,1665,0.563676633
within_A_Task-1,1666,0.506921373
within_A_Task-1,1667,0.446290144
within_A_Task-1,1668,0.470099668
within_A_Task-1,1669,0.447674419
within_A_Task-1,1670,0.436323367
within_A_Task-1,1671,0.575581395
within_A_Task-1,1672,0.504983389
within_A_Task-1,1673,0.51799557
within_A_Task-1,1674,0.494186047
within_A_Task-1,1675,0.456810631
within_A_Task-1,1676,0.57641196
within_A_Task-1,1677,0.447951274
within_A_Task-1,1678,0.496954596
within_A_Task-1,1679,0.435769657
within_A_Task-1,1680,0.530454042
within_A_Task-1,1681,0.611572536
within_A_Task-1,1682,0.562846069
within_A_Task-1,1683,0.469545958
within_A_Task-1,1684,0.424972315
within_A_Task-1,1685,0.42469546
within_A_Task-1,1686,0.376522702
within_A_Task-1,1687,0.553156146
within_A_Task-1,1688,0.495016611
within_A_Task-1,1689,0.518272425
within_A_Task-1,1690,0.553986711
within_A_Task-1,1691,0.563953488
within_A_Task-1,1692,0.506644518
within_A_Task-1,1693,0.527131783
within_A_Task-1,1694,0.540974529
within_A_Task-1,1695,0.436323367
within_A_Task-1,1696,0.470930233
within_A_Task-1,1697,0.435215947
within_A_Task-1,1698,0.506921373
within_A_Task-1,1699,0.516888151
within_A_Task-1,1700,0.528516058
within_A_Task-1,1701,0.447120709
within_A_Task-1,1702,0.48089701
within_A_Task-1,1703,0.528792913
within_A_Task-1,1704,0.448781838
within_A_Task-1,1705,0.470653378
within_A_Task-1,1706,0.552048726
within_A_Task-1,1707,0.493355482
within_A_Task-1,1708,0.57751938
within_A_Task-1,1709,0.553156146
within_A_Task-1,1710,0.575027685
within_A_Task-1,1711,0.506921373
within_A_Task-1,1712,0.388981174
within_A_Task-1,1713,0.540974529
within_A_Task-1,1714,0.599114064
within_A_Task-1,1715,0.495847176
within_A_Task-1,1716,0.492524917
within_A_Task-1,1717,0.470653378
within_A_Task-1,1718,0.599114064
within_A_Task-1,1719,0.412513843
within_A_Task-1,1720,0.611018826
within_A_Task-1,1721,0.330011074
within_A_Task-1,1722,0.435769657
within_A_Task-1,1723,0.483665559
within_A_Task-1,1724,0.495570321
within_A_Task-1,1725,0.457087486
within_A_Task-1,1726,0.424418605
within_A_Task-1,1727,0.518826135
within_A_Task-1,1728,0.424972315
within_A_Task-1,1729,0.564784053
within_A_Task-1,1730,0.483388704
within_A_Task-1,1731,0.635105205
within_A_Task-1,1732,0.587486157
within_A_Task-1,1733,0.459856035
within_A_Task-1,1734,0.482834994
within_A_Task-1,1735,0.540697674
within_A_Task-1,1736,0.447120709
within_A_Task-1,1737,0.610741971
within_A_Task-1,1738,0.646179402
within_A_Task-1,1739,0.63538206
within_A_Task-1,1740,0.436877076
within_A_Task-1,1741,0.507198228
within_A_Task-1,1742,0.493909192
within_A_Task-1,1743,0.563953488
within_A_Task-1,1744,0.540420819
within_A_Task-1,1745,0.587486157
within_A_Task-1,1746,0.612679956
within_A_Task-1,1747,0.541528239
within_A_Task-1,1748,0.447951274
within_A_Task-1,1749,0.48145072
within_A_Task-1,1750,0.493632337
within_A_Task-1,1751,0.612403101
within_A_Task-1,1752,0.516334441
within_A_Task-1,1753,0.506921373
within_A_Task-1,1754,0.588593577
within_A_Task-1,1755,0.482834994
within_A_Task-1,1756,0.540974529
within_A_Task-1,1757,0.458471761
within_A_Task-1,1758,0.564230343
within_A_Task-1,1759,0.48089701
within_A_Task-1,1760,0.495016611
within_A_Task-1,1761,0.448228128
within_A_Task-1,1762,0.575581395
within_A_Task-1,1763,0.471760797
within_A_Task-1,1764,0.46013289
within_A_Task-1,1765,0.540697674
within_A_Task-1,1766,0.599114064
within_A_Task-1,1767,0.400885936
within_A_Task-1,1768,0.517718715
within_A_Task-1,1769,0.565614618
within_A_Task-1,1770,0.493632337
within_A_Task-1,1771,0.413898117
within_A_Task-1,1772,0.564784053
within_A_Task-1,1773,0.435215947
within_A_Task-1,1774,0.516611296
within_A_Task-1,1775,0.518826135
within_A_Task-1,1776,0.540420819
within_A_Task-1,1777,0.42358804
within_A_Task-1,1778,0.507475083
within_A_Task-1,1779,0.516888151
within_A_Task-1,1780,0.495570321
within_A_Task-1,1781,0.518272425
within_A_Task-1,1782,0.506644518
within_A_Task-1,1783,0.503599114
within_A_Task-1,1784,0.458748616
within_A_Task-1,1785,0.599944629
within_A_Task-1,1786,0.424418605
within_A_Task-1,1787,0.470099668
within_A_Task-1,1788,0.505260244
within_A_Task-1,1789,0.412513843
within_A_Task-1,1790,0.446566999
within_A_Task-1,1791,0.530454042
within_A_Task-1,1792,0.506367663
within_A_Task-1,1793,0.449889258
within_A_Task-1,1794,0.506644518
within_A_Task-1,1795,0.622646733
within_A_Task-1,1796,0.437153931
within_A_Task-1,1797,0.4213732
within_A_Task-1,1798,0.458471761
within_A_Task-1,1799,0.470653378
within_A_Task-1,1800,0.471207087
within_A_Task-1,1801,0.469545958
within_A_Task-1,1802,0.598283499
within_A_Task-1,1803,0.459856035
within_A_Task-1,1804,0.516888151
within_A_Task-1,1805,0.42469546
within_A_Task-1,1806,0.495016611
within_A_Task-1,1807,0.588039867
within_A_Task-1,1808,0.494462901
within_A_Task-1,1809,0.435769657
within_A_Task-1,1810,0.470930233
within_A_Task-1,1811,0.353820598
within_A_Task-1,1812,0.506367663
within_A_Task-1,1813,0.552602436
within_A_Task-1,1814,0.447951274
within_A_Task-1,1815,0.493078627
within_A_Task-1,1816,0.553156146
within_A_Task-1,1817,0.564507198
within_A_Task-1,1818,0.528792913
within_A_Task-1,1819,0.401162791
within_A_Task-1,1820,0.494739756
within_A_Task-1,1821,0.446290144
within_A_Task-1,1822,0.540697674
within_A_Task-1,1823,0.505260244
within_A_Task-1,1824,0.4803433
within_A_Task-1,1825,0.516888151
within_A_Task-1,1826,0.587486157
within_A_Task-1,1827,0.621816168
within_A_Task-1,1828,0.409745293
within_A_Task-1,1829,0.599114064
within_A_Task-1,1830,0.42469546
within_A_Task-1,1831,0.506367663
within_A_Task-1,1832,0.493632337
within_A_Task-1,1833,0.459856035
within_A_Task-1,1834,0.482834994
within_A_Task-1,1835,0.540974529
within_A_Task-1,1836,0.515503876
within_A_Task-1,1837,0.400609081
within_A_Task-1,1838,0.563122924
within_A_Task-1,1839,0.456810631
within_A_Task-1,1840,0.483942414
within_A_Task-1,1841,0.540143965
within_A_Task-1,1842,0.611572536
within_A_Task-1,1843,0.565614618
within_A_Task-1,1844,0.51854928
within_A_Task-1,1845,0.552602436
within_A_Task-1,1846,0.36517165
within_A_Task-1,1847,0.599667774
within_A_Task-1,1848,0.458471761
within_A_Task-1,1849,0.529069767
within_A_Task-1,1850,0.412790698
within_A_Task-1,1851,0.540697674
within_A_Task-1,1852,0.646456257
within_A_Task-1,1853,0.530177187
within_A_Task-1,1854,0.564230343
within_A_Task-1,1855,0.553433001
within_A_Task-1,1856,0.553156146
within_A_Task-1,1857,0.564230343
within_A_Task-1,1858,0.57585825
within_A_Task-1,1859,0.482281285
within_A_Task-1,1860,0.386212625
within_A_Task-1,1861,0.494739756
within_A_Task-1,1862,0.471760797
within_A_Task-1,1863,0.48145072
within_A_Task-1,1864,0.528239203
within_A_Task-1,1865,0.459856035
within_A_Task-1,1866,0.552325581
within_A_Task-1,1867,0.36517165
within_A_Task-1,1868,0.506644518
within_A_Task-1,1869,0.471207087
within_A_Task-1,1870,0.505260244
within_A_Task-1,1871,0.541528239
within_A_Task-1,1872,0.437984496
within_A_Task-1,1873,0.599667774
within_A_Task-1,1874,0.530730897
within_A_Task-1,1875,0.472314507
within_A_Task-1,1876,0.447951274
within_A_Task-1,1877,0.552325581
within_A_Task-1,1878,0.470099668
within_A_Task-1,1879,0.459302326
within_A_Task-1,1880,0.51910299
within_A_Task-1,1881,0.576135105
within_A_Task-1,1882,0.575581395
within_A_Task-1,1883,0.481173865
within_A_Task-1,1884,0.588593577
within_A_Task-1,1885,0.48089701
within_A_Task-1,1886,0.436323367
within_A_Task-1,1887,0.539590255
within_A_Task-1,1888,0.504983389
within_A_Task-1,1889,0.436323367
within_A_Task-1,1890,0.492801772
within_A_Task-1,1891,0.400609081
within_A_Task-1,1892,0.530177187
within_A_Task-1,1893,0.540420819
within_A_Task-1,1894,0.434939092
within_A_Task-1,1895,0.51744186
within_A_Task-1,1896,0.388704319
within_A_Task-1,1897,0.599944629
within_A_Task-1,1898,0.436046512
within_A_Task-1,1899,0.48145072
within_A_Task-1,1900,0.436046512
within_A_Task-1,1901,0.504706534
within_A_Task-1,1902,0.518272425
within_A_Task-1,1903,0.564784053
within_A_Task-1,1904,0.40227021
within_A_Task-1,1905,0.563122924
within_A_Task-1,1906,0.611018826
within_A_Task-1,1907,0.48200443
within_A_Task-1,1908,0.494739756
within_A_Task-1,1909,0.553986711
within_A_Task-1,1910,0.530454042
within_A_Task-1,1911,0.563676633
within_A_Task-1,1912,0.459579181
within_A_Task-1,1913,0.482281285
within_A_Task-1,1914,0.505813953
within_A_Task-1,1915,0.482834994
within_A_Task-1,1916,0.445736434
within_A_Task-1,1917,0.57641196
within_A_Task-1,1918,0.42469546
within_A_Task-1,1919,0.611295681
within_A_Task-1,1920,0.505260244
within_A_Task-1,1921,0.435769657
within_A_Task-1,1922,0.506921373
within_A_Task-1,1923,0.599390919
within_A_Task-1,1924,0.57585825
within_A_Task-1,1925,0.483388704
within_A_Task-1,1926,0.483111849
within_A_Task-1,1927,0.505260244
within_A_Task-1,1928,0.424972315
within_A_Task-1,1929,0.574750831
within_A_Task-1,1930,0.530177187
within_A_Task-1,1931,0.540697674
within_A_Task-1,1932,0.470099668
within_A_Task-1,1933,0.587763012
within_A_Task-1,1934,0.576688815
within_A_Task-1,1935,0.505537099
within_A_Task-1,1936,0.470930233
within_A_Task-1,1937,0.51744186
within_A_Task-1,1938,0.506090808
within_A_Task-1,1939,0.468992248
within_A_Task-1,1940,0.495016611
within_A_Task-1,1941,0.575581395
within_A_Task-1,1942,0.528792913
within_A_Task-1,1943,0.646456257
within_A_Task-1,1944,0.483388704
within_A_Task-1,1945,0.471207087
within_A_Task-1,1946,0.517165006
within_A_Task-1,1947,0.483665559
within_A_Task-1,1948,0.378183832
within_A_Task-1,1949,0.506644518
within_A_Task-1,1950,0.552325581
within_A_Task-1,1951,0.516611296
within_A_Task-1,1952,0.469822813
within_A_Task-1,1953,0.493078627
within_A_Task-1,1954,0.48255814
within_A_Task-1,1955,0.470653378
within_A_Task-1,1956,0.48255814
within_A_Task-1,1957,0.551495017
within_A_Task-1,1958,0.483111849
within_A_Task-1,1959,0.552602436
within_A_Task-1,1960,0.587763012
within_A_Task-1,1961,0.529346622
within_A_Task-1,1962,0.447397564
within_A_Task-1,1963,0.456810631
within_A_Task-1,1964,0.471207087
within_A_Task-1,1965,0.424972315
within_A_Task-1,1966,0.413067553
within_A_Task-1,1967,0.426079734
within_A_Task-1,1968,0.503875969
within_A_Task-1,1969,0.424418605
within_A_Task-1,1970,0.436877076
within_A_Task-1,1971,0.471483942
within_A_Task-1,1972,0.505260244
within_A_Task-1,1973,0.399778516
within_A_Task-1,1974,0.445182724
within_A_Task-1,1975,0.531007752
within_A_Task-1,1976,0.458194906
within_A_Task-1,1977,0.507198228
within_A_Task-1,1978,0.519379845
within_A_Task-1,1979,0.518272425
within_A_Task-1,1980,0.481727575
within_A_Task-1,1981,0.599114064
within_A_Task-1,1982,0.622923588
within_A_Task-1,1983,0.458471761
within_A_Task-1,1984,0.472037652
within_A_Task-1,1985,0.541251384
within_A_Task-1,1986,0.529623477
within_A_Task-1,1987,0.495293466
within_A_Task-1,1988,0.48255814
within_A_Task-1,1989,0.528516058
within_A_Task-1,1990,0.423311185
within_A_Task-1,1991,0.492801772
within_A_Task-1,1992,0.528516058
within_A_Task-1,1993,0.434939092
within_A_Task-1,1994,0.515503876
within_A_Task-1,1995,0.504706534
within_A_Task-1,1996,0.554540421
within_A_Task-1,1997,0.540420819
within_A_Task-1,1998,0.446843854
within_A_Task-1,1999,0.516888151
within_A_Task-2,1,0.568269231
within_A_Task-2,2,0.509615385
within_A_Task-2,3,0.500961538
within_A_Task-2,4,0.677884615
within_A_Task-2,5,0.447115385
within_A_Task-2,6,0.507692308
within_A_Task-2,7,0.532692308
within_A_Task-2,8,0.492307692
within_A_Task-2,9,0.416346154
within_A_Task-2,10,0.439423077
within_A_Task-2,11,0.429807692
within_A_Task-2,12,0.486538462
within_A_Task-2,13,0.470192308
within_A_Task-2,14,0.492307692
within_A_Task-2,15,0.541346154
within_A_Task-2,16,0.533653846
within_A_Task-2,17,0.509615385
within_A_Task-2,18,0.460576923
within_A_Task-2,19,0.4875
within_A_Task-2,20,0.457692308
within_A_Task-2,21,0.550961538
within_A_Task-2,22,0.545192308
within_A_Task-2,23,0.450961538
within_A_Task-2,24,0.514423077
within_A_Task-2,25,0.532692308
within_A_Task-2,26,0.533653846
within_A_Task-2,27,0.484615385
within_A_Task-2,28,0.463461538
within_A_Task-2,29,0.549038462
within_A_Task-2,30,0.459615385
within_A_Task-2,31,0.454807692
within_A_Task-2,32,0.479807692
within_A_Task-2,33,0.425
within_A_Task-2,34,0.569230769
within_A_Task-2,35,0.520192308
within_A_Task-2,36,0.573076923
within_A_Task-2,37,0.460576923
within_A_Task-2,38,0.467307692
within_A_Task-2,39,0.568269231
within_A_Task-2,40,0.525961538
within_A_Task-2,41,0.597115385
within_A_Task-2,42,0.628846154
within_A_Task-2,43,0.575
within_A_Task-2,44,0.573076923
within_A_Task-2,45,0.551923077
within_A_Task-2,46,0.507692308
within_A_Task-2,47,0.617307692
within_A_Task-2,48,0.560576923
within_A_Task-2,49,0.561538462
within_A_Task-2,50,0.443269231
within_A_Task-2,51,0.555769231
within_A_Task-2,52,0.454807692
within_A_Task-2,53,0.577884615
within_A_Task-2,54,0.586538462
within_A_Task-2,55,0.481730769
within_A_Task-2,56,0.385576923
within_A_Task-2,57,0.496153846
within_A_Task-2,58,0.539423077
within_A_Task-2,59,0.533653846
within_A_Task-2,60,0.525961538
within_A_Task-2,61,0.586538462
within_A_Task-2,62,0.532692308
within_A_Task-2,63,0.585576923
within_A_Task-2,64,0.570192308
within_A_Task-2,65,0.552884615
within_A_Task-2,66,0.440384615
within_A_Task-2,67,0.631730769
within_A_Task-2,68,0.507692308
within_A_Task-2,69,0.4125
within_A_Task-2,70,0.530769231
within_A_Task-2,71,0.531730769
within_A_Task-2,72,0.5125
within_A_Task-2,73,0.571153846
within_A_Task-2,74,0.542307692
within_A_Task-2,75,0.574038462
within_A_Task-2,76,0.549038462
within_A_Task-2,77,0.521153846
within_A_Task-2,78,0.336538462
within_A_Task-2,79,0.4625
within_A_Task-2,80,0.566346154
within_A_Task-2,81,0.351923077
within_A_Task-2,82,0.494230769
within_A_Task-2,83,0.498076923
within_A_Task-2,84,0.490384615
within_A_Task-2,85,0.491346154
within_A_Task-2,86,0.404807692
within_A_Task-2,87,0.488461538
within_A_Task-2,88,0.520192308
within_A_Task-2,89,0.431730769
within_A_Task-2,90,0.456730769
within_A_Task-2,91,0.4625
within_A_Task-2,92,0.488461538
within_A_Task-2,93,0.545192308
within_A_Task-2,94,0.557692308
within_A_Task-2,95,0.402884615
within_A_Task-2,96,0.547115385
within_A_Task-2,97,0.375
within_A_Task-2,98,0.425
within_A_Task-2,99,0.543269231
within_A_Task-2,100,0.551923077
within_A_Task-2,101,0.511538462
within_A_Task-2,102,0.450961538
within_A_Task-2,103,0.459615385
within_A_Task-2,104,0.394230769
within_A_Task-2,105,0.456730769
within_A_Task-2,106,0.526923077
within_A_Task-2,107,0.393269231
within_A_Task-2,108,0.351923077
within_A_Task-2,109,0.488461538
within_A_Task-2,110,0.493269231
within_A_Task-2,111,0.544230769
within_A_Task-2,112,0.568269231
within_A_Task-2,113,0.533653846
within_A_Task-2,114,0.494230769
within_A_Task-2,115,0.497115385
within_A_Task-2,116,0.574038462
within_A_Task-2,117,0.581730769
within_A_Task-2,118,0.589423077
within_A_Task-2,119,0.483653846
within_A_Task-2,120,0.521153846
within_A_Task-2,121,0.544230769
within_A_Task-2,122,0.570192308
within_A_Task-2,123,0.446153846
within_A_Task-2,124,0.513461538
within_A_Task-2,125,0.533653846
within_A_Task-2,126,0.551923077
within_A_Task-2,127,0.567307692
within_A_Task-2,128,0.543269231
within_A_Task-2,129,0.5875
within_A_Task-2,130,0.509615385
within_A_Task-2,131,0.534615385
within_A_Task-2,132,0.521153846
within_A_Task-2,133,0.505769231
within_A_Task-2,134,0.577884615
within_A_Task-2,135,0.419230769
within_A_Task-2,136,0.568269231
within_A_Task-2,137,0.524038462
within_A_Task-2,138,0.533653846
within_A_Task-2,139,0.586538462
within_A_Task-2,140,0.454807692
within_A_Task-2,141,0.471153846
within_A_Task-2,142,0.523076923
within_A_Task-2,143,0.564423077
within_A_Task-2,144,0.429807692
within_A_Task-2,145,0.468269231
within_A_Task-2,146,0.436538462
within_A_Task-2,147,0.570192308
within_A_Task-2,148,0.628846154
within_A_Task-2,149,0.567307692
within_A_Task-2,150,0.533653846
within_A_Task-2,151,0.535576923
within_A_Task-2,152,0.559615385
within_A_Task-2,153,0.702884615
within_A_Task-2,154,0.474038462
within_A_Task-2,155,0.482692308
within_A_Task-2,156,0.497115385
within_A_Task-2,157,0.467307692
within_A_Task-2,158,0.489423077
within_A_Task-2,159,0.599038462
within_A_Task-2,160,0.523076923
within_A_Task-2,161,0.507692308
within_A_Task-2,162,0.406730769
within_A_Task-2,163,0.466346154
within_A_Task-2,164,0.435576923
within_A_Task-2,165,0.470192308
within_A_Task-2,166,0.502884615
within_A_Task-2,167,0.536538462
within_A_Task-2,168,0.4
within_A_Task-2,169,0.508653846
within_A_Task-2,170,0.4625
within_A_Task-2,171,0.474038462
within_A_Task-2,172,0.498076923
within_A_Task-2,173,0.511538462
within_A_Task-2,174,0.596153846
within_A_Task-2,175,0.577884615
within_A_Task-2,176,0.501923077
within_A_Task-2,177,0.5875
within_A_Task-2,178,0.520192308
within_A_Task-2,179,0.55
within_A_Task-2,180,0.641346154
within_A_Task-2,181,0.495192308
within_A_Task-2,182,0.554807692
within_A_Task-2,183,0.557692308
within_A_Task-2,184,0.468269231
within_A_Task-2,185,0.451923077
within_A_Task-2,186,0.542307692
within_A_Task-2,187,0.518269231
within_A_Task-2,188,0.540384615
within_A_Task-2,189,0.499038462
within_A_Task-2,190,0.543269231
within_A_Task-2,191,0.473076923
within_A_Task-2,192,0.523076923
within_A_Task-2,193,0.563461538
within_A_Task-2,194,0.515384615
within_A_Task-2,195,0.5625
within_A_Task-2,196,0.508653846
within_A_Task-2,197,0.573076923
within_A_Task-2,198,0.5
within_A_Task-2,199,0.434615385
within_A_Task-2,200,0.474038462
within_A_Task-2,201,0.543269231
within_A_Task-2,202,0.423076923
within_A_Task-2,203,0.424038462
within_A_Task-2,204,0.475
within_A_Task-2,205,0.552884615
within_A_Task-2,206,0.473076923
within_A_Task-2,207,0.671153846
within_A_Task-2,208,0.594230769
within_A_Task-2,209,0.466346154
within_A_Task-2,210,0.523076923
within_A_Task-2,211,0.466346154
within_A_Task-2,212,0.525
within_A_Task-2,213,0.441346154
within_A_Task-2,214,0.413461538
within_A_Task-2,215,0.455769231
within_A_Task-2,216,0.45
within_A_Task-2,217,0.516346154
within_A_Task-2,218,0.524038462
within_A_Task-2,219,0.499038462
within_A_Task-2,220,0.545192308
within_A_Task-2,221,0.554807692
within_A_Task-2,222,0.500961538
within_A_Task-2,223,0.430769231
within_A_Task-2,224,0.542307692
within_A_Task-2,225,0.624038462
within_A_Task-2,226,0.517307692
within_A_Task-2,227,0.457692308
within_A_Task-2,228,0.480769231
within_A_Task-2,229,0.420192308
within_A_Task-2,230,0.439423077
within_A_Task-2,231,0.452884615
within_A_Task-2,232,0.497115385
within_A_Task-2,233,0.499038462
within_A_Task-2,234,0.478846154
within_A_Task-2,235,0.463461538
within_A_Task-2,236,0.471153846
within_A_Task-2,237,0.472115385
within_A_Task-2,238,0.504807692
within_A_Task-2,239,0.473076923
within_A_Task-2,240,0.498076923
within_A_Task-2,241,0.489423077
within_A_Task-2,242,0.513461538
within_A_Task-2,243,0.517307692
within_A_Task-2,244,0.590384615
within_A_Task-2,245,0.553846154
within_A_Task-2,246,0.477884615
within_A_Task-2,247,0.545192308
within_A_Task-2,248,0.535576923
within_A_Task-2,249,0.498076923
within_A_Task-2,250,0.609615385
within_A_Task-2,251,0.463461538
within_A_Task-2,252,0.530769231
within_A_Task-2,253,0.461538462
within_A_Task-2,254,0.454807692
within_A_Task-2,255,0.5625
within_A_Task-2,256,0.409615385
within_A_Task-2,257,0.414423077
within_A_Task-2,258,0.525961538
within_A_Task-2,259,0.419230769
within_A_Task-2,260,0.467307692
within_A_Task-2,261,0.520192308
within_A_Task-2,262,0.497115385
within_A_Task-2,263,0.543269231
within_A_Task-2,264,0.458653846
within_A_Task-2,265,0.438461538
within_A_Task-2,266,0.577884615
within_A_Task-2,267,0.514423077
within_A_Task-2,268,0.424038462
within_A_Task-2,269,0.552884615
within_A_Task-2,270,0.511538462
within_A_Task-2,271,0.530769231
within_A_Task-2,272,0.505769231
within_A_Task-2,273,0.555769231
within_A_Task-2,274,0.415384615
within_A_Task-2,275,0.491346154
within_A_Task-2,276,0.636538462
within_A_Task-2,277,0.555769231
within_A_Task-2,278,0.464423077
within_A_Task-2,279,0.576923077
within_A_Task-2,280,0.524038462
within_A_Task-2,281,0.424038462
within_A_Task-2,282,0.475
within_A_Task-2,283,0.488461538
within_A_Task-2,284,0.555769231
within_A_Task-2,285,0.45
within_A_Task-2,286,0.450961538
within_A_Task-2,287,0.458653846
within_A_Task-2,288,0.424038462
within_A_Task-2,289,0.5875
within_A_Task-2,290,0.410576923
within_A_Task-2,291,0.493269231
within_A_Task-2,292,0.428846154
within_A_Task-2,293,0.496153846
within_A_Task-2,294,0.591346154
within_A_Task-2,295,0.543269231
within_A_Task-2,296,0.504807692
within_A_Task-2,297,0.45
within_A_Task-2,298,0.542307692
within_A_Task-2,299,0.536538462
within_A_Task-2,300,0.524038462
within_A_Task-2,301,0.529807692
within_A_Task-2,302,0.527884615
within_A_Task-2,303,0.453846154
within_A_Task-2,304,0.485576923
within_A_Task-2,305,0.415384615
within_A_Task-2,306,0.502884615
within_A_Task-2,307,0.534615385
within_A_Task-2,308,0.504807692
within_A_Task-2,309,0.449038462
within_A_Task-2,310,0.452884615
within_A_Task-2,311,0.549038462
within_A_Task-2,312,0.495192308
within_A_Task-2,313,0.430769231
within_A_Task-2,314,0.494230769
within_A_Task-2,315,0.520192308
within_A_Task-2,316,0.389423077
within_A_Task-2,317,0.501923077
within_A_Task-2,318,0.405769231
within_A_Task-2,319,0.523076923
within_A_Task-2,320,0.458653846
within_A_Task-2,321,0.471153846
within_A_Task-2,322,0.590384615
within_A_Task-2,323,0.576923077
within_A_Task-2,324,0.470192308
within_A_Task-2,325,0.475
within_A_Task-2,326,0.554807692
within_A_Task-2,327,0.520192308
within_A_Task-2,328,0.554807692
within_A_Task-2,329,0.476923077
within_A_Task-2,330,0.468269231
within_A_Task-2,331,0.5
within_A_Task-2,332,0.457692308
within_A_Task-2,333,0.514423077
within_A_Task-2,334,0.411538462
within_A_Task-2,335,0.542307692
within_A_Task-2,336,0.567307692
within_A_Task-2,337,0.521153846
within_A_Task-2,338,0.5875
within_A_Task-2,339,0.382692308
within_A_Task-2,340,0.432692308
within_A_Task-2,341,0.435576923
within_A_Task-2,342,0.619230769
within_A_Task-2,343,0.478846154
within_A_Task-2,344,0.567307692
within_A_Task-2,345,0.548076923
within_A_Task-2,346,0.526923077
within_A_Task-2,347,0.492307692
within_A_Task-2,348,0.533653846
within_A_Task-2,349,0.4875
within_A_Task-2,350,0.409615385
within_A_Task-2,351,0.431730769
within_A_Task-2,352,0.420192308
within_A_Task-2,353,0.511538462
within_A_Task-2,354,0.477884615
within_A_Task-2,355,0.543269231
within_A_Task-2,356,0.525
within_A_Task-2,357,0.453846154
within_A_Task-2,358,0.360576923
within_A_Task-2,359,0.409615385
within_A_Task-2,360,0.474038462
within_A_Task-2,361,0.568269231
within_A_Task-2,362,0.486538462
within_A_Task-2,363,0.499038462
within_A_Task-2,364,0.438461538
within_A_Task-2,365,0.524038462
within_A_Task-2,366,0.5875
within_A_Task-2,367,0.578846154
within_A_Task-2,368,0.493269231
within_A_Task-2,369,0.560576923
within_A_Task-2,370,0.384615385
within_A_Task-2,371,0.543269231
within_A_Task-2,372,0.45
within_A_Task-2,373,0.597115385
within_A_Task-2,374,0.507692308
within_A_Task-2,375,0.509615385
within_A_Task-2,376,0.542307692
within_A_Task-2,377,0.565384615
within_A_Task-2,378,0.5
within_A_Task-2,379,0.549038462
within_A_Task-2,380,0.479807692
within_A_Task-2,381,0.454807692
within_A_Task-2,382,0.488461538
within_A_Task-2,383,0.520192308
within_A_Task-2,384,0.559615385
within_A_Task-2,385,0.488461538
within_A_Task-2,386,0.439423077
within_A_Task-2,387,0.435576923
within_A_Task-2,388,0.575
within_A_Task-2,389,0.479807692
within_A_Task-2,390,0.414423077
within_A_Task-2,391,0.468269231
within_A_Task-2,392,0.507692308
within_A_Task-2,393,0.467307692
within_A_Task-2,394,0.498076923
within_A_Task-2,395,0.557692308
within_A_Task-2,396,0.513461538
within_A_Task-2,397,0.493269231
within_A_Task-2,398,0.559615385
within_A_Task-2,399,0.443269231
within_A_Task-2,400,0.484615385
within_A_Task-2,401,0.511538462
within_A_Task-2,402,0.499038462
within_A_Task-2,403,0.504807692
within_A_Task-2,404,0.5
within_A_Task-2,405,0.418269231
within_A_Task-2,406,0.524038462
within_A_Task-2,407,0.545192308
within_A_Task-2,408,0.447115385
within_A_Task-2,409,0.465384615
within_A_Task-2,410,0.5875
within_A_Task-2,411,0.555769231
within_A_Task-2,412,0.517307692
within_A_Task-2,413,0.494230769
within_A_Task-2,414,0.564423077
within_A_Task-2,415,0.401923077
within_A_Task-2,416,0.385576923
within_A_Task-2,417,0.552884615
within_A_Task-2,418,0.507692308
within_A_Task-2,419,0.566346154
within_A_Task-2,420,0.496153846
within_A_Task-2,421,0.447115385
within_A_Task-2,422,0.579807692
within_A_Task-2,423,0.486538462
within_A_Task-2,424,0.378846154
within_A_Task-2,425,0.426923077
within_A_Task-2,426,0.452884615
within_A_Task-2,427,0.490384615
within_A_Task-2,428,0.457692308
within_A_Task-2,429,0.592307692
within_A_Task-2,430,0.408653846
within_A_Task-2,431,0.481730769
within_A_Task-2,432,0.411538462
within_A_Task-2,433,0.554807692
within_A_Task-2,434,0.411538462
within_A_Task-2,435,0.458653846
within_A_Task-2,436,0.5125
within_A_Task-2,437,0.432692308
within_A_Task-2,438,0.420192308
within_A_Task-2,439,0.395192308
within_A_Task-2,440,0.466346154
within_A_Task-2,441,0.398076923
within_A_Task-2,442,0.451923077
within_A_Task-2,443,0.448076923
within_A_Task-2,444,0.481730769
within_A_Task-2,445,0.621153846
within_A_Task-2,446,0.392307692
within_A_Task-2,447,0.564423077
within_A_Task-2,448,0.388461538
within_A_Task-2,449,0.498076923
within_A_Task-2,450,0.542307692
within_A_Task-2,451,0.499038462
within_A_Task-2,452,0.55
within_A_Task-2,453,0.538461538
within_A_Task-2,454,0.575961538
within_A_Task-2,455,0.597115385
within_A_Task-2,456,0.524038462
within_A_Task-2,457,0.478846154
within_A_Task-2,458,0.461538462
within_A_Task-2,459,0.608653846
within_A_Task-2,460,0.609615385
within_A_Task-2,461,0.4625
within_A_Task-2,462,0.536538462
within_A_Task-2,463,0.446153846
within_A_Task-2,464,0.397115385
within_A_Task-2,465,0.482692308
within_A_Task-2,466,0.509615385
within_A_Task-2,467,0.470192308
within_A_Task-2,468,0.460576923
within_A_Task-2,469,0.496153846
within_A_Task-2,470,0.567307692
within_A_Task-2,471,0.323076923
within_A_Task-2,472,0.650961538
within_A_Task-2,473,0.567307692
within_A_Task-2,474,0.533653846
within_A_Task-2,475,0.443269231
within_A_Task-2,476,0.546153846
within_A_Task-2,477,0.475961538
within_A_Task-2,478,0.594230769
within_A_Task-2,479,0.448076923
within_A_Task-2,480,0.496153846
within_A_Task-2,481,0.580769231
within_A_Task-2,482,0.409615385
within_A_Task-2,483,0.493269231
within_A_Task-2,484,0.419230769
within_A_Task-2,485,0.499038462
within_A_Task-2,486,0.499038462
within_A_Task-2,487,0.460576923
within_A_Task-2,488,0.4375
within_A_Task-2,489,0.542307692
within_A_Task-2,490,0.541346154
within_A_Task-2,491,0.526923077
within_A_Task-2,492,0.508653846
within_A_Task-2,493,0.453846154
within_A_Task-2,494,0.522115385
within_A_Task-2,495,0.516346154
within_A_Task-2,496,0.606730769
within_A_Task-2,497,0.533653846
within_A_Task-2,498,0.463461538
within_A_Task-2,499,0.439423077
within_A_Task-2,500,0.448076923
within_A_Task-2,501,0.450961538
within_A_Task-2,502,0.401923077
within_A_Task-2,503,0.546153846
within_A_Task-2,504,0.552884615
within_A_Task-2,505,0.533653846
within_A_Task-2,506,0.375
within_A_Task-2,507,0.543269231
within_A_Task-2,508,0.466346154
within_A_Task-2,509,0.505769231
within_A_Task-2,510,0.426923077
within_A_Task-2,511,0.475
within_A_Task-2,512,0.592307692
within_A_Task-2,513,0.574038462
within_A_Task-2,514,0.468269231
within_A_Task-2,515,0.5125
within_A_Task-2,516,0.445192308
within_A_Task-2,517,0.466346154
within_A_Task-2,518,0.45
within_A_Task-2,519,0.500961538
within_A_Task-2,520,0.631730769
within_A_Task-2,521,0.479807692
within_A_Task-2,522,0.525961538
within_A_Task-2,523,0.524038462
within_A_Task-2,524,0.609615385
within_A_Task-2,525,0.436538462
within_A_Task-2,526,0.425961538
within_A_Task-2,527,0.527884615
within_A_Task-2,528,0.433653846
within_A_Task-2,529,0.405769231
within_A_Task-2,530,0.505769231
within_A_Task-2,531,0.574038462
within_A_Task-2,532,0.469230769
within_A_Task-2,533,0.430769231
within_A_Task-2,534,0.523076923
within_A_Task-2,535,0.543269231
within_A_Task-2,536,0.4625
within_A_Task-2,537,0.525961538
within_A_Task-2,538,0.498076923
within_A_Task-2,539,0.507692308
within_A_Task-2,540,0.655769231
within_A_Task-2,541,0.501923077
within_A_Task-2,542,0.493269231
within_A_Task-2,543,0.531730769
within_A_Task-2,544,0.519230769
within_A_Task-2,545,0.541346154
within_A_Task-2,546,0.576923077
within_A_Task-2,547,0.472115385
within_A_Task-2,548,0.450961538
within_A_Task-2,549,0.489423077
within_A_Task-2,550,0.524038462
within_A_Task-2,551,0.552884615
within_A_Task-2,552,0.502884615
within_A_Task-2,553,0.430769231
within_A_Task-2,554,0.507692308
within_A_Task-2,555,0.475961538
within_A_Task-2,556,0.433653846
within_A_Task-2,557,0.441346154
within_A_Task-2,558,0.568269231
within_A_Task-2,559,0.457692308
within_A_Task-2,560,0.542307692
within_A_Task-2,561,0.500961538
within_A_Task-2,562,0.521153846
within_A_Task-2,563,0.532692308
within_A_Task-2,564,0.529807692
within_A_Task-2,565,0.474038462
within_A_Task-2,566,0.459615385
within_A_Task-2,567,0.529807692
within_A_Task-2,568,0.574038462
within_A_Task-2,569,0.498076923
within_A_Task-2,570,0.449038462
within_A_Task-2,571,0.501923077
within_A_Task-2,572,0.436538462
within_A_Task-2,573,0.513461538
within_A_Task-2,574,0.421153846
within_A_Task-2,575,0.483653846
within_A_Task-2,576,0.5
within_A_Task-2,577,0.55
within_A_Task-2,578,0.549038462
within_A_Task-2,579,0.521153846
within_A_Task-2,580,0.433653846
within_A_Task-2,581,0.543269231
within_A_Task-2,582,0.590384615
within_A_Task-2,583,0.495192308
within_A_Task-2,584,0.533653846
within_A_Task-2,585,0.465384615
within_A_Task-2,586,0.4625
within_A_Task-2,587,0.382692308
within_A_Task-2,588,0.5
within_A_Task-2,589,0.592307692
within_A_Task-2,590,0.453846154
within_A_Task-2,591,0.603846154
within_A_Task-2,592,0.476923077
within_A_Task-2,593,0.427884615
within_A_Task-2,594,0.466346154
within_A_Task-2,595,0.575
within_A_Task-2,596,0.470192308
within_A_Task-2,597,0.526923077
within_A_Task-2,598,0.457692308
within_A_Task-2,599,0.483653846
within_A_Task-2,600,0.476923077
within_A_Task-2,601,0.482692308
within_A_Task-2,602,0.441346154
within_A_Task-2,603,0.540384615
within_A_Task-2,604,0.5
within_A_Task-2,605,0.555769231
within_A_Task-2,606,0.492307692
within_A_Task-2,607,0.486538462
within_A_Task-2,608,0.415384615
within_A_Task-2,609,0.474038462
within_A_Task-2,610,0.523076923
within_A_Task-2,611,0.539423077
within_A_Task-2,612,0.533653846
within_A_Task-2,613,0.368269231
within_A_Task-2,614,0.525
within_A_Task-2,615,0.445192308
within_A_Task-2,616,0.524038462
within_A_Task-2,617,0.501923077
within_A_Task-2,618,0.478846154
within_A_Task-2,619,0.4375
within_A_Task-2,620,0.508653846
within_A_Task-2,621,0.536538462
within_A_Task-2,622,0.507692308
within_A_Task-2,623,0.514423077
within_A_Task-2,624,0.557692308
within_A_Task-2,625,0.529807692
within_A_Task-2,626,0.5625
within_A_Task-2,627,0.488461538
within_A_Task-2,628,0.517307692
within_A_Task-2,629,0.524038462
within_A_Task-2,630,0.451923077
within_A_Task-2,631,0.395192308
within_A_Task-2,632,0.564423077
within_A_Task-2,633,0.4125
within_A_Task-2,634,0.501923077
within_A_Task-2,635,0.557692308
within_A_Task-2,636,0.576923077
within_A_Task-2,637,0.4625
within_A_Task-2,638,0.597115385
within_A_Task-2,639,0.4125
within_A_Task-2,640,0.496153846
within_A_Task-2,641,0.5625
within_A_Task-2,642,0.567307692
within_A_Task-2,643,0.505769231
within_A_Task-2,644,0.539423077
within_A_Task-2,645,0.476923077
within_A_Task-2,646,0.523076923
within_A_Task-2,647,0.456730769
within_A_Task-2,648,0.441346154
within_A_Task-2,649,0.564423077
within_A_Task-2,650,0.538461538
within_A_Task-2,651,0.497115385
within_A_Task-2,652,0.489423077
within_A_Task-2,653,0.567307692
within_A_Task-2,654,0.544230769
within_A_Task-2,655,0.530769231
within_A_Task-2,656,0.375
within_A_Task-2,657,0.543269231
within_A_Task-2,658,0.525
within_A_Task-2,659,0.470192308
within_A_Task-2,660,0.531730769
within_A_Task-2,661,0.475
within_A_Task-2,662,0.518269231
within_A_Task-2,663,0.488461538
within_A_Task-2,664,0.479807692
within_A_Task-2,665,0.524038462
within_A_Task-2,666,0.432692308
within_A_Task-2,667,0.539423077
within_A_Task-2,668,0.477884615
within_A_Task-2,669,0.456730769
within_A_Task-2,670,0.417307692
within_A_Task-2,671,0.496153846
within_A_Task-2,672,0.519230769
within_A_Task-2,673,0.496153846
within_A_Task-2,674,0.524038462
within_A_Task-2,675,0.402884615
within_A_Task-2,676,0.459615385
within_A_Task-2,677,0.545192308
within_A_Task-2,678,0.500961538
within_A_Task-2,679,0.476923077
within_A_Task-2,680,0.486538462
within_A_Task-2,681,0.463461538
within_A_Task-2,682,0.586538462
within_A_Task-2,683,0.383653846
within_A_Task-2,684,0.526923077
within_A_Task-2,685,0.429807692
within_A_Task-2,686,0.495192308
within_A_Task-2,687,0.643269231
within_A_Task-2,688,0.518269231
within_A_Task-2,689,0.396153846
within_A_Task-2,690,0.483653846
within_A_Task-2,691,0.474038462
within_A_Task-2,692,0.540384615
within_A_Task-2,693,0.451923077
within_A_Task-2,694,0.504807692
within_A_Task-2,695,0.555769231
within_A_Task-2,696,0.543269231
within_A_Task-2,697,0.425
within_A_Task-2,698,0.507692308
within_A_Task-2,699,0.521153846
within_A_Task-2,700,0.452884615
within_A_Task-2,701,0.515384615
within_A_Task-2,702,0.619230769
within_A_Task-2,703,0.426923077
within_A_Task-2,704,0.422115385
within_A_Task-2,705,0.564423077
within_A_Task-2,706,0.426923077
within_A_Task-2,707,0.525961538
within_A_Task-2,708,0.532692308
within_A_Task-2,709,0.541346154
within_A_Task-2,710,0.401923077
within_A_Task-2,711,0.385576923
within_A_Task-2,712,0.491346154
within_A_Task-2,713,0.500961538
within_A_Task-2,714,0.540384615
within_A_Task-2,715,0.550961538
within_A_Task-2,716,0.565384615
within_A_Task-2,717,0.504807692
within_A_Task-2,718,0.429807692
within_A_Task-2,719,0.507692308
within_A_Task-2,720,0.483653846
within_A_Task-2,721,0.565384615
within_A_Task-2,722,0.567307692
within_A_Task-2,723,0.554807692
within_A_Task-2,724,0.495192308
within_A_Task-2,725,0.502884615
within_A_Task-2,726,0.510576923
within_A_Task-2,727,0.507692308
within_A_Task-2,728,0.506730769
within_A_Task-2,729,0.558653846
within_A_Task-2,730,0.546153846
within_A_Task-2,731,0.467307692
within_A_Task-2,732,0.545192308
within_A_Task-2,733,0.576923077
within_A_Task-2,734,0.535576923
within_A_Task-2,735,0.611538462
within_A_Task-2,736,0.421153846
within_A_Task-2,737,0.427884615
within_A_Task-2,738,0.554807692
within_A_Task-2,739,0.6
within_A_Task-2,740,0.451923077
within_A_Task-2,741,0.470192308
within_A_Task-2,742,0.482692308
within_A_Task-2,743,0.502884615
within_A_Task-2,744,0.445192308
within_A_Task-2,745,0.438461538
within_A_Task-2,746,0.460576923
within_A_Task-2,747,0.484615385
within_A_Task-2,748,0.428846154
within_A_Task-2,749,0.325961538
within_A_Task-2,750,0.459615385
within_A_Task-2,751,0.457692308
within_A_Task-2,752,0.655769231
within_A_Task-2,753,0.444230769
within_A_Task-2,754,0.475961538
within_A_Task-2,755,0.425961538
within_A_Task-2,756,0.539423077
within_A_Task-2,757,0.445192308
within_A_Task-2,758,0.431730769
within_A_Task-2,759,0.564423077
within_A_Task-2,760,0.507692308
within_A_Task-2,761,0.446153846
within_A_Task-2,762,0.536538462
within_A_Task-2,763,0.505769231
within_A_Task-2,764,0.478846154
within_A_Task-2,765,0.552884615
within_A_Task-2,766,0.533653846
within_A_Task-2,767,0.566346154
within_A_Task-2,768,0.517307692
within_A_Task-2,769,0.569230769
within_A_Task-2,770,0.609615385
within_A_Task-2,771,0.513461538
within_A_Task-2,772,0.529807692
within_A_Task-2,773,0.557692308
within_A_Task-2,774,0.609615385
within_A_Task-2,775,0.486538462
within_A_Task-2,776,0.619230769
within_A_Task-2,777,0.520192308
within_A_Task-2,778,0.555769231
within_A_Task-2,779,0.436538462
within_A_Task-2,780,0.643269231
within_A_Task-2,781,0.542307692
within_A_Task-2,782,0.543269231
within_A_Task-2,783,0.4375
within_A_Task-2,784,0.495192308
within_A_Task-2,785,0.501923077
within_A_Task-2,786,0.551923077
within_A_Task-2,787,0.507692308
within_A_Task-2,788,0.466346154
within_A_Task-2,789,0.508653846
within_A_Task-2,790,0.501923077
within_A_Task-2,791,0.493269231
within_A_Task-2,792,0.574038462
within_A_Task-2,793,0.584615385
within_A_Task-2,794,0.450961538
within_A_Task-2,795,0.482692308
within_A_Task-2,796,0.538461538
within_A_Task-2,797,0.520192308
within_A_Task-2,798,0.517307692
within_A_Task-2,799,0.554807692
within_A_Task-2,800,0.530769231
within_A_Task-2,801,0.467307692
within_A_Task-2,802,0.599038462
within_A_Task-2,803,0.567307692
within_A_Task-2,804,0.579807692
within_A_Task-2,805,0.655769231
within_A_Task-2,806,0.346153846
within_A_Task-2,807,0.532692308
within_A_Task-2,808,0.453846154
within_A_Task-2,809,0.453846154
within_A_Task-2,810,0.543269231
within_A_Task-2,811,0.443269231
within_A_Task-2,812,0.489423077
within_A_Task-2,813,0.446153846
within_A_Task-2,814,0.533653846
within_A_Task-2,815,0.447115385
within_A_Task-2,816,0.538461538
within_A_Task-2,817,0.542307692
within_A_Task-2,818,0.468269231
within_A_Task-2,819,0.470192308
within_A_Task-2,820,0.504807692
within_A_Task-2,821,0.526923077
within_A_Task-2,822,0.514423077
within_A_Task-2,823,0.533653846
within_A_Task-2,824,0.425
within_A_Task-2,825,0.498076923
within_A_Task-2,826,0.473076923
within_A_Task-2,827,0.473076923
within_A_Task-2,828,0.4125
within_A_Task-2,829,0.475961538
within_A_Task-2,830,0.496153846
within_A_Task-2,831,0.439423077
within_A_Task-2,832,0.459615385
within_A_Task-2,833,0.359615385
within_A_Task-2,834,0.551923077
within_A_Task-2,835,0.432692308
within_A_Task-2,836,0.6
within_A_Task-2,837,0.533653846
within_A_Task-2,838,0.435576923
within_A_Task-2,839,0.4
within_A_Task-2,840,0.458653846
within_A_Task-2,841,0.521153846
within_A_Task-2,842,0.468269231
within_A_Task-2,843,0.5375
within_A_Task-2,844,0.565384615
within_A_Task-2,845,0.329807692
within_A_Task-2,846,0.509615385
within_A_Task-2,847,0.391346154
within_A_Task-2,848,0.499038462
within_A_Task-2,849,0.482692308
within_A_Task-2,850,0.522115385
within_A_Task-2,851,0.421153846
within_A_Task-2,852,0.469230769
within_A_Task-2,853,0.435576923
within_A_Task-2,854,0.5
within_A_Task-2,855,0.550961538
within_A_Task-2,856,0.533653846
within_A_Task-2,857,0.328846154
within_A_Task-2,858,0.489423077
within_A_Task-2,859,0.4375
within_A_Task-2,860,0.514423077
within_A_Task-2,861,0.395192308
within_A_Task-2,862,0.521153846
within_A_Task-2,863,0.440384615
within_A_Task-2,864,0.523076923
within_A_Task-2,865,0.527884615
within_A_Task-2,866,0.473076923
within_A_Task-2,867,0.541346154
within_A_Task-2,868,0.484615385
within_A_Task-2,869,0.472115385
within_A_Task-2,870,0.508653846
within_A_Task-2,871,0.404807692
within_A_Task-2,872,0.401923077
within_A_Task-2,873,0.589423077
within_A_Task-2,874,0.4125
within_A_Task-2,875,0.636538462
within_A_Task-2,876,0.441346154
within_A_Task-2,877,0.473076923
within_A_Task-2,878,0.483653846
within_A_Task-2,879,0.499038462
within_A_Task-2,880,0.404807692
within_A_Task-2,881,0.589423077
within_A_Task-2,882,0.516346154
within_A_Task-2,883,0.428846154
within_A_Task-2,884,0.552884615
within_A_Task-2,885,0.544230769
within_A_Task-2,886,0.360576923
within_A_Task-2,887,0.521153846
within_A_Task-2,888,0.6
within_A_Task-2,889,0.532692308
within_A_Task-2,890,0.451923077
within_A_Task-2,891,0.479807692
within_A_Task-2,892,0.542307692
within_A_Task-2,893,0.6
within_A_Task-2,894,0.521153846
within_A_Task-2,895,0.507692308
within_A_Task-2,896,0.498076923
within_A_Task-2,897,0.526923077
within_A_Task-2,898,0.495192308
within_A_Task-2,899,0.503846154
within_A_Task-2,900,0.575
within_A_Task-2,901,0.546153846
within_A_Task-2,902,0.565384615
within_A_Task-2,903,0.4375
within_A_Task-2,904,0.441346154
within_A_Task-2,905,0.438461538
within_A_Task-2,906,0.520192308
within_A_Task-2,907,0.601923077
within_A_Task-2,908,0.513461538
within_A_Task-2,909,0.533653846
within_A_Task-2,910,0.520192308
within_A_Task-2,911,0.575961538
within_A_Task-2,912,0.407692308
within_A_Task-2,913,0.500961538
within_A_Task-2,914,0.502884615
within_A_Task-2,915,0.432692308
within_A_Task-2,916,0.592307692
within_A_Task-2,917,0.529807692
within_A_Task-2,918,0.528846154
within_A_Task-2,919,0.498076923
within_A_Task-2,920,0.479807692
within_A_Task-2,921,0.483653846
within_A_Task-2,922,0.533653846
within_A_Task-2,923,0.498076923
within_A_Task-2,924,0.489423077
within_A_Task-2,925,0.482692308
within_A_Task-2,926,0.6125
within_A_Task-2,927,0.5
within_A_Task-2,928,0.490384615
within_A_Task-2,929,0.497115385
within_A_Task-2,930,0.517307692
within_A_Task-2,931,0.475961538
within_A_Task-2,932,0.557692308
within_A_Task-2,933,0.4875
within_A_Task-2,934,0.566346154
within_A_Task-2,935,0.529807692
within_A_Task-2,936,0.495192308
within_A_Task-2,937,0.451923077
within_A_Task-2,938,0.460576923
within_A_Task-2,939,0.584615385
within_A_Task-2,940,0.552884615
within_A_Task-2,941,0.536538462
within_A_Task-2,942,0.357692308
within_A_Task-2,943,0.472115385
within_A_Task-2,944,0.505769231
within_A_Task-2,945,0.546153846
within_A_Task-2,946,0.425
within_A_Task-2,947,0.526923077
within_A_Task-2,948,0.486538462
within_A_Task-2,949,0.477884615
within_A_Task-2,950,0.577884615
within_A_Task-2,951,0.473076923
within_A_Task-2,952,0.423076923
within_A_Task-2,953,0.554807692
within_A_Task-2,954,0.483653846
within_A_Task-2,955,0.489423077
within_A_Task-2,956,0.408653846
within_A_Task-2,957,0.581730769
within_A_Task-2,958,0.506730769
within_A_Task-2,959,0.576923077
within_A_Task-2,960,0.382692308
within_A_Task-2,961,0.533653846
within_A_Task-2,962,0.517307692
within_A_Task-2,963,0.499038462
within_A_Task-2,964,0.575
within_A_Task-2,965,0.565384615
within_A_Task-2,966,0.584615385
within_A_Task-2,967,0.613461538
within_A_Task-2,968,0.366346154
within_A_Task-2,969,0.5125
within_A_Task-2,970,0.452884615
within_A_Task-2,971,0.586538462
within_A_Task-2,972,0.516346154
within_A_Task-2,973,0.469230769
within_A_Task-2,974,0.555769231
within_A_Task-2,975,0.575
within_A_Task-2,976,0.335576923
within_A_Task-2,977,0.4875
within_A_Task-2,978,0.439423077
within_A_Task-2,979,0.663461538
within_A_Task-2,980,0.526923077
within_A_Task-2,981,0.517307692
within_A_Task-2,982,0.4125
within_A_Task-2,983,0.446153846
within_A_Task-2,984,0.429807692
within_A_Task-2,985,0.443269231
within_A_Task-2,986,0.533653846
within_A_Task-2,987,0.533653846
within_A_Task-2,988,0.469230769
within_A_Task-2,989,0.384615385
within_A_Task-2,990,0.465384615
within_A_Task-2,991,0.455769231
within_A_Task-2,992,0.555769231
within_A_Task-2,993,0.425
within_A_Task-2,994,0.565384615
within_A_Task-2,995,0.511538462
within_A_Task-2,996,0.574038462
within_A_Task-2,997,0.441346154
within_A_Task-2,998,0.554807692
within_A_Task-2,999,0.533653846
within_A_Task-2,1000,0.557692308
within_A_Task-2,1001,0.523076923
within_A_Task-2,1002,0.467307692
within_A_Task-2,1003,0.532692308
within_A_Task-2,1004,0.628846154
within_A_Task-2,1005,0.523076923
within_A_Task-2,1006,0.468269231
within_A_Task-2,1007,0.392307692
within_A_Task-2,1008,0.528846154
within_A_Task-2,1009,0.485576923
within_A_Task-2,1010,0.421153846
within_A_Task-2,1011,0.555769231
within_A_Task-2,1012,0.405769231
within_A_Task-2,1013,0.503846154
within_A_Task-2,1014,0.484615385
within_A_Task-2,1015,0.529807692
within_A_Task-2,1016,0.535576923
within_A_Task-2,1017,0.514423077
within_A_Task-2,1018,0.485576923
within_A_Task-2,1019,0.575
within_A_Task-2,1020,0.533653846
within_A_Task-2,1021,0.523076923
within_A_Task-2,1022,0.517307692
within_A_Task-2,1023,0.519230769
within_A_Task-2,1024,0.578846154
within_A_Task-2,1025,0.483653846
within_A_Task-2,1026,0.415384615
within_A_Task-2,1027,0.548076923
within_A_Task-2,1028,0.554807692
within_A_Task-2,1029,0.532692308
within_A_Task-2,1030,0.546153846
within_A_Task-2,1031,0.494230769
within_A_Task-2,1032,0.532692308
within_A_Task-2,1033,0.565384615
within_A_Task-2,1034,0.524038462
within_A_Task-2,1035,0.5625
within_A_Task-2,1036,0.476923077
within_A_Task-2,1037,0.5875
within_A_Task-2,1038,0.522115385
within_A_Task-2,1039,0.554807692
within_A_Task-2,1040,0.521153846
within_A_Task-2,1041,0.471153846
within_A_Task-2,1042,0.491346154
within_A_Task-2,1043,0.495192308
within_A_Task-2,1044,0.481730769
within_A_Task-2,1045,0.416346154
within_A_Task-2,1046,0.564423077
within_A_Task-2,1047,0.452884615
within_A_Task-2,1048,0.514423077
within_A_Task-2,1049,0.552884615
within_A_Task-2,1050,0.545192308
within_A_Task-2,1051,0.441346154
within_A_Task-2,1052,0.545192308
within_A_Task-2,1053,0.467307692
within_A_Task-2,1054,0.551923077
within_A_Task-2,1055,0.552884615
within_A_Task-2,1056,0.506730769
within_A_Task-2,1057,0.565384615
within_A_Task-2,1058,0.527884615
within_A_Task-2,1059,0.568269231
within_A_Task-2,1060,0.570192308
within_A_Task-2,1061,0.479807692
within_A_Task-2,1062,0.576923077
within_A_Task-2,1063,0.551923077
within_A_Task-2,1064,0.445192308
within_A_Task-2,1065,0.576923077
within_A_Task-2,1066,0.414423077
within_A_Task-2,1067,0.445192308
within_A_Task-2,1068,0.455769231
within_A_Task-2,1069,0.5875
within_A_Task-2,1070,0.601923077
within_A_Task-2,1071,0.469230769
within_A_Task-2,1072,0.455769231
within_A_Task-2,1073,0.469230769
within_A_Task-2,1074,0.377884615
within_A_Task-2,1075,0.505769231
within_A_Task-2,1076,0.421153846
within_A_Task-2,1077,0.532692308
within_A_Task-2,1078,0.546153846
within_A_Task-2,1079,0.518269231
within_A_Task-2,1080,0.473076923
within_A_Task-2,1081,0.632692308
within_A_Task-2,1082,0.575
within_A_Task-2,1083,0.564423077
within_A_Task-2,1084,0.586538462
within_A_Task-2,1085,0.448076923
within_A_Task-2,1086,0.503846154
within_A_Task-2,1087,0.452884615
within_A_Task-2,1088,0.417307692
within_A_Task-2,1089,0.477884615
within_A_Task-2,1090,0.406730769
within_A_Task-2,1091,0.449038462
within_A_Task-2,1092,0.551923077
within_A_Task-2,1093,0.504807692
within_A_Task-2,1094,0.491346154
within_A_Task-2,1095,0.521153846
within_A_Task-2,1096,0.498076923
within_A_Task-2,1097,0.552884615
within_A_Task-2,1098,0.608653846
within_A_Task-2,1099,0.406730769
within_A_Task-2,1100,0.5125
within_A_Task-2,1101,0.507692308
within_A_Task-2,1102,0.403846154
within_A_Task-2,1103,0.379807692
within_A_Task-2,1104,0.456730769
within_A_Task-2,1105,0.631730769
within_A_Task-2,1106,0.494230769
within_A_Task-2,1107,0.434615385
within_A_Task-2,1108,0.469230769
within_A_Task-2,1109,0.418269231
within_A_Task-2,1110,0.535576923
within_A_Task-2,1111,0.599038462
within_A_Task-2,1112,0.427884615
within_A_Task-2,1113,0.390384615
within_A_Task-2,1114,0.5
within_A_Task-2,1115,0.523076923
within_A_Task-2,1116,0.525961538
within_A_Task-2,1117,0.595192308
within_A_Task-2,1118,0.545192308
within_A_Task-2,1119,0.517307692
within_A_Task-2,1120,0.475961538
within_A_Task-2,1121,0.408653846
within_A_Task-2,1122,0.408653846
within_A_Task-2,1123,0.450961538
within_A_Task-2,1124,0.558653846
within_A_Task-2,1125,0.4
within_A_Task-2,1126,0.511538462
within_A_Task-2,1127,0.496153846
within_A_Task-2,1128,0.4875
within_A_Task-2,1129,0.434615385
within_A_Task-2,1130,0.450961538
within_A_Task-2,1131,0.592307692
within_A_Task-2,1132,0.355769231
within_A_Task-2,1133,0.453846154
within_A_Task-2,1134,0.465384615
within_A_Task-2,1135,0.574038462
within_A_Task-2,1136,0.551923077
within_A_Task-2,1137,0.519230769
within_A_Task-2,1138,0.423076923
within_A_Task-2,1139,0.438461538
within_A_Task-2,1140,0.486538462
within_A_Task-2,1141,0.493269231
within_A_Task-2,1142,0.338461538
within_A_Task-2,1143,0.456730769
within_A_Task-2,1144,0.472115385
within_A_Task-2,1145,0.532692308
within_A_Task-2,1146,0.451923077
within_A_Task-2,1147,0.543269231
within_A_Task-2,1148,0.485576923
within_A_Task-2,1149,0.504807692
within_A_Task-2,1150,0.525
within_A_Task-2,1151,0.499038462
within_A_Task-2,1152,0.510576923
within_A_Task-2,1153,0.567307692
within_A_Task-2,1154,0.434615385
within_A_Task-2,1155,0.530769231
within_A_Task-2,1156,0.388461538
within_A_Task-2,1157,0.526923077
within_A_Task-2,1158,0.505769231
within_A_Task-2,1159,0.428846154
within_A_Task-2,1160,0.559615385
within_A_Task-2,1161,0.454807692
within_A_Task-2,1162,0.489423077
within_A_Task-2,1163,0.463461538
within_A_Task-2,1164,0.492307692
within_A_Task-2,1165,0.533653846
within_A_Task-2,1166,0.564423077
within_A_Task-2,1167,0.452884615
within_A_Task-2,1168,0.429807692
within_A_Task-2,1169,0.577884615
within_A_Task-2,1170,0.511538462
within_A_Task-2,1171,0.424038462
within_A_Task-2,1172,0.442307692
within_A_Task-2,1173,0.555769231
within_A_Task-2,1174,0.523076923
within_A_Task-2,1175,0.448076923
within_A_Task-2,1176,0.514423077
within_A_Task-2,1177,0.402884615
within_A_Task-2,1178,0.663461538
within_A_Task-2,1179,0.382692308
within_A_Task-2,1180,0.586538462
within_A_Task-2,1181,0.477884615
within_A_Task-2,1182,0.472115385
within_A_Task-2,1183,0.489423077
within_A_Task-2,1184,0.535576923
within_A_Task-2,1185,0.524038462
within_A_Task-2,1186,0.536538462
within_A_Task-2,1187,0.503846154
within_A_Task-2,1188,0.501923077
within_A_Task-2,1189,0.557692308
within_A_Task-2,1190,0.570192308
within_A_Task-2,1191,0.504807692
within_A_Task-2,1192,0.511538462
within_A_Task-2,1193,0.599038462
within_A_Task-2,1194,0.543269231
within_A_Task-2,1195,0.445192308
within_A_Task-2,1196,0.511538462
within_A_Task-2,1197,0.5625
within_A_Task-2,1198,0.569230769
within_A_Task-2,1199,0.503846154
within_A_Task-2,1200,0.702884615
within_A_Task-2,1201,0.577884615
within_A_Task-2,1202,0.455769231
within_A_Task-2,1203,0.466346154
within_A_Task-2,1204,0.600961538
within_A_Task-2,1205,0.584615385
within_A_Task-2,1206,0.471153846
within_A_Task-2,1207,0.479807692
within_A_Task-2,1208,0.466346154
within_A_Task-2,1209,0.457692308
within_A_Task-2,1210,0.554807692
within_A_Task-2,1211,0.471153846
within_A_Task-2,1212,0.560576923
within_A_Task-2,1213,0.483653846
within_A_Task-2,1214,0.564423077
within_A_Task-2,1215,0.481730769
within_A_Task-2,1216,0.451923077
within_A_Task-2,1217,0.485576923
within_A_Task-2,1218,0.471153846
within_A_Task-2,1219,0.456730769
within_A_Task-2,1220,0.458653846
within_A_Task-2,1221,0.443269231
within_A_Task-2,1222,0.468269231
within_A_Task-2,1223,0.595192308
within_A_Task-2,1224,0.508653846
within_A_Task-2,1225,0.419230769
within_A_Task-2,1226,0.631730769
within_A_Task-2,1227,0.535576923
within_A_Task-2,1228,0.482692308
within_A_Task-2,1229,0.5125
within_A_Task-2,1230,0.479807692
within_A_Task-2,1231,0.499038462
within_A_Task-2,1232,0.489423077
within_A_Task-2,1233,0.386538462
within_A_Task-2,1234,0.510576923
within_A_Task-2,1235,0.592307692
within_A_Task-2,1236,0.457692308
within_A_Task-2,1237,0.453846154
within_A_Task-2,1238,0.495192308
within_A_Task-2,1239,0.563461538
within_A_Task-2,1240,0.435576923
within_A_Task-2,1241,0.480769231
within_A_Task-2,1242,0.5125
within_A_Task-2,1243,0.511538462
within_A_Task-2,1244,0.555769231
within_A_Task-2,1245,0.457692308
within_A_Task-2,1246,0.473076923
within_A_Task-2,1247,0.491346154
within_A_Task-2,1248,0.4375
within_A_Task-2,1249,0.554807692
within_A_Task-2,1250,0.5
within_A_Task-2,1251,0.45
within_A_Task-2,1252,0.436538462
within_A_Task-2,1253,0.609615385
within_A_Task-2,1254,0.526923077
within_A_Task-2,1255,0.554807692
within_A_Task-2,1256,0.443269231
within_A_Task-2,1257,0.399038462
within_A_Task-2,1258,0.366346154
within_A_Task-2,1259,0.371153846
within_A_Task-2,1260,0.472115385
within_A_Task-2,1261,0.558653846
within_A_Task-2,1262,0.457692308
within_A_Task-2,1263,0.491346154
within_A_Task-2,1264,0.465384615
within_A_Task-2,1265,0.494230769
within_A_Task-2,1266,0.532692308
within_A_Task-2,1267,0.449038462
within_A_Task-2,1268,0.528846154
within_A_Task-2,1269,0.530769231
within_A_Task-2,1270,0.555769231
within_A_Task-2,1271,0.598076923
within_A_Task-2,1272,0.473076923
within_A_Task-2,1273,0.518269231
within_A_Task-2,1274,0.546153846
within_A_Task-2,1275,0.4625
within_A_Task-2,1276,0.457692308
within_A_Task-2,1277,0.446153846
within_A_Task-2,1278,0.494230769
within_A_Task-2,1279,0.546153846
within_A_Task-2,1280,0.399038462
within_A_Task-2,1281,0.511538462
within_A_Task-2,1282,0.517307692
within_A_Task-2,1283,0.501923077
within_A_Task-2,1284,0.439423077
within_A_Task-2,1285,0.507692308
within_A_Task-2,1286,0.579807692
within_A_Task-2,1287,0.456730769
within_A_Task-2,1288,0.508653846
within_A_Task-2,1289,0.474038462
within_A_Task-2,1290,0.533653846
within_A_Task-2,1291,0.502884615
within_A_Task-2,1292,0.496153846
within_A_Task-2,1293,0.527884615
within_A_Task-2,1294,0.436538462
within_A_Task-2,1295,0.546153846
within_A_Task-2,1296,0.542307692
within_A_Task-2,1297,0.444230769
within_A_Task-2,1298,0.529807692
within_A_Task-2,1299,0.478846154
within_A_Task-2,1300,0.438461538
within_A_Task-2,1301,0.482692308
within_A_Task-2,1302,0.518269231
within_A_Task-2,1303,0.574038462
within_A_Task-2,1304,0.430769231
within_A_Task-2,1305,0.527884615
within_A_Task-2,1306,0.571153846
within_A_Task-2,1307,0.474038462
within_A_Task-2,1308,0.650961538
within_A_Task-2,1309,0.601923077
within_A_Task-2,1310,0.475961538
within_A_Task-2,1311,0.417307692
within_A_Task-2,1312,0.5125
within_A_Task-2,1313,0.483653846
within_A_Task-2,1314,0.435576923
within_A_Task-2,1315,0.583653846
within_A_Task-2,1316,0.502884615
within_A_Task-2,1317,0.479807692
within_A_Task-2,1318,0.453846154
within_A_Task-2,1319,0.460576923
within_A_Task-2,1320,0.5375
within_A_Task-2,1321,0.574038462
within_A_Task-2,1322,0.443269231
within_A_Task-2,1323,0.536538462
within_A_Task-2,1324,0.452884615
within_A_Task-2,1325,0.495192308
within_A_Task-2,1326,0.467307692
within_A_Task-2,1327,0.511538462
within_A_Task-2,1328,0.596153846
within_A_Task-2,1329,0.489423077
within_A_Task-2,1330,0.597115385
within_A_Task-2,1331,0.423076923
within_A_Task-2,1332,0.475961538
within_A_Task-2,1333,0.605769231
within_A_Task-2,1334,0.452884615
within_A_Task-2,1335,0.504807692
within_A_Task-2,1336,0.543269231
within_A_Task-2,1337,0.509615385
within_A_Task-2,1338,0.477884615
within_A_Task-2,1339,0.524038462
within_A_Task-2,1340,0.466346154
within_A_Task-2,1341,0.475
within_A_Task-2,1342,0.434615385
within_A_Task-2,1343,0.519230769
within_A_Task-2,1344,0.456730769
within_A_Task-2,1345,0.566346154
within_A_Task-2,1346,0.484615385
within_A_Task-2,1347,0.504807692
within_A_Task-2,1348,0.488461538
within_A_Task-2,1349,0.504807692
within_A_Task-2,1350,0.513461538
within_A_Task-2,1351,0.521153846
within_A_Task-2,1352,0.558653846
within_A_Task-2,1353,0.474038462
within_A_Task-2,1354,0.502884615
within_A_Task-2,1355,0.608653846
within_A_Task-2,1356,0.479807692
within_A_Task-2,1357,0.579807692
within_A_Task-2,1358,0.474038462
within_A_Task-2,1359,0.463461538
within_A_Task-2,1360,0.492307692
within_A_Task-2,1361,0.582692308
within_A_Task-2,1362,0.408653846
within_A_Task-2,1363,0.586538462
within_A_Task-2,1364,0.514423077
within_A_Task-2,1365,0.519230769
within_A_Task-2,1366,0.4625
within_A_Task-2,1367,0.531730769
within_A_Task-2,1368,0.483653846
within_A_Task-2,1369,0.618269231
within_A_Task-2,1370,0.455769231
within_A_Task-2,1371,0.510576923
within_A_Task-2,1372,0.471153846
within_A_Task-2,1373,0.523076923
within_A_Task-2,1374,0.574038462
within_A_Task-2,1375,0.454807692
within_A_Task-2,1376,0.539423077
within_A_Task-2,1377,0.545192308
within_A_Task-2,1378,0.525961538
within_A_Task-2,1379,0.621153846
within_A_Task-2,1380,0.543269231
within_A_Task-2,1381,0.456730769
within_A_Task-2,1382,0.435576923
within_A_Task-2,1383,0.631730769
within_A_Task-2,1384,0.511538462
within_A_Task-2,1385,0.489423077
within_A_Task-2,1386,0.471153846
within_A_Task-2,1387,0.539423077
within_A_Task-2,1388,0.446153846
within_A_Task-2,1389,0.433653846
within_A_Task-2,1390,0.540384615
within_A_Task-2,1391,0.479807692
within_A_Task-2,1392,0.405769231
within_A_Task-2,1393,0.507692308
within_A_Task-2,1394,0.575
within_A_Task-2,1395,0.548076923
within_A_Task-2,1396,0.554807692
within_A_Task-2,1397,0.588461538
within_A_Task-2,1398,0.332692308
within_A_Task-2,1399,0.555769231
within_A_Task-2,1400,0.502884615
within_A_Task-2,1401,0.429807692
within_A_Task-2,1402,0.502884615
within_A_Task-2,1403,0.549038462
within_A_Task-2,1404,0.415384615
within_A_Task-2,1405,0.536538462
within_A_Task-2,1406,0.606730769
within_A_Task-2,1407,0.488461538
within_A_Task-2,1408,0.451923077
within_A_Task-2,1409,0.377884615
within_A_Task-2,1410,0.505769231
within_A_Task-2,1411,0.501923077
within_A_Task-2,1412,0.520192308
within_A_Task-2,1413,0.421153846
within_A_Task-2,1414,0.460576923
within_A_Task-2,1415,0.525
within_A_Task-2,1416,0.555769231
within_A_Task-2,1417,0.430769231
within_A_Task-2,1418,0.599038462
within_A_Task-2,1419,0.532692308
within_A_Task-2,1420,0.420192308
within_A_Task-2,1421,0.508653846
within_A_Task-2,1422,0.475
within_A_Task-2,1423,0.4875
within_A_Task-2,1424,0.440384615
within_A_Task-2,1425,0.449038462
within_A_Task-2,1426,0.467307692
within_A_Task-2,1427,0.619230769
within_A_Task-2,1428,0.536538462
within_A_Task-2,1429,0.564423077
within_A_Task-2,1430,0.523076923
within_A_Task-2,1431,0.409615385
within_A_Task-2,1432,0.488461538
within_A_Task-2,1433,0.534615385
within_A_Task-2,1434,0.580769231
within_A_Task-2,1435,0.55
within_A_Task-2,1436,0.409615385
within_A_Task-2,1437,0.475
within_A_Task-2,1438,0.532692308
within_A_Task-2,1439,0.486538462
within_A_Task-2,1440,0.511538462
within_A_Task-2,1441,0.443269231
within_A_Task-2,1442,0.527884615
within_A_Task-2,1443,0.433653846
within_A_Task-2,1444,0.408653846
within_A_Task-2,1445,0.489423077
within_A_Task-2,1446,0.520192308
within_A_Task-2,1447,0.617307692
within_A_Task-2,1448,0.45
within_A_Task-2,1449,0.474038462
within_A_Task-2,1450,0.567307692
within_A_Task-2,1451,0.599038462
within_A_Task-2,1452,0.542307692
within_A_Task-2,1453,0.475
within_A_Task-2,1454,0.449038462
within_A_Task-2,1455,0.424038462
within_A_Task-2,1456,0.549038462
within_A_Task-2,1457,0.450961538
within_A_Task-2,1458,0.409615385
within_A_Task-2,1459,0.521153846
within_A_Task-2,1460,0.545192308
within_A_Task-2,1461,0.428846154
within_A_Task-2,1462,0.363461538
within_A_Task-2,1463,0.489423077
within_A_Task-2,1464,0.482692308
within_A_Task-2,1465,0.442307692
within_A_Task-2,1466,0.525961538
within_A_Task-2,1467,0.549038462
within_A_Task-2,1468,0.545192308
within_A_Task-2,1469,0.409615385
within_A_Task-2,1470,0.461538462
within_A_Task-2,1471,0.533653846
within_A_Task-2,1472,0.404807692
within_A_Task-2,1473,0.589423077
within_A_Task-2,1474,0.600961538
within_A_Task-2,1475,0.356730769
within_A_Task-2,1476,0.457692308
within_A_Task-2,1477,0.5
within_A_Task-2,1478,0.609615385
within_A_Task-2,1479,0.590384615
within_A_Task-2,1480,0.554807692
within_A_Task-2,1481,0.490384615
within_A_Task-2,1482,0.521153846
within_A_Task-2,1483,0.442307692
within_A_Task-2,1484,0.460576923
within_A_Task-2,1485,0.6
within_A_Task-2,1486,0.456730769
within_A_Task-2,1487,0.547115385
within_A_Task-2,1488,0.446153846
within_A_Task-2,1489,0.55
within_A_Task-2,1490,0.441346154
within_A_Task-2,1491,0.456730769
within_A_Task-2,1492,0.575
within_A_Task-2,1493,0.621153846
within_A_Task-2,1494,0.559615385
within_A_Task-2,1495,0.551923077
within_A_Task-2,1496,0.525961538
within_A_Task-2,1497,0.507692308
within_A_Task-2,1498,0.457692308
within_A_Task-2,1499,0.459615385
within_A_Task-2,1500,0.496153846
within_A_Task-2,1501,0.529807692
within_A_Task-2,1502,0.481730769
within_A_Task-2,1503,0.429807692
within_A_Task-2,1504,0.570192308
within_A_Task-2,1505,0.640384615
within_A_Task-2,1506,0.556730769
within_A_Task-2,1507,0.554807692
within_A_Task-2,1508,0.523076923
within_A_Task-2,1509,0.641346154
within_A_Task-2,1510,0.468269231
within_A_Task-2,1511,0.520192308
within_A_Task-2,1512,0.561538462
within_A_Task-2,1513,0.518269231
within_A_Task-2,1514,0.455769231
within_A_Task-2,1515,0.490384615
within_A_Task-2,1516,0.507692308
within_A_Task-2,1517,0.4875
within_A_Task-2,1518,0.398076923
within_A_Task-2,1519,0.470192308
within_A_Task-2,1520,0.523076923
within_A_Task-2,1521,0.480769231
within_A_Task-2,1522,0.505769231
within_A_Task-2,1523,0.489423077
within_A_Task-2,1524,0.473076923
within_A_Task-2,1525,0.513461538
within_A_Task-2,1526,0.483653846
within_A_Task-2,1527,0.511538462
within_A_Task-2,1528,0.525961538
within_A_Task-2,1529,0.495192308
within_A_Task-2,1530,0.461538462
within_A_Task-2,1531,0.570192308
within_A_Task-2,1532,0.577884615
within_A_Task-2,1533,0.547115385
within_A_Task-2,1534,0.510576923
within_A_Task-2,1535,0.490384615
within_A_Task-2,1536,0.549038462
within_A_Task-2,1537,0.601923077
within_A_Task-2,1538,0.407692308
within_A_Task-2,1539,0.530769231
within_A_Task-2,1540,0.526923077
within_A_Task-2,1541,0.578846154
within_A_Task-2,1542,0.476923077
within_A_Task-2,1543,0.45
within_A_Task-2,1544,0.570192308
within_A_Task-2,1545,0.522115385
within_A_Task-2,1546,0.431730769
within_A_Task-2,1547,0.565384615
within_A_Task-2,1548,0.503846154
within_A_Task-2,1549,0.576923077
within_A_Task-2,1550,0.470192308
within_A_Task-2,1551,0.429807692
within_A_Task-2,1552,0.557692308
within_A_Task-2,1553,0.373076923
within_A_Task-2,1554,0.444230769
within_A_Task-2,1555,0.572115385
within_A_Task-2,1556,0.424038462
within_A_Task-2,1557,0.565384615
within_A_Task-2,1558,0.511538462
within_A_Task-2,1559,0.4875
within_A_Task-2,1560,0.4625
within_A_Task-2,1561,0.463461538
within_A_Task-2,1562,0.529807692
within_A_Task-2,1563,0.502884615
within_A_Task-2,1564,0.511538462
within_A_Task-2,1565,0.464423077
within_A_Task-2,1566,0.500961538
within_A_Task-2,1567,0.424038462
within_A_Task-2,1568,0.524038462
within_A_Task-2,1569,0.519230769
within_A_Task-2,1570,0.609615385
within_A_Task-2,1571,0.5
within_A_Task-2,1572,0.5625
within_A_Task-2,1573,0.520192308
within_A_Task-2,1574,0.551923077
within_A_Task-2,1575,0.401923077
within_A_Task-2,1576,0.4
within_A_Task-2,1577,0.453846154
within_A_Task-2,1578,0.526923077
within_A_Task-2,1579,0.533653846
within_A_Task-2,1580,0.459615385
within_A_Task-2,1581,0.445192308
within_A_Task-2,1582,0.519230769
within_A_Task-2,1583,0.416346154
within_A_Task-2,1584,0.501923077
within_A_Task-2,1585,0.505769231
within_A_Task-2,1586,0.484615385
within_A_Task-2,1587,0.486538462
within_A_Task-2,1588,0.440384615
within_A_Task-2,1589,0.436538462
within_A_Task-2,1590,0.560576923
within_A_Task-2,1591,0.523076923
within_A_Task-2,1592,0.557692308
within_A_Task-2,1593,0.446153846
within_A_Task-2,1594,0.621153846
within_A_Task-2,1595,0.5
within_A_Task-2,1596,0.577884615
within_A_Task-2,1597,0.4625
within_A_Task-2,1598,0.540384615
within_A_Task-2,1599,0.419230769
within_A_Task-2,1600,0.425961538
within_A_Task-2,1601,0.561538462
within_A_Task-2,1602,0.511538462
within_A_Task-2,1603,0.456730769
within_A_Task-2,1604,0.520192308
within_A_Task-2,1605,0.533653846
within_A_Task-2,1606,0.555769231
within_A_Task-2,1607,0.511538462
within_A_Task-2,1608,0.596153846
within_A_Task-2,1609,0.446153846
within_A_Task-2,1610,0.591346154
within_A_Task-2,1611,0.522115385
within_A_Task-2,1612,0.436538462
within_A_Task-2,1613,0.520192308
within_A_Task-2,1614,0.421153846
within_A_Task-2,1615,0.510576923
within_A_Task-2,1616,0.504807692
within_A_Task-2,1617,0.444230769
within_A_Task-2,1618,0.530769231
within_A_Task-2,1619,0.545192308
within_A_Task-2,1620,0.463461538
within_A_Task-2,1621,0.475961538
within_A_Task-2,1622,0.621153846
within_A_Task-2,1623,0.457692308
within_A_Task-2,1624,0.441346154
within_A_Task-2,1625,0.457692308
within_A_Task-2,1626,0.529807692
within_A_Task-2,1627,0.540384615
within_A_Task-2,1628,0.509615385
within_A_Task-2,1629,0.543269231
within_A_Task-2,1630,0.518269231
within_A_Task-2,1631,0.551923077
within_A_Task-2,1632,0.432692308
within_A_Task-2,1633,0.441346154
within_A_Task-2,1634,0.401923077
within_A_Task-2,1635,0.501923077
within_A_Task-2,1636,0.586538462
within_A_Task-2,1637,0.511538462
within_A_Task-2,1638,0.508653846
within_A_Task-2,1639,0.455769231
within_A_Task-2,1640,0.579807692
within_A_Task-2,1641,0.540384615
within_A_Task-2,1642,0.458653846
within_A_Task-2,1643,0.495192308
within_A_Task-2,1644,0.494230769
within_A_Task-2,1645,0.576923077
within_A_Task-2,1646,0.546153846
within_A_Task-2,1647,0.502884615
within_A_Task-2,1648,0.599038462
within_A_Task-2,1649,0.510576923
within_A_Task-2,1650,0.555769231
within_A_Task-2,1651,0.539423077
within_A_Task-2,1652,0.543269231
within_A_Task-2,1653,0.551923077
within_A_Task-2,1654,0.508653846
within_A_Task-2,1655,0.472115385
within_A_Task-2,1656,0.529807692
within_A_Task-2,1657,0.535576923
within_A_Task-2,1658,0.588461538
within_A_Task-2,1659,0.529807692
within_A_Task-2,1660,0.668269231
within_A_Task-2,1661,0.492307692
within_A_Task-2,1662,0.389423077
within_A_Task-2,1663,0.501923077
within_A_Task-2,1664,0.507692308
within_A_Task-2,1665,0.485576923
within_A_Task-2,1666,0.526923077
within_A_Task-2,1667,0.485576923
within_A_Task-2,1668,0.529807692
within_A_Task-2,1669,0.5375
within_A_Task-2,1670,0.511538462
within_A_Task-2,1671,0.483653846
within_A_Task-2,1672,0.479807692
within_A_Task-2,1673,0.531730769
within_A_Task-2,1674,0.460576923
within_A_Task-2,1675,0.522115385
within_A_Task-2,1676,0.541346154
within_A_Task-2,1677,0.531730769
within_A_Task-2,1678,0.536538462
within_A_Task-2,1679,0.564423077
within_A_Task-2,1680,0.438461538
within_A_Task-2,1681,0.449038462
within_A_Task-2,1682,0.374038462
within_A_Task-2,1683,0.507692308
within_A_Task-2,1684,0.485576923
within_A_Task-2,1685,0.5
within_A_Task-2,1686,0.4375
within_A_Task-2,1687,0.4125
within_A_Task-2,1688,0.527884615
within_A_Task-2,1689,0.501923077
within_A_Task-2,1690,0.484615385
within_A_Task-2,1691,0.454807692
within_A_Task-2,1692,0.499038462
within_A_Task-2,1693,0.576923077
within_A_Task-2,1694,0.579807692
within_A_Task-2,1695,0.579807692
within_A_Task-2,1696,0.555769231
within_A_Task-2,1697,0.467307692
within_A_Task-2,1698,0.545192308
within_A_Task-2,1699,0.459615385
within_A_Task-2,1700,0.502884615
within_A_Task-2,1701,0.424038462
within_A_Task-2,1702,0.397115385
within_A_Task-2,1703,0.517307692
within_A_Task-2,1704,0.451923077
within_A_Task-2,1705,0.500961538
within_A_Task-2,1706,0.5625
within_A_Task-2,1707,0.459615385
within_A_Task-2,1708,0.577884615
within_A_Task-2,1709,0.482692308
within_A_Task-2,1710,0.552884615
within_A_Task-2,1711,0.427884615
within_A_Task-2,1712,0.504807692
within_A_Task-2,1713,0.533653846
within_A_Task-2,1714,0.473076923
within_A_Task-2,1715,0.559615385
within_A_Task-2,1716,0.626923077
within_A_Task-2,1717,0.464423077
within_A_Task-2,1718,0.611538462
within_A_Task-2,1719,0.486538462
within_A_Task-2,1720,0.477884615
within_A_Task-2,1721,0.508653846
within_A_Task-2,1722,0.417307692
within_A_Task-2,1723,0.472115385
within_A_Task-2,1724,0.465384615
within_A_Task-2,1725,0.465384615
within_A_Task-2,1726,0.496153846
within_A_Task-2,1727,0.589423077
within_A_Task-2,1728,0.520192308
within_A_Task-2,1729,0.507692308
within_A_Task-2,1730,0.624038462
within_A_Task-2,1731,0.646153846
within_A_Task-2,1732,0.483653846
within_A_Task-2,1733,0.493269231
within_A_Task-2,1734,0.4375
within_A_Task-2,1735,0.516346154
within_A_Task-2,1736,0.554807692
within_A_Task-2,1737,0.443269231
within_A_Task-2,1738,0.510576923
within_A_Task-2,1739,0.504807692
within_A_Task-2,1740,0.5875
within_A_Task-2,1741,0.435576923
within_A_Task-2,1742,0.435576923
within_A_Task-2,1743,0.460576923
within_A_Task-2,1744,0.504807692
within_A_Task-2,1745,0.470192308
within_A_Task-2,1746,0.494230769
within_A_Task-2,1747,0.491346154
within_A_Task-2,1748,0.599038462
within_A_Task-2,1749,0.425961538
within_A_Task-2,1750,0.504807692
within_A_Task-2,1751,0.419230769
within_A_Task-2,1752,0.469230769
within_A_Task-2,1753,0.4625
within_A_Task-2,1754,0.463461538
within_A_Task-2,1755,0.482692308
within_A_Task-2,1756,0.526923077
within_A_Task-2,1757,0.567307692
within_A_Task-2,1758,0.575
within_A_Task-2,1759,0.532692308
within_A_Task-2,1760,0.433653846
within_A_Task-2,1761,0.55
within_A_Task-2,1762,0.473076923
within_A_Task-2,1763,0.5
within_A_Task-2,1764,0.439423077
within_A_Task-2,1765,0.456730769
within_A_Task-2,1766,0.508653846
within_A_Task-2,1767,0.394230769
within_A_Task-2,1768,0.485576923
within_A_Task-2,1769,0.401923077
within_A_Task-2,1770,0.396153846
within_A_Task-2,1771,0.397115385
within_A_Task-2,1772,0.526923077
within_A_Task-2,1773,0.396153846
within_A_Task-2,1774,0.489423077
within_A_Task-2,1775,0.559615385
within_A_Task-2,1776,0.415384615
within_A_Task-2,1777,0.475961538
within_A_Task-2,1778,0.464423077
within_A_Task-2,1779,0.577884615
within_A_Task-2,1780,0.394230769
within_A_Task-2,1781,0.439423077
within_A_Task-2,1782,0.475961538
within_A_Task-2,1783,0.621153846
within_A_Task-2,1784,0.460576923
within_A_Task-2,1785,0.528846154
within_A_Task-2,1786,0.549038462
within_A_Task-2,1787,0.624038462
within_A_Task-2,1788,0.473076923
within_A_Task-2,1789,0.406730769
within_A_Task-2,1790,0.609615385
within_A_Task-2,1791,0.425961538
within_A_Task-2,1792,0.491346154
within_A_Task-2,1793,0.524038462
within_A_Task-2,1794,0.498076923
within_A_Task-2,1795,0.482692308
within_A_Task-2,1796,0.551923077
within_A_Task-2,1797,0.533653846
within_A_Task-2,1798,0.430769231
within_A_Task-2,1799,0.457692308
within_A_Task-2,1800,0.424038462
within_A_Task-2,1801,0.516346154
within_A_Task-2,1802,0.570192308
within_A_Task-2,1803,0.488461538
within_A_Task-2,1804,0.634615385
within_A_Task-2,1805,0.398076923
within_A_Task-2,1806,0.565384615
within_A_Task-2,1807,0.5875
within_A_Task-2,1808,0.538461538
within_A_Task-2,1809,0.551923077
within_A_Task-2,1810,0.498076923
within_A_Task-2,1811,0.540384615
within_A_Task-2,1812,0.567307692
within_A_Task-2,1813,0.564423077
within_A_Task-2,1814,0.5875
within_A_Task-2,1815,0.488461538
within_A_Task-2,1816,0.466346154
within_A_Task-2,1817,0.424038462
within_A_Task-2,1818,0.535576923
within_A_Task-2,1819,0.545192308
within_A_Task-2,1820,0.451923077
within_A_Task-2,1821,0.577884615
within_A_Task-2,1822,0.504807692
within_A_Task-2,1823,0.4125
within_A_Task-2,1824,0.513461538
within_A_Task-2,1825,0.488461538
within_A_Task-2,1826,0.623076923
within_A_Task-2,1827,0.560576923
within_A_Task-2,1828,0.552884615
within_A_Task-2,1829,0.413461538
within_A_Task-2,1830,0.492307692
within_A_Task-2,1831,0.595192308
within_A_Task-2,1832,0.493269231
within_A_Task-2,1833,0.509615385
within_A_Task-2,1834,0.510576923
within_A_Task-2,1835,0.546153846
within_A_Task-2,1836,0.428846154
within_A_Task-2,1837,0.456730769
within_A_Task-2,1838,0.478846154
within_A_Task-2,1839,0.482692308
within_A_Task-2,1840,0.414423077
within_A_Task-2,1841,0.572115385
within_A_Task-2,1842,0.510576923
within_A_Task-2,1843,0.483653846
within_A_Task-2,1844,0.575
within_A_Task-2,1845,0.619230769
within_A_Task-2,1846,0.479807692
within_A_Task-2,1847,0.567307692
within_A_Task-2,1848,0.546153846
within_A_Task-2,1849,0.5
within_A_Task-2,1850,0.461538462
within_A_Task-2,1851,0.469230769
within_A_Task-2,1852,0.573076923
within_A_Task-2,1853,0.532692308
within_A_Task-2,1854,0.427884615
within_A_Task-2,1855,0.445192308
within_A_Task-2,1856,0.503846154
within_A_Task-2,1857,0.501923077
within_A_Task-2,1858,0.418269231
within_A_Task-2,1859,0.507692308
within_A_Task-2,1860,0.577884615
within_A_Task-2,1861,0.413461538
within_A_Task-2,1862,0.575
within_A_Task-2,1863,0.4
within_A_Task-2,1864,0.580769231
within_A_Task-2,1865,0.510576923
within_A_Task-2,1866,0.545192308
within_A_Task-2,1867,0.534615385
within_A_Task-2,1868,0.511538462
within_A_Task-2,1869,0.435576923
within_A_Task-2,1870,0.435576923
within_A_Task-2,1871,0.536538462
within_A_Task-2,1872,0.506730769
within_A_Task-2,1873,0.609615385
within_A_Task-2,1874,0.574038462
within_A_Task-2,1875,0.542307692
within_A_Task-2,1876,0.535576923
within_A_Task-2,1877,0.488461538
within_A_Task-2,1878,0.517307692
within_A_Task-2,1879,0.524038462
within_A_Task-2,1880,0.451923077
within_A_Task-2,1881,0.492307692
within_A_Task-2,1882,0.459615385
within_A_Task-2,1883,0.524038462
within_A_Task-2,1884,0.507692308
within_A_Task-2,1885,0.463461538
within_A_Task-2,1886,0.457692308
within_A_Task-2,1887,0.552884615
within_A_Task-2,1888,0.526923077
within_A_Task-2,1889,0.404807692
within_A_Task-2,1890,0.443269231
within_A_Task-2,1891,0.552884615
within_A_Task-2,1892,0.543269231
within_A_Task-2,1893,0.517307692
within_A_Task-2,1894,0.502884615
within_A_Task-2,1895,0.625961538
within_A_Task-2,1896,0.373076923
within_A_Task-2,1897,0.361538462
within_A_Task-2,1898,0.460576923
within_A_Task-2,1899,0.498076923
within_A_Task-2,1900,0.480769231
within_A_Task-2,1901,0.418269231
within_A_Task-2,1902,0.461538462
within_A_Task-2,1903,0.421153846
within_A_Task-2,1904,0.576923077
within_A_Task-2,1905,0.565384615
within_A_Task-2,1906,0.485576923
within_A_Task-2,1907,0.490384615
within_A_Task-2,1908,0.529807692
within_A_Task-2,1909,0.420192308
within_A_Task-2,1910,0.561538462
within_A_Task-2,1911,0.426923077
within_A_Task-2,1912,0.581730769
within_A_Task-2,1913,0.483653846
within_A_Task-2,1914,0.448076923
within_A_Task-2,1915,0.483653846
within_A_Task-2,1916,0.467307692
within_A_Task-2,1917,0.465384615
within_A_Task-2,1918,0.439423077
within_A_Task-2,1919,0.499038462
within_A_Task-2,1920,0.529807692
within_A_Task-2,1921,0.4375
within_A_Task-2,1922,0.558653846
within_A_Task-2,1923,0.435576923
within_A_Task-2,1924,0.485576923
within_A_Task-2,1925,0.480769231
within_A_Task-2,1926,0.6125
within_A_Task-2,1927,0.506730769
within_A_Task-2,1928,0.458653846
within_A_Task-2,1929,0.565384615
within_A_Task-2,1930,0.525961538
within_A_Task-2,1931,0.511538462
within_A_Task-2,1932,0.521153846
within_A_Task-2,1933,0.514423077
within_A_Task-2,1934,0.440384615
within_A_Task-2,1935,0.506730769
within_A_Task-2,1936,0.442307692
within_A_Task-2,1937,0.454807692
within_A_Task-2,1938,0.449038462
within_A_Task-2,1939,0.426923077
within_A_Task-2,1940,0.396153846
within_A_Task-2,1941,0.434615385
within_A_Task-2,1942,0.549038462
within_A_Task-2,1943,0.483653846
within_A_Task-2,1944,0.55
within_A_Task-2,1945,0.518269231
within_A_Task-2,1946,0.429807692
within_A_Task-2,1947,0.554807692
within_A_Task-2,1948,0.406730769
within_A_Task-2,1949,0.441346154
within_A_Task-2,1950,0.547115385
within_A_Task-2,1951,0.578846154
within_A_Task-2,1952,0.476923077
within_A_Task-2,1953,0.500961538
within_A_Task-2,1954,0.479807692
within_A_Task-2,1955,0.378846154
within_A_Task-2,1956,0.424038462
within_A_Task-2,1957,0.467307692
within_A_Task-2,1958,0.466346154
within_A_Task-2,1959,0.574038462
within_A_Task-2,1960,0.448076923
within_A_Task-2,1961,0.456730769
within_A_Task-2,1962,0.481730769
within_A_Task-2,1963,0.477884615
within_A_Task-2,1964,0.472115385
within_A_Task-2,1965,0.565384615
within_A_Task-2,1966,0.545192308
within_A_Task-2,1967,0.440384615
within_A_Task-2,1968,0.558653846
within_A_Task-2,1969,0.577884615
within_A_Task-2,1970,0.408653846
within_A_Task-2,1971,0.455769231
within_A_Task-2,1972,0.485576923
within_A_Task-2,1973,0.522115385
within_A_Task-2,1974,0.524038462
within_A_Task-2,1975,0.461538462
within_A_Task-2,1976,0.564423077
within_A_Task-2,1977,0.489423077
within_A_Task-2,1978,0.473076923
within_A_Task-2,1979,0.475961538
within_A_Task-2,1980,0.505769231
within_A_Task-2,1981,0.502884615
within_A_Task-2,1982,0.552884615
within_A_Task-2,1983,0.463461538
within_A_Task-2,1984,0.403846154
within_A_Task-2,1985,0.533653846
within_A_Task-2,1986,0.4875
within_A_Task-2,1987,0.555769231
within_A_Task-2,1988,0.449038462
within_A_Task-2,1989,0.481730769
within_A_Task-2,1990,0.482692308
within_A_Task-2,1991,0.505769231
within_A_Task-2,1992,0.485576923
within_A_Task-2,1993,0.405769231
within_A_Task-2,1994,0.447115385
within_A_Task-2,1995,0.399038462
within_A_Task-2,1996,0.470192308
within_A_Task-2,1997,0.503846154
within_A_Task-2,1998,0.455769231
within_A_Task-2,1999,0.428846154
within_B_Task-1,1,0.576942108
within_B_Task-1,2,0.502474023
within_B_Task-1,3,0.456952004
within_B_Task-1,4,0.591538842
within_B_Task-1,5,0.537357744
within_B_Task-1,6,0.466600693
within_B_Task-1,7,0.437654626
within_B_Task-1,8,0.513112321
within_B_Task-1,9,0.424789708
within_B_Task-1,10,0.546016823
within_B_Task-1,11,0.591538842
within_B_Task-1,12,0.445324097
within_B_Task-1,13,0.53043048
within_B_Task-1,14,0.567293419
within_B_Task-1,15,0.452993568
within_B_Task-1,16,0.453983177
within_B_Task-1,17,0.46956952
within_B_Task-1,18,0.546016823
within_B_Task-1,19,0.56630381
within_B_Task-1,20,0.507174666
within_B_Task-1,21,0.533399307
within_B_Task-1,22,0.46091044
within_B_Task-1,23,0.567293419
within_B_Task-1,24,0.418109847
within_B_Task-1,25,0.456952004
within_B_Task-1,26,0.378525482
within_B_Task-1,27,0.522761009
within_B_Task-1,28,0.452993568
within_B_Task-1,29,0.38916378
within_B_Task-1,30,0.51410193
within_B_Task-1,31,0.482187036
within_B_Task-1,32,0.446313706
within_B_Task-1,33,0.546016823
within_B_Task-1,34,0.471548738
within_B_Task-1,35,0.513112321
within_B_Task-1,36,0.540079169
within_B_Task-1,37,0.535378525
within_B_Task-1,38,0.464621475
within_B_Task-1,39,0.612815438
within_B_Task-1,40,0.525729837
within_B_Task-1,41,0.4782286
within_B_Task-1,42,0.613805047
within_B_Task-1,43,0.471301336
within_B_Task-1,44,0.466600693
within_B_Task-1,45,0.535378525
within_B_Task-1,46,0.481197427
within_B_Task-1,47,0.479218209
within_B_Task-1,48,0.589559624
within_B_Task-1,49,0.40648194
within_B_Task-1,50,0.431716972
within_B_Task-1,51,0.579910935
within_B_Task-1,52,0.458931222
within_B_Task-1,53,0.511133102
within_B_Task-1,54,0.479218209
within_B_Task-1,55,0.503463632
within_B_Task-1,56,0.419099456
within_B_Task-1,57,0.516081148
within_B_Task-1,58,0.571251856
within_B_Task-1,59,0.409450767
within_B_Task-1,60,0.589559624
within_B_Task-1,61,0.622464127
within_B_Task-1,62,0.503463632
within_B_Task-1,63,0.432706581
within_B_Task-1,64,0.429737754
within_B_Task-1,65,0.498515586
within_B_Task-1,66,0.488866898
within_B_Task-1,67,0.55764473
within_B_Task-1,68,0.499505195
within_B_Task-1,69,0.555665512
within_B_Task-1,70,0.465611084
within_B_Task-1,71,0.4782286
within_B_Task-1,72,0.535378525
within_B_Task-1,73,0.55764473
within_B_Task-1,74,0.446313706
within_B_Task-1,75,0.457941613
within_B_Task-1,76,0.501484414
within_B_Task-1,77,0.462642256
within_B_Task-1,78,0.525729837
within_B_Task-1,79,0.498515586
within_B_Task-1,80,0.459920831
within_B_Task-1,81,0.467590302
within_B_Task-1,82,0.467590302
within_B_Task-1,83,0.587580406
within_B_Task-1,84,0.467590302
within_B_Task-1,85,0.532409698
within_B_Task-1,86,0.569272637
within_B_Task-1,87,0.51410193
within_B_Task-1,88,0.48589807
within_B_Task-1,89,0.524740228
within_B_Task-1,90,0.577931717
within_B_Task-1,91,0.524740228
within_B_Task-1,92,0.533399307
within_B_Task-1,93,0.42503711
within_B_Task-1,94,0.435675408
within_B_Task-1,95,0.411429985
within_B_Task-1,96,0.492825334
within_B_Task-1,97,0.544037605
within_B_Task-1,98,0.603166749
within_B_Task-1,99,0.500494805
within_B_Task-1,100,0.387184562
within_B_Task-1,101,0.443344879
within_B_Task-1,102,0.497525977
within_B_Task-1,103,0.531420089
within_B_Task-1,104,0.592528451
within_B_Task-1,105,0.511133102
within_B_Task-1,106,0.547006432
within_B_Task-1,107,0.444334488
within_B_Task-1,108,0.456952004
within_B_Task-1,109,0.421078674
within_B_Task-1,110,0.589559624
within_B_Task-1,111,0.452993568
within_B_Task-1,112,0.476249381
within_B_Task-1,113,0.456952004
within_B_Task-1,114,0.516081148
within_B_Task-1,115,0.48589807
within_B_Task-1,116,0.431716972
within_B_Task-1,117,0.466600693
within_B_Task-1,118,0.467590302
within_B_Task-1,119,0.502474023
within_B_Task-1,120,0.475259772
within_B_Task-1,121,0.547006432
within_B_Task-1,122,0.464621475
within_B_Task-1,123,0.419099456
within_B_Task-1,124,0.488866898
within_B_Task-1,125,0.431716972
within_B_Task-1,126,0.420089065
within_B_Task-1,127,0.59351806
within_B_Task-1,128,0.434685799
within_B_Task-1,129,0.454972786
within_B_Task-1,130,0.499505195
within_B_Task-1,131,0.506185057
within_B_Task-1,132,0.515091539
within_B_Task-1,133,0.544037605
within_B_Task-1,134,0.409450767
within_B_Task-1,135,0.443344879
within_B_Task-1,136,0.532409698
within_B_Task-1,137,0.376546264
within_B_Task-1,138,0.477238991
within_B_Task-1,139,0.472290945
within_B_Task-1,140,0.535378525
within_B_Task-1,141,0.376546264
within_B_Task-1,142,0.558634339
within_B_Task-1,143,0.547006432
within_B_Task-1,144,0.449282533
within_B_Task-1,145,0.500494805
within_B_Task-1,146,0.477238991
within_B_Task-1,147,0.511133102
within_B_Task-1,148,0.38916378
within_B_Task-1,149,0.592528451
within_B_Task-1,150,0.473527956
within_B_Task-1,151,0.428005938
within_B_Task-1,152,0.480207818
within_B_Task-1,153,0.38916378
within_B_Task-1,154,0.510143493
within_B_Task-1,155,0.546016823
within_B_Task-1,156,0.510143493
within_B_Task-1,157,0.600197922
within_B_Task-1,158,0.513112321
within_B_Task-1,159,0.463631865
within_B_Task-1,160,0.452993568
within_B_Task-1,161,0.502474023
within_B_Task-1,162,0.377535873
within_B_Task-1,163,0.45002474
within_B_Task-1,164,0.446313706
within_B_Task-1,165,0.510143493
within_B_Task-1,166,0.481197427
within_B_Task-1,167,0.430727363
within_B_Task-1,168,0.591538842
within_B_Task-1,169,0.581890153
within_B_Task-1,170,0.426026719
within_B_Task-1,171,0.429737754
within_B_Task-1,172,0.591538842
within_B_Task-1,173,0.408461158
within_B_Task-1,174,0.513112321
within_B_Task-1,175,0.497525977
within_B_Task-1,176,0.454972786
within_B_Task-1,177,0.452993568
within_B_Task-1,178,0.463631865
within_B_Task-1,179,0.435675408
within_B_Task-1,180,0.486145473
within_B_Task-1,181,0.490846116
within_B_Task-1,182,0.376546264
within_B_Task-1,183,0.422068283
within_B_Task-1,184,0.506185057
within_B_Task-1,185,0.556655121
within_B_Task-1,186,0.472538347
within_B_Task-1,187,0.4782286
within_B_Task-1,188,0.440376051
within_B_Task-1,189,0.367887185
within_B_Task-1,190,0.333993073
within_B_Task-1,191,0.488866898
within_B_Task-1,192,0.378525482
within_B_Task-1,193,0.499505195
within_B_Task-1,194,0.457941613
within_B_Task-1,195,0.622464127
within_B_Task-1,196,0.369866403
within_B_Task-1,197,0.532409698
within_B_Task-1,198,0.443344879
within_B_Task-1,199,0.448292924
within_B_Task-1,200,0.532409698
within_B_Task-1,201,0.512122712
within_B_Task-1,202,0.502474023
within_B_Task-1,203,0.612815438
within_B_Task-1,204,0.482187036
within_B_Task-1,205,0.582879762
within_B_Task-1,206,0.371845621
within_B_Task-1,207,0.4782286
within_B_Task-1,208,0.542058387
within_B_Task-1,209,0.438396833
within_B_Task-1,210,0.430727363
within_B_Task-1,211,0.432706581
within_B_Task-1,212,0.569272637
within_B_Task-1,213,0.481197427
within_B_Task-1,214,0.501484414
within_B_Task-1,215,0.4782286
within_B_Task-1,216,0.408461158
within_B_Task-1,217,0.547006432
within_B_Task-1,218,0.590549233
within_B_Task-1,219,0.501484414
within_B_Task-1,220,0.473280554
within_B_Task-1,221,0.466600693
within_B_Task-1,222,0.494804552
within_B_Task-1,223,0.354280059
within_B_Task-1,224,0.448292924
within_B_Task-1,225,0.44235527
within_B_Task-1,226,0.380504701
within_B_Task-1,227,0.527461653
within_B_Task-1,228,0.480207818
within_B_Task-1,229,0.495546759
within_B_Task-1,230,0.543047996
within_B_Task-1,231,0.576942108
within_B_Task-1,232,0.322365166
within_B_Task-1,233,0.402770905
within_B_Task-1,234,0.411429985
within_B_Task-1,235,0.531420089
within_B_Task-1,236,0.550717467
within_B_Task-1,237,0.43369619
within_B_Task-1,238,0.500494805
within_B_Task-1,239,0.477238991
within_B_Task-1,240,0.483176645
within_B_Task-1,241,0.474270163
within_B_Task-1,242,0.546016823
within_B_Task-1,243,0.458931222
within_B_Task-1,244,0.563334983
within_B_Task-1,245,0.480207818
within_B_Task-1,246,0.470559129
within_B_Task-1,247,0.502474023
within_B_Task-1,248,0.567293419
within_B_Task-1,249,0.600197922
within_B_Task-1,250,0.434685799
within_B_Task-1,251,0.542058387
within_B_Task-1,252,0.516081148
within_B_Task-1,253,0.490846116
within_B_Task-1,254,0.487877288
within_B_Task-1,255,0.386194953
within_B_Task-1,256,0.536368135
within_B_Task-1,257,0.563334983
within_B_Task-1,258,0.491835725
within_B_Task-1,259,0.452993568
within_B_Task-1,260,0.379515092
within_B_Task-1,261,0.359228105
within_B_Task-1,262,0.512122712
within_B_Task-1,263,0.542058387
within_B_Task-1,264,0.522761009
within_B_Task-1,265,0.712518555
within_B_Task-1,266,0.453983177
within_B_Task-1,267,0.456952004
within_B_Task-1,268,0.547996042
within_B_Task-1,269,0.412419594
within_B_Task-1,270,0.657347848
within_B_Task-1,271,0.510143493
within_B_Task-1,272,0.415388422
within_B_Task-1,273,0.4782286
within_B_Task-1,274,0.569272637
within_B_Task-1,275,0.476249381
within_B_Task-1,276,0.500494805
within_B_Task-1,277,0.401781296
within_B_Task-1,278,0.540079169
within_B_Task-1,279,0.580900544
within_B_Task-1,280,0.555665512
within_B_Task-1,281,0.454972786
within_B_Task-1,282,0.480207818
within_B_Task-1,283,0.412419594
within_B_Task-1,284,0.623453736
within_B_Task-1,285,0.592528451
within_B_Task-1,286,0.464621475
within_B_Task-1,287,0.623453736
within_B_Task-1,288,0.634092034
within_B_Task-1,289,0.480207818
within_B_Task-1,290,0.512122712
within_B_Task-1,291,0.480207818
within_B_Task-1,292,0.470559129
within_B_Task-1,293,0.614794656
within_B_Task-1,294,0.465611084
within_B_Task-1,295,0.472290945
within_B_Task-1,296,0.558634339
within_B_Task-1,297,0.5217714
within_B_Task-1,298,0.403760515
within_B_Task-1,299,0.590549233
within_B_Task-1,300,0.414398812
within_B_Task-1,301,0.506432459
within_B_Task-1,302,0.455962395
within_B_Task-1,303,0.476249381
within_B_Task-1,304,0.60217714
within_B_Task-1,305,0.4782286
within_B_Task-1,306,0.487877288
within_B_Task-1,307,0.465611084
within_B_Task-1,308,0.548985651
within_B_Task-1,309,0.419099456
within_B_Task-1,310,0.522761009
within_B_Task-1,311,0.455962395
within_B_Task-1,312,0.558634339
within_B_Task-1,313,0.570262246
within_B_Task-1,314,0.57496289
within_B_Task-1,315,0.477238991
within_B_Task-1,316,0.603166749
within_B_Task-1,317,0.567293419
within_B_Task-1,318,0.457941613
within_B_Task-1,319,0.512122712
within_B_Task-1,320,0.456952004
within_B_Task-1,321,0.545027214
within_B_Task-1,322,0.464621475
within_B_Task-1,323,0.462642256
within_B_Task-1,324,0.490846116
within_B_Task-1,325,0.636071252
within_B_Task-1,326,0.46091044
within_B_Task-1,327,0.427016329
within_B_Task-1,328,0.477238991
within_B_Task-1,329,0.479218209
within_B_Task-1,330,0.553686294
within_B_Task-1,331,0.552696685
within_B_Task-1,332,0.60217714
within_B_Task-1,333,0.434685799
within_B_Task-1,334,0.488866898
within_B_Task-1,335,0.533399307
within_B_Task-1,336,0.580900544
within_B_Task-1,337,0.601187531
within_B_Task-1,338,0.511133102
within_B_Task-1,339,0.55764473
within_B_Task-1,340,0.584611578
within_B_Task-1,341,0.453983177
within_B_Task-1,342,0.375556655
within_B_Task-1,343,0.579910935
within_B_Task-1,344,0.545027214
within_B_Task-1,345,0.624443345
within_B_Task-1,346,0.556655121
within_B_Task-1,347,0.435675408
within_B_Task-1,348,0.568283028
within_B_Task-1,349,0.542058387
within_B_Task-1,350,0.613805047
within_B_Task-1,351,0.480207818
within_B_Task-1,352,0.423057892
within_B_Task-1,353,0.558634339
within_B_Task-1,354,0.351311232
within_B_Task-1,355,0.533399307
within_B_Task-1,356,0.467590302
within_B_Task-1,357,0.510143493
within_B_Task-1,358,0.466600693
within_B_Task-1,359,0.310737259
within_B_Task-1,360,0.419099456
within_B_Task-1,361,0.552696685
within_B_Task-1,362,0.579910935
within_B_Task-1,363,0.501484414
within_B_Task-1,364,0.621474518
within_B_Task-1,365,0.499505195
within_B_Task-1,366,0.467590302
within_B_Task-1,367,0.577931717
within_B_Task-1,368,0.553686294
within_B_Task-1,369,0.356259278
within_B_Task-1,370,0.540079169
within_B_Task-1,371,0.400791687
within_B_Task-1,372,0.623453736
within_B_Task-1,373,0.480207818
within_B_Task-1,374,0.416378031
within_B_Task-1,375,0.455962395
within_B_Task-1,376,0.48589807
within_B_Task-1,377,0.48589807
within_B_Task-1,378,0.468579911
within_B_Task-1,379,0.477238991
within_B_Task-1,380,0.526472044
within_B_Task-1,381,0.624443345
within_B_Task-1,382,0.476249381
within_B_Task-1,383,0.536368135
within_B_Task-1,384,0.56630381
within_B_Task-1,385,0.378525482
within_B_Task-1,386,0.502474023
within_B_Task-1,387,0.410440376
within_B_Task-1,388,0.452993568
within_B_Task-1,389,0.634092034
within_B_Task-1,390,0.443344879
within_B_Task-1,391,0.499505195
within_B_Task-1,392,0.444334488
within_B_Task-1,393,0.423057892
within_B_Task-1,394,0.523750619
within_B_Task-1,395,0.546016823
within_B_Task-1,396,0.458931222
within_B_Task-1,397,0.569272637
within_B_Task-1,398,0.51410193
within_B_Task-1,399,0.432706581
within_B_Task-1,400,0.524740228
within_B_Task-1,401,0.55764473
within_B_Task-1,402,0.510143493
within_B_Task-1,403,0.626422563
within_B_Task-1,404,0.457941613
within_B_Task-1,405,0.555665512
within_B_Task-1,406,0.419099456
within_B_Task-1,407,0.456952004
within_B_Task-1,408,0.405739733
within_B_Task-1,409,0.502474023
within_B_Task-1,410,0.476249381
within_B_Task-1,411,0.457941613
within_B_Task-1,412,0.558634339
within_B_Task-1,413,0.423057892
within_B_Task-1,414,0.476249381
within_B_Task-1,415,0.636071252
within_B_Task-1,416,0.441365661
within_B_Task-1,417,0.599208313
within_B_Task-1,418,0.410440376
within_B_Task-1,419,0.493814943
within_B_Task-1,420,0.477238991
within_B_Task-1,421,0.398812469
within_B_Task-1,422,0.393122217
within_B_Task-1,423,0.624443345
within_B_Task-1,424,0.510143493
within_B_Task-1,425,0.391142999
within_B_Task-1,426,0.30974765
within_B_Task-1,427,0.487877288
within_B_Task-1,428,0.465611084
within_B_Task-1,429,0.457941613
within_B_Task-1,430,0.455962395
within_B_Task-1,431,0.41736764
within_B_Task-1,432,0.464621475
within_B_Task-1,433,0.489856507
within_B_Task-1,434,0.421078674
within_B_Task-1,435,0.452003958
within_B_Task-1,436,0.590549233
within_B_Task-1,437,0.434685799
within_B_Task-1,438,0.453983177
within_B_Task-1,439,0.526719446
within_B_Task-1,440,0.591538842
within_B_Task-1,441,0.546016823
within_B_Task-1,442,0.45002474
within_B_Task-1,443,0.534388916
within_B_Task-1,444,0.388174171
within_B_Task-1,445,0.542058387
within_B_Task-1,446,0.488866898
within_B_Task-1,447,0.42503711
within_B_Task-1,448,0.507174666
within_B_Task-1,449,0.386194953
within_B_Task-1,450,0.523750619
within_B_Task-1,451,0.524740228
within_B_Task-1,452,0.519792182
within_B_Task-1,453,0.522761009
within_B_Task-1,454,0.635081643
within_B_Task-1,455,0.578921326
within_B_Task-1,456,0.522761009
within_B_Task-1,457,0.533399307
within_B_Task-1,458,0.535378525
within_B_Task-1,459,0.498515586
within_B_Task-1,460,0.423057892
within_B_Task-1,461,0.422068283
within_B_Task-1,462,0.48589807
within_B_Task-1,463,0.399802078
within_B_Task-1,464,0.544037605
within_B_Task-1,465,0.543047996
within_B_Task-1,466,0.500494805
within_B_Task-1,467,0.483176645
within_B_Task-1,468,0.441365661
within_B_Task-1,469,0.423057892
within_B_Task-1,470,0.523750619
within_B_Task-1,471,0.412419594
within_B_Task-1,472,0.544037605
within_B_Task-1,473,0.466600693
within_B_Task-1,474,0.568283028
within_B_Task-1,475,0.436665017
within_B_Task-1,476,0.34562098
within_B_Task-1,477,0.570262246
within_B_Task-1,478,0.421078674
within_B_Task-1,479,0.511133102
within_B_Task-1,480,0.604156358
within_B_Task-1,481,0.46956952
within_B_Task-1,482,0.422068283
within_B_Task-1,483,0.575952499
within_B_Task-1,484,0.579910935
within_B_Task-1,485,0.468579911
within_B_Task-1,486,0.577931717
within_B_Task-1,487,0.524740228
within_B_Task-1,488,0.411429985
within_B_Task-1,489,0.60217714
within_B_Task-1,490,0.480207818
within_B_Task-1,491,0.359228105
within_B_Task-1,492,0.515091539
within_B_Task-1,493,0.499505195
within_B_Task-1,494,0.447303315
within_B_Task-1,495,0.452993568
within_B_Task-1,496,0.542058387
within_B_Task-1,497,0.462642256
within_B_Task-1,498,0.536368135
within_B_Task-1,499,0.498515586
within_B_Task-1,500,0.625432954
within_B_Task-1,501,0.333993073
within_B_Task-1,502,0.367887185
within_B_Task-1,503,0.512122712
within_B_Task-1,504,0.493567541
within_B_Task-1,505,0.526719446
within_B_Task-1,506,0.545027214
within_B_Task-1,507,0.576942108
within_B_Task-1,508,0.64670955
within_B_Task-1,509,0.476249381
within_B_Task-1,510,0.536368135
within_B_Task-1,511,0.480207818
within_B_Task-1,512,0.46956952
within_B_Task-1,513,0.445324097
within_B_Task-1,514,0.555665512
within_B_Task-1,515,0.569272637
within_B_Task-1,516,0.484166254
within_B_Task-1,517,0.57496289
within_B_Task-1,518,0.471548738
within_B_Task-1,519,0.553686294
within_B_Task-1,520,0.513112321
within_B_Task-1,521,0.5217714
within_B_Task-1,522,0.450272143
within_B_Task-1,523,0.534388916
within_B_Task-1,524,0.453983177
within_B_Task-1,525,0.509153884
within_B_Task-1,526,0.535378525
within_B_Task-1,527,0.533399307
within_B_Task-1,528,0.479218209
within_B_Task-1,529,0.436665017
within_B_Task-1,530,0.509153884
within_B_Task-1,531,0.523750619
within_B_Task-1,532,0.527461653
within_B_Task-1,533,0.522761009
within_B_Task-1,534,0.524740228
within_B_Task-1,535,0.477238991
within_B_Task-1,536,0.448292924
within_B_Task-1,537,0.614794656
within_B_Task-1,538,0.510143493
within_B_Task-1,539,0.601187531
within_B_Task-1,540,0.391142999
within_B_Task-1,541,0.398812469
within_B_Task-1,542,0.524740228
within_B_Task-1,543,0.515091539
within_B_Task-1,544,0.534388916
within_B_Task-1,545,0.444334488
within_B_Task-1,546,0.522761009
within_B_Task-1,547,0.634092034
within_B_Task-1,548,0.421078674
within_B_Task-1,549,0.468579911
within_B_Task-1,550,0.555665512
within_B_Task-1,551,0.518802573
within_B_Task-1,552,0.589559624
within_B_Task-1,553,0.432706581
within_B_Task-1,554,0.515091539
within_B_Task-1,555,0.46956952
within_B_Task-1,556,0.60217714
within_B_Task-1,557,0.464621475
within_B_Task-1,558,0.569272637
within_B_Task-1,559,0.476249381
within_B_Task-1,560,0.464621475
within_B_Task-1,561,0.493567541
within_B_Task-1,562,0.534388916
within_B_Task-1,563,0.402770905
within_B_Task-1,564,0.5217714
within_B_Task-1,565,0.411429985
within_B_Task-1,566,0.500494805
within_B_Task-1,567,0.415141019
within_B_Task-1,568,0.464621475
within_B_Task-1,569,0.509153884
within_B_Task-1,570,0.40648194
within_B_Task-1,571,0.513112321
within_B_Task-1,572,0.422068283
within_B_Task-1,573,0.537357744
within_B_Task-1,574,0.520781791
within_B_Task-1,575,0.484908461
within_B_Task-1,576,0.479218209
within_B_Task-1,577,0.547996042
within_B_Task-1,578,0.383473528
within_B_Task-1,579,0.477238991
within_B_Task-1,580,0.60217714
within_B_Task-1,581,0.519792182
within_B_Task-1,582,0.482929243
within_B_Task-1,583,0.558634339
within_B_Task-1,584,0.636071252
within_B_Task-1,585,0.546016823
within_B_Task-1,586,0.619495299
within_B_Task-1,587,0.570262246
within_B_Task-1,588,0.445324097
within_B_Task-1,589,0.441365661
within_B_Task-1,590,0.498515586
within_B_Task-1,591,0.505195448
within_B_Task-1,592,0.488866898
within_B_Task-1,593,0.343641762
within_B_Task-1,594,0.590549233
within_B_Task-1,595,0.511133102
within_B_Task-1,596,0.522761009
within_B_Task-1,597,0.591538842
within_B_Task-1,598,0.580900544
within_B_Task-1,599,0.411429985
within_B_Task-1,600,0.535378525
within_B_Task-1,601,0.577931717
within_B_Task-1,602,0.568283028
within_B_Task-1,603,0.510143493
within_B_Task-1,604,0.504205839
within_B_Task-1,605,0.492825334
within_B_Task-1,606,0.421078674
within_B_Task-1,607,0.556655121
within_B_Task-1,608,0.479218209
within_B_Task-1,609,0.501484414
within_B_Task-1,610,0.524740228
within_B_Task-1,611,0.38149431
within_B_Task-1,612,0.546016823
within_B_Task-1,613,0.498515586
within_B_Task-1,614,0.413409203
within_B_Task-1,615,0.520781791
within_B_Task-1,616,0.457941613
within_B_Task-1,617,0.501484414
within_B_Task-1,618,0.503463632
within_B_Task-1,619,0.443344879
within_B_Task-1,620,0.484166254
within_B_Task-1,621,0.489856507
within_B_Task-1,622,0.456952004
within_B_Task-1,623,0.534388916
within_B_Task-1,624,0.625432954
within_B_Task-1,625,0.577931717
within_B_Task-1,626,0.544037605
within_B_Task-1,627,0.449282533
within_B_Task-1,628,0.55764473
within_B_Task-1,629,0.547006432
within_B_Task-1,630,0.481197427
within_B_Task-1,631,0.458931222
within_B_Task-1,632,0.527709055
within_B_Task-1,633,0.453983177
within_B_Task-1,634,0.429737754
within_B_Task-1,635,0.531420089
within_B_Task-1,636,0.614794656
within_B_Task-1,637,0.520781791
within_B_Task-1,638,0.482187036
within_B_Task-1,639,0.495546759
within_B_Task-1,640,0.5217714
within_B_Task-1,641,0.426026719
within_B_Task-1,642,0.558634339
within_B_Task-1,643,0.518802573
within_B_Task-1,644,0.412419594
within_B_Task-1,645,0.447303315
within_B_Task-1,646,0.519792182
within_B_Task-1,647,0.455962395
within_B_Task-1,648,0.498515586
within_B_Task-1,649,0.504453241
within_B_Task-1,650,0.613805047
within_B_Task-1,651,0.466600693
within_B_Task-1,652,0.503463632
within_B_Task-1,653,0.411429985
within_B_Task-1,654,0.484166254
within_B_Task-1,655,0.500494805
within_B_Task-1,656,0.546016823
within_B_Task-1,657,0.411429985
within_B_Task-1,658,0.46956952
within_B_Task-1,659,0.436665017
within_B_Task-1,660,0.492825334
within_B_Task-1,661,0.624443345
within_B_Task-1,662,0.55764473
within_B_Task-1,663,0.421078674
within_B_Task-1,664,0.475259772
within_B_Task-1,665,0.520781791
within_B_Task-1,666,0.490846116
within_B_Task-1,667,0.520781791
within_B_Task-1,668,0.446313706
within_B_Task-1,669,0.493814943
within_B_Task-1,670,0.354280059
within_B_Task-1,671,0.50544285
within_B_Task-1,672,0.498515586
within_B_Task-1,673,0.556655121
within_B_Task-1,674,0.581890153
within_B_Task-1,675,0.509153884
within_B_Task-1,676,0.524740228
within_B_Task-1,677,0.526719446
within_B_Task-1,678,0.510143493
within_B_Task-1,679,0.369866403
within_B_Task-1,680,0.512122712
within_B_Task-1,681,0.569272637
within_B_Task-1,682,0.415388422
within_B_Task-1,683,0.448292924
within_B_Task-1,684,0.501484414
within_B_Task-1,685,0.624443345
within_B_Task-1,686,0.482187036
within_B_Task-1,687,0.403760515
within_B_Task-1,688,0.443344879
within_B_Task-1,689,0.623453736
within_B_Task-1,690,0.458931222
within_B_Task-1,691,0.542058387
within_B_Task-1,692,0.459920831
within_B_Task-1,693,0.523750619
within_B_Task-1,694,0.432706581
within_B_Task-1,695,0.437654626
within_B_Task-1,696,0.612815438
within_B_Task-1,697,0.408461158
within_B_Task-1,698,0.413409203
within_B_Task-1,699,0.546016823
within_B_Task-1,700,0.392132608
within_B_Task-1,701,0.511133102
within_B_Task-1,702,0.489856507
within_B_Task-1,703,0.456952004
within_B_Task-1,704,0.449035131
within_B_Task-1,705,0.436665017
within_B_Task-1,706,0.513112321
within_B_Task-1,707,0.431716972
within_B_Task-1,708,0.579910935
within_B_Task-1,709,0.488866898
within_B_Task-1,710,0.543047996
within_B_Task-1,711,0.480207818
within_B_Task-1,712,0.547006432
within_B_Task-1,713,0.457941613
within_B_Task-1,714,0.357248887
within_B_Task-1,715,0.547996042
within_B_Task-1,716,0.466600693
within_B_Task-1,717,0.432706581
within_B_Task-1,718,0.413409203
within_B_Task-1,719,0.483918852
within_B_Task-1,720,0.579910935
within_B_Task-1,721,0.533399307
within_B_Task-1,722,0.536368135
within_B_Task-1,723,0.531420089
within_B_Task-1,724,0.53043048
within_B_Task-1,725,0.568283028
within_B_Task-1,726,0.465611084
within_B_Task-1,727,0.548985651
within_B_Task-1,728,0.534388916
within_B_Task-1,729,0.556655121
within_B_Task-1,730,0.454972786
within_B_Task-1,731,0.444334488
within_B_Task-1,732,0.558634339
within_B_Task-1,733,0.545027214
within_B_Task-1,734,0.499505195
within_B_Task-1,735,0.547006432
within_B_Task-1,736,0.424047501
within_B_Task-1,737,0.543047996
within_B_Task-1,738,0.499505195
within_B_Task-1,739,0.509153884
within_B_Task-1,740,0.556655121
within_B_Task-1,741,0.589559624
within_B_Task-1,742,0.624443345
within_B_Task-1,743,0.426026719
within_B_Task-1,744,0.452993568
within_B_Task-1,745,0.55764473
within_B_Task-1,746,0.413409203
within_B_Task-1,747,0.555665512
within_B_Task-1,748,0.503463632
within_B_Task-1,749,0.576942108
within_B_Task-1,750,0.459920831
within_B_Task-1,751,0.465611084
within_B_Task-1,752,0.589559624
within_B_Task-1,753,0.526719446
within_B_Task-1,754,0.401781296
within_B_Task-1,755,0.567293419
within_B_Task-1,756,0.402770905
within_B_Task-1,757,0.609846611
within_B_Task-1,758,0.4782286
within_B_Task-1,759,0.380504701
within_B_Task-1,760,0.458931222
within_B_Task-1,761,0.467590302
within_B_Task-1,762,0.523750619
within_B_Task-1,763,0.556655121
within_B_Task-1,764,0.511133102
within_B_Task-1,765,0.455962395
within_B_Task-1,766,0.567293419
within_B_Task-1,767,0.548985651
within_B_Task-1,768,0.445324097
within_B_Task-1,769,0.528451262
within_B_Task-1,770,0.520781791
within_B_Task-1,771,0.500494805
within_B_Task-1,772,0.454972786
within_B_Task-1,773,0.467590302
within_B_Task-1,774,0.445324097
within_B_Task-1,775,0.473280554
within_B_Task-1,776,0.481197427
within_B_Task-1,777,0.460663038
within_B_Task-1,778,0.452993568
within_B_Task-1,779,0.535378525
within_B_Task-1,780,0.622464127
within_B_Task-1,781,0.515091539
within_B_Task-1,782,0.489856507
within_B_Task-1,783,0.536368135
within_B_Task-1,784,0.4782286
within_B_Task-1,785,0.509153884
within_B_Task-1,786,0.466600693
within_B_Task-1,787,0.428005938
within_B_Task-1,788,0.547006432
within_B_Task-1,789,0.483176645
within_B_Task-1,790,0.499505195
within_B_Task-1,791,0.430727363
within_B_Task-1,792,0.569272637
within_B_Task-1,793,0.501484414
within_B_Task-1,794,0.49455715
within_B_Task-1,795,0.533399307
within_B_Task-1,796,0.382483919
within_B_Task-1,797,0.547006432
within_B_Task-1,798,0.498515586
within_B_Task-1,799,0.547996042
within_B_Task-1,800,0.527709055
within_B_Task-1,801,0.446313706
within_B_Task-1,802,0.477238991
within_B_Task-1,803,0.56630381
within_B_Task-1,804,0.555665512
within_B_Task-1,805,0.511133102
within_B_Task-1,806,0.443344879
within_B_Task-1,807,0.506432459
within_B_Task-1,808,0.428748144
within_B_Task-1,809,0.536120732
within_B_Task-1,810,0.499505195
within_B_Task-1,811,0.522761009
within_B_Task-1,812,0.310737259
within_B_Task-1,813,0.456952004
within_B_Task-1,814,0.476249381
within_B_Task-1,815,0.42503711
within_B_Task-1,816,0.490846116
within_B_Task-1,817,0.520781791
within_B_Task-1,818,0.545027214
within_B_Task-1,819,0.579910935
within_B_Task-1,820,0.401781296
within_B_Task-1,821,0.4782286
within_B_Task-1,822,0.466600693
within_B_Task-1,823,0.479218209
within_B_Task-1,824,0.46091044
within_B_Task-1,825,0.50544285
within_B_Task-1,826,0.601187531
within_B_Task-1,827,0.51410193
within_B_Task-1,828,0.440376051
within_B_Task-1,829,0.51410193
within_B_Task-1,830,0.603166749
within_B_Task-1,831,0.476249381
within_B_Task-1,832,0.564324592
within_B_Task-1,833,0.401781296
within_B_Task-1,834,0.561355764
within_B_Task-1,835,0.444334488
within_B_Task-1,836,0.490846116
within_B_Task-1,837,0.493567541
within_B_Task-1,838,0.559623949
within_B_Task-1,839,0.518802573
within_B_Task-1,840,0.535378525
within_B_Task-1,841,0.422068283
within_B_Task-1,842,0.484166254
within_B_Task-1,843,0.519792182
within_B_Task-1,844,0.489856507
within_B_Task-1,845,0.57496289
within_B_Task-1,846,0.634092034
within_B_Task-1,847,0.501484414
within_B_Task-1,848,0.456952004
within_B_Task-1,849,0.456952004
within_B_Task-1,850,0.45002474
within_B_Task-1,851,0.420089065
within_B_Task-1,852,0.419099456
within_B_Task-1,853,0.439386442
within_B_Task-1,854,0.613805047
within_B_Task-1,855,0.569272637
within_B_Task-1,856,0.480207818
within_B_Task-1,857,0.369866403
within_B_Task-1,858,0.488866898
within_B_Task-1,859,0.577931717
within_B_Task-1,860,0.569272637
within_B_Task-1,861,0.393122217
within_B_Task-1,862,0.461652647
within_B_Task-1,863,0.568283028
within_B_Task-1,864,0.591538842
within_B_Task-1,865,0.532409698
within_B_Task-1,866,0.490846116
within_B_Task-1,867,0.508164275
within_B_Task-1,868,0.591538842
within_B_Task-1,869,0.464621475
within_B_Task-1,870,0.476249381
within_B_Task-1,871,0.556655121
within_B_Task-1,872,0.503463632
within_B_Task-1,873,0.446313706
within_B_Task-1,874,0.601187531
within_B_Task-1,875,0.43369619
within_B_Task-1,876,0.447303315
within_B_Task-1,877,0.458931222
within_B_Task-1,878,0.470559129
within_B_Task-1,879,0.453983177
within_B_Task-1,880,0.568283028
within_B_Task-1,881,0.490846116
within_B_Task-1,882,0.504453241
within_B_Task-1,883,0.53043048
within_B_Task-1,884,0.483918852
within_B_Task-1,885,0.431716972
within_B_Task-1,886,0.4782286
within_B_Task-1,887,0.555665512
within_B_Task-1,888,0.472538347
within_B_Task-1,889,0.414398812
within_B_Task-1,890,0.568283028
within_B_Task-1,891,0.536368135
within_B_Task-1,892,0.391142999
within_B_Task-1,893,0.546016823
within_B_Task-1,894,0.453983177
within_B_Task-1,895,0.416130628
within_B_Task-1,896,0.533399307
within_B_Task-1,897,0.591538842
within_B_Task-1,898,0.394111826
within_B_Task-1,899,0.487877288
within_B_Task-1,900,0.420089065
within_B_Task-1,901,0.558634339
within_B_Task-1,902,0.465611084
within_B_Task-1,903,0.43369619
within_B_Task-1,904,0.43369619
within_B_Task-1,905,0.503463632
within_B_Task-1,906,0.338693716
within_B_Task-1,907,0.524740228
within_B_Task-1,908,0.398812469
within_B_Task-1,909,0.625432954
within_B_Task-1,910,0.420089065
within_B_Task-1,911,0.461900049
within_B_Task-1,912,0.476249381
within_B_Task-1,913,0.484908461
within_B_Task-1,914,0.534388916
within_B_Task-1,915,0.49455715
within_B_Task-1,916,0.464621475
within_B_Task-1,917,0.407471549
within_B_Task-1,918,0.452993568
within_B_Task-1,919,0.412419594
within_B_Task-1,920,0.531420089
within_B_Task-1,921,0.404502721
within_B_Task-1,922,0.580900544
within_B_Task-1,923,0.498515586
within_B_Task-1,924,0.466600693
within_B_Task-1,925,0.38149431
within_B_Task-1,926,0.502474023
within_B_Task-1,927,0.443344879
within_B_Task-1,928,0.43369619
within_B_Task-1,929,0.581890153
within_B_Task-1,930,0.432706581
within_B_Task-1,931,0.434685799
within_B_Task-1,932,0.578921326
within_B_Task-1,933,0.452993568
within_B_Task-1,934,0.488866898
within_B_Task-1,935,0.51410193
within_B_Task-1,936,0.483176645
within_B_Task-1,937,0.531420089
within_B_Task-1,938,0.422068283
within_B_Task-1,939,0.579910935
within_B_Task-1,940,0.489856507
within_B_Task-1,941,0.447303315
within_B_Task-1,942,0.467590302
within_B_Task-1,943,0.531420089
within_B_Task-1,944,0.365907966
within_B_Task-1,945,0.475259772
within_B_Task-1,946,0.60217714
within_B_Task-1,947,0.331024245
within_B_Task-1,948,0.46956952
within_B_Task-1,949,0.612815438
within_B_Task-1,950,0.477238991
within_B_Task-1,951,0.603166749
within_B_Task-1,952,0.487877288
within_B_Task-1,953,0.604156358
within_B_Task-1,954,0.546016823
within_B_Task-1,955,0.534388916
within_B_Task-1,956,0.477238991
within_B_Task-1,957,0.465611084
within_B_Task-1,958,0.413409203
within_B_Task-1,959,0.445324097
within_B_Task-1,960,0.408461158
within_B_Task-1,961,0.543047996
within_B_Task-1,962,0.435675408
within_B_Task-1,963,0.483176645
within_B_Task-1,964,0.465611084
within_B_Task-1,965,0.444334488
within_B_Task-1,966,0.441365661
within_B_Task-1,967,0.357248887
within_B_Task-1,968,0.43369619
within_B_Task-1,969,0.50544285
within_B_Task-1,970,0.522761009
within_B_Task-1,971,0.570262246
within_B_Task-1,972,0.490846116
within_B_Task-1,973,0.379515092
within_B_Task-1,974,0.48589807
within_B_Task-1,975,0.60217714
within_B_Task-1,976,0.448292924
within_B_Task-1,977,0.387184562
within_B_Task-1,978,0.290450272
within_B_Task-1,979,0.529440871
within_B_Task-1,980,0.417120238
within_B_Task-1,981,0.497525977
within_B_Task-1,982,0.569272637
within_B_Task-1,983,0.493814943
within_B_Task-1,984,0.455962395
within_B_Task-1,985,0.524740228
within_B_Task-1,986,0.540079169
within_B_Task-1,987,0.501484414
within_B_Task-1,988,0.419099456
within_B_Task-1,989,0.482929243
within_B_Task-1,990,0.500494805
within_B_Task-1,991,0.452993568
within_B_Task-1,992,0.590549233
within_B_Task-1,993,0.542058387
within_B_Task-1,994,0.534388916
within_B_Task-1,995,0.533399307
within_B_Task-1,996,0.46956952
within_B_Task-1,997,0.535378525
within_B_Task-1,998,0.533399307
within_B_Task-1,999,0.531420089
within_B_Task-1,1000,0.453983177
within_B_Task-1,1001,0.379515092
within_B_Task-1,1002,0.481197427
within_B_Task-1,1003,0.476249381
within_B_Task-1,1004,0.489856507
within_B_Task-1,1005,0.501484414
within_B_Task-1,1006,0.559623949
within_B_Task-1,1007,0.473280554
within_B_Task-1,1008,0.520781791
within_B_Task-1,1009,0.380504701
within_B_Task-1,1010,0.425779317
within_B_Task-1,1011,0.427758535
within_B_Task-1,1012,0.509153884
within_B_Task-1,1013,0.497525977
within_B_Task-1,1014,0.497525977
within_B_Task-1,1015,0.57496289
within_B_Task-1,1016,0.356259278
within_B_Task-1,1017,0.609846611
within_B_Task-1,1018,0.479218209
within_B_Task-1,1019,0.525729837
within_B_Task-1,1020,0.545027214
within_B_Task-1,1021,0.422068283
within_B_Task-1,1022,0.615784265
within_B_Task-1,1023,0.479218209
within_B_Task-1,1024,0.501484414
within_B_Task-1,1025,0.500494805
within_B_Task-1,1026,0.399802078
within_B_Task-1,1027,0.482187036
within_B_Task-1,1028,0.511133102
within_B_Task-1,1029,0.490846116
within_B_Task-1,1030,0.543047996
within_B_Task-1,1031,0.51410193
within_B_Task-1,1032,0.418109847
within_B_Task-1,1033,0.509153884
within_B_Task-1,1034,0.422068283
within_B_Task-1,1035,0.634092034
within_B_Task-1,1036,0.512122712
within_B_Task-1,1037,0.532409698
within_B_Task-1,1038,0.475259772
within_B_Task-1,1039,0.39782286
within_B_Task-1,1040,0.523750619
within_B_Task-1,1041,0.513112321
within_B_Task-1,1042,0.419099456
within_B_Task-1,1043,0.534388916
within_B_Task-1,1044,0.501484414
within_B_Task-1,1045,0.35329045
within_B_Task-1,1046,0.543047996
within_B_Task-1,1047,0.439386442
within_B_Task-1,1048,0.494804552
within_B_Task-1,1049,0.444334488
within_B_Task-1,1050,0.532409698
within_B_Task-1,1051,0.522761009
within_B_Task-1,1052,0.510143493
within_B_Task-1,1053,0.547996042
within_B_Task-1,1054,0.553686294
within_B_Task-1,1055,0.512122712
within_B_Task-1,1056,0.531420089
within_B_Task-1,1057,0.370856012
within_B_Task-1,1058,0.508164275
within_B_Task-1,1059,0.511133102
within_B_Task-1,1060,0.492825334
within_B_Task-1,1061,0.378525482
within_B_Task-1,1062,0.419099456
within_B_Task-1,1063,0.501484414
within_B_Task-1,1064,0.555665512
within_B_Task-1,1065,0.440376051
within_B_Task-1,1066,0.455962395
within_B_Task-1,1067,0.522761009
within_B_Task-1,1068,0.374567046
within_B_Task-1,1069,0.524740228
within_B_Task-1,1070,0.522761009
within_B_Task-1,1071,0.491835725
within_B_Task-1,1072,0.498515586
within_B_Task-1,1073,0.509153884
within_B_Task-1,1074,0.589559624
within_B_Task-1,1075,0.515091539
within_B_Task-1,1076,0.543047996
within_B_Task-1,1077,0.410440376
within_B_Task-1,1078,0.446313706
within_B_Task-1,1079,0.575952499
within_B_Task-1,1080,0.464621475
within_B_Task-1,1081,0.400791687
within_B_Task-1,1082,0.481197427
within_B_Task-1,1083,0.39782286
within_B_Task-1,1084,0.487877288
within_B_Task-1,1085,0.490846116
within_B_Task-1,1086,0.554675903
within_B_Task-1,1087,0.436665017
within_B_Task-1,1088,0.533399307
within_B_Task-1,1089,0.445324097
within_B_Task-1,1090,0.538347353
within_B_Task-1,1091,0.578921326
within_B_Task-1,1092,0.529440871
within_B_Task-1,1093,0.569272637
within_B_Task-1,1094,0.45002474
within_B_Task-1,1095,0.580900544
within_B_Task-1,1096,0.480207818
within_B_Task-1,1097,0.53043048
within_B_Task-1,1098,0.464621475
within_B_Task-1,1099,0.571994062
within_B_Task-1,1100,0.544037605
within_B_Task-1,1101,0.519792182
within_B_Task-1,1102,0.567293419
within_B_Task-1,1103,0.487877288
within_B_Task-1,1104,0.570262246
within_B_Task-1,1105,0.507174666
within_B_Task-1,1106,0.526719446
within_B_Task-1,1107,0.533399307
within_B_Task-1,1108,0.522761009
within_B_Task-1,1109,0.56630381
within_B_Task-1,1110,0.502474023
within_B_Task-1,1111,0.455962395
within_B_Task-1,1112,0.438644236
within_B_Task-1,1113,0.424047501
within_B_Task-1,1114,0.591538842
within_B_Task-1,1115,0.400791687
within_B_Task-1,1116,0.499505195
within_B_Task-1,1117,0.547006432
within_B_Task-1,1118,0.577931717
within_B_Task-1,1119,0.537357744
within_B_Task-1,1120,0.546016823
within_B_Task-1,1121,0.476249381
within_B_Task-1,1122,0.48589807
within_B_Task-1,1123,0.390153389
within_B_Task-1,1124,0.457941613
within_B_Task-1,1125,0.467590302
within_B_Task-1,1126,0.356259278
within_B_Task-1,1127,0.441365661
within_B_Task-1,1128,0.44235527
within_B_Task-1,1129,0.531420089
within_B_Task-1,1130,0.543047996
within_B_Task-1,1131,0.476249381
within_B_Task-1,1132,0.500494805
within_B_Task-1,1133,0.360959921
within_B_Task-1,1134,0.410440376
within_B_Task-1,1135,0.501484414
within_B_Task-1,1136,0.496536368
within_B_Task-1,1137,0.34562098
within_B_Task-1,1138,0.479218209
within_B_Task-1,1139,0.491835725
within_B_Task-1,1140,0.502474023
within_B_Task-1,1141,0.600197922
within_B_Task-1,1142,0.481197427
within_B_Task-1,1143,0.569272637
within_B_Task-1,1144,0.534388916
within_B_Task-1,1145,0.355269668
within_B_Task-1,1146,0.544037605
within_B_Task-1,1147,0.504453241
within_B_Task-1,1148,0.444334488
within_B_Task-1,1149,0.453983177
within_B_Task-1,1150,0.554675903
within_B_Task-1,1151,0.430727363
within_B_Task-1,1152,0.567293419
within_B_Task-1,1153,0.512122712
within_B_Task-1,1154,0.531420089
within_B_Task-1,1155,0.534388916
within_B_Task-1,1156,0.470559129
within_B_Task-1,1157,0.624443345
within_B_Task-1,1158,0.515091539
within_B_Task-1,1159,0.633102425
within_B_Task-1,1160,0.458931222
within_B_Task-1,1161,0.63805047
within_B_Task-1,1162,0.519792182
within_B_Task-1,1163,0.528698664
within_B_Task-1,1164,0.533399307
within_B_Task-1,1165,0.44235527
within_B_Task-1,1166,0.542058387
within_B_Task-1,1167,0.414398812
within_B_Task-1,1168,0.466600693
within_B_Task-1,1169,0.344631371
within_B_Task-1,1170,0.458931222
within_B_Task-1,1171,0.581890153
within_B_Task-1,1172,0.466600693
within_B_Task-1,1173,0.525729837
within_B_Task-1,1174,0.523750619
within_B_Task-1,1175,0.523750619
within_B_Task-1,1176,0.358238496
within_B_Task-1,1177,0.475259772
within_B_Task-1,1178,0.434685799
within_B_Task-1,1179,0.5217714
within_B_Task-1,1180,0.579910935
within_B_Task-1,1181,0.456952004
within_B_Task-1,1182,0.613805047
within_B_Task-1,1183,0.480207818
within_B_Task-1,1184,0.482187036
within_B_Task-1,1185,0.46956952
within_B_Task-1,1186,0.522761009
within_B_Task-1,1187,0.457941613
within_B_Task-1,1188,0.532409698
within_B_Task-1,1189,0.632112815
within_B_Task-1,1190,0.481197427
within_B_Task-1,1191,0.546016823
within_B_Task-1,1192,0.477238991
within_B_Task-1,1193,0.453983177
within_B_Task-1,1194,0.410440376
within_B_Task-1,1195,0.400791687
within_B_Task-1,1196,0.491835725
within_B_Task-1,1197,0.502474023
within_B_Task-1,1198,0.365907966
within_B_Task-1,1199,0.535378525
within_B_Task-1,1200,0.533399307
within_B_Task-1,1201,0.578921326
within_B_Task-1,1202,0.570262246
within_B_Task-1,1203,0.455962395
within_B_Task-1,1204,0.468579911
within_B_Task-1,1205,0.493567541
within_B_Task-1,1206,0.38149431
within_B_Task-1,1207,0.523750619
within_B_Task-1,1208,0.481197427
within_B_Task-1,1209,0.465611084
within_B_Task-1,1210,0.494804552
within_B_Task-1,1211,0.544037605
within_B_Task-1,1212,0.427758535
within_B_Task-1,1213,0.486887679
within_B_Task-1,1214,0.414398812
within_B_Task-1,1215,0.39782286
within_B_Task-1,1216,0.497525977
within_B_Task-1,1217,0.564324592
within_B_Task-1,1218,0.55764473
within_B_Task-1,1219,0.500494805
within_B_Task-1,1220,0.411429985
within_B_Task-1,1221,0.441365661
within_B_Task-1,1222,0.443344879
within_B_Task-1,1223,0.323354775
within_B_Task-1,1224,0.510143493
within_B_Task-1,1225,0.42503711
within_B_Task-1,1226,0.56630381
within_B_Task-1,1227,0.465611084
within_B_Task-1,1228,0.430727363
within_B_Task-1,1229,0.535378525
within_B_Task-1,1230,0.495546759
within_B_Task-1,1231,0.431716972
within_B_Task-1,1232,0.60217714
within_B_Task-1,1233,0.43369619
within_B_Task-1,1234,0.503463632
within_B_Task-1,1235,0.437654626
within_B_Task-1,1236,0.480207818
within_B_Task-1,1237,0.534388916
within_B_Task-1,1238,0.526472044
within_B_Task-1,1239,0.558634339
within_B_Task-1,1240,0.467590302
within_B_Task-1,1241,0.48589807
within_B_Task-1,1242,0.508164275
within_B_Task-1,1243,0.388174171
within_B_Task-1,1244,0.432706581
within_B_Task-1,1245,0.519792182
within_B_Task-1,1246,0.511133102
within_B_Task-1,1247,0.481197427
within_B_Task-1,1248,0.471548738
within_B_Task-1,1249,0.502474023
within_B_Task-1,1250,0.386194953
within_B_Task-1,1251,0.522761009
within_B_Task-1,1252,0.38916378
within_B_Task-1,1253,0.443344879
within_B_Task-1,1254,0.524740228
within_B_Task-1,1255,0.55764473
within_B_Task-1,1256,0.539336962
within_B_Task-1,1257,0.512122712
within_B_Task-1,1258,0.537357744
within_B_Task-1,1259,0.655368629
within_B_Task-1,1260,0.547996042
within_B_Task-1,1261,0.445324097
within_B_Task-1,1262,0.482187036
within_B_Task-1,1263,0.492825334
within_B_Task-1,1264,0.545027214
within_B_Task-1,1265,0.502474023
within_B_Task-1,1266,0.451014349
within_B_Task-1,1267,0.500494805
within_B_Task-1,1268,0.534388916
within_B_Task-1,1269,0.516823355
within_B_Task-1,1270,0.437654626
within_B_Task-1,1271,0.524740228
within_B_Task-1,1272,0.546016823
within_B_Task-1,1273,0.520781791
within_B_Task-1,1274,0.592528451
within_B_Task-1,1275,0.510143493
within_B_Task-1,1276,0.446313706
within_B_Task-1,1277,0.5217714
within_B_Task-1,1278,0.459920831
within_B_Task-1,1279,0.411429985
within_B_Task-1,1280,0.581890153
within_B_Task-1,1281,0.55764473
within_B_Task-1,1282,0.454972786
within_B_Task-1,1283,0.501484414
within_B_Task-1,1284,0.568283028
within_B_Task-1,1285,0.427016329
within_B_Task-1,1286,0.416378031
within_B_Task-1,1287,0.420089065
within_B_Task-1,1288,0.408461158
within_B_Task-1,1289,0.501484414
within_B_Task-1,1290,0.493814943
within_B_Task-1,1291,0.414398812
within_B_Task-1,1292,0.378525482
within_B_Task-1,1293,0.421078674
within_B_Task-1,1294,0.468579911
within_B_Task-1,1295,0.532409698
within_B_Task-1,1296,0.475259772
within_B_Task-1,1297,0.458931222
within_B_Task-1,1298,0.535378525
within_B_Task-1,1299,0.712518555
within_B_Task-1,1300,0.448292924
within_B_Task-1,1301,0.531420089
within_B_Task-1,1302,0.437654626
within_B_Task-1,1303,0.453983177
within_B_Task-1,1304,0.577931717
within_B_Task-1,1305,0.488866898
within_B_Task-1,1306,0.454972786
within_B_Task-1,1307,0.415388422
within_B_Task-1,1308,0.535378525
within_B_Task-1,1309,0.487877288
within_B_Task-1,1310,0.542058387
within_B_Task-1,1311,0.545027214
within_B_Task-1,1312,0.501484414
within_B_Task-1,1313,0.465611084
within_B_Task-1,1314,0.387184562
within_B_Task-1,1315,0.43369619
within_B_Task-1,1316,0.537357744
within_B_Task-1,1317,0.386194953
within_B_Task-1,1318,0.526719446
within_B_Task-1,1319,0.518802573
within_B_Task-1,1320,0.462642256
within_B_Task-1,1321,0.568283028
within_B_Task-1,1322,0.5217714
within_B_Task-1,1323,0.548985651
within_B_Task-1,1324,0.483176645
within_B_Task-1,1325,0.342652152
within_B_Task-1,1326,0.580900544
within_B_Task-1,1327,0.520781791
within_B_Task-1,1328,0.465611084
within_B_Task-1,1329,0.520781791
within_B_Task-1,1330,0.481197427
within_B_Task-1,1331,0.457941613
within_B_Task-1,1332,0.456952004
within_B_Task-1,1333,0.462642256
within_B_Task-1,1334,0.473280554
within_B_Task-1,1335,0.423057892
within_B_Task-1,1336,0.637060861
within_B_Task-1,1337,0.444334488
within_B_Task-1,1338,0.366897575
within_B_Task-1,1339,0.511133102
within_B_Task-1,1340,0.46956952
within_B_Task-1,1341,0.587580406
within_B_Task-1,1342,0.46956952
within_B_Task-1,1343,0.447303315
within_B_Task-1,1344,0.543047996
within_B_Task-1,1345,0.429737754
within_B_Task-1,1346,0.414398812
within_B_Task-1,1347,0.515091539
within_B_Task-1,1348,0.490846116
within_B_Task-1,1349,0.54997526
within_B_Task-1,1350,0.454972786
within_B_Task-1,1351,0.546016823
within_B_Task-1,1352,0.555665512
within_B_Task-1,1353,0.600197922
within_B_Task-1,1354,0.444334488
within_B_Task-1,1355,0.509153884
within_B_Task-1,1356,0.668975755
within_B_Task-1,1357,0.575952499
within_B_Task-1,1358,0.323354775
within_B_Task-1,1359,0.550717467
within_B_Task-1,1360,0.507174666
within_B_Task-1,1361,0.645719941
within_B_Task-1,1362,0.501484414
within_B_Task-1,1363,0.5217714
within_B_Task-1,1364,0.463631865
within_B_Task-1,1365,0.523750619
within_B_Task-1,1366,0.558634339
within_B_Task-1,1367,0.55764473
within_B_Task-1,1368,0.5217714
within_B_Task-1,1369,0.53043048
within_B_Task-1,1370,0.494804552
within_B_Task-1,1371,0.558634339
within_B_Task-1,1372,0.504453241
within_B_Task-1,1373,0.435675408
within_B_Task-1,1374,0.534388916
within_B_Task-1,1375,0.546016823
within_B_Task-1,1376,0.430727363
within_B_Task-1,1377,0.535378525
within_B_Task-1,1378,0.418109847
within_B_Task-1,1379,0.553686294
within_B_Task-1,1380,0.480207818
within_B_Task-1,1381,0.465611084
within_B_Task-1,1382,0.558634339
within_B_Task-1,1383,0.476249381
within_B_Task-1,1384,0.535378525
within_B_Task-1,1385,0.434685799
within_B_Task-1,1386,0.452993568
within_B_Task-1,1387,0.556655121
within_B_Task-1,1388,0.532409698
within_B_Task-1,1389,0.410440376
within_B_Task-1,1390,0.493814943
within_B_Task-1,1391,0.512122712
within_B_Task-1,1392,0.479218209
within_B_Task-1,1393,0.538347353
within_B_Task-1,1394,0.416130628
within_B_Task-1,1395,0.449282533
within_B_Task-1,1396,0.462642256
within_B_Task-1,1397,0.489856507
within_B_Task-1,1398,0.4782286
within_B_Task-1,1399,0.621474518
within_B_Task-1,1400,0.475259772
within_B_Task-1,1401,0.524740228
within_B_Task-1,1402,0.565314201
within_B_Task-1,1403,0.424047501
within_B_Task-1,1404,0.477238991
within_B_Task-1,1405,0.588570015
within_B_Task-1,1406,0.61083622
within_B_Task-1,1407,0.590549233
within_B_Task-1,1408,0.493814943
within_B_Task-1,1409,0.588570015
within_B_Task-1,1410,0.410440376
within_B_Task-1,1411,0.441365661
within_B_Task-1,1412,0.556655121
within_B_Task-1,1413,0.486887679
within_B_Task-1,1414,0.498515586
within_B_Task-1,1415,0.38916378
within_B_Task-1,1416,0.454972786
within_B_Task-1,1417,0.555665512
within_B_Task-1,1418,0.540079169
within_B_Task-1,1419,0.554675903
within_B_Task-1,1420,0.456952004
within_B_Task-1,1421,0.467590302
within_B_Task-1,1422,0.487877288
within_B_Task-1,1423,0.453983177
within_B_Task-1,1424,0.39782286
within_B_Task-1,1425,0.513112321
within_B_Task-1,1426,0.456952004
within_B_Task-1,1427,0.526719446
within_B_Task-1,1428,0.414398812
within_B_Task-1,1429,0.452993568
within_B_Task-1,1430,0.500494805
within_B_Task-1,1431,0.603166749
within_B_Task-1,1432,0.510143493
within_B_Task-1,1433,0.532409698
within_B_Task-1,1434,0.522761009
within_B_Task-1,1435,0.465611084
within_B_Task-1,1436,0.528451262
within_B_Task-1,1437,0.567293419
within_B_Task-1,1438,0.447055913
within_B_Task-1,1439,0.645719941
within_B_Task-1,1440,0.456952004
within_B_Task-1,1441,0.387184562
within_B_Task-1,1442,0.51410193
within_B_Task-1,1443,0.533399307
within_B_Task-1,1444,0.563334983
within_B_Task-1,1445,0.545027214
within_B_Task-1,1446,0.525729837
within_B_Task-1,1447,0.507174666
within_B_Task-1,1448,0.410440376
within_B_Task-1,1449,0.439386442
within_B_Task-1,1450,0.533399307
within_B_Task-1,1451,0.500494805
within_B_Task-1,1452,0.468579911
within_B_Task-1,1453,0.534388916
within_B_Task-1,1454,0.357248887
within_B_Task-1,1455,0.525482434
within_B_Task-1,1456,0.545027214
within_B_Task-1,1457,0.537357744
within_B_Task-1,1458,0.556655121
within_B_Task-1,1459,0.556655121
within_B_Task-1,1460,0.487877288
within_B_Task-1,1461,0.540079169
within_B_Task-1,1462,0.492825334
within_B_Task-1,1463,0.458931222
within_B_Task-1,1464,0.441365661
within_B_Task-1,1465,0.4782286
within_B_Task-1,1466,0.592528451
within_B_Task-1,1467,0.526719446
within_B_Task-1,1468,0.526719446
within_B_Task-1,1469,0.471548738
within_B_Task-1,1470,0.570262246
within_B_Task-1,1471,0.55764473
within_B_Task-1,1472,0.421078674
within_B_Task-1,1473,0.547996042
within_B_Task-1,1474,0.563334983
within_B_Task-1,1475,0.410440376
within_B_Task-1,1476,0.556655121
within_B_Task-1,1477,0.5217714
within_B_Task-1,1478,0.475259772
within_B_Task-1,1479,0.480207818
within_B_Task-1,1480,0.536368135
within_B_Task-1,1481,0.367887185
within_B_Task-1,1482,0.536368135
within_B_Task-1,1483,0.525729837
within_B_Task-1,1484,0.465611084
within_B_Task-1,1485,0.624443345
within_B_Task-1,1486,0.489856507
within_B_Task-1,1487,0.516081148
within_B_Task-1,1488,0.497525977
within_B_Task-1,1489,0.461652647
within_B_Task-1,1490,0.536368135
within_B_Task-1,1491,0.444334488
within_B_Task-1,1492,0.570262246
within_B_Task-1,1493,0.537357744
within_B_Task-1,1494,0.500494805
within_B_Task-1,1495,0.558634339
within_B_Task-1,1496,0.46956952
within_B_Task-1,1497,0.553686294
within_B_Task-1,1498,0.473280554
within_B_Task-1,1499,0.524740228
within_B_Task-1,1500,0.436665017
within_B_Task-1,1501,0.543047996
within_B_Task-1,1502,0.590549233
within_B_Task-1,1503,0.466600693
within_B_Task-1,1504,0.420089065
within_B_Task-1,1505,0.515091539
within_B_Task-1,1506,0.489856507
within_B_Task-1,1507,0.564324592
within_B_Task-1,1508,0.589559624
within_B_Task-1,1509,0.489856507
within_B_Task-1,1510,0.492825334
within_B_Task-1,1511,0.510143493
within_B_Task-1,1512,0.476249381
within_B_Task-1,1513,0.567293419
within_B_Task-1,1514,0.479218209
within_B_Task-1,1515,0.534388916
within_B_Task-1,1516,0.398812469
within_B_Task-1,1517,0.476249381
within_B_Task-1,1518,0.42503711
within_B_Task-1,1519,0.466600693
within_B_Task-1,1520,0.420089065
within_B_Task-1,1521,0.4782286
within_B_Task-1,1522,0.419099456
within_B_Task-1,1523,0.453983177
within_B_Task-1,1524,0.436665017
within_B_Task-1,1525,0.535378525
within_B_Task-1,1526,0.488866898
within_B_Task-1,1527,0.391142999
within_B_Task-1,1528,0.481939634
within_B_Task-1,1529,0.544037605
within_B_Task-1,1530,0.547006432
within_B_Task-1,1531,0.446313706
within_B_Task-1,1532,0.487877288
within_B_Task-1,1533,0.601187531
within_B_Task-1,1534,0.523750619
within_B_Task-1,1535,0.532409698
within_B_Task-1,1536,0.547006432
within_B_Task-1,1537,0.512122712
within_B_Task-1,1538,0.544037605
within_B_Task-1,1539,0.508164275
within_B_Task-1,1540,0.477238991
within_B_Task-1,1541,0.511133102
within_B_Task-1,1542,0.43369619
within_B_Task-1,1543,0.532409698
within_B_Task-1,1544,0.455962395
within_B_Task-1,1545,0.419099456
within_B_Task-1,1546,0.535378525
within_B_Task-1,1547,0.535378525
within_B_Task-1,1548,0.489856507
within_B_Task-1,1549,0.558634339
within_B_Task-1,1550,0.567293419
within_B_Task-1,1551,0.512122712
within_B_Task-1,1552,0.612815438
within_B_Task-1,1553,0.535378525
within_B_Task-1,1554,0.547996042
within_B_Task-1,1555,0.467590302
within_B_Task-1,1556,0.448292924
within_B_Task-1,1557,0.553686294
within_B_Task-1,1558,0.487877288
within_B_Task-1,1559,0.43369619
within_B_Task-1,1560,0.464621475
within_B_Task-1,1561,0.501484414
within_B_Task-1,1562,0.531420089
within_B_Task-1,1563,0.454972786
within_B_Task-1,1564,0.468579911
within_B_Task-1,1565,0.56630381
within_B_Task-1,1566,0.443344879
within_B_Task-1,1567,0.447303315
within_B_Task-1,1568,0.518802573
within_B_Task-1,1569,0.421078674
within_B_Task-1,1570,0.575952499
within_B_Task-1,1571,0.437654626
within_B_Task-1,1572,0.466600693
within_B_Task-1,1573,0.569272637
within_B_Task-1,1574,0.476249381
within_B_Task-1,1575,0.536368135
within_B_Task-1,1576,0.428748144
within_B_Task-1,1577,0.470559129
within_B_Task-1,1578,0.542058387
within_B_Task-1,1579,0.519792182
within_B_Task-1,1580,0.538347353
within_B_Task-1,1581,0.529440871
within_B_Task-1,1582,0.489856507
within_B_Task-1,1583,0.569272637
within_B_Task-1,1584,0.387184562
within_B_Task-1,1585,0.568283028
within_B_Task-1,1586,0.456952004
within_B_Task-1,1587,0.509153884
within_B_Task-1,1588,0.401781296
within_B_Task-1,1589,0.512122712
within_B_Task-1,1590,0.435675408
within_B_Task-1,1591,0.569272637
within_B_Task-1,1592,0.579910935
within_B_Task-1,1593,0.489856507
within_B_Task-1,1594,0.502474023
within_B_Task-1,1595,0.533399307
within_B_Task-1,1596,0.54997526
within_B_Task-1,1597,0.490846116
within_B_Task-1,1598,0.465611084
within_B_Task-1,1599,0.420089065
within_B_Task-1,1600,0.386194953
within_B_Task-1,1601,0.390153389
within_B_Task-1,1602,0.547996042
within_B_Task-1,1603,0.420089065
within_B_Task-1,1604,0.344631371
within_B_Task-1,1605,0.577931717
within_B_Task-1,1606,0.589559624
within_B_Task-1,1607,0.532409698
within_B_Task-1,1608,0.576942108
within_B_Task-1,1609,0.467590302
within_B_Task-1,1610,0.531420089
within_B_Task-1,1611,0.516081148
within_B_Task-1,1612,0.51410193
within_B_Task-1,1613,0.537357744
within_B_Task-1,1614,0.533399307
within_B_Task-1,1615,0.511133102
within_B_Task-1,1616,0.592528451
within_B_Task-1,1617,0.501484414
within_B_Task-1,1618,0.481197427
within_B_Task-1,1619,0.364918357
within_B_Task-1,1620,0.569272637
within_B_Task-1,1621,0.544037605
within_B_Task-1,1622,0.512122712
within_B_Task-1,1623,0.556655121
within_B_Task-1,1624,0.495546759
within_B_Task-1,1625,0.497525977
within_B_Task-1,1626,0.520781791
within_B_Task-1,1627,0.534388916
within_B_Task-1,1628,0.516081148
within_B_Task-1,1629,0.388174171
within_B_Task-1,1630,0.536368135
within_B_Task-1,1631,0.453983177
within_B_Task-1,1632,0.446313706
within_B_Task-1,1633,0.486887679
within_B_Task-1,1634,0.534388916
within_B_Task-1,1635,0.382236517
within_B_Task-1,1636,0.376546264
within_B_Task-1,1637,0.434685799
within_B_Task-1,1638,0.534388916
within_B_Task-1,1639,0.375556655
within_B_Task-1,1640,0.465611084
within_B_Task-1,1641,0.490846116
within_B_Task-1,1642,0.448292924
within_B_Task-1,1643,0.436665017
within_B_Task-1,1644,0.458931222
within_B_Task-1,1645,0.4782286
within_B_Task-1,1646,0.413409203
within_B_Task-1,1647,0.508164275
within_B_Task-1,1648,0.420089065
within_B_Task-1,1649,0.470559129
within_B_Task-1,1650,0.491835725
within_B_Task-1,1651,0.600197922
within_B_Task-1,1652,0.556655121
within_B_Task-1,1653,0.555665512
within_B_Task-1,1654,0.613805047
within_B_Task-1,1655,0.483176645
within_B_Task-1,1656,0.53908956
within_B_Task-1,1657,0.533399307
within_B_Task-1,1658,0.491835725
within_B_Task-1,1659,0.46956952
within_B_Task-1,1660,0.577931717
within_B_Task-1,1661,0.475259772
within_B_Task-1,1662,0.458931222
within_B_Task-1,1663,0.547996042
within_B_Task-1,1664,0.467590302
within_B_Task-1,1665,0.57496289
within_B_Task-1,1666,0.483918852
within_B_Task-1,1667,0.519792182
within_B_Task-1,1668,0.61083622
within_B_Task-1,1669,0.509153884
within_B_Task-1,1670,0.532409698
within_B_Task-1,1671,0.519792182
within_B_Task-1,1672,0.363928748
within_B_Task-1,1673,0.500494805
within_B_Task-1,1674,0.516081148
within_B_Task-1,1675,0.454972786
within_B_Task-1,1676,0.473280554
within_B_Task-1,1677,0.444334488
within_B_Task-1,1678,0.423057892
within_B_Task-1,1679,0.402770905
within_B_Task-1,1680,0.542058387
within_B_Task-1,1681,0.456952004
within_B_Task-1,1682,0.556655121
within_B_Task-1,1683,0.497525977
within_B_Task-1,1684,0.380504701
within_B_Task-1,1685,0.446313706
within_B_Task-1,1686,0.611825829
within_B_Task-1,1687,0.592528451
within_B_Task-1,1688,0.418109847
within_B_Task-1,1689,0.424047501
within_B_Task-1,1690,0.391142999
within_B_Task-1,1691,0.644730332
within_B_Task-1,1692,0.452993568
within_B_Task-1,1693,0.552696685
within_B_Task-1,1694,0.564324592
within_B_Task-1,1695,0.508164275
within_B_Task-1,1696,0.545027214
within_B_Task-1,1697,0.44235527
within_B_Task-1,1698,0.38149431
within_B_Task-1,1699,0.483176645
within_B_Task-1,1700,0.511133102
within_B_Task-1,1701,0.578921326
within_B_Task-1,1702,0.5217714
within_B_Task-1,1703,0.475259772
within_B_Task-1,1704,0.5217714
within_B_Task-1,1705,0.410440376
within_B_Task-1,1706,0.4782286
within_B_Task-1,1707,0.483918852
within_B_Task-1,1708,0.552696685
within_B_Task-1,1709,0.559623949
within_B_Task-1,1710,0.546016823
within_B_Task-1,1711,0.46956952
within_B_Task-1,1712,0.489856507
within_B_Task-1,1713,0.38916378
within_B_Task-1,1714,0.356259278
within_B_Task-1,1715,0.512122712
within_B_Task-1,1716,0.524740228
within_B_Task-1,1717,0.545027214
within_B_Task-1,1718,0.598218704
within_B_Task-1,1719,0.511133102
within_B_Task-1,1720,0.501484414
within_B_Task-1,1721,0.537357744
within_B_Task-1,1722,0.447303315
within_B_Task-1,1723,0.579910935
within_B_Task-1,1724,0.524740228
within_B_Task-1,1725,0.51410193
within_B_Task-1,1726,0.398812469
within_B_Task-1,1727,0.501484414
within_B_Task-1,1728,0.378525482
within_B_Task-1,1729,0.558634339
within_B_Task-1,1730,0.55764473
within_B_Task-1,1731,0.60217714
within_B_Task-1,1732,0.498515586
within_B_Task-1,1733,0.457941613
within_B_Task-1,1734,0.430727363
within_B_Task-1,1735,0.420089065
within_B_Task-1,1736,0.604156358
within_B_Task-1,1737,0.448292924
within_B_Task-1,1738,0.455962395
within_B_Task-1,1739,0.511133102
within_B_Task-1,1740,0.467590302
within_B_Task-1,1741,0.525729837
within_B_Task-1,1742,0.555665512
within_B_Task-1,1743,0.520781791
within_B_Task-1,1744,0.553686294
within_B_Task-1,1745,0.554675903
within_B_Task-1,1746,0.503463632
within_B_Task-1,1747,0.510143493
within_B_Task-1,1748,0.515091539
within_B_Task-1,1749,0.524740228
within_B_Task-1,1750,0.463631865
within_B_Task-1,1751,0.50544285
within_B_Task-1,1752,0.565314201
within_B_Task-1,1753,0.497525977
within_B_Task-1,1754,0.527709055
within_B_Task-1,1755,0.585601188
within_B_Task-1,1756,0.468579911
within_B_Task-1,1757,0.479218209
within_B_Task-1,1758,0.590549233
within_B_Task-1,1759,0.413409203
within_B_Task-1,1760,0.515091539
within_B_Task-1,1761,0.444334488
within_B_Task-1,1762,0.525729837
within_B_Task-1,1763,0.524740228
within_B_Task-1,1764,0.441365661
within_B_Task-1,1765,0.434685799
within_B_Task-1,1766,0.448292924
within_B_Task-1,1767,0.367887185
within_B_Task-1,1768,0.544037605
within_B_Task-1,1769,0.460663038
within_B_Task-1,1770,0.544037605
within_B_Task-1,1771,0.556655121
within_B_Task-1,1772,0.471548738
within_B_Task-1,1773,0.567293419
within_B_Task-1,1774,0.542058387
within_B_Task-1,1775,0.624443345
within_B_Task-1,1776,0.488866898
within_B_Task-1,1777,0.579910935
within_B_Task-1,1778,0.365907966
within_B_Task-1,1779,0.424047501
within_B_Task-1,1780,0.554675903
within_B_Task-1,1781,0.429737754
within_B_Task-1,1782,0.492825334
within_B_Task-1,1783,0.535378525
within_B_Task-1,1784,0.46956952
within_B_Task-1,1785,0.479218209
within_B_Task-1,1786,0.482187036
within_B_Task-1,1787,0.534388916
within_B_Task-1,1788,0.468579911
within_B_Task-1,1789,0.454972786
within_B_Task-1,1790,0.398812469
within_B_Task-1,1791,0.50544285
within_B_Task-1,1792,0.522761009
within_B_Task-1,1793,0.492825334
within_B_Task-1,1794,0.491835725
within_B_Task-1,1795,0.488866898
within_B_Task-1,1796,0.637060861
within_B_Task-1,1797,0.424047501
within_B_Task-1,1798,0.527709055
within_B_Task-1,1799,0.509153884
within_B_Task-1,1800,0.43369619
within_B_Task-1,1801,0.59351806
within_B_Task-1,1802,0.580900544
within_B_Task-1,1803,0.580900544
within_B_Task-1,1804,0.533399307
within_B_Task-1,1805,0.568283028
within_B_Task-1,1806,0.520781791
within_B_Task-1,1807,0.568283028
within_B_Task-1,1808,0.547006432
within_B_Task-1,1809,0.533399307
within_B_Task-1,1810,0.446313706
within_B_Task-1,1811,0.489856507
within_B_Task-1,1812,0.570262246
within_B_Task-1,1813,0.507174666
within_B_Task-1,1814,0.423057892
within_B_Task-1,1815,0.375556655
within_B_Task-1,1816,0.307768431
within_B_Task-1,1817,0.367887185
within_B_Task-1,1818,0.432706581
within_B_Task-1,1819,0.576942108
within_B_Task-1,1820,0.523750619
within_B_Task-1,1821,0.531420089
within_B_Task-1,1822,0.532409698
within_B_Task-1,1823,0.510143493
within_B_Task-1,1824,0.513112321
within_B_Task-1,1825,0.558634339
within_B_Task-1,1826,0.571251856
within_B_Task-1,1827,0.409450767
within_B_Task-1,1828,0.535378525
within_B_Task-1,1829,0.536368135
within_B_Task-1,1830,0.489856507
within_B_Task-1,1831,0.533399307
within_B_Task-1,1832,0.488866898
within_B_Task-1,1833,0.387184562
within_B_Task-1,1834,0.468579911
within_B_Task-1,1835,0.379515092
within_B_Task-1,1836,0.547996042
within_B_Task-1,1837,0.400791687
within_B_Task-1,1838,0.474270163
within_B_Task-1,1839,0.51410193
within_B_Task-1,1840,0.558634339
within_B_Task-1,1841,0.611825829
within_B_Task-1,1842,0.498515586
within_B_Task-1,1843,0.457941613
within_B_Task-1,1844,0.443344879
within_B_Task-1,1845,0.625432954
within_B_Task-1,1846,0.464621475
within_B_Task-1,1847,0.378525482
within_B_Task-1,1848,0.417120238
within_B_Task-1,1849,0.592528451
within_B_Task-1,1850,0.613805047
within_B_Task-1,1851,0.506432459
within_B_Task-1,1852,0.451261752
within_B_Task-1,1853,0.547996042
within_B_Task-1,1854,0.471548738
within_B_Task-1,1855,0.554675903
within_B_Task-1,1856,0.499505195
within_B_Task-1,1857,0.466600693
within_B_Task-1,1858,0.470559129
within_B_Task-1,1859,0.656358238
within_B_Task-1,1860,0.460663038
within_B_Task-1,1861,0.454972786
within_B_Task-1,1862,0.524740228
within_B_Task-1,1863,0.466600693
within_B_Task-1,1864,0.533399307
within_B_Task-1,1865,0.46956952
within_B_Task-1,1866,0.500494805
within_B_Task-1,1867,0.614794656
within_B_Task-1,1868,0.458931222
within_B_Task-1,1869,0.603166749
within_B_Task-1,1870,0.576942108
within_B_Task-1,1871,0.503463632
within_B_Task-1,1872,0.388174171
within_B_Task-1,1873,0.499505195
within_B_Task-1,1874,0.60217714
within_B_Task-1,1875,0.558634339
within_B_Task-1,1876,0.543047996
within_B_Task-1,1877,0.625432954
within_B_Task-1,1878,0.449282533
within_B_Task-1,1879,0.544037605
within_B_Task-1,1880,0.477238991
within_B_Task-1,1881,0.448292924
within_B_Task-1,1882,0.555665512
within_B_Task-1,1883,0.623453736
within_B_Task-1,1884,0.555665512
within_B_Task-1,1885,0.489856507
within_B_Task-1,1886,0.369866403
within_B_Task-1,1887,0.587580406
within_B_Task-1,1888,0.444334488
within_B_Task-1,1889,0.545027214
within_B_Task-1,1890,0.46956952
within_B_Task-1,1891,0.513112321
within_B_Task-1,1892,0.503463632
within_B_Task-1,1893,0.577931717
within_B_Task-1,1894,0.55764473
within_B_Task-1,1895,0.509153884
within_B_Task-1,1896,0.422068283
within_B_Task-1,1897,0.542058387
within_B_Task-1,1898,0.481197427
within_B_Task-1,1899,0.435675408
within_B_Task-1,1900,0.553686294
within_B_Task-1,1901,0.409450767
within_B_Task-1,1902,0.486887679
within_B_Task-1,1903,0.503463632
within_B_Task-1,1904,0.387184562
within_B_Task-1,1905,0.464621475
within_B_Task-1,1906,0.635081643
within_B_Task-1,1907,0.393864424
within_B_Task-1,1908,0.625432954
within_B_Task-1,1909,0.362939139
within_B_Task-1,1910,0.544037605
within_B_Task-1,1911,0.556655121
within_B_Task-1,1912,0.437654626
within_B_Task-1,1913,0.507174666
within_B_Task-1,1914,0.658337457
within_B_Task-1,1915,0.589559624
within_B_Task-1,1916,0.356259278
within_B_Task-1,1917,0.456952004
within_B_Task-1,1918,0.444334488
within_B_Task-1,1919,0.522761009
within_B_Task-1,1920,0.466600693
within_B_Task-1,1921,0.439386442
within_B_Task-1,1922,0.513112321
within_B_Task-1,1923,0.499505195
within_B_Task-1,1924,0.488866898
within_B_Task-1,1925,0.519792182
within_B_Task-1,1926,0.634092034
within_B_Task-1,1927,0.578921326
within_B_Task-1,1928,0.43369619
within_B_Task-1,1929,0.612815438
within_B_Task-1,1930,0.474270163
within_B_Task-1,1931,0.454972786
within_B_Task-1,1932,0.434685799
within_B_Task-1,1933,0.569272637
within_B_Task-1,1934,0.579910935
within_B_Task-1,1935,0.424047501
within_B_Task-1,1936,0.412419594
within_B_Task-1,1937,0.508164275
within_B_Task-1,1938,0.445324097
within_B_Task-1,1939,0.509153884
within_B_Task-1,1940,0.430727363
within_B_Task-1,1941,0.423057892
within_B_Task-1,1942,0.488866898
within_B_Task-1,1943,0.512122712
within_B_Task-1,1944,0.435675408
within_B_Task-1,1945,0.414398812
within_B_Task-1,1946,0.567293419
within_B_Task-1,1947,0.55764473
within_B_Task-1,1948,0.50544285
within_B_Task-1,1949,0.400791687
within_B_Task-1,1950,0.495546759
within_B_Task-1,1951,0.438644236
within_B_Task-1,1952,0.424047501
within_B_Task-1,1953,0.466600693
within_B_Task-1,1954,0.439633845
within_B_Task-1,1955,0.603166749
within_B_Task-1,1956,0.535378525
within_B_Task-1,1957,0.410440376
within_B_Task-1,1958,0.592528451
within_B_Task-1,1959,0.591538842
within_B_Task-1,1960,0.43369619
within_B_Task-1,1961,0.34562098
within_B_Task-1,1962,0.39782286
within_B_Task-1,1963,0.51410193
within_B_Task-1,1964,0.418109847
within_B_Task-1,1965,0.545027214
within_B_Task-1,1966,0.5217714
within_B_Task-1,1967,0.456952004
within_B_Task-1,1968,0.578921326
within_B_Task-1,1969,0.477238991
within_B_Task-1,1970,0.390153389
within_B_Task-1,1971,0.499505195
within_B_Task-1,1972,0.40648194
within_B_Task-1,1973,0.479218209
within_B_Task-1,1974,0.512122712
within_B_Task-1,1975,0.497525977
within_B_Task-1,1976,0.536368135
within_B_Task-1,1977,0.46956952
within_B_Task-1,1978,0.491835725
within_B_Task-1,1979,0.509153884
within_B_Task-1,1980,0.630133597
within_B_Task-1,1981,0.538347353
within_B_Task-1,1982,0.372587828
within_B_Task-1,1983,0.454972786
within_B_Task-1,1984,0.48589807
within_B_Task-1,1985,0.516081148
within_B_Task-1,1986,0.510143493
within_B_Task-1,1987,0.454972786
within_B_Task-1,1988,0.457941613
within_B_Task-1,1989,0.414398812
within_B_Task-1,1990,0.534388916
within_B_Task-1,1991,0.511133102
within_B_Task-1,1992,0.500494805
within_B_Task-1,1993,0.42503711
within_B_Task-1,1994,0.499505195
within_B_Task-1,1995,0.502474023
within_B_Task-1,1996,0.390153389
within_B_Task-1,1997,0.536368135
within_B_Task-1,1998,0.452993568
within_B_Task-1,1999,0.536368135
within_B_Task-2,1,0.45035461
within_B_Task-2,2,0.440729483
within_B_Task-2,3,0.548632219
within_B_Task-2,4,0.520263425
within_B_Task-2,5,0.456433637
within_B_Task-2,6,0.485309017
within_B_Task-2,7,0.530901722
within_B_Task-2,8,0.506585613
within_B_Task-2,9,0.45845998
within_B_Task-2,10,0.497720365
within_B_Task-2,11,0.566616008
within_B_Task-2,12,0.491641337
within_B_Task-2,13,0.59118541
within_B_Task-2,14,0.299898683
within_B_Task-2,15,0.593718338
within_B_Task-2,16,0.559270517
within_B_Task-2,17,0.454660588
within_B_Task-2,18,0.478470111
within_B_Task-2,19,0.440729483
within_B_Task-2,20,0.477203647
within_B_Task-2,21,0.498986829
within_B_Task-2,22,0.512158055
within_B_Task-2,23,0.565349544
within_B_Task-2,24,0.467071935
within_B_Task-2,25,0.512158055
within_B_Task-2,26,0.410081054
within_B_Task-2,27,0.514184397
within_B_Task-2,28,0.554204661
within_B_Task-2,29,0.503546099
within_B_Task-2,30,0.547365755
within_B_Task-2,31,0.507092199
within_B_Task-2,32,0.502279635
within_B_Task-2,33,0.456433637
within_B_Task-2,34,0.558004053
within_B_Task-2,35,0.51899696
within_B_Task-2,36,0.403242148
within_B_Task-2,37,0.48100304
within_B_Task-2,38,0.494680851
within_B_Task-2,39,0.489614995
within_B_Task-2,40,0.542806484
within_B_Task-2,41,0.586119554
within_B_Task-2,42,0.493414387
within_B_Task-2,43,0.54154002
within_B_Task-2,44,0.430091185
within_B_Task-2,45,0.524822695
within_B_Task-2,46,0.473910841
within_B_Task-2,47,0.546605876
within_B_Task-2,48,0.593718338
within_B_Task-2,49,0.497720365
within_B_Task-2,50,0.546099291
within_B_Task-2,51,0.542299899
within_B_Task-2,52,0.414640324
within_B_Task-2,53,0.489614995
within_B_Task-2,54,0.587892604
within_B_Task-2,55,0.442755826
within_B_Task-2,56,0.530395137
within_B_Task-2,57,0.497720365
within_B_Task-2,58,0.406281662
within_B_Task-2,59,0.449088146
within_B_Task-2,60,0.565349544
within_B_Task-2,61,0.493414387
within_B_Task-2,62,0.458966565
within_B_Task-2,63,0.54787234
within_B_Task-2,64,0.507092199
within_B_Task-2,65,0.503546099
within_B_Task-2,66,0.504052685
within_B_Task-2,67,0.537993921
within_B_Task-2,68,0.529128673
within_B_Task-2,69,0.462259372
within_B_Task-2,70,0.482269504
within_B_Task-2,71,0.542806484
within_B_Task-2,72,0.494680851
within_B_Task-2,73,0.507852077
within_B_Task-2,74,0.541033435
within_B_Task-2,75,0.485309017
within_B_Task-2,76,0.470364742
within_B_Task-2,77,0.493920973
within_B_Task-2,78,0.462765957
within_B_Task-2,79,0.45845998
within_B_Task-2,80,0.498480243
within_B_Task-2,81,0.462765957
within_B_Task-2,82,0.447821682
within_B_Task-2,83,0.441995947
within_B_Task-2,84,0.471631206
within_B_Task-2,85,0.521529889
within_B_Task-2,86,0.457193516
within_B_Task-2,87,0.485815603
within_B_Task-2,88,0.581813576
within_B_Task-2,89,0.502279635
within_B_Task-2,90,0.563576494
within_B_Task-2,91,0.504052685
within_B_Task-2,92,0.482776089
within_B_Task-2,93,0.564842958
within_B_Task-2,94,0.424518744
within_B_Task-2,95,0.478470111
within_B_Task-2,96,0.507092199
within_B_Task-2,97,0.470364742
within_B_Task-2,98,0.495187437
within_B_Task-2,99,0.428318136
within_B_Task-2,100,0.547365755
within_B_Task-2,101,0.474670719
within_B_Task-2,102,0.478470111
within_B_Task-2,103,0.518490375
within_B_Task-2,104,0.446555218
within_B_Task-2,105,0.430091185
within_B_Task-2,106,0.568642351
within_B_Task-2,107,0.436423506
within_B_Task-2,108,0.558004053
within_B_Task-2,109,0.502786221
within_B_Task-2,110,0.547365755
within_B_Task-2,111,0.425785208
within_B_Task-2,112,0.580547112
within_B_Task-2,113,0.462006079
within_B_Task-2,114,0.443262411
within_B_Task-2,115,0.482269504
within_B_Task-2,116,0.519756839
within_B_Task-2,117,0.554711246
within_B_Task-2,118,0.477710233
within_B_Task-2,119,0.525329281
within_B_Task-2,120,0.457700101
within_B_Task-2,121,0.409574468
within_B_Task-2,122,0.408308004
within_B_Task-2,123,0.411347518
within_B_Task-2,124,0.487841945
within_B_Task-2,125,0.509625127
within_B_Task-2,126,0.646909828
within_B_Task-2,127,0.554204661
within_B_Task-2,128,0.616261398
within_B_Task-2,129,0.432117528
within_B_Task-2,130,0.542806484
within_B_Task-2,131,0.42147923
within_B_Task-2,132,0.569908815
within_B_Task-2,133,0.410840932
within_B_Task-2,134,0.473910841
within_B_Task-2,135,0.470364742
within_B_Task-2,136,0.475177305
within_B_Task-2,137,0.540273556
within_B_Task-2,138,0.526089159
within_B_Task-2,139,0.438956434
within_B_Task-2,140,0.553444782
within_B_Task-2,141,0.478976697
within_B_Task-2,142,0.491641337
within_B_Task-2,143,0.552178318
within_B_Task-2,144,0.383738602
within_B_Task-2,145,0.512917933
within_B_Task-2,146,0.557244174
within_B_Task-2,147,0.48100304
within_B_Task-2,148,0.470871327
within_B_Task-2,149,0.474164134
within_B_Task-2,150,0.587892604
within_B_Task-2,151,0.416919959
within_B_Task-2,152,0.505825735
within_B_Task-2,153,0.491641337
within_B_Task-2,154,0.430091185
within_B_Task-2,155,0.509625127
within_B_Task-2,156,0.542806484
within_B_Task-2,157,0.610435664
within_B_Task-2,158,0.472644377
within_B_Task-2,159,0.561043566
within_B_Task-2,160,0.520263425
within_B_Task-2,161,0.54154002
within_B_Task-2,162,0.507092199
within_B_Task-2,163,0.448328267
within_B_Task-2,164,0.380699088
within_B_Task-2,165,0.484549139
within_B_Task-2,166,0.422745694
within_B_Task-2,167,0.453900709
within_B_Task-2,168,0.440729483
within_B_Task-2,169,0.547365755
within_B_Task-2,170,0.457700101
within_B_Task-2,171,0.490374873
within_B_Task-2,172,0.566616008
within_B_Task-2,173,0.58485309
within_B_Task-2,174,0.514184397
within_B_Task-2,175,0.524062817
within_B_Task-2,176,0.427558257
within_B_Task-2,177,0.42147923
within_B_Task-2,178,0.515957447
within_B_Task-2,179,0.526089159
within_B_Task-2,180,0.51899696
within_B_Task-2,181,0.467071935
within_B_Task-2,182,0.579787234
within_B_Task-2,183,0.514184397
within_B_Task-2,184,0.443262411
within_B_Task-2,185,0.524822695
within_B_Task-2,186,0.493414387
within_B_Task-2,187,0.455167173
within_B_Task-2,188,0.585359676
within_B_Task-2,189,0.495187437
within_B_Task-2,190,0.449594732
within_B_Task-2,191,0.463272543
within_B_Task-2,192,0.503546099
within_B_Task-2,193,0.48100304
within_B_Task-2,194,0.490374873
within_B_Task-2,195,0.464032421
within_B_Task-2,196,0.43591692
within_B_Task-2,197,0.43768997
within_B_Task-2,198,0.45845998
within_B_Task-2,199,0.588652482
within_B_Task-2,200,0.432624113
within_B_Task-2,201,0.449088146
within_B_Task-2,202,0.561043566
within_B_Task-2,203,0.469098278
within_B_Task-2,204,0.535460993
within_B_Task-2,205,0.569908815
within_B_Task-2,206,0.546099291
within_B_Task-2,207,0.521023303
within_B_Task-2,208,0.413880446
within_B_Task-2,209,0.487841945
within_B_Task-2,210,0.559777102
within_B_Task-2,211,0.469098278
within_B_Task-2,212,0.530901722
within_B_Task-2,213,0.481509625
within_B_Task-2,214,0.510385005
within_B_Task-2,215,0.505319149
within_B_Task-2,216,0.57852077
within_B_Task-2,217,0.455927052
within_B_Task-2,218,0.579280648
within_B_Task-2,219,0.523556231
within_B_Task-2,220,0.282421479
within_B_Task-2,221,0.571175279
within_B_Task-2,222,0.568642351
within_B_Task-2,223,0.447061803
within_B_Task-2,224,0.37816616
within_B_Task-2,225,0.471377913
within_B_Task-2,226,0.451367781
within_B_Task-2,227,0.440729483
within_B_Task-2,228,0.530901722
within_B_Task-2,229,0.507852077
within_B_Task-2,230,0.487841945
within_B_Task-2,231,0.522289767
within_B_Task-2,232,0.460233029
within_B_Task-2,233,0.490881459
within_B_Task-2,234,0.523556231
within_B_Task-2,235,0.54154002
within_B_Task-2,236,0.434650456
within_B_Task-2,237,0.571175279
within_B_Task-2,238,0.464032421
within_B_Task-2,239,0.559270517
within_B_Task-2,240,0.462006079
within_B_Task-2,241,0.602330294
within_B_Task-2,242,0.546605876
within_B_Task-2,243,0.497213779
within_B_Task-2,244,0.467831814
within_B_Task-2,245,0.54154002
within_B_Task-2,246,0.503546099
within_B_Task-2,247,0.464032421
within_B_Task-2,248,0.510385005
within_B_Task-2,249,0.445795339
within_B_Task-2,250,0.569148936
within_B_Task-2,251,0.497720365
within_B_Task-2,252,0.445795339
within_B_Task-2,253,0.485815603
within_B_Task-2,254,0.479736575
within_B_Task-2,255,0.559270517
within_B_Task-2,256,0.502279635
within_B_Task-2,257,0.455167173
within_B_Task-2,258,0.489614995
within_B_Task-2,259,0.446555218
within_B_Task-2,260,0.484549139
within_B_Task-2,261,0.480243161
within_B_Task-2,262,0.41514691
within_B_Task-2,263,0.548632219
within_B_Task-2,264,0.565349544
within_B_Task-2,265,0.579787234
within_B_Task-2,266,0.512917933
within_B_Task-2,267,0.530395137
within_B_Task-2,268,0.430851064
within_B_Task-2,269,0.410840932
within_B_Task-2,270,0.387537994
within_B_Task-2,271,0.461499493
within_B_Task-2,272,0.523556231
within_B_Task-2,273,0.441995947
within_B_Task-2,274,0.472137791
within_B_Task-2,275,0.524062817
within_B_Task-2,276,0.439463019
within_B_Task-2,277,0.473910841
within_B_Task-2,278,0.579280648
within_B_Task-2,279,0.519756839
within_B_Task-2,280,0.453394124
within_B_Task-2,281,0.512917933
within_B_Task-2,282,0.490374873
within_B_Task-2,283,0.45845998
within_B_Task-2,284,0.43768997
within_B_Task-2,285,0.541033435
within_B_Task-2,286,0.454660588
within_B_Task-2,287,0.508358663
within_B_Task-2,288,0.565349544
within_B_Task-2,289,0.54154002
within_B_Task-2,290,0.495187437
within_B_Task-2,291,0.412107396
within_B_Task-2,292,0.471631206
within_B_Task-2,293,0.4295846
within_B_Task-2,294,0.488348531
within_B_Task-2,295,0.496453901
within_B_Task-2,296,0.377659574
within_B_Task-2,297,0.616261398
within_B_Task-2,298,0.390070922
within_B_Task-2,299,0.472137791
within_B_Task-2,300,0.550405268
within_B_Task-2,301,0.527862209
within_B_Task-2,302,0.467071935
within_B_Task-2,303,0.523556231
within_B_Task-2,304,0.475177305
within_B_Task-2,305,0.644883485
within_B_Task-2,306,0.560536981
within_B_Task-2,307,0.536727457
within_B_Task-2,308,0.552178318
within_B_Task-2,309,0.424012158
within_B_Task-2,310,0.490374873
within_B_Task-2,311,0.550405268
within_B_Task-2,312,0.469098278
within_B_Task-2,313,0.534701114
within_B_Task-2,314,0.467831814
within_B_Task-2,315,0.462006079
within_B_Task-2,316,0.492907801
within_B_Task-2,317,0.503546099
within_B_Task-2,318,0.495947315
within_B_Task-2,319,0.559777102
within_B_Task-2,320,0.397669706
within_B_Task-2,321,0.497720365
within_B_Task-2,322,0.567882472
within_B_Task-2,323,0.509625127
within_B_Task-2,324,0.500253293
within_B_Task-2,325,0.493414387
within_B_Task-2,326,0.538500507
within_B_Task-2,327,0.538500507
within_B_Task-2,328,0.520263425
within_B_Task-2,329,0.476443769
within_B_Task-2,330,0.507852077
within_B_Task-2,331,0.447821682
within_B_Task-2,332,0.536727457
within_B_Task-2,333,0.391337386
within_B_Task-2,334,0.536727457
within_B_Task-2,335,0.449594732
within_B_Task-2,336,0.491641337
within_B_Task-2,337,0.537993921
within_B_Task-2,338,0.529635258
within_B_Task-2,339,0.502786221
within_B_Task-2,340,0.507852077
within_B_Task-2,341,0.442755826
within_B_Task-2,342,0.513424519
within_B_Task-2,343,0.508358663
within_B_Task-2,344,0.480243161
within_B_Task-2,345,0.482776089
within_B_Task-2,346,0.556737589
within_B_Task-2,347,0.451367781
within_B_Task-2,348,0.514184397
within_B_Task-2,349,0.57674772
within_B_Task-2,350,0.489614995
within_B_Task-2,351,0.521529889
within_B_Task-2,352,0.367021277
within_B_Task-2,353,0.547365755
within_B_Task-2,354,0.54154002
within_B_Task-2,355,0.503546099
within_B_Task-2,356,0.534194529
within_B_Task-2,357,0.472137791
within_B_Task-2,358,0.51899696
within_B_Task-2,359,0.482016211
within_B_Task-2,360,0.447821682
within_B_Task-2,361,0.462765957
within_B_Task-2,362,0.498986829
within_B_Task-2,363,0.567375887
within_B_Task-2,364,0.508358663
within_B_Task-2,365,0.525835866
within_B_Task-2,366,0.537993921
within_B_Task-2,367,0.482269504
within_B_Task-2,368,0.478470111
within_B_Task-2,369,0.534701114
within_B_Task-2,370,0.507092199
within_B_Task-2,371,0.500253293
within_B_Task-2,372,0.536727457
within_B_Task-2,373,0.404508612
within_B_Task-2,374,0.526089159
within_B_Task-2,375,0.464032421
within_B_Task-2,376,0.614994934
within_B_Task-2,377,0.450861196
within_B_Task-2,378,0.610435664
within_B_Task-2,379,0.556737589
within_B_Task-2,380,0.537993921
within_B_Task-2,381,0.490881459
within_B_Task-2,382,0.535460993
within_B_Task-2,383,0.368794326
within_B_Task-2,384,0.579787234
within_B_Task-2,385,0.419452888
within_B_Task-2,386,0.528622087
within_B_Task-2,387,0.445795339
within_B_Task-2,388,0.534194529
within_B_Task-2,389,0.524822695
within_B_Task-2,390,0.498480243
within_B_Task-2,391,0.461499493
within_B_Task-2,392,0.501013171
within_B_Task-2,393,0.503546099
within_B_Task-2,394,0.48100304
within_B_Task-2,395,0.393870314
within_B_Task-2,396,0.487841945
within_B_Task-2,397,0.422745694
within_B_Task-2,398,0.469098278
within_B_Task-2,399,0.517223911
within_B_Task-2,400,0.441995947
within_B_Task-2,401,0.524822695
within_B_Task-2,402,0.485815603
within_B_Task-2,403,0.491641337
within_B_Task-2,404,0.443262411
within_B_Task-2,405,0.403748734
within_B_Task-2,406,0.633738602
within_B_Task-2,407,0.447061803
within_B_Task-2,408,0.476443769
within_B_Task-2,409,0.452634245
within_B_Task-2,410,0.371327254
within_B_Task-2,411,0.526089159
within_B_Task-2,412,0.56408308
within_B_Task-2,413,0.482776089
within_B_Task-2,414,0.499746707
within_B_Task-2,415,0.520263425
within_B_Task-2,416,0.469098278
within_B_Task-2,417,0.467831814
within_B_Task-2,418,0.534194529
within_B_Task-2,419,0.438956434
within_B_Task-2,420,0.499746707
within_B_Task-2,421,0.449594732
within_B_Task-2,422,0.569908815
within_B_Task-2,423,0.524822695
within_B_Task-2,424,0.494680851
within_B_Task-2,425,0.507092199
within_B_Task-2,426,0.534701114
within_B_Task-2,427,0.669452888
within_B_Task-2,428,0.48100304
within_B_Task-2,429,0.499746707
within_B_Task-2,430,0.439463019
within_B_Task-2,431,0.486575481
within_B_Task-2,432,0.3943769
within_B_Task-2,433,0.508358663
within_B_Task-2,434,0.502786221
within_B_Task-2,435,0.460233029
within_B_Task-2,436,0.493414387
within_B_Task-2,437,0.48100304
within_B_Task-2,438,0.529128673
within_B_Task-2,439,0.524822695
within_B_Task-2,440,0.544072948
within_B_Task-2,441,0.447061803
within_B_Task-2,442,0.478976697
within_B_Task-2,443,0.477710233
within_B_Task-2,444,0.526595745
within_B_Task-2,445,0.401975684
within_B_Task-2,446,0.441489362
within_B_Task-2,447,0.569908815
within_B_Task-2,448,0.482776089
within_B_Task-2,449,0.554711246
within_B_Task-2,450,0.500253293
within_B_Task-2,451,0.536727457
within_B_Task-2,452,0.507092199
within_B_Task-2,453,0.484802432
within_B_Task-2,454,0.552178318
within_B_Task-2,455,0.438956434
within_B_Task-2,456,0.467831814
within_B_Task-2,457,0.489108409
within_B_Task-2,458,0.425785208
within_B_Task-2,459,0.450861196
within_B_Task-2,460,0.524822695
within_B_Task-2,461,0.611702128
within_B_Task-2,462,0.500253293
within_B_Task-2,463,0.566109422
within_B_Task-2,464,0.42325228
within_B_Task-2,465,0.492907801
within_B_Task-2,466,0.425278622
within_B_Task-2,467,0.385764944
within_B_Task-2,468,0.534194529
within_B_Task-2,469,0.444528875
within_B_Task-2,470,0.490374873
within_B_Task-2,471,0.577254306
within_B_Task-2,472,0.517223911
within_B_Task-2,473,0.451367781
within_B_Task-2,474,0.550405268
within_B_Task-2,475,0.552178318
within_B_Task-2,476,0.665653495
within_B_Task-2,477,0.451367781
within_B_Task-2,478,0.487082067
within_B_Task-2,479,0.521023303
within_B_Task-2,480,0.604356636
within_B_Task-2,481,0.376899696
within_B_Task-2,482,0.479736575
within_B_Task-2,483,0.513424519
within_B_Task-2,484,0.535460993
within_B_Task-2,485,0.462006079
within_B_Task-2,486,0.546099291
within_B_Task-2,487,0.508358663
within_B_Task-2,488,0.532168186
within_B_Task-2,489,0.566109422
within_B_Task-2,490,0.517730496
within_B_Task-2,491,0.478976697
within_B_Task-2,492,0.616261398
within_B_Task-2,493,0.479736575
within_B_Task-2,494,0.506585613
within_B_Task-2,495,0.450861196
within_B_Task-2,496,0.575987842
within_B_Task-2,497,0.435157042
within_B_Task-2,498,0.526089159
within_B_Task-2,499,0.473404255
within_B_Task-2,500,0.554711246
within_B_Task-2,501,0.502279635
within_B_Task-2,502,0.520263425
within_B_Task-2,503,0.460233029
within_B_Task-2,504,0.396403242
within_B_Task-2,505,0.497720365
within_B_Task-2,506,0.446555218
within_B_Task-2,507,0.491641337
within_B_Task-2,508,0.475177305
within_B_Task-2,509,0.569908815
within_B_Task-2,510,0.461499493
within_B_Task-2,511,0.432624113
within_B_Task-2,512,0.485815603
within_B_Task-2,513,0.504812563
within_B_Task-2,514,0.563576494
within_B_Task-2,515,0.539766971
within_B_Task-2,516,0.435157042
within_B_Task-2,517,0.465805471
within_B_Task-2,518,0.456433637
within_B_Task-2,519,0.497720365
within_B_Task-2,520,0.512158055
within_B_Task-2,521,0.468338399
within_B_Task-2,522,0.55597771
within_B_Task-2,523,0.489108409
within_B_Task-2,524,0.492907801
within_B_Task-2,525,0.531661601
within_B_Task-2,526,0.621073961
within_B_Task-2,527,0.472644377
within_B_Task-2,528,0.467831814
within_B_Task-2,529,0.554711246
within_B_Task-2,530,0.604356636
within_B_Task-2,531,0.470871327
within_B_Task-2,532,0.510385005
within_B_Task-2,533,0.37183384
within_B_Task-2,534,0.482776089
within_B_Task-2,535,0.502786221
within_B_Task-2,536,0.479736575
within_B_Task-2,537,0.448328267
within_B_Task-2,538,0.472644377
within_B_Task-2,539,0.53343465
within_B_Task-2,540,0.56231003
within_B_Task-2,541,0.504052685
within_B_Task-2,542,0.508358663
within_B_Task-2,543,0.451367781
within_B_Task-2,544,0.454660588
within_B_Task-2,545,0.454660588
within_B_Task-2,546,0.536727457
within_B_Task-2,547,0.569908815
within_B_Task-2,548,0.447061803
within_B_Task-2,549,0.58485309
within_B_Task-2,550,0.506585613
within_B_Task-2,551,0.428318136
within_B_Task-2,552,0.580547112
within_B_Task-2,553,0.393870314
within_B_Task-2,554,0.539766971
within_B_Task-2,555,0.51899696
within_B_Task-2,556,0.524822695
within_B_Task-2,557,0.500253293
within_B_Task-2,558,0.550405268
within_B_Task-2,559,0.520263425
within_B_Task-2,560,0.468338399
within_B_Task-2,561,0.536727457
within_B_Task-2,562,0.428824721
within_B_Task-2,563,0.530395137
within_B_Task-2,564,0.492147923
within_B_Task-2,565,0.472644377
within_B_Task-2,566,0.40704154
within_B_Task-2,567,0.569148936
within_B_Task-2,568,0.494680851
within_B_Task-2,569,0.553444782
within_B_Task-2,570,0.6443769
within_B_Task-2,571,0.489614995
within_B_Task-2,572,0.446555218
within_B_Task-2,573,0.507092199
within_B_Task-2,574,0.460992908
within_B_Task-2,575,0.485309017
within_B_Task-2,576,0.459726444
within_B_Task-2,577,0.536727457
within_B_Task-2,578,0.411347518
within_B_Task-2,579,0.51899696
within_B_Task-2,580,0.45212766
within_B_Task-2,581,0.482776089
within_B_Task-2,582,0.472644377
within_B_Task-2,583,0.446555218
within_B_Task-2,584,0.481509625
within_B_Task-2,585,0.503546099
within_B_Task-2,586,0.455167173
within_B_Task-2,587,0.560536981
within_B_Task-2,588,0.522289767
within_B_Task-2,589,0.438956434
within_B_Task-2,590,0.535967579
within_B_Task-2,591,0.476443769
within_B_Task-2,592,0.566616008
within_B_Task-2,593,0.559270517
within_B_Task-2,594,0.435157042
within_B_Task-2,595,0.425278622
within_B_Task-2,596,0.477710233
within_B_Task-2,597,0.57852077
within_B_Task-2,598,0.475937183
within_B_Task-2,599,0.432624113
within_B_Task-2,600,0.365754813
within_B_Task-2,601,0.51899696
within_B_Task-2,602,0.604863222
within_B_Task-2,603,0.39893617
within_B_Task-2,604,0.492147923
within_B_Task-2,605,0.401975684
within_B_Task-2,606,0.465805471
within_B_Task-2,607,0.506079027
within_B_Task-2,608,0.54154002
within_B_Task-2,609,0.436423506
within_B_Task-2,610,0.514184397
within_B_Task-2,611,0.445288754
within_B_Task-2,612,0.547365755
within_B_Task-2,613,0.327507599
within_B_Task-2,614,0.542806484
within_B_Task-2,615,0.519756839
within_B_Task-2,616,0.517223911
within_B_Task-2,617,0.598530902
within_B_Task-2,618,0.454660588
within_B_Task-2,619,0.482269504
within_B_Task-2,620,0.581813576
within_B_Task-2,621,0.535460993
within_B_Task-2,622,0.515450861
within_B_Task-2,623,0.553444782
within_B_Task-2,624,0.422745694
within_B_Task-2,625,0.497720365
within_B_Task-2,626,0.519756839
within_B_Task-2,627,0.485309017
within_B_Task-2,628,0.604356636
within_B_Task-2,629,0.521529889
within_B_Task-2,630,0.473404255
within_B_Task-2,631,0.593718338
within_B_Task-2,632,0.469098278
within_B_Task-2,633,0.390070922
within_B_Task-2,634,0.542806484
within_B_Task-2,635,0.497213779
within_B_Task-2,636,0.580547112
within_B_Task-2,637,0.536727457
within_B_Task-2,638,0.494680851
within_B_Task-2,639,0.502279635
within_B_Task-2,640,0.445795339
within_B_Task-2,641,0.464539007
within_B_Task-2,642,0.546099291
within_B_Task-2,643,0.538500507
within_B_Task-2,644,0.547365755
within_B_Task-2,645,0.549898683
within_B_Task-2,646,0.523556231
within_B_Task-2,647,0.478976697
within_B_Task-2,648,0.41337386
within_B_Task-2,649,0.524822695
within_B_Task-2,650,0.411347518
within_B_Task-2,651,0.405775076
within_B_Task-2,652,0.492907801
within_B_Task-2,653,0.509625127
within_B_Task-2,654,0.559270517
within_B_Task-2,655,0.565349544
within_B_Task-2,656,0.542299899
within_B_Task-2,657,0.529128673
within_B_Task-2,658,0.517730496
within_B_Task-2,659,0.461499493
within_B_Task-2,660,0.482776089
within_B_Task-2,661,0.479736575
within_B_Task-2,662,0.524822695
within_B_Task-2,663,0.42325228
within_B_Task-2,664,0.476443769
within_B_Task-2,665,0.56408308
within_B_Task-2,666,0.507092199
within_B_Task-2,667,0.57674772
within_B_Task-2,668,0.484549139
within_B_Task-2,669,0.569908815
within_B_Task-2,670,0.428318136
within_B_Task-2,671,0.450861196
within_B_Task-2,672,0.524062817
within_B_Task-2,673,0.6091692
within_B_Task-2,674,0.48100304
within_B_Task-2,675,0.439463019
within_B_Task-2,676,0.436423506
within_B_Task-2,677,0.537234043
within_B_Task-2,678,0.500253293
within_B_Task-2,679,0.532168186
within_B_Task-2,680,0.477203647
within_B_Task-2,681,0.549138804
within_B_Task-2,682,0.492907801
within_B_Task-2,683,0.519756839
within_B_Task-2,684,0.450861196
within_B_Task-2,685,0.411347518
within_B_Task-2,686,0.593718338
within_B_Task-2,687,0.46656535
within_B_Task-2,688,0.580547112
within_B_Task-2,689,0.59118541
within_B_Task-2,690,0.555471125
within_B_Task-2,691,0.479736575
within_B_Task-2,692,0.534701114
within_B_Task-2,693,0.45212766
within_B_Task-2,694,0.46656535
within_B_Task-2,695,0.448328267
within_B_Task-2,696,0.502279635
within_B_Task-2,697,0.452634245
within_B_Task-2,698,0.470364742
within_B_Task-2,699,0.488348531
within_B_Task-2,700,0.445288754
within_B_Task-2,701,0.485309017
within_B_Task-2,702,0.469604863
within_B_Task-2,703,0.396403242
within_B_Task-2,704,0.668693009
within_B_Task-2,705,0.548632219
within_B_Task-2,706,0.592451874
within_B_Task-2,707,0.428824721
within_B_Task-2,708,0.580547112
within_B_Task-2,709,0.496453901
within_B_Task-2,710,0.536727457
within_B_Task-2,711,0.500253293
within_B_Task-2,712,0.441489362
within_B_Task-2,713,0.573708207
within_B_Task-2,714,0.655521783
within_B_Task-2,715,0.451367781
within_B_Task-2,716,0.549898683
within_B_Task-2,717,0.428824721
within_B_Task-2,718,0.565349544
within_B_Task-2,719,0.535460993
within_B_Task-2,720,0.487082067
within_B_Task-2,721,0.462006079
within_B_Task-2,722,0.440222898
within_B_Task-2,723,0.559777102
within_B_Task-2,724,0.54154002
within_B_Task-2,725,0.473910841
within_B_Task-2,726,0.520263425
within_B_Task-2,727,0.515450861
within_B_Task-2,728,0.535967579
within_B_Task-2,729,0.618034448
within_B_Task-2,730,0.529128673
within_B_Task-2,731,0.455927052
within_B_Task-2,732,0.554711246
within_B_Task-2,733,0.46656535
within_B_Task-2,734,0.465298886
within_B_Task-2,735,0.497213779
within_B_Task-2,736,0.500253293
within_B_Task-2,737,0.41337386
within_B_Task-2,738,0.446555218
within_B_Task-2,739,0.512917933
within_B_Task-2,740,0.497213779
within_B_Task-2,741,0.447821682
within_B_Task-2,742,0.496453901
within_B_Task-2,743,0.592451874
within_B_Task-2,744,0.554711246
within_B_Task-2,745,0.490374873
within_B_Task-2,746,0.490881459
within_B_Task-2,747,0.536727457
within_B_Task-2,748,0.556737589
within_B_Task-2,749,0.54154002
within_B_Task-2,750,0.478976697
within_B_Task-2,751,0.547365755
within_B_Task-2,752,0.516717325
within_B_Task-2,753,0.56408308
within_B_Task-2,754,0.51899696
within_B_Task-2,755,0.513424519
within_B_Task-2,756,0.3943769
within_B_Task-2,757,0.527355623
within_B_Task-2,758,0.524062817
within_B_Task-2,759,0.548632219
within_B_Task-2,760,0.505825735
within_B_Task-2,761,0.54154002
within_B_Task-2,762,0.417679838
within_B_Task-2,763,0.510891591
within_B_Task-2,764,0.430091185
within_B_Task-2,765,0.41337386
within_B_Task-2,766,0.467831814
within_B_Task-2,767,0.503546099
within_B_Task-2,768,0.54154002
within_B_Task-2,769,0.515957447
within_B_Task-2,770,0.469098278
within_B_Task-2,771,0.439463019
within_B_Task-2,772,0.559270517
within_B_Task-2,773,0.61372847
within_B_Task-2,774,0.448328267
within_B_Task-2,775,0.450101317
within_B_Task-2,776,0.525329281
within_B_Task-2,777,0.524822695
within_B_Task-2,778,0.575987842
within_B_Task-2,779,0.470364742
within_B_Task-2,780,0.656788247
within_B_Task-2,781,0.603090172
within_B_Task-2,782,0.51899696
within_B_Task-2,783,0.478470111
within_B_Task-2,784,0.3943769
within_B_Task-2,785,0.45845998
within_B_Task-2,786,0.637537994
within_B_Task-2,787,0.589159068
within_B_Task-2,788,0.440729483
within_B_Task-2,789,0.462006079
within_B_Task-2,790,0.401469098
within_B_Task-2,791,0.454660588
within_B_Task-2,792,0.467831814
within_B_Task-2,793,0.587892604
within_B_Task-2,794,0.4295846
within_B_Task-2,795,0.397669706
within_B_Task-2,796,0.498986829
within_B_Task-2,797,0.445795339
within_B_Task-2,798,0.504812563
within_B_Task-2,799,0.432117528
within_B_Task-2,800,0.527355623
within_B_Task-2,801,0.571175279
within_B_Task-2,802,0.565349544
within_B_Task-2,803,0.535967579
within_B_Task-2,804,0.502279635
within_B_Task-2,805,0.536727457
within_B_Task-2,806,0.54154002
within_B_Task-2,807,0.42325228
within_B_Task-2,808,0.548632219
within_B_Task-2,809,0.496453901
within_B_Task-2,810,0.571681864
within_B_Task-2,811,0.456433637
within_B_Task-2,812,0.495947315
within_B_Task-2,813,0.592451874
within_B_Task-2,814,0.547365755
within_B_Task-2,815,0.514184397
within_B_Task-2,816,0.575987842
within_B_Task-2,817,0.534194529
within_B_Task-2,818,0.438196555
within_B_Task-2,819,0.592451874
within_B_Task-2,820,0.580547112
within_B_Task-2,821,0.437183384
within_B_Task-2,822,0.428318136
within_B_Task-2,823,0.453900709
within_B_Task-2,824,0.507092199
within_B_Task-2,825,0.501013171
within_B_Task-2,826,0.505319149
within_B_Task-2,827,0.469098278
within_B_Task-2,828,0.473910841
within_B_Task-2,829,0.527355623
within_B_Task-2,830,0.472137791
within_B_Task-2,831,0.421985816
within_B_Task-2,832,0.484042553
within_B_Task-2,833,0.512917933
within_B_Task-2,834,0.496453901
within_B_Task-2,835,0.493414387
within_B_Task-2,836,0.542299899
within_B_Task-2,837,0.503546099
within_B_Task-2,838,0.532168186
within_B_Task-2,839,0.399442756
within_B_Task-2,840,0.530901722
within_B_Task-2,841,0.517730496
within_B_Task-2,842,0.54154002
within_B_Task-2,843,0.399442756
within_B_Task-2,844,0.56408308
within_B_Task-2,845,0.410081054
within_B_Task-2,846,0.542299899
within_B_Task-2,847,0.4295846
within_B_Task-2,848,0.534701114
within_B_Task-2,849,0.535460993
within_B_Task-2,850,0.579787234
within_B_Task-2,851,0.527355623
within_B_Task-2,852,0.569908815
within_B_Task-2,853,0.547365755
within_B_Task-2,854,0.516464032
within_B_Task-2,855,0.490374873
within_B_Task-2,856,0.496453901
within_B_Task-2,857,0.446555218
within_B_Task-2,858,0.510891591
within_B_Task-2,859,0.507092199
within_B_Task-2,860,0.467831814
within_B_Task-2,861,0.569908815
within_B_Task-2,862,0.593718338
within_B_Task-2,863,0.453394124
within_B_Task-2,864,0.534701114
within_B_Task-2,865,0.449088146
within_B_Task-2,866,0.531661601
within_B_Task-2,867,0.420719352
within_B_Task-2,868,0.455927052
within_B_Task-2,869,0.484549139
within_B_Task-2,870,0.537993921
within_B_Task-2,871,0.524822695
within_B_Task-2,872,0.59929078
within_B_Task-2,873,0.497720365
within_B_Task-2,874,0.536727457
within_B_Task-2,875,0.484042553
within_B_Task-2,876,0.569908815
within_B_Task-2,877,0.486575481
within_B_Task-2,878,0.546605876
within_B_Task-2,879,0.475937183
within_B_Task-2,880,0.479736575
within_B_Task-2,881,0.547365755
within_B_Task-2,882,0.478470111
within_B_Task-2,883,0.57852077
within_B_Task-2,884,0.552178318
within_B_Task-2,885,0.592451874
within_B_Task-2,886,0.485815603
within_B_Task-2,887,0.473910841
within_B_Task-2,888,0.54154002
within_B_Task-2,889,0.497720365
within_B_Task-2,890,0.492147923
within_B_Task-2,891,0.509118541
within_B_Task-2,892,0.465805471
within_B_Task-2,893,0.571175279
within_B_Task-2,894,0.581813576
within_B_Task-2,895,0.470871327
within_B_Task-2,896,0.43768997
within_B_Task-2,897,0.503546099
within_B_Task-2,898,0.567375887
within_B_Task-2,899,0.523556231
within_B_Task-2,900,0.343211753
within_B_Task-2,901,0.446555218
within_B_Task-2,902,0.450101317
within_B_Task-2,903,0.420212766
within_B_Task-2,904,0.497720365
within_B_Task-2,905,0.565349544
within_B_Task-2,906,0.452634245
within_B_Task-2,907,0.486575481
within_B_Task-2,908,0.463272543
within_B_Task-2,909,0.547365755
within_B_Task-2,910,0.487082067
within_B_Task-2,911,0.491641337
within_B_Task-2,912,0.531661601
within_B_Task-2,913,0.366261398
within_B_Task-2,914,0.528368794
within_B_Task-2,915,0.62183384
within_B_Task-2,916,0.482776089
within_B_Task-2,917,0.530395137
within_B_Task-2,918,0.562816616
within_B_Task-2,919,0.514184397
within_B_Task-2,920,0.512158055
within_B_Task-2,921,0.499746707
within_B_Task-2,922,0.441995947
within_B_Task-2,923,0.528368794
within_B_Task-2,924,0.476443769
within_B_Task-2,925,0.545339412
within_B_Task-2,926,0.467071935
within_B_Task-2,927,0.491641337
within_B_Task-2,928,0.514690983
within_B_Task-2,929,0.553444782
within_B_Task-2,930,0.554711246
within_B_Task-2,931,0.473910841
within_B_Task-2,932,0.351317123
within_B_Task-2,933,0.422745694
within_B_Task-2,934,0.445795339
within_B_Task-2,935,0.507852077
within_B_Task-2,936,0.592451874
within_B_Task-2,937,0.468338399
within_B_Task-2,938,0.48100304
within_B_Task-2,939,0.51899696
within_B_Task-2,940,0.550405268
within_B_Task-2,941,0.462765957
within_B_Task-2,942,0.405775076
within_B_Task-2,943,0.566109422
within_B_Task-2,944,0.559270517
within_B_Task-2,945,0.461499493
within_B_Task-2,946,0.537234043
within_B_Task-2,947,0.446555218
within_B_Task-2,948,0.515450861
within_B_Task-2,949,0.526089159
within_B_Task-2,950,0.416413374
within_B_Task-2,951,0.495187437
within_B_Task-2,952,0.451367781
within_B_Task-2,953,0.497213779
within_B_Task-2,954,0.56231003
within_B_Task-2,955,0.485309017
within_B_Task-2,956,0.494680851
within_B_Task-2,957,0.46656535
within_B_Task-2,958,0.425278622
within_B_Task-2,959,0.485815603
within_B_Task-2,960,0.524062817
within_B_Task-2,961,0.563576494
within_B_Task-2,962,0.450101317
within_B_Task-2,963,0.559270517
within_B_Task-2,964,0.464032421
within_B_Task-2,965,0.419452888
within_B_Task-2,966,0.507852077
within_B_Task-2,967,0.460233029
within_B_Task-2,968,0.477710233
within_B_Task-2,969,0.532928065
within_B_Task-2,970,0.441489362
within_B_Task-2,971,0.500253293
within_B_Task-2,972,0.364488349
within_B_Task-2,973,0.470364742
within_B_Task-2,974,0.437183384
within_B_Task-2,975,0.507852077
within_B_Task-2,976,0.45212766
within_B_Task-2,977,0.473910841
within_B_Task-2,978,0.616261398
within_B_Task-2,979,0.479736575
within_B_Task-2,980,0.398176292
within_B_Task-2,981,0.573454914
within_B_Task-2,982,0.412613982
within_B_Task-2,983,0.371327254
within_B_Task-2,984,0.503546099
within_B_Task-2,985,0.490374873
within_B_Task-2,986,0.463272543
within_B_Task-2,987,0.452634245
within_B_Task-2,988,0.542299899
within_B_Task-2,989,0.543566363
within_B_Task-2,990,0.507092199
within_B_Task-2,991,0.465298886
within_B_Task-2,992,0.502786221
within_B_Task-2,993,0.44402229
within_B_Task-2,994,0.497720365
within_B_Task-2,995,0.514184397
within_B_Task-2,996,0.462765957
within_B_Task-2,997,0.536727457
within_B_Task-2,998,0.469098278
within_B_Task-2,999,0.509625127
within_B_Task-2,1000,0.614994934
within_B_Task-2,1001,0.465298886
within_B_Task-2,1002,0.532928065
within_B_Task-2,1003,0.48100304
within_B_Task-2,1004,0.456433637
within_B_Task-2,1005,0.494680851
within_B_Task-2,1006,0.558004053
within_B_Task-2,1007,0.548632219
within_B_Task-2,1008,0.58662614
within_B_Task-2,1009,0.418186424
within_B_Task-2,1010,0.489614995
within_B_Task-2,1011,0.587892604
within_B_Task-2,1012,0.40248227
within_B_Task-2,1013,0.410840932
within_B_Task-2,1014,0.432117528
within_B_Task-2,1015,0.559270517
within_B_Task-2,1016,0.548632219
within_B_Task-2,1017,0.484549139
within_B_Task-2,1018,0.475937183
within_B_Task-2,1019,0.513931104
within_B_Task-2,1020,0.498480243
within_B_Task-2,1021,0.495947315
within_B_Task-2,1022,0.524822695
within_B_Task-2,1023,0.532168186
within_B_Task-2,1024,0.51899696
within_B_Task-2,1025,0.514690983
within_B_Task-2,1026,0.526089159
within_B_Task-2,1027,0.469604863
within_B_Task-2,1028,0.501519757
within_B_Task-2,1029,0.496453901
within_B_Task-2,1030,0.517223911
within_B_Task-2,1031,0.477203647
within_B_Task-2,1032,0.583586626
within_B_Task-2,1033,0.524822695
within_B_Task-2,1034,0.438449848
within_B_Task-2,1035,0.447061803
within_B_Task-2,1036,0.54154002
within_B_Task-2,1037,0.461499493
within_B_Task-2,1038,0.450861196
within_B_Task-2,1039,0.534194529
within_B_Task-2,1040,0.486575481
within_B_Task-2,1041,0.496453901
within_B_Task-2,1042,0.484549139
within_B_Task-2,1043,0.473910841
within_B_Task-2,1044,0.542806484
within_B_Task-2,1045,0.484042553
within_B_Task-2,1046,0.526089159
within_B_Task-2,1047,0.462006079
within_B_Task-2,1048,0.527862209
within_B_Task-2,1049,0.348784195
within_B_Task-2,1050,0.498986829
within_B_Task-2,1051,0.507852077
within_B_Task-2,1052,0.400202634
within_B_Task-2,1053,0.497213779
within_B_Task-2,1054,0.457193516
within_B_Task-2,1055,0.507092199
within_B_Task-2,1056,0.51899696
within_B_Task-2,1057,0.58662614
within_B_Task-2,1058,0.474670719
within_B_Task-2,1059,0.58662614
within_B_Task-2,1060,0.413880446
within_B_Task-2,1061,0.581813576
within_B_Task-2,1062,0.493920973
within_B_Task-2,1063,0.558004053
within_B_Task-2,1064,0.469604863
within_B_Task-2,1065,0.55597771
within_B_Task-2,1066,0.497720365
within_B_Task-2,1067,0.529128673
within_B_Task-2,1068,0.459726444
within_B_Task-2,1069,0.493414387
within_B_Task-2,1070,0.535460993
within_B_Task-2,1071,0.440222898
within_B_Task-2,1072,0.43591692
within_B_Task-2,1073,0.460739615
within_B_Task-2,1074,0.571175279
within_B_Task-2,1075,0.431357649
within_B_Task-2,1076,0.472137791
within_B_Task-2,1077,0.40070922
within_B_Task-2,1078,0.514184397
within_B_Task-2,1079,0.438956434
within_B_Task-2,1080,0.479736575
within_B_Task-2,1081,0.497720365
within_B_Task-2,1082,0.553444782
within_B_Task-2,1083,0.467831814
within_B_Task-2,1084,0.452634245
within_B_Task-2,1085,0.402735562
within_B_Task-2,1086,0.487841945
within_B_Task-2,1087,0.492907801
within_B_Task-2,1088,0.51899696
within_B_Task-2,1089,0.497720365
within_B_Task-2,1090,0.529635258
within_B_Task-2,1091,0.519756839
within_B_Task-2,1092,0.544072948
within_B_Task-2,1093,0.484549139
within_B_Task-2,1094,0.433890578
within_B_Task-2,1095,0.571175279
within_B_Task-2,1096,0.542299899
within_B_Task-2,1097,0.498986829
within_B_Task-2,1098,0.464539007
within_B_Task-2,1099,0.51899696
within_B_Task-2,1100,0.496453901
within_B_Task-2,1101,0.448834853
within_B_Task-2,1102,0.396403242
within_B_Task-2,1103,0.475937183
within_B_Task-2,1104,0.469604863
within_B_Task-2,1105,0.504812563
within_B_Task-2,1106,0.513424519
within_B_Task-2,1107,0.446555218
within_B_Task-2,1108,0.508358663
within_B_Task-2,1109,0.453900709
within_B_Task-2,1110,0.519756839
within_B_Task-2,1111,0.551671733
within_B_Task-2,1112,0.457193516
within_B_Task-2,1113,0.581813576
within_B_Task-2,1114,0.427051672
within_B_Task-2,1115,0.569908815
within_B_Task-2,1116,0.438196555
within_B_Task-2,1117,0.460992908
within_B_Task-2,1118,0.405775076
within_B_Task-2,1119,0.481509625
within_B_Task-2,1120,0.373860182
within_B_Task-2,1121,0.502279635
within_B_Task-2,1122,0.420719352
within_B_Task-2,1123,0.524822695
within_B_Task-2,1124,0.427558257
within_B_Task-2,1125,0.381965552
within_B_Task-2,1126,0.553444782
within_B_Task-2,1127,0.512917933
within_B_Task-2,1128,0.487841945
within_B_Task-2,1129,0.482269504
within_B_Task-2,1130,0.571175279
within_B_Task-2,1131,0.473910841
within_B_Task-2,1132,0.48100304
within_B_Task-2,1133,0.521023303
within_B_Task-2,1134,0.488348531
within_B_Task-2,1135,0.503546099
within_B_Task-2,1136,0.482269504
within_B_Task-2,1137,0.548632219
within_B_Task-2,1138,0.574721378
within_B_Task-2,1139,0.406281662
within_B_Task-2,1140,0.507092199
within_B_Task-2,1141,0.57674772
within_B_Task-2,1142,0.547365755
within_B_Task-2,1143,0.489614995
within_B_Task-2,1144,0.523556231
within_B_Task-2,1145,0.478976697
within_B_Task-2,1146,0.453394124
within_B_Task-2,1147,0.457700101
within_B_Task-2,1148,0.463272543
within_B_Task-2,1149,0.492147923
within_B_Task-2,1150,0.514690983
within_B_Task-2,1151,0.406281662
within_B_Task-2,1152,0.575987842
within_B_Task-2,1153,0.548632219
within_B_Task-2,1154,0.503546099
within_B_Task-2,1155,0.476443769
within_B_Task-2,1156,0.581813576
within_B_Task-2,1157,0.575987842
within_B_Task-2,1158,0.565349544
within_B_Task-2,1159,0.526595745
within_B_Task-2,1160,0.524822695
within_B_Task-2,1161,0.440729483
within_B_Task-2,1162,0.515450861
within_B_Task-2,1163,0.59118541
within_B_Task-2,1164,0.567375887
within_B_Task-2,1165,0.490374873
within_B_Task-2,1166,0.545339412
within_B_Task-2,1167,0.526089159
within_B_Task-2,1168,0.575987842
within_B_Task-2,1169,0.526595745
within_B_Task-2,1170,0.417679838
within_B_Task-2,1171,0.654255319
within_B_Task-2,1172,0.53343465
within_B_Task-2,1173,0.43768997
within_B_Task-2,1174,0.56408308
within_B_Task-2,1175,0.524062817
within_B_Task-2,1176,0.548632219
within_B_Task-2,1177,0.539007092
within_B_Task-2,1178,0.497213779
within_B_Task-2,1179,0.475177305
within_B_Task-2,1180,0.604356636
within_B_Task-2,1181,0.536727457
within_B_Task-2,1182,0.558004053
within_B_Task-2,1183,0.612462006
within_B_Task-2,1184,0.577254306
within_B_Task-2,1185,0.462259372
within_B_Task-2,1186,0.388804458
within_B_Task-2,1187,0.501013171
within_B_Task-2,1188,0.388297872
within_B_Task-2,1189,0.480243161
within_B_Task-2,1190,0.536727457
within_B_Task-2,1191,0.496453901
within_B_Task-2,1192,0.464539007
within_B_Task-2,1193,0.443262411
within_B_Task-2,1194,0.530901722
within_B_Task-2,1195,0.530395137
within_B_Task-2,1196,0.502786221
within_B_Task-2,1197,0.512917933
within_B_Task-2,1198,0.502279635
within_B_Task-2,1199,0.548632219
within_B_Task-2,1200,0.556737589
within_B_Task-2,1201,0.567375887
within_B_Task-2,1202,0.40704154
within_B_Task-2,1203,0.449088146
within_B_Task-2,1204,0.449594732
within_B_Task-2,1205,0.464539007
within_B_Task-2,1206,0.456433637
within_B_Task-2,1207,0.56231003
within_B_Task-2,1208,0.515957447
within_B_Task-2,1209,0.585359676
within_B_Task-2,1210,0.502786221
within_B_Task-2,1211,0.453394124
within_B_Task-2,1212,0.57674772
within_B_Task-2,1213,0.521529889
within_B_Task-2,1214,0.436423506
within_B_Task-2,1215,0.548632219
within_B_Task-2,1216,0.375126646
within_B_Task-2,1217,0.525329281
within_B_Task-2,1218,0.604356636
within_B_Task-2,1219,0.470364742
within_B_Task-2,1220,0.571175279
within_B_Task-2,1221,0.479736575
within_B_Task-2,1222,0.484549139
within_B_Task-2,1223,0.498480243
within_B_Task-2,1224,0.521529889
within_B_Task-2,1225,0.536727457
within_B_Task-2,1226,0.498480243
within_B_Task-2,1227,0.440729483
within_B_Task-2,1228,0.503546099
within_B_Task-2,1229,0.51899696
within_B_Task-2,1230,0.442755826
within_B_Task-2,1231,0.527862209
within_B_Task-2,1232,0.457700101
within_B_Task-2,1233,0.574214792
within_B_Task-2,1234,0.483282675
within_B_Task-2,1235,0.380699088
within_B_Task-2,1236,0.381965552
within_B_Task-2,1237,0.572948328
within_B_Task-2,1238,0.485815603
within_B_Task-2,1239,0.498480243
within_B_Task-2,1240,0.469604863
within_B_Task-2,1241,0.482269504
within_B_Task-2,1242,0.583080041
within_B_Task-2,1243,0.525329281
within_B_Task-2,1244,0.455927052
within_B_Task-2,1245,0.571175279
within_B_Task-2,1246,0.469098278
within_B_Task-2,1247,0.550405268
within_B_Task-2,1248,0.58662614
within_B_Task-2,1249,0.455927052
within_B_Task-2,1250,0.649949341
within_B_Task-2,1251,0.510891591
within_B_Task-2,1252,0.546099291
within_B_Task-2,1253,0.432117528
within_B_Task-2,1254,0.421985816
within_B_Task-2,1255,0.540273556
within_B_Task-2,1256,0.542299899
within_B_Task-2,1257,0.581813576
within_B_Task-2,1258,0.501013171
within_B_Task-2,1259,0.530901722
within_B_Task-2,1260,0.553444782
within_B_Task-2,1261,0.51899696
within_B_Task-2,1262,0.58662614
within_B_Task-2,1263,0.567375887
within_B_Task-2,1264,0.497213779
within_B_Task-2,1265,0.45845998
within_B_Task-2,1266,0.514184397
within_B_Task-2,1267,0.430091185
within_B_Task-2,1268,0.454660588
within_B_Task-2,1269,0.489614995
within_B_Task-2,1270,0.41337386
within_B_Task-2,1271,0.490374873
within_B_Task-2,1272,0.557244174
within_B_Task-2,1273,0.530395137
within_B_Task-2,1274,0.482776089
within_B_Task-2,1275,0.581813576
within_B_Task-2,1276,0.583080041
within_B_Task-2,1277,0.536727457
within_B_Task-2,1278,0.473910841
within_B_Task-2,1279,0.530395137
within_B_Task-2,1280,0.48100304
within_B_Task-2,1281,0.505319149
within_B_Task-2,1282,0.623100304
within_B_Task-2,1283,0.512917933
within_B_Task-2,1284,0.485815603
within_B_Task-2,1285,0.479736575
within_B_Task-2,1286,0.542806484
within_B_Task-2,1287,0.523556231
within_B_Task-2,1288,0.550405268
within_B_Task-2,1289,0.427051672
within_B_Task-2,1290,0.468338399
within_B_Task-2,1291,0.46656535
within_B_Task-2,1292,0.536727457
within_B_Task-2,1293,0.604356636
within_B_Task-2,1294,0.590425532
within_B_Task-2,1295,0.473404255
within_B_Task-2,1296,0.451367781
within_B_Task-2,1297,0.496453901
within_B_Task-2,1298,0.488348531
within_B_Task-2,1299,0.470364742
within_B_Task-2,1300,0.463272543
within_B_Task-2,1301,0.485309017
within_B_Task-2,1302,0.432624113
within_B_Task-2,1303,0.474670719
within_B_Task-2,1304,0.561043566
within_B_Task-2,1305,0.512917933
within_B_Task-2,1306,0.559777102
within_B_Task-2,1307,0.471377913
within_B_Task-2,1308,0.524822695
within_B_Task-2,1309,0.594984802
within_B_Task-2,1310,0.511651469
within_B_Task-2,1311,0.37006079
within_B_Task-2,1312,0.477203647
within_B_Task-2,1313,0.583586626
within_B_Task-2,1314,0.489614995
within_B_Task-2,1315,0.433890578
within_B_Task-2,1316,0.462765957
within_B_Task-2,1317,0.485815603
within_B_Task-2,1318,0.484549139
within_B_Task-2,1319,0.478976697
within_B_Task-2,1320,0.582320162
within_B_Task-2,1321,0.445795339
within_B_Task-2,1322,0.475177305
within_B_Task-2,1323,0.478976697
within_B_Task-2,1324,0.515450861
within_B_Task-2,1325,0.416919959
within_B_Task-2,1326,0.558004053
within_B_Task-2,1327,0.547365755
within_B_Task-2,1328,0.487841945
within_B_Task-2,1329,0.54154002
within_B_Task-2,1330,0.469604863
within_B_Task-2,1331,0.475937183
within_B_Task-2,1332,0.524822695
within_B_Task-2,1333,0.521023303
within_B_Task-2,1334,0.485815603
within_B_Task-2,1335,0.559270517
within_B_Task-2,1336,0.485309017
within_B_Task-2,1337,0.569908815
within_B_Task-2,1338,0.59929078
within_B_Task-2,1339,0.535967579
within_B_Task-2,1340,0.406281662
within_B_Task-2,1341,0.449594732
within_B_Task-2,1342,0.502279635
within_B_Task-2,1343,0.536727457
within_B_Task-2,1344,0.356889564
within_B_Task-2,1345,0.416919959
within_B_Task-2,1346,0.517223911
within_B_Task-2,1347,0.465805471
within_B_Task-2,1348,0.475177305
within_B_Task-2,1349,0.433383992
within_B_Task-2,1350,0.51899696
within_B_Task-2,1351,0.508358663
within_B_Task-2,1352,0.443262411
within_B_Task-2,1353,0.536727457
within_B_Task-2,1354,0.51899696
within_B_Task-2,1355,0.512917933
within_B_Task-2,1356,0.489614995
within_B_Task-2,1357,0.545339412
within_B_Task-2,1358,0.59118541
within_B_Task-2,1359,0.532168186
within_B_Task-2,1360,0.504052685
within_B_Task-2,1361,0.434650456
within_B_Task-2,1362,0.535967579
within_B_Task-2,1363,0.497720365
within_B_Task-2,1364,0.548632219
within_B_Task-2,1365,0.473404255
within_B_Task-2,1366,0.517223911
within_B_Task-2,1367,0.481509625
within_B_Task-2,1368,0.424518744
within_B_Task-2,1369,0.43591692
within_B_Task-2,1370,0.530395137
within_B_Task-2,1371,0.457193516
within_B_Task-2,1372,0.536727457
within_B_Task-2,1373,0.496453901
within_B_Task-2,1374,0.451367781
within_B_Task-2,1375,0.457193516
within_B_Task-2,1376,0.553444782
within_B_Task-2,1377,0.441995947
within_B_Task-2,1378,0.467071935
within_B_Task-2,1379,0.45212766
within_B_Task-2,1380,0.395136778
within_B_Task-2,1381,0.465298886
within_B_Task-2,1382,0.520263425
within_B_Task-2,1383,0.450101317
within_B_Task-2,1384,0.530901722
within_B_Task-2,1385,0.470871327
within_B_Task-2,1386,0.517730496
within_B_Task-2,1387,0.506585613
within_B_Task-2,1388,0.486575481
within_B_Task-2,1389,0.38627153
within_B_Task-2,1390,0.420212766
within_B_Task-2,1391,0.465298886
within_B_Task-2,1392,0.609929078
within_B_Task-2,1393,0.509625127
within_B_Task-2,1394,0.393870314
within_B_Task-2,1395,0.467831814
within_B_Task-2,1396,0.46656535
within_B_Task-2,1397,0.451367781
within_B_Task-2,1398,0.48100304
within_B_Task-2,1399,0.465805471
within_B_Task-2,1400,0.3943769
within_B_Task-2,1401,0.515957447
within_B_Task-2,1402,0.438956434
within_B_Task-2,1403,0.56408308
within_B_Task-2,1404,0.476443769
within_B_Task-2,1405,0.540273556
within_B_Task-2,1406,0.610435664
within_B_Task-2,1407,0.495187437
within_B_Task-2,1408,0.484549139
within_B_Task-2,1409,0.503546099
within_B_Task-2,1410,0.470871327
within_B_Task-2,1411,0.463272543
within_B_Task-2,1412,0.495440729
within_B_Task-2,1413,0.498986829
within_B_Task-2,1414,0.480243161
within_B_Task-2,1415,0.447061803
within_B_Task-2,1416,0.508358663
within_B_Task-2,1417,0.519756839
within_B_Task-2,1418,0.524822695
within_B_Task-2,1419,0.421985816
within_B_Task-2,1420,0.450101317
within_B_Task-2,1421,0.492147923
within_B_Task-2,1422,0.412107396
within_B_Task-2,1423,0.450861196
within_B_Task-2,1424,0.487082067
within_B_Task-2,1425,0.575987842
within_B_Task-2,1426,0.563576494
within_B_Task-2,1427,0.498480243
within_B_Task-2,1428,0.571175279
within_B_Task-2,1429,0.454660588
within_B_Task-2,1430,0.480749747
within_B_Task-2,1431,0.530901722
within_B_Task-2,1432,0.551671733
within_B_Task-2,1433,0.492907801
within_B_Task-2,1434,0.541033435
within_B_Task-2,1435,0.530901722
within_B_Task-2,1436,0.554204661
within_B_Task-2,1437,0.425785208
within_B_Task-2,1438,0.469604863
within_B_Task-2,1439,0.549898683
within_B_Task-2,1440,0.553444782
within_B_Task-2,1441,0.445795339
within_B_Task-2,1442,0.514184397
within_B_Task-2,1443,0.439463019
within_B_Task-2,1444,0.514184397
within_B_Task-2,1445,0.498480243
within_B_Task-2,1446,0.404508612
within_B_Task-2,1447,0.463272543
within_B_Task-2,1448,0.412613982
within_B_Task-2,1449,0.575481256
within_B_Task-2,1450,0.457700101
within_B_Task-2,1451,0.542806484
within_B_Task-2,1452,0.556737589
within_B_Task-2,1453,0.484042553
within_B_Task-2,1454,0.428824721
within_B_Task-2,1455,0.469098278
within_B_Task-2,1456,0.465805471
within_B_Task-2,1457,0.566109422
within_B_Task-2,1458,0.455167173
within_B_Task-2,1459,0.536727457
within_B_Task-2,1460,0.56408308
within_B_Task-2,1461,0.569908815
within_B_Task-2,1462,0.478976697
within_B_Task-2,1463,0.469604863
within_B_Task-2,1464,0.59929078
within_B_Task-2,1465,0.473910841
within_B_Task-2,1466,0.554204661
within_B_Task-2,1467,0.542806484
within_B_Task-2,1468,0.492147923
within_B_Task-2,1469,0.476443769
within_B_Task-2,1470,0.484549139
within_B_Task-2,1471,0.48100304
within_B_Task-2,1472,0.503546099
within_B_Task-2,1473,0.499746707
within_B_Task-2,1474,0.469098278
within_B_Task-2,1475,0.547365755
within_B_Task-2,1476,0.604356636
within_B_Task-2,1477,0.592451874
within_B_Task-2,1478,0.506585613
within_B_Task-2,1479,0.485309017
within_B_Task-2,1480,0.454660588
within_B_Task-2,1481,0.477710233
within_B_Task-2,1482,0.481509625
within_B_Task-2,1483,0.443262411
within_B_Task-2,1484,0.492147923
within_B_Task-2,1485,0.527355623
within_B_Task-2,1486,0.520263425
within_B_Task-2,1487,0.581813576
within_B_Task-2,1488,0.43768997
within_B_Task-2,1489,0.441489362
within_B_Task-2,1490,0.556737589
within_B_Task-2,1491,0.510891591
within_B_Task-2,1492,0.493414387
within_B_Task-2,1493,0.489108409
within_B_Task-2,1494,0.440222898
within_B_Task-2,1495,0.506079027
within_B_Task-2,1496,0.440222898
within_B_Task-2,1497,0.544832827
within_B_Task-2,1498,0.603090172
within_B_Task-2,1499,0.586119554
within_B_Task-2,1500,0.479736575
within_B_Task-2,1501,0.450101317
within_B_Task-2,1502,0.468338399
within_B_Task-2,1503,0.580547112
within_B_Task-2,1504,0.370567376
within_B_Task-2,1505,0.473910841
within_B_Task-2,1506,0.565349544
within_B_Task-2,1507,0.487082067
within_B_Task-2,1508,0.544832827
within_B_Task-2,1509,0.430091185
within_B_Task-2,1510,0.3556231
within_B_Task-2,1511,0.355116515
within_B_Task-2,1512,0.59929078
within_B_Task-2,1513,0.420719352
within_B_Task-2,1514,0.492147923
within_B_Task-2,1515,0.472137791
within_B_Task-2,1516,0.625633232
within_B_Task-2,1517,0.518490375
within_B_Task-2,1518,0.582320162
within_B_Task-2,1519,0.457700101
within_B_Task-2,1520,0.523556231
within_B_Task-2,1521,0.474670719
within_B_Task-2,1522,0.569908815
within_B_Task-2,1523,0.510891591
within_B_Task-2,1524,0.403242148
within_B_Task-2,1525,0.469098278
within_B_Task-2,1526,0.472644377
within_B_Task-2,1527,0.45845998
within_B_Task-2,1528,0.547365755
within_B_Task-2,1529,0.472644377
within_B_Task-2,1530,0.55597771
within_B_Task-2,1531,0.453900709
within_B_Task-2,1532,0.518490375
within_B_Task-2,1533,0.515957447
within_B_Task-2,1534,0.421985816
within_B_Task-2,1535,0.473404255
within_B_Task-2,1536,0.46656535
within_B_Task-2,1537,0.526595745
within_B_Task-2,1538,0.480243161
within_B_Task-2,1539,0.569908815
within_B_Task-2,1540,0.399442756
within_B_Task-2,1541,0.51899696
within_B_Task-2,1542,0.462765957
within_B_Task-2,1543,0.522289767
within_B_Task-2,1544,0.485815603
within_B_Task-2,1545,0.434650456
within_B_Task-2,1546,0.564842958
within_B_Task-2,1547,0.51899696
within_B_Task-2,1548,0.519756839
within_B_Task-2,1549,0.494680851
within_B_Task-2,1550,0.458966565
within_B_Task-2,1551,0.489108409
within_B_Task-2,1552,0.502786221
within_B_Task-2,1553,0.451367781
within_B_Task-2,1554,0.667426545
within_B_Task-2,1555,0.515957447
within_B_Task-2,1556,0.470364742
within_B_Task-2,1557,0.456433637
within_B_Task-2,1558,0.477203647
within_B_Task-2,1559,0.593718338
within_B_Task-2,1560,0.559270517
within_B_Task-2,1561,0.531661601
within_B_Task-2,1562,0.437183384
within_B_Task-2,1563,0.547365755
within_B_Task-2,1564,0.502279635
within_B_Task-2,1565,0.48100304
within_B_Task-2,1566,0.450861196
within_B_Task-2,1567,0.524822695
within_B_Task-2,1568,0.497720365
within_B_Task-2,1569,0.524822695
within_B_Task-2,1570,0.610435664
within_B_Task-2,1571,0.54154002
within_B_Task-2,1572,0.529635258
within_B_Task-2,1573,0.599797366
within_B_Task-2,1574,0.490881459
within_B_Task-2,1575,0.507852077
within_B_Task-2,1576,0.498986829
within_B_Task-2,1577,0.475937183
within_B_Task-2,1578,0.502279635
within_B_Task-2,1579,0.552178318
within_B_Task-2,1580,0.535967579
within_B_Task-2,1581,0.43768997
within_B_Task-2,1582,0.564842958
within_B_Task-2,1583,0.566616008
within_B_Task-2,1584,0.488348531
within_B_Task-2,1585,0.495947315
within_B_Task-2,1586,0.428824721
within_B_Task-2,1587,0.515450861
within_B_Task-2,1588,0.514690983
within_B_Task-2,1589,0.484549139
within_B_Task-2,1590,0.495187437
within_B_Task-2,1591,0.444528875
within_B_Task-2,1592,0.54154002
within_B_Task-2,1593,0.498480243
within_B_Task-2,1594,0.690729483
within_B_Task-2,1595,0.569908815
within_B_Task-2,1596,0.536727457
within_B_Task-2,1597,0.547365755
within_B_Task-2,1598,0.456433637
within_B_Task-2,1599,0.416919959
within_B_Task-2,1600,0.520263425
within_B_Task-2,1601,0.457193516
within_B_Task-2,1602,0.504812563
within_B_Task-2,1603,0.436930091
within_B_Task-2,1604,0.518490375
within_B_Task-2,1605,0.569908815
within_B_Task-2,1606,0.446555218
within_B_Task-2,1607,0.471631206
within_B_Task-2,1608,0.537993921
within_B_Task-2,1609,0.526089159
within_B_Task-2,1610,0.603090172
within_B_Task-2,1611,0.531661601
within_B_Task-2,1612,0.514690983
within_B_Task-2,1613,0.43591692
within_B_Task-2,1614,0.495187437
within_B_Task-2,1615,0.47289767
within_B_Task-2,1616,0.54154002
within_B_Task-2,1617,0.490374873
within_B_Task-2,1618,0.497720365
within_B_Task-2,1619,0.583586626
within_B_Task-2,1620,0.529128673
within_B_Task-2,1621,0.554204661
within_B_Task-2,1622,0.468338399
within_B_Task-2,1623,0.569908815
within_B_Task-2,1624,0.451367781
within_B_Task-2,1625,0.456433637
within_B_Task-2,1626,0.416413374
within_B_Task-2,1627,0.575987842
within_B_Task-2,1628,0.414640324
within_B_Task-2,1629,0.474670719
within_B_Task-2,1630,0.502279635
within_B_Task-2,1631,0.557244174
within_B_Task-2,1632,0.447821682
within_B_Task-2,1633,0.447061803
within_B_Task-2,1634,0.500253293
within_B_Task-2,1635,0.600557244
within_B_Task-2,1636,0.559270517
within_B_Task-2,1637,0.504812563
within_B_Task-2,1638,0.568642351
within_B_Task-2,1639,0.536727457
within_B_Task-2,1640,0.470364742
within_B_Task-2,1641,0.424518744
within_B_Task-2,1642,0.574214792
within_B_Task-2,1643,0.575987842
within_B_Task-2,1644,0.527862209
within_B_Task-2,1645,0.487841945
within_B_Task-2,1646,0.524822695
within_B_Task-2,1647,0.547365755
within_B_Task-2,1648,0.470364742
within_B_Task-2,1649,0.569148936
within_B_Task-2,1650,0.497213779
within_B_Task-2,1651,0.406281662
within_B_Task-2,1652,0.469098278
within_B_Task-2,1653,0.511651469
within_B_Task-2,1654,0.482269504
within_B_Task-2,1655,0.45845998
within_B_Task-2,1656,0.502786221
within_B_Task-2,1657,0.509625127
within_B_Task-2,1658,0.474670719
within_B_Task-2,1659,0.536727457
within_B_Task-2,1660,0.509625127
within_B_Task-2,1661,0.459726444
within_B_Task-2,1662,0.514184397
within_B_Task-2,1663,0.503546099
within_B_Task-2,1664,0.592451874
within_B_Task-2,1665,0.510385005
within_B_Task-2,1666,0.547365755
within_B_Task-2,1667,0.547365755
within_B_Task-2,1668,0.548632219
within_B_Task-2,1669,0.472137791
within_B_Task-2,1670,0.477203647
within_B_Task-2,1671,0.430091185
within_B_Task-2,1672,0.448328267
within_B_Task-2,1673,0.558004053
within_B_Task-2,1674,0.440222898
within_B_Task-2,1675,0.478470111
within_B_Task-2,1676,0.497213779
within_B_Task-2,1677,0.555471125
within_B_Task-2,1678,0.524822695
within_B_Task-2,1679,0.511651469
within_B_Task-2,1680,0.488348531
within_B_Task-2,1681,0.512917933
within_B_Task-2,1682,0.541033435
within_B_Task-2,1683,0.548632219
within_B_Task-2,1684,0.516717325
within_B_Task-2,1685,0.425278622
within_B_Task-2,1686,0.463272543
within_B_Task-2,1687,0.587892604
within_B_Task-2,1688,0.536727457
within_B_Task-2,1689,0.492147923
within_B_Task-2,1690,0.490374873
within_B_Task-2,1691,0.401975684
within_B_Task-2,1692,0.501519757
within_B_Task-2,1693,0.508358663
within_B_Task-2,1694,0.503546099
within_B_Task-2,1695,0.44402229
within_B_Task-2,1696,0.4295846
within_B_Task-2,1697,0.491641337
within_B_Task-2,1698,0.521529889
within_B_Task-2,1699,0.455167173
within_B_Task-2,1700,0.445288754
within_B_Task-2,1701,0.491641337
within_B_Task-2,1702,0.453394124
within_B_Task-2,1703,0.578014184
within_B_Task-2,1704,0.529128673
within_B_Task-2,1705,0.559777102
within_B_Task-2,1706,0.44402229
within_B_Task-2,1707,0.571175279
within_B_Task-2,1708,0.445795339
within_B_Task-2,1709,0.530395137
within_B_Task-2,1710,0.546605876
within_B_Task-2,1711,0.604356636
within_B_Task-2,1712,0.502279635
within_B_Task-2,1713,0.433383992
within_B_Task-2,1714,0.438956434
within_B_Task-2,1715,0.487082067
within_B_Task-2,1716,0.548632219
within_B_Task-2,1717,0.597264438
within_B_Task-2,1718,0.451367781
within_B_Task-2,1719,0.54787234
within_B_Task-2,1720,0.502279635
within_B_Task-2,1721,0.612968592
within_B_Task-2,1722,0.45845998
within_B_Task-2,1723,0.430851064
within_B_Task-2,1724,0.506585613
within_B_Task-2,1725,0.435157042
within_B_Task-2,1726,0.60739615
within_B_Task-2,1727,0.482269504
within_B_Task-2,1728,0.546605876
within_B_Task-2,1729,0.411347518
within_B_Task-2,1730,0.42325228
within_B_Task-2,1731,0.529128673
within_B_Task-2,1732,0.440729483
within_B_Task-2,1733,0.461499493
within_B_Task-2,1734,0.462765957
within_B_Task-2,1735,0.475937183
within_B_Task-2,1736,0.54154002
within_B_Task-2,1737,0.567882472
within_B_Task-2,1738,0.558004053
within_B_Task-2,1739,0.502279635
within_B_Task-2,1740,0.625633232
within_B_Task-2,1741,0.529128673
within_B_Task-2,1742,0.468338399
within_B_Task-2,1743,0.421985816
within_B_Task-2,1744,0.556737589
within_B_Task-2,1745,0.507852077
within_B_Task-2,1746,0.510385005
within_B_Task-2,1747,0.453394124
within_B_Task-2,1748,0.420212766
within_B_Task-2,1749,0.530901722
within_B_Task-2,1750,0.484549139
within_B_Task-2,1751,0.529635258
within_B_Task-2,1752,0.553444782
within_B_Task-2,1753,0.536727457
within_B_Task-2,1754,0.512917933
within_B_Task-2,1755,0.460739615
within_B_Task-2,1756,0.512917933
within_B_Task-2,1757,0.48100304
within_B_Task-2,1758,0.494680851
within_B_Task-2,1759,0.463272543
within_B_Task-2,1760,0.501519757
within_B_Task-2,1761,0.492907801
within_B_Task-2,1762,0.484042553
within_B_Task-2,1763,0.56408308
within_B_Task-2,1764,0.575987842
within_B_Task-2,1765,0.514184397
within_B_Task-2,1766,0.553444782
within_B_Task-2,1767,0.502279635
within_B_Task-2,1768,0.472644377
within_B_Task-2,1769,0.38627153
within_B_Task-2,1770,0.490881459
within_B_Task-2,1771,0.463272543
within_B_Task-2,1772,0.430851064
within_B_Task-2,1773,0.51899696
within_B_Task-2,1774,0.420212766
within_B_Task-2,1775,0.487082067
within_B_Task-2,1776,0.580547112
within_B_Task-2,1777,0.544832827
within_B_Task-2,1778,0.532928065
within_B_Task-2,1779,0.499746707
within_B_Task-2,1780,0.554711246
within_B_Task-2,1781,0.501519757
within_B_Task-2,1782,0.472137791
within_B_Task-2,1783,0.399442756
within_B_Task-2,1784,0.527862209
within_B_Task-2,1785,0.521023303
within_B_Task-2,1786,0.532928065
within_B_Task-2,1787,0.553444782
within_B_Task-2,1788,0.448328267
within_B_Task-2,1789,0.478470111
within_B_Task-2,1790,0.400202634
within_B_Task-2,1791,0.409574468
within_B_Task-2,1792,0.565349544
within_B_Task-2,1793,0.536727457
within_B_Task-2,1794,0.474670719
within_B_Task-2,1795,0.546099291
within_B_Task-2,1796,0.51899696
within_B_Task-2,1797,0.311803445
within_B_Task-2,1798,0.486575481
within_B_Task-2,1799,0.566616008
within_B_Task-2,1800,0.528622087
within_B_Task-2,1801,0.476443769
within_B_Task-2,1802,0.530901722
within_B_Task-2,1803,0.430851064
within_B_Task-2,1804,0.350050659
within_B_Task-2,1805,0.530901722
within_B_Task-2,1806,0.559270517
within_B_Task-2,1807,0.536727457
within_B_Task-2,1808,0.492907801
within_B_Task-2,1809,0.542806484
within_B_Task-2,1810,0.495947315
within_B_Task-2,1811,0.517223911
within_B_Task-2,1812,0.59118541
within_B_Task-2,1813,0.54154002
within_B_Task-2,1814,0.489614995
within_B_Task-2,1815,0.547365755
within_B_Task-2,1816,0.521023303
within_B_Task-2,1817,0.498480243
within_B_Task-2,1818,0.558004053
within_B_Task-2,1819,0.569908815
within_B_Task-2,1820,0.424518744
within_B_Task-2,1821,0.492147923
within_B_Task-2,1822,0.471631206
within_B_Task-2,1823,0.530901722
within_B_Task-2,1824,0.467071935
within_B_Task-2,1825,0.553444782
within_B_Task-2,1826,0.561043566
within_B_Task-2,1827,0.464032421
within_B_Task-2,1828,0.469098278
within_B_Task-2,1829,0.626139818
within_B_Task-2,1830,0.477710233
within_B_Task-2,1831,0.506585613
within_B_Task-2,1832,0.561550152
within_B_Task-2,1833,0.470871327
within_B_Task-2,1834,0.555471125
within_B_Task-2,1835,0.424012158
within_B_Task-2,1836,0.510891591
within_B_Task-2,1837,0.457193516
within_B_Task-2,1838,0.488348531
within_B_Task-2,1839,0.530901722
within_B_Task-2,1840,0.447061803
within_B_Task-2,1841,0.571175279
within_B_Task-2,1842,0.503546099
within_B_Task-2,1843,0.404508612
within_B_Task-2,1844,0.447061803
within_B_Task-2,1845,0.593718338
within_B_Task-2,1846,0.438956434
within_B_Task-2,1847,0.405015198
within_B_Task-2,1848,0.495187437
within_B_Task-2,1849,0.399442756
within_B_Task-2,1850,0.432117528
within_B_Task-2,1851,0.507852077
within_B_Task-2,1852,0.499746707
within_B_Task-2,1853,0.511651469
within_B_Task-2,1854,0.471631206
within_B_Task-2,1855,0.603090172
within_B_Task-2,1856,0.396909828
within_B_Task-2,1857,0.496453901
within_B_Task-2,1858,0.45212766
within_B_Task-2,1859,0.412613982
within_B_Task-2,1860,0.565349544
within_B_Task-2,1861,0.526089159
within_B_Task-2,1862,0.464032421
within_B_Task-2,1863,0.535460993
within_B_Task-2,1864,0.41514691
within_B_Task-2,1865,0.477710233
within_B_Task-2,1866,0.519756839
within_B_Task-2,1867,0.502786221
within_B_Task-2,1868,0.597264438
within_B_Task-2,1869,0.491641337
within_B_Task-2,1870,0.569908815
within_B_Task-2,1871,0.458966565
within_B_Task-2,1872,0.56408308
within_B_Task-2,1873,0.433383992
within_B_Task-2,1874,0.440222898
within_B_Task-2,1875,0.39260385
within_B_Task-2,1876,0.449088146
within_B_Task-2,1877,0.472137791
within_B_Task-2,1878,0.460233029
within_B_Task-2,1879,0.502279635
within_B_Task-2,1880,0.477203647
within_B_Task-2,1881,0.547365755
within_B_Task-2,1882,0.474670719
within_B_Task-2,1883,0.451367781
within_B_Task-2,1884,0.59118541
within_B_Task-2,1885,0.450861196
within_B_Task-2,1886,0.470364742
within_B_Task-2,1887,0.463272543
within_B_Task-2,1888,0.451367781
within_B_Task-2,1889,0.424518744
within_B_Task-2,1890,0.523556231
within_B_Task-2,1891,0.512917933
within_B_Task-2,1892,0.346757852
within_B_Task-2,1893,0.563576494
within_B_Task-2,1894,0.598024316
within_B_Task-2,1895,0.487841945
within_B_Task-2,1896,0.497720365
within_B_Task-2,1897,0.41337386
within_B_Task-2,1898,0.575987842
within_B_Task-2,1899,0.45212766
within_B_Task-2,1900,0.54787234
within_B_Task-2,1901,0.463272543
within_B_Task-2,1902,0.475177305
within_B_Task-2,1903,0.451367781
within_B_Task-2,1904,0.491641337
within_B_Task-2,1905,0.505319149
within_B_Task-2,1906,0.484042553
within_B_Task-2,1907,0.521529889
within_B_Task-2,1908,0.491641337
within_B_Task-2,1909,0.548632219
within_B_Task-2,1910,0.497720365
within_B_Task-2,1911,0.496453901
within_B_Task-2,1912,0.497720365
within_B_Task-2,1913,0.497213779
within_B_Task-2,1914,0.487841945
within_B_Task-2,1915,0.501519757
within_B_Task-2,1916,0.496453901
within_B_Task-2,1917,0.486575481
within_B_Task-2,1918,0.446555218
within_B_Task-2,1919,0.491641337
within_B_Task-2,1920,0.485815603
within_B_Task-2,1921,0.51899696
within_B_Task-2,1922,0.604356636
within_B_Task-2,1923,0.451367781
within_B_Task-2,1924,0.48100304
within_B_Task-2,1925,0.505319149
within_B_Task-2,1926,0.474670719
within_B_Task-2,1927,0.589918946
within_B_Task-2,1928,0.460992908
within_B_Task-2,1929,0.54154002
within_B_Task-2,1930,0.479736575
within_B_Task-2,1931,0.507092199
within_B_Task-2,1932,0.515450861
within_B_Task-2,1933,0.488348531
within_B_Task-2,1934,0.486575481
within_B_Task-2,1935,0.514184397
within_B_Task-2,1936,0.412613982
within_B_Task-2,1937,0.516717325
within_B_Task-2,1938,0.588652482
within_B_Task-2,1939,0.477203647
within_B_Task-2,1940,0.535967579
within_B_Task-2,1941,0.45845998
within_B_Task-2,1942,0.451367781
within_B_Task-2,1943,0.484549139
within_B_Task-2,1944,0.492907801
within_B_Task-2,1945,0.509118541
within_B_Task-2,1946,0.553444782
within_B_Task-2,1947,0.405015198
within_B_Task-2,1948,0.565349544
within_B_Task-2,1949,0.488348531
within_B_Task-2,1950,0.42325228
within_B_Task-2,1951,0.475937183
within_B_Task-2,1952,0.430091185
within_B_Task-2,1953,0.563576494
within_B_Task-2,1954,0.51899696
within_B_Task-2,1955,0.473910841
within_B_Task-2,1956,0.439463019
within_B_Task-2,1957,0.497213779
within_B_Task-2,1958,0.465805471
within_B_Task-2,1959,0.551671733
within_B_Task-2,1960,0.436423506
within_B_Task-2,1961,0.447821682
within_B_Task-2,1962,0.655521783
within_B_Task-2,1963,0.575987842
within_B_Task-2,1964,0.545339412
within_B_Task-2,1965,0.504052685
within_B_Task-2,1966,0.523556231
within_B_Task-2,1967,0.638804458
within_B_Task-2,1968,0.502279635
within_B_Task-2,1969,0.477710233
within_B_Task-2,1970,0.388297872
within_B_Task-2,1971,0.473404255
within_B_Task-2,1972,0.504812563
within_B_Task-2,1973,0.440222898
within_B_Task-2,1974,0.481509625
within_B_Task-2,1975,0.446555218
within_B_Task-2,1976,0.509625127
within_B_Task-2,1977,0.432624113
within_B_Task-2,1978,0.559777102
within_B_Task-2,1979,0.487082067
within_B_Task-2,1980,0.42781155
within_B_Task-2,1981,0.543566363
within_B_Task-2,1982,0.492147923
within_B_Task-2,1983,0.508358663
within_B_Task-2,1984,0.475937183
within_B_Task-2,1985,0.439463019
within_B_Task-2,1986,0.350557244
within_B_Task-2,1987,0.556737589
within_B_Task-2,1988,0.538500507
within_B_Task-2,1989,0.489614995
within_B_Task-2,1990,0.522796353
within_B_Task-2,1991,0.489108409
within_B_Task-2,1992,0.492907801
within_B_Task-2,1993,0.530901722
within_B_Task-2,1994,0.530901722
within_B_Task-2,1995,0.441995947
within_B_Task-2,1996,0.48100304
within_B_Task-2,1997,0.503546099
within_B_Task-2,1998,0.536727457
within_B_Task-2,1999,0.597264438
cross_Task-1,1,0.55513457
cross_Task-1,2,0.548144761
cross_Task-1,3,0.550888424
cross_Task-1,4,0.518683042
cross_Task-1,5,0.43983538
cross_Task-1,6,0.491573034
cross_Task-1,7,0.463679122
cross_Task-1,8,0.502808989
cross_Task-1,9,0.537888686
cross_Task-1,10,0.555330546
cross_Task-1,11,0.485955056
cross_Task-1,12,0.594656389
cross_Task-1,13,0.472563366
cross_Task-1,14,0.50823099
cross_Task-1,15,0.490593154
cross_Task-1,16,0.513848968
cross_Task-1,17,0.537888686
cross_Task-1,18,0.53671283
cross_Task-1,19,0.462699242
cross_Task-1,20,0.480337079
cross_Task-1,21,0.467925268
cross_Task-1,22,0.480141103
cross_Task-1,23,0.521426705
cross_Task-1,24,0.497778939
cross_Task-1,25,0.583224458
cross_Task-1,26,0.606872224
cross_Task-1,27,0.530310949
cross_Task-1,28,0.537888686
cross_Task-1,29,0.503396917
cross_Task-1,30,0.440227332
cross_Task-1,31,0.454533577
cross_Task-1,32,0.549124641
cross_Task-1,33,0.544094591
cross_Task-1,34,0.451659263
cross_Task-1,35,0.583224458
cross_Task-1,36,0.463091194
cross_Task-1,37,0.467141364
cross_Task-1,38,0.480337079
cross_Task-1,39,0.518879018
cross_Task-1,40,0.516919258
cross_Task-1,41,0.457277241
cross_Task-1,42,0.55513457
cross_Task-1,43,0.51424092
cross_Task-1,44,0.497191011
cross_Task-1,45,0.520642801
cross_Task-1,46,0.473151293
cross_Task-1,47,0.497582963
cross_Task-1,48,0.577410504
cross_Task-1,49,0.542330807
cross_Task-1,50,0.588842435
cross_Task-1,51,0.513652992
cross_Task-1,52,0.48575908
cross_Task-1,53,0.520250849
cross_Task-1,54,0.474719101
cross_Task-1,55,0.500261301
cross_Task-1,56,0.420629736
cross_Task-1,57,0.456689313
cross_Task-1,58,0.486151032
cross_Task-1,59,0.478769271
cross_Task-1,60,0.469101124
cross_Task-1,61,0.549712569
cross_Task-1,62,0.583224458
cross_Task-1,63,0.496995035
cross_Task-1,64,0.497778939
cross_Task-1,65,0.517507186
cross_Task-1,66,0.554546642
cross_Task-1,67,0.479749151
cross_Task-1,68,0.572184479
cross_Task-1,69,0.48575908
cross_Task-1,70,0.537888686
cross_Task-1,71,0.565978573
cross_Task-1,72,0.46733734
cross_Task-1,73,0.541350928
cross_Task-1,74,0.513848968
cross_Task-1,75,0.497582963
cross_Task-1,76,0.480925007
cross_Task-1,77,0.53671283
cross_Task-1,78,0.447609093
cross_Task-1,79,0.519466945
cross_Task-1,80,0.491573034
cross_Task-1,81,0.456689313
cross_Task-1,82,0.525868827
cross_Task-1,83,0.503004965
cross_Task-1,84,0.515808727
cross_Task-1,85,0.53364254
cross_Task-1,86,0.569832767
cross_Task-1,87,0.508426966
cross_Task-1,88,0.503396917
cross_Task-1,89,0.491573034
cross_Task-1,90,0.515024824
cross_Task-1,91,0.51424092
cross_Task-1,92,0.584008362
cross_Task-1,93,0.446041286
cross_Task-1,94,0.462503266
cross_Task-1,95,0.508035014
cross_Task-1,96,0.538672589
cross_Task-1,97,0.509406846
cross_Task-1,98,0.571400575
cross_Task-1,99,0.485563104
cross_Task-1,100,0.468121244
cross_Task-1,101,0.4847792
cross_Task-1,102,0.474719101
cross_Task-1,103,0.521034753
cross_Task-1,104,0.514632872
cross_Task-1,105,0.49581918
cross_Task-1,106,0.594656389
cross_Task-1,107,0.507643062
cross_Task-1,108,0.480141103
cross_Task-1,109,0.503004965
cross_Task-1,110,0.490985106
cross_Task-1,111,0.520642801
cross_Task-1,112,0.509602822
cross_Task-1,113,0.508818918
cross_Task-1,114,0.5307029
cross_Task-1,115,0.521622681
cross_Task-1,116,0.514436896
cross_Task-1,117,0.543702639
cross_Task-1,118,0.502417037
cross_Task-1,119,0.533054612
cross_Task-1,120,0.498170891
cross_Task-1,121,0.497191011
cross_Task-1,122,0.503396917
cross_Task-1,123,0.493532793
cross_Task-1,124,0.519466945
cross_Task-1,125,0.450875359
cross_Task-1,126,0.54174288
cross_Task-1,127,0.497778939
cross_Task-1,128,0.55415469
cross_Task-1,129,0.434805331
cross_Task-1,130,0.456493337
cross_Task-1,131,0.572184479
cross_Task-1,132,0.458453096
cross_Task-1,133,0.535536974
cross_Task-1,134,0.440423308
cross_Task-1,135,0.577214528
cross_Task-1,136,0.537888686
cross_Task-1,137,0.467533316
cross_Task-1,138,0.543114711
cross_Task-1,139,0.473151293
cross_Task-1,140,0.549124641
cross_Task-1,141,0.565978573
cross_Task-1,142,0.480729031
cross_Task-1,143,0.502221061
cross_Task-1,144,0.538084662
cross_Task-1,145,0.517507186
cross_Task-1,146,0.519662921
cross_Task-1,147,0.480533055
cross_Task-1,148,0.456885289
cross_Task-1,149,0.531878756
cross_Task-1,150,0.48882937
cross_Task-1,151,0.480337079
cross_Task-1,152,0.518879018
cross_Task-1,153,0.53769271
cross_Task-1,154,0.518487066
cross_Task-1,155,0.467141364
cross_Task-1,156,0.452051215
cross_Task-1,157,0.508818918
cross_Task-1,158,0.53671283
cross_Task-1,159,0.473739221
cross_Task-1,160,0.520250849
cross_Task-1,161,0.548732689
cross_Task-1,162,0.532074732
cross_Task-1,163,0.474327149
cross_Task-1,164,0.567154429
cross_Task-1,165,0.566174549
cross_Task-1,166,0.484975176
cross_Task-1,167,0.491181082
cross_Task-1,168,0.525672851
cross_Task-1,169,0.474327149
cross_Task-1,170,0.48673896
cross_Task-1,171,0.577410504
cross_Task-1,172,0.564802718
cross_Task-1,173,0.441011236
cross_Task-1,174,0.531486804
cross_Task-1,175,0.537496734
cross_Task-1,176,0.572184479
cross_Task-1,177,0.577410504
cross_Task-1,178,0.558400836
cross_Task-1,179,0.455905409
cross_Task-1,180,0.479945127
cross_Task-1,181,0.531486804
cross_Task-1,182,0.543310687
cross_Task-1,183,0.561340476
cross_Task-1,184,0.515416776
cross_Task-1,185,0.595048341
cross_Task-1,186,0.572380455
cross_Task-1,187,0.460543507
cross_Task-1,188,0.473543245
cross_Task-1,189,0.526456755
cross_Task-1,190,0.565782597
cross_Task-1,191,0.571204599
cross_Task-1,192,0.600470342
cross_Task-1,193,0.58263653
cross_Task-1,194,0.530506924
cross_Task-1,195,0.566370525
cross_Task-1,196,0.542134831
cross_Task-1,197,0.526456755
cross_Task-1,198,0.525672851
cross_Task-1,199,0.460739483
cross_Task-1,200,0.532074732
cross_Task-1,201,0.548732689
cross_Task-1,202,0.509406846
cross_Task-1,203,0.458845048
cross_Task-1,204,0.56016462
cross_Task-1,205,0.503396917
cross_Task-1,206,0.520446825
cross_Task-1,207,0.480925007
cross_Task-1,208,0.542330807
cross_Task-1,209,0.566174549
cross_Task-1,210,0.462111314
cross_Task-1,211,0.543506663
cross_Task-1,212,0.519466945
cross_Task-1,213,0.519662921
cross_Task-1,214,0.457865169
cross_Task-1,215,0.526260779
cross_Task-1,216,0.509014894
cross_Task-1,217,0.510778678
cross_Task-1,218,0.503004965
cross_Task-1,219,0.549320617
cross_Task-1,220,0.536516854
cross_Task-1,221,0.531878756
cross_Task-1,222,0.508035014
cross_Task-1,223,0.444473478
cross_Task-1,224,0.570812647
cross_Task-1,225,0.549908545
cross_Task-1,226,0.450091455
cross_Task-1,227,0.589430363
cross_Task-1,228,0.501437157
cross_Task-1,229,0.537496734
cross_Task-1,230,0.456101385
cross_Task-1,231,0.515416776
cross_Task-1,232,0.542330807
cross_Task-1,233,0.490397178
cross_Task-1,234,0.474327149
cross_Task-1,235,0.46328717
cross_Task-1,236,0.567154429
cross_Task-1,237,0.526260779
cross_Task-1,238,0.491573034
cross_Task-1,239,0.590018291
cross_Task-1,240,0.598902535
cross_Task-1,241,0.496015155
cross_Task-1,242,0.577410504
cross_Task-1,243,0.457081265
cross_Task-1,244,0.532074732
cross_Task-1,245,0.540763
cross_Task-1,246,0.445453358
cross_Task-1,247,0.508426966
cross_Task-1,248,0.553566762
cross_Task-1,249,0.508818918
cross_Task-1,250,0.514828848
cross_Task-1,251,0.468121244
cross_Task-1,252,0.50823099
cross_Task-1,253,0.503788869
cross_Task-1,254,0.536908806
cross_Task-1,255,0.526064803
cross_Task-1,256,0.48673896
cross_Task-1,257,0.503200941
cross_Task-1,258,0.519858897
cross_Task-1,259,0.473347269
cross_Task-1,260,0.48575908
cross_Task-1,261,0.497582963
cross_Task-1,262,0.473739221
cross_Task-1,263,0.43983538
cross_Task-1,264,0.554938594
cross_Task-1,265,0.478965247
cross_Task-1,266,0.565194669
cross_Task-1,267,0.504572772
cross_Task-1,268,0.434609355
cross_Task-1,269,0.46328717
cross_Task-1,270,0.456885289
cross_Task-1,271,0.450875359
cross_Task-1,272,0.421609616
cross_Task-1,273,0.474327149
cross_Task-1,274,0.532270708
cross_Task-1,275,0.498562843
cross_Task-1,276,0.50823099
cross_Task-1,277,0.457277241
cross_Task-1,278,0.520054873
cross_Task-1,279,0.576038673
cross_Task-1,280,0.492160962
cross_Task-1,281,0.51326104
cross_Task-1,282,0.514436896
cross_Task-1,283,0.520838777
cross_Task-1,284,0.595048341
cross_Task-1,285,0.422981448
cross_Task-1,286,0.547556833
cross_Task-1,287,0.525672851
cross_Task-1,288,0.549516593
cross_Task-1,289,0.532270708
cross_Task-1,290,0.577410504
cross_Task-1,291,0.44486543
cross_Task-1,292,0.55918474
cross_Task-1,293,0.589038411
cross_Task-1,294,0.452247191
cross_Task-1,295,0.439051476
cross_Task-1,296,0.474327149
cross_Task-1,297,0.496995035
cross_Task-1,298,0.53671283
cross_Task-1,299,0.519858897
cross_Task-1,300,0.492356938
cross_Task-1,301,0.490985106
cross_Task-1,302,0.514044944
cross_Task-1,303,0.549516593
cross_Task-1,304,0.536124902
cross_Task-1,305,0.43983538
cross_Task-1,306,0.538280638
cross_Task-1,307,0.497974915
cross_Task-1,308,0.537104782
cross_Task-1,309,0.530898876
cross_Task-1,310,0.520838777
cross_Task-1,311,0.559968644
cross_Task-1,312,0.469493076
cross_Task-1,313,0.526848707
cross_Task-1,314,0.445257382
cross_Task-1,315,0.549516593
cross_Task-1,316,0.514436896
cross_Task-1,317,0.498170891
cross_Task-1,318,0.549124641
cross_Task-1,319,0.46230729
cross_Task-1,320,0.565586621
cross_Task-1,321,0.438659524
cross_Task-1,322,0.490593154
cross_Task-1,323,0.49078913
cross_Task-1,324,0.5307029
cross_Task-1,325,0.457473217
cross_Task-1,326,0.44584531
cross_Task-1,327,0.51326104
cross_Task-1,328,0.559968644
cross_Task-1,329,0.468121244
cross_Task-1,330,0.507447086
cross_Task-1,331,0.534361118
cross_Task-1,332,0.503396917
cross_Task-1,333,0.542918735
cross_Task-1,334,0.456885289
cross_Task-1,335,0.42239352
cross_Task-1,336,0.492748889
cross_Task-1,337,0.600470342
cross_Task-1,338,0.497974915
cross_Task-1,339,0.474523125
cross_Task-1,340,0.549712569
cross_Task-1,341,0.434609355
cross_Task-1,342,0.518879018
cross_Task-1,343,0.53168278
cross_Task-1,344,0.555330546
cross_Task-1,345,0.53769271
cross_Task-1,346,0.50921087
cross_Task-1,347,0.451463287
cross_Task-1,348,0.542330807
cross_Task-1,349,0.53671283
cross_Task-1,350,0.434413379
cross_Task-1,351,0.485367128
cross_Task-1,352,0.480141103
cross_Task-1,353,0.53671283
cross_Task-1,354,0.526064803
cross_Task-1,355,0.479357199
cross_Task-1,356,0.478965247
cross_Task-1,357,0.514436896
cross_Task-1,358,0.451855239
cross_Task-1,359,0.539652469
cross_Task-1,360,0.484975176
cross_Task-1,361,0.577410504
cross_Task-1,362,0.503004965
cross_Task-1,363,0.452051215
cross_Task-1,364,0.500653253
cross_Task-1,365,0.451071335
cross_Task-1,366,0.515416776
cross_Task-1,367,0.516984583
cross_Task-1,368,0.451659263
cross_Task-1,369,0.484387248
cross_Task-1,370,0.536124902
cross_Task-1,371,0.543898615
cross_Task-1,372,0.445061406
cross_Task-1,373,0.506663183
cross_Task-1,374,0.502417037
cross_Task-1,375,0.554742618
cross_Task-1,376,0.475698981
cross_Task-1,377,0.560360596
cross_Task-1,378,0.526848707
cross_Task-1,379,0.503200941
cross_Task-1,380,0.519662921
cross_Task-1,381,0.496995035
cross_Task-1,382,0.542722759
cross_Task-1,383,0.519858897
cross_Task-1,384,0.416971518
cross_Task-1,385,0.594852365
cross_Task-1,386,0.428795401
cross_Task-1,387,0.474719101
cross_Task-1,388,0.497778939
cross_Task-1,389,0.464071074
cross_Task-1,390,0.514436896
cross_Task-1,391,0.452639143
cross_Task-1,392,0.601450222
cross_Task-1,393,0.452443167
cross_Task-1,394,0.462895218
cross_Task-1,395,0.559968644
cross_Task-1,396,0.503200941
cross_Task-1,397,0.516919258
cross_Task-1,398,0.502025085
cross_Task-1,399,0.543114711
cross_Task-1,400,0.479749151
cross_Task-1,401,0.470081003
cross_Task-1,402,0.508818918
cross_Task-1,403,0.440423308
cross_Task-1,404,0.589038411
cross_Task-1,405,0.522210609
cross_Task-1,406,0.405931539
cross_Task-1,407,0.513848968
cross_Task-1,408,0.514044944
cross_Task-1,409,0.5611445
cross_Task-1,410,0.433825451
cross_Task-1,411,0.496995035
cross_Task-1,412,0.506663183
cross_Task-1,413,0.526456755
cross_Task-1,414,0.462111314
cross_Task-1,415,0.588450483
cross_Task-1,416,0.525084923
cross_Task-1,417,0.55415469
cross_Task-1,418,0.490397178
cross_Task-1,419,0.542526783
cross_Task-1,420,0.515024824
cross_Task-1,421,0.496995035
cross_Task-1,422,0.543506663
cross_Task-1,423,0.554742618
cross_Task-1,424,0.519858897
cross_Task-1,425,0.451071335
cross_Task-1,426,0.475111053
cross_Task-1,427,0.50921087
cross_Task-1,428,0.483603345
cross_Task-1,429,0.514436896
cross_Task-1,430,0.560752548
cross_Task-1,431,0.450875359
cross_Task-1,432,0.491573034
cross_Task-1,433,0.531878756
cross_Task-1,434,0.491573034
cross_Task-1,435,0.514828848
cross_Task-1,436,0.548340737
cross_Task-1,437,0.503200941
cross_Task-1,438,0.548928665
cross_Task-1,439,0.519074993
cross_Task-1,440,0.566370525
cross_Task-1,441,0.566566501
cross_Task-1,442,0.457473217
cross_Task-1,443,0.535928926
cross_Task-1,444,0.474523125
cross_Task-1,445,0.542526783
cross_Task-1,446,0.538672589
cross_Task-1,447,0.50921087
cross_Task-1,448,0.448784949
cross_Task-1,449,0.441403188
cross_Task-1,450,0.571204599
cross_Task-1,451,0.484191273
cross_Task-1,452,0.496603083
cross_Task-1,453,0.400509537
cross_Task-1,454,0.577214528
cross_Task-1,455,0.554742618
cross_Task-1,456,0.509014894
cross_Task-1,457,0.565978573
cross_Task-1,458,0.51424092
cross_Task-1,459,0.491181082
cross_Task-1,460,0.467925268
cross_Task-1,461,0.446237262
cross_Task-1,462,0.526848707
cross_Task-1,463,0.468121244
cross_Task-1,464,0.526064803
cross_Task-1,465,0.542918735
cross_Task-1,466,0.600862294
cross_Task-1,467,0.50418082
cross_Task-1,468,0.445453358
cross_Task-1,469,0.405343611
cross_Task-1,470,0.463091194
cross_Task-1,471,0.53671283
cross_Task-1,472,0.561340476
cross_Task-1,473,0.466749412
cross_Task-1,474,0.549908545
cross_Task-1,475,0.565978573
cross_Task-1,476,0.49581918
cross_Task-1,477,0.457669193
cross_Task-1,478,0.518879018
cross_Task-1,479,0.589430363
cross_Task-1,480,0.555330546
cross_Task-1,481,0.492160962
cross_Task-1,482,0.531486804
cross_Task-1,483,0.451071335
cross_Task-1,484,0.53266266
cross_Task-1,485,0.549320617
cross_Task-1,486,0.463679122
cross_Task-1,487,0.478181343
cross_Task-1,488,0.483799321
cross_Task-1,489,0.565782597
cross_Task-1,490,0.540175072
cross_Task-1,491,0.542918735
cross_Task-1,492,0.537300758
cross_Task-1,493,0.406127515
cross_Task-1,494,0.468513196
cross_Task-1,495,0.508818918
cross_Task-1,496,0.472171414
cross_Task-1,497,0.474327149
cross_Task-1,498,0.490593154
cross_Task-1,499,0.497191011
cross_Task-1,500,0.46733734
cross_Task-1,501,0.463679122
cross_Task-1,502,0.481120982
cross_Task-1,503,0.537888686
cross_Task-1,504,0.533250588
cross_Task-1,505,0.486347008
cross_Task-1,506,0.564998693
cross_Task-1,507,0.480141103
cross_Task-1,508,0.553958714
cross_Task-1,509,0.427423569
cross_Task-1,510,0.531486804
cross_Task-1,511,0.543898615
cross_Task-1,512,0.451463287
cross_Task-1,513,0.497778939
cross_Task-1,514,0.532270708
cross_Task-1,515,0.467533316
cross_Task-1,516,0.542330807
cross_Task-1,517,0.470668931
cross_Task-1,518,0.468709172
cross_Task-1,519,0.480337079
cross_Task-1,520,0.55513457
cross_Task-1,521,0.455905409
cross_Task-1,522,0.451659263
cross_Task-1,523,0.523321139
cross_Task-1,524,0.554938594
cross_Task-1,525,0.53769271
cross_Task-1,526,0.474523125
cross_Task-1,527,0.507251111
cross_Task-1,528,0.599490463
cross_Task-1,529,0.50921087
cross_Task-1,530,0.474523125
cross_Task-1,531,0.537496734
cross_Task-1,532,0.508622942
cross_Task-1,533,0.491181082
cross_Task-1,534,0.526848707
cross_Task-1,535,0.548144761
cross_Task-1,536,0.577802456
cross_Task-1,537,0.479749151
cross_Task-1,538,0.484191273
cross_Task-1,539,0.508622942
cross_Task-1,540,0.538280638
cross_Task-1,541,0.595636269
cross_Task-1,542,0.462699242
cross_Task-1,543,0.524496995
cross_Task-1,544,0.480337079
cross_Task-1,545,0.502808989
cross_Task-1,546,0.514436896
cross_Task-1,547,0.460151555
cross_Task-1,548,0.520838777
cross_Task-1,549,0.482884766
cross_Task-1,550,0.473739221
cross_Task-1,551,0.543310687
cross_Task-1,552,0.4847792
cross_Task-1,553,0.468709172
cross_Task-1,554,0.560752548
cross_Task-1,555,0.463483146
cross_Task-1,556,0.572380455
cross_Task-1,557,0.503004965
cross_Task-1,558,0.499869349
cross_Task-1,559,0.480337079
cross_Task-1,560,0.53769271
cross_Task-1,561,0.474327149
cross_Task-1,562,0.546772929
cross_Task-1,563,0.508818918
cross_Task-1,564,0.474719101
cross_Task-1,565,0.503984845
cross_Task-1,566,0.485563104
cross_Task-1,567,0.549712569
cross_Task-1,568,0.428599425
cross_Task-1,569,0.530898876
cross_Task-1,570,0.513652992
cross_Task-1,571,0.538084662
cross_Task-1,572,0.496603083
cross_Task-1,573,0.60105827
cross_Task-1,574,0.6070682
cross_Task-1,575,0.566370525
cross_Task-1,576,0.484583224
cross_Task-1,577,0.560752548
cross_Task-1,578,0.595048341
cross_Task-1,579,0.53671283
cross_Task-1,580,0.463091194
cross_Task-1,581,0.491573034
cross_Task-1,582,0.53168278
cross_Task-1,583,0.48575908
cross_Task-1,584,0.519662921
cross_Task-1,585,0.537300758
cross_Task-1,586,0.495231252
cross_Task-1,587,0.497778939
cross_Task-1,588,0.542918735
cross_Task-1,589,0.451855239
cross_Task-1,590,0.497974915
cross_Task-1,591,0.48575908
cross_Task-1,592,0.405539587
cross_Task-1,593,0.46733734
cross_Task-1,594,0.55513457
cross_Task-1,595,0.522602561
cross_Task-1,596,0.560556572
cross_Task-1,597,0.544290567
cross_Task-1,598,0.572184479
cross_Task-1,599,0.566566501
cross_Task-1,600,0.508622942
cross_Task-1,601,0.520054873
cross_Task-1,602,0.60007839
cross_Task-1,603,0.451463287
cross_Task-1,604,0.511889208
cross_Task-1,605,0.53769271
cross_Task-1,606,0.503592893
cross_Task-1,607,0.527240658
cross_Task-1,608,0.490985106
cross_Task-1,609,0.490005226
cross_Task-1,610,0.50921087
cross_Task-1,611,0.566566501
cross_Task-1,612,0.537888686
cross_Task-1,613,0.60608832
cross_Task-1,614,0.50823099
cross_Task-1,615,0.502808989
cross_Task-1,616,0.496799059
cross_Task-1,617,0.521034753
cross_Task-1,618,0.565586621
cross_Task-1,619,0.502417037
cross_Task-1,620,0.497191011
cross_Task-1,621,0.572184479
cross_Task-1,622,0.531878756
cross_Task-1,623,0.474719101
cross_Task-1,624,0.503004965
cross_Task-1,625,0.554938594
cross_Task-1,626,0.485955056
cross_Task-1,627,0.514632872
cross_Task-1,628,0.490397178
cross_Task-1,629,0.376665796
cross_Task-1,630,0.542330807
cross_Task-1,631,0.48575908
cross_Task-1,632,0.508426966
cross_Task-1,633,0.566174549
cross_Task-1,634,0.520250849
cross_Task-1,635,0.463091194
cross_Task-1,636,0.519858897
cross_Task-1,637,0.48575908
cross_Task-1,638,0.480337079
cross_Task-1,639,0.526064803
cross_Task-1,640,0.5152208
cross_Task-1,641,0.589038411
cross_Task-1,642,0.502417037
cross_Task-1,643,0.472759342
cross_Task-1,644,0.514436896
cross_Task-1,645,0.497582963
cross_Task-1,646,0.525280899
cross_Task-1,647,0.548732689
cross_Task-1,648,0.549320617
cross_Task-1,649,0.520642801
cross_Task-1,650,0.486542984
cross_Task-1,651,0.571204599
cross_Task-1,652,0.560948524
cross_Task-1,653,0.526652731
cross_Task-1,654,0.577802456
cross_Task-1,655,0.531878756
cross_Task-1,656,0.600470342
cross_Task-1,657,0.572772407
cross_Task-1,658,0.496603083
cross_Task-1,659,0.532270708
cross_Task-1,660,0.47236739
cross_Task-1,661,0.485563104
cross_Task-1,662,0.468513196
cross_Task-1,663,0.519662921
cross_Task-1,664,0.543506663
cross_Task-1,665,0.503788869
cross_Task-1,666,0.455905409
cross_Task-1,667,0.451463287
cross_Task-1,668,0.485563104
cross_Task-1,669,0.496799059
cross_Task-1,670,0.503788869
cross_Task-1,671,0.520838777
cross_Task-1,672,0.434413379
cross_Task-1,673,0.50823099
cross_Task-1,674,0.497582963
cross_Task-1,675,0.459237
cross_Task-1,676,0.519858897
cross_Task-1,677,0.49078913
cross_Task-1,678,0.606284296
cross_Task-1,679,0.473935197
cross_Task-1,680,0.488241442
cross_Task-1,681,0.535928926
cross_Task-1,682,0.502417037
cross_Task-1,683,0.480141103
cross_Task-1,684,0.508622942
cross_Task-1,685,0.503004965
cross_Task-1,686,0.532466684
cross_Task-1,687,0.53769271
cross_Task-1,688,0.50823099
cross_Task-1,689,0.491573034
cross_Task-1,690,0.584008362
cross_Task-1,691,0.544094591
cross_Task-1,692,0.433041547
cross_Task-1,693,0.480533055
cross_Task-1,694,0.502613013
cross_Task-1,695,0.532270708
cross_Task-1,696,0.525280899
cross_Task-1,697,0.554350666
cross_Task-1,698,0.473347269
cross_Task-1,699,0.566762477
cross_Task-1,700,0.486934936
cross_Task-1,701,0.507251111
cross_Task-1,702,0.538476614
cross_Task-1,703,0.497582963
cross_Task-1,704,0.462895218
cross_Task-1,705,0.450679383
cross_Task-1,706,0.593676509
cross_Task-1,707,0.529918997
cross_Task-1,708,0.42239352
cross_Task-1,709,0.565390645
cross_Task-1,710,0.520250849
cross_Task-1,711,0.5152208
cross_Task-1,712,0.502613013
cross_Task-1,713,0.520054873
cross_Task-1,714,0.509406846
cross_Task-1,715,0.508818918
cross_Task-1,716,0.451659263
cross_Task-1,717,0.513848968
cross_Task-1,718,0.51326104
cross_Task-1,719,0.435393258
cross_Task-1,720,0.502221061
cross_Task-1,721,0.526064803
cross_Task-1,722,0.520054873
cross_Task-1,723,0.510582702
cross_Task-1,724,0.524692971
cross_Task-1,725,0.473543245
cross_Task-1,726,0.43983538
cross_Task-1,727,0.495231252
cross_Task-1,728,0.451463287
cross_Task-1,729,0.485563104
cross_Task-1,730,0.537104782
cross_Task-1,731,0.497191011
cross_Task-1,732,0.554938594
cross_Task-1,733,0.485955056
cross_Task-1,734,0.560752548
cross_Task-1,735,0.538280638
cross_Task-1,736,0.58361641
cross_Task-1,737,0.445257382
cross_Task-1,738,0.479357199
cross_Task-1,739,0.548340737
cross_Task-1,740,0.543506663
cross_Task-1,741,0.520642801
cross_Task-1,742,0.537496734
cross_Task-1,743,0.50823099
cross_Task-1,744,0.485955056
cross_Task-1,745,0.457669193
cross_Task-1,746,0.492356938
cross_Task-1,747,0.388097727
cross_Task-1,748,0.537496734
cross_Task-1,749,0.480141103
cross_Task-1,750,0.51424092
cross_Task-1,751,0.468513196
cross_Task-1,752,0.490593154
cross_Task-1,753,0.526064803
cross_Task-1,754,0.521034753
cross_Task-1,755,0.490397178
cross_Task-1,756,0.506663183
cross_Task-1,757,0.577998432
cross_Task-1,758,0.537496734
cross_Task-1,759,0.513652992
cross_Task-1,760,0.577802456
cross_Task-1,761,0.428599425
cross_Task-1,762,0.422981448
cross_Task-1,763,0.503200941
cross_Task-1,764,0.538084662
cross_Task-1,765,0.508426966
cross_Task-1,766,0.492160962
cross_Task-1,767,0.46230729
cross_Task-1,768,0.526064803
cross_Task-1,769,0.538280638
cross_Task-1,770,0.577802456
cross_Task-1,771,0.503788869
cross_Task-1,772,0.507643062
cross_Task-1,773,0.433237523
cross_Task-1,774,0.572184479
cross_Task-1,775,0.446041286
cross_Task-1,776,0.490985106
cross_Task-1,777,0.457865169
cross_Task-1,778,0.55513457
cross_Task-1,779,0.515612752
cross_Task-1,780,0.501241181
cross_Task-1,781,0.457081265
cross_Task-1,782,0.427423569
cross_Task-1,783,0.479357199
cross_Task-1,784,0.542722759
cross_Task-1,785,0.479945127
cross_Task-1,786,0.438659524
cross_Task-1,787,0.512869088
cross_Task-1,788,0.538280638
cross_Task-1,789,0.565390645
cross_Task-1,790,0.543702639
cross_Task-1,791,0.483995297
cross_Task-1,792,0.600862294
cross_Task-1,793,0.566566501
cross_Task-1,794,0.543310687
cross_Task-1,795,0.480925007
cross_Task-1,796,0.491181082
cross_Task-1,797,0.583224458
cross_Task-1,798,0.475698981
cross_Task-1,799,0.509014894
cross_Task-1,800,0.532466684
cross_Task-1,801,0.480141103
cross_Task-1,802,0.529723021
cross_Task-1,803,0.525672851
cross_Task-1,804,0.495623204
cross_Task-1,805,0.490201202
cross_Task-1,806,0.402469297
cross_Task-1,807,0.530114973
cross_Task-1,808,0.571988503
cross_Task-1,809,0.509014894
cross_Task-1,810,0.457473217
cross_Task-1,811,0.491573034
cross_Task-1,812,0.451463287
cross_Task-1,813,0.542722759
cross_Task-1,814,0.584400314
cross_Task-1,815,0.571204599
cross_Task-1,816,0.447217141
cross_Task-1,817,0.559380716
cross_Task-1,818,0.441011236
cross_Task-1,819,0.468121244
cross_Task-1,820,0.501829109
cross_Task-1,821,0.553958714
cross_Task-1,822,0.445649334
cross_Task-1,823,0.498170891
cross_Task-1,824,0.483211393
cross_Task-1,825,0.474719101
cross_Task-1,826,0.472563366
cross_Task-1,827,0.48575908
cross_Task-1,828,0.46328717
cross_Task-1,829,0.474327149
cross_Task-1,830,0.484583224
cross_Task-1,831,0.549320617
cross_Task-1,832,0.485367128
cross_Task-1,833,0.480141103
cross_Task-1,834,0.474523125
cross_Task-1,835,0.548928665
cross_Task-1,836,0.582440554
cross_Task-1,837,0.519074993
cross_Task-1,838,0.53671283
cross_Task-1,839,0.600666318
cross_Task-1,840,0.461523386
cross_Task-1,841,0.50418082
cross_Task-1,842,0.50418082
cross_Task-1,843,0.513457016
cross_Task-1,844,0.456885289
cross_Task-1,845,0.554742618
cross_Task-1,846,0.515612752
cross_Task-1,847,0.520250849
cross_Task-1,848,0.560360596
cross_Task-1,849,0.556310426
cross_Task-1,850,0.491573034
cross_Task-1,851,0.46831722
cross_Task-1,852,0.451267311
cross_Task-1,853,0.39992161
cross_Task-1,854,0.560360596
cross_Task-1,855,0.492160962
cross_Task-1,856,0.53266266
cross_Task-1,857,0.542330807
cross_Task-1,858,0.487326888
cross_Task-1,859,0.463875098
cross_Task-1,860,0.50921087
cross_Task-1,861,0.491377058
cross_Task-1,862,0.468121244
cross_Task-1,863,0.496995035
cross_Task-1,864,0.515612752
cross_Task-1,865,0.492748889
cross_Task-1,866,0.487326888
cross_Task-1,867,0.508426966
cross_Task-1,868,0.491573034
cross_Task-1,869,0.474131173
cross_Task-1,870,0.507251111
cross_Task-1,871,0.508426966
cross_Task-1,872,0.478377319
cross_Task-1,873,0.416579566
cross_Task-1,874,0.572380455
cross_Task-1,875,0.514044944
cross_Task-1,876,0.584008362
cross_Task-1,877,0.549320617
cross_Task-1,878,0.462895218
cross_Task-1,879,0.571988503
cross_Task-1,880,0.440031356
cross_Task-1,881,0.491573034
cross_Task-1,882,0.53168278
cross_Task-1,883,0.473739221
cross_Task-1,884,0.485955056
cross_Task-1,885,0.53168278
cross_Task-1,886,0.532466684
cross_Task-1,887,0.502808989
cross_Task-1,888,0.473151293
cross_Task-1,889,0.547948785
cross_Task-1,890,0.526456755
cross_Task-1,891,0.53266266
cross_Task-1,892,0.523713091
cross_Task-1,893,0.456493337
cross_Task-1,894,0.520054873
cross_Task-1,895,0.474523125
cross_Task-1,896,0.571792527
cross_Task-1,897,0.462503266
cross_Task-1,898,0.509602822
cross_Task-1,899,0.531486804
cross_Task-1,900,0.508035014
cross_Task-1,901,0.440031356
cross_Task-1,902,0.577998432
cross_Task-1,903,0.461915338
cross_Task-1,904,0.524105043
cross_Task-1,905,0.498170891
cross_Task-1,906,0.554546642
cross_Task-1,907,0.484975176
cross_Task-1,908,0.490397178
cross_Task-1,909,0.526260779
cross_Task-1,910,0.491573034
cross_Task-1,911,0.545270447
cross_Task-1,912,0.419127254
cross_Task-1,913,0.554742618
cross_Task-1,914,0.480337079
cross_Task-1,915,0.462895218
cross_Task-1,916,0.50823099
cross_Task-1,917,0.515024824
cross_Task-1,918,0.508035014
cross_Task-1,919,0.571596551
cross_Task-1,920,0.514436896
cross_Task-1,921,0.549320617
cross_Task-1,922,0.537496734
cross_Task-1,923,0.474327149
cross_Task-1,924,0.468709172
cross_Task-1,925,0.554938594
cross_Task-1,926,0.583812386
cross_Task-1,927,0.506075255
cross_Task-1,928,0.565390645
cross_Task-1,929,0.496799059
cross_Task-1,930,0.508622942
cross_Task-1,931,0.524888947
cross_Task-1,932,0.544094591
cross_Task-1,933,0.451463287
cross_Task-1,934,0.463091194
cross_Task-1,935,0.526456755
cross_Task-1,936,0.508622942
cross_Task-1,937,0.566958453
cross_Task-1,938,0.520446825
cross_Task-1,939,0.46831722
cross_Task-1,940,0.507643062
cross_Task-1,941,0.498366867
cross_Task-1,942,0.481120982
cross_Task-1,943,0.508035014
cross_Task-1,944,0.532270708
cross_Task-1,945,0.50921087
cross_Task-1,946,0.450875359
cross_Task-1,947,0.542918735
cross_Task-1,948,0.549124641
cross_Task-1,949,0.460935459
cross_Task-1,950,0.482296838
cross_Task-1,951,0.473739221
cross_Task-1,952,0.503592893
cross_Task-1,953,0.452051215
cross_Task-1,954,0.502613013
cross_Task-1,955,0.537300758
cross_Task-1,956,0.520250849
cross_Task-1,957,0.462895218
cross_Task-1,958,0.515024824
cross_Task-1,959,0.456885289
cross_Task-1,960,0.468709172
cross_Task-1,961,0.462699242
cross_Task-1,962,0.53168278
cross_Task-1,963,0.475894957
cross_Task-1,964,0.451855239
cross_Task-1,965,0.532074732
cross_Task-1,966,0.532270708
cross_Task-1,967,0.46328717
cross_Task-1,968,0.578194408
cross_Task-1,969,0.50921087
cross_Task-1,970,0.479553175
cross_Task-1,971,0.478965247
cross_Task-1,972,0.531290828
cross_Task-1,973,0.549124641
cross_Task-1,974,0.496407107
cross_Task-1,975,0.441011236
cross_Task-1,976,0.474131173
cross_Task-1,977,0.42141364
cross_Task-1,978,0.548928665
cross_Task-1,979,0.502417037
cross_Task-1,980,0.531486804
cross_Task-1,981,0.513457016
cross_Task-1,982,0.577410504
cross_Task-1,983,0.469885027
cross_Task-1,984,0.513457016
cross_Task-1,985,0.478965247
cross_Task-1,986,0.456885289
cross_Task-1,987,0.519466945
cross_Task-1,988,0.513457016
cross_Task-1,989,0.457081265
cross_Task-1,990,0.553370787
cross_Task-1,991,0.525280899
cross_Task-1,992,0.507839038
cross_Task-1,993,0.48575908
cross_Task-1,994,0.4233734
cross_Task-1,995,0.549516593
cross_Task-1,996,0.575450745
cross_Task-1,997,0.503396917
cross_Task-1,998,0.589822315
cross_Task-1,999,0.589430363
cross_Task-1,1000,0.491377058
cross_Task-1,1001,0.433237523
cross_Task-1,1002,0.449895479
cross_Task-1,1003,0.467729292
cross_Task-1,1004,0.434217403
cross_Task-1,1005,0.44584531
cross_Task-1,1006,0.480925007
cross_Task-1,1007,0.508818918
cross_Task-1,1008,0.486151032
cross_Task-1,1009,0.589234387
cross_Task-1,1010,0.491181082
cross_Task-1,1011,0.474327149
cross_Task-1,1012,0.490593154
cross_Task-1,1013,0.526260779
cross_Task-1,1014,0.469493076
cross_Task-1,1015,0.525084923
cross_Task-1,1016,0.5152208
cross_Task-1,1017,0.555330546
cross_Task-1,1018,0.509406846
cross_Task-1,1019,0.456493337
cross_Task-1,1020,0.484191273
cross_Task-1,1021,0.450875359
cross_Task-1,1022,0.520446825
cross_Task-1,1023,0.49078913
cross_Task-1,1024,0.470276979
cross_Task-1,1025,0.450287431
cross_Task-1,1026,0.503592893
cross_Task-1,1027,0.548928665
cross_Task-1,1028,0.544094591
cross_Task-1,1029,0.50921087
cross_Task-1,1030,0.479161223
cross_Task-1,1031,0.593480533
cross_Task-1,1032,0.500065325
cross_Task-1,1033,0.41834335
cross_Task-1,1034,0.532466684
cross_Task-1,1035,0.486347008
cross_Task-1,1036,0.486934936
cross_Task-1,1037,0.485563104
cross_Task-1,1038,0.4692971
cross_Task-1,1039,0.577410504
cross_Task-1,1040,0.509014894
cross_Task-1,1041,0.554742618
cross_Task-1,1042,0.588842435
cross_Task-1,1043,0.519270969
cross_Task-1,1044,0.468709172
cross_Task-1,1045,0.549712569
cross_Task-1,1046,0.527044683
cross_Task-1,1047,0.449111576
cross_Task-1,1048,0.526260779
cross_Task-1,1049,0.538084662
cross_Task-1,1050,0.467533316
cross_Task-1,1051,0.549124641
cross_Task-1,1052,0.548732689
cross_Task-1,1053,0.513065064
cross_Task-1,1054,0.500849229
cross_Task-1,1055,0.463091194
cross_Task-1,1056,0.543898615
cross_Task-1,1057,0.480141103
cross_Task-1,1058,0.519662921
cross_Task-1,1059,0.498562843
cross_Task-1,1060,0.532466684
cross_Task-1,1061,0.537300758
cross_Task-1,1062,0.5152208
cross_Task-1,1063,0.480533055
cross_Task-1,1064,0.521230729
cross_Task-1,1065,0.450679383
cross_Task-1,1066,0.470472955
cross_Task-1,1067,0.576234649
cross_Task-1,1068,0.520838777
cross_Task-1,1069,0.577998432
cross_Task-1,1070,0.548732689
cross_Task-1,1071,0.525672851
cross_Task-1,1072,0.525280899
cross_Task-1,1073,0.531486804
cross_Task-1,1074,0.571400575
cross_Task-1,1075,0.480925007
cross_Task-1,1076,0.480925007
cross_Task-1,1077,0.445649334
cross_Task-1,1078,0.50823099
cross_Task-1,1079,0.486347008
cross_Task-1,1080,0.500653253
cross_Task-1,1081,0.479749151
cross_Task-1,1082,0.589234387
cross_Task-1,1083,0.515024824
cross_Task-1,1084,0.501241181
cross_Task-1,1085,0.452247191
cross_Task-1,1086,0.514044944
cross_Task-1,1087,0.467533316
cross_Task-1,1088,0.518487066
cross_Task-1,1089,0.49176901
cross_Task-1,1090,0.496015155
cross_Task-1,1091,0.536320878
cross_Task-1,1092,0.496407107
cross_Task-1,1093,0.479945127
cross_Task-1,1094,0.539652469
cross_Task-1,1095,0.554938594
cross_Task-1,1096,0.503788869
cross_Task-1,1097,0.520838777
cross_Task-1,1098,0.571792527
cross_Task-1,1099,0.527044683
cross_Task-1,1100,0.549516593
cross_Task-1,1101,0.485171152
cross_Task-1,1102,0.525868827
cross_Task-1,1103,0.538476614
cross_Task-1,1104,0.542918735
cross_Task-1,1105,0.513652992
cross_Task-1,1106,0.468905148
cross_Task-1,1107,0.503592893
cross_Task-1,1108,0.554742618
cross_Task-1,1109,0.49581918
cross_Task-1,1110,0.49176901
cross_Task-1,1111,0.485955056
cross_Task-1,1112,0.479945127
cross_Task-1,1113,0.600470342
cross_Task-1,1114,0.491573034
cross_Task-1,1115,0.484975176
cross_Task-1,1116,0.497386987
cross_Task-1,1117,0.46328717
cross_Task-1,1118,0.567154429
cross_Task-1,1119,0.457669193
cross_Task-1,1120,0.538280638
cross_Task-1,1121,0.468905148
cross_Task-1,1122,0.440227332
cross_Task-1,1123,0.521622681
cross_Task-1,1124,0.526848707
cross_Task-1,1125,0.452247191
cross_Task-1,1126,0.485367128
cross_Task-1,1127,0.48575908
cross_Task-1,1128,0.468709172
cross_Task-1,1129,0.53266266
cross_Task-1,1130,0.508622942
cross_Task-1,1131,0.504572772
cross_Task-1,1132,0.497191011
cross_Task-1,1133,0.433433499
cross_Task-1,1134,0.578390384
cross_Task-1,1135,0.450287431
cross_Task-1,1136,0.492552914
cross_Task-1,1137,0.445649334
cross_Task-1,1138,0.479749151
cross_Task-1,1139,0.46635746
cross_Task-1,1140,0.509406846
cross_Task-1,1141,0.520054873
cross_Task-1,1142,0.501045205
cross_Task-1,1143,0.423765351
cross_Task-1,1144,0.538280638
cross_Task-1,1145,0.474915077
cross_Task-1,1146,0.462895218
cross_Task-1,1147,0.485563104
cross_Task-1,1148,0.486151032
cross_Task-1,1149,0.560948524
cross_Task-1,1150,0.589430363
cross_Task-1,1151,0.46831722
cross_Task-1,1152,0.4692971
cross_Task-1,1153,0.526456755
cross_Task-1,1154,0.477201463
cross_Task-1,1155,0.480729031
cross_Task-1,1156,0.526260779
cross_Task-1,1157,0.407107395
cross_Task-1,1158,0.456885289
cross_Task-1,1159,0.526652731
cross_Task-1,1160,0.525672851
cross_Task-1,1161,0.553958714
cross_Task-1,1162,0.473347269
cross_Task-1,1163,0.512673112
cross_Task-1,1164,0.554742618
cross_Task-1,1165,0.479749151
cross_Task-1,1166,0.537496734
cross_Task-1,1167,0.530898876
cross_Task-1,1168,0.509602822
cross_Task-1,1169,0.526652731
cross_Task-1,1170,0.463091194
cross_Task-1,1171,0.474719101
cross_Task-1,1172,0.483407369
cross_Task-1,1173,0.548732689
cross_Task-1,1174,0.478769271
cross_Task-1,1175,0.519270969
cross_Task-1,1176,0.462699242
cross_Task-1,1177,0.49176901
cross_Task-1,1178,0.474523125
cross_Task-1,1179,0.532074732
cross_Task-1,1180,0.55513457
cross_Task-1,1181,0.50823099
cross_Task-1,1182,0.445649334
cross_Task-1,1183,0.478769271
cross_Task-1,1184,0.595048341
cross_Task-1,1185,0.55513457
cross_Task-1,1186,0.482100862
cross_Task-1,1187,0.514828848
cross_Task-1,1188,0.480141103
cross_Task-1,1189,0.548536713
cross_Task-1,1190,0.473739221
cross_Task-1,1191,0.474327149
cross_Task-1,1192,0.474523125
cross_Task-1,1193,0.566174549
cross_Task-1,1194,0.462503266
cross_Task-1,1195,0.525084923
cross_Task-1,1196,0.491573034
cross_Task-1,1197,0.462699242
cross_Task-1,1198,0.491573034
cross_Task-1,1199,0.600274366
cross_Task-1,1200,0.480729031
cross_Task-1,1201,0.452639143
cross_Task-1,1202,0.445453358
cross_Task-1,1203,0.454925529
cross_Task-1,1204,0.44179514
cross_Task-1,1205,0.507643062
cross_Task-1,1206,0.474915077
cross_Task-1,1207,0.48575908
cross_Task-1,1208,0.577802456
cross_Task-1,1209,0.455709433
cross_Task-1,1210,0.544682519
cross_Task-1,1211,0.51424092
cross_Task-1,1212,0.525868827
cross_Task-1,1213,0.50418082
cross_Task-1,1214,0.493140841
cross_Task-1,1215,0.469689051
cross_Task-1,1216,0.5152208
cross_Task-1,1217,0.49078913
cross_Task-1,1218,0.456885289
cross_Task-1,1219,0.451659263
cross_Task-1,1220,0.526652731
cross_Task-1,1221,0.49176901
cross_Task-1,1222,0.497386987
cross_Task-1,1223,0.461131435
cross_Task-1,1224,0.502613013
cross_Task-1,1225,0.549712569
cross_Task-1,1226,0.531094852
cross_Task-1,1227,0.517703162
cross_Task-1,1228,0.51326104
cross_Task-1,1229,0.461719362
cross_Task-1,1230,0.53978312
cross_Task-1,1231,0.508035014
cross_Task-1,1232,0.526652731
cross_Task-1,1233,0.503984845
cross_Task-1,1234,0.463091194
cross_Task-1,1235,0.49078913
cross_Task-1,1236,0.541938856
cross_Task-1,1237,0.503592893
cross_Task-1,1238,0.44584531
cross_Task-1,1239,0.577018552
cross_Task-1,1240,0.516788607
cross_Task-1,1241,0.468709172
cross_Task-1,1242,0.469101124
cross_Task-1,1243,0.577018552
cross_Task-1,1244,0.479357199
cross_Task-1,1245,0.520250849
cross_Task-1,1246,0.531486804
cross_Task-1,1247,0.536320878
cross_Task-1,1248,0.566958453
cross_Task-1,1249,0.472563366
cross_Task-1,1250,0.526652731
cross_Task-1,1251,0.521622681
cross_Task-1,1252,0.486542984
cross_Task-1,1253,0.479945127
cross_Task-1,1254,0.496211131
cross_Task-1,1255,0.486542984
cross_Task-1,1256,0.492160962
cross_Task-1,1257,0.507643062
cross_Task-1,1258,0.495623204
cross_Task-1,1259,0.479161223
cross_Task-1,1260,0.491573034
cross_Task-1,1261,0.468905148
cross_Task-1,1262,0.485367128
cross_Task-1,1263,0.549712569
cross_Task-1,1264,0.532074732
cross_Task-1,1265,0.468905148
cross_Task-1,1266,0.623138228
cross_Task-1,1267,0.515024824
cross_Task-1,1268,0.55415469
cross_Task-1,1269,0.444669454
cross_Task-1,1270,0.434217403
cross_Task-1,1271,0.537888686
cross_Task-1,1272,0.524301019
cross_Task-1,1273,0.446825189
cross_Task-1,1274,0.548340737
cross_Task-1,1275,0.522210609
cross_Task-1,1276,0.49176901
cross_Task-1,1277,0.481512934
cross_Task-1,1278,0.542722759
cross_Task-1,1279,0.521818657
cross_Task-1,1280,0.502808989
cross_Task-1,1281,0.503788869
cross_Task-1,1282,0.542330807
cross_Task-1,1283,0.606284296
cross_Task-1,1284,0.486542984
cross_Task-1,1285,0.480141103
cross_Task-1,1286,0.559772668
cross_Task-1,1287,0.577018552
cross_Task-1,1288,0.497386987
cross_Task-1,1289,0.541546904
cross_Task-1,1290,0.456885289
cross_Task-1,1291,0.496015155
cross_Task-1,1292,0.548928665
cross_Task-1,1293,0.53769271
cross_Task-1,1294,0.560948524
cross_Task-1,1295,0.437091717
cross_Task-1,1296,0.542722759
cross_Task-1,1297,0.543702639
cross_Task-1,1298,0.51424092
cross_Task-1,1299,0.460020904
cross_Task-1,1300,0.501437157
cross_Task-1,1301,0.516396655
cross_Task-1,1302,0.509014894
cross_Task-1,1303,0.486151032
cross_Task-1,1304,0.462111314
cross_Task-1,1305,0.537888686
cross_Task-1,1306,0.491181082
cross_Task-1,1307,0.537496734
cross_Task-1,1308,0.457081265
cross_Task-1,1309,0.447805069
cross_Task-1,1310,0.572184479
cross_Task-1,1311,0.450287431
cross_Task-1,1312,0.549124641
cross_Task-1,1313,0.605892344
cross_Task-1,1314,0.502025085
cross_Task-1,1315,0.477397439
cross_Task-1,1316,0.514632872
cross_Task-1,1317,0.555526522
cross_Task-1,1318,0.474915077
cross_Task-1,1319,0.485563104
cross_Task-1,1320,0.507839038
cross_Task-1,1321,0.565978573
cross_Task-1,1322,0.526848707
cross_Task-1,1323,0.507643062
cross_Task-1,1324,0.486151032
cross_Task-1,1325,0.496211131
cross_Task-1,1326,0.548536713
cross_Task-1,1327,0.474915077
cross_Task-1,1328,0.543114711
cross_Task-1,1329,0.526064803
cross_Task-1,1330,0.497191011
cross_Task-1,1331,0.56016462
cross_Task-1,1332,0.548928665
cross_Task-1,1333,0.520838777
cross_Task-1,1334,0.456101385
cross_Task-1,1335,0.497191011
cross_Task-1,1336,0.474327149
cross_Task-1,1337,0.497582963
cross_Task-1,1338,0.468709172
cross_Task-1,1339,0.524301019
cross_Task-1,1340,0.577802456
cross_Task-1,1341,0.4692971
cross_Task-1,1342,0.496799059
cross_Task-1,1343,0.519662921
cross_Task-1,1344,0.474327149
cross_Task-1,1345,0.629344134
cross_Task-1,1346,0.455905409
cross_Task-1,1347,0.479945127
cross_Task-1,1348,0.519662921
cross_Task-1,1349,0.536516854
cross_Task-1,1350,0.525672851
cross_Task-1,1351,0.50823099
cross_Task-1,1352,0.514436896
cross_Task-1,1353,0.496799059
cross_Task-1,1354,0.439639404
cross_Task-1,1355,0.504768748
cross_Task-1,1356,0.400313562
cross_Task-1,1357,0.594852365
cross_Task-1,1358,0.503592893
cross_Task-1,1359,0.428207473
cross_Task-1,1360,0.537104782
cross_Task-1,1361,0.543898615
cross_Task-1,1362,0.497386987
cross_Task-1,1363,0.589234387
cross_Task-1,1364,0.6225503
cross_Task-1,1365,0.525868827
cross_Task-1,1366,0.509994774
cross_Task-1,1367,0.595048341
cross_Task-1,1368,0.446237262
cross_Task-1,1369,0.446041286
cross_Task-1,1370,0.516200679
cross_Task-1,1371,0.514436896
cross_Task-1,1372,0.519466945
cross_Task-1,1373,0.454141625
cross_Task-1,1374,0.456689313
cross_Task-1,1375,0.475698981
cross_Task-1,1376,0.513652992
cross_Task-1,1377,0.473347269
cross_Task-1,1378,0.520642801
cross_Task-1,1379,0.507839038
cross_Task-1,1380,0.519858897
cross_Task-1,1381,0.490201202
cross_Task-1,1382,0.509798798
cross_Task-1,1383,0.451463287
cross_Task-1,1384,0.463875098
cross_Task-1,1385,0.531094852
cross_Task-1,1386,0.498562843
cross_Task-1,1387,0.611902273
cross_Task-1,1388,0.543898615
cross_Task-1,1389,0.519662921
cross_Task-1,1390,0.491573034
cross_Task-1,1391,0.492748889
cross_Task-1,1392,0.519662921
cross_Task-1,1393,0.490005226
cross_Task-1,1394,0.463679122
cross_Task-1,1395,0.502808989
cross_Task-1,1396,0.543702639
cross_Task-1,1397,0.46831722
cross_Task-1,1398,0.549124641
cross_Task-1,1399,0.618108179
cross_Task-1,1400,0.53769271
cross_Task-1,1401,0.485955056
cross_Task-1,1402,0.443689574
cross_Task-1,1403,0.503788869
cross_Task-1,1404,0.496799059
cross_Task-1,1405,0.497582963
cross_Task-1,1406,0.502613013
cross_Task-1,1407,0.485955056
cross_Task-1,1408,0.600470342
cross_Task-1,1409,0.55415469
cross_Task-1,1410,0.440031356
cross_Task-1,1411,0.566370525
cross_Task-1,1412,0.617716227
cross_Task-1,1413,0.479945127
cross_Task-1,1414,0.495427228
cross_Task-1,1415,0.464071074
cross_Task-1,1416,0.450287431
cross_Task-1,1417,0.513652992
cross_Task-1,1418,0.552978835
cross_Task-1,1419,0.44584531
cross_Task-1,1420,0.520446825
cross_Task-1,1421,0.474327149
cross_Task-1,1422,0.503396917
cross_Task-1,1423,0.433237523
cross_Task-1,1424,0.501241181
cross_Task-1,1425,0.468905148
cross_Task-1,1426,0.480141103
cross_Task-1,1427,0.555330546
cross_Task-1,1428,0.566566501
cross_Task-1,1429,0.535928926
cross_Task-1,1430,0.547360857
cross_Task-1,1431,0.520054873
cross_Task-1,1432,0.474327149
cross_Task-1,1433,0.490397178
cross_Task-1,1434,0.509014894
cross_Task-1,1435,0.509014894
cross_Task-1,1436,0.509014894
cross_Task-1,1437,0.530310949
cross_Task-1,1438,0.475307029
cross_Task-1,1439,0.513457016
cross_Task-1,1440,0.492160962
cross_Task-1,1441,0.540763
cross_Task-1,1442,0.502221061
cross_Task-1,1443,0.468905148
cross_Task-1,1444,0.503396917
cross_Task-1,1445,0.462111314
cross_Task-1,1446,0.496799059
cross_Task-1,1447,0.508426966
cross_Task-1,1448,0.460347531
cross_Task-1,1449,0.474523125
cross_Task-1,1450,0.450483407
cross_Task-1,1451,0.532270708
cross_Task-1,1452,0.525476875
cross_Task-1,1453,0.525476875
cross_Task-1,1454,0.503788869
cross_Task-1,1455,0.570420695
cross_Task-1,1456,0.440031356
cross_Task-1,1457,0.524496995
cross_Task-1,1458,0.555330546
cross_Task-1,1459,0.531486804
cross_Task-1,1460,0.572184479
cross_Task-1,1461,0.523909067
cross_Task-1,1462,0.542526783
cross_Task-1,1463,0.507839038
cross_Task-1,1464,0.543702639
cross_Task-1,1465,0.469101124
cross_Task-1,1466,0.497191011
cross_Task-1,1467,0.422001568
cross_Task-1,1468,0.548144761
cross_Task-1,1469,0.556506402
cross_Task-1,1470,0.473151293
cross_Task-1,1471,0.531486804
cross_Task-1,1472,0.457081265
cross_Task-1,1473,0.492160962
cross_Task-1,1474,0.457081265
cross_Task-1,1475,0.48673896
cross_Task-1,1476,0.50823099
cross_Task-1,1477,0.577018552
cross_Task-1,1478,0.474719101
cross_Task-1,1479,0.467533316
cross_Task-1,1480,0.457277241
cross_Task-1,1481,0.496799059
cross_Task-1,1482,0.616932323
cross_Task-1,1483,0.612098249
cross_Task-1,1484,0.565978573
cross_Task-1,1485,0.473935197
cross_Task-1,1486,0.544094591
cross_Task-1,1487,0.520054873
cross_Task-1,1488,0.577998432
cross_Task-1,1489,0.513652992
cross_Task-1,1490,0.49078913
cross_Task-1,1491,0.543114711
cross_Task-1,1492,0.493140841
cross_Task-1,1493,0.532466684
cross_Task-1,1494,0.474915077
cross_Task-1,1495,0.562320355
cross_Task-1,1496,0.571792527
cross_Task-1,1497,0.508622942
cross_Task-1,1498,0.521426705
cross_Task-1,1499,0.474131173
cross_Task-1,1500,0.477985367
cross_Task-1,1501,0.537888686
cross_Task-1,1502,0.588842435
cross_Task-1,1503,0.566370525
cross_Task-1,1504,0.491573034
cross_Task-1,1505,0.53573295
cross_Task-1,1506,0.513848968
cross_Task-1,1507,0.462699242
cross_Task-1,1508,0.536124902
cross_Task-1,1509,0.485171152
cross_Task-1,1510,0.508426966
cross_Task-1,1511,0.46230729
cross_Task-1,1512,0.530114973
cross_Task-1,1513,0.478965247
cross_Task-1,1514,0.48980925
cross_Task-1,1515,0.496211131
cross_Task-1,1516,0.519074993
cross_Task-1,1517,0.524301019
cross_Task-1,1518,0.554742618
cross_Task-1,1519,0.422981448
cross_Task-1,1520,0.491181082
cross_Task-1,1521,0.509406846
cross_Task-1,1522,0.523909067
cross_Task-1,1523,0.485563104
cross_Task-1,1524,0.410765613
cross_Task-1,1525,0.49078913
cross_Task-1,1526,0.571596551
cross_Task-1,1527,0.543114711
cross_Task-1,1528,0.422001568
cross_Task-1,1529,0.507643062
cross_Task-1,1530,0.571596551
cross_Task-1,1531,0.514044944
cross_Task-1,1532,0.566174549
cross_Task-1,1533,0.501241181
cross_Task-1,1534,0.538084662
cross_Task-1,1535,0.478769271
cross_Task-1,1536,0.506467207
cross_Task-1,1537,0.417167494
cross_Task-1,1538,0.492356938
cross_Task-1,1539,0.485955056
cross_Task-1,1540,0.529918997
cross_Task-1,1541,0.542918735
cross_Task-1,1542,0.492356938
cross_Task-1,1543,0.508622942
cross_Task-1,1544,0.519466945
cross_Task-1,1545,0.48575908
cross_Task-1,1546,0.501633133
cross_Task-1,1547,0.473151293
cross_Task-1,1548,0.445453358
cross_Task-1,1549,0.496407107
cross_Task-1,1550,0.526652731
cross_Task-1,1551,0.547752809
cross_Task-1,1552,0.520642801
cross_Task-1,1553,0.451071335
cross_Task-1,1554,0.513848968
cross_Task-1,1555,0.497191011
cross_Task-1,1556,0.513848968
cross_Task-1,1557,0.539652469
cross_Task-1,1558,0.526456755
cross_Task-1,1559,0.484387248
cross_Task-1,1560,0.513848968
cross_Task-1,1561,0.48575908
cross_Task-1,1562,0.492160962
cross_Task-1,1563,0.468709172
cross_Task-1,1564,0.540567024
cross_Task-1,1565,0.5611445
cross_Task-1,1566,0.474327149
cross_Task-1,1567,0.503592893
cross_Task-1,1568,0.463091194
cross_Task-1,1569,0.537300758
cross_Task-1,1570,0.455513457
cross_Task-1,1571,0.473739221
cross_Task-1,1572,0.552586883
cross_Task-1,1573,0.508818918
cross_Task-1,1574,0.515612752
cross_Task-1,1575,0.561536452
cross_Task-1,1576,0.554938594
cross_Task-1,1577,0.495231252
cross_Task-1,1578,0.571596551
cross_Task-1,1579,0.48771884
cross_Task-1,1580,0.566958453
cross_Task-1,1581,0.508818918
cross_Task-1,1582,0.485171152
cross_Task-1,1583,0.525280899
cross_Task-1,1584,0.515024824
cross_Task-1,1585,0.572380455
cross_Task-1,1586,0.462699242
cross_Task-1,1587,0.496407107
cross_Task-1,1588,0.457277241
cross_Task-1,1589,0.503396917
cross_Task-1,1590,0.45825712
cross_Task-1,1591,0.525868827
cross_Task-1,1592,0.490201202
cross_Task-1,1593,0.531094852
cross_Task-1,1594,0.578194408
cross_Task-1,1595,0.526652731
cross_Task-1,1596,0.485563104
cross_Task-1,1597,0.520054873
cross_Task-1,1598,0.490593154
cross_Task-1,1599,0.519270969
cross_Task-1,1600,0.573164359
cross_Task-1,1601,0.547948785
cross_Task-1,1602,0.482819441
cross_Task-1,1603,0.549908545
cross_Task-1,1604,0.548536713
cross_Task-1,1605,0.541938856
cross_Task-1,1606,0.515024824
cross_Task-1,1607,0.515416776
cross_Task-1,1608,0.479553175
cross_Task-1,1609,0.519858897
cross_Task-1,1610,0.56016462
cross_Task-1,1611,0.484583224
cross_Task-1,1612,0.589626339
cross_Task-1,1613,0.49176901
cross_Task-1,1614,0.547948785
cross_Task-1,1615,0.475894957
cross_Task-1,1616,0.468121244
cross_Task-1,1617,0.583028482
cross_Task-1,1618,0.509014894
cross_Task-1,1619,0.508426966
cross_Task-1,1620,0.461719362
cross_Task-1,1621,0.508818918
cross_Task-1,1622,0.518487066
cross_Task-1,1623,0.572184479
cross_Task-1,1624,0.508622942
cross_Task-1,1625,0.515612752
cross_Task-1,1626,0.503788869
cross_Task-1,1627,0.460543507
cross_Task-1,1628,0.543702639
cross_Task-1,1629,0.5611445
cross_Task-1,1630,0.496995035
cross_Task-1,1631,0.571792527
cross_Task-1,1632,0.55513457
cross_Task-1,1633,0.526064803
cross_Task-1,1634,0.497778939
cross_Task-1,1635,0.468709172
cross_Task-1,1636,0.50921087
cross_Task-1,1637,0.53168278
cross_Task-1,1638,0.473935197
cross_Task-1,1639,0.526456755
cross_Task-1,1640,0.515024824
cross_Task-1,1641,0.462699242
cross_Task-1,1642,0.503004965
cross_Task-1,1643,0.483799321
cross_Task-1,1644,0.543310687
cross_Task-1,1645,0.451855239
cross_Task-1,1646,0.491573034
cross_Task-1,1647,0.508818918
cross_Task-1,1648,0.558008884
cross_Task-1,1649,0.468513196
cross_Task-1,1650,0.532858636
cross_Task-1,1651,0.570812647
cross_Task-1,1652,0.525672851
cross_Task-1,1653,0.595244317
cross_Task-1,1654,0.457865169
cross_Task-1,1655,0.496799059
cross_Task-1,1656,0.499934675
cross_Task-1,1657,0.480141103
cross_Task-1,1658,0.411941469
cross_Task-1,1659,0.405343611
cross_Task-1,1660,0.508426966
cross_Task-1,1661,0.560948524
cross_Task-1,1662,0.479945127
cross_Task-1,1663,0.502025085
cross_Task-1,1664,0.503004965
cross_Task-1,1665,0.508818918
cross_Task-1,1666,0.497191011
cross_Task-1,1667,0.486347008
cross_Task-1,1668,0.502808989
cross_Task-1,1669,0.484975176
cross_Task-1,1670,0.526064803
cross_Task-1,1671,0.548928665
cross_Task-1,1672,0.607264176
cross_Task-1,1673,0.472955317
cross_Task-1,1674,0.399137706
cross_Task-1,1675,0.547752809
cross_Task-1,1676,0.537496734
cross_Task-1,1677,0.583420434
cross_Task-1,1678,0.503004965
cross_Task-1,1679,0.508622942
cross_Task-1,1680,0.509994774
cross_Task-1,1681,0.560948524
cross_Task-1,1682,0.490005226
cross_Task-1,1683,0.405735563
cross_Task-1,1684,0.48673896
cross_Task-1,1685,0.548928665
cross_Task-1,1686,0.473739221
cross_Task-1,1687,0.525084923
cross_Task-1,1688,0.462895218
cross_Task-1,1689,0.473739221
cross_Task-1,1690,0.578194408
cross_Task-1,1691,0.524301019
cross_Task-1,1692,0.474523125
cross_Task-1,1693,0.588254507
cross_Task-1,1694,0.537300758
cross_Task-1,1695,0.456885289
cross_Task-1,1696,0.5152208
cross_Task-1,1697,0.513848968
cross_Task-1,1698,0.490593154
cross_Task-1,1699,0.577998432
cross_Task-1,1700,0.514436896
cross_Task-1,1701,0.469493076
cross_Task-1,1702,0.55513457
cross_Task-1,1703,0.462503266
cross_Task-1,1704,0.572576431
cross_Task-1,1705,0.497974915
cross_Task-1,1706,0.463679122
cross_Task-1,1707,0.56421479
cross_Task-1,1708,0.54174288
cross_Task-1,1709,0.439639404
cross_Task-1,1710,0.525476875
cross_Task-1,1711,0.468121244
cross_Task-1,1712,0.429187353
cross_Task-1,1713,0.532858636
cross_Task-1,1714,0.566370525
cross_Task-1,1715,0.496995035
cross_Task-1,1716,0.531878756
cross_Task-1,1717,0.503984845
cross_Task-1,1718,0.519074993
cross_Task-1,1719,0.537888686
cross_Task-1,1720,0.451463287
cross_Task-1,1721,0.525280899
cross_Task-1,1722,0.509014894
cross_Task-1,1723,0.584400314
cross_Task-1,1724,0.491573034
cross_Task-1,1725,0.515416776
cross_Task-1,1726,0.462699242
cross_Task-1,1727,0.526064803
cross_Task-1,1728,0.520642801
cross_Task-1,1729,0.48673896
cross_Task-1,1730,0.560752548
cross_Task-1,1731,0.502417037
cross_Task-1,1732,0.521426705
cross_Task-1,1733,0.48575908
cross_Task-1,1734,0.583420434
cross_Task-1,1735,0.566174549
cross_Task-1,1736,0.546185001
cross_Task-1,1737,0.543506663
cross_Task-1,1738,0.503396917
cross_Task-1,1739,0.46230729
cross_Task-1,1740,0.555330546
cross_Task-1,1741,0.485563104
cross_Task-1,1742,0.435589234
cross_Task-1,1743,0.540763
cross_Task-1,1744,0.527044683
cross_Task-1,1745,0.463679122
cross_Task-1,1746,0.480533055
cross_Task-1,1747,0.53769271
cross_Task-1,1748,0.490593154
cross_Task-1,1749,0.428011497
cross_Task-1,1750,0.542722759
cross_Task-1,1751,0.520446825
cross_Task-1,1752,0.497778939
cross_Task-1,1753,0.543898615
cross_Task-1,1754,0.559772668
cross_Task-1,1755,0.496211131
cross_Task-1,1756,0.480533055
cross_Task-1,1757,0.537496734
cross_Task-1,1758,0.502417037
cross_Task-1,1759,0.531290828
cross_Task-1,1760,0.54174288
cross_Task-1,1761,0.55513457
cross_Task-1,1762,0.473935197
cross_Task-1,1763,0.525672851
cross_Task-1,1764,0.445649334
cross_Task-1,1765,0.549516593
cross_Task-1,1766,0.526652731
cross_Task-1,1767,0.519466945
cross_Task-1,1768,0.555526522
cross_Task-1,1769,0.497386987
cross_Task-1,1770,0.566370525
cross_Task-1,1771,0.496407107
cross_Task-1,1772,0.515024824
cross_Task-1,1773,0.474719101
cross_Task-1,1774,0.497191011
cross_Task-1,1775,0.554350666
cross_Task-1,1776,0.502221061
cross_Task-1,1777,0.491573034
cross_Task-1,1778,0.479553175
cross_Task-1,1779,0.485171152
cross_Task-1,1780,0.565782597
cross_Task-1,1781,0.474915077
cross_Task-1,1782,0.529723021
cross_Task-1,1783,0.518095114
cross_Task-1,1784,0.541350928
cross_Task-1,1785,0.433041547
cross_Task-1,1786,0.542918735
cross_Task-1,1787,0.489613274
cross_Task-1,1788,0.594852365
cross_Task-1,1789,0.577410504
cross_Task-1,1790,0.428599425
cross_Task-1,1791,0.440423308
cross_Task-1,1792,0.548144761
cross_Task-1,1793,0.486151032
cross_Task-1,1794,0.478769271
cross_Task-1,1795,0.524692971
cross_Task-1,1796,0.434805331
cross_Task-1,1797,0.569440815
cross_Task-1,1798,0.485171152
cross_Task-1,1799,0.501829109
cross_Task-1,1800,0.44584531
cross_Task-1,1801,0.577802456
cross_Task-1,1802,0.578194408
cross_Task-1,1803,0.421609616
cross_Task-1,1804,0.499542723
cross_Task-1,1805,0.539456493
cross_Task-1,1806,0.589038411
cross_Task-1,1807,0.543898615
cross_Task-1,1808,0.446825189
cross_Task-1,1809,0.44584531
cross_Task-1,1810,0.570616671
cross_Task-1,1811,0.508035014
cross_Task-1,1812,0.496799059
cross_Task-1,1813,0.549516593
cross_Task-1,1814,0.468905148
cross_Task-1,1815,0.548732689
cross_Task-1,1816,0.5307029
cross_Task-1,1817,0.509014894
cross_Task-1,1818,0.446433238
cross_Task-1,1819,0.50823099
cross_Task-1,1820,0.474327149
cross_Task-1,1821,0.423569375
cross_Task-1,1822,0.497778939
cross_Task-1,1823,0.486347008
cross_Task-1,1824,0.474523125
cross_Task-1,1825,0.447021165
cross_Task-1,1826,0.50921087
cross_Task-1,1827,0.464659002
cross_Task-1,1828,0.606284296
cross_Task-1,1829,0.479945127
cross_Task-1,1830,0.520446825
cross_Task-1,1831,0.427815521
cross_Task-1,1832,0.600666318
cross_Task-1,1833,0.525476875
cross_Task-1,1834,0.53573295
cross_Task-1,1835,0.526848707
cross_Task-1,1836,0.549516593
cross_Task-1,1837,0.53266266
cross_Task-1,1838,0.583812386
cross_Task-1,1839,0.491573034
cross_Task-1,1840,0.5307029
cross_Task-1,1841,0.543310687
cross_Task-1,1842,0.515024824
cross_Task-1,1843,0.497778939
cross_Task-1,1844,0.496995035
cross_Task-1,1845,0.58361641
cross_Task-1,1846,0.53671283
cross_Task-1,1847,0.560556572
cross_Task-1,1848,0.541546904
cross_Task-1,1849,0.484191273
cross_Task-1,1850,0.457473217
cross_Task-1,1851,0.514436896
cross_Task-1,1852,0.543506663
cross_Task-1,1853,0.520250849
cross_Task-1,1854,0.543702639
cross_Task-1,1855,0.495231252
cross_Task-1,1856,0.547164881
cross_Task-1,1857,0.497191011
cross_Task-1,1858,0.502808989
cross_Task-1,1859,0.501437157
cross_Task-1,1860,0.554742618
cross_Task-1,1861,0.513065064
cross_Task-1,1862,0.513848968
cross_Task-1,1863,0.423177424
cross_Task-1,1864,0.542330807
cross_Task-1,1865,0.456689313
cross_Task-1,1866,0.496603083
cross_Task-1,1867,0.496995035
cross_Task-1,1868,0.474131173
cross_Task-1,1869,0.540763
cross_Task-1,1870,0.48575908
cross_Task-1,1871,0.490005226
cross_Task-1,1872,0.593676509
cross_Task-1,1873,0.497778939
cross_Task-1,1874,0.414815783
cross_Task-1,1875,0.566762477
cross_Task-1,1876,0.422589496
cross_Task-1,1877,0.501633133
cross_Task-1,1878,0.456885289
cross_Task-1,1879,0.473543245
cross_Task-1,1880,0.424157303
cross_Task-1,1881,0.513652992
cross_Task-1,1882,0.50418082
cross_Task-1,1883,0.410373661
cross_Task-1,1884,0.404951659
cross_Task-1,1885,0.524692971
cross_Task-1,1886,0.487130912
cross_Task-1,1887,0.519858897
cross_Task-1,1888,0.485955056
cross_Task-1,1889,0.525280899
cross_Task-1,1890,0.560752548
cross_Task-1,1891,0.502613013
cross_Task-1,1892,0.532858636
cross_Task-1,1893,0.434805331
cross_Task-1,1894,0.502808989
cross_Task-1,1895,0.485367128
cross_Task-1,1896,0.565194669
cross_Task-1,1897,0.437483669
cross_Task-1,1898,0.473543245
cross_Task-1,1899,0.476090933
cross_Task-1,1900,0.537300758
cross_Task-1,1901,0.411745493
cross_Task-1,1902,0.503004965
cross_Task-1,1903,0.464659002
cross_Task-1,1904,0.513848968
cross_Task-1,1905,0.479945127
cross_Task-1,1906,0.492160962
cross_Task-1,1907,0.480729031
cross_Task-1,1908,0.479749151
cross_Task-1,1909,0.479161223
cross_Task-1,1910,0.503004965
cross_Task-1,1911,0.536908806
cross_Task-1,1912,0.50418082
cross_Task-1,1913,0.583028482
cross_Task-1,1914,0.479749151
cross_Task-1,1915,0.479553175
cross_Task-1,1916,0.560752548
cross_Task-1,1917,0.513652992
cross_Task-1,1918,0.605696368
cross_Task-1,1919,0.467533316
cross_Task-1,1920,0.456101385
cross_Task-1,1921,0.519858897
cross_Task-1,1922,0.474131173
cross_Task-1,1923,0.552586883
cross_Task-1,1924,0.479945127
cross_Task-1,1925,0.491377058
cross_Task-1,1926,0.449895479
cross_Task-1,1927,0.583812386
cross_Task-1,1928,0.49581918
cross_Task-1,1929,0.513848968
cross_Task-1,1930,0.478181343
cross_Task-1,1931,0.50823099
cross_Task-1,1932,0.486151032
cross_Task-1,1933,0.415599686
cross_Task-1,1934,0.486542984
cross_Task-1,1935,0.480141103
cross_Task-1,1936,0.583420434
cross_Task-1,1937,0.415991638
cross_Task-1,1938,0.490985106
cross_Task-1,1939,0.560556572
cross_Task-1,1940,0.519270969
cross_Task-1,1941,0.523517115
cross_Task-1,1942,0.517507186
cross_Task-1,1943,0.496211131
cross_Task-1,1944,0.500065325
cross_Task-1,1945,0.502025085
cross_Task-1,1946,0.502417037
cross_Task-1,1947,0.490397178
cross_Task-1,1948,0.548536713
cross_Task-1,1949,0.508622942
cross_Task-1,1950,0.555330546
cross_Task-1,1951,0.513652992
cross_Task-1,1952,0.507447086
cross_Task-1,1953,0.480925007
cross_Task-1,1954,0.497974915
cross_Task-1,1955,0.468121244
cross_Task-1,1956,0.617912203
cross_Task-1,1957,0.480729031
cross_Task-1,1958,0.485367128
cross_Task-1,1959,0.543702639
cross_Task-1,1960,0.508818918
cross_Task-1,1961,0.561536452
cross_Task-1,1962,0.456101385
cross_Task-1,1963,0.560360596
cross_Task-1,1964,0.508426966
cross_Task-1,1965,0.416187614
cross_Task-1,1966,0.469101124
cross_Task-1,1967,0.485563104
cross_Task-1,1968,0.484975176
cross_Task-1,1969,0.491573034
cross_Task-1,1970,0.485563104
cross_Task-1,1971,0.474719101
cross_Task-1,1972,0.499346747
cross_Task-1,1973,0.497778939
cross_Task-1,1974,0.549320617
cross_Task-1,1975,0.554938594
cross_Task-1,1976,0.434609355
cross_Task-1,1977,0.399725634
cross_Task-1,1978,0.497191011
cross_Task-1,1979,0.497191011
cross_Task-1,1980,0.538280638
cross_Task-1,1981,0.490985106
cross_Task-1,1982,0.469885027
cross_Task-1,1983,0.4388555
cross_Task-1,1984,0.46328717
cross_Task-1,1985,0.515024824
cross_Task-1,1986,0.520838777
cross_Task-1,1987,0.464071074
cross_Task-1,1988,0.542330807
cross_Task-1,1989,0.519858897
cross_Task-1,1990,0.503984845
cross_Task-1,1991,0.491181082
cross_Task-1,1992,0.491573034
cross_Task-1,1993,0.485955056
cross_Task-1,1994,0.571204599
cross_Task-1,1995,0.468905148
cross_Task-1,1996,0.541938856
cross_Task-1,1997,0.526652731
cross_Task-1,1998,0.509994774
cross_Task-1,1999,0.525084923
cross_Task-2,1,0.536072389
cross_Task-2,2,0.499449743
cross_Task-2,3,0.452861335
cross_Task-2,4,0.56162876
cross_Task-2,5,0.487344094
cross_Task-2,6,0.481780386
cross_Task-2,7,0.497737833
cross_Task-2,8,0.490523355
cross_Task-2,9,0.49137931
cross_Task-2,10,0.491807288
cross_Task-2,11,0.498165811
cross_Task-2,12,0.49651504
cross_Task-2,13,0.509232086
cross_Task-2,14,0.426265591
cross_Task-2,15,0.485204206
cross_Task-2,16,0.486916116
cross_Task-2,17,0.434336023
cross_Task-2,18,0.498838347
cross_Task-2,19,0.436903888
cross_Task-2,20,0.514367816
cross_Task-2,21,0.519258988
cross_Task-2,22,0.47945708
cross_Task-2,23,0.515223771
cross_Task-2,24,0.526045488
cross_Task-2,25,0.489056004
cross_Task-2,26,0.563096112
cross_Task-2,27,0.466923453
cross_Task-2,28,0.473954512
cross_Task-2,29,0.464355588
cross_Task-2,30,0.463071656
cross_Task-2,31,0.441367082
cross_Task-2,32,0.525189533
cross_Task-2,33,0.496698459
cross_Task-2,34,0.498165811
cross_Task-2,35,0.469674737
cross_Task-2,36,0.563952067
cross_Task-2,37,0.46753485
cross_Task-2,38,0.497982392
cross_Task-2,39,0.497554414
cross_Task-2,40,0.558816337
cross_Task-2,41,0.465639521
cross_Task-2,42,0.478417706
cross_Task-2,43,0.433908046
cross_Task-2,44,0.472853999
cross_Task-2,45,0.474993886
cross_Task-2,46,0.482024945
cross_Task-2,47,0.535827831
cross_Task-2,48,0.51369528
cross_Task-2,49,0.536500367
cross_Task-2,50,0.537111763
cross_Task-2,51,0.462643678
cross_Task-2,52,0.497370995
cross_Task-2,53,0.475605282
cross_Task-2,54,0.40413304
cross_Task-2,55,0.488200049
cross_Task-2,56,0.492846662
cross_Task-2,57,0.539496209
cross_Task-2,58,0.553925165
cross_Task-2,59,0.514979213
cross_Task-2,60,0.509232086
cross_Task-2,61,0.505869406
cross_Task-2,62,0.467290291
cross_Task-2,63,0.542247493
cross_Task-2,64,0.52732942
cross_Task-2,65,0.477989729
cross_Task-2,66,0.543286867
cross_Task-2,67,0.453289313
cross_Task-2,68,0.486671558
cross_Task-2,69,0.533749083
cross_Task-2,70,0.52561751
cross_Task-2,71,0.431156762
cross_Task-2,72,0.569882612
cross_Task-2,73,0.514123258
cross_Task-2,74,0.480313035
cross_Task-2,75,0.457935926
cross_Task-2,76,0.500733676
cross_Task-2,77,0.501589631
cross_Task-2,78,0.498165811
cross_Task-2,79,0.474993886
cross_Task-2,80,0.383895818
cross_Task-2,81,0.552702372
cross_Task-2,82,0.498410369
cross_Task-2,83,0.477133774
cross_Task-2,84,0.529713866
cross_Task-2,85,0.547383223
cross_Task-2,86,0.503301541
cross_Task-2,87,0.506480802
cross_Task-2,88,0.537111763
cross_Task-2,89,0.496698459
cross_Task-2,90,0.464355588
cross_Task-2,91,0.509048667
cross_Task-2,92,0.514795794
cross_Task-2,93,0.427549523
cross_Task-2,94,0.52904133
cross_Task-2,95,0.535033015
cross_Task-2,96,0.4896674
cross_Task-2,97,0.498410369
cross_Task-2,98,0.429444852
cross_Task-2,99,0.512900465
cross_Task-2,100,0.413915383
cross_Task-2,101,0.531364637
cross_Task-2,102,0.486060161
cross_Task-2,103,0.496270482
cross_Task-2,104,0.513267303
cross_Task-2,105,0.54285889
cross_Task-2,106,0.469491318
cross_Task-2,107,0.436903888
cross_Task-2,108,0.496698459
cross_Task-2,109,0.540780142
cross_Task-2,110,0.558021521
cross_Task-2,111,0.554353143
cross_Task-2,112,0.358156028
cross_Task-2,113,0.479885057
cross_Task-2,114,0.541574957
cross_Task-2,115,0.525434091
cross_Task-2,116,0.458180484
cross_Task-2,117,0.559244314
cross_Task-2,118,0.463499633
cross_Task-2,119,0.448398141
cross_Task-2,120,0.463071656
cross_Task-2,121,0.509048667
cross_Task-2,122,0.467106872
cross_Task-2,123,0.502201027
cross_Task-2,124,0.493335779
cross_Task-2,125,0.429444852
cross_Task-2,126,0.486916116
cross_Task-2,127,0.526901443
cross_Task-2,128,0.47945708
cross_Task-2,129,0.505624847
cross_Task-2,130,0.420090487
cross_Task-2,131,0.525434091
cross_Task-2,132,0.513939839
cross_Task-2,133,0.531364637
cross_Task-2,134,0.577158229
cross_Task-2,135,0.552885791
cross_Task-2,136,0.53417706
cross_Task-2,137,0.514367816
cross_Task-2,138,0.490706774
cross_Task-2,139,0.535216434
cross_Task-2,140,0.464355588
cross_Task-2,141,0.463071656
cross_Task-2,142,0.515223771
cross_Task-2,143,0.504768892
cross_Task-2,144,0.518647591
cross_Task-2,145,0.521826853
cross_Task-2,146,0.55313035
cross_Task-2,147,0.488200049
cross_Task-2,148,0.470102715
cross_Task-2,149,0.530325263
cross_Task-2,150,0.46924676
cross_Task-2,151,0.493702617
cross_Task-2,152,0.401565175
cross_Task-2,153,0.486060161
cross_Task-2,154,0.514979213
cross_Task-2,155,0.472853999
cross_Task-2,156,0.554597701
cross_Task-2,157,0.519258988
cross_Task-2,158,0.512472487
cross_Task-2,159,0.485448765
cross_Task-2,160,0.511371974
cross_Task-2,161,0.482024945
cross_Task-2,162,0.482024945
cross_Task-2,163,0.449437515
cross_Task-2,164,0.533749083
cross_Task-2,165,0.492051846
cross_Task-2,166,0.480985571
cross_Task-2,167,0.509048667
cross_Task-2,168,0.562484715
cross_Task-2,169,0.562240157
cross_Task-2,170,0.497309856
cross_Task-2,171,0.569882612
cross_Task-2,172,0.539496209
cross_Task-2,173,0.480741012
cross_Task-2,174,0.503912937
cross_Task-2,175,0.552702372
cross_Task-2,176,0.529469308
cross_Task-2,177,0.47095867
cross_Task-2,178,0.43158474
cross_Task-2,179,0.506052825
cross_Task-2,180,0.519686965
cross_Task-2,181,0.519686965
cross_Task-2,182,0.484776229
cross_Task-2,183,0.523294204
cross_Task-2,184,0.431156762
cross_Task-2,185,0.45371729
cross_Task-2,186,0.418195158
cross_Task-2,187,0.503729518
cross_Task-2,188,0.500733676
cross_Task-2,189,0.532037173
cross_Task-2,190,0.511188555
cross_Task-2,191,0.463499633
cross_Task-2,192,0.519870384
cross_Task-2,193,0.530569821
cross_Task-2,194,0.488444607
cross_Task-2,195,0.477317192
cross_Task-2,196,0.49137931
cross_Task-2,197,0.518647591
cross_Task-2,198,0.460748349
cross_Task-2,199,0.47438249
cross_Task-2,200,0.47603326
cross_Task-2,201,0.482024945
cross_Task-2,202,0.454573245
cross_Task-2,203,0.494130594
cross_Task-2,204,0.420273906
cross_Task-2,205,0.487527513
cross_Task-2,206,0.492663243
cross_Task-2,207,0.464355588
cross_Task-2,208,0.488383468
cross_Task-2,209,0.491195891
cross_Task-2,210,0.469430179
cross_Task-2,211,0.513083884
cross_Task-2,212,0.529713866
cross_Task-2,213,0.435191978
cross_Task-2,214,0.534543898
cross_Task-2,215,0.446686231
cross_Task-2,216,0.50348496
cross_Task-2,217,0.490095378
cross_Task-2,218,0.530080704
cross_Task-2,219,0.474993886
cross_Task-2,220,0.497126437
cross_Task-2,221,0.470347273
cross_Task-2,222,0.505441428
cross_Task-2,223,0.537784299
cross_Task-2,224,0.519258988
cross_Task-2,225,0.48624358
cross_Task-2,226,0.499082905
cross_Task-2,227,0.533076547
cross_Task-2,228,0.531609195
cross_Task-2,229,0.503301541
cross_Task-2,230,0.480741012
cross_Task-2,231,0.490095378
cross_Task-2,232,0.536500367
cross_Task-2,233,0.436292492
cross_Task-2,234,0.458180484
cross_Task-2,235,0.540535583
cross_Task-2,236,0.48116899
cross_Task-2,237,0.452433358
cross_Task-2,238,0.509721203
cross_Task-2,239,0.485020787
cross_Task-2,240,0.52561751
cross_Task-2,241,0.497798973
cross_Task-2,242,0.543103448
cross_Task-2,243,0.492235265
cross_Task-2,244,0.469674737
cross_Task-2,245,0.479273661
cross_Task-2,246,0.56162876
cross_Task-2,247,0.448398141
cross_Task-2,248,0.431156762
cross_Task-2,249,0.452861335
cross_Task-2,250,0.495414527
cross_Task-2,251,0.535827831
cross_Task-2,252,0.47095867
cross_Task-2,253,0.397101981
cross_Task-2,254,0.525006114
cross_Task-2,255,0.526045488
cross_Task-2,256,0.482024945
cross_Task-2,257,0.431156762
cross_Task-2,258,0.456468574
cross_Task-2,259,0.560100269
cross_Task-2,260,0.529713866
cross_Task-2,261,0.497982392
cross_Task-2,262,0.529285889
cross_Task-2,263,0.475421864
cross_Task-2,264,0.540780142
cross_Task-2,265,0.488811445
cross_Task-2,266,0.502690144
cross_Task-2,267,0.533932502
cross_Task-2,268,0.51369528
cross_Task-2,269,0.464355588
cross_Task-2,270,0.420090487
cross_Task-2,271,0.58908046
cross_Task-2,272,0.526473465
cross_Task-2,273,0.502690144
cross_Task-2,274,0.539496209
cross_Task-2,275,0.475421864
cross_Task-2,276,0.457324529
cross_Task-2,277,0.496087063
cross_Task-2,278,0.498654928
cross_Task-2,279,0.4828809
cross_Task-2,280,0.463071656
cross_Task-2,281,0.486671558
cross_Task-2,282,0.508865248
cross_Task-2,283,0.509293226
cross_Task-2,284,0.471814625
cross_Task-2,285,0.509476645
cross_Task-2,286,0.536255808
cross_Task-2,287,0.496270482
cross_Task-2,288,0.502873563
cross_Task-2,289,0.536683786
cross_Task-2,290,0.454573245
cross_Task-2,291,0.425837613
cross_Task-2,292,0.448398141
cross_Task-2,293,0.546894106
cross_Task-2,294,0.524822695
cross_Task-2,295,0.459036439
cross_Task-2,296,0.521154316
cross_Task-2,297,0.542002935
cross_Task-2,298,0.452433358
cross_Task-2,299,0.611213011
cross_Task-2,300,0.463744192
cross_Task-2,301,0.595255564
cross_Task-2,302,0.419234532
cross_Task-2,303,0.517547078
cross_Task-2,304,0.464783566
cross_Task-2,305,0.507764735
cross_Task-2,306,0.498593788
cross_Task-2,307,0.533076547
cross_Task-2,308,0.468635363
cross_Task-2,309,0.475421864
cross_Task-2,310,0.481841526
cross_Task-2,311,0.491562729
cross_Task-2,312,0.553497188
cross_Task-2,313,0.470102715
cross_Task-2,314,0.512839325
cross_Task-2,315,0.532648569
cross_Task-2,316,0.425837613
cross_Task-2,317,0.455184642
cross_Task-2,318,0.558816337
cross_Task-2,319,0.485632184
cross_Task-2,320,0.542430912
cross_Task-2,321,0.503301541
cross_Task-2,322,0.553497188
cross_Task-2,323,0.52561751
cross_Task-2,324,0.496453901
cross_Task-2,325,0.420090487
cross_Task-2,326,0.487344094
cross_Task-2,327,0.498838347
cross_Task-2,328,0.48116899
cross_Task-2,329,0.445830276
cross_Task-2,330,0.536316948
cross_Task-2,331,0.480741012
cross_Task-2,332,0.495659085
cross_Task-2,333,0.447970164
cross_Task-2,334,0.525434091
cross_Task-2,335,0.508192712
cross_Task-2,336,0.503912937
cross_Task-2,337,0.51540719
cross_Task-2,338,0.552702372
cross_Task-2,339,0.441367082
cross_Task-2,340,0.468818782
cross_Task-2,341,0.432624113
cross_Task-2,342,0.479029102
cross_Task-2,343,0.490951333
cross_Task-2,344,0.497309856
cross_Task-2,345,0.553925165
cross_Task-2,346,0.542430912
cross_Task-2,347,0.493519198
cross_Task-2,348,0.553925165
cross_Task-2,349,0.531364637
cross_Task-2,350,0.503056982
cross_Task-2,351,0.41605527
cross_Task-2,352,0.517363659
cross_Task-2,353,0.458608462
cross_Task-2,354,0.509232086
cross_Task-2,355,0.535033015
cross_Task-2,356,0.55141844
cross_Task-2,357,0.497126437
cross_Task-2,358,0.493947175
cross_Task-2,359,0.52054292
cross_Task-2,360,0.53075324
cross_Task-2,361,0.529469308
cross_Task-2,362,0.503912937
cross_Task-2,363,0.540535583
cross_Task-2,364,0.485632184
cross_Task-2,365,0.476277819
cross_Task-2,366,0.490767914
cross_Task-2,367,0.47432135
cross_Task-2,368,0.49309122
cross_Task-2,369,0.542002935
cross_Task-2,370,0.485204206
cross_Task-2,371,0.465028124
cross_Task-2,372,0.5171191
cross_Task-2,373,0.598618244
cross_Task-2,374,0.549461971
cross_Task-2,375,0.479640499
cross_Task-2,376,0.534360479
cross_Task-2,377,0.529285889
cross_Task-2,378,0.497982392
cross_Task-2,379,0.499449743
cross_Task-2,380,0.463499633
cross_Task-2,381,0.509660064
cross_Task-2,382,0.548850575
cross_Task-2,383,0.560100269
cross_Task-2,384,0.478173147
cross_Task-2,385,0.56499144
cross_Task-2,386,0.470102715
cross_Task-2,387,0.558816337
cross_Task-2,388,0.472487161
cross_Task-2,389,0.50690878
cross_Task-2,390,0.494986549
cross_Task-2,391,0.496943018
cross_Task-2,392,0.475421864
cross_Task-2,393,0.503729518
cross_Task-2,394,0.470286134
cross_Task-2,395,0.478845684
cross_Task-2,396,0.453289313
cross_Task-2,397,0.502873563
cross_Task-2,398,0.479640499
cross_Task-2,399,0.541391538
cross_Task-2,400,0.473893372
cross_Task-2,401,0.456713133
cross_Task-2,402,0.541636097
cross_Task-2,403,0.485448765
cross_Task-2,404,0.456285155
cross_Task-2,405,0.526718024
cross_Task-2,406,0.518647591
cross_Task-2,407,0.47432135
cross_Task-2,408,0.500550257
cross_Task-2,409,0.433724627
cross_Task-2,410,0.464783566
cross_Task-2,411,0.495659085
cross_Task-2,412,0.573978968
cross_Task-2,413,0.533504524
cross_Task-2,414,0.547811201
cross_Task-2,415,0.55820494
cross_Task-2,416,0.519442406
cross_Task-2,417,0.48116899
cross_Task-2,418,0.55141844
cross_Task-2,419,0.56499144
cross_Task-2,420,0.507153338
cross_Task-2,421,0.57355099
cross_Task-2,422,0.459036439
cross_Task-2,423,0.584189288
cross_Task-2,424,0.462032282
cross_Task-2,425,0.456468574
cross_Task-2,426,0.485632184
cross_Task-2,427,0.507948154
cross_Task-2,428,0.491623869
cross_Task-2,429,0.407740279
cross_Task-2,430,0.504340915
cross_Task-2,431,0.486916116
cross_Task-2,432,0.496453901
cross_Task-2,433,0.525434091
cross_Task-2,434,0.506480802
cross_Task-2,435,0.503301541
cross_Task-2,436,0.514979213
cross_Task-2,437,0.513083884
cross_Task-2,438,0.52561751
cross_Task-2,439,0.464355588
cross_Task-2,440,0.497737833
cross_Task-2,441,0.452433358
cross_Task-2,442,0.472487161
cross_Task-2,443,0.453961849
cross_Task-2,444,0.466312057
cross_Task-2,445,0.437148447
cross_Task-2,446,0.54285889
cross_Task-2,447,0.550134507
cross_Task-2,448,0.511188555
cross_Task-2,449,0.487344094
cross_Task-2,450,0.555209098
cross_Task-2,451,0.458180484
cross_Task-2,452,0.524578136
cross_Task-2,453,0.509293226
cross_Task-2,454,0.485204206
cross_Task-2,455,0.537356322
cross_Task-2,456,0.496087063
cross_Task-2,457,0.485632184
cross_Task-2,458,0.480741012
cross_Task-2,459,0.457507948
cross_Task-2,460,0.431401321
cross_Task-2,461,0.525189533
cross_Task-2,462,0.47095867
cross_Task-2,463,0.497126437
cross_Task-2,464,0.49309122
cross_Task-2,465,0.502201027
cross_Task-2,466,0.497982392
cross_Task-2,467,0.490951333
cross_Task-2,468,0.48630472
cross_Task-2,469,0.498838347
cross_Task-2,470,0.499449743
cross_Task-2,471,0.526473465
cross_Task-2,472,0.509476645
cross_Task-2,473,0.44179506
cross_Task-2,474,0.472853999
cross_Task-2,475,0.480741012
cross_Task-2,476,0.528185375
cross_Task-2,477,0.499449743
cross_Task-2,478,0.474810467
cross_Task-2,479,0.463499633
cross_Task-2,480,0.490767914
cross_Task-2,481,0.46924676
cross_Task-2,482,0.460931768
cross_Task-2,483,0.397101981
cross_Task-2,484,0.476705796
cross_Task-2,485,0.46924676
cross_Task-2,486,0.475421864
cross_Task-2,487,0.517363659
cross_Task-2,488,0.492663243
cross_Task-2,489,0.398385913
cross_Task-2,490,0.501589631
cross_Task-2,491,0.490523355
cross_Task-2,492,0.497982392
cross_Task-2,493,0.540352164
cross_Task-2,494,0.539924187
cross_Task-2,495,0.516263145
cross_Task-2,496,0.522438249
cross_Task-2,497,0.510516019
cross_Task-2,498,0.543286867
cross_Task-2,499,0.55991685
cross_Task-2,500,0.542064074
cross_Task-2,501,0.542430912
cross_Task-2,502,0.490951333
cross_Task-2,503,0.559672292
cross_Task-2,504,0.473893372
cross_Task-2,505,0.50348496
cross_Task-2,506,0.503546099
cross_Task-2,507,0.527573979
cross_Task-2,508,0.432196136
cross_Task-2,509,0.475849841
cross_Task-2,510,0.507153338
cross_Task-2,511,0.497370995
cross_Task-2,512,0.528857911
cross_Task-2,513,0.503301541
cross_Task-2,514,0.478173147
cross_Task-2,515,0.430300807
cross_Task-2,516,0.525862069
cross_Task-2,517,0.474993886
cross_Task-2,518,0.526473465
cross_Task-2,519,0.512900465
cross_Task-2,520,0.548606016
cross_Task-2,521,0.494130594
cross_Task-2,522,0.436475911
cross_Task-2,523,0.546894106
cross_Task-2,524,0.52732942
cross_Task-2,525,0.492235265
cross_Task-2,526,0.487344094
cross_Task-2,527,0.48116899
cross_Task-2,528,0.46753485
cross_Task-2,529,0.446502812
cross_Task-2,530,0.485204206
cross_Task-2,531,0.502017608
cross_Task-2,532,0.434336023
cross_Task-2,533,0.539496209
cross_Task-2,534,0.472242602
cross_Task-2,535,0.492235265
cross_Task-2,536,0.483920274
cross_Task-2,537,0.480129616
cross_Task-2,538,0.537539741
cross_Task-2,539,0.550562485
cross_Task-2,540,0.587551969
cross_Task-2,541,0.484348251
cross_Task-2,542,0.510088041
cross_Task-2,543,0.512655906
cross_Task-2,544,0.536255808
cross_Task-2,545,0.474565909
cross_Task-2,546,0.542430912
cross_Task-2,547,0.44179506
cross_Task-2,548,0.470530692
cross_Task-2,549,0.491807288
cross_Task-2,550,0.579726094
cross_Task-2,551,0.481841526
cross_Task-2,552,0.514795794
cross_Task-2,553,0.513083884
cross_Task-2,554,0.503546099
cross_Task-2,555,0.40413304
cross_Task-2,556,0.441367082
cross_Task-2,557,0.480496454
cross_Task-2,558,0.432868672
cross_Task-2,559,0.446686231
cross_Task-2,560,0.520787479
cross_Task-2,561,0.508009293
cross_Task-2,562,0.513083884
cross_Task-2,563,0.541391538
cross_Task-2,564,0.435619956
cross_Task-2,565,0.429016875
cross_Task-2,566,0.497309856
cross_Task-2,567,0.519442406
cross_Task-2,568,0.391782832
cross_Task-2,569,0.515223771
cross_Task-2,570,0.568231842
cross_Task-2,571,0.547750061
cross_Task-2,572,0.484776229
cross_Task-2,573,0.550562485
cross_Task-2,574,0.48116899
cross_Task-2,575,0.480313035
cross_Task-2,576,0.471814625
cross_Task-2,577,0.469674737
cross_Task-2,578,0.474749327
cross_Task-2,579,0.576485693
cross_Task-2,580,0.546955246
cross_Task-2,581,0.495414527
cross_Task-2,582,0.485387625
cross_Task-2,583,0.468818782
cross_Task-2,584,0.504340915
cross_Task-2,585,0.430545366
cross_Task-2,586,0.469674737
cross_Task-2,587,0.457752507
cross_Task-2,588,0.453533871
cross_Task-2,589,0.459036439
cross_Task-2,590,0.498410369
cross_Task-2,591,0.458608462
cross_Task-2,592,0.424981658
cross_Task-2,593,0.523110785
cross_Task-2,594,0.44179506
cross_Task-2,595,0.558816337
cross_Task-2,596,0.470286134
cross_Task-2,597,0.502262167
cross_Task-2,598,0.49309122
cross_Task-2,599,0.535033015
cross_Task-2,600,0.547383223
cross_Task-2,601,0.473037417
cross_Task-2,602,0.497126437
cross_Task-2,603,0.509721203
cross_Task-2,604,0.534360479
cross_Task-2,605,0.525434091
cross_Task-2,606,0.486488139
cross_Task-2,607,0.380288579
cross_Task-2,608,0.557165566
cross_Task-2,609,0.469674737
cross_Task-2,610,0.485448765
cross_Task-2,611,0.480313035
cross_Task-2,612,0.481596967
cross_Task-2,613,0.490706774
cross_Task-2,614,0.457569088
cross_Task-2,615,0.511799951
cross_Task-2,616,0.475177305
cross_Task-2,617,0.50862069
cross_Task-2,618,0.503118122
cross_Task-2,619,0.436903888
cross_Task-2,620,0.451821961
cross_Task-2,621,0.508192712
cross_Task-2,622,0.476522377
cross_Task-2,623,0.550990462
cross_Task-2,624,0.540535583
cross_Task-2,625,0.456713133
cross_Task-2,626,0.580948887
cross_Task-2,627,0.493519198
cross_Task-2,628,0.479701639
cross_Task-2,629,0.457935926
cross_Task-2,630,0.5445708
cross_Task-2,631,0.45371729
cross_Task-2,632,0.430300807
cross_Task-2,633,0.474137931
cross_Task-2,634,0.474993886
cross_Task-2,635,0.541208119
cross_Task-2,636,0.436903888
cross_Task-2,637,0.519870384
cross_Task-2,638,0.557593544
cross_Task-2,639,0.485632184
cross_Task-2,640,0.502690144
cross_Task-2,641,0.454573245
cross_Task-2,642,0.426265591
cross_Task-2,643,0.491807288
cross_Task-2,644,0.523110785
cross_Task-2,645,0.576057716
cross_Task-2,646,0.491990707
cross_Task-2,647,0.512900465
cross_Task-2,648,0.544815358
cross_Task-2,649,0.529469308
cross_Task-2,650,0.545671313
cross_Task-2,651,0.507581316
cross_Task-2,652,0.509293226
cross_Task-2,653,0.521398875
cross_Task-2,654,0.508865248
cross_Task-2,655,0.54114698
cross_Task-2,656,0.514551235
cross_Task-2,657,0.533932502
cross_Task-2,658,0.526718024
cross_Task-2,659,0.457752507
cross_Task-2,660,0.448398141
cross_Task-2,661,0.502017608
cross_Task-2,662,0.561812179
cross_Task-2,663,0.563096112
cross_Task-2,664,0.461604304
cross_Task-2,665,0.54114698
cross_Task-2,666,0.420090487
cross_Task-2,667,0.531364637
cross_Task-2,668,0.486732697
cross_Task-2,669,0.441367082
cross_Task-2,670,0.471386647
cross_Task-2,671,0.554353143
cross_Task-2,672,0.473709954
cross_Task-2,673,0.553925165
cross_Task-2,674,0.52054292
cross_Task-2,675,0.480557594
cross_Task-2,676,0.480924431
cross_Task-2,677,0.475849841
cross_Task-2,678,0.55313035
cross_Task-2,679,0.469674737
cross_Task-2,680,0.508376131
cross_Task-2,681,0.502017608
cross_Task-2,682,0.536500367
cross_Task-2,683,0.514367816
cross_Task-2,684,0.524394718
cross_Task-2,685,0.537539741
cross_Task-2,686,0.424125703
cross_Task-2,687,0.524578136
cross_Task-2,688,0.492663243
cross_Task-2,689,0.494375153
cross_Task-2,690,0.546099291
cross_Task-2,691,0.519686965
cross_Task-2,692,0.551601859
cross_Task-2,693,0.551173881
cross_Task-2,694,0.41263145
cross_Task-2,695,0.551846417
cross_Task-2,696,0.541636097
cross_Task-2,697,0.49309122
cross_Task-2,698,0.463071656
cross_Task-2,699,0.500978234
cross_Task-2,700,0.447297628
cross_Task-2,701,0.502445586
cross_Task-2,702,0.508376131
cross_Task-2,703,0.495414527
cross_Task-2,704,0.580154072
cross_Task-2,705,0.506297383
cross_Task-2,706,0.523722181
cross_Task-2,707,0.431156762
cross_Task-2,708,0.474137931
cross_Task-2,709,0.55649303
cross_Task-2,710,0.490339936
cross_Task-2,711,0.501834189
cross_Task-2,712,0.529224749
cross_Task-2,713,0.512839325
cross_Task-2,714,0.535033015
cross_Task-2,715,0.583761311
cross_Task-2,716,0.507581316
cross_Task-2,717,0.469063341
cross_Task-2,718,0.548178039
cross_Task-2,719,0.540780142
cross_Task-2,720,0.464355588
cross_Task-2,721,0.592015163
cross_Task-2,722,0.535033015
cross_Task-2,723,0.538212277
cross_Task-2,724,0.534605038
cross_Task-2,725,0.536255808
cross_Task-2,726,0.518219614
cross_Task-2,727,0.487344094
cross_Task-2,728,0.463499633
cross_Task-2,729,0.474137931
cross_Task-2,730,0.492418684
cross_Task-2,731,0.503729518
cross_Task-2,732,0.463683052
cross_Task-2,733,0.476522377
cross_Task-2,734,0.491562729
cross_Task-2,735,0.520726339
cross_Task-2,736,0.466312057
cross_Task-2,737,0.490523355
cross_Task-2,738,0.510760577
cross_Task-2,739,0.501589631
cross_Task-2,740,0.553497188
cross_Task-2,741,0.492907801
cross_Task-2,742,0.480985571
cross_Task-2,743,0.574590364
cross_Task-2,744,0.554353143
cross_Task-2,745,0.498165811
cross_Task-2,746,0.547138665
cross_Task-2,747,0.49309122
cross_Task-2,748,0.480068476
cross_Task-2,749,0.513083884
cross_Task-2,750,0.500305698
cross_Task-2,751,0.470102715
cross_Task-2,752,0.525189533
cross_Task-2,753,0.501589631
cross_Task-2,754,0.51883101
cross_Task-2,755,0.524822695
cross_Task-2,756,0.516263145
cross_Task-2,757,0.446258254
cross_Task-2,758,0.524394718
cross_Task-2,759,0.482024945
cross_Task-2,760,0.490951333
cross_Task-2,761,0.452433358
cross_Task-2,762,0.492846662
cross_Task-2,763,0.55141844
cross_Task-2,764,0.534788457
cross_Task-2,765,0.452433358
cross_Task-2,766,0.504585473
cross_Task-2,767,0.533321105
cross_Task-2,768,0.480496454
cross_Task-2,769,0.509048667
cross_Task-2,770,0.511371974
cross_Task-2,771,0.448826119
cross_Task-2,772,0.5171191
cross_Task-2,773,0.487772071
cross_Task-2,774,0.483492296
cross_Task-2,775,0.545243336
cross_Task-2,776,0.468207386
cross_Task-2,777,0.546527268
cross_Task-2,778,0.564135485
cross_Task-2,779,0.494191734
cross_Task-2,780,0.482452922
cross_Task-2,781,0.470530692
cross_Task-2,782,0.545243336
cross_Task-2,783,0.497982392
cross_Task-2,784,0.572450477
cross_Task-2,785,0.467106872
cross_Task-2,786,0.502873563
cross_Task-2,787,0.464355588
cross_Task-2,788,0.507336757
cross_Task-2,789,0.531609195
cross_Task-2,790,0.536316948
cross_Task-2,791,0.393739301
cross_Task-2,792,0.509721203
cross_Task-2,793,0.508804109
cross_Task-2,794,0.528613353
cross_Task-2,795,0.543531426
cross_Task-2,796,0.514123258
cross_Task-2,797,0.489239423
cross_Task-2,798,0.610112497
cross_Task-2,799,0.508376131
cross_Task-2,800,0.487527513
cross_Task-2,801,0.514979213
cross_Task-2,802,0.49137931
cross_Task-2,803,0.556737589
cross_Task-2,804,0.458608462
cross_Task-2,805,0.536316948
cross_Task-2,806,0.497126437
cross_Task-2,807,0.492235265
cross_Task-2,808,0.511188555
cross_Task-2,809,0.429444852
cross_Task-2,810,0.433052091
cross_Task-2,811,0.456468574
cross_Task-2,812,0.464355588
cross_Task-2,813,0.526473465
cross_Task-2,814,0.496087063
cross_Task-2,815,0.443078992
cross_Task-2,816,0.526290046
cross_Task-2,817,0.496943018
cross_Task-2,818,0.467962827
cross_Task-2,819,0.502445586
cross_Task-2,820,0.534605038
cross_Task-2,821,0.485815603
cross_Task-2,822,0.442223037
cross_Task-2,823,0.540352164
cross_Task-2,824,0.475421864
cross_Task-2,825,0.514184397
cross_Task-2,826,0.503729518
cross_Task-2,827,0.580948887
cross_Task-2,828,0.470102715
cross_Task-2,829,0.454573245
cross_Task-2,830,0.532220592
cross_Task-2,831,0.535827831
cross_Task-2,832,0.514551235
cross_Task-2,833,0.497126437
cross_Task-2,834,0.529469308
cross_Task-2,835,0.526106628
cross_Task-2,836,0.522010271
cross_Task-2,837,0.509904622
cross_Task-2,838,0.490767914
cross_Task-2,839,0.503301541
cross_Task-2,840,0.463927611
cross_Task-2,841,0.470530692
cross_Task-2,842,0.520298361
cross_Task-2,843,0.442651015
cross_Task-2,844,0.497370995
cross_Task-2,845,0.556737589
cross_Task-2,846,0.502017608
cross_Task-2,847,0.502445586
cross_Task-2,848,0.468146246
cross_Task-2,849,0.516263145
cross_Task-2,850,0.440939105
cross_Task-2,851,0.43158474
cross_Task-2,852,0.503301541
cross_Task-2,853,0.486488139
cross_Task-2,854,0.437331866
cross_Task-2,855,0.564135485
cross_Task-2,856,0.536500367
cross_Task-2,857,0.474993886
cross_Task-2,858,0.509904622
cross_Task-2,859,0.491562729
cross_Task-2,860,0.513511861
cross_Task-2,861,0.504402054
cross_Task-2,862,0.559244314
cross_Task-2,863,0.458180484
cross_Task-2,864,0.501589631
cross_Task-2,865,0.537111763
cross_Task-2,866,0.570738567
cross_Task-2,867,0.47945708
cross_Task-2,868,0.408168256
cross_Task-2,869,0.530569821
cross_Task-2,870,0.489483981
cross_Task-2,871,0.520114943
cross_Task-2,872,0.52396674
cross_Task-2,873,0.516079726
cross_Task-2,874,0.469674737
cross_Task-2,875,0.457997065
cross_Task-2,876,0.499082905
cross_Task-2,877,0.475849841
cross_Task-2,878,0.550562485
cross_Task-2,879,0.474565909
cross_Task-2,880,0.5171191
cross_Task-2,881,0.509660064
cross_Task-2,882,0.452861335
cross_Task-2,883,0.486060161
cross_Task-2,884,0.550990462
cross_Task-2,885,0.470102715
cross_Task-2,886,0.497370995
cross_Task-2,887,0.531792614
cross_Task-2,888,0.463071656
cross_Task-2,889,0.490523355
cross_Task-2,890,0.556737589
cross_Task-2,891,0.469674737
cross_Task-2,892,0.447542186
cross_Task-2,893,0.492418684
cross_Task-2,894,0.454573245
cross_Task-2,895,0.529224749
cross_Task-2,896,0.457752507
cross_Task-2,897,0.559244314
cross_Task-2,898,0.492907801
cross_Task-2,899,0.491990707
cross_Task-2,900,0.519503546
cross_Task-2,901,0.463927611
cross_Task-2,902,0.452861335
cross_Task-2,903,0.492663243
cross_Task-2,904,0.485632184
cross_Task-2,905,0.486488139
cross_Task-2,906,0.464783566
cross_Task-2,907,0.480313035
cross_Task-2,908,0.493274639
cross_Task-2,909,0.503301541
cross_Task-2,910,0.486671558
cross_Task-2,911,0.512655906
cross_Task-2,912,0.487527513
cross_Task-2,913,0.491195891
cross_Task-2,914,0.539496209
cross_Task-2,915,0.470286134
cross_Task-2,916,0.444790902
cross_Task-2,917,0.524578136
cross_Task-2,918,0.496943018
cross_Task-2,919,0.455673759
cross_Task-2,920,0.539496209
cross_Task-2,921,0.467962827
cross_Task-2,922,0.551601859
cross_Task-2,923,0.502445586
cross_Task-2,924,0.492235265
cross_Task-2,925,0.459036439
cross_Task-2,926,0.454145268
cross_Task-2,927,0.541574957
cross_Task-2,928,0.485632184
cross_Task-2,929,0.425837613
cross_Task-2,930,0.492235265
cross_Task-2,931,0.525862069
cross_Task-2,932,0.475421864
cross_Task-2,933,0.492846662
cross_Task-2,934,0.4828809
cross_Task-2,935,0.496943018
cross_Task-2,936,0.536500367
cross_Task-2,937,0.474810467
cross_Task-2,938,0.536072389
cross_Task-2,939,0.51883101
cross_Task-2,940,0.443078992
cross_Task-2,941,0.516263145
cross_Task-2,942,0.470530692
cross_Task-2,943,0.492663243
cross_Task-2,944,0.470530692
cross_Task-2,945,0.553497188
cross_Task-2,946,0.46582294
cross_Task-2,947,0.470530692
cross_Task-2,948,0.519686965
cross_Task-2,949,0.536683786
cross_Task-2,950,0.464355588
cross_Task-2,951,0.48630472
cross_Task-2,952,0.432440695
cross_Task-2,953,0.529652727
cross_Task-2,954,0.549033994
cross_Task-2,955,0.513511861
cross_Task-2,956,0.490339936
cross_Task-2,957,0.577341648
cross_Task-2,958,0.490095378
cross_Task-2,959,0.548178039
cross_Task-2,960,0.520298361
cross_Task-2,961,0.504340915
cross_Task-2,962,0.514551235
cross_Task-2,963,0.476950355
cross_Task-2,964,0.451577403
cross_Task-2,965,0.560528247
cross_Task-2,966,0.494191734
cross_Task-2,967,0.432012717
cross_Task-2,968,0.40242113
cross_Task-2,969,0.470102715
cross_Task-2,970,0.507153338
cross_Task-2,971,0.528857911
cross_Task-2,972,0.526290046
cross_Task-2,973,0.463744192
cross_Task-2,974,0.459708975
cross_Task-2,975,0.493274639
cross_Task-2,976,0.42987283
cross_Task-2,977,0.504768892
cross_Task-2,978,0.525434091
cross_Task-2,979,0.447542186
cross_Task-2,980,0.479885057
cross_Task-2,981,0.576485693
cross_Task-2,982,0.537356322
cross_Task-2,983,0.485204206
cross_Task-2,984,0.457752507
cross_Task-2,985,0.452433358
cross_Task-2,986,0.501345072
cross_Task-2,987,0.502690144
cross_Task-2,988,0.529713866
cross_Task-2,989,0.520787479
cross_Task-2,990,0.457324529
cross_Task-2,991,0.537967718
cross_Task-2,992,0.532648569
cross_Task-2,993,0.470347273
cross_Task-2,994,0.53075324
cross_Task-2,995,0.571166544
cross_Task-2,996,0.501589631
cross_Task-2,997,0.477317192
cross_Task-2,998,0.513328442
cross_Task-2,999,0.448398141
cross_Task-2,1000,0.49651504
cross_Task-2,1001,0.580092932
cross_Task-2,1002,0.521154316
cross_Task-2,1003,0.524150159
cross_Task-2,1004,0.505869406
cross_Task-2,1005,0.457324529
cross_Task-2,1006,0.459036439
cross_Task-2,1007,0.460992908
cross_Task-2,1008,0.409024211
cross_Task-2,1009,0.487344094
cross_Task-2,1010,0.519503546
cross_Task-2,1011,0.514795794
cross_Task-2,1012,0.501406212
cross_Task-2,1013,0.503912937
cross_Task-2,1014,0.450110051
cross_Task-2,1015,0.538395696
cross_Task-2,1016,0.517363659
cross_Task-2,1017,0.558632918
cross_Task-2,1018,0.502629005
cross_Task-2,1019,0.464783566
cross_Task-2,1020,0.48795549
cross_Task-2,1021,0.532220592
cross_Task-2,1022,0.459036439
cross_Task-2,1023,0.529285889
cross_Task-2,1024,0.532893128
cross_Task-2,1025,0.55478112
cross_Task-2,1026,0.499449743
cross_Task-2,1027,0.565663977
cross_Task-2,1028,0.473281976
cross_Task-2,1029,0.49137931
cross_Task-2,1030,0.420090487
cross_Task-2,1031,0.442223037
cross_Task-2,1032,0.437331866
cross_Task-2,1033,0.468574224
cross_Task-2,1034,0.526718024
cross_Task-2,1035,0.485448765
cross_Task-2,1036,0.435619956
cross_Task-2,1037,0.556309611
cross_Task-2,1038,0.553497188
cross_Task-2,1039,0.491623869
cross_Task-2,1040,0.484348251
cross_Task-2,1041,0.503729518
cross_Task-2,1042,0.482024945
cross_Task-2,1043,0.568231842
cross_Task-2,1044,0.45371729
cross_Task-2,1045,0.475421864
cross_Task-2,1046,0.54628271
cross_Task-2,1047,0.564135485
cross_Task-2,1048,0.536255808
cross_Task-2,1049,0.507336757
cross_Task-2,1050,0.53075324
cross_Task-2,1051,0.462215701
cross_Task-2,1052,0.523722181
cross_Task-2,1053,0.542492052
cross_Task-2,1054,0.470775251
cross_Task-2,1055,0.557165566
cross_Task-2,1056,0.522438249
cross_Task-2,1057,0.44179506
cross_Task-2,1058,0.505624847
cross_Task-2,1059,0.482024945
cross_Task-2,1060,0.48630472
cross_Task-2,1061,0.490951333
cross_Task-2,1062,0.492051846
cross_Task-2,1063,0.503729518
cross_Task-2,1064,0.486916116
cross_Task-2,1065,0.436475911
cross_Task-2,1066,0.485632184
cross_Task-2,1067,0.500550257
cross_Task-2,1068,0.59079237
cross_Task-2,1069,0.487099535
cross_Task-2,1070,0.447114209
cross_Task-2,1071,0.556737589
cross_Task-2,1072,0.514184397
cross_Task-2,1073,0.510760577
cross_Task-2,1074,0.491134752
cross_Task-2,1075,0.546099291
cross_Task-2,1076,0.49137931
cross_Task-2,1077,0.420090487
cross_Task-2,1078,0.487099535
cross_Task-2,1079,0.460503791
cross_Task-2,1080,0.574345806
cross_Task-2,1081,0.437331866
cross_Task-2,1082,0.497126437
cross_Task-2,1083,0.440755686
cross_Task-2,1084,0.532648569
cross_Task-2,1085,0.485204206
cross_Task-2,1086,0.446686231
cross_Task-2,1087,0.54628271
cross_Task-2,1088,0.507153338
cross_Task-2,1089,0.511371974
cross_Task-2,1090,0.511188555
cross_Task-2,1091,0.447114209
cross_Task-2,1092,0.544998777
cross_Task-2,1093,0.498165811
cross_Task-2,1094,0.467962827
cross_Task-2,1095,0.553925165
cross_Task-2,1096,0.56334067
cross_Task-2,1097,0.495842504
cross_Task-2,1098,0.552885791
cross_Task-2,1099,0.479885057
cross_Task-2,1100,0.447786745
cross_Task-2,1101,0.470102715
cross_Task-2,1102,0.529285889
cross_Task-2,1103,0.545243336
cross_Task-2,1104,0.491807288
cross_Task-2,1105,0.480313035
cross_Task-2,1106,0.578442162
cross_Task-2,1107,0.501161653
cross_Task-2,1108,0.547750061
cross_Task-2,1109,0.509048667
cross_Task-2,1110,0.540780142
cross_Task-2,1111,0.409024211
cross_Task-2,1112,0.476950355
cross_Task-2,1113,0.492418684
cross_Task-2,1114,0.508192712
cross_Task-2,1115,0.514367816
cross_Task-2,1116,0.558449499
cross_Task-2,1117,0.577769626
cross_Task-2,1118,0.514367816
cross_Task-2,1119,0.568659819
cross_Task-2,1120,0.495842504
cross_Task-2,1121,0.48795549
cross_Task-2,1122,0.519014429
cross_Task-2,1123,0.528857911
cross_Task-2,1124,0.502690144
cross_Task-2,1125,0.530936659
cross_Task-2,1126,0.513083884
cross_Task-2,1127,0.551785278
cross_Task-2,1128,0.491807288
cross_Task-2,1129,0.526473465
cross_Task-2,1130,0.516935681
cross_Task-2,1131,0.49309122
cross_Task-2,1132,0.48116899
cross_Task-2,1133,0.480741012
cross_Task-2,1134,0.417094644
cross_Task-2,1135,0.492846662
cross_Task-2,1136,0.569026657
cross_Task-2,1137,0.499266324
cross_Task-2,1138,0.502690144
cross_Task-2,1139,0.463071656
cross_Task-2,1140,0.555209098
cross_Task-2,1141,0.485632184
cross_Task-2,1142,0.532220592
cross_Task-2,1143,0.535399853
cross_Task-2,1144,0.491990707
cross_Task-2,1145,0.523110785
cross_Task-2,1146,0.480496454
cross_Task-2,1147,0.479885057
cross_Task-2,1148,0.560100269
cross_Task-2,1149,0.479885057
cross_Task-2,1150,0.540780142
cross_Task-2,1151,0.550134507
cross_Task-2,1152,0.564135485
cross_Task-2,1153,0.491195891
cross_Task-2,1154,0.462643678
cross_Task-2,1155,0.437331866
cross_Task-2,1156,0.543714845
cross_Task-2,1157,0.558632918
cross_Task-2,1158,0.485876742
cross_Task-2,1159,0.556737589
cross_Task-2,1160,0.503729518
cross_Task-2,1161,0.480557594
cross_Task-2,1162,0.407740279
cross_Task-2,1163,0.487099535
cross_Task-2,1164,0.498165811
cross_Task-2,1165,0.474137931
cross_Task-2,1166,0.544387381
cross_Task-2,1167,0.523294204
cross_Task-2,1168,0.453289313
cross_Task-2,1169,0.463499633
cross_Task-2,1170,0.490523355
cross_Task-2,1171,0.450538029
cross_Task-2,1172,0.465639521
cross_Task-2,1173,0.509904622
cross_Task-2,1174,0.509660064
cross_Task-2,1175,0.540352164
cross_Task-2,1176,0.496943018
cross_Task-2,1177,0.446074835
cross_Task-2,1178,0.500305698
cross_Task-2,1179,0.560772805
cross_Task-2,1180,0.401993152
cross_Task-2,1181,0.537539741
cross_Task-2,1182,0.472426021
cross_Task-2,1183,0.432012717
cross_Task-2,1184,0.535827831
cross_Task-2,1185,0.508009293
cross_Task-2,1186,0.436903888
cross_Task-2,1187,0.484959648
cross_Task-2,1188,0.485204206
cross_Task-2,1189,0.470530692
cross_Task-2,1190,0.543775984
cross_Task-2,1191,0.496943018
cross_Task-2,1192,0.478601125
cross_Task-2,1193,0.434764001
cross_Task-2,1194,0.48624358
cross_Task-2,1195,0.479640499
cross_Task-2,1196,0.484164832
cross_Task-2,1197,0.480557594
cross_Task-2,1198,0.480557594
cross_Task-2,1199,0.526045488
cross_Task-2,1200,0.485632184
cross_Task-2,1201,0.509721203
cross_Task-2,1202,0.509232086
cross_Task-2,1203,0.462643678
cross_Task-2,1204,0.519075569
cross_Task-2,1205,0.555637075
cross_Task-2,1206,0.500733676
cross_Task-2,1207,0.470714111
cross_Task-2,1208,0.480313035
cross_Task-2,1209,0.535460993
cross_Task-2,1210,0.50862069
cross_Task-2,1211,0.542430912
cross_Task-2,1212,0.486060161
cross_Task-2,1213,0.532220592
cross_Task-2,1214,0.474993886
cross_Task-2,1215,0.480924431
cross_Task-2,1216,0.500305698
cross_Task-2,1217,0.531181218
cross_Task-2,1218,0.503301541
cross_Task-2,1219,0.435191978
cross_Task-2,1220,0.534971876
cross_Task-2,1221,0.537967718
cross_Task-2,1222,0.463927611
cross_Task-2,1223,0.532709709
cross_Task-2,1224,0.546099291
cross_Task-2,1225,0.54628271
cross_Task-2,1226,0.45371729
cross_Task-2,1227,0.479273661
cross_Task-2,1228,0.484348251
cross_Task-2,1229,0.541391538
cross_Task-2,1230,0.468390805
cross_Task-2,1231,0.500550257
cross_Task-2,1232,0.50348496
cross_Task-2,1233,0.488811445
cross_Task-2,1234,0.525006114
cross_Task-2,1235,0.562056738
cross_Task-2,1236,0.490523355
cross_Task-2,1237,0.513511861
cross_Task-2,1238,0.469491318
cross_Task-2,1239,0.50177305
cross_Task-2,1240,0.47603326
cross_Task-2,1241,0.485632184
cross_Task-2,1242,0.524394718
cross_Task-2,1243,0.480557594
cross_Task-2,1244,0.505869406
cross_Task-2,1245,0.540352164
cross_Task-2,1246,0.459219858
cross_Task-2,1247,0.425837613
cross_Task-2,1248,0.424553681
cross_Task-2,1249,0.593299095
cross_Task-2,1250,0.530936659
cross_Task-2,1251,0.512227929
cross_Task-2,1252,0.470530692
cross_Task-2,1253,0.539068232
cross_Task-2,1254,0.526290046
cross_Task-2,1255,0.407312301
cross_Task-2,1256,0.590364392
cross_Task-2,1257,0.514367816
cross_Task-2,1258,0.445830276
cross_Task-2,1259,0.606077281
cross_Task-2,1260,0.509048667
cross_Task-2,1261,0.476277819
cross_Task-2,1262,0.491807288
cross_Task-2,1263,0.533932502
cross_Task-2,1264,0.474565909
cross_Task-2,1265,0.508009293
cross_Task-2,1266,0.488628026
cross_Task-2,1267,0.514551235
cross_Task-2,1268,0.436475911
cross_Task-2,1269,0.504157496
cross_Task-2,1270,0.469491318
cross_Task-2,1271,0.509476645
cross_Task-2,1272,0.47267058
cross_Task-2,1273,0.527146001
cross_Task-2,1274,0.501834189
cross_Task-2,1275,0.47603326
cross_Task-2,1276,0.462643678
cross_Task-2,1277,0.458180484
cross_Task-2,1278,0.492235265
cross_Task-2,1279,0.464539007
cross_Task-2,1280,0.479885057
cross_Task-2,1281,0.447542186
cross_Task-2,1282,0.48801663
cross_Task-2,1283,0.481413549
cross_Task-2,1284,0.468390805
cross_Task-2,1285,0.437759843
cross_Task-2,1286,0.541208119
cross_Task-2,1287,0.492235265
cross_Task-2,1288,0.492418684
cross_Task-2,1289,0.466495476
cross_Task-2,1290,0.523538763
cross_Task-2,1291,0.490951333
cross_Task-2,1292,0.571594522
cross_Task-2,1293,0.58052091
cross_Task-2,1294,0.540352164
cross_Task-2,1295,0.480557594
cross_Task-2,1296,0.491807288
cross_Task-2,1297,0.507336757
cross_Task-2,1298,0.492235265
cross_Task-2,1299,0.503912937
cross_Task-2,1300,0.518647591
cross_Task-2,1301,0.475849841
cross_Task-2,1302,0.544998777
cross_Task-2,1303,0.469858156
cross_Task-2,1304,0.5239056
cross_Task-2,1305,0.50862069
cross_Task-2,1306,0.476277819
cross_Task-2,1307,0.486060161
cross_Task-2,1308,0.463499633
cross_Task-2,1309,0.513511861
cross_Task-2,1310,0.536500367
cross_Task-2,1311,0.486671558
cross_Task-2,1312,0.569882612
cross_Task-2,1313,0.538395696
cross_Task-2,1314,0.480313035
cross_Task-2,1315,0.560528247
cross_Task-2,1316,0.527146001
cross_Task-2,1317,0.498838347
cross_Task-2,1318,0.451577403
cross_Task-2,1319,0.519686965
cross_Task-2,1320,0.496087063
cross_Task-2,1321,0.530508682
cross_Task-2,1322,0.58223282
cross_Task-2,1323,0.521398875
cross_Task-2,1324,0.564563463
cross_Task-2,1325,0.665443874
cross_Task-2,1326,0.446258254
cross_Task-2,1327,0.515040352
cross_Task-2,1328,0.480129616
cross_Task-2,1329,0.465639521
cross_Task-2,1330,0.474993886
cross_Task-2,1331,0.497982392
cross_Task-2,1332,0.526718024
cross_Task-2,1333,0.53075324
cross_Task-2,1334,0.475421864
cross_Task-2,1335,0.524394718
cross_Task-2,1336,0.503546099
cross_Task-2,1337,0.497309856
cross_Task-2,1338,0.56162876
cross_Task-2,1339,0.443078992
cross_Task-2,1340,0.459464417
cross_Task-2,1341,0.470102715
cross_Task-2,1342,0.452433358
cross_Task-2,1343,0.486916116
cross_Task-2,1344,0.488628026
cross_Task-2,1345,0.491807288
cross_Task-2,1346,0.497554414
cross_Task-2,1347,0.444362925
cross_Task-2,1348,0.568231842
cross_Task-2,1349,0.480741012
cross_Task-2,1350,0.44179506
cross_Task-2,1351,0.451577403
cross_Task-2,1352,0.452433358
cross_Task-2,1353,0.509048667
cross_Task-2,1354,0.497126437
cross_Task-2,1355,0.514367816
cross_Task-2,1356,0.576057716
cross_Task-2,1357,0.457752507
cross_Task-2,1358,0.486060161
cross_Task-2,1359,0.478173147
cross_Task-2,1360,0.524578136
cross_Task-2,1361,0.510943996
cross_Task-2,1362,0.514367816
cross_Task-2,1363,0.470102715
cross_Task-2,1364,0.490951333
cross_Task-2,1365,0.491807288
cross_Task-2,1366,0.470286134
cross_Task-2,1367,0.482636341
cross_Task-2,1368,0.447114209
cross_Task-2,1369,0.457752507
cross_Task-2,1370,0.521154316
cross_Task-2,1371,0.475421864
cross_Task-2,1372,0.496943018
cross_Task-2,1373,0.507336757
cross_Task-2,1374,0.463927611
cross_Task-2,1375,0.475177305
cross_Task-2,1376,0.546955246
cross_Task-2,1377,0.47095867
cross_Task-2,1378,0.542247493
cross_Task-2,1379,0.425654194
cross_Task-2,1380,0.514612375
cross_Task-2,1381,0.514367816
cross_Task-2,1382,0.480741012
cross_Task-2,1383,0.534360479
cross_Task-2,1384,0.534788457
cross_Task-2,1385,0.517975055
cross_Task-2,1386,0.462032282
cross_Task-2,1387,0.515835168
cross_Task-2,1388,0.435619956
cross_Task-2,1389,0.465211543
cross_Task-2,1390,0.492235265
cross_Task-2,1391,0.385179751
cross_Task-2,1392,0.473098557
cross_Task-2,1393,0.537111763
cross_Task-2,1394,0.503056982
cross_Task-2,1395,0.544142822
cross_Task-2,1396,0.512900465
cross_Task-2,1397,0.535644412
cross_Task-2,1398,0.534788457
cross_Task-2,1399,0.519870384
cross_Task-2,1400,0.442651015
cross_Task-2,1401,0.464539007
cross_Task-2,1402,0.458180484
cross_Task-2,1403,0.483920274
cross_Task-2,1404,0.515223771
cross_Task-2,1405,0.424981658
cross_Task-2,1406,0.466923453
cross_Task-2,1407,0.475177305
cross_Task-2,1408,0.479885057
cross_Task-2,1409,0.490523355
cross_Task-2,1410,0.581621423
cross_Task-2,1411,0.469674737
cross_Task-2,1412,0.506664221
cross_Task-2,1413,0.437576425
cross_Task-2,1414,0.420090487
cross_Task-2,1415,0.442223037
cross_Task-2,1416,0.486916116
cross_Task-2,1417,0.497554414
cross_Task-2,1418,0.483920274
cross_Task-2,1419,0.517547078
cross_Task-2,1420,0.575629738
cross_Task-2,1421,0.498593788
cross_Task-2,1422,0.535827831
cross_Task-2,1423,0.526290046
cross_Task-2,1424,0.464966985
cross_Task-2,1425,0.530508682
cross_Task-2,1426,0.482208364
cross_Task-2,1427,0.414771338
cross_Task-2,1428,0.50519687
cross_Task-2,1429,0.52732942
cross_Task-2,1430,0.503912937
cross_Task-2,1431,0.486671558
cross_Task-2,1432,0.420946442
cross_Task-2,1433,0.485020787
cross_Task-2,1434,0.51540719
cross_Task-2,1435,0.465211543
cross_Task-2,1436,0.533749083
cross_Task-2,1437,0.475177305
cross_Task-2,1438,0.479029102
cross_Task-2,1439,0.485632184
cross_Task-2,1440,0.491623869
cross_Task-2,1441,0.54285889
cross_Task-2,1442,0.540535583
cross_Task-2,1443,0.518403033
cross_Task-2,1444,0.52567865
cross_Task-2,1445,0.530508682
cross_Task-2,1446,0.533932502
cross_Task-2,1447,0.484959648
cross_Task-2,1448,0.463499633
cross_Task-2,1449,0.606933236
cross_Task-2,1450,0.496881878
cross_Task-2,1451,0.48116899
cross_Task-2,1452,0.447542186
cross_Task-2,1453,0.481596967
cross_Task-2,1454,0.525189533
cross_Task-2,1455,0.587551969
cross_Task-2,1456,0.483308877
cross_Task-2,1457,0.553497188
cross_Task-2,1458,0.592015163
cross_Task-2,1459,0.497554414
cross_Task-2,1460,0.512227929
cross_Task-2,1461,0.509048667
cross_Task-2,1462,0.475238445
cross_Task-2,1463,0.524822695
cross_Task-2,1464,0.55313035
cross_Task-2,1465,0.496698459
cross_Task-2,1466,0.50348496
cross_Task-2,1467,0.514551235
cross_Task-2,1468,0.546099291
cross_Task-2,1469,0.535033015
cross_Task-2,1470,0.516691123
cross_Task-2,1471,0.496698459
cross_Task-2,1472,0.490278797
cross_Task-2,1473,0.492846662
cross_Task-2,1474,0.552457814
cross_Task-2,1475,0.558816337
cross_Task-2,1476,0.48630472
cross_Task-2,1477,0.455857178
cross_Task-2,1478,0.512411348
cross_Task-2,1479,0.462827097
cross_Task-2,1480,0.546955246
cross_Task-2,1481,0.516079726
cross_Task-2,1482,0.497370995
cross_Task-2,1483,0.551846417
cross_Task-2,1484,0.516691123
cross_Task-2,1485,0.457752507
cross_Task-2,1486,0.531364637
cross_Task-2,1487,0.48116899
cross_Task-2,1488,0.470347273
cross_Task-2,1489,0.503056982
cross_Task-2,1490,0.498165811
cross_Task-2,1491,0.530080704
cross_Task-2,1492,0.441367082
cross_Task-2,1493,0.516691123
cross_Task-2,1494,0.522866226
cross_Task-2,1495,0.471631206
cross_Task-2,1496,0.55991685
cross_Task-2,1497,0.487099535
cross_Task-2,1498,0.445646857
cross_Task-2,1499,0.474137931
cross_Task-2,1500,0.503729518
cross_Task-2,1501,0.520970898
cross_Task-2,1502,0.542430912
cross_Task-2,1503,0.540352164
cross_Task-2,1504,0.483064319
cross_Task-2,1505,0.567375887
cross_Task-2,1506,0.509904622
cross_Task-2,1507,0.453289313
cross_Task-2,1508,0.503729518
cross_Task-2,1509,0.45371729
cross_Task-2,1510,0.529285889
cross_Task-2,1511,0.538640254
cross_Task-2,1512,0.520114943
cross_Task-2,1513,0.474810467
cross_Task-2,1514,0.475421864
cross_Task-2,1515,0.453289313
cross_Task-2,1516,0.505869406
cross_Task-2,1517,0.4896674
cross_Task-2,1518,0.48624358
cross_Task-2,1519,0.524578136
cross_Task-2,1520,0.486488139
cross_Task-2,1521,0.525434091
cross_Task-2,1522,0.512655906
cross_Task-2,1523,0.519686965
cross_Task-2,1524,0.526718024
cross_Task-2,1525,0.504340915
cross_Task-2,1526,0.529285889
cross_Task-2,1527,0.51375642
cross_Task-2,1528,0.50862069
cross_Task-2,1529,0.435191978
cross_Task-2,1530,0.475421864
cross_Task-2,1531,0.447114209
cross_Task-2,1532,0.572878454
cross_Task-2,1533,0.503301541
cross_Task-2,1534,0.492479824
cross_Task-2,1535,0.555025679
cross_Task-2,1536,0.468390805
cross_Task-2,1537,0.548606016
cross_Task-2,1538,0.54114698
cross_Task-2,1539,0.499021766
cross_Task-2,1540,0.509232086
cross_Task-2,1541,0.441367082
cross_Task-2,1542,0.524394718
cross_Task-2,1543,0.552274395
cross_Task-2,1544,0.545854732
cross_Task-2,1545,0.542430912
cross_Task-2,1546,0.529285889
cross_Task-2,1547,0.486916116
cross_Task-2,1548,0.46239912
cross_Task-2,1549,0.418806554
cross_Task-2,1550,0.528857911
cross_Task-2,1551,0.515651749
cross_Task-2,1552,0.538212277
cross_Task-2,1553,0.518647591
cross_Task-2,1554,0.509232086
cross_Task-2,1555,0.496087063
cross_Task-2,1556,0.469919296
cross_Task-2,1557,0.479640499
cross_Task-2,1558,0.499877721
cross_Task-2,1559,0.533076547
cross_Task-2,1560,0.507336757
cross_Task-2,1561,0.47603326
cross_Task-2,1562,0.448398141
cross_Task-2,1563,0.514551235
cross_Task-2,1564,0.470530692
cross_Task-2,1565,0.537967718
cross_Task-2,1566,0.525434091
cross_Task-2,1567,0.504340915
cross_Task-2,1568,0.42987283
cross_Task-2,1569,0.475849841
cross_Task-2,1570,0.542430912
cross_Task-2,1571,0.486671558
cross_Task-2,1572,0.50690878
cross_Task-2,1573,0.502445586
cross_Task-2,1574,0.463255075
cross_Task-2,1575,0.447970164
cross_Task-2,1576,0.516263145
cross_Task-2,1577,0.496698459
cross_Task-2,1578,0.408596234
cross_Task-2,1579,0.465394962
cross_Task-2,1580,0.457569088
cross_Task-2,1581,0.504402054
cross_Task-2,1582,0.589508437
cross_Task-2,1583,0.494375153
cross_Task-2,1584,0.489056004
cross_Task-2,1585,0.574406945
cross_Task-2,1586,0.513083884
cross_Task-2,1587,0.47774517
cross_Task-2,1588,0.548178039
cross_Task-2,1589,0.507336757
cross_Task-2,1590,0.483064319
cross_Task-2,1591,0.490523355
cross_Task-2,1592,0.536683786
cross_Task-2,1593,0.475421864
cross_Task-2,1594,0.479029102
cross_Task-2,1595,0.463927611
cross_Task-2,1596,0.529285889
cross_Task-2,1597,0.46924676
cross_Task-2,1598,0.435619956
cross_Task-2,1599,0.543531426
cross_Task-2,1600,0.463499633
cross_Task-2,1601,0.47603326
cross_Task-2,1602,0.522438249
cross_Task-2,1603,0.531364637
cross_Task-2,1604,0.529469308
cross_Task-2,1605,0.537967718
cross_Task-2,1606,0.425165077
cross_Task-2,1607,0.557165566
cross_Task-2,1608,0.464783566
cross_Task-2,1609,0.475605282
cross_Task-2,1610,0.486916116
cross_Task-2,1611,0.550990462
cross_Task-2,1612,0.498593788
cross_Task-2,1613,0.537356322
cross_Task-2,1614,0.55306921
cross_Task-2,1615,0.492663243
cross_Task-2,1616,0.543103448
cross_Task-2,1617,0.52396674
cross_Task-2,1618,0.489056004
cross_Task-2,1619,0.455245781
cross_Task-2,1620,0.490951333
cross_Task-2,1621,0.485815603
cross_Task-2,1622,0.51375642
cross_Task-2,1623,0.461176327
cross_Task-2,1624,0.441367082
cross_Task-2,1625,0.526901443
cross_Task-2,1626,0.480741012
cross_Task-2,1627,0.54799462
cross_Task-2,1628,0.518219614
cross_Task-2,1629,0.538395696
cross_Task-2,1630,0.496087063
cross_Task-2,1631,0.496025923
cross_Task-2,1632,0.466923453
cross_Task-2,1633,0.541636097
cross_Task-2,1634,0.454145268
cross_Task-2,1635,0.452433358
cross_Task-2,1636,0.512655906
cross_Task-2,1637,0.536500367
cross_Task-2,1638,0.504585473
cross_Task-2,1639,0.511371974
cross_Task-2,1640,0.481352409
cross_Task-2,1641,0.480129616
cross_Task-2,1642,0.503546099
cross_Task-2,1643,0.486488139
cross_Task-2,1644,0.476522377
cross_Task-2,1645,0.524150159
cross_Task-2,1646,0.569882612
cross_Task-2,1647,0.391782832
cross_Task-2,1648,0.480129616
cross_Task-2,1649,0.537539741
cross_Task-2,1650,0.469063341
cross_Task-2,1651,0.524150159
cross_Task-2,1652,0.462643678
cross_Task-2,1653,0.518647591
cross_Task-2,1654,0.568231842
cross_Task-2,1655,0.468390805
cross_Task-2,1656,0.514123258
cross_Task-2,1657,0.52561751
cross_Task-2,1658,0.497737833
cross_Task-2,1659,0.542430912
cross_Task-2,1660,0.474993886
cross_Task-2,1661,0.459036439
cross_Task-2,1662,0.494986549
cross_Task-2,1663,0.514123258
cross_Task-2,1664,0.509476645
cross_Task-2,1665,0.552457814
cross_Task-2,1666,0.469674737
cross_Task-2,1667,0.476889215
cross_Task-2,1668,0.459464417
cross_Task-2,1669,0.508192712
cross_Task-2,1670,0.51540719
cross_Task-2,1671,0.514551235
cross_Task-2,1672,0.515223771
cross_Task-2,1673,0.530569821
cross_Task-2,1674,0.492418684
cross_Task-2,1675,0.524578136
cross_Task-2,1676,0.518219614
cross_Task-2,1677,0.474137931
cross_Task-2,1678,0.52567865
cross_Task-2,1679,0.583333333
cross_Task-2,1680,0.59586696
cross_Task-2,1681,0.47945708
cross_Task-2,1682,0.492663243
cross_Task-2,1683,0.441550501
cross_Task-2,1684,0.462215701
cross_Task-2,1685,0.549889949
cross_Task-2,1686,0.539924187
cross_Task-2,1687,0.434764001
cross_Task-2,1688,0.430728785
cross_Task-2,1689,0.503301541
cross_Task-2,1690,0.52561751
cross_Task-2,1691,0.386035706
cross_Task-2,1692,0.54628271
cross_Task-2,1693,0.442651015
cross_Task-2,1694,0.510760577
cross_Task-2,1695,0.458180484
cross_Task-2,1696,0.482024945
cross_Task-2,1697,0.49309122
cross_Task-2,1698,0.483920274
cross_Task-2,1699,0.517975055
cross_Task-2,1700,0.457569088
cross_Task-2,1701,0.542247493
cross_Task-2,1702,0.47095867
cross_Task-2,1703,0.452433358
cross_Task-2,1704,0.492418684
cross_Task-2,1705,0.50862069
cross_Task-2,1706,0.476277819
cross_Task-2,1707,0.502201027
cross_Task-2,1708,0.535033015
cross_Task-2,1709,0.48116899
cross_Task-2,1710,0.521398875
cross_Task-2,1711,0.502445586
cross_Task-2,1712,0.497126437
cross_Task-2,1713,0.464355588
cross_Task-2,1714,0.468390805
cross_Task-2,1715,0.498838347
cross_Task-2,1716,0.504157496
cross_Task-2,1717,0.499694302
cross_Task-2,1718,0.458180484
cross_Task-2,1719,0.481352409
cross_Task-2,1720,0.489850819
cross_Task-2,1721,0.53417706
cross_Task-2,1722,0.420518464
cross_Task-2,1723,0.515835168
cross_Task-2,1724,0.562912693
cross_Task-2,1725,0.480129616
cross_Task-2,1726,0.507336757
cross_Task-2,1727,0.532037173
cross_Task-2,1728,0.507948154
cross_Task-2,1729,0.571166544
cross_Task-2,1730,0.419234532
cross_Task-2,1731,0.497126437
cross_Task-2,1732,0.473709954
cross_Task-2,1733,0.540107606
cross_Task-2,1734,0.434764001
cross_Task-2,1735,0.494130594
cross_Task-2,1736,0.497554414
cross_Task-2,1737,0.497126437
cross_Task-2,1738,0.519931524
cross_Task-2,1739,0.482636341
cross_Task-2,1740,0.499021766
cross_Task-2,1741,0.47095867
cross_Task-2,1742,0.496453901
cross_Task-2,1743,0.507581316
cross_Task-2,1744,0.519258988
cross_Task-2,1745,0.493519198
cross_Task-2,1746,0.522010271
cross_Task-2,1747,0.442223037
cross_Task-2,1748,0.513939839
cross_Task-2,1749,0.46924676
cross_Task-2,1750,0.553497188
cross_Task-2,1751,0.47095867
cross_Task-2,1752,0.491134752
cross_Task-2,1753,0.512472487
cross_Task-2,1754,0.553497188
cross_Task-2,1755,0.503546099
cross_Task-2,1756,0.463927611
cross_Task-2,1757,0.574773783
cross_Task-2,1758,0.532648569
cross_Task-2,1759,0.419662509
cross_Task-2,1760,0.497982392
cross_Task-2,1761,0.569515774
cross_Task-2,1762,0.540352164
cross_Task-2,1763,0.489850819
cross_Task-2,1764,0.528429934
cross_Task-2,1765,0.507764735
cross_Task-2,1766,0.431829298
cross_Task-2,1767,0.510760577
cross_Task-2,1768,0.520970898
cross_Task-2,1769,0.468818782
cross_Task-2,1770,0.549461971
cross_Task-2,1771,0.513939839
cross_Task-2,1772,0.536683786
cross_Task-2,1773,0.48116899
cross_Task-2,1774,0.49137931
cross_Task-2,1775,0.538640254
cross_Task-2,1776,0.531181218
cross_Task-2,1777,0.521582294
cross_Task-2,1778,0.479640499
cross_Task-2,1779,0.563707508
cross_Task-2,1780,0.536683786
cross_Task-2,1781,0.458180484
cross_Task-2,1782,0.509293226
cross_Task-2,1783,0.537111763
cross_Task-2,1784,0.469674737
cross_Task-2,1785,0.516079726
cross_Task-2,1786,0.530936659
cross_Task-2,1787,0.506480802
cross_Task-2,1788,0.492479824
cross_Task-2,1789,0.508192712
cross_Task-2,1790,0.49309122
cross_Task-2,1791,0.491562729
cross_Task-2,1792,0.453533871
cross_Task-2,1793,0.514123258
cross_Task-2,1794,0.539496209
cross_Task-2,1795,0.514979213
cross_Task-2,1796,0.491134752
cross_Task-2,1797,0.472242602
cross_Task-2,1798,0.536072389
cross_Task-2,1799,0.47945708
cross_Task-2,1800,0.548606016
cross_Task-2,1801,0.500978234
cross_Task-2,1802,0.531364637
cross_Task-2,1803,0.567375887
cross_Task-2,1804,0.526473465
cross_Task-2,1805,0.572450477
cross_Task-2,1806,0.454389826
cross_Task-2,1807,0.475849841
cross_Task-2,1808,0.470714111
cross_Task-2,1809,0.497554414
cross_Task-2,1810,0.464355588
cross_Task-2,1811,0.523110785
cross_Task-2,1812,0.476889215
cross_Task-2,1813,0.446686231
cross_Task-2,1814,0.573917828
cross_Task-2,1815,0.536683786
cross_Task-2,1816,0.517975055
cross_Task-2,1817,0.56162876
cross_Task-2,1818,0.474749327
cross_Task-2,1819,0.537967718
cross_Task-2,1820,0.48453167
cross_Task-2,1821,0.447358767
cross_Task-2,1822,0.506480802
cross_Task-2,1823,0.503912937
cross_Task-2,1824,0.45371729
cross_Task-2,1825,0.476889215
cross_Task-2,1826,0.585228662
cross_Task-2,1827,0.50862069
cross_Task-2,1828,0.573734409
cross_Task-2,1829,0.52396674
cross_Task-2,1830,0.420090487
cross_Task-2,1831,0.459464417
cross_Task-2,1832,0.461787723
cross_Task-2,1833,0.508865248
cross_Task-2,1834,0.463499633
cross_Task-2,1835,0.485204206
cross_Task-2,1836,0.479885057
cross_Task-2,1837,0.56499144
cross_Task-2,1838,0.513083884
cross_Task-2,1839,0.480924431
cross_Task-2,1840,0.508192712
cross_Task-2,1841,0.534971876
cross_Task-2,1842,0.452433358
cross_Task-2,1843,0.490523355
cross_Task-2,1844,0.459892394
cross_Task-2,1845,0.507948154
cross_Task-2,1846,0.473709954
cross_Task-2,1847,0.386035706
cross_Task-2,1848,0.431156762
cross_Task-2,1849,0.548422597
cross_Task-2,1850,0.505013451
cross_Task-2,1851,0.50862069
cross_Task-2,1852,0.431156762
cross_Task-2,1853,0.485448765
cross_Task-2,1854,0.580765468
cross_Task-2,1855,0.464355588
cross_Task-2,1856,0.45371729
cross_Task-2,1857,0.463316214
cross_Task-2,1858,0.554353143
cross_Task-2,1859,0.458608462
cross_Task-2,1860,0.532220592
cross_Task-2,1861,0.52396674
cross_Task-2,1862,0.539068232
cross_Task-2,1863,0.562240157
cross_Task-2,1864,0.481352409
cross_Task-2,1865,0.526473465
cross_Task-2,1866,0.511799951
cross_Task-2,1867,0.480313035
cross_Task-2,1868,0.52561751
cross_Task-2,1869,0.447970164
cross_Task-2,1870,0.514367816
cross_Task-2,1871,0.50862069
cross_Task-2,1872,0.468635363
cross_Task-2,1873,0.502629005
cross_Task-2,1874,0.454817804
cross_Task-2,1875,0.496943018
cross_Task-2,1876,0.532220592
cross_Task-2,1877,0.491623869
cross_Task-2,1878,0.536500367
cross_Task-2,1879,0.442223037
cross_Task-2,1880,0.515835168
cross_Task-2,1881,0.576913671
cross_Task-2,1882,0.432868672
cross_Task-2,1883,0.552702372
cross_Task-2,1884,0.486488139
cross_Task-2,1885,0.503118122
cross_Task-2,1886,0.434336023
cross_Task-2,1887,0.620322817
cross_Task-2,1888,0.501834189
cross_Task-2,1889,0.518647591
cross_Task-2,1890,0.452433358
cross_Task-2,1891,0.458180484
cross_Task-2,1892,0.503056982
cross_Task-2,1893,0.520726339
cross_Task-2,1894,0.475421864
cross_Task-2,1895,0.462643678
cross_Task-2,1896,0.511371974
cross_Task-2,1897,0.502017608
cross_Task-2,1898,0.508437271
cross_Task-2,1899,0.589508437
cross_Task-2,1900,0.543714845
cross_Task-2,1901,0.521826853
cross_Task-2,1902,0.531364637
cross_Task-2,1903,0.492418684
cross_Task-2,1904,0.512227929
cross_Task-2,1905,0.475421864
cross_Task-2,1906,0.553497188
cross_Task-2,1907,0.548178039
cross_Task-2,1908,0.50690878
cross_Task-2,1909,0.446686231
cross_Task-2,1910,0.550134507
cross_Task-2,1911,0.468390805
cross_Task-2,1912,0.496881878
cross_Task-2,1913,0.504340915
cross_Task-2,1914,0.477989729
cross_Task-2,1915,0.532037173
cross_Task-2,1916,0.504157496
cross_Task-2,1917,0.519686965
cross_Task-2,1918,0.539496209
cross_Task-2,1919,0.463744192
cross_Task-2,1920,0.463499633
cross_Task-2,1921,0.553925165
cross_Task-2,1922,0.487099535
cross_Task-2,1923,0.535644412
cross_Task-2,1924,0.482269504
cross_Task-2,1925,0.510943996
cross_Task-2,1926,0.498410369
cross_Task-2,1927,0.528001956
cross_Task-2,1928,0.464539007
cross_Task-2,1929,0.5445708
cross_Task-2,1930,0.464355588
cross_Task-2,1931,0.501161653
cross_Task-2,1932,0.514123258
cross_Task-2,1933,0.495231108
cross_Task-2,1934,0.4896674
cross_Task-2,1935,0.48624358
cross_Task-2,1936,0.498165811
cross_Task-2,1937,0.508376131
cross_Task-2,1938,0.401993152
cross_Task-2,1939,0.530997799
cross_Task-2,1940,0.469491318
cross_Task-2,1941,0.447970164
cross_Task-2,1942,0.456896552
cross_Task-2,1943,0.46924676
cross_Task-2,1944,0.456896552
cross_Task-2,1945,0.572450477
cross_Task-2,1946,0.545671313
cross_Task-2,1947,0.44350697
cross_Task-2,1948,0.46924676
cross_Task-2,1949,0.529713866
cross_Task-2,1950,0.536255808
cross_Task-2,1951,0.513939839
cross_Task-2,1952,0.516263145
cross_Task-2,1953,0.463744192
cross_Task-2,1954,0.432012717
cross_Task-2,1955,0.491134752
cross_Task-2,1956,0.523538763
cross_Task-2,1957,0.470102715
cross_Task-2,1958,0.536072389
cross_Task-2,1959,0.514795794
cross_Task-2,1960,0.541574957
cross_Task-2,1961,0.475849841
cross_Task-2,1962,0.519442406
cross_Task-2,1963,0.517791636
cross_Task-2,1964,0.497554414
cross_Task-2,1965,0.443934947
cross_Task-2,1966,0.536316948
cross_Task-2,1967,0.509293226
cross_Task-2,1968,0.536928344
cross_Task-2,1969,0.453900709
cross_Task-2,1970,0.566091954
cross_Task-2,1971,0.535216434
cross_Task-2,1972,0.553497188
cross_Task-2,1973,0.470286134
cross_Task-2,1974,0.51883101
cross_Task-2,1975,0.446258254
cross_Task-2,1976,0.526290046
cross_Task-2,1977,0.475421864
cross_Task-2,1978,0.590975789
cross_Task-2,1979,0.495842504
cross_Task-2,1980,0.481841526
cross_Task-2,1981,0.480496454
cross_Task-2,1982,0.491623869
cross_Task-2,1983,0.512472487
cross_Task-2,1984,0.518403033
cross_Task-2,1985,0.522682808
cross_Task-2,1986,0.531609195
cross_Task-2,1987,0.486916116
cross_Task-2,1988,0.538823673
cross_Task-2,1989,0.48116899
cross_Task-2,1990,0.465639521
cross_Task-2,1991,0.479212521
cross_Task-2,1992,0.51540719
cross_Task-2,1993,0.537539741
cross_Task-2,1994,0.535827831
cross_Task-2,1995,0.511371974
cross_Task-2,1996,0.453289313
cross_Task-2,1997,0.514979213
cross_Task-2,1998,0.545854732
cross_Task-2,1999,0.491134752
cross_Pooled,1,0.508207071
cross_Pooled,2,0.575820707
cross_Pooled,3,0.491856061
cross_Pooled,4,0.540151515
cross_Pooled,5,0.528219697
cross_Pooled,6,0.509343434
cross_Pooled,7,0.48895202
cross_Pooled,8,0.558964646
cross_Pooled,9,0.539141414
cross_Pooled,10,0.530934343
cross_Pooled,11,0.53415404
cross_Pooled,12,0.497348485
cross_Pooled,13,0.474747475
cross_Pooled,14,0.466414141
cross_Pooled,15,0.514141414
cross_Pooled,16,0.477588384
cross_Pooled,17,0.498989899
cross_Pooled,18,0.494949495
cross_Pooled,19,0.522537879
cross_Pooled,20,0.477651515
cross_Pooled,21,0.52834596
cross_Pooled,22,0.475378788
cross_Pooled,23,0.506565657
cross_Pooled,24,0.466540404
cross_Pooled,25,0.55145202
cross_Pooled,26,0.486174242
cross_Pooled,27,0.491540404
cross_Pooled,28,0.506186869
cross_Pooled,29,0.5
cross_Pooled,30,0.493813131
cross_Pooled,31,0.500441919
cross_Pooled,32,0.497285354
cross_Pooled,33,0.522664141
cross_Pooled,34,0.514457071
cross_Pooled,35,0.516919192
cross_Pooled,36,0.48604798
cross_Pooled,37,0.545265152
cross_Pooled,38,0.505997475
cross_Pooled,39,0.480618687
cross_Pooled,40,0.474873737
cross_Pooled,41,0.444002525
cross_Pooled,42,0.483522727
cross_Pooled,43,0.508901515
cross_Pooled,44,0.496843434
cross_Pooled,45,0.500315657
cross_Pooled,46,0.562247475
cross_Pooled,47,0.514267677
cross_Pooled,48,0.528724747
cross_Pooled,49,0.491792929
cross_Pooled,50,0.534090909
cross_Pooled,51,0.491666667
cross_Pooled,52,0.488888889
cross_Pooled,53,0.465656566
cross_Pooled,54,0.505429293
cross_Pooled,55,0.494128788
cross_Pooled,56,0.558901515
cross_Pooled,57,0.519949495
cross_Pooled,58,0.491856061
cross_Pooled,59,0.444002525
cross_Pooled,60,0.512436869
cross_Pooled,61,0.505744949
cross_Pooled,62,0.497285354
cross_Pooled,63,0.471843434
cross_Pooled,64,0.545265152
cross_Pooled,65,0.519823232
cross_Pooled,66,0.537436869
cross_Pooled,67,0.519949495
cross_Pooled,68,0.454545455
cross_Pooled,69,0.48364899
cross_Pooled,70,0.530997475
cross_Pooled,71,0.501957071
cross_Pooled,72,0.488510101
cross_Pooled,73,0.44665404
cross_Pooled,74,0.519760101
cross_Pooled,75,0.514330808
cross_Pooled,76,0.437878788
cross_Pooled,77,0.514330808
cross_Pooled,78,0.511616162
cross_Pooled,79,0.486300505
cross_Pooled,80,0.50530303
cross_Pooled,81,0.483585859
cross_Pooled,82,0.497159091
cross_Pooled,83,0.474684343
cross_Pooled,84,0.514267677
cross_Pooled,85,0.480744949
cross_Pooled,86,0.545454545
cross_Pooled,87,0.516982323
cross_Pooled,88,0.466224747
cross_Pooled,89,0.466540404
cross_Pooled,90,0.495770202
cross_Pooled,91,0.494255051
cross_Pooled,92,0.491161616
cross_Pooled,93,0.48844697
cross_Pooled,94,0.519949495
cross_Pooled,95,0.505050505
cross_Pooled,96,0.483080808
cross_Pooled,97,0.5
cross_Pooled,98,0.489078283
cross_Pooled,99,0.539330808
cross_Pooled,100,0.478409091
cross_Pooled,101,0.474684343
cross_Pooled,102,0.531944444
cross_Pooled,103,0.516477273
cross_Pooled,104,0.474873737
cross_Pooled,105,0.539583333
cross_Pooled,106,0.45770202
cross_Pooled,107,0.497664141
cross_Pooled,108,0.497159091
cross_Pooled,109,0.508901515
cross_Pooled,110,0.528156566
cross_Pooled,111,0.490972222
cross_Pooled,112,0.469570707
cross_Pooled,113,0.458143939
cross_Pooled,114,0.489078283
cross_Pooled,115,0.49709596
cross_Pooled,116,0.525820707
cross_Pooled,117,0.511742424
cross_Pooled,118,0.485353535
cross_Pooled,119,0.508585859
cross_Pooled,120,0.483143939
cross_Pooled,121,0.508522727
cross_Pooled,122,0.500315657
cross_Pooled,123,0.448989899
cross_Pooled,124,0.539583333
cross_Pooled,125,0.483017677
cross_Pooled,126,0.511426768
cross_Pooled,127,0.502967172
cross_Pooled,128,0.48364899
cross_Pooled,129,0.485795455
cross_Pooled,130,0.525189394
cross_Pooled,131,0.505934343
cross_Pooled,132,0.551388889
cross_Pooled,133,0.486237374
cross_Pooled,134,0.519570707
cross_Pooled,135,0.471906566
cross_Pooled,136,0.503661616
cross_Pooled,137,0.492045455
cross_Pooled,138,0.517550505
cross_Pooled,139,0.53655303
cross_Pooled,140,0.536868687
cross_Pooled,141,0.514267677
cross_Pooled,142,0.511489899
cross_Pooled,143,0.534090909
cross_Pooled,144,0.486237374
cross_Pooled,145,0.491666667
cross_Pooled,146,0.460542929
cross_Pooled,147,0.473106061
cross_Pooled,148,0.536489899
cross_Pooled,149,0.522916667
cross_Pooled,150,0.503598485
cross_Pooled,151,0.491666667
cross_Pooled,152,0.508459596
cross_Pooled,153,0.488888889
cross_Pooled,154,0.443560606
cross_Pooled,155,0.525441919
cross_Pooled,156,0.53459596
cross_Pooled,157,0.517234848
cross_Pooled,158,0.517487374
cross_Pooled,159,0.491856061
cross_Pooled,160,0.497348485
cross_Pooled,161,0.475
cross_Pooled,162,0.528219697
cross_Pooled,163,0.528156566
cross_Pooled,164,0.470012626
cross_Pooled,165,0.477588384
cross_Pooled,166,0.508712121
cross_Pooled,167,0.469128788
cross_Pooled,168,0.452209596
cross_Pooled,169,0.505429293
cross_Pooled,170,0.511805556
cross_Pooled,171,0.511174242
cross_Pooled,172,0.480429293
cross_Pooled,173,0.480050505
cross_Pooled,174,0.477209596
cross_Pooled,175,0.48219697
cross_Pooled,176,0.485795455
cross_Pooled,177,0.499873737
cross_Pooled,178,0.509911616
cross_Pooled,179,0.468813131
cross_Pooled,180,0.491666667
cross_Pooled,181,0.567550505
cross_Pooled,182,0.508207071
cross_Pooled,183,0.497664141
cross_Pooled,184,0.539330808
cross_Pooled,185,0.52790404
cross_Pooled,186,0.49665404
cross_Pooled,187,0.460542929
cross_Pooled,188,0.47979798
cross_Pooled,189,0.510795455
cross_Pooled,190,0.495391414
cross_Pooled,191,0.500063131
cross_Pooled,192,0.452083333
cross_Pooled,193,0.494949495
cross_Pooled,194,0.466856061
cross_Pooled,195,0.485542929
cross_Pooled,196,0.536489899
cross_Pooled,197,0.460795455
cross_Pooled,198,0.499936869
cross_Pooled,199,0.542171717
cross_Pooled,200,0.49135101
cross_Pooled,201,0.51395202
cross_Pooled,202,0.44375
cross_Pooled,203,0.520012626
cross_Pooled,204,0.468686869
cross_Pooled,205,0.500063131
cross_Pooled,206,0.496527778
cross_Pooled,207,0.474558081
cross_Pooled,208,0.51104798
cross_Pooled,209,0.491982323
cross_Pooled,210,0.486300505
cross_Pooled,211,0.503156566
cross_Pooled,212,0.553661616
cross_Pooled,213,0.477272727
cross_Pooled,214,0.50290404
cross_Pooled,215,0.478409091
cross_Pooled,216,0.497348485
cross_Pooled,217,0.452651515
cross_Pooled,218,0.472222222
cross_Pooled,219,0.522664141
cross_Pooled,220,0.497159091
cross_Pooled,221,0.519886364
cross_Pooled,222,0.481881313
cross_Pooled,223,0.485921717
cross_Pooled,224,0.466540404
cross_Pooled,225,0.460542929
cross_Pooled,226,0.550883838
cross_Pooled,227,0.519949495
cross_Pooled,228,0.489835859
cross_Pooled,229,0.51635101
cross_Pooled,230,0.519444444
cross_Pooled,231,0.500126263
cross_Pooled,232,0.48364899
cross_Pooled,233,0.469255051
cross_Pooled,234,0.479924242
cross_Pooled,235,0.5
cross_Pooled,236,0.486742424
cross_Pooled,237,0.508522727
cross_Pooled,238,0.488699495
cross_Pooled,239,0.511426768
cross_Pooled,240,0.50864899
cross_Pooled,241,0.516540404
cross_Pooled,242,0.528030303
cross_Pooled,243,0.519760101
cross_Pooled,244,0.457891414
cross_Pooled,245,0.477020202
cross_Pooled,246,0.471780303
cross_Pooled,247,0.489141414
cross_Pooled,248,0.564772727
cross_Pooled,249,0.491477273
cross_Pooled,250,0.511111111
cross_Pooled,251,0.466729798
cross_Pooled,252,0.469065657
cross_Pooled,253,0.489015152
cross_Pooled,254,0.545138889
cross_Pooled,255,0.486300505
cross_Pooled,256,0.516982323
cross_Pooled,257,0.494570707
cross_Pooled,258,0.480050505
cross_Pooled,259,0.448863636
cross_Pooled,260,0.485921717
cross_Pooled,261,0.491477273
cross_Pooled,262,0.486363636
cross_Pooled,263,0.511616162
cross_Pooled,264,0.491729798
cross_Pooled,265,0.502967172
cross_Pooled,266,0.528409091
cross_Pooled,267,0.466161616
cross_Pooled,268,0.508143939
cross_Pooled,269,0.508333333
cross_Pooled,270,0.454861111
cross_Pooled,271,0.496527778
cross_Pooled,272,0.494318182
cross_Pooled,273,0.489015152
cross_Pooled,274,0.527777778
cross_Pooled,275,0.505997475
cross_Pooled,276,0.528787879
cross_Pooled,277,0.485669192
cross_Pooled,278,0.516982323
cross_Pooled,279,0.517045455
cross_Pooled,280,0.472159091
cross_Pooled,281,0.488825758
cross_Pooled,282,0.508712121
cross_Pooled,283,0.497727273
cross_Pooled,284,0.514457071
cross_Pooled,285,0.489078283
cross_Pooled,286,0.485921717
cross_Pooled,287,0.503093434
cross_Pooled,288,0.463636364
cross_Pooled,289,0.455113636
cross_Pooled,290,0.511868687
cross_Pooled,291,0.52260101
cross_Pooled,292,0.547537879
cross_Pooled,293,0.517108586
cross_Pooled,294,0.52020202
cross_Pooled,295,0.514457071
cross_Pooled,296,0.474684343
cross_Pooled,297,0.475378788
cross_Pooled,298,0.50334596
cross_Pooled,299,0.522853535
cross_Pooled,300,0.474747475
cross_Pooled,301,0.545012626
cross_Pooled,302,0.508396465
cross_Pooled,303,0.472348485
cross_Pooled,304,0.531060606
cross_Pooled,305,0.484280303
cross_Pooled,306,0.53415404
cross_Pooled,307,0.483143939
cross_Pooled,308,0.553535354
cross_Pooled,309,0.489078283
cross_Pooled,310,0.513573232
cross_Pooled,311,0.491666667
cross_Pooled,312,0.469507576
cross_Pooled,313,0.508522727
cross_Pooled,314,0.485479798
cross_Pooled,315,0.517108586
cross_Pooled,316,0.514457071
cross_Pooled,317,0.517171717
cross_Pooled,318,0.511805556
cross_Pooled,319,0.448800505
cross_Pooled,320,0.460416667
cross_Pooled,321,0.505618687
cross_Pooled,322,0.494255051
cross_Pooled,323,0.497159091
cross_Pooled,324,0.556186869
cross_Pooled,325,0.530934343
cross_Pooled,326,0.460479798
cross_Pooled,327,0.495770202
cross_Pooled,328,0.567550505
cross_Pooled,329,0.519507576
cross_Pooled,330,0.463383838
cross_Pooled,331,0.444318182
cross_Pooled,332,0.455239899
cross_Pooled,333,0.463573232
cross_Pooled,334,0.457638889
cross_Pooled,335,0.488068182
cross_Pooled,336,0.483333333
cross_Pooled,337,0.498737374
cross_Pooled,338,0.474431818
cross_Pooled,339,0.502840909
cross_Pooled,340,0.53655303
cross_Pooled,341,0.505871212
cross_Pooled,342,0.530681818
cross_Pooled,343,0.519760101
cross_Pooled,344,0.499873737
cross_Pooled,345,0.483143939
cross_Pooled,346,0.468623737
cross_Pooled,347,0.495643939
cross_Pooled,348,0.505492424
cross_Pooled,349,0.480681818
cross_Pooled,350,0.460416667
cross_Pooled,351,0.508080808
cross_Pooled,352,0.531123737
cross_Pooled,353,0.505744949
cross_Pooled,354,0.485858586
cross_Pooled,355,0.494065657
cross_Pooled,356,0.531123737
cross_Pooled,357,0.474684343
cross_Pooled,358,0.514330808
cross_Pooled,359,0.511237374
cross_Pooled,360,0.468308081
cross_Pooled,361,0.483333333
cross_Pooled,362,0.500505051
cross_Pooled,363,0.536426768
cross_Pooled,364,0.472159091
cross_Pooled,365,0.505618687
cross_Pooled,366,0.463699495
cross_Pooled,367,0.471590909
cross_Pooled,368,0.52885101
cross_Pooled,369,0.505681818
cross_Pooled,370,0.51155303
cross_Pooled,371,0.514015152
cross_Pooled,372,0.486174242
cross_Pooled,373,0.527967172
cross_Pooled,374,0.517487374
cross_Pooled,375,0.489015152
cross_Pooled,376,0.491477273
cross_Pooled,377,0.47739899
cross_Pooled,378,0.497348485
cross_Pooled,379,0.482765152
cross_Pooled,380,0.494570707
cross_Pooled,381,0.487184343
cross_Pooled,382,0.505050505
cross_Pooled,383,0.494949495
cross_Pooled,384,0.508080808
cross_Pooled,385,0.458080808
cross_Pooled,386,0.506186869
cross_Pooled,387,0.472790404
cross_Pooled,388,0.494191919
cross_Pooled,389,0.486742424
cross_Pooled,390,0.480492424
cross_Pooled,391,0.508333333
cross_Pooled,392,0.511426768
cross_Pooled,393,0.474810606
cross_Pooled,394,0.544823232
cross_Pooled,395,0.463383838
cross_Pooled,396,0.536742424
cross_Pooled,397,0.506186869
cross_Pooled,398,0.488762626
cross_Pooled,399,0.522411616
cross_Pooled,400,0.542171717
cross_Pooled,401,0.551136364
cross_Pooled,402,0.474621212
cross_Pooled,403,0.528598485
cross_Pooled,404,0.529482323
cross_Pooled,405,0.465593434
cross_Pooled,406,0.500568182
cross_Pooled,407,0.486489899
cross_Pooled,408,0.45239899
cross_Pooled,409,0.51969697
cross_Pooled,410,0.480492424
cross_Pooled,411,0.49135101
cross_Pooled,412,0.516540404
cross_Pooled,413,0.494760101
cross_Pooled,414,0.475126263
cross_Pooled,415,0.51395202
cross_Pooled,416,0.483459596
cross_Pooled,417,0.508775253
cross_Pooled,418,0.486426768
cross_Pooled,419,0.494002525
cross_Pooled,420,0.497032828
cross_Pooled,421,0.469318182
cross_Pooled,422,0.565656566
cross_Pooled,423,0.525441919
cross_Pooled,424,0.470391414
cross_Pooled,425,0.530934343
cross_Pooled,426,0.511300505
cross_Pooled,427,0.481755051
cross_Pooled,428,0.547916667
cross_Pooled,429,0.50864899
cross_Pooled,430,0.491540404
cross_Pooled,431,0.474494949
cross_Pooled,432,0.522537879
cross_Pooled,433,0.500189394
cross_Pooled,434,0.503409091
cross_Pooled,435,0.466287879
cross_Pooled,436,0.496780303
cross_Pooled,437,0.496780303
cross_Pooled,438,0.488888889
cross_Pooled,439,0.528093434
cross_Pooled,440,0.525568182
cross_Pooled,441,0.525441919
cross_Pooled,442,0.547979798
cross_Pooled,443,0.516919192
cross_Pooled,444,0.508143939
cross_Pooled,445,0.502777778
cross_Pooled,446,0.463825758
cross_Pooled,447,0.475505051
cross_Pooled,448,0.53364899
cross_Pooled,449,0.505492424
cross_Pooled,450,0.513005051
cross_Pooled,451,0.505492424
cross_Pooled,452,0.536426768
cross_Pooled,453,0.477588384
cross_Pooled,454,0.485606061
cross_Pooled,455,0.483712121
cross_Pooled,456,0.474558081
cross_Pooled,457,0.484974747
cross_Pooled,458,0.491161616
cross_Pooled,459,0.51155303
cross_Pooled,460,0.516856061
cross_Pooled,461,0.522664141
cross_Pooled,462,0.570391414
cross_Pooled,463,0.454229798
cross_Pooled,464,0.47790404
cross_Pooled,465,0.55915404
cross_Pooled,466,0.530618687
cross_Pooled,467,0.491477273
cross_Pooled,468,0.488573232
cross_Pooled,469,0.530744949
cross_Pooled,470,0.499873737
cross_Pooled,471,0.505492424
cross_Pooled,472,0.504861111
cross_Pooled,473,0.452209596
cross_Pooled,474,0.536489899
cross_Pooled,475,0.542676768
cross_Pooled,476,0.497348485
cross_Pooled,477,0.528219697
cross_Pooled,478,0.421212121
cross_Pooled,479,0.477335859
cross_Pooled,480,0.490782828
cross_Pooled,481,0.522285354
cross_Pooled,482,0.536805556
cross_Pooled,483,0.496401515
cross_Pooled,484,0.471717172
cross_Pooled,485,0.519255051
cross_Pooled,486,0.511363636
cross_Pooled,487,0.471969697
cross_Pooled,488,0.466414141
cross_Pooled,489,0.522474747
cross_Pooled,490,0.483333333
cross_Pooled,491,0.49709596
cross_Pooled,492,0.471717172
cross_Pooled,493,0.492045455
cross_Pooled,494,0.520265152
cross_Pooled,495,0.475126263
cross_Pooled,496,0.489078283
cross_Pooled,497,0.560037879
cross_Pooled,498,0.494002525
cross_Pooled,499,0.466414141
cross_Pooled,500,0.483585859
cross_Pooled,501,0.48604798
cross_Pooled,502,0.502714646
cross_Pooled,503,0.491856061
cross_Pooled,504,0.479987374
cross_Pooled,505,0.514393939
cross_Pooled,506,0.474810606
cross_Pooled,507,0.500126263
cross_Pooled,508,0.489141414
cross_Pooled,509,0.427020202
cross_Pooled,510,0.494318182
cross_Pooled,511,0.522411616
cross_Pooled,512,0.449305556
cross_Pooled,513,0.497032828
cross_Pooled,514,0.496338384
cross_Pooled,515,0.463762626
cross_Pooled,516,0.464520202
cross_Pooled,517,0.488888889
cross_Pooled,518,0.419760101
cross_Pooled,519,0.537563131
cross_Pooled,520,0.508522727
cross_Pooled,521,0.511363636
cross_Pooled,522,0.530744949
cross_Pooled,523,0.497348485
cross_Pooled,524,0.488762626
cross_Pooled,525,0.482512626
cross_Pooled,526,0.551073232
cross_Pooled,527,0.446906566
cross_Pooled,528,0.460858586
cross_Pooled,529,0.511489899
cross_Pooled,530,0.464393939
cross_Pooled,531,0.522537879
cross_Pooled,532,0.527967172
cross_Pooled,533,0.503030303
cross_Pooled,534,0.539709596
cross_Pooled,535,0.533775253
cross_Pooled,536,0.455492424
cross_Pooled,537,0.463636364
cross_Pooled,538,0.511237374
cross_Pooled,539,0.479671717
cross_Pooled,540,0.542361111
cross_Pooled,541,0.50290404
cross_Pooled,542,0.505618687
cross_Pooled,543,0.508901515
cross_Pooled,544,0.46635101
cross_Pooled,545,0.531313131
cross_Pooled,546,0.513888889
cross_Pooled,547,0.517361111
cross_Pooled,548,0.499936869
cross_Pooled,549,0.531186869
cross_Pooled,550,0.508333333
cross_Pooled,551,0.515214646
cross_Pooled,552,0.513699495
cross_Pooled,553,0.474747475
cross_Pooled,554,0.511174242
cross_Pooled,555,0.502840909
cross_Pooled,556,0.528977273
cross_Pooled,557,0.497474747
cross_Pooled,558,0.525694444
cross_Pooled,559,0.517108586
cross_Pooled,560,0.53125
cross_Pooled,561,0.480113636
cross_Pooled,562,0.495138889
cross_Pooled,563,0.50864899
cross_Pooled,564,0.480239899
cross_Pooled,565,0.511616162
cross_Pooled,566,0.51344697
cross_Pooled,567,0.519886364
cross_Pooled,568,0.454734848
cross_Pooled,569,0.539204545
cross_Pooled,570,0.516982323
cross_Pooled,571,0.511994949
cross_Pooled,572,0.466729798
cross_Pooled,573,0.469318182
cross_Pooled,574,0.494633838
cross_Pooled,575,0.464204545
cross_Pooled,576,0.514393939
cross_Pooled,577,0.514520202
cross_Pooled,578,0.47739899
cross_Pooled,579,0.468939394
cross_Pooled,580,0.564330808
cross_Pooled,581,0.511616162
cross_Pooled,582,0.525505051
cross_Pooled,583,0.502967172
cross_Pooled,584,0.525252525
cross_Pooled,585,0.46540404
cross_Pooled,586,0.511174242
cross_Pooled,587,0.463131313
cross_Pooled,588,0.528030303
cross_Pooled,589,0.513825758
cross_Pooled,590,0.447032828
cross_Pooled,591,0.499305556
cross_Pooled,592,0.494570707
cross_Pooled,593,0.483333333
cross_Pooled,594,0.494381313
cross_Pooled,595,0.497411616
cross_Pooled,596,0.522979798
cross_Pooled,597,0.505808081
cross_Pooled,598,0.530681818
cross_Pooled,599,0.486111111
cross_Pooled,600,0.502714646
cross_Pooled,601,0.516477273
cross_Pooled,602,0.486111111
cross_Pooled,603,0.528156566
cross_Pooled,604,0.511931818
cross_Pooled,605,0.508270202
cross_Pooled,606,0.500126263
cross_Pooled,607,0.483270202
cross_Pooled,608,0.522411616
cross_Pooled,609,0.547790404
cross_Pooled,610,0.545328283
cross_Pooled,611,0.494507576
cross_Pooled,612,0.505871212
cross_Pooled,613,0.561931818
cross_Pooled,614,0.480681818
cross_Pooled,615,0.482891414
cross_Pooled,616,0.486111111
cross_Pooled,617,0.471843434
cross_Pooled,618,0.494002525
cross_Pooled,619,0.564962121
cross_Pooled,620,0.488825758
cross_Pooled,621,0.466414141
cross_Pooled,622,0.536489899
cross_Pooled,623,0.511300505
cross_Pooled,624,0.525883838
cross_Pooled,625,0.480555556
cross_Pooled,626,0.494570707
cross_Pooled,627,0.502777778
cross_Pooled,628,0.533017677
cross_Pooled,629,0.487626263
cross_Pooled,630,0.508396465
cross_Pooled,631,0.497916667
cross_Pooled,632,0.497474747
cross_Pooled,633,0.505618687
cross_Pooled,634,0.499684343
cross_Pooled,635,0.482828283
cross_Pooled,636,0.497411616
cross_Pooled,637,0.528598485
cross_Pooled,638,0.49135101
cross_Pooled,639,0.516919192
cross_Pooled,640,0.499368687
cross_Pooled,641,0.562058081
cross_Pooled,642,0.500063131
cross_Pooled,643,0.517424242
cross_Pooled,644,0.514772727
cross_Pooled,645,0.494886364
cross_Pooled,646,0.435479798
cross_Pooled,647,0.494633838
cross_Pooled,648,0.480113636
cross_Pooled,649,0.488699495
cross_Pooled,650,0.500441919
cross_Pooled,651,0.489267677
cross_Pooled,652,0.508270202
cross_Pooled,653,0.536237374
cross_Pooled,654,0.508080808
cross_Pooled,655,0.51104798
cross_Pooled,656,0.549747475
cross_Pooled,657,0.539393939
cross_Pooled,658,0.542866162
cross_Pooled,659,0.46635101
cross_Pooled,660,0.480681818
cross_Pooled,661,0.539267677
cross_Pooled,662,0.474305556
cross_Pooled,663,0.483396465
cross_Pooled,664,0.534027778
cross_Pooled,665,0.48895202
cross_Pooled,666,0.465530303
cross_Pooled,667,0.54280303
cross_Pooled,668,0.505997475
cross_Pooled,669,0.452272727
cross_Pooled,670,0.458396465
cross_Pooled,671,0.505681818
cross_Pooled,672,0.500505051
cross_Pooled,673,0.536111111
cross_Pooled,674,0.500315657
cross_Pooled,675,0.535669192
cross_Pooled,676,0.483017677
cross_Pooled,677,0.522664141
cross_Pooled,678,0.506439394
cross_Pooled,679,0.533964646
cross_Pooled,680,0.503030303
cross_Pooled,681,0.480555556
cross_Pooled,682,0.45770202
cross_Pooled,683,0.54520202
cross_Pooled,684,0.517045455
cross_Pooled,685,0.51969697
cross_Pooled,686,0.539393939
cross_Pooled,687,0.469128788
cross_Pooled,688,0.539393939
cross_Pooled,689,0.500126263
cross_Pooled,690,0.469065657
cross_Pooled,691,0.503030303
cross_Pooled,692,0.533838384
cross_Pooled,693,0.548674242
cross_Pooled,694,0.491414141
cross_Pooled,695,0.494633838
cross_Pooled,696,0.479924242
cross_Pooled,697,0.489078283
cross_Pooled,698,0.503409091
cross_Pooled,699,0.508901515
cross_Pooled,700,0.452020202
cross_Pooled,701,0.505681818
cross_Pooled,702,0.482891414
cross_Pooled,703,0.461174242
cross_Pooled,704,0.570138889
cross_Pooled,705,0.547853535
cross_Pooled,706,0.511489899
cross_Pooled,707,0.478219697
cross_Pooled,708,0.455429293
cross_Pooled,709,0.536931818
cross_Pooled,710,0.494507576
cross_Pooled,711,0.547916667
cross_Pooled,712,0.485858586
cross_Pooled,713,0.500063131
cross_Pooled,714,0.499558081
cross_Pooled,715,0.501199495
cross_Pooled,716,0.485858586
cross_Pooled,717,0.478219697
cross_Pooled,718,0.538636364
cross_Pooled,719,0.506186869
cross_Pooled,720,0.449558081
cross_Pooled,721,0.525315657
cross_Pooled,722,0.450063131
cross_Pooled,723,0.517234848
cross_Pooled,724,0.486300505
cross_Pooled,725,0.516540404
cross_Pooled,726,0.494381313
cross_Pooled,727,0.486237374
cross_Pooled,728,0.475063131
cross_Pooled,729,0.474810606
cross_Pooled,730,0.477777778
cross_Pooled,731,0.533775253
cross_Pooled,732,0.494570707
cross_Pooled,733,0.486742424
cross_Pooled,734,0.519633838
cross_Pooled,735,0.48655303
cross_Pooled,736,0.539520202
cross_Pooled,737,0.491540404
cross_Pooled,738,0.538825758
cross_Pooled,739,0.522853535
cross_Pooled,740,0.45479798
cross_Pooled,741,0.486363636
cross_Pooled,742,0.48895202
cross_Pooled,743,0.480492424
cross_Pooled,744,0.48270202
cross_Pooled,745,0.485984848
cross_Pooled,746,0.522727273
cross_Pooled,747,0.477525253
cross_Pooled,748,0.460858586
cross_Pooled,749,0.528030303
cross_Pooled,750,0.523358586
cross_Pooled,751,0.482954545
cross_Pooled,752,0.525189394
cross_Pooled,753,0.46635101
cross_Pooled,754,0.489267677
cross_Pooled,755,0.475126263
cross_Pooled,756,0.497790404
cross_Pooled,757,0.496969697
cross_Pooled,758,0.508838384
cross_Pooled,759,0.54760101
cross_Pooled,760,0.488825758
cross_Pooled,761,0.505871212
cross_Pooled,762,0.494633838
cross_Pooled,763,0.510037879
cross_Pooled,764,0.477272727
cross_Pooled,765,0.519760101
cross_Pooled,766,0.48604798
cross_Pooled,767,0.525378788
cross_Pooled,768,0.514141414
cross_Pooled,769,0.472159091
cross_Pooled,770,0.494065657
cross_Pooled,771,0.537184343
cross_Pooled,772,0.558775253
cross_Pooled,773,0.488636364
cross_Pooled,774,0.47405303
cross_Pooled,775,0.506628788
cross_Pooled,776,0.463257576
cross_Pooled,777,0.483712121
cross_Pooled,778,0.514772727
cross_Pooled,779,0.477335859
cross_Pooled,780,0.511489899
cross_Pooled,781,0.473926768
cross_Pooled,782,0.525315657
cross_Pooled,783,0.488762626
cross_Pooled,784,0.47790404
cross_Pooled,785,0.500252525
cross_Pooled,786,0.460795455
cross_Pooled,787,0.505492424
cross_Pooled,788,0.486363636
cross_Pooled,789,0.503156566
cross_Pooled,790,0.485542929
cross_Pooled,791,0.500378788
cross_Pooled,792,0.542171717
cross_Pooled,793,0.536805556
cross_Pooled,794,0.536363636
cross_Pooled,795,0.49375
cross_Pooled,796,0.508522727
cross_Pooled,797,0.485669192
cross_Pooled,798,0.519760101
cross_Pooled,799,0.485669192
cross_Pooled,800,0.515151515
cross_Pooled,801,0.517045455
cross_Pooled,802,0.451325758
cross_Pooled,803,0.485669192
cross_Pooled,804,0.51969697
cross_Pooled,805,0.486111111
cross_Pooled,806,0.559406566
cross_Pooled,807,0.511363636
cross_Pooled,808,0.520075758
cross_Pooled,809,0.488888889
cross_Pooled,810,0.508775253
cross_Pooled,811,0.472159091
cross_Pooled,812,0.530744949
cross_Pooled,813,0.514267677
cross_Pooled,814,0.513888889
cross_Pooled,815,0.466603535
cross_Pooled,816,0.528093434
cross_Pooled,817,0.519823232
cross_Pooled,818,0.57020202
cross_Pooled,819,0.559217172
cross_Pooled,820,0.5
cross_Pooled,821,0.51155303
cross_Pooled,822,0.542424242
cross_Pooled,823,0.505744949
cross_Pooled,824,0.545075758
cross_Pooled,825,0.539393939
cross_Pooled,826,0.49135101
cross_Pooled,827,0.483017677
cross_Pooled,828,0.500252525
cross_Pooled,829,0.525441919
cross_Pooled,830,0.539457071
cross_Pooled,831,0.447159091
cross_Pooled,832,0.485669192
cross_Pooled,833,0.511363636
cross_Pooled,834,0.525252525
cross_Pooled,835,0.517108586
cross_Pooled,836,0.528409091
cross_Pooled,837,0.472032828
cross_Pooled,838,0.474873737
cross_Pooled,839,0.46540404
cross_Pooled,840,0.51395202
cross_Pooled,841,0.525631313
cross_Pooled,842,0.521338384
cross_Pooled,843,0.536616162
cross_Pooled,844,0.543055556
cross_Pooled,845,0.503282828
cross_Pooled,846,0.519570707
cross_Pooled,847,0.488762626
cross_Pooled,848,0.491856061
cross_Pooled,849,0.463573232
cross_Pooled,850,0.477714646
cross_Pooled,851,0.449684343
cross_Pooled,852,0.500505051
cross_Pooled,853,0.47739899
cross_Pooled,854,0.511489899
cross_Pooled,855,0.519570707
cross_Pooled,856,0.485921717
cross_Pooled,857,0.536363636
cross_Pooled,858,0.479987374
cross_Pooled,859,0.545391414
cross_Pooled,860,0.458270202
cross_Pooled,861,0.441224747
cross_Pooled,862,0.510795455
cross_Pooled,863,0.550631313
cross_Pooled,864,0.489709596
cross_Pooled,865,0.499747475
cross_Pooled,866,0.539457071
cross_Pooled,867,0.457954545
cross_Pooled,868,0.474621212
cross_Pooled,869,0.508964646
cross_Pooled,870,0.48364899
cross_Pooled,871,0.503472222
cross_Pooled,872,0.505808081
cross_Pooled,873,0.568181818
cross_Pooled,874,0.469570707
cross_Pooled,875,0.511300505
cross_Pooled,876,0.477651515
cross_Pooled,877,0.514709596
cross_Pooled,878,0.485732323
cross_Pooled,879,0.472348485
cross_Pooled,880,0.463636364
cross_Pooled,881,0.480429293
cross_Pooled,882,0.461742424
cross_Pooled,883,0.480429293
cross_Pooled,884,0.524873737
cross_Pooled,885,0.501830808
cross_Pooled,886,0.496212121
cross_Pooled,887,0.415909091
cross_Pooled,888,0.53364899
cross_Pooled,889,0.505808081
cross_Pooled,890,0.491414141
cross_Pooled,891,0.494886364
cross_Pooled,892,0.48655303
cross_Pooled,893,0.508901515
cross_Pooled,894,0.556376263
cross_Pooled,895,0.489015152
cross_Pooled,896,0.514204545
cross_Pooled,897,0.454608586
cross_Pooled,898,0.504924242
cross_Pooled,899,0.514015152
cross_Pooled,900,0.522222222
cross_Pooled,901,0.516982323
cross_Pooled,902,0.517613636
cross_Pooled,903,0.494065657
cross_Pooled,904,0.550757576
cross_Pooled,905,0.460353535
cross_Pooled,906,0.508712121
cross_Pooled,907,0.50290404
cross_Pooled,908,0.458270202
cross_Pooled,909,0.508522727
cross_Pooled,910,0.542171717
cross_Pooled,911,0.457638889
cross_Pooled,912,0.528219697
cross_Pooled,913,0.500252525
cross_Pooled,914,0.529166667
cross_Pooled,915,0.533585859
cross_Pooled,916,0.501073232
cross_Pooled,917,0.539393939
cross_Pooled,918,0.497411616
cross_Pooled,919,0.516729798
cross_Pooled,920,0.556439394
cross_Pooled,921,0.556313131
cross_Pooled,922,0.491729798
cross_Pooled,923,0.472159091
cross_Pooled,924,0.511174242
cross_Pooled,925,0.510669192
cross_Pooled,926,0.505808081
cross_Pooled,927,0.519633838
cross_Pooled,928,0.519255051
cross_Pooled,929,0.517045455
cross_Pooled,930,0.469255051
cross_Pooled,931,0.477525253
cross_Pooled,932,0.503282828
cross_Pooled,933,0.533522727
cross_Pooled,934,0.514835859
cross_Pooled,935,0.454861111
cross_Pooled,936,0.516982323
cross_Pooled,937,0.488573232
cross_Pooled,938,0.514267677
cross_Pooled,939,0.5
cross_Pooled,940,0.508585859
cross_Pooled,941,0.514330808
cross_Pooled,942,0.494128788
cross_Pooled,943,0.480871212
cross_Pooled,944,0.508459596
cross_Pooled,945,0.494570707
cross_Pooled,946,0.513699495
cross_Pooled,947,0.496717172
cross_Pooled,948,0.520075758
cross_Pooled,949,0.491098485
cross_Pooled,950,0.503282828
cross_Pooled,951,0.515151515
cross_Pooled,952,0.515909091
cross_Pooled,953,0.534722222
cross_Pooled,954,0.468686869
cross_Pooled,955,0.449558081
cross_Pooled,956,0.505366162
cross_Pooled,957,0.510921717
cross_Pooled,958,0.480429293
cross_Pooled,959,0.491856061
cross_Pooled,960,0.508712121
cross_Pooled,961,0.508396465
cross_Pooled,962,0.480681818
cross_Pooled,963,0.553724747
cross_Pooled,964,0.539141414
cross_Pooled,965,0.525252525
cross_Pooled,966,0.466603535
cross_Pooled,967,0.487878788
cross_Pooled,968,0.435984848
cross_Pooled,969,0.533838384
cross_Pooled,970,0.525063131
cross_Pooled,971,0.494507576
cross_Pooled,972,0.534343434
cross_Pooled,973,0.483396465
cross_Pooled,974,0.500631313
cross_Pooled,975,0.491540404
cross_Pooled,976,0.484722222
cross_Pooled,977,0.474431818
cross_Pooled,978,0.50864899
cross_Pooled,979,0.561931818
cross_Pooled,980,0.466287879
cross_Pooled,981,0.499684343
cross_Pooled,982,0.474873737
cross_Pooled,983,0.522474747
cross_Pooled,984,0.548042929
cross_Pooled,985,0.47165404
cross_Pooled,986,0.486616162
cross_Pooled,987,0.486111111
cross_Pooled,988,0.516856061
cross_Pooled,989,0.499368687
cross_Pooled,990,0.495012626
cross_Pooled,991,0.460542929
cross_Pooled,992,0.494318182
cross_Pooled,993,0.496780303
cross_Pooled,994,0.519886364
cross_Pooled,995,0.486111111
cross_Pooled,996,0.548169192
cross_Pooled,997,0.505744949
cross_Pooled,998,0.494507576
cross_Pooled,999,0.441540404
cross_Pooled,1000,0.508901515
cross_Pooled,1001,0.496717172
cross_Pooled,1002,0.466224747
cross_Pooled,1003,0.491161616
cross_Pooled,1004,0.455366162
cross_Pooled,1005,0.541919192
cross_Pooled,1006,0.519886364
cross_Pooled,1007,0.494065657
cross_Pooled,1008,0.525126263
cross_Pooled,1009,0.516982323
cross_Pooled,1010,0.553598485
cross_Pooled,1011,0.48844697
cross_Pooled,1012,0.494255051
cross_Pooled,1013,0.525631313
cross_Pooled,1014,0.481186869
cross_Pooled,1015,0.527146465
cross_Pooled,1016,0.506439394
cross_Pooled,1017,0.503787879
cross_Pooled,1018,0.505555556
cross_Pooled,1019,0.485858586
cross_Pooled,1020,0.528093434
cross_Pooled,1021,0.483270202
cross_Pooled,1022,0.486300505
cross_Pooled,1023,0.415719697
cross_Pooled,1024,0.471843434
cross_Pooled,1025,0.497727273
cross_Pooled,1026,0.505366162
cross_Pooled,1027,0.519823232
cross_Pooled,1028,0.453156566
cross_Pooled,1029,0.52260101
cross_Pooled,1030,0.519381313
cross_Pooled,1031,0.542108586
cross_Pooled,1032,0.488825758
cross_Pooled,1033,0.56155303
cross_Pooled,1034,0.449936869
cross_Pooled,1035,0.511616162
cross_Pooled,1036,0.561868687
cross_Pooled,1037,0.466792929
cross_Pooled,1038,0.511237374
cross_Pooled,1039,0.547853535
cross_Pooled,1040,0.523042929
cross_Pooled,1041,0.494633838
cross_Pooled,1042,0.508712121
cross_Pooled,1043,0.454671717
cross_Pooled,1044,0.514457071
cross_Pooled,1045,0.466729798
cross_Pooled,1046,0.488383838
cross_Pooled,1047,0.441224747
cross_Pooled,1048,0.469255051
cross_Pooled,1049,0.54229798
cross_Pooled,1050,0.462626263
cross_Pooled,1051,0.510984848
cross_Pooled,1052,0.480050505
cross_Pooled,1053,0.505681818
cross_Pooled,1054,0.52594697
cross_Pooled,1055,0.488699495
cross_Pooled,1056,0.536679293
cross_Pooled,1057,0.544823232
cross_Pooled,1058,0.530744949
cross_Pooled,1059,0.530239899
cross_Pooled,1060,0.483207071
cross_Pooled,1061,0.539646465
cross_Pooled,1062,0.494886364
cross_Pooled,1063,0.50864899
cross_Pooled,1064,0.483585859
cross_Pooled,1065,0.517234848
cross_Pooled,1066,0.513383838
cross_Pooled,1067,0.525820707
cross_Pooled,1068,0.488068182
cross_Pooled,1069,0.508838384
cross_Pooled,1070,0.511931818
cross_Pooled,1071,0.511805556
cross_Pooled,1072,0.452209596
cross_Pooled,1073,0.480176768
cross_Pooled,1074,0.471717172
cross_Pooled,1075,0.511616162
cross_Pooled,1076,0.488636364
cross_Pooled,1077,0.489015152
cross_Pooled,1078,0.463825758
cross_Pooled,1079,0.443560606
cross_Pooled,1080,0.533838384
cross_Pooled,1081,0.511237374
cross_Pooled,1082,0.480492424
cross_Pooled,1083,0.497285354
cross_Pooled,1084,0.485858586
cross_Pooled,1085,0.542424242
cross_Pooled,1086,0.475505051
cross_Pooled,1087,0.460227273
cross_Pooled,1088,0.550631313
cross_Pooled,1089,0.480050505
cross_Pooled,1090,0.486174242
cross_Pooled,1091,0.547727273
cross_Pooled,1092,0.503156566
cross_Pooled,1093,0.468813131
cross_Pooled,1094,0.500126263
cross_Pooled,1095,0.530871212
cross_Pooled,1096,0.550441919
cross_Pooled,1097,0.51104798
cross_Pooled,1098,0.534027778
cross_Pooled,1099,0.502714646
cross_Pooled,1100,0.491224747
cross_Pooled,1101,0.52114899
cross_Pooled,1102,0.475
cross_Pooled,1103,0.536489899
cross_Pooled,1104,0.480366162
cross_Pooled,1105,0.511174242
cross_Pooled,1106,0.50530303
cross_Pooled,1107,0.545012626
cross_Pooled,1108,0.502967172
cross_Pooled,1109,0.460416667
cross_Pooled,1110,0.447159091
cross_Pooled,1111,0.570517677
cross_Pooled,1112,0.504166667
cross_Pooled,1113,0.526262626
cross_Pooled,1114,0.533712121
cross_Pooled,1115,0.460353535
cross_Pooled,1116,0.50094697
cross_Pooled,1117,0.480492424
cross_Pooled,1118,0.454987374
cross_Pooled,1119,0.521212121
cross_Pooled,1120,0.528724747
cross_Pooled,1121,0.488194444
cross_Pooled,1122,0.46969697
cross_Pooled,1123,0.519760101
cross_Pooled,1124,0.497916667
cross_Pooled,1125,0.48364899
cross_Pooled,1126,0.522853535
cross_Pooled,1127,0.486174242
cross_Pooled,1128,0.46344697
cross_Pooled,1129,0.516224747
cross_Pooled,1130,0.497979798
cross_Pooled,1131,0.483333333
cross_Pooled,1132,0.499936869
cross_Pooled,1133,0.441287879
cross_Pooled,1134,0.469128788
cross_Pooled,1135,0.519823232
cross_Pooled,1136,0.531439394
cross_Pooled,1137,0.508964646
cross_Pooled,1138,0.500378788
cross_Pooled,1139,0.497032828
cross_Pooled,1140,0.522790404
cross_Pooled,1141,0.508333333
cross_Pooled,1142,0.477714646
cross_Pooled,1143,0.505681818
cross_Pooled,1144,0.514267677
cross_Pooled,1145,0.511300505
cross_Pooled,1146,0.524684343
cross_Pooled,1147,0.505808081
cross_Pooled,1148,0.548042929
cross_Pooled,1149,0.561994949
cross_Pooled,1150,0.497348485
cross_Pooled,1151,0.52260101
cross_Pooled,1152,0.523421717
cross_Pooled,1153,0.494570707
cross_Pooled,1154,0.530997475
cross_Pooled,1155,0.50864899
cross_Pooled,1156,0.474873737
cross_Pooled,1157,0.517045455
cross_Pooled,1158,0.513510101
cross_Pooled,1159,0.475189394
cross_Pooled,1160,0.531502525
cross_Pooled,1161,0.497285354
cross_Pooled,1162,0.49520202
cross_Pooled,1163,0.520138889
cross_Pooled,1164,0.460921717
cross_Pooled,1165,0.501893939
cross_Pooled,1166,0.508901515
cross_Pooled,1167,0.486300505
cross_Pooled,1168,0.522790404
cross_Pooled,1169,0.461363636
cross_Pooled,1170,0.505871212
cross_Pooled,1171,0.511363636
cross_Pooled,1172,0.471780303
cross_Pooled,1173,0.507828283
cross_Pooled,1174,0.542487374
cross_Pooled,1175,0.45770202
cross_Pooled,1176,0.533901515
cross_Pooled,1177,0.497032828
cross_Pooled,1178,0.531628788
cross_Pooled,1179,0.475252525
cross_Pooled,1180,0.449810606
cross_Pooled,1181,0.570707071
cross_Pooled,1182,0.480176768
cross_Pooled,1183,0.451136364
cross_Pooled,1184,0.488825758
cross_Pooled,1185,0.519760101
cross_Pooled,1186,0.508207071
cross_Pooled,1187,0.458270202
cross_Pooled,1188,0.457828283
cross_Pooled,1189,0.511237374
cross_Pooled,1190,0.507133838
cross_Pooled,1191,0.514267677
cross_Pooled,1192,0.510037879
cross_Pooled,1193,0.491729798
cross_Pooled,1194,0.517171717
cross_Pooled,1195,0.480618687
cross_Pooled,1196,0.477020202
cross_Pooled,1197,0.497411616
cross_Pooled,1198,0.503598485
cross_Pooled,1199,0.497222222
cross_Pooled,1200,0.514835859
cross_Pooled,1201,0.488825758
cross_Pooled,1202,0.479987374
cross_Pooled,1203,0.533333333
cross_Pooled,1204,0.508333333
cross_Pooled,1205,0.517045455
cross_Pooled,1206,0.5
cross_Pooled,1207,0.463888889
cross_Pooled,1208,0.52790404
cross_Pooled,1209,0.499936869
cross_Pooled,1210,0.544760101
cross_Pooled,1211,0.505113636
cross_Pooled,1212,0.49469697
cross_Pooled,1213,0.463636364
cross_Pooled,1214,0.499873737
cross_Pooled,1215,0.539646465
cross_Pooled,1216,0.491540404
cross_Pooled,1217,0.505429293
cross_Pooled,1218,0.516792929
cross_Pooled,1219,0.510732323
cross_Pooled,1220,0.519886364
cross_Pooled,1221,0.503093434
cross_Pooled,1222,0.454987374
cross_Pooled,1223,0.488888889
cross_Pooled,1224,0.525568182
cross_Pooled,1225,0.450063131
cross_Pooled,1226,0.517045455
cross_Pooled,1227,0.497285354
cross_Pooled,1228,0.475063131
cross_Pooled,1229,0.522537879
cross_Pooled,1230,0.488383838
cross_Pooled,1231,0.483270202
cross_Pooled,1232,0.531123737
cross_Pooled,1233,0.510984848
cross_Pooled,1234,0.539709596
cross_Pooled,1235,0.52790404
cross_Pooled,1236,0.48844697
cross_Pooled,1237,0.497222222
cross_Pooled,1238,0.503030303
cross_Pooled,1239,0.525378788
cross_Pooled,1240,0.497032828
cross_Pooled,1241,0.522790404
cross_Pooled,1242,0.505492424
cross_Pooled,1243,0.474368687
cross_Pooled,1244,0.524810606
cross_Pooled,1245,0.418371212
cross_Pooled,1246,0.51104798
cross_Pooled,1247,0.477272727
cross_Pooled,1248,0.514393939
cross_Pooled,1249,0.517108586
cross_Pooled,1250,0.497664141
cross_Pooled,1251,0.500252525
cross_Pooled,1252,0.519633838
cross_Pooled,1253,0.494002525
cross_Pooled,1254,0.474747475
cross_Pooled,1255,0.530871212
cross_Pooled,1256,0.533522727
cross_Pooled,1257,0.519444444
cross_Pooled,1258,0.519886364
cross_Pooled,1259,0.509217172
cross_Pooled,1260,0.513131313
cross_Pooled,1261,0.539457071
cross_Pooled,1262,0.548169192
cross_Pooled,1263,0.514520202
cross_Pooled,1264,0.485732323
cross_Pooled,1265,0.53125
cross_Pooled,1266,0.485542929
cross_Pooled,1267,0.542361111
cross_Pooled,1268,0.452462121
cross_Pooled,1269,0.536616162
cross_Pooled,1270,0.505808081
cross_Pooled,1271,0.519444444
cross_Pooled,1272,0.509406566
cross_Pooled,1273,0.49135101
cross_Pooled,1274,0.505871212
cross_Pooled,1275,0.460984848
cross_Pooled,1276,0.524305556
cross_Pooled,1277,0.511363636
cross_Pooled,1278,0.45770202
cross_Pooled,1279,0.457512626
cross_Pooled,1280,0.581439394
cross_Pooled,1281,0.505871212
cross_Pooled,1282,0.471780303
cross_Pooled,1283,0.491729798
cross_Pooled,1284,0.494381313
cross_Pooled,1285,0.511805556
cross_Pooled,1286,0.503598485
cross_Pooled,1287,0.519002525
cross_Pooled,1288,0.460921717
cross_Pooled,1289,0.49709596
cross_Pooled,1290,0.492108586
cross_Pooled,1291,0.488825758
cross_Pooled,1292,0.522474747
cross_Pooled,1293,0.522853535
cross_Pooled,1294,0.506060606
cross_Pooled,1295,0.491919192
cross_Pooled,1296,0.503282828
cross_Pooled,1297,0.51104798
cross_Pooled,1298,0.484090909
cross_Pooled,1299,0.469507576
cross_Pooled,1300,0.530997475
cross_Pooled,1301,0.488636364
cross_Pooled,1302,0.497285354
cross_Pooled,1303,0.503282828
cross_Pooled,1304,0.497285354
cross_Pooled,1305,0.511742424
cross_Pooled,1306,0.553472222
cross_Pooled,1307,0.539583333
cross_Pooled,1308,0.513510101
cross_Pooled,1309,0.47739899
cross_Pooled,1310,0.51969697
cross_Pooled,1311,0.491729798
cross_Pooled,1312,0.475441919
cross_Pooled,1313,0.544507576
cross_Pooled,1314,0.513888889
cross_Pooled,1315,0.449558081
cross_Pooled,1316,0.456565657
cross_Pooled,1317,0.511111111
cross_Pooled,1318,0.477967172
cross_Pooled,1319,0.466477273
cross_Pooled,1320,0.530176768
cross_Pooled,1321,0.499242424
cross_Pooled,1322,0.466414141
cross_Pooled,1323,0.483712121
cross_Pooled,1324,0.483270202
cross_Pooled,1325,0.53364899
cross_Pooled,1326,0.547853535
cross_Pooled,1327,0.519949495
cross_Pooled,1328,0.488510101
cross_Pooled,1329,0.539330808
cross_Pooled,1330,0.559469697
cross_Pooled,1331,0.539772727
cross_Pooled,1332,0.503093434
cross_Pooled,1333,0.435542929
cross_Pooled,1334,0.49135101
cross_Pooled,1335,0.522916667
cross_Pooled,1336,0.471906566
cross_Pooled,1337,0.545517677
cross_Pooled,1338,0.48270202
cross_Pooled,1339,0.486237374
cross_Pooled,1340,0.499873737
cross_Pooled,1341,0.511300505
cross_Pooled,1342,0.472853535
cross_Pooled,1343,0.536994949
cross_Pooled,1344,0.509406566
cross_Pooled,1345,0.496085859
cross_Pooled,1346,0.466477273
cross_Pooled,1347,0.491287879
cross_Pooled,1348,0.505744949
cross_Pooled,1349,0.472348485
cross_Pooled,1350,0.496464646
cross_Pooled,1351,0.561994949
cross_Pooled,1352,0.497474747
cross_Pooled,1353,0.502651515
cross_Pooled,1354,0.471212121
cross_Pooled,1355,0.528724747
cross_Pooled,1356,0.483080808
cross_Pooled,1357,0.516729798
cross_Pooled,1358,0.455050505
cross_Pooled,1359,0.54469697
cross_Pooled,1360,0.477209596
cross_Pooled,1361,0.506565657
cross_Pooled,1362,0.556376263
cross_Pooled,1363,0.553724747
cross_Pooled,1364,0.52354798
cross_Pooled,1365,0.483143939
cross_Pooled,1366,0.511616162
cross_Pooled,1367,0.522979798
cross_Pooled,1368,0.506186869
cross_Pooled,1369,0.522348485
cross_Pooled,1370,0.45530303
cross_Pooled,1371,0.533712121
cross_Pooled,1372,0.509090909
cross_Pooled,1373,0.497348485
cross_Pooled,1374,0.496969697
cross_Pooled,1375,0.480871212
cross_Pooled,1376,0.525505051
cross_Pooled,1377,0.517361111
cross_Pooled,1378,0.50864899
cross_Pooled,1379,0.460542929
cross_Pooled,1380,0.547790404
cross_Pooled,1381,0.504924242
cross_Pooled,1382,0.491919192
cross_Pooled,1383,0.500820707
cross_Pooled,1384,0.490909091
cross_Pooled,1385,0.531755051
cross_Pooled,1386,0.514204545
cross_Pooled,1387,0.488510101
cross_Pooled,1388,0.479292929
cross_Pooled,1389,0.485984848
cross_Pooled,1390,0.511489899
cross_Pooled,1391,0.463320707
cross_Pooled,1392,0.547790404
cross_Pooled,1393,0.508459596
cross_Pooled,1394,0.522664141
cross_Pooled,1395,0.503156566
cross_Pooled,1396,0.502588384
cross_Pooled,1397,0.505871212
cross_Pooled,1398,0.505492424
cross_Pooled,1399,0.465909091
cross_Pooled,1400,0.480681818
cross_Pooled,1401,0.526704545
cross_Pooled,1402,0.494191919
cross_Pooled,1403,0.446843434
cross_Pooled,1404,0.463762626
cross_Pooled,1405,0.485921717
cross_Pooled,1406,0.522285354
cross_Pooled,1407,0.480871212
cross_Pooled,1408,0.466603535
cross_Pooled,1409,0.508712121
cross_Pooled,1410,0.486174242
cross_Pooled,1411,0.463383838
cross_Pooled,1412,0.494065657
cross_Pooled,1413,0.550820707
cross_Pooled,1414,0.508459596
cross_Pooled,1415,0.553409091
cross_Pooled,1416,0.53125
cross_Pooled,1417,0.49280303
cross_Pooled,1418,0.514078283
cross_Pooled,1419,0.548042929
cross_Pooled,1420,0.530808081
cross_Pooled,1421,0.463699495
cross_Pooled,1422,0.510858586
cross_Pooled,1423,0.536679293
cross_Pooled,1424,0.491792929
cross_Pooled,1425,0.494381313
cross_Pooled,1426,0.463320707
cross_Pooled,1427,0.528977273
cross_Pooled,1428,0.497411616
cross_Pooled,1429,0.477714646
cross_Pooled,1430,0.517045455
cross_Pooled,1431,0.525441919
cross_Pooled,1432,0.462689394
cross_Pooled,1433,0.508143939
cross_Pooled,1434,0.566982323
cross_Pooled,1435,0.508459596
cross_Pooled,1436,0.500441919
cross_Pooled,1437,0.491856061
cross_Pooled,1438,0.497348485
cross_Pooled,1439,0.531313131
cross_Pooled,1440,0.514141414
cross_Pooled,1441,0.516666667
cross_Pooled,1442,0.519633838
cross_Pooled,1443,0.503030303
cross_Pooled,1444,0.514267677
cross_Pooled,1445,0.503156566
cross_Pooled,1446,0.469002525
cross_Pooled,1447,0.494507576
cross_Pooled,1448,0.516792929
cross_Pooled,1449,0.454545455
cross_Pooled,1450,0.44665404
cross_Pooled,1451,0.539204545
cross_Pooled,1452,0.505555556
cross_Pooled,1453,0.511489899
cross_Pooled,1454,0.494760101
cross_Pooled,1455,0.514520202
cross_Pooled,1456,0.500315657
cross_Pooled,1457,0.539457071
cross_Pooled,1458,0.520643939
cross_Pooled,1459,0.496843434
cross_Pooled,1460,0.497285354
cross_Pooled,1461,0.567676768
cross_Pooled,1462,0.50864899
cross_Pooled,1463,0.502525253
cross_Pooled,1464,0.433017677
cross_Pooled,1465,0.509027778
cross_Pooled,1466,0.480555556
cross_Pooled,1467,0.49135101
cross_Pooled,1468,0.522790404
cross_Pooled,1469,0.480492424
cross_Pooled,1470,0.511426768
cross_Pooled,1471,0.529987374
cross_Pooled,1472,0.519886364
cross_Pooled,1473,0.528282828
cross_Pooled,1474,0.503030303
cross_Pooled,1475,0.525315657
cross_Pooled,1476,0.5
cross_Pooled,1477,0.48030303
cross_Pooled,1478,0.494507576
cross_Pooled,1479,0.463194444
cross_Pooled,1480,0.519760101
cross_Pooled,1481,0.507449495
cross_Pooled,1482,0.446527778
cross_Pooled,1483,0.541856061
cross_Pooled,1484,0.553282828
cross_Pooled,1485,0.522853535
cross_Pooled,1486,0.536805556
cross_Pooled,1487,0.49280303
cross_Pooled,1488,0.513762626
cross_Pooled,1489,0.443939394
cross_Pooled,1490,0.499936869
cross_Pooled,1491,0.550126263
cross_Pooled,1492,0.50915404
cross_Pooled,1493,0.472537879
cross_Pooled,1494,0.479924242
cross_Pooled,1495,0.471717172
cross_Pooled,1496,0.489204545
cross_Pooled,1497,0.508838384
cross_Pooled,1498,0.514772727
cross_Pooled,1499,0.494570707
cross_Pooled,1500,0.511616162
cross_Pooled,1501,0.536679293
cross_Pooled,1502,0.494507576
cross_Pooled,1503,0.473989899
cross_Pooled,1504,0.489078283
cross_Pooled,1505,0.494507576
cross_Pooled,1506,0.522790404
cross_Pooled,1507,0.502335859
cross_Pooled,1508,0.525378788
cross_Pooled,1509,0.508712121
cross_Pooled,1510,0.482386364
cross_Pooled,1511,0.512184343
cross_Pooled,1512,0.500505051
cross_Pooled,1513,0.533775253
cross_Pooled,1514,0.497348485
cross_Pooled,1515,0.511237374
cross_Pooled,1516,0.533585859
cross_Pooled,1517,0.494633838
cross_Pooled,1518,0.539015152
cross_Pooled,1519,0.499684343
cross_Pooled,1520,0.444760101
cross_Pooled,1521,0.507638889
cross_Pooled,1522,0.486237374
cross_Pooled,1523,0.494507576
cross_Pooled,1524,0.491414141
cross_Pooled,1525,0.514330808
cross_Pooled,1526,0.531186869
cross_Pooled,1527,0.522348485
cross_Pooled,1528,0.485984848
cross_Pooled,1529,0.477525253
cross_Pooled,1530,0.5
cross_Pooled,1531,0.505681818
cross_Pooled,1532,0.544191919
cross_Pooled,1533,0.513888889
cross_Pooled,1534,0.528598485
cross_Pooled,1535,0.525189394
cross_Pooled,1536,0.520075758
cross_Pooled,1537,0.514457071
cross_Pooled,1538,0.469128788
cross_Pooled,1539,0.48364899
cross_Pooled,1540,0.484027778
cross_Pooled,1541,0.435164141
cross_Pooled,1542,0.544823232
cross_Pooled,1543,0.528156566
cross_Pooled,1544,0.510858586
cross_Pooled,1545,0.483459596
cross_Pooled,1546,0.519191919
cross_Pooled,1547,0.455808081
cross_Pooled,1548,0.451704545
cross_Pooled,1549,0.511616162
cross_Pooled,1550,0.47405303
cross_Pooled,1551,0.508396465
cross_Pooled,1552,0.536616162
cross_Pooled,1553,0.483838384
cross_Pooled,1554,0.517045455
cross_Pooled,1555,0.502525253
cross_Pooled,1556,0.519507576
cross_Pooled,1557,0.452272727
cross_Pooled,1558,0.521275253
cross_Pooled,1559,0.5
cross_Pooled,1560,0.469128788
cross_Pooled,1561,0.466098485
cross_Pooled,1562,0.488825758
cross_Pooled,1563,0.491919192
cross_Pooled,1564,0.491919192
cross_Pooled,1565,0.457575758
cross_Pooled,1566,0.508143939
cross_Pooled,1567,0.485984848
cross_Pooled,1568,0.458017677
cross_Pooled,1569,0.503093434
cross_Pooled,1570,0.505934343
cross_Pooled,1571,0.494444444
cross_Pooled,1572,0.461489899
cross_Pooled,1573,0.514204545
cross_Pooled,1574,0.483017677
cross_Pooled,1575,0.452020202
cross_Pooled,1576,0.482954545
cross_Pooled,1577,0.50290404
cross_Pooled,1578,0.505681818
cross_Pooled,1579,0.530618687
cross_Pooled,1580,0.505555556
cross_Pooled,1581,0.522727273
cross_Pooled,1582,0.482828283
cross_Pooled,1583,0.458333333
cross_Pooled,1584,0.522474747
cross_Pooled,1585,0.516477273
cross_Pooled,1586,0.491792929
cross_Pooled,1587,0.489267677
cross_Pooled,1588,0.483775253
cross_Pooled,1589,0.485921717
cross_Pooled,1590,0.508775253
cross_Pooled,1591,0.471969697
cross_Pooled,1592,0.508270202
cross_Pooled,1593,0.456691919
cross_Pooled,1594,0.533838384
cross_Pooled,1595,0.508775253
cross_Pooled,1596,0.513888889
cross_Pooled,1597,0.510606061
cross_Pooled,1598,0.49760101
cross_Pooled,1599,0.52834596
cross_Pooled,1600,0.502777778
cross_Pooled,1601,0.465593434
cross_Pooled,1602,0.522537879
cross_Pooled,1603,0.483396465
cross_Pooled,1604,0.480681818
cross_Pooled,1605,0.503219697
cross_Pooled,1606,0.499873737
cross_Pooled,1607,0.536426768
cross_Pooled,1608,0.524873737
cross_Pooled,1609,0.474494949
cross_Pooled,1610,0.497537879
cross_Pooled,1611,0.452083333
cross_Pooled,1612,0.490909091
cross_Pooled,1613,0.512058081
cross_Pooled,1614,0.515214646
cross_Pooled,1615,0.503787879
cross_Pooled,1616,0.499936869
cross_Pooled,1617,0.494444444
cross_Pooled,1618,0.489141414
cross_Pooled,1619,0.522537879
cross_Pooled,1620,0.534343434
cross_Pooled,1621,0.508964646
cross_Pooled,1622,0.477462121
cross_Pooled,1623,0.511868687
cross_Pooled,1624,0.542424242
cross_Pooled,1625,0.505555556
cross_Pooled,1626,0.514457071
cross_Pooled,1627,0.552967172
cross_Pooled,1628,0.533712121
cross_Pooled,1629,0.471780303
cross_Pooled,1630,0.50479798
cross_Pooled,1631,0.468876263
cross_Pooled,1632,0.516982323
cross_Pooled,1633,0.485669192
cross_Pooled,1634,0.525126263
cross_Pooled,1635,0.500631313
cross_Pooled,1636,0.483522727
cross_Pooled,1637,0.531060606
cross_Pooled,1638,0.506628788
cross_Pooled,1639,0.466414141
cross_Pooled,1640,0.463510101
cross_Pooled,1641,0.503409091
cross_Pooled,1642,0.500441919
cross_Pooled,1643,0.457891414
cross_Pooled,1644,0.52260101
cross_Pooled,1645,0.485984848
cross_Pooled,1646,0.514015152
cross_Pooled,1647,0.533964646
cross_Pooled,1648,0.531439394
cross_Pooled,1649,0.541287879
cross_Pooled,1650,0.530681818
cross_Pooled,1651,0.522159091
cross_Pooled,1652,0.498106061
cross_Pooled,1653,0.51104798
cross_Pooled,1654,0.49469697
cross_Pooled,1655,0.519760101
cross_Pooled,1656,0.522348485
cross_Pooled,1657,0.485669192
cross_Pooled,1658,0.544886364
cross_Pooled,1659,0.525378788
cross_Pooled,1660,0.480239899
cross_Pooled,1661,0.513573232
cross_Pooled,1662,0.463068182
cross_Pooled,1663,0.558964646
cross_Pooled,1664,0.530871212
cross_Pooled,1665,0.519633838
cross_Pooled,1666,0.463573232
cross_Pooled,1667,0.494507576
cross_Pooled,1668,0.534090909
cross_Pooled,1669,0.477335859
cross_Pooled,1670,0.475126263
cross_Pooled,1671,0.446212121
cross_Pooled,1672,0.488825758
cross_Pooled,1673,0.52260101
cross_Pooled,1674,0.497474747
cross_Pooled,1675,0.530997475
cross_Pooled,1676,0.471717172
cross_Pooled,1677,0.474494949
cross_Pooled,1678,0.499684343
cross_Pooled,1679,0.502588384
cross_Pooled,1680,0.531123737
cross_Pooled,1681,0.514457071
cross_Pooled,1682,0.50334596
cross_Pooled,1683,0.46395202
cross_Pooled,1684,0.516098485
cross_Pooled,1685,0.519381313
cross_Pooled,1686,0.514393939
cross_Pooled,1687,0.469191919
cross_Pooled,1688,0.552462121
cross_Pooled,1689,0.464015152
cross_Pooled,1690,0.475315657
cross_Pooled,1691,0.48895202
cross_Pooled,1692,0.478535354
cross_Pooled,1693,0.500189394
cross_Pooled,1694,0.478282828
cross_Pooled,1695,0.477525253
cross_Pooled,1696,0.503282828
cross_Pooled,1697,0.494255051
cross_Pooled,1698,0.523421717
cross_Pooled,1699,0.46344697
cross_Pooled,1700,0.508712121
cross_Pooled,1701,0.469318182
cross_Pooled,1702,0.488762626
cross_Pooled,1703,0.517866162
cross_Pooled,1704,0.49280303
cross_Pooled,1705,0.490530303
cross_Pooled,1706,0.505871212
cross_Pooled,1707,0.503093434
cross_Pooled,1708,0.508901515
cross_Pooled,1709,0.519633838
cross_Pooled,1710,0.505808081
cross_Pooled,1711,0.474747475
cross_Pooled,1712,0.50290404
cross_Pooled,1713,0.458080808
cross_Pooled,1714,0.489204545
cross_Pooled,1715,0.480239899
cross_Pooled,1716,0.508775253
cross_Pooled,1717,0.503093434
cross_Pooled,1718,0.527777778
cross_Pooled,1719,0.488699495
cross_Pooled,1720,0.5
cross_Pooled,1721,0.494760101
cross_Pooled,1722,0.524810606
cross_Pooled,1723,0.461426768
cross_Pooled,1724,0.474810606
cross_Pooled,1725,0.514267677
cross_Pooled,1726,0.553409091
cross_Pooled,1727,0.519823232
cross_Pooled,1728,0.520454545
cross_Pooled,1729,0.502714646
cross_Pooled,1730,0.460669192
cross_Pooled,1731,0.528219697
cross_Pooled,1732,0.478030303
cross_Pooled,1733,0.488888889
cross_Pooled,1734,0.477209596
cross_Pooled,1735,0.519444444
cross_Pooled,1736,0.485669192
cross_Pooled,1737,0.468939394
cross_Pooled,1738,0.486300505
cross_Pooled,1739,0.505239899
cross_Pooled,1740,0.528156566
cross_Pooled,1741,0.451957071
cross_Pooled,1742,0.519444444
cross_Pooled,1743,0.530997475
cross_Pooled,1744,0.453409091
cross_Pooled,1745,0.49709596
cross_Pooled,1746,0.460290404
cross_Pooled,1747,0.488888889
cross_Pooled,1748,0.511931818
cross_Pooled,1749,0.516919192
cross_Pooled,1750,0.530871212
cross_Pooled,1751,0.469191919
cross_Pooled,1752,0.502840909
cross_Pooled,1753,0.534469697
cross_Pooled,1754,0.480555556
cross_Pooled,1755,0.488888889
cross_Pooled,1756,0.519318182
cross_Pooled,1757,0.522664141
cross_Pooled,1758,0.505239899
cross_Pooled,1759,0.51104798
cross_Pooled,1760,0.465972222
cross_Pooled,1761,0.477525253
cross_Pooled,1762,0.446527778
cross_Pooled,1763,0.454671717
cross_Pooled,1764,0.522537879
cross_Pooled,1765,0.513762626
cross_Pooled,1766,0.483080808
cross_Pooled,1767,0.533901515
cross_Pooled,1768,0.446338384
cross_Pooled,1769,0.539330808
cross_Pooled,1770,0.477209596
cross_Pooled,1771,0.482891414
cross_Pooled,1772,0.487878788
cross_Pooled,1773,0.513005051
cross_Pooled,1774,0.550757576
cross_Pooled,1775,0.542487374
cross_Pooled,1776,0.519823232
cross_Pooled,1777,0.547790404
cross_Pooled,1778,0.489267677
cross_Pooled,1779,0.51104798
cross_Pooled,1780,0.550505051
cross_Pooled,1781,0.487626263
cross_Pooled,1782,0.497411616
cross_Pooled,1783,0.559027778
cross_Pooled,1784,0.507765152
cross_Pooled,1785,0.500631313
cross_Pooled,1786,0.508585859
cross_Pooled,1787,0.508459596
cross_Pooled,1788,0.491729798
cross_Pooled,1789,0.550694444
cross_Pooled,1790,0.510416667
cross_Pooled,1791,0.536300505
cross_Pooled,1792,0.525378788
cross_Pooled,1793,0.469381313
cross_Pooled,1794,0.464709596
cross_Pooled,1795,0.497537879
cross_Pooled,1796,0.427209596
cross_Pooled,1797,0.496843434
cross_Pooled,1798,0.525252525
cross_Pooled,1799,0.500378788
cross_Pooled,1800,0.550568182
cross_Pooled,1801,0.541919192
cross_Pooled,1802,0.497853535
cross_Pooled,1803,0.480871212
cross_Pooled,1804,0.48270202
cross_Pooled,1805,0.547664141
cross_Pooled,1806,0.494507576
cross_Pooled,1807,0.517108586
cross_Pooled,1808,0.505681818
cross_Pooled,1809,0.522979798
cross_Pooled,1810,0.514330808
cross_Pooled,1811,0.46395202
cross_Pooled,1812,0.531060606
cross_Pooled,1813,0.472285354
cross_Pooled,1814,0.452335859
cross_Pooled,1815,0.530997475
cross_Pooled,1816,0.471464646
cross_Pooled,1817,0.481060606
cross_Pooled,1818,0.501262626
cross_Pooled,1819,0.528219697
cross_Pooled,1820,0.511300505
cross_Pooled,1821,0.495959596
cross_Pooled,1822,0.516792929
cross_Pooled,1823,0.477651515
cross_Pooled,1824,0.489520202
cross_Pooled,1825,0.511679293
cross_Pooled,1826,0.505429293
cross_Pooled,1827,0.519823232
cross_Pooled,1828,0.509090909
cross_Pooled,1829,0.496969697
cross_Pooled,1830,0.528724747
cross_Pooled,1831,0.519507576
cross_Pooled,1832,0.507891414
cross_Pooled,1833,0.491919192
cross_Pooled,1834,0.511363636
cross_Pooled,1835,0.522916667
cross_Pooled,1836,0.516919192
cross_Pooled,1837,0.545580808
cross_Pooled,1838,0.446780303
cross_Pooled,1839,0.51635101
cross_Pooled,1840,0.500441919
cross_Pooled,1841,0.516287879
cross_Pooled,1842,0.558712121
cross_Pooled,1843,0.488762626
cross_Pooled,1844,0.522790404
cross_Pooled,1845,0.500063131
cross_Pooled,1846,0.508333333
cross_Pooled,1847,0.514204545
cross_Pooled,1848,0.509027778
cross_Pooled,1849,0.48604798
cross_Pooled,1850,0.483522727
cross_Pooled,1851,0.500315657
cross_Pooled,1852,0.48895202
cross_Pooled,1853,0.49760101
cross_Pooled,1854,0.485858586
cross_Pooled,1855,0.525505051
cross_Pooled,1856,0.497664141
cross_Pooled,1857,0.536363636
cross_Pooled,1858,0.555744949
cross_Pooled,1859,0.528156566
cross_Pooled,1860,0.491603535
cross_Pooled,1861,0.500252525
cross_Pooled,1862,0.468371212
cross_Pooled,1863,0.517550505
cross_Pooled,1864,0.517361111
cross_Pooled,1865,0.519886364
cross_Pooled,1866,0.500441919
cross_Pooled,1867,0.480744949
cross_Pooled,1868,0.514015152
cross_Pooled,1869,0.511363636
cross_Pooled,1870,0.488825758
cross_Pooled,1871,0.483080808
cross_Pooled,1872,0.51729798
cross_Pooled,1873,0.503030303
cross_Pooled,1874,0.473232323
cross_Pooled,1875,0.468813131
cross_Pooled,1876,0.54469697
cross_Pooled,1877,0.461489899
cross_Pooled,1878,0.528093434
cross_Pooled,1879,0.49135101
cross_Pooled,1880,0.51969697
cross_Pooled,1881,0.478409091
cross_Pooled,1882,0.489583333
cross_Pooled,1883,0.466666667
cross_Pooled,1884,0.497853535
cross_Pooled,1885,0.48655303
cross_Pooled,1886,0.458207071
cross_Pooled,1887,0.47209596
cross_Pooled,1888,0.530744949
cross_Pooled,1889,0.522537879
cross_Pooled,1890,0.50864899
cross_Pooled,1891,0.551704545
cross_Pooled,1892,0.500126263
cross_Pooled,1893,0.47209596
cross_Pooled,1894,0.528156566
cross_Pooled,1895,0.522285354
cross_Pooled,1896,0.461363636
cross_Pooled,1897,0.522474747
cross_Pooled,1898,0.517424242
cross_Pooled,1899,0.494318182
cross_Pooled,1900,0.497411616
cross_Pooled,1901,0.516729798
cross_Pooled,1902,0.525378788
cross_Pooled,1903,0.525189394
cross_Pooled,1904,0.451830808
cross_Pooled,1905,0.505429293
cross_Pooled,1906,0.501767677
cross_Pooled,1907,0.51969697
cross_Pooled,1908,0.508775253
cross_Pooled,1909,0.497664141
cross_Pooled,1910,0.511111111
cross_Pooled,1911,0.522348485
cross_Pooled,1912,0.516856061
cross_Pooled,1913,0.516919192
cross_Pooled,1914,0.505934343
cross_Pooled,1915,0.499873737
cross_Pooled,1916,0.514015152
cross_Pooled,1917,0.491856061
cross_Pooled,1918,0.477714646
cross_Pooled,1919,0.521969697
cross_Pooled,1920,0.497916667
cross_Pooled,1921,0.530555556
cross_Pooled,1922,0.501957071
cross_Pooled,1923,0.508396465
cross_Pooled,1924,0.530997475
cross_Pooled,1925,0.505555556
cross_Pooled,1926,0.460353535
cross_Pooled,1927,0.507954545
cross_Pooled,1928,0.542045455
cross_Pooled,1929,0.486363636
cross_Pooled,1930,0.463383838
cross_Pooled,1931,0.525757576
cross_Pooled,1932,0.522916667
cross_Pooled,1933,0.528282828
cross_Pooled,1934,0.500126263
cross_Pooled,1935,0.499621212
cross_Pooled,1936,0.478156566
cross_Pooled,1937,0.533522727
cross_Pooled,1938,0.544886364
cross_Pooled,1939,0.533775253
cross_Pooled,1940,0.545517677
cross_Pooled,1941,0.539330808
cross_Pooled,1942,0.494255051
cross_Pooled,1943,0.505871212
cross_Pooled,1944,0.505618687
cross_Pooled,1945,0.449684343
cross_Pooled,1946,0.505618687
cross_Pooled,1947,0.514015152
cross_Pooled,1948,0.511616162
cross_Pooled,1949,0.488573232
cross_Pooled,1950,0.475252525
cross_Pooled,1951,0.514457071
cross_Pooled,1952,0.514393939
cross_Pooled,1953,0.550505051
cross_Pooled,1954,0.526199495
cross_Pooled,1955,0.513825758
cross_Pooled,1956,0.513825758
cross_Pooled,1957,0.511426768
cross_Pooled,1958,0.508396465
cross_Pooled,1959,0.500252525
cross_Pooled,1960,0.463383838
cross_Pooled,1961,0.508522727
cross_Pooled,1962,0.508459596
cross_Pooled,1963,0.533838384
cross_Pooled,1964,0.525063131
cross_Pooled,1965,0.519633838
cross_Pooled,1966,0.47165404
cross_Pooled,1967,0.427146465
cross_Pooled,1968,0.508333333
cross_Pooled,1969,0.499747475
cross_Pooled,1970,0.522727273
cross_Pooled,1971,0.522853535
cross_Pooled,1972,0.511426768
cross_Pooled,1973,0.469065657
cross_Pooled,1974,0.451830808
cross_Pooled,1975,0.483080808
cross_Pooled,1976,0.494570707
cross_Pooled,1977,0.499873737
cross_Pooled,1978,0.483017677
cross_Pooled,1979,0.469191919
cross_Pooled,1980,0.489078283
cross_Pooled,1981,0.477209596
cross_Pooled,1982,0.465277778
cross_Pooled,1983,0.474873737
cross_Pooled,1984,0.491224747
cross_Pooled,1985,0.455366162
cross_Pooled,1986,0.520138889
cross_Pooled,1987,0.514393939
cross_Pooled,1988,0.486174242
cross_Pooled,1989,0.52260101
cross_Pooled,1990,0.494507576
cross_Pooled,1991,0.441098485
cross_Pooled,1992,0.516729798
cross_Pooled,1993,0.516982323
cross_Pooled,1994,0.466540404
cross_Pooled,1995,0.53364899
cross_Pooled,1996,0.468876263
cross_Pooled,1997,0.528156566
cross_Pooled,1998,0.528156566
cross_Pooled,1999,0.519002525
