variant,file,fold,direction,model,channel,n_train,n_test,sse,sst,n_values,r2,rmse,correlation
nominal,A_Task-1,1,L,old_trend_shared,Fz,67,9,8725.3821,3130.9082,231,-1.78685338,6.14591058,0.463066015
nominal,A_Task-1,1,L,old_trend_shared,F3,67,9,14894.5591,2886.7908,231,-4.15955611,8.02985746,-0.173815983
nominal,A_Task-1,1,L,old_trend_shared,F4,67,9,7705.99943,17737.3134,231,0.565548668,5.77575146,0.902945705
nominal,A_Task-1,1,L,old_trend_shared,joint,67,9,31325.9406,23755.0124,693,-0.318708663,6.72334571,0.601372485
nominal,A_Task-1,1,L,old_trend_direction,Fz,33,9,5264.61697,3130.9082,231,-0.681498351,4.77394487,0.463066015
nominal,A_Task-1,1,L,old_trend_direction,F3,33,9,17145.3651,2886.7908,231,-4.93924753,8.61523997,-0.173815983
nominal,A_Task-1,1,L,old_trend_direction,F4,33,9,12706.5577,17737.3134,231,0.283625572,7.41665312,0.902945705
nominal,A_Task-1,1,L,old_trend_direction,joint,33,9,35116.5398,23755.0124,693,-0.478279162,7.11851232,0.585049927
nominal,A_Task-1,1,L,old_basis_shared,Fz,67,9,12841.0611,3130.9082,231,-3.10138538,7.45580372,0.251511746
nominal,A_Task-1,1,L,old_basis_shared,F3,67,9,21628.3205,2886.7908,231,-6.49216761,9.67621275,-0.394476307
nominal,A_Task-1,1,L,old_basis_shared,F4,67,9,13402.417,17737.3134,231,0.244394194,7.61702837,0.529923324
nominal,A_Task-1,1,L,old_basis_shared,joint,67,9,47871.7986,23755.0124,693,-1.01522937,8.31138222,0.332991378
nominal,A_Task-1,1,L,old_basis_direction,Fz,33,9,7914.80972,3130.9082,231,-1.52795969,5.85348149,0.172616445
nominal,A_Task-1,1,L,old_basis_direction,F3,33,9,21874.5197,2886.7908,231,-6.57745234,9.73112997,-0.446877652
nominal,A_Task-1,1,L,old_basis_direction,F4,33,9,15861.7624,17737.3134,231,0.105740422,8.2864732,0.347938309
nominal,A_Task-1,1,L,old_basis_direction,joint,33,9,45651.0918,23755.0124,693,-0.921745653,8.11631637,0.199817687
nominal,A_Task-1,1,R,old_trend_shared,Fz,67,8,11278.5806,2811.54178,231,-3.01152872,6.98749056,-0.173754696
nominal,A_Task-1,1,R,old_trend_shared,F3,67,8,19686.3805,9130.02686,231,-1.15622372,9.23159934,-0.733070553
nominal,A_Task-1,1,R,old_trend_shared,F4,67,8,120173.87,39239.8995,231,-2.06254277,22.8086213,-0.933639235
nominal,A_Task-1,1,R,old_trend_shared,joint,67,8,151138.831,51181.4681,693,-1.95299914,14.7679908,-0.503000336
nominal,A_Task-1,1,R,old_trend_direction,Fz,34,8,17945.902,2811.54178,231,-5.38293981,8.81407325,-0.173754696
nominal,A_Task-1,1,R,old_trend_direction,F3,34,8,22636.6814,9130.02686,231,-1.47936635,9.89920663,-0.733070553
nominal,A_Task-1,1,R,old_trend_direction,F4,34,8,133906.139,39239.8995,231,-2.41249955,24.0765499,-0.933639235
nominal,A_Task-1,1,R,old_trend_direction,joint,34,8,174488.723,51181.4681,693,-2.40921684,15.8678127,-0.482711745
nominal,A_Task-1,1,R,old_basis_shared,Fz,67,8,14578.6884,2811.54178,231,-4.18530028,7.94425611,-0.139440212
nominal,A_Task-1,1,R,old_basis_shared,F3,67,8,27080.7703,9130.02686,231,-1.96612164,10.8274084,-0.586365072
nominal,A_Task-1,1,R,old_basis_shared,F4,67,8,126818.396,39239.8995,231,-2.23187363,23.4306933,-0.566624264
nominal,A_Task-1,1,R,old_basis_shared,joint,67,8,168477.855,51181.4681,693,-2.29177457,15.5921066,-0.379113557
nominal,A_Task-1,1,R,old_basis_direction,Fz,34,8,23182.7791,2811.54178,231,-7.24557515,10.0179015,-0.150535437
nominal,A_Task-1,1,R,old_basis_direction,F3,34,8,34259.1869,9130.02686,231,-2.7523643,12.1781841,-0.665718572
nominal,A_Task-1,1,R,old_basis_direction,F4,34,8,147746.789,39239.8995,231,-2.76521834,25.290245,-0.636739322
nominal,A_Task-1,1,R,old_basis_direction,joint,34,8,205188.755,51181.4681,693,-3.00904395,17.2071982,-0.406532084
nominal,A_Task-1,2,L,old_trend_shared,Fz,69,9,26675.6526,10994.2428,231,-1.42632923,10.7461163,-0.580625634
nominal,A_Task-1,2,L,old_trend_shared,F3,69,9,30549.4202,7879.2746,231,-2.87718689,11.4999379,-0.194146121
nominal,A_Task-1,2,L,old_trend_shared,F4,69,9,33198.4679,9535.37589,231,-2.48161083,11.9881738,-0.0160695017
nominal,A_Task-1,2,L,old_trend_shared,joint,69,9,90423.5407,28408.8933,693,-2.18293078,11.4228411,-0.377357697
nominal,A_Task-1,2,L,old_trend_direction,Fz,33,9,24534.9951,10994.2428,231,-1.2316221,10.3059255,-0.580625634
nominal,A_Task-1,2,L,old_trend_direction,F3,33,9,31953.3619,7879.2746,231,-3.05536849,11.7612177,-0.194146121
nominal,A_Task-1,2,L,old_trend_direction,F4,33,9,28921.3701,9535.37589,231,-2.0330603,11.1893135,-0.0160695017
nominal,A_Task-1,2,L,old_trend_direction,joint,33,9,85409.7271,28408.8933,693,-2.00644331,11.1016377,-0.311935242
nominal,A_Task-1,2,L,old_basis_shared,Fz,69,9,30011.146,10994.2428,231,-1.72971469,11.3981745,-0.502318559
nominal,A_Task-1,2,L,old_basis_shared,F3,69,9,36921.5262,7879.2746,231,-3.68590423,12.6425253,-0.360407818
nominal,A_Task-1,2,L,old_basis_shared,F4,69,9,36063.9742,9535.37589,231,-2.78212402,12.494843,0.0660159291
nominal,A_Task-1,2,L,old_basis_shared,joint,69,9,102996.646,28408.8933,693,-2.62550717,12.191157,-0.318655985
nominal,A_Task-1,2,L,old_basis_direction,Fz,33,9,27203.3279,10994.2428,231,-1.47432482,10.8518811,-0.556098655
nominal,A_Task-1,2,L,old_basis_direction,F3,33,9,37437.0876,7879.2746,231,-3.75133683,12.7304876,-0.372496587
nominal,A_Task-1,2,L,old_basis_direction,F4,33,9,30687.4105,9535.37589,231,-2.21826961,11.525881,0.0274255359
nominal,A_Task-1,2,L,old_basis_direction,joint,33,9,95327.8259,28408.8933,693,-2.35556282,11.7285204,-0.314280817
nominal,A_Task-1,2,R,old_trend_shared,Fz,69,5,23575.5706,11769.3411,231,-1.00313428,10.1024129,-0.196015488
nominal,A_Task-1,2,R,old_trend_shared,F3,69,5,50443.6406,17728.7066,231,-1.84530856,14.7773725,-0.301253111
nominal,A_Task-1,2,R,old_trend_shared,F4,69,5,77401.3374,53938.5946,231,-0.434989879,18.3049372,-0.347620844
nominal,A_Task-1,2,R,old_trend_shared,joint,69,5,151420.549,83436.6423,693,-0.814796765,14.7817479,0.0437855149
nominal,A_Task-1,2,R,old_trend_direction,Fz,36,5,24687.9714,11769.3411,231,-1.09765111,10.3380044,-0.196015488
nominal,A_Task-1,2,R,old_trend_direction,F3,36,5,55409.0402,17728.7066,231,-2.12538537,15.4876071,-0.301253111
nominal,A_Task-1,2,R,old_trend_direction,F4,36,5,74579.0118,53938.5946,231,-0.382665089,17.9681069,-0.347620844
nominal,A_Task-1,2,R,old_trend_direction,joint,36,5,154676.023,83436.6423,693,-0.853814093,14.9398034,0.0548961302
nominal,A_Task-1,2,R,old_basis_shared,Fz,69,5,24556.5205,11769.3411,231,-1.08648218,10.3104454,-0.0685358775
nominal,A_Task-1,2,R,old_basis_shared,F3,69,5,41404.3093,17728.7066,231,-1.3354388,13.3880332,0.547764931
nominal,A_Task-1,2,R,old_basis_shared,F4,69,5,56501.6797,53938.5946,231,-0.0475185744,15.6395657,0.455274109
nominal,A_Task-1,2,R,old_basis_shared,joint,69,5,122462.51,83436.6423,693,-0.467730557,13.2933659,0.412296069
nominal,A_Task-1,2,R,old_basis_direction,Fz,36,5,25996.1417,11769.3411,231,-1.20880179,10.6083651,-0.0322337894
nominal,A_Task-1,2,R,old_basis_direction,F3,36,5,45647.2072,17728.7066,231,-1.57476241,14.0572742,0.481636436
nominal,A_Task-1,2,R,old_basis_direction,F4,36,5,49932.8662,53938.5946,231,0.0742646048,14.702367,0.526708063
nominal,A_Task-1,2,R,old_basis_direction,joint,36,5,121576.215,83436.6423,693,-0.457108194,13.2451747,0.431644953
nominal,A_Task-1,3,L,old_trend_shared,Fz,67,8,10806.019,13326.8011,231,0.189151328,6.83953967,0.557718674
nominal,A_Task-1,3,L,old_trend_shared,F3,67,8,96817.123,11325.2556,231,-7.54878041,20.4724631,0.695267567
nominal,A_Task-1,3,L,old_trend_shared,F4,67,8,120047.149,14128.2229,231,-7.49697447,22.7965925,0.218565572
nominal,A_Task-1,3,L,old_trend_shared,joint,67,8,227670.291,38780.2795,693,-4.87077488,18.1253568,-0.311972192
nominal,A_Task-1,3,L,old_trend_direction,Fz,34,8,14271.3436,13326.8011,231,-0.0708754151,7.86007051,0.557718674
nominal,A_Task-1,3,L,old_trend_direction,F3,34,8,94202.2511,11325.2556,231,-7.31789186,20.1941069,-0.695267567
nominal,A_Task-1,3,L,old_trend_direction,F4,34,8,90680.8951,14128.2229,231,-5.41842191,19.8130762,0.218565572
nominal,A_Task-1,3,L,old_trend_direction,joint,34,8,199154.49,38780.2795,693,-4.13545783,16.9522924,-0.180756229
nominal,A_Task-1,3,L,old_basis_shared,Fz,67,8,12706.0431,13326.8011,231,0.0465796713,7.41650291,0.379735833
nominal,A_Task-1,3,L,old_basis_shared,F3,67,8,102239.443,11325.2556,231,-8.02756168,21.0379417,-0.0567612314
nominal,A_Task-1,3,L,old_basis_shared,F4,67,8,130411.824,14128.2229,231,-8.23058938,23.7603314,-0.197887037
nominal,A_Task-1,3,L,old_basis_shared,joint,67,8,245357.31,38780.2795,693,-5.3268577,18.8162417,-0.339444218
nominal,A_Task-1,3,L,old_basis_direction,Fz,34,8,16452.5868,13326.8011,231,-0.234548842,8.43939095,0.210948371
nominal,A_Task-1,3,L,old_basis_direction,F3,34,8,98086.1867,11325.2556,231,-7.66083648,20.6062012,-0.31120984
nominal,A_Task-1,3,L,old_basis_direction,F4,34,8,97199.9328,14128.2229,231,-5.87984142,20.5128967,-0.0969580262
nominal,A_Task-1,3,L,old_basis_direction,joint,34,8,211738.706,38780.2795,693,-4.45995823,17.4796813,-0.249483894
nominal,A_Task-1,3,R,old_trend_shared,Fz,67,8,38824.361,47540.9225,231,0.183348599,12.9642133,0.582140283
nominal,A_Task-1,3,R,old_trend_shared,F3,67,8,161393.528,29040.4117,231,-4.55754959,26.4324286,0.432847967
nominal,A_Task-1,3,R,old_trend_shared,F4,67,8,319970.215,44652.1583,231,-6.16583983,37.2176362,0.553458752
nominal,A_Task-1,3,R,old_trend_shared,joint,67,8,520188.104,121233.492,693,-3.29079533,27.3976675,-0.299101562
nominal,A_Task-1,3,R,old_trend_direction,Fz,33,8,36391.4364,47540.9225,231,0.234523974,12.5514416,0.582140283
nominal,A_Task-1,3,R,old_trend_direction,F3,33,8,166471.985,29040.4117,231,-4.73242511,26.845073,0.432847967
nominal,A_Task-1,3,R,old_trend_direction,F4,33,8,378710.708,44652.1583,231,-7.48135281,40.4900024,0.553458752
nominal,A_Task-1,3,R,old_trend_direction,joint,33,8,581574.13,121233.492,693,-3.79714077,28.9691613,-0.394242011
nominal,A_Task-1,3,R,old_basis_shared,Fz,67,8,30878.4735,47540.9225,231,0.350486447,11.561706,0.785933666
nominal,A_Task-1,3,R,old_basis_shared,F3,67,8,158233.771,29040.4117,231,-4.44874407,26.172403,0.42363247
nominal,A_Task-1,3,R,old_basis_shared,F4,67,8,318313.001,44652.1583,231,-6.12872599,37.1211309,0.417491102
nominal,A_Task-1,3,R,old_basis_shared,joint,67,8,507425.245,121233.492,693,-3.18552031,27.0594782,-0.0439475034
nominal,A_Task-1,3,R,old_basis_direction,Fz,33,8,27305.0989,47540.9225,231,0.42565063,10.8721613,0.790014609
nominal,A_Task-1,3,R,old_basis_direction,F3,33,8,165397.442,29040.4117,231,-4.69542347,26.758293,0.411327619
nominal,A_Task-1,3,R,old_basis_direction,F4,33,8,382267.148,44652.1583,231,-7.56100046,40.6796772,0.22986736
nominal,A_Task-1,3,R,old_basis_direction,joint,33,8,574969.689,121233.492,693,-3.74266374,28.8042027,-0.179004616
nominal,A_Task-1,4,L,old_trend_shared,Fz,63,10,20489.0533,24318.0364,231,0.157454454,9.41791911,0.506884384
nominal,A_Task-1,4,L,old_trend_shared,F3,63,10,109859.995,31325.4535,231,-2.50705201,21.8078975,-0.236513436
nominal,A_Task-1,4,L,old_trend_shared,F4,63,10,89461.1392,35131.8844,231,-1.54643726,19.6793714,0.133633767
nominal,A_Task-1,4,L,old_trend_shared,joint,63,10,219810.187,90775.3743,693,-1.42147376,17.8097282,0.0980488507
nominal,A_Task-1,4,L,old_trend_direction,Fz,32,10,22103.0666,24318.0364,231,0.0910834156,9.78183373,0.506884384
nominal,A_Task-1,4,L,old_trend_direction,F3,32,10,120343.431,31325.4535,231,-2.84171393,22.8247067,-0.236513436
nominal,A_Task-1,4,L,old_trend_direction,F4,32,10,103741.712,35131.8844,231,-1.95292194,21.19194,0.133633767
nominal,A_Task-1,4,L,old_trend_direction,joint,32,10,246188.21,90775.3743,693,-1.71205943,18.8480753,-0.140108698
nominal,A_Task-1,4,L,old_basis_shared,Fz,63,10,16893.639,24318.0364,231,0.305304149,8.55176218,0.647286346
nominal,A_Task-1,4,L,old_basis_shared,F3,63,10,102668.098,31325.4535,231,-2.27746566,21.0819981,0.380740045
nominal,A_Task-1,4,L,old_basis_shared,F4,63,10,80347.6155,35131.8844,231,-1.28702835,18.6500717,0.565881846
nominal,A_Task-1,4,L,old_basis_shared,joint,63,10,199909.353,90775.3743,693,-1.20224212,16.9843894,0.421106227
nominal,A_Task-1,4,L,old_basis_direction,Fz,32,10,20037.5703,24318.0364,231,0.176020221,9.31357764,0.571280186
nominal,A_Task-1,4,L,old_basis_direction,F3,32,10,119620.269,31325.4535,231,-2.8186285,22.7560248,-0.0760612957
nominal,A_Task-1,4,L,old_basis_direction,F4,32,10,101225.285,35131.8844,231,-1.88129392,20.9333394,0.27634065
nominal,A_Task-1,4,L,old_basis_direction,joint,32,10,240883.125,90775.3743,693,-1.65361753,18.6438917,-0.00603112269
nominal,A_Task-1,4,R,old_trend_shared,Fz,63,9,12318.0527,16324.67,231,0.245433282,7.30239025,0.540568334
nominal,A_Task-1,4,R,old_trend_shared,F3,63,9,66051.5432,16463.7759,231,-3.01193163,16.9096841,0.190919105
nominal,A_Task-1,4,R,old_trend_shared,F4,63,9,115915.001,22323.627,231,-4.19248063,22.4008156,0.112559893
nominal,A_Task-1,4,R,old_trend_shared,joint,63,9,194284.597,55112.0729,693,-2.52526382,16.7437437,0.0272443761
nominal,A_Task-1,4,R,old_trend_direction,Fz,31,9,11635.9615,16324.67,231,0.287216125,7.09733245,0.540568334
nominal,A_Task-1,4,R,old_trend_direction,F3,31,9,57652.8855,16463.7759,231,-2.50180214,15.7980882,0.190919105
nominal,A_Task-1,4,R,old_trend_direction,F4,31,9,98714.9351,22323.627,231,-3.42199356,20.6721402,0.112559893
nominal,A_Task-1,4,R,old_trend_direction,joint,31,9,168003.782,55112.0729,693,-2.04840252,15.5701541,0.341672468
nominal,A_Task-1,4,R,old_basis_shared,Fz,63,9,8717.01417,16324.67,231,0.466022028,6.14296281,0.735283772
nominal,A_Task-1,4,R,old_basis_shared,F3,63,9,61976.1229,16463.7759,231,-2.76439302,16.3797101,0.571954616
nominal,A_Task-1,4,R,old_basis_shared,F4,63,9,109531.723,22323.627,231,-3.90653794,21.7752911,0.539250637
nominal,A_Task-1,4,R,old_basis_shared,joint,63,9,180224.86,55112.0729,693,-2.27015209,16.1265227,0.324646334
nominal,A_Task-1,4,R,old_basis_direction,Fz,31,9,7116.98441,16324.67,231,0.564035021,5.55062666,0.755944267
nominal,A_Task-1,4,R,old_basis_direction,F3,31,9,50497.0243,16463.7759,231,-2.06715936,14.7851898,0.703480397
nominal,A_Task-1,4,R,old_basis_direction,F4,31,9,89043.2175,22323.627,231,-2.98874329,19.6333511,0.668320551
nominal,A_Task-1,4,R,old_basis_direction,joint,31,9,146657.226,55112.0729,693,-1.66107258,14.5473911,0.582413548
nominal,A_Task-1,5,L,old_trend_shared,Fz,64,7,27333.25,28414.3316,231,0.0380470563,10.8777644,0.461048044
nominal,A_Task-1,5,L,old_trend_shared,F3,64,7,33379.3327,33472.0646,231,0.00277042615,12.0207852,0.511557682
nominal,A_Task-1,5,L,old_trend_shared,F4,64,7,40099.3341,29244.3854,231,-0.371180603,13.175363,0.324309658
nominal,A_Task-1,5,L,old_trend_shared,joint,64,7,100811.917,91130.7816,693,-0.106233425,12.0611667,0.140714512
nominal,A_Task-1,5,L,old_trend_direction,Fz,34,7,27984.2017,28414.3316,231,0.0151377797,11.0065313,0.461048044
nominal,A_Task-1,5,L,old_trend_direction,F3,34,7,32966.052,33472.0646,231,0.0151174598,11.9461367,0.511557682
nominal,A_Task-1,5,L,old_trend_direction,F4,34,7,47807.2334,29244.3854,231,-0.63474912,14.3860252,0.324309658
nominal,A_Task-1,5,L,old_trend_direction,joint,34,7,108757.487,91130.7816,693,-0.193422081,12.5274583,0.0847282541
nominal,A_Task-1,5,L,old_basis_shared,Fz,64,7,21200.2047,28414.3316,231,0.253890432,9.57996753,0.786494069
nominal,A_Task-1,5,L,old_basis_shared,F3,64,7,27120.8511,33472.0646,231,0.189746689,10.8354179,0.6494204
nominal,A_Task-1,5,L,old_basis_shared,F4,64,7,31898.9891,29244.3854,231,-0.090773103,11.7512068,0.704780602
nominal,A_Task-1,5,L,old_basis_shared,joint,64,7,80220.0449,91130.7816,693,0.11972614,10.7590725,0.569071736
nominal,A_Task-1,5,L,old_basis_direction,Fz,34,7,24733.852,28414.3316,231,0.129528987,10.3476061,0.735135002
nominal,A_Task-1,5,L,old_basis_direction,F3,34,7,29868.7208,33472.0646,231,0.107652271,11.3710959,0.543664713
nominal,A_Task-1,5,L,old_basis_direction,F4,34,7,42596.0989,29244.3854,231,-0.456556471,13.5793482,0.617348834
nominal,A_Task-1,5,L,old_basis_direction,joint,34,7,97198.6717,91130.7816,693,-0.0665844181,11.8430496,0.345977857
nominal,A_Task-1,5,R,old_trend_shared,Fz,64,12,29968.5315,34077.8087,231,0.120585135,11.3900791,0.679902601
nominal,A_Task-1,5,R,old_trend_shared,F3,64,12,37475.4176,37963.2201,231,0.0128493461,12.737003,0.578840377
nominal,A_Task-1,5,R,old_trend_shared,F4,64,12,71850.1656,75483.1601,231,0.0481298676,17.636317,0.65914125
nominal,A_Task-1,5,R,old_trend_shared,joint,64,12,139294.115,147524.189,693,0.0557879645,14.1775036,0.455741695
nominal,A_Task-1,5,R,old_trend_direction,Fz,30,12,27438.4033,34077.8087,231,0.19483076,10.8986681,0.679902601
nominal,A_Task-1,5,R,old_trend_direction,F3,30,12,37613.4113,37963.2201,231,0.00921441314,12.7604318,0.578840377
nominal,A_Task-1,5,R,old_trend_direction,F4,30,12,87027.3791,75483.1601,231,-0.152937675,19.4098403,-0.65914125
nominal,A_Task-1,5,R,old_trend_direction,joint,30,12,152079.194,147524.189,693,-0.0308763253,14.8138616,0.191424277
nominal,A_Task-1,5,R,old_basis_shared,Fz,64,12,25329.1327,34077.8087,231,0.256726484,10.471386,0.828585519
nominal,A_Task-1,5,R,old_basis_shared,F3,64,12,32415.6065,37963.2201,231,0.14613127,11.8459825,0.523104036
nominal,A_Task-1,5,R,old_basis_shared,F4,64,12,62742.1917,75483.1601,231,0.168792196,16.4806316,0.573104417
nominal,A_Task-1,5,R,old_basis_shared,joint,64,12,120486.931,147524.189,693,0.183273388,13.185705,0.635703388
nominal,A_Task-1,5,R,old_basis_direction,Fz,30,12,20913.9609,34077.8087,231,0.386287977,9.51507369,0.826887327
nominal,A_Task-1,5,R,old_basis_direction,F3,30,12,29689.9812,37963.2201,231,0.217927744,11.3370215,0.565543562
nominal,A_Task-1,5,R,old_basis_direction,F4,30,12,75007.4985,75483.1601,231,0.00630155932,18.01965,0.17774228
nominal,A_Task-1,5,R,old_basis_direction,joint,30,12,125611.441,147524.189,693,0.148536647,13.4631902,0.488199371
nominal,A_Task-1,1,L,shape_wc,Fz,67,9,9795.49967,3130.9082,231,-2.12864481,6.51189377,0.351885804
nominal,A_Task-1,1,L,shape_wc,F3,67,9,16540.2237,2886.7908,231,-4.72962325,8.46183785,-0.309024772
nominal,A_Task-1,1,L,shape_wc,F4,67,9,9963.08272,17737.3134,231,0.438298095,6.56736083,0.710487058
nominal,A_Task-1,1,L,shape_wc,joint,67,9,36298.8061,23755.0124,693,-0.52804829,7.23734962,0.473555537
nominal,A_Task-1,1,R,shape_wc,Fz,67,8,12317.7096,2811.54178,231,-3.38112274,7.30228857,-0.260248488
nominal,A_Task-1,1,R,shape_wc,F3,67,8,21736.0793,9130.02686,231,-1.38072457,9.70028768,-0.769529698
nominal,A_Task-1,1,R,shape_wc,F4,67,8,121804.675,39239.8995,231,-2.10410264,22.9628606,-0.837432617
nominal,A_Task-1,1,R,shape_wc,joint,67,8,155858.464,51181.4681,693,-2.04521285,14.9967993,-0.506895298
nominal,A_Task-1,1,L,shape_blind,Fz,67,9,9644.03373,3130.9082,231,-2.08026717,6.46135154,0.359965593
nominal,A_Task-1,1,L,shape_blind,F3,67,9,16326.2092,2886.7908,231,-4.65548746,8.40691561,-0.317046714
nominal,A_Task-1,1,L,shape_blind,F4,67,9,10129.2502,17737.3134,231,0.428929852,6.62190063,0.704402165
nominal,A_Task-1,1,L,shape_blind,joint,67,9,36099.4931,23755.0124,693,-0.519657935,7.2174525,0.475579726
nominal,A_Task-1,1,R,shape_blind,Fz,67,8,12221.2111,2811.54178,231,-3.34680046,7.27362879,-0.260522041
nominal,A_Task-1,1,R,shape_blind,F3,67,8,21422.3925,9130.02686,231,-1.34636687,9.6300379,-0.753915608
nominal,A_Task-1,1,R,shape_blind,F4,67,8,121266.684,39239.8995,231,-2.09039232,22.9120929,-0.849137644
nominal,A_Task-1,1,R,shape_blind,joint,67,8,154910.287,51181.4681,693,-2.02668706,14.9511126,-0.504473093
nominal,A_Task-1,1,L,no_feedback,Fz,67,9,10359.5946,3130.9082,231,-2.30881456,6.69677011,0.329779575
nominal,A_Task-1,1,L,no_feedback,F3,67,9,20029.5427,2886.7908,231,-5.93834231,9.31171183,-0.371348242
nominal,A_Task-1,1,L,no_feedback,F4,67,9,12645.2595,17737.3134,231,0.287081462,7.39874201,0.552661256
nominal,A_Task-1,1,L,no_feedback,joint,67,9,43034.3969,23755.0124,693,-0.811592273,7.88027264,0.374797253
nominal,A_Task-1,1,R,no_feedback,Fz,67,8,12675.9254,2811.54178,231,-3.50853176,7.40770788,-0.256031746
nominal,A_Task-1,1,R,no_feedback,F3,67,8,23632.464,9130.02686,231,-1.58843313,10.1145953,-0.895046405
nominal,A_Task-1,1,R,no_feedback,F4,67,8,122445.15,39239.8995,231,-2.12042467,23.0231532,-0.866081215
nominal,A_Task-1,1,R,no_feedback,joint,67,8,158753.54,51181.4681,693,-2.10177776,15.1354414,-0.53170452
nominal,A_Task-1,2,L,shape_wc,Fz,69,9,27004.9284,10994.2428,231,-1.45627907,10.8122362,-0.585147433
nominal,A_Task-1,2,L,shape_wc,F3,69,9,31657.146,7879.2746,231,-3.01777417,11.706576,-0.268291938
nominal,A_Task-1,2,L,shape_wc,F4,69,9,33712.2655,9535.37589,231,-2.53549413,12.0805854,-0.0401918727
nominal,A_Task-1,2,L,shape_wc,joint,69,9,92374.3399,28408.8933,693,-2.25159938,11.5454019,-0.389548051
nominal,A_Task-1,2,R,shape_wc,Fz,69,5,24399.0568,11769.3411,231,-1.07310304,10.2773354,-0.22797266
nominal,A_Task-1,2,R,shape_wc,F3,69,5,49448.3078,17728.7066,231,-1.78916612,14.6308557,-0.168396353
nominal,A_Task-1,2,R,shape_wc,F4,69,5,75035.5349,53938.5946,231,-0.391128846,18.0230174,-0.200129065
nominal,A_Task-1,2,R,shape_wc,joint,69,5,148882.9,83436.6423,693,-0.784382681,14.6573613,0.0850899271
nominal,A_Task-1,2,L,shape_blind,Fz,69,9,26672.2566,10994.2428,231,-1.42602034,10.7454322,-0.569793916
nominal,A_Task-1,2,L,shape_blind,F3,69,9,31085.1228,7879.2746,231,-2.94517572,11.6003289,-0.1988602
nominal,A_Task-1,2,L,shape_blind,F4,69,9,33280.5514,9535.37589,231,-2.49021914,12.0029851,-0.00783517288
nominal,A_Task-1,2,L,shape_blind,joint,69,9,91037.9308,28408.8933,693,-2.20455746,11.4615822,-0.363589101
nominal,A_Task-1,2,R,shape_blind,Fz,69,5,24091.9646,11769.3411,231,-1.04701048,10.2124541,-0.218673108
nominal,A_Task-1,2,R,shape_blind,F3,69,5,49774.6685,17728.7066,231,-1.80757473,14.6790584,-0.188226384
nominal,A_Task-1,2,R,shape_blind,F4,69,5,75762.2581,53938.5946,231,-0.404602004,18.110084,-0.23834916
nominal,A_Task-1,2,R,shape_blind,joint,69,5,149628.891,83436.6423,693,-0.793323498,14.6940364,0.0742859014
nominal,A_Task-1,2,L,no_feedback,Fz,69,9,27762.6883,10994.2428,231,-1.5252024,10.9628827,-0.577085665
nominal,A_Task-1,2,L,no_feedback,F3,69,9,31824.7784,7879.2746,231,-3.03904927,11.7375297,-0.236512529
nominal,A_Task-1,2,L,no_feedback,F4,69,9,32660.2873,9535.37589,231,-2.42517041,11.8906066,0.0155841183
nominal,A_Task-1,2,L,no_feedback,joint,69,9,92247.754,28408.8933,693,-2.24714353,11.5374886,-0.352923088
nominal,A_Task-1,2,R,no_feedback,Fz,69,5,24010.6275,11769.3411,231,-1.04009955,10.1952004,-0.194148753
nominal,A_Task-1,2,R,no_feedback,F3,69,5,47325.3471,17728.7066,231,-1.66941905,14.3133376,0.0476588798
nominal,A_Task-1,2,R,no_feedback,F4,69,5,71352.6976,53938.5946,231,-0.322850513,17.5751568,-0.0503018543
nominal,A_Task-1,2,R,no_feedback,joint,69,5,142688.672,83436.6423,693,-0.710143987,14.3492146,0.169071002
nominal,A_Task-1,3,L,shape_wc,Fz,67,8,11278.0327,13326.8011,231,0.153732946,6.98732083,0.497303487
nominal,A_Task-1,3,L,shape_wc,F3,67,8,96970.6784,11325.2556,231,-7.56233908,20.4886917,0.424222841
nominal,A_Task-1,3,L,shape_wc,F4,67,8,120823.254,14128.2229,231,-7.55190741,22.8701637,0.235645618
nominal,A_Task-1,3,L,shape_wc,joint,67,8,229071.965,38780.2795,693,-4.90691887,18.1810664,-0.302538587
nominal,A_Task-1,3,R,shape_wc,Fz,67,8,37976.8026,47540.9225,231,0.201176573,12.8219243,0.604454137
nominal,A_Task-1,3,R,shape_wc,F3,67,8,160927.264,29040.4117,231,-4.54149391,26.3942195,0.438346251
nominal,A_Task-1,3,R,shape_wc,F4,67,8,319972.409,44652.1583,231,-6.16588898,37.2177638,0.480623396
nominal,A_Task-1,3,R,shape_wc,joint,67,8,518876.476,121233.492,693,-3.27997631,27.3631048,-0.258960663
nominal,A_Task-1,3,L,shape_blind,Fz,67,8,11352.3698,13326.8011,231,0.148154929,7.01031084,0.490758788
nominal,A_Task-1,3,L,shape_blind,F3,67,8,97057.8218,11325.2556,231,-7.57003369,20.4978958,0.477147368
nominal,A_Task-1,3,L,shape_blind,F4,67,8,120629.829,14128.2229,231,-7.53821676,22.8518501,0.212835385
nominal,A_Task-1,3,L,shape_blind,joint,67,8,229040.021,38780.2795,693,-4.90609515,18.1797987,-0.307865286
nominal,A_Task-1,3,R,shape_blind,Fz,67,8,38274.6354,47540.9225,231,0.194911807,12.872104,0.59157823
nominal,A_Task-1,3,R,shape_blind,F3,67,8,160758.854,29040.4117,231,-4.53569473,26.3804051,0.431951721
nominal,A_Task-1,3,R,shape_blind,F4,67,8,319637.351,44652.1583,231,-6.15838525,37.1982725,0.57869854
nominal,A_Task-1,3,R,shape_blind,joint,67,8,518670.841,121233.492,693,-3.27828012,27.3576821,-0.261908779
nominal,A_Task-1,3,L,no_feedback,Fz,67,8,11224.194,13326.8011,231,0.15777283,6.97062295,0.500796334
nominal,A_Task-1,3,L,no_feedback,F3,67,8,94112.5383,11325.2556,231,-7.30997038,20.1844887,0.171648391
nominal,A_Task-1,3,L,no_feedback,F4,67,8,113930.749,14128.2229,231,-7.06405381,22.2082576,0.180800478
nominal,A_Task-1,3,L,no_feedback,joint,67,8,219267.482,38780.2795,693,-4.6540975,17.7877287,-0.251407382
nominal,A_Task-1,3,R,no_feedback,Fz,67,8,37409.3291,47540.9225,231,0.2131131,12.7257671,0.610192273
nominal,A_Task-1,3,R,no_feedback,F3,67,8,167581.143,29040.4117,231,-4.77061871,26.9343553,0.225601604
nominal,A_Task-1,3,R,no_feedback,F4,67,8,334823.956,44652.1583,231,-6.49849433,38.0717002,0.325330256
nominal,A_Task-1,3,R,no_feedback,joint,67,8,539814.428,121233.492,693,-3.45268396,27.9097295,-0.287423439
nominal,A_Task-1,4,L,shape_wc,Fz,63,10,20005.0175,24318.0364,231,0.177358848,9.30600921,0.532528639
nominal,A_Task-1,4,L,shape_wc,F3,63,10,108950.18,31325.4535,231,-2.47800806,21.7174078,-0.137302473
nominal,A_Task-1,4,L,shape_wc,F4,63,10,88462.214,35131.8844,231,-1.51800368,19.5691928,0.171154465
nominal,A_Task-1,4,L,shape_wc,joint,63,10,217417.412,90775.3743,693,-1.39511446,17.7125277,0.14211972
nominal,A_Task-1,4,R,shape_wc,Fz,63,9,12277.6101,16324.67,231,0.247910669,7.29039282,0.531628288
nominal,A_Task-1,4,R,shape_wc,F3,63,9,66162.8293,16463.7759,231,-3.01869108,16.9239231,0.184308341
nominal,A_Task-1,4,R,shape_wc,F4,63,9,115852.508,22323.627,231,-4.18968122,22.3947764,0.154652802
nominal,A_Task-1,4,R,shape_wc,joint,63,9,194292.947,55112.0729,693,-2.52541534,16.7441035,0.0468877535
nominal,A_Task-1,4,L,shape_blind,Fz,63,10,20256.3057,24318.0364,231,0.167025441,9.3642744,0.513239619
nominal,A_Task-1,4,L,shape_blind,F3,63,10,108842.294,31325.4535,231,-2.47456403,21.7066525,-0.119416372
nominal,A_Task-1,4,L,shape_blind,F4,63,10,88427.2357,35131.8844,231,-1.51700805,19.5653236,0.194977043
nominal,A_Task-1,4,L,shape_blind,joint,63,10,217525.835,90775.3743,693,-1.39630888,17.7169437,0.145465319
nominal,A_Task-1,4,R,shape_blind,Fz,63,9,12399.5654,16324.67,231,0.240440058,7.3265116,0.522942266
nominal,A_Task-1,4,R,shape_blind,F3,63,9,66264.6748,16463.7759,231,-3.02487712,16.9369438,0.149884065
nominal,A_Task-1,4,R,shape_blind,F4,63,9,116086.578,22323.627,231,-4.20016652,22.4173883,0.0939472497
nominal,A_Task-1,4,R,shape_blind,joint,63,9,194750.818,55112.0729,693,-2.53372334,16.7638215,0.0268621935
nominal,A_Task-1,4,L,no_feedback,Fz,63,10,19613.1883,24318.0364,231,0.193471548,9.21442223,0.542746427
nominal,A_Task-1,4,L,no_feedback,F3,63,10,110223.319,31325.4535,231,-2.51865037,21.8439288,-0.000243808082
nominal,A_Task-1,4,L,no_feedback,F4,63,10,89234.4205,35131.8844,231,-1.53998389,19.6544192,0.244590573
nominal,A_Task-1,4,L,no_feedback,joint,63,10,219070.928,90775.3743,693,-1.41332993,17.7797543,0.175592491
nominal,A_Task-1,4,R,no_feedback,Fz,63,9,12020.7961,16324.67,231,0.263642322,7.21374233,0.543598452
nominal,A_Task-1,4,R,no_feedback,F3,63,9,63690.1158,16463.7759,231,-2.86849993,16.6046616,0.236669158
nominal,A_Task-1,4,R,no_feedback,F4,63,9,112815.995,22323.627,231,-4.05365885,22.0993424,0.205127711
nominal,A_Task-1,4,R,no_feedback,joint,63,9,188526.907,55112.0729,693,-2.42079144,16.4937746,0.113194073
nominal,A_Task-1,5,L,shape_wc,Fz,64,7,26777.9067,28414.3316,231,0.0575915339,10.7666928,0.493266532
nominal,A_Task-1,5,L,shape_wc,F3,64,7,33018.5553,33472.0646,231,0.0135488895,11.9556459,0.18687646
nominal,A_Task-1,5,L,shape_wc,F4,64,7,38801.4624,29244.3854,231,-0.326800404,12.9603896,0.281347929
nominal,A_Task-1,5,L,shape_wc,joint,64,7,98597.9244,91130.7816,693,-0.0819387544,11.9279901,0.197629411
nominal,A_Task-1,5,R,shape_wc,Fz,64,12,29841.7729,34077.8087,231,0.124304817,11.3659652,0.651698652
nominal,A_Task-1,5,R,shape_wc,F3,64,12,37578.1857,37963.2201,231,0.0101423018,12.7544552,0.112624233
nominal,A_Task-1,5,R,shape_wc,F4,64,12,73188.3477,75483.1601,231,0.0304016475,17.7997942,0.207309032
nominal,A_Task-1,5,R,shape_wc,joint,64,12,140608.306,147524.189,693,0.0468796521,14.2442265,0.383710752
nominal,A_Task-1,5,L,shape_blind,Fz,64,7,26841.6359,28414.3316,231,0.0553486802,10.7794971,0.487344443
nominal,A_Task-1,5,L,shape_blind,F3,64,7,33015.8986,33472.0646,231,0.0136282602,11.9551649,0.209537432
nominal,A_Task-1,5,L,shape_blind,F4,64,7,39083.1002,29244.3854,231,-0.336430895,13.0073406,0.266120661
nominal,A_Task-1,5,L,shape_blind,joint,64,7,98940.6346,91130.7816,693,-0.0856993968,11.948702,0.188524997
nominal,A_Task-1,5,R,shape_blind,Fz,64,12,29893.5618,34077.8087,231,0.122785092,11.3758234,0.655805724
nominal,A_Task-1,5,R,shape_blind,F3,64,12,37576.9194,37963.2201,231,0.010175657,12.7542403,0.117102993
nominal,A_Task-1,5,R,shape_blind,F4,64,12,73193.432,75483.1601,231,0.0303342907,17.8004125,0.229585849
nominal,A_Task-1,5,R,shape_blind,joint,64,12,140663.913,147524.189,693,0.0465027176,14.2470428,0.39312632
nominal,A_Task-1,5,L,no_feedback,Fz,64,7,26021.3219,28414.3316,231,0.0842184058,10.6135016,0.522319161
nominal,A_Task-1,5,L,no_feedback,F3,64,7,32722.7949,33472.0646,231,0.0223849242,11.9019797,0.184559855
nominal,A_Task-1,5,L,no_feedback,F4,64,7,38565.6333,29244.3854,231,-0.318736322,12.920944,0.309359873
nominal,A_Task-1,5,L,no_feedback,joint,64,7,97309.7501,91130.7816,693,-0.0678033086,11.8498148,0.237934948
nominal,A_Task-1,5,R,no_feedback,Fz,64,12,29765.1077,34077.8087,231,0.126554527,11.3513559,0.626047542
nominal,A_Task-1,5,R,no_feedback,F3,64,12,36895.7311,37963.2201,231,0.0281190327,12.6381082,0.205530891
nominal,A_Task-1,5,R,no_feedback,F4,64,12,72418.0181,75483.1601,231,0.0406069641,17.7058723,0.22432438
nominal,A_Task-1,5,R,no_feedback,joint,64,12,139078.857,147524.189,693,0.0572470998,14.1665448,0.391480172
nominal,A_Task-2,1,L,old_trend_shared,Fz,70,11,66335.6867,262189.337,231,0.746993194,16.9460165,0.866091194
nominal,A_Task-2,1,L,old_trend_shared,F3,70,11,88877.6181,285485.826,231,0.688679402,19.6150859,0.886610975
nominal,A_Task-2,1,L,old_trend_shared,F4,70,11,97636.2983,397365.394,231,0.754290887,20.55889,0.872121354
nominal,A_Task-2,1,L,old_trend_shared,joint,70,11,252849.603,945040.557,693,0.732445765,19.1013702,0.861324245
nominal,A_Task-2,1,L,old_trend_direction,Fz,40,11,69573.5662,262189.337,231,0.7346438,17.3546613,0.866091194
nominal,A_Task-2,1,L,old_trend_direction,F3,40,11,120404.134,285485.826,231,0.578248293,22.8304625,0.886610975
nominal,A_Task-2,1,L,old_trend_direction,F4,40,11,103288.818,397365.394,231,0.740065894,21.1456317,0.872121354
nominal,A_Task-2,1,L,old_trend_direction,joint,40,11,293266.519,945040.557,693,0.689678378,20.5714367,0.850085007
nominal,A_Task-2,1,L,old_basis_shared,Fz,70,11,30015.7393,262189.337,231,0.885518841,11.3990467,0.942258466
nominal,A_Task-2,1,L,old_basis_shared,F3,70,11,52512.6697,285485.826,231,0.816058575,15.0773862,0.949914787
nominal,A_Task-2,1,L,old_basis_shared,F4,70,11,43822.4246,397365.394,231,0.889717561,13.7734333,0.945889037
nominal,A_Task-2,1,L,old_basis_shared,joint,70,11,126350.834,945040.557,693,0.866301152,13.5027566,0.934507262
nominal,A_Task-2,1,L,old_basis_direction,Fz,40,11,33178.1762,262189.337,231,0.873457187,11.9845095,0.941982614
nominal,A_Task-2,1,L,old_basis_direction,F3,40,11,84100.7498,285485.826,231,0.70541182,19.0806842,0.941541634
nominal,A_Task-2,1,L,old_basis_direction,F4,40,11,49545.4037,397365.394,231,0.875315253,14.6452131,0.944861441
nominal,A_Task-2,1,L,old_basis_direction,joint,40,11,166824.33,945040.557,693,0.823473894,15.5154036,0.923216226
nominal,A_Task-2,1,R,old_trend_shared,Fz,70,9,60787.3284,67532.5336,231,0.0998808243,16.2218559,0.846878761
nominal,A_Task-2,1,R,old_trend_shared,F3,70,9,232872.219,107927.17,231,-1.15767928,31.7506668,0.943800344
nominal,A_Task-2,1,R,old_trend_shared,F4,70,9,115001.181,124197.251,231,0.0740440675,22.3123421,0.920016262
nominal,A_Task-2,1,R,old_trend_shared,joint,70,9,408660.729,299656.955,693,-0.36376187,24.2836987,0.795495133
nominal,A_Task-2,1,R,old_trend_direction,Fz,30,9,70125.976,67532.5336,231,-0.0384028592,17.4234226,0.846878761
nominal,A_Task-2,1,R,old_trend_direction,F3,30,9,163039.913,107927.17,231,-0.510647532,26.5669059,0.943800344
nominal,A_Task-2,1,R,old_trend_direction,F4,30,9,140039.8,124197.251,231,-0.127559585,24.6217973,0.920016262
nominal,A_Task-2,1,R,old_trend_direction,joint,30,9,373205.69,299656.955,693,-0.245443112,23.206386,0.809524323
nominal,A_Task-2,1,R,old_basis_shared,Fz,70,9,85328.9084,67532.5336,231,-0.263522984,19.2195009,0.822069906
nominal,A_Task-2,1,R,old_basis_shared,F3,70,9,270311.177,107927.17,231,-1.50457023,34.2078683,0.828361136
nominal,A_Task-2,1,R,old_basis_shared,F4,70,9,168725.202,124197.251,231,-0.358526059,27.0261379,0.848519164
nominal,A_Task-2,1,R,old_basis_shared,joint,70,9,524365.287,299656.955,693,-0.749885258,27.5074511,0.734991547
nominal,A_Task-2,1,R,old_basis_direction,Fz,30,9,95743.0075,67532.5336,231,-0.41773161,20.3585828,0.829679577
nominal,A_Task-2,1,R,old_basis_direction,F3,30,9,197853.305,107927.17,231,-0.833211268,29.2661547,0.857189084
nominal,A_Task-2,1,R,old_basis_direction,F4,30,9,206693.042,124197.251,231,-0.664232022,29.9127911,0.85243968
nominal,A_Task-2,1,R,old_basis_direction,joint,30,9,500289.354,299656.955,693,-0.669540273,26.8685366,0.75580823
nominal,A_Task-2,2,L,old_trend_shared,Fz,72,9,140098.575,328084.029,231,0.572979594,24.6269636,0.776948109
nominal,A_Task-2,2,L,old_trend_shared,F3,72,9,233755.92,412042.807,231,0.432690206,31.8108533,0.808228205
nominal,A_Task-2,2,L,old_trend_shared,F4,72,9,189955.655,489266.078,231,0.611753883,28.6761025,0.797866496
nominal,A_Task-2,2,L,old_trend_shared,joint,72,9,563810.15,1229392.91,693,0.54139141,28.5233038,0.783187633
nominal,A_Task-2,2,L,old_trend_direction,Fz,40,9,152289.688,328084.029,231,0.535821088,25.6761118,0.776948109
nominal,A_Task-2,2,L,old_trend_direction,F3,40,9,331124.765,412042.807,231,0.19638261,37.8608048,0.808228205
nominal,A_Task-2,2,L,old_trend_direction,F4,40,9,211062.218,489266.078,231,0.568614652,30.2272932,0.797866496
nominal,A_Task-2,2,L,old_trend_direction,joint,40,9,694476.67,1229392.91,693,0.435106009,31.6564502,0.767145292
nominal,A_Task-2,2,L,old_basis_shared,Fz,72,9,93244.6551,328084.029,231,0.715790325,20.0912049,0.866859023
nominal,A_Task-2,2,L,old_basis_shared,F3,72,9,171224.865,412042.807,231,0.584448844,27.2255979,0.913045931
nominal,A_Task-2,2,L,old_basis_shared,F4,72,9,127197.416,489266.078,231,0.740024045,23.4656806,0.875840109
nominal,A_Task-2,2,L,old_basis_shared,joint,72,9,391666.936,1229392.91,693,0.681414354,23.7734296,0.871226843
nominal,A_Task-2,2,L,old_basis_direction,Fz,40,9,104640.765,328084.029,231,0.681054986,21.2835694,0.867136016
nominal,A_Task-2,2,L,old_basis_direction,F3,40,9,266417.491,412042.807,231,0.353422783,33.9606018,0.909937994
nominal,A_Task-2,2,L,old_basis_direction,F4,40,9,149660.5,489266.078,231,0.694112249,25.4535057,0.873285046
nominal,A_Task-2,2,L,old_basis_direction,joint,40,9,520718.757,1229392.91,693,0.576442364,27.4116384,0.856007845
nominal,A_Task-2,2,R,old_trend_shared,Fz,72,8,88102.957,267152.459,231,0.670214688,19.5294158,0.820454858
nominal,A_Task-2,2,R,old_trend_shared,F3,72,8,149969.319,230612.936,231,0.349692511,25.4797534,0.764034696
nominal,A_Task-2,2,R,old_trend_shared,F4,72,8,205807.483,393206.235,231,0.476591507,29.8486429,0.77751376
nominal,A_Task-2,2,R,old_trend_shared,joint,72,8,443879.759,890971.63,693,0.501802589,25.3084795,0.766145071
nominal,A_Task-2,2,R,old_trend_direction,Fz,32,8,91348.7003,267152.459,231,0.658065284,19.8858975,0.820454858
nominal,A_Task-2,2,R,old_trend_direction,F3,32,8,259830.201,230612.936,231,-0.126693952,33.5381285,0.764034696
nominal,A_Task-2,2,R,old_trend_direction,F4,32,8,253083.801,393206.235,231,0.356358626,33.0998621,0.77751376
nominal,A_Task-2,2,R,old_trend_direction,joint,32,8,604262.702,890971.63,693,0.321793555,29.5288325,0.747585532
nominal,A_Task-2,2,R,old_basis_shared,Fz,72,8,41632.3564,267152.459,231,0.844162556,13.424852,0.922596369
nominal,A_Task-2,2,R,old_basis_shared,F3,72,8,106429.219,230612.936,231,0.538494152,21.4646814,0.881489014
nominal,A_Task-2,2,R,old_basis_shared,F4,72,8,118811.171,393206.235,231,0.697840062,22.6789346,0.908451339
nominal,A_Task-2,2,R,old_basis_shared,joint,72,8,266872.747,890971.63,693,0.700469984,19.6239078,0.883939528
nominal,A_Task-2,2,R,old_basis_direction,Fz,32,8,46882.5524,267152.459,231,0.824510122,14.2462196,0.919863069
nominal,A_Task-2,2,R,old_basis_direction,F3,32,8,224873.965,230612.936,231,0.0248857288,31.2006469,0.856727317
nominal,A_Task-2,2,R,old_basis_direction,F4,32,8,169675.592,393206.235,231,0.568481939,27.102147,0.899914295
nominal,A_Task-2,2,R,old_basis_direction,joint,32,8,441432.11,890971.63,693,0.504549758,25.2386048,0.855794237
nominal,A_Task-2,3,L,old_trend_shared,Fz,71,9,58004.9293,158996.084,231,0.635180139,15.8462485,0.864153951
nominal,A_Task-2,3,L,old_trend_shared,F3,71,9,100979.24,83096.1861,231,-0.215209081,20.9078829,0.778497429
nominal,A_Task-2,3,L,old_trend_shared,F4,71,9,164559.956,175785.879,231,0.0638613433,26.690462,0.850018038
nominal,A_Task-2,3,L,old_trend_shared,joint,71,9,323544.126,417878.149,693,0.225745289,21.6072821,0.819542295
nominal,A_Task-2,3,L,old_trend_direction,Fz,41,9,73904.3682,158996.084,231,0.535181206,17.8866523,0.864153951
nominal,A_Task-2,3,L,old_trend_direction,F3,41,9,139467.211,83096.1861,231,-0.678382819,24.5714094,0.778497429
nominal,A_Task-2,3,L,old_trend_direction,F4,41,9,204024.084,175785.879,231,-0.160639779,29.7190367,0.850018038
nominal,A_Task-2,3,L,old_trend_direction,joint,41,9,417395.663,417878.149,693,0.00115461011,24.5418529,0.817994847
nominal,A_Task-2,3,L,old_basis_shared,Fz,71,9,39411.7392,158996.084,231,0.752121322,13.0619137,0.935495881
nominal,A_Task-2,3,L,old_basis_shared,F3,71,9,86953.389,83096.1861,231,-0.0464185318,19.4015875,0.898236125
nominal,A_Task-2,3,L,old_basis_shared,F4,71,9,152807.837,175785.879,231,0.130716082,25.7197548,0.916251516
nominal,A_Task-2,3,L,old_basis_shared,joint,71,9,279172.966,417878.149,693,0.331927343,20.0710486,0.893849468
nominal,A_Task-2,3,L,old_basis_direction,Fz,41,9,56783.0294,158996.084,231,0.642865234,15.6784559,0.93672222
nominal,A_Task-2,3,L,old_basis_direction,F3,41,9,129311.965,83096.1861,231,-0.556172085,23.6599251,0.899578292
nominal,A_Task-2,3,L,old_basis_direction,F4,41,9,195766.445,175785.879,231,-0.113664228,29.1114031,0.916673062
nominal,A_Task-2,3,L,old_basis_direction,joint,41,9,381861.44,417878.149,693,0.0861895018,23.473956,0.893062158
nominal,A_Task-2,3,R,old_trend_shared,Fz,71,9,95801.3028,251826.741,231,0.619574544,20.3647798,0.807264938
nominal,A_Task-2,3,R,old_trend_shared,F3,71,9,232192.335,193664.306,231,-0.198942329,31.704284,0.867825058
nominal,A_Task-2,3,R,old_trend_shared,F4,71,9,142826.179,420184.94,231,0.660087345,24.8655413,0.844050977
nominal,A_Task-2,3,R,old_trend_shared,joint,71,9,470819.816,865675.988,693,0.456124667,26.0651813,0.804990253
nominal,A_Task-2,3,R,old_trend_direction,Fz,30,9,88484.0576,251826.741,231,0.648631209,19.5716087,0.807264938
nominal,A_Task-2,3,R,old_trend_direction,F3,30,9,157308.318,193664.306,231,0.187726844,26.0957542,0.867825058
nominal,A_Task-2,3,R,old_trend_direction,F4,30,9,126159.444,420184.94,231,0.699752581,23.3697407,0.844050977
nominal,A_Task-2,3,R,old_trend_direction,joint,30,9,371951.819,865675.988,693,0.570333677,23.1673695,0.812601016
nominal,A_Task-2,3,R,old_basis_shared,Fz,71,9,58974.5648,251826.741,231,0.765812937,15.9781459,0.893024503
nominal,A_Task-2,3,R,old_basis_shared,F3,71,9,226775.45,193664.306,231,-0.170971845,31.3322822,0.890985554
nominal,A_Task-2,3,R,old_basis_shared,F4,71,9,91969.1128,420184.94,231,0.781122301,19.9533127,0.912832371
nominal,A_Task-2,3,R,old_basis_shared,joint,71,9,377719.128,865675.988,693,0.563671474,23.3462898,0.866560707
nominal,A_Task-2,3,R,old_basis_direction,Fz,30,9,52909.1911,251826.741,231,0.78989844,15.1342036,0.891344259
nominal,A_Task-2,3,R,old_basis_direction,F3,30,9,146842.722,193664.306,231,0.241766721,25.2127503,0.899189213
nominal,A_Task-2,3,R,old_basis_direction,F4,30,9,75989.2204,420184.94,231,0.819152918,18.1371901,0.912232663
nominal,A_Task-2,3,R,old_basis_direction,joint,30,9,275741.134,865675.988,693,0.681473048,19.9473019,0.874811807
nominal,A_Task-2,4,L,old_trend_shared,Fz,70,9,99017.7473,259690.984,231,0.618709338,20.7038223,0.815296773
nominal,A_Task-2,4,L,old_trend_shared,F3,70,9,73130.8613,235249.197,231,0.689134492,17.7928023,0.854286913
nominal,A_Task-2,4,L,old_trend_shared,F4,70,9,146816.902,415011.088,231,0.646233784,25.2105336,0.82649225
nominal,A_Task-2,4,L,old_trend_shared,joint,70,9,318965.511,909951.27,693,0.649469679,21.4538503,0.830525394
nominal,A_Task-2,4,L,old_trend_direction,Fz,42,9,95214.9958,259690.984,231,0.633352709,20.3023676,0.815296773
nominal,A_Task-2,4,L,old_trend_direction,F3,42,9,67231.0758,235249.197,231,0.714213368,17.0600005,0.854286913
nominal,A_Task-2,4,L,old_trend_direction,F4,42,9,143245.637,415011.088,231,0.654839013,24.9020277,0.82649225
nominal,A_Task-2,4,L,old_trend_direction,joint,42,9,305691.708,909951.27,693,0.664057056,21.002704,0.827040231
nominal,A_Task-2,4,L,old_basis_shared,Fz,70,9,64025.8646,259690.984,231,0.753453649,16.6483706,0.894469244
nominal,A_Task-2,4,L,old_basis_shared,F3,70,9,46976.2395,235249.197,231,0.80031286,14.2604468,0.915785693
nominal,A_Task-2,4,L,old_basis_shared,F4,70,9,90597.518,415011.088,231,0.78169856,19.8039655,0.905842428
nominal,A_Task-2,4,L,old_basis_shared,joint,70,9,201599.622,909951.27,693,0.77845009,17.0560413,0.904905398
nominal,A_Task-2,4,L,old_basis_direction,Fz,42,9,64381.4472,259690.984,231,0.752084396,16.6945369,0.885134402
nominal,A_Task-2,4,L,old_basis_direction,F3,42,9,42219.9496,235249.197,231,0.820530952,13.5192583,0.908952142
nominal,A_Task-2,4,L,old_basis_direction,F4,42,9,92394.0092,415011.088,231,0.777369782,19.9993516,0.897272463
nominal,A_Task-2,4,L,old_basis_direction,joint,42,9,198995.406,909951.27,693,0.781312019,16.9455203,0.893847383
nominal,A_Task-2,4,R,old_trend_shared,Fz,70,9,210070.486,407565.602,231,0.484572582,30.1561941,0.737216287
nominal,A_Task-2,4,R,old_trend_shared,F3,70,9,358153.47,371672.17,231,0.0363726446,39.3757276,0.711326682
nominal,A_Task-2,4,R,old_trend_shared,F4,70,9,467597.066,708689.783,231,0.340194995,44.9914405,0.72312213
nominal,A_Task-2,4,R,old_trend_shared,joint,70,9,1035821.02,1487927.55,693,0.303849829,38.6612368,0.70993887
nominal,A_Task-2,4,R,old_trend_direction,Fz,28,9,221106.376,407565.602,231,0.457495001,30.9381716,0.737216287
nominal,A_Task-2,4,R,old_trend_direction,F3,28,9,452709.29,371672.17,231,-0.218033868,44.2694079,0.711326682
nominal,A_Task-2,4,R,old_trend_direction,F4,28,9,485269.732,708689.783,231,0.315257897,45.8337733,0.72312213
nominal,A_Task-2,4,R,old_trend_direction,joint,28,9,1159085.4,1487927.55,693,0.221006832,40.8969669,0.698200974
nominal,A_Task-2,4,R,old_basis_shared,Fz,70,9,142567.996,407565.602,231,0.650196201,24.8430568,0.851696761
nominal,A_Task-2,4,R,old_basis_shared,F3,70,9,287162.717,371672.17,231,0.227376327,35.2580295,0.850739644
nominal,A_Task-2,4,R,old_basis_shared,F4,70,9,342388.942,708689.783,231,0.516870498,38.4993923,0.853149202
nominal,A_Task-2,4,R,old_basis_shared,joint,70,9,772119.654,1487927.55,693,0.481077118,33.3791818,0.836714495
nominal,A_Task-2,4,R,old_basis_direction,Fz,28,9,157787.377,407565.602,231,0.612854038,26.1354594,0.848787347
nominal,A_Task-2,4,R,old_basis_direction,F3,28,9,399244.856,371672.17,231,-0.0741855018,41.5732211,0.822069472
nominal,A_Task-2,4,R,old_basis_direction,F4,28,9,365198.94,708689.783,231,0.484684344,39.7611342,0.849077491
nominal,A_Task-2,4,R,old_basis_direction,joint,28,9,922231.173,1487927.55,693,0.380190809,36.47987,0.815964492
nominal,A_Task-2,5,L,old_trend_shared,Fz,72,14,131209.147,252332.281,231,0.480014422,23.8328548,0.805815064
nominal,A_Task-2,5,L,old_trend_shared,F3,72,14,524421.479,150810.248,231,-2.4773597,47.6468556,0.633599676
nominal,A_Task-2,5,L,old_trend_shared,F4,72,14,234111.062,381225.464,231,0.385898677,31.835009,0.77074274
nominal,A_Task-2,5,L,old_trend_shared,joint,72,14,889741.687,784367.993,693,-0.134342165,35.83153,0.693849921
nominal,A_Task-2,5,L,old_trend_direction,Fz,37,14,133862.072,252332.281,231,0.469500805,24.0725879,0.805815064
nominal,A_Task-2,5,L,old_trend_direction,F3,37,14,559095.943,150810.248,231,-2.70728085,49.1968369,0.633599676
nominal,A_Task-2,5,L,old_trend_direction,F4,37,14,260695.112,381225.464,231,0.316165533,33.5939022,0.77074274
nominal,A_Task-2,5,L,old_trend_direction,joint,37,14,953653.127,784367.993,693,-0.215823613,37.0961297,0.692483748
nominal,A_Task-2,5,L,old_basis_shared,Fz,72,14,80690.2286,252332.281,231,0.680222331,18.6897926,0.923161385
nominal,A_Task-2,5,L,old_basis_shared,F3,72,14,469437.462,150810.248,231,-2.11276898,45.0798936,0.832810488
nominal,A_Task-2,5,L,old_basis_shared,F4,72,14,148872.465,381225.464,231,0.609489714,25.3864047,0.903609092
nominal,A_Task-2,5,L,old_basis_shared,joint,72,14,699000.155,784367.993,693,0.108836463,31.7593802,0.830294818
nominal,A_Task-2,5,L,old_basis_direction,Fz,37,14,85130.7354,252332.281,231,0.662624477,19.1971696,0.917523997
nominal,A_Task-2,5,L,old_basis_direction,F3,37,14,502225.213,150810.248,231,-2.33017961,46.6276219,0.836781284
nominal,A_Task-2,5,L,old_basis_direction,F4,37,14,180026.006,381225.464,231,0.527770248,27.9165428,0.896157448
nominal,A_Task-2,5,L,old_basis_direction,joint,37,14,767381.954,784367.993,693,0.0216557011,33.2766174,0.824302973
nominal,A_Task-2,5,R,old_trend_shared,Fz,72,5,179849.606,345666.47,231,0.479701906,27.9028622,0.912155895
nominal,A_Task-2,5,R,old_trend_shared,F3,72,5,120971.869,262924.703,231,0.539899191,22.8842248,0.85837702
nominal,A_Task-2,5,R,old_trend_shared,F4,72,5,463588.37,758086.562,231,0.388475678,44.7981703,0.923129335
nominal,A_Task-2,5,R,old_trend_shared,joint,72,5,764409.845,1366677.73,693,0.440680253,33.2121139,0.887451705
nominal,A_Task-2,5,R,old_trend_direction,Fz,35,5,189981.178,345666.47,231,0.450391652,28.6780289,0.912155895
nominal,A_Task-2,5,R,old_trend_direction,F3,35,5,134129.743,262924.703,231,0.489854924,24.0966437,0.85837702
nominal,A_Task-2,5,R,old_trend_direction,F4,35,5,517146.618,758086.562,231,0.317826428,47.315219,0.923129335
nominal,A_Task-2,5,R,old_trend_direction,joint,35,5,841257.538,1366677.73,693,0.384450689,34.8415821,0.885167963
nominal,A_Task-2,5,R,old_basis_shared,Fz,72,5,165808.559,345666.47,231,0.520322122,26.7915279,0.921765317
nominal,A_Task-2,5,R,old_basis_shared,F3,72,5,98318.6598,262924.703,231,0.626057732,20.630606,0.905458931
nominal,A_Task-2,5,R,old_basis_shared,F4,72,5,428507.263,758086.562,231,0.434751538,43.0698247,0.932386352
nominal,A_Task-2,5,R,old_basis_shared,joint,72,5,692634.482,1366677.73,693,0.493198386,31.6144359,0.904976958
nominal,A_Task-2,5,R,old_basis_direction,Fz,35,5,182734.433,345666.47,231,0.471356209,28.125756,0.904789335
nominal,A_Task-2,5,R,old_basis_direction,F3,35,5,113102.618,262924.703,231,0.569828865,22.1273976,0.901916146
nominal,A_Task-2,5,R,old_basis_direction,F4,35,5,490593.237,758086.562,231,0.352853274,46.0844903,0.920614973
nominal,A_Task-2,5,R,old_basis_direction,joint,35,5,786430.288,1366677.73,693,0.424567864,33.6870901,0.892327466
nominal,A_Task-2,1,L,shape_wc,Fz,70,11,46599.1698,262189.337,231,0.822269012,14.2030985,0.909795115
nominal,A_Task-2,1,L,shape_wc,F3,70,11,66285.063,285485.826,231,0.767816624,16.9395491,0.926700495
nominal,A_Task-2,1,L,shape_wc,F4,70,11,66850.9345,397365.394,231,0.831764578,17.0117014,0.916510018
nominal,A_Task-2,1,L,shape_wc,joint,70,11,179735.167,945040.557,693,0.809812218,16.1045989,0.905786882
nominal,A_Task-2,1,R,shape_wc,Fz,70,9,62926.5866,67532.5336,231,0.0682033793,16.5048316,0.856654034
nominal,A_Task-2,1,R,shape_wc,F3,70,9,232985.293,107927.17,231,-1.15872697,31.7583744,0.907030604
nominal,A_Task-2,1,R,shape_wc,F4,70,9,126992.877,124197.251,231,-0.0225095667,23.4468061,0.91093909
nominal,A_Task-2,1,R,shape_wc,joint,70,9,422904.757,299656.955,693,-0.411296318,24.7032827,0.787665877
nominal,A_Task-2,1,L,shape_blind,Fz,70,11,56490.1775,262189.337,231,0.784544337,15.6379737,0.887935625
nominal,A_Task-2,1,L,shape_blind,F3,70,11,75259.3121,285485.826,231,0.736381616,18.0498722,0.906535334
nominal,A_Task-2,1,L,shape_blind,F4,70,11,83043.2417,397365.394,231,0.791015415,18.9603416,0.892859973
nominal,A_Task-2,1,L,shape_blind,joint,70,11,214792.731,945040.557,693,0.772715859,17.6052896,0.883678031
nominal,A_Task-2,1,R,shape_blind,Fz,70,9,63185.6759,67532.5336,231,0.0643668684,16.5387746,0.850517963
nominal,A_Task-2,1,R,shape_blind,F3,70,9,229405.128,107927.17,231,-1.12555492,31.5134224,0.920868271
nominal,A_Task-2,1,R,shape_blind,F4,70,9,122491.969,124197.251,231,0.013730434,23.0275544,0.915259464
nominal,A_Task-2,1,R,shape_blind,joint,70,9,415082.772,299656.955,693,-0.385193189,24.4737623,0.791457376
nominal,A_Task-2,1,L,no_feedback,Fz,70,11,28171.2966,262189.337,231,0.892553614,11.0432633,0.946377256
nominal,A_Task-2,1,L,no_feedback,F3,70,11,51342.9851,285485.826,231,0.820155747,14.9085212,0.954102763
nominal,A_Task-2,1,L,no_feedback,F4,70,11,41091.0889,397365.394,231,0.896591174,13.3372974,0.952033806
nominal,A_Task-2,1,L,no_feedback,joint,70,11,120605.371,945040.557,693,0.872380746,13.1921842,0.938595953
nominal,A_Task-2,1,R,no_feedback,Fz,70,9,65083.3069,67532.5336,231,0.0362673593,16.7852887,0.868816837
nominal,A_Task-2,1,R,no_feedback,F3,70,9,230452.906,107927.17,231,-1.13526312,31.5853072,0.869806856
nominal,A_Task-2,1,R,no_feedback,F4,70,9,157002.021,124197.251,231,-0.264134434,26.0703362,0.884439478
nominal,A_Task-2,1,R,no_feedback,joint,70,9,452538.234,299656.955,693,-0.510187659,25.5541254,0.770972313
nominal,A_Task-2,2,L,shape_wc,Fz,72,9,116158.067,328084.029,231,0.645950254,22.4242899,0.824521623
nominal,A_Task-2,2,L,shape_wc,F3,72,9,200403.463,412042.807,231,0.513634362,29.4541586,0.85406859
nominal,A_Task-2,2,L,shape_wc,F4,72,9,155079.446,489266.078,231,0.683036587,25.9102218,0.841942473
nominal,A_Task-2,2,L,shape_wc,joint,72,9,471640.976,1229392.91,693,0.616362702,26.0879016,0.829551035
nominal,A_Task-2,2,R,shape_wc,Fz,72,8,65822.3313,267152.459,231,0.753615102,16.8803186,0.87260853
nominal,A_Task-2,2,R,shape_wc,F3,72,8,136823.513,230612.936,231,0.406696282,24.3374111,0.826810833
nominal,A_Task-2,2,R,shape_wc,F4,72,8,173170.112,393206.235,231,0.559594694,27.3798131,0.834339026
nominal,A_Task-2,2,R,shape_wc,joint,72,8,375815.956,890971.63,693,0.578195373,23.2873993,0.820689798
nominal,A_Task-2,2,L,shape_blind,Fz,72,9,126929.005,328084.029,231,0.613120439,23.4409089,0.802064174
nominal,A_Task-2,2,L,shape_blind,F3,72,9,210384.298,412042.807,231,0.489411551,30.17871,0.834691445
nominal,A_Task-2,2,L,shape_blind,F4,72,9,172529.399,489266.078,231,0.647371019,27.3291148,0.81854281
nominal,A_Task-2,2,L,shape_blind,joint,72,9,509842.701,1229392.91,693,0.585289052,27.1238595,0.807871368
nominal,A_Task-2,2,R,shape_blind,Fz,72,8,77571.4752,267152.459,231,0.70963593,18.3250444,0.844871728
nominal,A_Task-2,2,R,shape_blind,F3,72,8,146989.395,230612.936,231,0.36261427,25.225339,0.796023038
nominal,A_Task-2,2,R,shape_blind,F4,72,8,192031.542,393206.235,231,0.511626407,28.8323668,0.805372652
nominal,A_Task-2,2,R,shape_blind,joint,72,8,416592.412,890971.63,693,0.532429095,24.5182269,0.792119944
nominal,A_Task-2,2,L,no_feedback,Fz,72,9,93366.6364,328084.029,231,0.715418526,20.1043422,0.870053284
nominal,A_Task-2,2,L,no_feedback,F3,72,9,184917.179,412042.807,231,0.551218524,28.2932371,0.890054561
nominal,A_Task-2,2,L,no_feedback,F4,72,9,120171.188,489266.078,231,0.754384795,22.8083667,0.886098337
nominal,A_Task-2,2,L,no_feedback,joint,72,9,398455.003,1229392.91,693,0.675892875,23.9785559,0.870925731
nominal,A_Task-2,2,R,no_feedback,Fz,72,8,46024.6843,267152.459,231,0.827721277,14.1152775,0.918372188
nominal,A_Task-2,2,R,no_feedback,F3,72,8,140744.374,230612.936,231,0.389694369,24.6836586,0.871755002
nominal,A_Task-2,2,R,no_feedback,F4,72,8,138558.732,393206.235,231,0.647618171,24.4912505,0.896019306
nominal,A_Task-2,2,R,no_feedback,joint,72,8,325327.79,890971.63,693,0.634861785,21.6667596,0.86990964
nominal,A_Task-2,3,L,shape_wc,Fz,71,9,43676.4046,158996.084,231,0.725298866,13.7504671,0.904495578
nominal,A_Task-2,3,L,shape_wc,F3,71,9,87156.4605,83096.1861,231,-0.0488623434,19.4242296,0.832001541
nominal,A_Task-2,3,L,shape_wc,F4,71,9,143813.403,175785.879,231,0.181883073,24.9513295,0.890660516
nominal,A_Task-2,3,L,shape_wc,joint,71,9,274646.268,417878.149,693,0.34275992,19.9076609,0.860580789
nominal,A_Task-2,3,R,shape_wc,Fz,71,9,75789.9518,251826.741,231,0.699039302,18.1133936,0.850737223
nominal,A_Task-2,3,R,shape_wc,F3,71,9,218681.573,193664.306,231,-0.129178508,30.7680593,0.87275856
nominal,A_Task-2,3,R,shape_wc,F4,71,9,113280.922,420184.94,231,0.730402233,22.1448324,0.881254889
nominal,A_Task-2,3,R,shape_wc,joint,71,9,407752.446,865675.988,693,0.528977987,24.2566974,0.836531262
nominal,A_Task-2,3,L,shape_blind,Fz,71,9,49592.481,158996.084,231,0.688089922,14.6521693,0.884748793
nominal,A_Task-2,3,L,shape_blind,F3,71,9,90329.8242,83096.1861,231,-0.0870513856,19.7746858,0.809758945
nominal,A_Task-2,3,L,shape_blind,F4,71,9,151510.496,175785.879,231,0.138096321,25.6103415,0.870028416
nominal,A_Task-2,3,L,shape_blind,joint,71,9,291432.801,417878.149,693,0.302589041,20.507022,0.841007072
nominal,A_Task-2,3,R,shape_blind,Fz,71,9,87262.1353,251826.741,231,0.653483443,19.4360017,0.824148258
nominal,A_Task-2,3,R,shape_blind,F3,71,9,223951.429,193664.306,231,-0.156389801,31.1365815,0.860518438
nominal,A_Task-2,3,R,shape_blind,F4,71,9,128978.691,420184.94,231,0.693043042,23.6294162,0.859361918
nominal,A_Task-2,3,R,shape_blind,joint,71,9,440192.255,865675.988,693,0.491504603,25.2031359,0.81611486
nominal,A_Task-2,3,L,no_feedback,Fz,71,9,40490.4888,158996.084,231,0.745336566,13.2394676,0.939319857
nominal,A_Task-2,3,L,no_feedback,F3,71,9,99901.0409,83096.1861,231,-0.202233768,20.7959621,0.875272161
nominal,A_Task-2,3,L,no_feedback,F4,71,9,149518.354,175785.879,231,0.149429095,25.4414151,0.931256498
nominal,A_Task-2,3,L,no_feedback,joint,71,9,289909.884,417878.149,693,0.306233445,20.4533709,0.896389324
nominal,A_Task-2,3,R,no_feedback,Fz,71,9,47575.0363,251826.741,231,0.811080284,14.3510466,0.910211069
nominal,A_Task-2,3,R,no_feedback,F3,71,9,187260.745,193664.306,231,0.0330652663,28.4719612,0.903421002
nominal,A_Task-2,3,R,no_feedback,F4,71,9,72940.0638,420184.94,231,0.826409619,17.7695766,0.929954261
nominal,A_Task-2,3,R,no_feedback,joint,71,9,307775.845,865675.988,693,0.644467619,21.0741782,0.884714536
nominal,A_Task-2,4,L,shape_wc,Fz,70,9,82294.6436,259690.984,231,0.683105504,18.8746886,0.856872169
nominal,A_Task-2,4,L,shape_wc,F3,70,9,61107.6433,235249.197,231,0.740242926,16.2645397,0.893438765
nominal,A_Task-2,4,L,shape_wc,F4,70,9,120618.04,415011.088,231,0.709361887,22.8507334,0.867188484
nominal,A_Task-2,4,L,shape_wc,joint,70,9,264020.326,909951.27,693,0.709852236,19.5187528,0.871136795
nominal,A_Task-2,4,R,shape_wc,Fz,70,9,181250.358,407565.602,231,0.555285438,28.0113117,0.795230968
nominal,A_Task-2,4,R,shape_wc,F3,70,9,343409.39,371672.17,231,0.0760422271,38.556721,0.776013318
nominal,A_Task-2,4,R,shape_wc,F4,70,9,419249.053,708689.783,231,0.408416682,42.6020066,0.78113393
nominal,A_Task-2,4,R,shape_wc,joint,70,9,943908.801,1487927.55,693,0.365621802,36.9061209,0.767411921
nominal,A_Task-2,4,L,shape_blind,Fz,70,9,91294.1076,259690.984,231,0.648450993,19.8799544,0.836362632
nominal,A_Task-2,4,L,shape_blind,F3,70,9,67328.6657,235249.197,231,0.713798532,17.0723778,0.87763282
nominal,A_Task-2,4,L,shape_blind,F4,70,9,134993.371,415011.088,231,0.674723459,24.1740954,0.8456809
nominal,A_Task-2,4,L,shape_blind,joint,70,9,293616.145,909951.27,693,0.677327617,20.5836955,0.85154667
nominal,A_Task-2,4,R,shape_blind,Fz,70,9,197197.97,407565.602,231,0.516156493,29.2176465,0.764037765
nominal,A_Task-2,4,R,shape_blind,F3,70,9,356499.736,371672.17,231,0.0408220877,39.2847158,0.745598451
nominal,A_Task-2,4,R,shape_blind,F4,70,9,445585.766,708689.783,231,0.371254142,43.9197303,0.750916728
nominal,A_Task-2,4,R,shape_blind,joint,70,9,999283.471,1487927.55,693,0.328405829,37.973247,0.737165047
nominal,A_Task-2,4,L,no_feedback,Fz,70,9,59875.2995,259690.984,231,0.769436357,16.0997028,0.899264192
nominal,A_Task-2,4,L,no_feedback,F3,70,9,46314.8407,235249.197,231,0.803124341,14.1597015,0.911250483
nominal,A_Task-2,4,L,no_feedback,F4,70,9,83280.0273,415011.088,231,0.799330597,18.9873537,0.91465952
nominal,A_Task-2,4,L,no_feedback,joint,70,9,189470.168,909951.27,693,0.791779875,16.5349849,0.9091611
nominal,A_Task-2,4,R,no_feedback,Fz,70,9,153276.118,407565.602,231,0.62392283,25.7591339,0.854067084
nominal,A_Task-2,4,R,no_feedback,F3,70,9,348329.935,371672.17,231,0.0628032898,38.8319687,0.822984043
nominal,A_Task-2,4,R,no_feedback,F4,70,9,362588.365,708689.783,231,0.488368009,39.6187658,0.850972843
nominal,A_Task-2,4,R,no_feedback,joint,70,9,864194.417,1487927.55,693,0.419195905,35.3133656,0.826016425
nominal,A_Task-2,5,L,shape_wc,Fz,72,14,107424.592,252332.281,231,0.57427329,21.5648214,0.862314361
nominal,A_Task-2,5,L,shape_wc,F3,72,14,497386.029,150810.248,231,-2.29809171,46.4024382,0.723537642
nominal,A_Task-2,5,L,shape_wc,F4,72,14,194872.213,381225.464,231,0.488826873,29.0448387,0.832691461
nominal,A_Task-2,5,L,shape_wc,joint,72,14,799682.833,784367.993,693,-0.0195250701,33.9697436,0.756842238
nominal,A_Task-2,5,R,shape_wc,Fz,72,5,168237.094,345666.47,231,0.513296462,26.9870174,0.931206923
nominal,A_Task-2,5,R,shape_wc,F3,72,5,112967.838,262924.703,231,0.570341485,22.1142094,0.876531011
nominal,A_Task-2,5,R,shape_wc,F4,72,5,441962.002,758086.562,231,0.417003249,43.7407753,0.941951737
nominal,A_Task-2,5,R,shape_wc,joint,72,5,723166.934,1366677.73,693,0.470857748,32.3037293,0.905534971
nominal,A_Task-2,5,L,shape_blind,Fz,72,14,118698.791,252332.281,231,0.529593319,22.6682064,0.836401211
nominal,A_Task-2,5,L,shape_blind,F3,72,14,508568.66,150810.248,231,-2.37224205,46.9211672,0.686855723
nominal,A_Task-2,5,L,shape_blind,F4,72,14,214000.826,381225.464,231,0.438650232,30.4369923,0.802367388
nominal,A_Task-2,5,L,shape_blind,joint,72,14,841268.276,784367.993,693,-0.0725428419,34.8418044,0.728162399
nominal,A_Task-2,5,R,shape_blind,Fz,72,5,174088.684,345666.47,231,0.496368033,27.4523345,0.921661828
nominal,A_Task-2,5,R,shape_blind,F3,72,5,116503.932,262924.703,231,0.556892407,22.4576496,0.868959436
nominal,A_Task-2,5,R,shape_blind,F4,72,5,454284.258,758086.562,231,0.400748831,44.3463473,0.930802972
nominal,A_Task-2,5,R,shape_blind,joint,72,5,744876.875,1366677.73,693,0.454972554,32.7850333,0.895901425
nominal,A_Task-2,5,L,no_feedback,Fz,72,14,78689.3785,252332.281,231,0.688151757,18.4566156,0.922271934
nominal,A_Task-2,5,L,no_feedback,F3,72,14,471826.783,150810.248,231,-2.12861221,45.1944707,0.802776658
nominal,A_Task-2,5,L,no_feedback,F4,72,14,151132.104,381225.464,231,0.60356241,25.5783411,0.904537995
nominal,A_Task-2,5,L,no_feedback,joint,72,14,701648.265,784367.993,693,0.105460356,31.8194824,0.824049473
nominal,A_Task-2,5,R,no_feedback,Fz,72,5,160119.45,345666.47,231,0.536780497,26.32789,0.933256899
nominal,A_Task-2,5,R,no_feedback,F3,72,5,110018.902,262924.703,231,0.581557377,21.8236639,0.878196012
nominal,A_Task-2,5,R,no_feedback,F4,72,5,421112.929,758086.562,231,0.444505483,42.6966005,0.953003542
nominal,A_Task-2,5,R,no_feedback,joint,72,5,691251.281,1366677.73,693,0.494210476,31.5828529,0.911811362
nominal,B_Task-1,1,L,old_trend_shared,Fz,69,11,8231.97742,8195.90095,231,-0.00440176946,5.96961187,0.645169145
nominal,B_Task-1,1,L,old_trend_shared,F3,69,11,185858.868,46416.8748,231,-3.00412284,28.3651872,-0.0359139314
nominal,B_Task-1,1,L,old_trend_shared,F4,69,11,66474.4418,14780.7196,231,-3.4973752,16.9637303,-0.405489268
nominal,B_Task-1,1,L,old_trend_shared,joint,69,11,260565.288,69393.4953,693,-2.75489498,19.3906185,0.404837268
nominal,B_Task-1,1,L,old_trend_direction,Fz,32,11,12724.1689,8195.90095,231,-0.552503982,7.42179103,0.645169145
nominal,B_Task-1,1,L,old_trend_direction,F3,32,11,145727.49,46416.8748,231,-2.13953688,25.1168257,-0.0359139314
nominal,B_Task-1,1,L,old_trend_direction,F4,32,11,80198.0287,14780.7196,231,-4.42585414,18.6327028,-0.405489268
nominal,B_Task-1,1,L,old_trend_direction,joint,32,11,238649.688,69393.4953,693,-2.43907864,18.5572585,0.480527974
nominal,B_Task-1,1,L,old_basis_shared,Fz,69,11,14449.0226,8195.90095,231,-0.762957204,7.9088483,0.472526507
nominal,B_Task-1,1,L,old_basis_shared,F3,69,11,192477.939,46416.8748,231,-3.14672337,28.8658593,-0.0871991819
nominal,B_Task-1,1,L,old_basis_shared,F4,69,11,77355.0476,14780.7196,231,-4.23351025,18.2994627,-0.60507026
nominal,B_Task-1,1,L,old_basis_shared,joint,69,11,284282.01,69393.4953,693,-3.09666653,20.2538725,0.27236095
nominal,B_Task-1,1,L,old_basis_direction,Fz,32,11,22283.4297,8195.90095,231,-1.71885053,9.82166297,0.475310143
nominal,B_Task-1,1,L,old_basis_direction,F3,32,11,157370.645,46416.8748,231,-2.39037572,26.1009235,-0.199171399
nominal,B_Task-1,1,L,old_basis_direction,F4,32,11,99386.1546,14780.7196,231,-5.72404032,20.742302,-0.776946611
nominal,B_Task-1,1,L,old_basis_direction,joint,32,11,279040.23,69393.4953,693,-3.02112948,20.0662765,0.304084511
nominal,B_Task-1,1,R,old_trend_shared,Fz,69,8,6570.43845,11409.7887,231,0.424140218,5.33324071,0.811240952
nominal,B_Task-1,1,R,old_trend_shared,F3,69,8,148777.161,41522.2984,231,-2.5830666,25.3782776,-0.127284601
nominal,B_Task-1,1,R,old_trend_shared,F4,69,8,118008.017,41695.944,231,-1.83020374,22.6021507,-0.209119953
nominal,B_Task-1,1,R,old_trend_shared,joint,69,8,273355.616,94628.0311,693,-1.88873828,19.8608295,0.410436118
nominal,B_Task-1,1,R,old_trend_direction,Fz,37,8,5762.80036,11409.7887,231,0.494924884,4.99471598,0.811240952
nominal,B_Task-1,1,R,old_trend_direction,F3,37,8,184164.648,41522.2984,231,-3.43531921,28.235608,-0.127284601
nominal,B_Task-1,1,R,old_trend_direction,F4,37,8,104723.409,41695.944,231,-1.51159703,21.2919725,-0.209119953
nominal,B_Task-1,1,R,old_trend_direction,joint,37,8,294650.857,94628.0311,693,-2.11377985,20.6199324,0.324806336
nominal,B_Task-1,1,R,old_basis_shared,Fz,69,8,12744.5521,11409.7887,231,-0.116984057,7.42773325,0.635418488
nominal,B_Task-1,1,R,old_basis_shared,F3,69,8,159227.672,41522.2984,231,-2.83475092,26.2544716,-0.258597132
nominal,B_Task-1,1,R,old_basis_shared,F4,69,8,135348.788,41695.944,231,-2.24609002,24.2058978,-0.504047036
nominal,B_Task-1,1,R,old_basis_shared,joint,69,8,307321.012,94628.0311,693,-2.24767416,21.0586007,0.227469818
nominal,B_Task-1,1,R,old_basis_direction,Fz,37,8,10317.5443,11409.7887,231,0.0957287142,6.68316497,0.614490251
nominal,B_Task-1,1,R,old_basis_direction,F3,37,8,190437.339,41522.2984,231,-3.58638722,28.7124374,-0.157111075
nominal,B_Task-1,1,R,old_basis_direction,F4,37,8,112060.135,41695.944,231,-1.68755481,22.0251858,-0.241626865
nominal,B_Task-1,1,R,old_basis_direction,joint,37,8,312815.018,94628.0311,693,-2.30573314,21.2460002,0.220189732
nominal,B_Task-1,2,L,old_trend_shared,Fz,69,6,36052.303,55040.0513,231,0.34498057,12.492821,0.709750561
nominal,B_Task-1,2,L,old_trend_shared,F3,69,6,147018.882,34738.2665,231,-3.2321882,25.227869,-0.696809994
nominal,B_Task-1,2,L,old_trend_shared,F4,69,6,39462.1996,32592.0918,231,-0.210790639,13.0702729,-0.135807125
nominal,B_Task-1,2,L,old_trend_shared,joint,69,6,222533.385,122370.41,693,-0.818522838,17.9197097,0.435045637
nominal,B_Task-1,2,L,old_trend_direction,Fz,35,6,31613.7447,55040.0513,231,0.425622906,11.6985485,0.709750561
nominal,B_Task-1,2,L,old_trend_direction,F3,35,6,116398.504,34738.2665,231,-2.35072863,22.447486,-0.696809994
nominal,B_Task-1,2,L,old_trend_direction,F4,35,6,38862.7193,32592.0918,231,-0.192397209,12.970616,-0.135807125
nominal,B_Task-1,2,L,old_trend_direction,joint,35,6,186874.968,122370.41,693,-0.527125462,16.4213534,0.558825091
nominal,B_Task-1,2,L,old_basis_shared,Fz,69,6,30601.7082,55040.0513,231,0.444010179,11.5097753,0.793261273
nominal,B_Task-1,2,L,old_basis_shared,F3,69,6,145032.912,34738.2665,231,-3.1750187,25.0568974,-0.381989531
nominal,B_Task-1,2,L,old_basis_shared,F4,69,6,36736.1608,32592.0918,231,-0.127149524,12.6107493,0.0537223915
nominal,B_Task-1,2,L,old_basis_shared,joint,69,6,212370.781,122370.41,693,-0.735474957,17.5057517,0.482945956
nominal,B_Task-1,2,L,old_basis_direction,Fz,35,6,24921.7525,55040.0513,231,0.547206954,10.3868366,0.799827745
nominal,B_Task-1,2,L,old_basis_direction,F3,35,6,114487.909,34738.2665,231,-2.29572889,22.2624943,-0.371181227
nominal,B_Task-1,2,L,old_basis_direction,F4,35,6,32959.062,32592.0918,231,-0.0112594861,11.9448701,0.190991525
nominal,B_Task-1,2,L,old_basis_direction,joint,35,6,172368.723,122370.41,693,-0.40858173,15.7711229,0.614337957
nominal,B_Task-1,2,R,old_trend_shared,Fz,69,11,32634.7359,60818.0559,231,0.463403829,11.8859544,0.850484289
nominal,B_Task-1,2,R,old_trend_shared,F3,69,11,24515.6186,26932.7191,231,0.0897458752,10.3018551,0.428896925
nominal,B_Task-1,2,R,old_trend_shared,F4,69,11,83137.3392,26134.2247,231,-2.18116723,18.9710807,0.168928931
nominal,B_Task-1,2,R,old_trend_shared,joint,69,11,140287.694,113885,693,-0.231836451,14.2279775,0.579693678
nominal,B_Task-1,2,R,old_trend_direction,Fz,34,11,42218.1594,60818.0559,231,0.305828527,13.5189717,0.850484289
nominal,B_Task-1,2,R,old_trend_direction,F3,34,11,33440.9487,26932.7191,231,-0.241647701,12.0318748,0.428896925
nominal,B_Task-1,2,R,old_trend_direction,F4,34,11,84840.6234,26134.2247,231,-2.2463417,19.1644313,0.168928931
nominal,B_Task-1,2,R,old_trend_direction,joint,34,11,160499.732,113885,693,-0.409314063,15.2184541,0.56708466
nominal,B_Task-1,2,R,old_basis_shared,Fz,69,11,31675.2714,60818.0559,231,0.47917981,11.7099269,0.813845903
nominal,B_Task-1,2,R,old_basis_shared,F3,69,11,21734.351,26932.7191,231,0.193013117,9.69990204,0.535549513
nominal,B_Task-1,2,R,old_basis_shared,F4,69,11,81388.9964,26134.2247,231,-2.11426864,18.7705439,0.284824581
nominal,B_Task-1,2,R,old_basis_shared,joint,69,11,134798.619,113885,693,-0.18363805,13.9468492,0.597880221
nominal,B_Task-1,2,R,old_basis_direction,Fz,34,11,41532.3424,60818.0559,231,0.317105064,13.4087169,0.763888251
nominal,B_Task-1,2,R,old_basis_direction,F3,34,11,31555.3615,26932.7191,231,-0.171636679,11.6877413,0.500488223
nominal,B_Task-1,2,R,old_basis_direction,F4,34,11,81294.7007,26134.2247,231,-2.11066051,18.7596671,0.362203686
nominal,B_Task-1,2,R,old_basis_direction,joint,34,11,154382.405,113885,693,-0.355599114,14.9256167,0.575980971
nominal,B_Task-1,3,L,old_trend_shared,Fz,69,4,78419.3249,107199.797,231,0.26847506,18.4249178,0.540467717
nominal,B_Task-1,3,L,old_trend_shared,F3,69,4,229417.987,117320.246,231,-0.955485054,31.5143056,0.641825735
nominal,B_Task-1,3,L,old_trend_shared,F4,69,4,899180.519,169831.602,231,-4.29454183,62.3903547,0.741480863
nominal,B_Task-1,3,L,old_trend_shared,joint,69,4,1207017.83,394351.644,693,-2.06076531,41.7340205,-0.062203972
nominal,B_Task-1,3,L,old_trend_direction,Fz,37,4,78111.9421,107199.797,231,0.271342443,18.388772,0.540467717
nominal,B_Task-1,3,L,old_trend_direction,F3,37,4,296340.578,117320.246,231,-1.52591167,35.8170301,-0.641825735
nominal,B_Task-1,3,L,old_trend_direction,F4,37,4,984453.571,169831.602,231,-4.7966454,65.2817262,-0.741480863
nominal,B_Task-1,3,L,old_trend_direction,joint,37,4,1358906.09,394351.644,693,-2.44592475,44.2820895,-0.157649735
nominal,B_Task-1,3,L,old_basis_shared,Fz,69,4,76188.778,107199.797,231,0.28928244,18.1609898,0.555922941
nominal,B_Task-1,3,L,old_basis_shared,F3,69,4,226025.232,117320.246,231,-0.926566306,31.2804125,0.395019851
nominal,B_Task-1,3,L,old_basis_shared,F4,69,4,897549.193,169831.602,231,-4.28493628,62.3337336,0.210554319
nominal,B_Task-1,3,L,old_basis_shared,joint,69,4,1199763.2,394351.644,693,-2.04236896,41.608413,-0.0212825597
nominal,B_Task-1,3,L,old_basis_direction,Fz,37,4,78162.6891,107199.797,231,0.270869056,18.3947443,0.531010716
nominal,B_Task-1,3,L,old_basis_direction,F3,37,4,292920.426,117320.246,231,-1.4967594,35.6097429,0.135460614
nominal,B_Task-1,3,L,old_basis_direction,F4,37,4,980969.559,169831.602,231,-4.77613088,65.1661067,-0.342950727
nominal,B_Task-1,3,L,old_basis_direction,joint,37,4,1352052.67,394351.644,693,-2.4285458,44.1702837,-0.118117203
nominal,B_Task-1,3,R,old_trend_shared,Fz,69,13,60903.2008,22889.8544,231,-1.66070722,16.2373095,0.13482275
nominal,B_Task-1,3,R,old_trend_shared,F3,69,13,37829.4661,24637.0141,231,-0.535472843,12.7970279,0.121605059
nominal,B_Task-1,3,R,old_trend_shared,F4,69,13,41925.9325,42179.5797,231,0.00601350556,13.4721024,0.148258722
nominal,B_Task-1,3,R,old_trend_shared,joint,69,13,140658.599,89706.4482,693,-0.567987612,14.2467737,0.513958843
nominal,B_Task-1,3,R,old_trend_direction,Fz,32,13,69482.5596,22889.8544,231,-2.03551776,17.3433071,0.13482275
nominal,B_Task-1,3,R,old_trend_direction,F3,32,13,26222.8852,24637.0141,231,-0.0643694516,10.6545288,0.121605059
nominal,B_Task-1,3,R,old_trend_direction,F4,32,13,43119.6172,42179.5797,231,-0.0222865537,13.6625404,0.148258722
nominal,B_Task-1,3,R,old_trend_direction,joint,32,13,138825.062,89706.4482,693,-0.547548306,14.1536131,0.421205242
nominal,B_Task-1,3,R,old_basis_shared,Fz,69,13,60071.7605,22889.8544,231,-1.62438369,16.1260941,0.205475921
nominal,B_Task-1,3,R,old_basis_shared,F3,69,13,32915.1586,24637.0141,231,-0.336004374,11.9369118,0.473657176
nominal,B_Task-1,3,R,old_basis_shared,F4,69,13,37032.1408,42179.5797,231,0.122036276,12.6614493,0.483498094
nominal,B_Task-1,3,R,old_basis_shared,joint,69,13,130019.06,89706.4482,693,-0.449383657,13.6973607,0.576383279
nominal,B_Task-1,3,R,old_basis_direction,Fz,32,13,69777.9976,22889.8544,231,-2.0484247,17.3801396,0.166899051
nominal,B_Task-1,3,R,old_basis_direction,F3,32,13,21553.4446,24637.0141,231,0.125160034,9.65944899,0.408884494
nominal,B_Task-1,3,R,old_basis_direction,F4,32,13,36511.3284,42179.5797,231,0.134383778,12.5721,0.463310615
nominal,B_Task-1,3,R,old_basis_direction,joint,32,13,127842.771,89706.4482,693,-0.425123535,13.5822422,0.501102993
nominal,B_Task-1,4,L,old_trend_shared,Fz,67,12,60382.6946,18220.2971,231,-2.31403457,16.1677749,0.201221681
nominal,B_Task-1,4,L,old_trend_shared,F3,67,12,90584.3862,41061.6516,231,-1.20605803,19.8025301,0.776964663
nominal,B_Task-1,4,L,old_trend_shared,F4,67,12,30991.3273,27534.1104,231,-0.125561234,11.5828144,0.626353252
nominal,B_Task-1,4,L,old_trend_shared,joint,67,12,181958.408,86816.0591,693,-1.09590725,16.203896,-0.106798554
nominal,B_Task-1,4,L,old_trend_direction,Fz,30,12,66884.2852,18220.2971,231,-2.67086687,17.0159443,0.201221681
nominal,B_Task-1,4,L,old_trend_direction,F3,30,12,142985.361,41061.6516,231,-2.48221164,24.879394,-0.776964663
nominal,B_Task-1,4,L,old_trend_direction,F4,30,12,25578.8606,27534.1104,231,0.0710119133,10.5228797,0.626353252
nominal,B_Task-1,4,L,old_trend_direction,joint,30,12,235448.507,86816.0591,693,-1.71203864,18.4323774,-0.165783808
nominal,B_Task-1,4,L,old_basis_shared,Fz,67,12,55062.3446,18220.2971,231,-2.02203329,15.439078,0.373680966
nominal,B_Task-1,4,L,old_basis_shared,F3,67,12,94379.734,41061.6516,231,-1.2984885,20.2131214,0.181383574
nominal,B_Task-1,4,L,old_basis_shared,F4,67,12,31435.9675,27534.1104,231,-0.141709938,11.6656093,0.36082035
nominal,B_Task-1,4,L,old_basis_shared,joint,67,12,180878.046,86816.0591,693,-1.08346299,16.1557198,-0.0451895048
nominal,B_Task-1,4,L,old_basis_direction,Fz,30,12,60779.0476,18220.2971,231,-2.33578795,16.2207509,0.376378589
nominal,B_Task-1,4,L,old_basis_direction,F3,30,12,148140.216,41061.6516,231,-2.60775103,25.3238946,-0.121361402
nominal,B_Task-1,4,L,old_basis_direction,F4,30,12,22186.2828,27534.1104,231,0.194225547,9.80023031,0.68223366
nominal,B_Task-1,4,L,old_basis_direction,joint,30,12,231105.546,86816.0591,693,-1.66201379,18.2615891,-0.0960097793
nominal,B_Task-1,4,R,old_trend_shared,Fz,67,7,67029.3419,26160.8436,231,-1.56220108,17.0343861,0.0799354413
nominal,B_Task-1,4,R,old_trend_shared,F3,67,7,261739.519,43015.6656,231,-5.08474879,33.6611276,0.720384313
nominal,B_Task-1,4,R,old_trend_shared,F4,67,7,225402.239,74464.9591,231,-2.02695713,31.2372737,0.649946154
nominal,B_Task-1,4,R,old_trend_shared,joint,67,7,554171.1,143641.468,693,-2.85801612,28.2784317,-0.405107004
nominal,B_Task-1,4,R,old_trend_direction,Fz,37,7,62257.9669,26160.8436,231,-1.37981495,16.4169123,0.0799354413
nominal,B_Task-1,4,R,old_trend_direction,F3,37,7,198455.722,43015.6656,231,-3.61356856,29.3106752,0.720384313
nominal,B_Task-1,4,R,old_trend_direction,F4,37,7,260006.239,74464.9591,231,-2.49165892,33.5494878,0.649946154
nominal,B_Task-1,4,R,old_trend_direction,joint,37,7,520719.928,143641.468,693,-2.62513649,27.4116692,-0.408187484
nominal,B_Task-1,4,R,old_basis_shared,Fz,67,7,62824.9638,26160.8436,231,-1.40148845,16.491499,0.202942295
nominal,B_Task-1,4,R,old_basis_shared,F3,67,7,269788.294,43015.6656,231,-5.27186143,34.1747669,0.0210484505
nominal,B_Task-1,4,R,old_basis_shared,F4,67,7,225638.58,74464.9591,231,-2.03013098,31.253646,0.341552288
nominal,B_Task-1,4,R,old_basis_shared,joint,67,7,558251.838,143641.468,693,-2.88642531,28.3823573,-0.366487337
nominal,B_Task-1,4,R,old_basis_direction,Fz,37,7,58266.4845,26160.8436,231,-1.22724027,15.8819351,0.211021082
nominal,B_Task-1,4,R,old_basis_direction,F3,37,7,205118.38,43015.6656,231,-3.76845765,29.7986301,0.253052889
nominal,B_Task-1,4,R,old_basis_direction,F4,37,7,266561.768,74464.9591,231,-2.579694,33.9697961,0.175038991
nominal,B_Task-1,4,R,old_basis_direction,joint,37,7,529946.632,143641.468,693,-2.68937075,27.6534583,-0.372534995
nominal,B_Task-1,5,L,old_trend_shared,Fz,70,10,95329.2099,111615.798,231,0.145916517,20.3145407,0.803983057
nominal,B_Task-1,5,L,old_trend_shared,F3,70,10,50022.1292,33116.4543,231,-0.510491695,14.7155025,-0.125973485
nominal,B_Task-1,5,L,old_trend_shared,F4,70,10,60558.8125,37621.4206,231,-0.609689683,16.191336,0.00895138674
nominal,B_Task-1,5,L,old_trend_shared,joint,70,10,205910.152,182353.673,693,-0.129180169,17.2374199,0.690519256
nominal,B_Task-1,5,L,old_trend_direction,Fz,32,10,110902.589,111615.798,231,0.00638985709,21.9111339,0.803983057
nominal,B_Task-1,5,L,old_trend_direction,F3,32,10,41629.8294,33116.4543,231,-0.25707387,13.4244446,-0.125973485
nominal,B_Task-1,5,L,old_trend_direction,F4,32,10,84083.78,37621.4206,231,-1.23499748,19.0787591,0.00895138674
nominal,B_Task-1,5,L,old_trend_direction,joint,32,10,236616.199,182353.673,693,-0.297567494,18.4780279,0.489368688
nominal,B_Task-1,5,L,old_basis_shared,Fz,70,10,88193.5058,111615.798,231,0.209847468,19.539449,0.887563053
nominal,B_Task-1,5,L,old_basis_shared,F3,70,10,49156.9663,33116.4543,231,-0.484366831,14.5876907,0.0779218245
nominal,B_Task-1,5,L,old_basis_shared,F4,70,10,59728.347,37621.4206,231,-0.58761541,16.0799339,0.114426793
nominal,B_Task-1,5,L,old_basis_shared,joint,70,10,197078.819,182353.673,693,-0.0807504754,16.8637191,0.698184747
nominal,B_Task-1,5,L,old_basis_direction,Fz,32,10,101986.743,111615.798,231,0.0862696478,21.0119264,0.884121648
nominal,B_Task-1,5,L,old_basis_direction,F3,32,10,40708.333,33116.4543,231,-0.229247933,13.2750348,0.0689051299
nominal,B_Task-1,5,L,old_basis_direction,F4,32,10,79162.0875,37621.4206,231,-1.10417593,18.5119696,0.253198203
nominal,B_Task-1,5,L,old_basis_direction,joint,32,10,221857.163,182353.673,693,-0.216631172,17.8924623,0.543928127
nominal,B_Task-1,5,R,old_trend_shared,Fz,70,8,53717.4349,39799.4817,231,-0.349701872,15.2493609,0.56345634
nominal,B_Task-1,5,R,old_trend_shared,F3,70,8,41092.6501,29968.3731,231,-0.371200563,13.3375508,0.422313668
nominal,B_Task-1,5,R,old_trend_shared,F4,70,8,56887.5423,41938.5265,231,-0.356450668,15.6928779,0.456196793
nominal,B_Task-1,5,R,old_trend_shared,joint,70,8,151697.627,111706.381,693,-0.358003236,14.795266,0.0962885866
nominal,B_Task-1,5,R,old_trend_direction,Fz,38,8,67114.8353,39799.4817,231,-0.686324356,17.045246,0.56345634
nominal,B_Task-1,5,R,old_trend_direction,F3,38,8,31454.2629,29968.3731,231,-0.0495819304,11.6690034,0.422313668
nominal,B_Task-1,5,R,old_trend_direction,F4,38,8,76337.8945,41938.5265,231,-0.82023311,18.1787534,0.456196793
nominal,B_Task-1,5,R,old_trend_direction,joint,38,8,174906.993,111706.381,693,-0.565774405,15.8868198,-0.0542231366
nominal,B_Task-1,5,R,old_basis_shared,Fz,70,8,50323.545,39799.4817,231,-0.264427145,14.7597711,0.650239808
nominal,B_Task-1,5,R,old_basis_shared,F3,70,8,45726.5449,29968.3731,231,-0.525826735,14.0694851,0.232907711
nominal,B_Task-1,5,R,old_basis_shared,F4,70,8,59723.9898,41938.5265,231,-0.424084126,16.0793473,0.294355544
nominal,B_Task-1,5,R,old_basis_shared,joint,70,8,155774.08,111706.381,693,-0.394495801,14.992739,0.104495207
nominal,B_Task-1,5,R,old_basis_direction,Fz,38,8,64289.768,39799.4817,231,-0.61534184,16.6826462,0.638244808
nominal,B_Task-1,5,R,old_basis_direction,F3,38,8,36563.5509,29968.3731,231,-0.220071265,12.5810878,0.196457684
nominal,B_Task-1,5,R,old_basis_direction,F4,38,8,86893.825,41938.5265,231,-1.07193319,19.3949412,0.05372632
nominal,B_Task-1,5,R,old_basis_direction,joint,38,8,187747.144,111706.381,693,-0.680719953,16.4596294,-0.071410564
nominal,B_Task-1,1,L,shape_wc,Fz,69,11,9253.09837,8195.90095,231,-0.128990995,6.32903649,0.645354312
nominal,B_Task-1,1,L,shape_wc,F3,69,11,180698.373,46416.8748,231,-2.8929457,27.968626,0.0506511785
nominal,B_Task-1,1,L,shape_wc,F4,69,11,67984.1503,14780.7196,231,-3.59951559,17.1552814,-0.397713879
nominal,B_Task-1,1,L,shape_wc,joint,69,11,257935.622,69393.4953,693,-2.71699999,19.2925238,0.408792067
nominal,B_Task-1,1,R,shape_wc,Fz,69,8,8717.06534,11409.7887,231,0.236001161,6.14298084,0.725128636
nominal,B_Task-1,1,R,shape_wc,F3,69,8,145953.673,41522.2984,231,-2.5150673,25.1363101,-0.0518180516
nominal,B_Task-1,1,R,shape_wc,F4,69,8,118431.048,41695.944,231,-1.84034937,22.6426262,-0.15769409
nominal,B_Task-1,1,R,shape_wc,joint,69,8,273101.787,94628.0311,693,-1.88605589,19.8516063,0.415047342
nominal,B_Task-1,1,L,shape_blind,Fz,69,11,8648.52516,8195.90095,231,-0.0552256808,6.11878279,0.646991144
nominal,B_Task-1,1,L,shape_blind,F3,69,11,181679.103,46416.8748,231,-2.91407444,28.0444223,0.0319186831
nominal,B_Task-1,1,L,shape_blind,F4,69,11,67553.1752,14780.7196,231,-3.57035767,17.1008183,-0.39549377
nominal,B_Task-1,1,L,shape_blind,joint,69,11,257880.804,69393.4953,693,-2.71621003,19.2904736,0.418145371
nominal,B_Task-1,1,R,shape_blind,Fz,69,8,8073.79185,11409.7887,231,0.29238025,5.91197766,0.762159763
nominal,B_Task-1,1,R,shape_blind,F3,69,8,147644,41522.2984,231,-2.55577619,25.2814461,-0.147171765
nominal,B_Task-1,1,R,shape_blind,F4,69,8,120250.64,41695.944,231,-1.88398891,22.8159055,-0.235703409
nominal,B_Task-1,1,R,shape_blind,joint,69,8,275968.432,94628.0311,693,-1.91634972,19.9555217,0.38921984
nominal,B_Task-1,1,L,no_feedback,Fz,69,11,11547.8006,8195.90095,231,-0.408972687,7.07039452,0.584168541
nominal,B_Task-1,1,L,no_feedback,F3,69,11,171195.301,46416.8748,231,-2.68821256,27.2232474,0.176128602
nominal,B_Task-1,1,L,no_feedback,F4,69,11,68328.724,14780.7196,231,-3.62282797,17.1987018,-0.287703724
nominal,B_Task-1,1,L,no_feedback,joint,69,11,251071.825,69393.4953,693,-2.61808876,19.0341011,0.43408657
nominal,B_Task-1,1,R,no_feedback,Fz,69,8,7933.45305,11409.7887,231,0.304680109,5.86037137,0.735045542
nominal,B_Task-1,1,R,no_feedback,F3,69,8,146173.534,41522.2984,231,-2.52036231,25.1552353,0.172801368
nominal,B_Task-1,1,R,no_feedback,F4,69,8,113143.65,41695.944,231,-1.71354092,22.131411,-0.0429648979
nominal,B_Task-1,1,R,no_feedback,joint,69,8,267250.638,94628.0311,693,-1.82422274,19.6377966,0.467810087
nominal,B_Task-1,2,L,shape_wc,Fz,69,6,35118.8711,55040.0513,231,0.361939709,12.3300343,0.71713491
nominal,B_Task-1,2,L,shape_wc,F3,69,6,146871.238,34738.2665,231,-3.22793803,25.2151983,-0.597923217
nominal,B_Task-1,2,L,shape_wc,F4,69,6,40253.9149,32592.0918,231,-0.235082277,13.2007338,-0.140897065
nominal,B_Task-1,2,L,shape_wc,joint,69,6,222244.024,122370.41,693,-0.816158213,17.9080554,0.427546404
nominal,B_Task-1,2,R,shape_wc,Fz,69,11,32482.5899,60818.0559,231,0.465905487,11.8582154,0.862143893
nominal,B_Task-1,2,R,shape_wc,F3,69,11,22344.771,26932.7191,231,0.170348491,9.83517211,0.537806163
nominal,B_Task-1,2,R,shape_wc,F4,69,11,81659.412,26134.2247,231,-2.12461582,18.8017007,0.276343862
nominal,B_Task-1,2,R,shape_wc,joint,69,11,136486.773,113885,693,-0.198461372,14.0339093,0.617184269
nominal,B_Task-1,2,L,shape_blind,Fz,69,6,35947.2869,55040.0513,231,0.346888565,12.4746126,0.709862184
nominal,B_Task-1,2,L,shape_blind,F3,69,6,147310.958,34738.2665,231,-3.24059611,25.2529162,-0.628032452
nominal,B_Task-1,2,L,shape_blind,F4,69,6,40051.656,32592.0918,231,-0.228876509,13.1675279,-0.152451805
nominal,B_Task-1,2,L,shape_blind,joint,69,6,223309.901,122370.41,693,-0.824868458,17.9509473,0.428656286
nominal,B_Task-1,2,R,shape_blind,Fz,69,11,32203.7154,60818.0559,231,0.470490877,11.8072022,0.8570567
nominal,B_Task-1,2,R,shape_blind,F3,69,11,23747.6711,26932.7191,231,0.118259429,10.1392194,0.466444966
nominal,B_Task-1,2,R,shape_blind,F4,69,11,82542.2847,26134.2247,231,-2.15839807,18.9030661,0.203487604
nominal,B_Task-1,2,R,shape_blind,joint,69,11,138493.671,113885,693,-0.21608352,14.1367099,0.593140143
nominal,B_Task-1,2,L,no_feedback,Fz,69,6,35484.7069,55040.0513,231,0.35529299,12.3940893,0.698577505
nominal,B_Task-1,2,L,no_feedback,F3,69,6,141668.794,34738.2665,231,-3.07817684,24.7645881,-0.436658822
nominal,B_Task-1,2,L,no_feedback,F4,69,6,40800.3023,32592.0918,231,-0.251846692,13.290022,-0.126404817
nominal,B_Task-1,2,L,no_feedback,joint,69,6,217953.803,122370.41,693,-0.78109891,17.7343636,0.424285314
nominal,B_Task-1,2,R,no_feedback,Fz,69,11,33281.2415,60818.0559,231,0.45277367,12.0031095,0.863112806
nominal,B_Task-1,2,R,no_feedback,F3,69,11,21678.7172,26932.7191,231,0.195078775,9.68747958,0.648785596
nominal,B_Task-1,2,R,no_feedback,F4,69,11,79214.2958,26134.2247,231,-2.03105589,18.518073,0.396553657
nominal,B_Task-1,2,R,no_feedback,joint,69,11,134174.254,113885,693,-0.178155639,13.9145119,0.673854815
nominal,B_Task-1,3,L,shape_wc,Fz,69,4,77670.9078,107199.797,231,0.275456577,18.3367853,0.546024863
nominal,B_Task-1,3,L,shape_wc,F3,69,4,222726.966,117320.246,231,-0.898452948,31.0513446,0.561576495
nominal,B_Task-1,3,L,shape_wc,F4,69,4,892677.082,169831.602,231,-4.25624839,62.1643222,0.421259314
nominal,B_Task-1,3,L,shape_wc,joint,69,4,1193074.96,394351.644,693,-2.02540885,41.492275,-0.0342902266
nominal,B_Task-1,3,R,shape_wc,Fz,69,13,61595.1061,22889.8544,231,-1.69093481,16.3292829,0.124702946
nominal,B_Task-1,3,R,shape_wc,F3,69,13,33334.0422,24637.0141,231,-0.353006581,12.0126272,0.428437111
nominal,B_Task-1,3,R,shape_wc,F4,69,13,39373.9932,42179.5797,231,0.0665152785,13.0556573,0.471190986
nominal,B_Task-1,3,R,shape_wc,joint,69,13,134303.141,89706.4482,693,-0.49714033,13.9211934,0.543056105
nominal,B_Task-1,3,L,shape_blind,Fz,69,4,78086.2434,107199.797,231,0.27158217,18.3857468,0.543750059
nominal,B_Task-1,3,L,shape_blind,F3,69,4,223758.018,117320.246,231,-0.907241301,31.1231333,0.55314149
nominal,B_Task-1,3,L,shape_blind,F4,69,4,892739.14,169831.602,231,-4.2566138,62.1664829,0.474321955
nominal,B_Task-1,3,L,shape_blind,joint,69,4,1194583.4,394351.644,693,-2.02923398,41.5184967,-0.0451310948
nominal,B_Task-1,3,R,shape_blind,Fz,69,13,62367.3471,22889.8544,231,-1.72467208,16.4313273,0.118390932
nominal,B_Task-1,3,R,shape_blind,F3,69,13,34874.5231,24637.0141,231,-0.415533677,12.2870648,0.30630026
nominal,B_Task-1,3,R,shape_blind,F4,69,13,40845.9112,42179.5797,231,0.0316188194,13.2974481,0.322595365
nominal,B_Task-1,3,R,shape_blind,joint,69,13,138087.781,89706.4482,693,-0.539329493,14.1159792,0.521817002
nominal,B_Task-1,3,L,no_feedback,Fz,69,4,76751.4526,107199.797,231,0.2840336,18.2279283,0.559286093
nominal,B_Task-1,3,L,no_feedback,F3,69,4,227546.984,117320.246,231,-0.939537232,31.3855362,0.489526498
nominal,B_Task-1,3,L,no_feedback,F4,69,4,898125.758,169831.602,231,-4.2883312,62.3537512,0.294102411
nominal,B_Task-1,3,L,no_feedback,joint,69,4,1202424.19,394351.644,693,-2.04911673,41.6545297,-0.00524210281
nominal,B_Task-1,3,R,no_feedback,Fz,69,13,62883.3785,22889.8544,231,-1.74721619,16.4991642,0.13665507
nominal,B_Task-1,3,R,no_feedback,F3,69,13,28892.1609,24637.0141,231,-0.172713577,11.1836617,0.490133895
nominal,B_Task-1,3,R,no_feedback,F4,69,13,36331.968,42179.5797,231,0.138636083,12.541182,0.531607583
nominal,B_Task-1,3,R,no_feedback,joint,69,13,128107.507,89706.4482,693,-0.428074681,13.596298,0.564854812
nominal,B_Task-1,4,L,shape_wc,Fz,67,12,60197.977,18220.2971,231,-2.30389656,16.1430264,0.230754463
nominal,B_Task-1,4,L,shape_wc,F3,67,12,94749.9436,41061.6516,231,-1.30750445,20.2527261,0.37496278
nominal,B_Task-1,4,L,shape_wc,F4,67,12,30485.2386,27534.1104,231,-0.107180808,11.4878514,0.483551586
nominal,B_Task-1,4,L,shape_wc,joint,67,12,185433.159,86816.0591,693,-1.13593154,16.3578824,-0.093872022
nominal,B_Task-1,4,R,shape_wc,Fz,67,7,66261.8483,26160.8436,231,-1.53286359,16.9365825,0.111661304
nominal,B_Task-1,4,R,shape_wc,F3,67,7,270595.012,43015.6656,231,-5.29061548,34.2258233,0.204719817
nominal,B_Task-1,4,R,shape_wc,F4,67,7,222367.391,74464.9591,231,-1.98620174,31.0262695,0.385754769
nominal,B_Task-1,4,R,shape_wc,joint,67,7,559224.251,143641.468,693,-2.89319503,28.407066,-0.396972015
nominal,B_Task-1,4,L,shape_blind,Fz,67,12,60268.7477,18220.2971,231,-2.30778073,16.1525128,0.222859826
nominal,B_Task-1,4,L,shape_blind,F3,67,12,95328.617,41061.6516,231,-1.32159724,20.3144775,0.328136536
nominal,B_Task-1,4,L,shape_blind,F4,67,12,30916.4607,27534.1104,231,-0.122842185,11.5688155,0.442885807
nominal,B_Task-1,4,L,shape_blind,joint,67,12,186513.825,86816.0591,693,-1.14837931,16.4054783,-0.108569617
nominal,B_Task-1,4,R,shape_blind,Fz,67,7,67556.1753,26160.8436,231,-1.58233932,17.1011981,0.0859581251
nominal,B_Task-1,4,R,shape_blind,F3,67,7,270852.195,43015.6656,231,-5.29659431,34.2420841,0.247894264
nominal,B_Task-1,4,R,shape_blind,F4,67,7,222118.378,74464.9591,231,-1.98285772,31.0088926,0.491728749
nominal,B_Task-1,4,R,shape_blind,joint,67,7,560526.749,143641.468,693,-2.90226274,28.4401285,-0.400421164
nominal,B_Task-1,4,L,no_feedback,Fz,67,12,58852.888,18220.2971,231,-2.2300729,15.9616543,0.244630088
nominal,B_Task-1,4,L,no_feedback,F3,67,12,98908.7386,41061.6516,231,-1.40878617,20.6924227,0.389475478
nominal,B_Task-1,4,L,no_feedback,F4,67,12,31399.4026,27534.1104,231,-0.140381951,11.6588228,0.191773322
nominal,B_Task-1,4,L,no_feedback,joint,67,12,189161.029,86816.0591,693,-1.17887141,16.5214902,-0.0681752317
nominal,B_Task-1,4,R,no_feedback,Fz,67,7,66198.8749,26160.8436,231,-1.53045643,16.9285326,0.13520913
nominal,B_Task-1,4,R,no_feedback,F3,67,7,261901.724,43015.6656,231,-5.08851963,33.6715562,0.0655146318
nominal,B_Task-1,4,R,no_feedback,F4,67,7,229552.877,74464.9591,231,-2.08269661,31.5235689,0.373681556
nominal,B_Task-1,4,R,no_feedback,joint,67,7,557653.476,143641.468,693,-2.88225965,28.3671425,-0.3869155
nominal,B_Task-1,5,L,shape_wc,Fz,70,10,94711.4242,111615.798,231,0.151451448,20.248609,0.814979386
nominal,B_Task-1,5,L,shape_wc,F3,70,10,46976.9571,33116.4543,231,-0.41853825,14.2605558,0.0110500734
nominal,B_Task-1,5,L,shape_wc,F4,70,10,61462.1952,37621.4206,231,-0.633702138,16.3116556,0.0443510228
nominal,B_Task-1,5,L,shape_wc,joint,70,10,203150.577,182353.673,693,-0.114047076,17.1215237,0.689981075
nominal,B_Task-1,5,R,shape_wc,Fz,70,8,52299.6111,39799.4817,231,-0.314077692,15.0467685,0.59011462
nominal,B_Task-1,5,R,shape_wc,F3,70,8,42120.6585,29968.3731,231,-0.405503672,13.5033519,0.391384635
nominal,B_Task-1,5,R,shape_wc,F4,70,8,56900.1061,41938.5265,231,-0.356750246,15.6946107,0.346956977
nominal,B_Task-1,5,R,shape_wc,joint,70,8,151320.376,111706.381,693,-0.354626064,14.7768576,0.106536018
nominal,B_Task-1,5,L,shape_blind,Fz,70,10,95584.4922,111615.798,231,0.143629365,20.3417227,0.815477286
nominal,B_Task-1,5,L,shape_blind,F3,70,10,47836.4868,33116.4543,231,-0.444493011,14.3904259,-0.027330177
nominal,B_Task-1,5,L,shape_blind,F4,70,10,61991.0562,37621.4206,231,-0.647759581,16.3816834,0.0247678586
nominal,B_Task-1,5,L,shape_blind,joint,70,10,205412.035,182353.673,693,-0.126448573,17.2165578,0.686560605
nominal,B_Task-1,5,R,shape_blind,Fz,70,8,52139.3094,39799.4817,231,-0.31004996,15.0236912,0.576598957
nominal,B_Task-1,5,R,shape_blind,F3,70,8,42061.2936,29968.3731,231,-0.403522754,13.4938327,0.421946641
nominal,B_Task-1,5,R,shape_blind,F4,70,8,55897.1946,41938.5265,231,-0.332836399,15.5556806,0.420554946
nominal,B_Task-1,5,R,shape_blind,joint,70,8,150097.798,111706.381,693,-0.343681496,14.7170425,0.116403599
nominal,B_Task-1,5,L,no_feedback,Fz,70,10,94598.9738,111615.798,231,0.152458925,20.2365849,0.817311536
nominal,B_Task-1,5,L,no_feedback,F3,70,10,42633.1928,33116.4543,231,-0.287371903,13.5852595,0.18289337
nominal,B_Task-1,5,L,no_feedback,F4,70,10,64839.0326,37621.4206,231,-0.723460508,16.7537594,0.0769432278
nominal,B_Task-1,5,L,no_feedback,joint,70,10,202071.199,182353.673,693,-0.108127933,17.0759782,0.662291731
nominal,B_Task-1,5,R,no_feedback,Fz,70,8,56560.2062,39799.4817,231,-0.421129215,15.6476636,0.568779296
nominal,B_Task-1,5,R,no_feedback,F3,70,8,42154.9328,29968.3731,231,-0.406647356,13.5088448,0.246317738
nominal,B_Task-1,5,R,no_feedback,F4,70,8,61834.0791,41938.5265,231,-0.474397987,16.3609289,0.288934249
nominal,B_Task-1,5,R,no_feedback,joint,70,8,160549.218,111706.381,693,-0.437243031,15.2208,0.0445192662
nominal,B_Task-2,1,L,old_trend_shared,Fz,70,6,111320.457,258315.372,231,0.569052139,21.9523744,0.75558434
nominal,B_Task-2,1,L,old_trend_shared,F3,70,6,249754.08,224083.329,231,-0.114558949,32.8814004,0.790260651
nominal,B_Task-2,1,L,old_trend_shared,F4,70,6,202531.893,409824.232,231,0.505807911,29.6101578,0.836627088
nominal,B_Task-2,1,L,old_trend_shared,joint,70,6,563606.43,892222.934,693,0.368312101,28.5181502,0.743667466
nominal,B_Task-2,1,L,old_trend_direction,Fz,36,6,111959.647,258315.372,231,0.566577683,22.0153082,0.75558434
nominal,B_Task-2,1,L,old_trend_direction,F3,36,6,314749.941,224083.329,231,-0.404611142,36.9127872,0.790260651
nominal,B_Task-2,1,L,old_trend_direction,F4,36,6,280735.403,409824.232,231,0.314985837,34.8612217,0.836627088
nominal,B_Task-2,1,L,old_trend_direction,joint,36,6,707444.991,892222.934,693,0.2070984,31.9506517,0.696590156
nominal,B_Task-2,1,L,old_basis_shared,Fz,70,6,64277.1909,258315.372,231,0.751167767,16.6810143,0.867960299
nominal,B_Task-2,1,L,old_basis_shared,F3,70,6,225032.529,224083.329,231,-0.00423592222,31.2116451,0.842657463
nominal,B_Task-2,1,L,old_basis_shared,F4,70,6,153916.015,409824.232,231,0.624434079,25.8128475,0.899874172
nominal,B_Task-2,1,L,old_basis_shared,joint,70,6,443225.735,892222.934,693,0.503234317,25.2898275,0.823436329
nominal,B_Task-2,1,L,old_basis_direction,Fz,36,6,65214.1817,258315.372,231,0.747540453,16.8021568,0.867850151
nominal,B_Task-2,1,L,old_basis_direction,F3,36,6,288947.11,224083.329,231,-0.289462769,35.3674044,0.836531862
nominal,B_Task-2,1,L,old_basis_direction,F4,36,6,231880.907,409824.232,231,0.43419425,31.6830152,0.8919933
nominal,B_Task-2,1,L,old_basis_direction,joint,36,6,586042.199,892222.934,693,0.343166178,29.0802294,0.781749588
nominal,B_Task-2,1,R,old_trend_shared,Fz,70,11,84326.1295,208404.175,231,0.595372168,19.106234,0.832028826
nominal,B_Task-2,1,R,old_trend_shared,F3,70,11,306703.318,250392.311,231,-0.224891123,36.4378923,0.887567135
nominal,B_Task-2,1,R,old_trend_shared,F4,70,11,184569.264,342921.155,231,0.461773466,28.2666083,0.858712545
nominal,B_Task-2,1,R,old_trend_shared,joint,70,11,575598.712,801717.64,693,0.282043099,28.8199544,0.80487588
nominal,B_Task-2,1,R,old_trend_direction,Fz,34,11,85026.3354,208404.175,231,0.592012321,19.1853948,0.832028826
nominal,B_Task-2,1,R,old_trend_direction,F3,34,11,233763.797,250392.311,231,0.0664098406,31.8113893,0.887567135
nominal,B_Task-2,1,R,old_trend_direction,F4,34,11,130661.548,342921.155,231,0.618974955,23.7830698,0.858712545
nominal,B_Task-2,1,R,old_trend_direction,joint,34,11,449451.681,801717.64,693,0.439389059,25.4668299,0.824765118
nominal,B_Task-2,1,R,old_basis_shared,Fz,70,11,64376.5291,208404.175,231,0.691097699,16.6938993,0.888941165
nominal,B_Task-2,1,R,old_basis_shared,F3,70,11,293296.955,250392.311,231,-0.171349689,35.6326225,0.877890662
nominal,B_Task-2,1,R,old_basis_shared,F4,70,11,151380.609,342921.155,231,0.558555643,25.5993615,0.910338938
nominal,B_Task-2,1,R,old_basis_shared,joint,70,11,509054.093,801717.64,693,0.365045663,27.1028742,0.849771711
nominal,B_Task-2,1,R,old_basis_direction,Fz,34,11,65355.0339,208404.175,231,0.686402472,16.8202921,0.891012857
nominal,B_Task-2,1,R,old_basis_direction,F3,34,11,221554.646,250392.311,231,0.115169929,30.9695176,0.889439364
nominal,B_Task-2,1,R,old_basis_direction,F4,34,11,99650.1195,342921.155,231,0.709408072,20.7698291,0.914610064
nominal,B_Task-2,1,R,old_basis_direction,joint,34,11,386559.799,801717.64,693,0.517835482,23.6179243,0.871115126
nominal,B_Task-2,2,L,old_trend_shared,Fz,66,8,64254.6893,137891.176,231,0.534018845,16.6780943,0.769290258
nominal,B_Task-2,2,L,old_trend_shared,F3,66,8,234168.857,57193.1334,231,-3.09435265,31.8389384,0.313134579
nominal,B_Task-2,2,L,old_trend_shared,F4,66,8,172882.265,155705.037,231,-0.110319031,27.357048,0.665017696
nominal,B_Task-2,2,L,old_trend_shared,joint,66,8,471305.812,350789.346,693,-0.343557944,26.0786305,0.586932781
nominal,B_Task-2,2,L,old_trend_direction,Fz,32,8,62966.4884,137891.176,231,0.543361001,16.5100636,0.769290258
nominal,B_Task-2,2,L,old_trend_direction,F3,32,8,197413.402,57193.1334,231,-2.45169762,29.2336018,0.313134579
nominal,B_Task-2,2,L,old_trend_direction,F4,32,8,129640.593,155705.037,231,0.167396277,23.6899702,0.665017696
nominal,B_Task-2,2,L,old_trend_direction,joint,32,8,390020.484,350789.346,693,-0.111836745,23.7234087,0.609065114
nominal,B_Task-2,2,L,old_basis_shared,Fz,66,8,37168.2802,137891.176,231,0.730452075,12.6847013,0.889318977
nominal,B_Task-2,2,L,old_basis_shared,F3,66,8,204129.407,57193.1334,231,-2.56912438,29.7267066,0.63356318
nominal,B_Task-2,2,L,old_basis_shared,F4,66,8,128386.692,155705.037,231,0.175449334,23.5751255,0.840062925
nominal,B_Task-2,2,L,old_basis_shared,joint,66,8,369684.379,350789.346,693,-0.0538643302,23.0966468,0.740008108
nominal,B_Task-2,2,L,old_basis_direction,Fz,32,8,34698.4678,137891.176,231,0.748363391,12.2560115,0.894027209
nominal,B_Task-2,2,L,old_basis_direction,F3,32,8,170455.442,57193.1334,231,-1.98034802,27.164358,0.631764062
nominal,B_Task-2,2,L,old_basis_direction,F4,32,8,84425.0825,155705.037,231,0.457788365,19.1174409,0.847822768
nominal,B_Task-2,2,L,old_basis_direction,joint,32,8,289578.992,350789.346,693,0.174493194,20.4416952,0.761677835
nominal,B_Task-2,2,R,old_trend_shared,Fz,66,11,126222.059,332156.113,231,0.619991763,23.3755393,0.804437702
nominal,B_Task-2,2,R,old_trend_shared,F3,66,11,234938.547,393928.287,231,0.403600719,31.8912212,0.890724739
nominal,B_Task-2,2,R,old_trend_shared,F4,66,11,320952.925,785751.255,231,0.591533679,37.2747448,0.850717581
nominal,B_Task-2,2,R,old_trend_shared,joint,66,11,682113.531,1511835.66,693,0.548817672,31.3734093,0.822091202
nominal,B_Task-2,2,R,old_trend_direction,Fz,34,11,124351.343,332156.113,231,0.625623801,23.2016703,0.804437702
nominal,B_Task-2,2,R,old_trend_direction,F3,34,11,200795.615,393928.287,231,0.490273683,29.4829626,0.890724739
nominal,B_Task-2,2,R,old_trend_direction,F4,34,11,288244.264,785751.255,231,0.633160925,35.3243636,0.850717581
nominal,B_Task-2,2,R,old_trend_direction,joint,34,11,613391.222,1511835.66,693,0.594273875,29.7510406,0.82721538
nominal,B_Task-2,2,R,old_basis_shared,Fz,66,11,64339.8519,332156.113,231,0.806296349,16.6891431,0.919665893
nominal,B_Task-2,2,R,old_basis_shared,F3,66,11,189100.352,393928.287,231,0.519962496,28.6114705,0.950139554
nominal,B_Task-2,2,R,old_basis_shared,F4,66,11,205087.999,785751.255,231,0.738991191,29.7964232,0.942986718
nominal,B_Task-2,2,R,old_basis_shared,joint,66,11,458528.203,1511835.66,693,0.696707641,25.7226915,0.91394404
nominal,B_Task-2,2,R,old_basis_direction,Fz,34,11,60721.3651,332156.113,231,0.817190283,16.2130519,0.922649505
nominal,B_Task-2,2,R,old_basis_direction,F3,34,11,154041.707,393928.287,231,0.608960026,25.8233851,0.950825878
nominal,B_Task-2,2,R,old_basis_direction,F4,34,11,169506.874,785751.255,231,0.784274129,27.088669,0.946132156
nominal,B_Task-2,2,R,old_basis_direction,joint,34,11,384269.946,1511835.66,693,0.745825583,23.547868,0.920624905
nominal,B_Task-2,3,L,old_trend_shared,Fz,70,9,239090.274,509447.514,231,0.530687131,32.1717707,0.804665993
nominal,B_Task-2,3,L,old_trend_shared,F3,70,9,174562.465,362703.28,231,0.518718261,27.4896647,0.804604074
nominal,B_Task-2,3,L,old_trend_shared,F4,70,9,346690.6,757318.617,231,0.542213023,38.7404841,0.788946068
nominal,B_Task-2,3,L,old_trend_shared,joint,70,9,760343.34,1629469.41,693,0.533379802,33.1236552,0.794220306
nominal,B_Task-2,3,L,old_trend_direction,Fz,32,9,272974.722,509447.514,231,0.464174985,34.3759909,0.804665993
nominal,B_Task-2,3,L,old_trend_direction,F3,32,9,265939.05,362703.28,231,0.2667862,33.9300943,0.804604074
nominal,B_Task-2,3,L,old_trend_direction,F4,32,9,432677.561,757318.617,231,0.428671695,43.2788983,0.788946068
nominal,B_Task-2,3,L,old_trend_direction,joint,32,9,971591.333,1629469.41,693,0.403737605,37.4433932,0.779306564
nominal,B_Task-2,3,L,old_basis_shared,Fz,70,9,162931.548,509447.514,231,0.680179915,26.5580755,0.907858704
nominal,B_Task-2,3,L,old_basis_shared,F3,70,9,119545.597,362703.28,231,0.67040387,22.748921,0.909980654
nominal,B_Task-2,3,L,old_basis_shared,F4,70,9,219623.225,757318.617,231,0.709998909,30.8342325,0.906707106
nominal,B_Task-2,3,L,old_basis_shared,joint,70,9,502100.37,1629469.41,693,0.69186266,26.9171239,0.904887637
nominal,B_Task-2,3,L,old_basis_direction,Fz,32,9,211007.923,509447.514,231,0.58581028,30.2234051,0.881379124
nominal,B_Task-2,3,L,old_basis_direction,F3,32,9,223309.243,362703.28,231,0.384319757,31.091907,0.850492492
nominal,B_Task-2,3,L,old_basis_direction,F4,32,9,333936.618,757318.617,231,0.559053996,38.0212186,0.874250826
nominal,B_Task-2,3,L,old_basis_direction,joint,32,9,768253.785,1629469.41,693,0.528525188,33.295515,0.860391112
nominal,B_Task-2,3,R,old_trend_shared,Fz,70,6,199983.726,340903.341,231,0.413371176,29.4232971,0.773867634
nominal,B_Task-2,3,R,old_trend_shared,F3,70,6,159515.686,234965.198,231,0.32110931,26.2782057,0.777194837
nominal,B_Task-2,3,R,old_trend_shared,F4,70,6,441745.449,586670.689,231,0.247029965,43.7300579,0.816160368
nominal,B_Task-2,3,R,old_trend_shared,joint,70,6,801244.861,1162539.23,693,0.310780366,34.0029041,0.787407742
nominal,B_Task-2,3,R,old_trend_direction,Fz,38,6,182359.628,340903.341,231,0.465069401,28.096897,0.773867634
nominal,B_Task-2,3,R,old_trend_direction,F3,38,6,108854.769,234965.198,231,0.536719608,21.7078964,0.777194837
nominal,B_Task-2,3,R,old_trend_direction,F4,38,6,334556.9,586670.689,231,0.429736466,38.0565142,0.816160368
nominal,B_Task-2,3,R,old_trend_direction,joint,38,6,625771.298,1162539.23,693,0.461720274,30.0497735,0.78886072
nominal,B_Task-2,3,R,old_basis_shared,Fz,70,6,148869.255,340903.341,231,0.563309487,25.386131,0.869365816
nominal,B_Task-2,3,R,old_basis_shared,F3,70,6,119157.789,234965.198,231,0.492870478,22.7119921,0.888151555
nominal,B_Task-2,3,R,old_basis_shared,F4,70,6,383795.805,586670.689,231,0.34580709,40.7609335,0.868651178
nominal,B_Task-2,3,R,old_basis_shared,joint,70,6,651822.849,1162539.23,693,0.439311093,30.6688981,0.862357981
nominal,B_Task-2,3,R,old_basis_direction,Fz,38,6,139346.258,340903.341,231,0.591244081,24.5607523,0.851256332
nominal,B_Task-2,3,R,old_basis_direction,F3,38,6,72892.1277,234965.198,231,0.689774791,17.7637366,0.870479764
nominal,B_Task-2,3,R,old_basis_direction,F4,38,6,292756.877,586670.689,231,0.500986017,35.5998004,0.854950245
nominal,B_Task-2,3,R,old_basis_direction,joint,38,6,504995.263,1162539.23,693,0.565610131,26.9946086,0.848411055
nominal,B_Task-2,4,L,old_trend_shared,Fz,66,10,64575.8924,115749.178,231,0.442104958,16.7197284,0.7753559
nominal,B_Task-2,4,L,old_trend_shared,F3,66,10,123492.822,38486.0819,231,-2.20876577,23.1214395,0.452759715
nominal,B_Task-2,4,L,old_trend_shared,F4,66,10,116905.825,169781.9,231,0.311435284,22.4963514,0.755960214
nominal,B_Task-2,4,L,old_trend_shared,joint,66,10,304974.54,324017.159,693,0.0587704029,20.9780529,0.690227224
nominal,B_Task-2,4,L,old_trend_direction,Fz,30,10,62894.5603,115749.178,231,0.456630608,16.500631,0.7753559
nominal,B_Task-2,4,L,old_trend_direction,F3,30,10,67953.8165,38486.0819,231,-0.765672502,17.1514538,0.452759715
nominal,B_Task-2,4,L,old_trend_direction,F4,30,10,113476.449,169781.9,231,0.331634001,22.1639355,0.755960214
nominal,B_Task-2,4,L,old_trend_direction,joint,30,10,244324.826,324017.159,693,0.245950966,18.7766098,0.702844789
nominal,B_Task-2,4,L,old_basis_shared,Fz,66,10,60266.695,115749.178,231,0.479333709,16.1522377,0.842482502
nominal,B_Task-2,4,L,old_basis_shared,F3,66,10,127702.264,38486.0819,231,-2.31814145,23.5122022,0.572870228
nominal,B_Task-2,4,L,old_basis_shared,F4,66,10,106909.852,169781.9,231,0.370310663,21.5130939,0.839276676
nominal,B_Task-2,4,L,old_basis_shared,joint,66,10,294878.81,324017.159,693,0.0899284126,20.627907,0.772819904
nominal,B_Task-2,4,L,old_basis_direction,Fz,30,10,61028.4774,115749.178,231,0.472752389,16.2540008,0.837644278
nominal,B_Task-2,4,L,old_basis_direction,F3,30,10,72948.8274,38486.0819,231,-0.895459963,17.770644,0.58400304
nominal,B_Task-2,4,L,old_basis_direction,F4,30,10,107132.386,169781.9,231,0.368999957,21.5354722,0.829718355
nominal,B_Task-2,4,L,old_basis_direction,joint,30,10,241109.691,324017.159,693,0.255873697,18.6526575,0.778524302
nominal,B_Task-2,4,R,old_trend_shared,Fz,66,10,190576.736,277514.814,231,0.313273646,28.7229441,0.65649051
nominal,B_Task-2,4,R,old_trend_shared,F3,66,10,279831.476,155786.775,231,-0.796246665,34.8050524,0.505296467
nominal,B_Task-2,4,R,old_trend_shared,F4,66,10,315616.217,431965.219,231,0.269348079,36.9635492,0.655108486
nominal,B_Task-2,4,R,old_trend_shared,joint,66,10,786024.429,865266.808,693,0.0915814385,33.6783964,0.61613474
nominal,B_Task-2,4,R,old_trend_direction,Fz,36,10,209186.948,277514.814,231,0.246213401,30.0927101,0.65649051
nominal,B_Task-2,4,R,old_trend_direction,F3,36,10,415493.523,155786.775,231,-1.66706543,42.4107682,0.505296467
nominal,B_Task-2,4,R,old_trend_direction,F4,36,10,435041.737,431965.219,231,-0.00712214267,43.3969764,0.655108486
nominal,B_Task-2,4,R,old_trend_direction,joint,36,10,1059722.21,865266.808,693,-0.224734611,39.1047398,0.601034108
nominal,B_Task-2,4,R,old_basis_shared,Fz,66,10,136955.148,277514.814,231,0.506494281,24.3491155,0.786423873
nominal,B_Task-2,4,R,old_basis_shared,F3,66,10,235667.931,155786.775,231,-0.512759542,31.9406871,0.691075122
nominal,B_Task-2,4,R,old_basis_shared,F4,66,10,229723.323,431965.219,231,0.468190232,31.5352701,0.786975439
nominal,B_Task-2,4,R,old_basis_shared,joint,66,10,602346.402,865266.808,693,0.303860502,29.4819729,0.757006356
nominal,B_Task-2,4,R,old_basis_direction,Fz,36,10,155513.504,277514.814,231,0.43962089,25.9464571,0.7842538
nominal,B_Task-2,4,R,old_basis_direction,F3,36,10,370568.279,155786.775,231,-1.37868893,40.0523618,0.675550006
nominal,B_Task-2,4,R,old_basis_direction,F4,36,10,348758.035,431965.219,231,0.19262473,38.8558238,0.780372707
nominal,B_Task-2,4,R,old_basis_direction,joint,36,10,874839.818,865266.808,693,-0.011063651,35.5302001,0.735916015
nominal,B_Task-2,5,L,old_trend_shared,Fz,69,9,174294.008,222492.608,231,0.21663012,27.4685186,0.663903625
nominal,B_Task-2,5,L,old_trend_shared,F3,69,9,181953.671,129211.104,231,-0.408189121,28.0656058,0.648781201
nominal,B_Task-2,5,L,old_trend_shared,F4,69,9,472698.077,301909.947,231,-0.565692294,45.2361804,0.55299313
nominal,B_Task-2,5,L,old_trend_shared,joint,69,9,828945.755,653613.658,693,-0.268250356,34.5856895,0.588359078
nominal,B_Task-2,5,L,old_trend_direction,Fz,31,9,174171.85,222492.608,231,0.217179162,27.458891,0.663903625
nominal,B_Task-2,5,L,old_trend_direction,F3,31,9,119841.776,129211.104,231,0.072511783,22.7770843,0.648781201
nominal,B_Task-2,5,L,old_trend_direction,F4,31,9,383211.24,301909.947,231,-0.269289881,40.7298799,0.55299313
nominal,B_Task-2,5,L,old_trend_direction,joint,31,9,677224.867,653613.658,693,-0.0361241044,31.2607815,0.601134232
nominal,B_Task-2,5,L,old_basis_shared,Fz,69,9,120043.835,222492.608,231,0.460459222,22.7962778,0.818733121
nominal,B_Task-2,5,L,old_basis_shared,F3,69,9,148007.409,129211.104,231,-0.145469733,25.3125406,0.813300731
nominal,B_Task-2,5,L,old_basis_shared,F4,69,9,391592.946,301909.947,231,-0.297052151,41.1728983,0.727157292
nominal,B_Task-2,5,L,old_basis_shared,joint,69,9,659644.189,653613.658,693,-0.0092264455,30.8523503,0.752088614
nominal,B_Task-2,5,L,old_basis_direction,Fz,31,9,117981.83,222492.608,231,0.469726968,22.5996428,0.82527909
nominal,B_Task-2,5,L,old_basis_direction,F3,31,9,84236.4414,129211.104,231,0.348071188,19.0960708,0.83319507
nominal,B_Task-2,5,L,old_basis_direction,F4,31,9,303201.585,301909.947,231,-0.00427822301,36.2292834,0.735058382
nominal,B_Task-2,5,L,old_basis_direction,joint,31,9,505419.856,653613.658,693,0.226729966,27.0059546,0.772694542
nominal,B_Task-2,5,R,old_trend_shared,Fz,69,9,70039.9589,200915.347,231,0.651395675,17.4127334,0.811723603
nominal,B_Task-2,5,R,old_trend_shared,F3,69,9,75301.9962,117867.538,231,0.361130321,18.0549901,0.716254494
nominal,B_Task-2,5,R,old_trend_shared,F4,69,9,116916.442,324954.013,231,0.640206192,22.4973728,0.81132383
nominal,B_Task-2,5,R,old_trend_shared,joint,69,9,262258.397,643736.898,693,0.592600024,19.453515,0.787385312
nominal,B_Task-2,5,R,old_trend_direction,Fz,38,9,70815.7032,200915.347,231,0.647534625,17.5088973,0.811723603
nominal,B_Task-2,5,R,old_trend_direction,F3,38,9,115040.595,117867.538,231,0.0239840691,22.3161653,0.716254494
nominal,B_Task-2,5,R,old_trend_direction,F4,38,9,123983.909,324954.013,231,0.618457061,23.1673667,0.81132383
nominal,B_Task-2,5,R,old_trend_direction,joint,38,9,309840.207,643736.898,693,0.518685028,21.1447361,0.777912725
nominal,B_Task-2,5,R,old_basis_shared,Fz,69,9,38690.406,200915.347,231,0.807429315,12.9418289,0.9042457
nominal,B_Task-2,5,R,old_basis_shared,F3,69,9,49124.84,117867.538,231,0.583219936,14.5829231,0.854286021
nominal,B_Task-2,5,R,old_basis_shared,F4,69,9,62972.0833,324954.013,231,0.806212323,16.5107971,0.90883226
nominal,B_Task-2,5,R,old_basis_shared,joint,69,9,150787.329,643736.898,693,0.765762488,14.7508079,0.888659162
nominal,B_Task-2,5,R,old_basis_direction,Fz,38,9,40277.7902,200915.347,231,0.799528554,13.204648,0.903148881
nominal,B_Task-2,5,R,old_basis_direction,F3,38,9,89208.9731,117867.538,231,0.243142136,19.6516165,0.847712987
nominal,B_Task-2,5,R,old_basis_direction,F4,38,9,70827.6424,324954.013,231,0.782037952,17.5103732,0.908225125
nominal,B_Task-2,5,R,old_basis_direction,joint,38,9,200314.406,643736.898,693,0.688825658,17.0015875,0.8790398
nominal,B_Task-2,1,L,shape_wc,Fz,70,6,88182.9875,258315.372,231,0.658622765,19.5382838,0.814234529
nominal,B_Task-2,1,L,shape_wc,F3,70,6,237184.996,224083.329,231,-0.0584678317,32.0433281,0.821269192
nominal,B_Task-2,1,L,shape_wc,F4,70,6,172151.243,409824.232,231,0.579938839,27.2991479,0.879670762
nominal,B_Task-2,1,L,shape_wc,joint,70,6,497519.226,892222.934,693,0.442382383,26.7940471,0.789934008
nominal,B_Task-2,1,R,shape_wc,Fz,70,11,69731.8197,208404.175,231,0.665401042,17.3743877,0.873685546
nominal,B_Task-2,1,R,shape_wc,F3,70,11,294364.29,250392.311,231,-0.175612341,35.6973989,0.906948487
nominal,B_Task-2,1,R,shape_wc,F4,70,11,159213.113,342921.155,231,0.535715102,26.2532713,0.899090038
nominal,B_Task-2,1,R,shape_wc,joint,70,11,523309.223,801717.64,693,0.347264926,27.4797373,0.842516675
nominal,B_Task-2,1,L,shape_blind,Fz,70,6,100322.898,258315.372,231,0.611626293,20.8398239,0.783645095
nominal,B_Task-2,1,L,shape_blind,F3,70,6,241858.637,224083.329,231,-0.0793245409,32.3574889,0.807191776
nominal,B_Task-2,1,L,shape_blind,F4,70,6,187313.186,409824.232,231,0.54294263,28.4759476,0.856660819
nominal,B_Task-2,1,L,shape_blind,joint,70,6,529494.721,892222.934,693,0.406544372,27.641665,0.766844937
nominal,B_Task-2,1,R,shape_blind,Fz,70,11,77588.3621,208404.175,231,0.627702457,18.3270389,0.851312217
nominal,B_Task-2,1,R,shape_blind,F3,70,11,300088.891,250392.311,231,-0.198474868,36.0428372,0.892865567
nominal,B_Task-2,1,R,shape_blind,F4,70,11,171773.851,342921.155,231,0.499086454,27.2692088,0.877197242
nominal,B_Task-2,1,R,shape_blind,joint,70,11,549451.105,801717.64,693,0.314657583,28.1577474,0.822209733
nominal,B_Task-2,1,L,no_feedback,Fz,70,6,66486.042,258315.372,231,0.742616781,16.9652104,0.865547921
nominal,B_Task-2,1,L,no_feedback,F3,70,6,237996.015,224083.329,231,-0.0620871054,32.098065,0.816092063
nominal,B_Task-2,1,L,no_feedback,F4,70,6,154205.896,409824.232,231,0.62372675,25.8371436,0.906730178
nominal,B_Task-2,1,L,no_feedback,joint,70,6,458687.953,892222.934,693,0.485904323,25.727172,0.816363969
nominal,B_Task-2,1,R,no_feedback,Fz,70,11,56725.0656,208404.175,231,0.727812239,15.6704516,0.911323093
nominal,B_Task-2,1,R,no_feedback,F3,70,11,280997.802,250392.311,231,-0.122230155,34.8775099,0.917813853
nominal,B_Task-2,1,R,no_feedback,F4,70,11,130400.843,342921.155,231,0.619735205,23.7593311,0.93531791
nominal,B_Task-2,1,R,no_feedback,joint,70,11,468123.71,801717.64,693,0.416099027,25.9904442,0.875947454
nominal,B_Task-2,2,L,shape_wc,Fz,66,8,50657.7098,137891.176,231,0.632625441,14.8086949,0.824566201
nominal,B_Task-2,2,L,shape_wc,F3,66,8,220369.08,57193.1334,231,-2.85306883,30.8865456,0.435629096
nominal,B_Task-2,2,L,shape_wc,F4,66,8,148130.226,155705.037,231,0.0486484592,25.3230407,0.743070143
nominal,B_Task-2,2,L,shape_wc,joint,66,8,419157.016,350789.346,693,-0.194896655,24.59358,0.653870902
nominal,B_Task-2,2,R,shape_wc,Fz,66,11,98765.0519,332156.113,231,0.702654722,20.6773871,0.86317726
nominal,B_Task-2,2,R,shape_wc,F3,66,11,216486.649,393928.287,231,0.450441474,30.6132592,0.930238837
nominal,B_Task-2,2,R,shape_wc,F4,66,11,271551.999,785751.255,231,0.654404626,34.2862914,0.903472868
nominal,B_Task-2,2,R,shape_wc,joint,66,11,586803.7,1511835.66,693,0.611860127,29.0991166,0.872890276
nominal,B_Task-2,2,L,shape_blind,Fz,66,8,57711.6146,137891.176,231,0.581469849,15.8061327,0.796629326
nominal,B_Task-2,2,L,shape_blind,F3,66,8,226100.828,57193.1334,231,-2.95328626,31.2856431,0.383946375
nominal,B_Task-2,2,L,shape_blind,F4,66,8,160295.978,155705.037,231,-0.0294848639,26.342399,0.70414416
nominal,B_Task-2,2,L,shape_blind,joint,66,8,444108.421,350789.346,693,-0.26602597,25.3149974,0.621930108
nominal,B_Task-2,2,R,shape_blind,Fz,66,11,113880.597,332156.113,231,0.65714737,22.2033691,0.830370889
nominal,B_Task-2,2,R,shape_blind,F3,66,11,226103.523,393928.287,231,0.426028722,31.2858295,0.908695437
nominal,B_Task-2,2,R,shape_blind,F4,66,11,298385.579,785751.255,231,0.620254404,35.9404015,0.874389586
nominal,B_Task-2,2,R,shape_blind,joint,66,11,638369.698,1511835.66,693,0.577751923,30.3507561,0.844859043
nominal,B_Task-2,2,L,no_feedback,Fz,66,8,35213.023,137891.176,231,0.744631788,12.3465513,0.888386643
nominal,B_Task-2,2,L,no_feedback,F3,66,8,203276.287,57193.1334,231,-2.55420791,29.664523,0.593478446
nominal,B_Task-2,2,L,no_feedback,F4,66,8,117975.567,155705.037,231,0.242313738,22.5990429,0.842854617
nominal,B_Task-2,2,L,no_feedback,joint,66,8,356464.877,350789.346,693,-0.0161793164,22.6799324,0.736845362
nominal,B_Task-2,2,R,no_feedback,Fz,66,11,66755.8651,332156.113,231,0.799022621,16.9996008,0.923655164
nominal,B_Task-2,2,R,no_feedback,F3,66,11,198390.981,393928.287,231,0.496377926,29.3058939,0.953755784
nominal,B_Task-2,2,R,no_feedback,F4,66,11,216326.165,785751.255,231,0.724688745,30.6019101,0.950646693
nominal,B_Task-2,2,R,no_feedback,joint,66,11,481473.011,1511835.66,693,0.681530854,26.3584189,0.917472183
nominal,B_Task-2,3,L,shape_wc,Fz,70,9,209612.022,509447.514,231,0.58855031,30.1232692,0.858097265
nominal,B_Task-2,3,L,shape_wc,F3,70,9,156543.605,362703.28,231,0.568397602,26.0322482,0.860355677
nominal,B_Task-2,3,L,shape_wc,F4,70,9,298690.711,757318.617,231,0.60559439,35.9587734,0.848211775
nominal,B_Task-2,3,L,shape_wc,joint,70,9,664846.338,1629469.41,693,0.591985996,30.9737667,0.851017544
nominal,B_Task-2,3,R,shape_wc,Fz,70,6,179896.497,340903.341,231,0.472294707,27.9064995,0.821847058
nominal,B_Task-2,3,R,shape_wc,F3,70,6,150464.977,234965.198,231,0.359628669,25.5218247,0.828979796
nominal,B_Task-2,3,R,shape_wc,F4,70,6,427241.716,586670.689,231,0.271752067,43.0061768,0.847777759
nominal,B_Task-2,3,R,shape_wc,joint,70,6,757603.19,1162539.23,693,0.348320321,33.0639153,0.826231616
nominal,B_Task-2,3,L,shape_blind,Fz,70,9,226800.657,509447.514,231,0.554810554,31.3340234,0.828273526
nominal,B_Task-2,3,L,shape_blind,F3,70,9,168414.004,362703.28,231,0.535670027,27.0012028,0.830481629
nominal,B_Task-2,3,L,shape_blind,F4,70,9,326852.151,757318.617,231,0.568408667,37.6157464,0.815918693
nominal,B_Task-2,3,L,shape_blind,joint,70,9,722066.812,1629469.41,693,0.55686998,32.2791489,0.820050372
nominal,B_Task-2,3,R,shape_blind,Fz,70,6,190763.355,340903.341,231,0.440418053,28.7370039,0.797895502
nominal,B_Task-2,3,R,shape_blind,F3,70,6,157872.762,234965.198,231,0.328101508,26.1425299,0.80466635
nominal,B_Task-2,3,R,shape_blind,F4,70,6,442153.454,586670.689,231,0.246334507,43.7502482,0.829181529
nominal,B_Task-2,3,R,shape_blind,joint,70,6,790789.572,1162539.23,693,0.31977386,33.780327,0.805346466
nominal,B_Task-2,3,L,no_feedback,Fz,70,9,164751.98,509447.514,231,0.676606568,26.7060299,0.92509848
nominal,B_Task-2,3,L,no_feedback,F3,70,9,125193.572,362703.28,231,0.654831984,23.2801098,0.921236918
nominal,B_Task-2,3,L,no_feedback,F4,70,9,218494.327,757318.617,231,0.71148956,30.754884,0.924724406
nominal,B_Task-2,3,L,no_feedback,joint,70,9,508439.879,1629469.41,693,0.687972124,27.0865184,0.921306938
nominal,B_Task-2,3,R,no_feedback,Fz,70,6,160896.159,340903.341,231,0.528029972,26.3916686,0.85600915
nominal,B_Task-2,3,R,no_feedback,F3,70,6,135469.864,234965.198,231,0.423447111,24.2167221,0.860801607
nominal,B_Task-2,3,R,no_feedback,F4,70,6,398060.484,586670.689,231,0.321492463,41.5115112,0.869880515
nominal,B_Task-2,3,R,no_feedback,joint,70,6,694426.508,1162539.23,693,0.402664021,31.6553069,0.853286294
nominal,B_Task-2,4,L,shape_wc,Fz,66,10,58181.8498,115749.178,231,0.497345459,15.8703963,0.808979904
nominal,B_Task-2,4,L,shape_wc,F3,66,10,116272.192,38486.0819,231,-2.0211491,22.435303,0.496283354
nominal,B_Task-2,4,L,shape_wc,F4,66,10,102185.647,169781.9,231,0.398135802,21.0324061,0.795939253
nominal,B_Task-2,4,L,shape_wc,joint,66,10,276639.688,324017.159,693,0.146219018,19.9797765,0.729081804
nominal,B_Task-2,4,R,shape_wc,Fz,66,10,164344.904,277514.814,231,0.407797724,26.6730164,0.716687124
nominal,B_Task-2,4,R,shape_wc,F3,66,10,248437.47,155786.775,231,-0.594727596,32.7946167,0.587692651
nominal,B_Task-2,4,R,shape_wc,F4,66,10,267557.434,431965.219,231,0.38060422,34.0331792,0.715739651
nominal,B_Task-2,4,R,shape_wc,joint,66,10,680339.808,865266.808,693,0.213722517,31.3325921,0.681522664
nominal,B_Task-2,4,L,shape_blind,Fz,66,10,63523.8332,115749.178,231,0.451194087,16.5829717,0.785296522
nominal,B_Task-2,4,L,shape_blind,F3,66,10,117654.263,38486.0819,231,-2.05706003,22.5682479,0.470113113
nominal,B_Task-2,4,L,shape_blind,F4,66,10,111737.92,169781.9,231,0.341873776,21.9934977,0.768402443
nominal,B_Task-2,4,L,shape_blind,joint,66,10,292916.016,324017.159,693,0.095986098,20.5591399,0.703827242
nominal,B_Task-2,4,R,shape_blind,Fz,66,10,177870.443,277514.814,231,0.359059646,27.7489084,0.684395013
nominal,B_Task-2,4,R,shape_blind,F3,66,10,258668.928,155786.775,231,-0.660403635,33.4630977,0.547244741
nominal,B_Task-2,4,R,shape_blind,F4,66,10,289240.989,431965.219,231,0.330406764,35.3853853,0.683169204
nominal,B_Task-2,4,R,shape_blind,joint,66,10,725780.36,865266.808,693,0.161206286,32.3620473,0.647840556
nominal,B_Task-2,4,L,no_feedback,Fz,66,10,54885.337,115749.178,231,0.525825254,15.4142422,0.85088069
nominal,B_Task-2,4,L,no_feedback,F3,66,10,121591.048,38486.0819,231,-2.15935118,22.9427151,0.551256086
nominal,B_Task-2,4,L,no_feedback,F4,66,10,98504.5308,169781.9,231,0.419817241,20.6500978,0.851675099
nominal,B_Task-2,4,L,no_feedback,joint,66,10,274980.916,324017.159,693,0.151338414,19.9197856,0.778656209
nominal,B_Task-2,4,R,no_feedback,Fz,66,10,136855.264,277514.814,231,0.506854202,24.3402348,0.787883096
nominal,B_Task-2,4,R,no_feedback,F3,66,10,242225.482,155786.775,231,-0.55485266,32.3820191,0.661501055
nominal,B_Task-2,4,R,no_feedback,F4,66,10,227304.245,431965.219,231,0.473790401,31.3687912,0.792165527
nominal,B_Task-2,4,R,no_feedback,joint,66,10,606384.991,865266.808,693,0.299193052,29.5806426,0.754691324
nominal,B_Task-2,5,L,shape_wc,Fz,69,9,148040.611,222492.608,231,0.334626833,25.3153796,0.738399779
nominal,B_Task-2,5,L,shape_wc,F3,69,9,159264.446,129211.104,231,-0.232591019,26.2575033,0.722702592
nominal,B_Task-2,5,L,shape_wc,F4,69,9,423049.711,301909.947,231,-0.401244696,42.7946729,0.634146606
nominal,B_Task-2,5,L,shape_wc,joint,69,9,730354.769,653613.658,693,-0.117410506,32.463872,0.666029938
nominal,B_Task-2,5,R,shape_wc,Fz,69,9,53226.2991,200915.347,231,0.735080969,15.1794888,0.860185221
nominal,B_Task-2,5,R,shape_wc,F3,69,9,60506.4293,117867.538,231,0.486657393,16.1843318,0.775093163
nominal,B_Task-2,5,R,shape_wc,F4,69,9,88479.9853,324954.013,231,0.727715364,19.5711584,0.861873955
nominal,B_Task-2,5,R,shape_wc,joint,69,9,202212.714,643736.898,693,0.68587677,17.0819565,0.838329633
nominal,B_Task-2,5,L,shape_blind,Fz,69,9,159928.873,222492.608,231,0.281194666,26.3122174,0.704931318
nominal,B_Task-2,5,L,shape_blind,F3,69,9,164620.686,129211.104,231,-0.274044417,26.6953865,0.696825779
nominal,B_Task-2,5,L,shape_blind,F4,69,9,443379.87,301909.947,231,-0.468583182,43.8108819,0.594265636
nominal,B_Task-2,5,L,shape_blind,joint,69,9,767929.429,653613.658,693,-0.174898075,33.2884856,0.631721853
nominal,B_Task-2,5,R,shape_blind,Fz,69,9,62103.1319,200915.347,231,0.690899014,16.3964852,0.834937044
nominal,B_Task-2,5,R,shape_blind,F3,69,9,66998.3174,117867.538,231,0.431579564,17.0304435,0.744144563
nominal,B_Task-2,5,R,shape_blind,F4,69,9,103365.371,324954.013,231,0.681907696,21.1534663,0.835809463
nominal,B_Task-2,5,R,shape_blind,joint,69,9,232466.82,643736.898,693,0.638879144,18.315293,0.812199369
nominal,B_Task-2,5,L,no_feedback,Fz,69,9,136538.859,222492.608,231,0.386321818,24.3120816,0.77783256
nominal,B_Task-2,5,L,no_feedback,F3,69,9,153377.893,129211.104,231,-0.187033379,25.7676845,0.744328039
nominal,B_Task-2,5,L,no_feedback,F4,69,9,392132.157,301909.947,231,-0.29883815,41.2012355,0.700036222
nominal,B_Task-2,5,L,no_feedback,joint,69,9,682048.909,653613.658,693,-0.0435046762,31.3719231,0.714660091
nominal,B_Task-2,5,R,no_feedback,Fz,69,9,37276.6187,200915.347,231,0.814466046,12.7031746,0.905309016
nominal,B_Task-2,5,R,no_feedback,F3,69,9,46167.977,117867.538,231,0.608306258,14.1372335,0.847872288
nominal,B_Task-2,5,R,no_feedback,F4,69,9,58488.0329,324954.013,231,0.820011354,15.9121007,0.912983859
nominal,B_Task-2,5,R,no_feedback,joint,69,9,141932.629,643736.898,693,0.779517643,14.3111491,0.890567284
