subject,task,file_name,trial_id,sample_rate_hz,cue_value,cue_direction,cue_onset_sample,cue_offset_sample,cue_onset_s,cue_offset_s,cue_duration_s,target_value,target_side,target_onset_sample,target_offset_sample,target_onset_s,target_offset_s,cue_to_target_s,response_value,response_side,response_sample,response_time_s,reaction_time_s,reaction_time_proxy_s,reaction_time_source,cue_target_match,target_response_match,correct_inferred,rail_Fz,rail_F3,rail_F4,saturation_flag,saturation_fraction,nonfinite_flag,abnormal_flag,abnormal_reason
A,Task-1,VisualCogA_Task-1.mat,1,256.000000,-1,L,5162,5213,20.164062,20.363281,0.203125,-1,L,5758,6255,22.492188,24.433594,2.328125,,,,,,1.945312,channel9_segment_duration_proxy,True,,True,False,False,False,False,0.000000,False,False,none
A,Task-1,VisualCogA_Task-1.mat,2,256.000000,1,R,7538,7589,29.445312,29.644531,0.203125,1,R,8105,8406,31.660156,32.835938,2.214844,,,,,,1.179688,channel9_segment_duration_proxy,True,,True,False,False,False,False,0.000000,False,False,none
A,Task-1,VisualCogA_Task-1.mat,3,256.000000,-1,L,9690,9742,37.851562,38.054688,0.207031,-1,L,10258,10566,40.070312,41.273438,2.218750,,,,,,1.207031,channel9_segment_duration_proxy,True,,True,False,True,True,True,0.092014,False,True,raw_eeg_rail_saturation
A,Task-1,VisualCogA_Task-1.mat,4,256.000000,-1,L,11851,11902,46.292969,46.492188,0.203125,-1,L,12418,12770,48.507812,49.882812,2.214844,,,,,,1.378906,channel9_segment_duration_proxy,True,,True,False,False,False,False,0.000000,False,False,none
A,Task-1,VisualCogA_Task-1.mat,5,256.000000,1,R,14055,14106,54.902344,55.101562,0.203125,1,R,14623,14931,57.121094,58.324219,2.218750,,,,,,1.207031,channel9_segment_duration_proxy,True,,True,False,False,False,False,0.000000,False,False,none
A,Task-1,VisualCogA_Task-1.mat,6,256.000000,-1,L,16216,16267,63.343750,63.542969,0.203125,-1,L,16783,17085,65.558594,66.738281,2.214844,,,,,,1.183594,channel9_segment_duration_proxy,True,,True,False,False,False,False,0.000000,False,False,none
A,Task-1,VisualCogA_Task-1.mat,7,256.000000,-1,L,18368,18419,71.750000,71.949219,0.203125,-1,L,18936,19305,73.968750,75.410156,2.218750,,,,,,1.445312,channel9_segment_duration_proxy,True,,True,False,False,False,False,0.000000,False,False,none
A,Task-1,VisualCogA_Task-1.mat,8,256.000000,-1,L,20589,20640,80.425781,80.625000,0.203125,-1,L,21156,21420,82.640625,83.671875,2.214844,,,,,,1.035156,channel9_segment_duration_proxy,True,,True,False,False,False,False,0.000000,False,False,none
A,Task-1,VisualCogA_Task-1.mat,9,256.000000,1,R,22705,22756,88.691406,88.890625,0.203125,1,R,23272,23571,90.906250,92.074219,2.214844,,,,,,1.171875,channel9_segment_duration_proxy,True,,True,False,False,False,False,0.000000,False,False,none
A,Task-1,VisualCogA_Task-1.mat,10,256.000000,1,R,24854,24905,97.085938,97.285156,0.203125,1,R,25421,25816,99.300781,100.843750,2.214844,,,,,,1.546875,channel9_segment_duration_proxy,True,,True,False,False,False,False,0.000000,False,False,none
A,Task-1,VisualCogA_Task-1.mat,11,256.000000,1,R,27102,27153,105.867188,106.066406,0.203125,1,R,27669,27969,108.082031,109.253906,2.214844,,,,,,1.175781,channel9_segment_duration_proxy,True,,True,False,False,False,False,0.000000,False,False,none
A,Task-1,VisualCogA_Task-1.mat,12,256.000000,1,R,29254,29306,114.273438,114.476562,0.207031,1,R,29822,30095,116.492188,117.558594,2.218750,,,,,,1.070312,channel9_segment_duration_proxy,True,,True,False,False,False,False,0.000000,False,False,none
A,Task-1,VisualCogA_Task-1.mat,13,256.000000,-1,L,31379,31430,122.574219,122.773438,0.203125,-1,L,31946,32237,124.789062,125.925781,2.214844,,,,,,1.140625,channel9_segment_duration_proxy,True,,True,False,False,False,False,0.000000,False,False,none
A,Task-1,VisualCogA_Task-1.mat,14,256.000000,-1,L,33520,33571,130.937500,131.136719,0.203125,-1,L,34087,34390,133.152344,134.335938,2.214844,,,,,,1.187500,channel9_segment_duration_proxy,True,,True,False,False,True,True,0.322917,False,True,raw_eeg_rail_saturation
A,Task-1,VisualCogA_Task-1.mat,15,256.000000,1,R,35676,35727,139.359375,139.558594,0.203125,1,R,36243,36506,141.574219,142.601562,2.214844,,,,,,1.031250,channel9_segment_duration_proxy,True,,True,False,False,False,False,0.000000,False,False,none
A,Task-1,VisualCogA_Task-1.mat,16,256.000000,-1,L,37789,37840,147.613281,147.812500,0.203125,-1,L,38356,38613,149.828125,150.832031,2.214844,,,,,,1.007812,channel9_segment_duration_proxy,True,,True,False,False,False,False,0.000000,False,False,none
A,Task-1,VisualCogA_Task-1.mat,17,256.000000,1,R,39897,39948,155.847656,156.046875,0.203125,1,R,40465,40823,158.066406,159.464844,2.218750,,,,,,1.402344,channel9_segment_duration_proxy,True,,True,False,False,False,False,0.000000,False,False,none
A,Task-1,VisualCogA_Task-1.mat,18,256.000000,-1,L,42110,42161,164.492188,164.691406,0.203125,-1,L,42677,42996,166.707031,167.953125,2.214844,,,,,,1.250000,channel9_segment_duration_proxy,True,,True,False,False,False,False,0.000000,False,False,none
A,Task-1,VisualCogA_Task-1.mat,19,256.000000,-1,L,44282,44333,172.976562,173.175781,0.203125,-1,L,44849,45159,175.191406,176.402344,2.214844,,,,,,1.214844,channel9_segment_duration_proxy,True,,True,False,False,False,False,0.000000,False,False,none
A,Task-1,VisualCogA_Task-1.mat,20,256.000000,1,R,46443,46494,181.417969,181.617188,0.203125,1,R,47010,47294,183.632812,184.742188,2.214844,,,,,,1.113281,channel9_segment_duration_proxy,True,,True,False,True,True,True,0.172743,False,True,raw_eeg_rail_saturation
A,Task-1,VisualCogA_Task-1.mat,21,256.000000,-1,L,48579,48630,189.761719,189.960938,0.203125,-1,L,49147,49391,191.980469,192.933594,2.218750,,,,,,0.957031,channel9_segment_duration_proxy,True,,True,False,False,False,False,0.000000,False,False,none
A,Task-1,VisualCogA_Task-1.mat,22,256.000000,-1,L,50676,50727,197.953125,198.152344,0.203125,-1,L,51243,51570,200.167969,201.445312,2.214844,,,,,,1.281250,channel9_segment_duration_proxy,True,,True,False,False,True,True,0.005208,False,True,raw_eeg_rail_saturation
A,Task-1,VisualCogA_Task-1.mat,23,256.000000,1,R,52856,52907,206.468750,206.667969,0.203125,1,R,53423,53715,208.683594,209.824219,2.214844,,,,,,1.144531,channel9_segment_duration_proxy,True,,True,False,False,False,False,0.000000,False,False,none
A,Task-1,VisualCogA_Task-1.mat,24,256.000000,-1,L,55001,55052,214.847656,215.046875,0.203125,-1,L,55568,55849,217.062500,218.160156,2.214844,,,,,,1.101562,channel9_segment_duration_proxy,True,,True,False,False,False,False,0.000000,False,False,none
A,Task-1,VisualCogA_Task-1.mat,25,256.000000,-1,L,57133,57184,223.175781,223.375000,0.203125,-1,L,57700,58028,225.390625,226.671875,2.214844,,,,,,1.285156,channel9_segment_duration_proxy,True,,True,False,False,False,False,0.000000,False,False,none
A,Task-1,VisualCogA_Task-1.mat,26,256.000000,1,R,59314,59365,231.695312,231.894531,0.203125,1,R,59881,60124,233.910156,234.859375,2.214844,,,,,,0.953125,channel9_segment_duration_proxy,True,,True,False,False,False,False,0.000000,False,False,none
A,Task-1,VisualCogA_Task-1.mat,27,256.000000,1,R,61410,61461,239.882812,240.082031,0.203125,1,R,61978,62291,242.101562,243.324219,2.218750,,,,,,1.226562,channel9_segment_duration_proxy,True,,True,False,True,True,True,0.078125,False,True,raw_eeg_rail_saturation
A,Task-1,VisualCogA_Task-1.mat,28,256.000000,-1,L,63575,63626,248.339844,248.539062,0.203125,-1,L,64142,64380,250.554688,251.484375,2.214844,,,,,,0.933594,channel9_segment_duration_proxy,True,,True,False,False,False,False,0.000000,False,False,none
A,Task-1,VisualCogA_Task-1.mat,29,256.000000,-1,L,65663,65714,256.496094,256.695312,0.203125,-1,L,66231,66574,258.714844,260.054688,2.218750,,,,,,1.343750,channel9_segment_duration_proxy,True,,True,False,False,False,False,0.000000,False,False,none
A,Task-1,VisualCogA_Task-1.mat,30,256.000000,-1,L,67860,67911,265.078125,265.277344,0.203125,-1,L,68427,68691,267.292969,268.324219,2.214844,,,,,,1.035156,channel9_segment_duration_proxy,True,,True,False,False,False,False,0.000000,False,False,none
A,Task-1,VisualCogA_Task-1.mat,31,256.000000,-1,L,69976,70027,273.343750,273.542969,0.203125,-1,L,70544,70794,275.562500,276.539062,2.218750,,,,,,0.980469,channel9_segment_duration_proxy,True,,True,False,False,False,False,0.000000,False,False,none
A,Task-1,VisualCogA_Task-1.mat,32,256.000000,1,R,72081,72132,281.566406,281.765625,0.203125,1,R,72648,72985,283.781250,285.097656,2.214844,,,,,,1.320312,channel9_segment_duration_proxy,True,,True,False,False,False,False,0.000000,False,False,none
A,Task-1,VisualCogA_Task-1.mat,33,256.000000,1,R,74269,74320,290.113281,290.312500,0.203125,1,R,74837,75137,292.332031,293.503906,2.218750,,,,,,1.175781,channel9_segment_duration_proxy,True,,True,False,False,False,False,0.000000,False,False,none
A,Task-1,VisualCogA_Task-1.mat,34,256.000000,-1,L,76422,76473,298.523438,298.722656,0.203125,-1,L,76989,77390,300.738281,302.304688,2.214844,,,,,,1.570312,channel9_segment_duration_proxy,True,,True,False,False,False,False,0.000000,False,False,none
A,Task-1,VisualCogA_Task-1.mat,35,256.000000,1,R,78674,78725,307.320312,307.519531,0.203125,1,R,79241,79508,309.535156,310.578125,2.214844,,,,,,1.046875,channel9_segment_duration_proxy,True,,True,False,False,False,False,0.000000,False,False,none
A,Task-1,VisualCogA_Task-1.mat,36,256.000000,-1,L,80791,80842,315.589844,315.789062,0.203125,-1,L,81358,81645,317.804688,318.925781,2.214844,,,,,,1.125000,channel9_segment_duration_proxy,True,,True,False,True,True,True,0.355035,False,True,raw_eeg_rail_saturation
A,Task-1,VisualCogA_Task-1.mat,37,256.000000,-1,L,82931,82982,323.949219,324.148438,0.203125,-1,L,83499,83789,326.167969,327.300781,2.218750,,,,,,1.136719,channel9_segment_duration_proxy,True,,True,False,False,False,False,0.000000,False,False,none
A,Task-1,VisualCogA_Task-1.mat,38,256.000000,-1,L,85076,85127,332.328125,332.527344,0.203125,-1,L,85643,85921,334.542969,335.628906,2.214844,,,,,,1.089844,channel9_segment_duration_proxy,True,,True,False,False,False,False,0.000000,False,False,none
A,Task-1,VisualCogA_Task-1.mat,39,256.000000,-1,L,87204,87255,340.640625,340.839844,0.203125,-1,L,87772,88066,342.859375,344.007812,2.218750,,,,,,1.152344,channel9_segment_duration_proxy,True,,True,False,True,True,True,0.338542,False,True,raw_eeg_rail_saturation
A,Task-1,VisualCogA_Task-1.mat,40,256.000000,-1,L,89353,89404,349.035156,349.234375,0.203125,-1,L,89920,90169,351.250000,352.222656,2.214844,,,,,,0.976562,channel9_segment_duration_proxy,True,,True,False,True,False,True,0.235243,False,True,raw_eeg_rail_saturation
A,Task-1,VisualCogA_Task-1.mat,41,256.000000,-1,L,91453,91504,357.238281,357.437500,0.203125,-1,L,92021,92267,359.457031,360.417969,2.218750,,,,,,0.964844,channel9_segment_duration_proxy,True,,True,False,False,True,True,0.006076,False,True,raw_eeg_rail_saturation
A,Task-1,VisualCogA_Task-1.mat,42,256.000000,1,R,93554,93605,365.445312,365.644531,0.203125,1,R,94122,94411,367.664062,368.792969,2.218750,,,,,,1.132812,channel9_segment_duration_proxy,True,,True,False,False,False,False,0.000000,False,False,none
A,Task-1,VisualCogA_Task-1.mat,43,256.000000,-1,L,95698,95750,373.820312,374.023438,0.207031,-1,L,96266,96595,376.039062,377.324219,2.218750,,,,,,1.289062,channel9_segment_duration_proxy,True,,True,False,False,False,False,0.000000,False,False,none
A,Task-1,VisualCogA_Task-1.mat,44,256.000000,1,R,97879,97930,382.339844,382.539062,0.203125,1,R,98446,98712,384.554688,385.593750,2.214844,,,,,,1.042969,channel9_segment_duration_proxy,True,,True,False,False,False,False,0.000000,False,False,none
A,Task-1,VisualCogA_Task-1.mat,45,256.000000,-1,L,99995,100047,390.605469,390.808594,0.207031,-1,L,100563,100810,392.824219,393.789062,2.218750,,,,,,0.968750,channel9_segment_duration_proxy,True,,True,False,False,False,False,0.000000,False,False,none
A,Task-1,VisualCogA_Task-1.mat,46,256.000000,-1,L,102096,102147,398.812500,399.011719,0.203125,-1,L,102663,102948,401.027344,402.140625,2.214844,,,,,,1.117188,channel9_segment_duration_proxy,True,,True,False,True,True,True,0.429688,False,True,raw_eeg_rail_saturation
A,Task-1,VisualCogA_Task-1.mat,47,256.000000,-1,L,104233,104284,407.160156,407.359375,0.203125,-1,L,104800,105137,409.375000,410.691406,2.214844,,,,,,1.320312,channel9_segment_duration_proxy,True,,True,False,False,False,False,0.000000,False,False,none
A,Task-1,VisualCogA_Task-1.mat,48,256.000000,1,R,106421,106472,415.707031,415.906250,0.203125,1,R,106988,107310,417.921875,419.179688,2.214844,,,,,,1.261719,channel9_segment_duration_proxy,True,,True,False,False,False,False,0.000000,False,False,none
A,Task-1,VisualCogA_Task-1.mat,49,256.000000,-1,L,108593,108645,424.191406,424.394531,0.207031,-1,L,109161,109440,426.410156,427.500000,2.218750,,,,,,1.093750,channel9_segment_duration_proxy,True,,True,False,False,False,False,0.000000,False,False,none
A,Task-1,VisualCogA_Task-1.mat,50,256.000000,-1,L,110726,110777,432.523438,432.722656,0.203125,-1,L,111293,111552,434.738281,435.750000,2.214844,,,,,,1.015625,channel9_segment_duration_proxy,True,,True,False,False,False,False,0.000000,False,False,none
A,Task-1,VisualCogA_Task-1.mat,51,256.000000,1,R,112835,112886,440.761719,440.960938,0.203125,1,R,113402,113699,442.976562,444.136719,2.214844,,,,,,1.164062,channel9_segment_duration_proxy,True,,True,False,False,False,False,0.000000,False,False,none
A,Task-1,VisualCogA_Task-1.mat,52,256.000000,1,R,114983,115034,449.152344,449.351562,0.203125,1,R,115551,115864,451.371094,452.593750,2.218750,,,,,,1.226562,channel9_segment_duration_proxy,True,,True,False,False,False,False,0.000000,False,False,none
A,Task-1,VisualCogA_Task-1.mat,53,256.000000,1,R,117148,117199,457.609375,457.808594,0.203125,1,R,117715,117978,459.824219,460.851562,2.214844,,,,,,1.031250,channel9_segment_duration_proxy,True,,True,False,True,False,True,0.013021,False,True,raw_eeg_rail_saturation
A,Task-1,VisualCogA_Task-1.mat,54,256.000000,-1,L,119264,119315,465.875000,466.074219,0.203125,-1,L,119832,120129,468.093750,469.253906,2.218750,,,,,,1.164062,channel9_segment_duration_proxy,True,,True,False,False,False,False,0.000000,False,False,none
A,Task-1,VisualCogA_Task-1.mat,55,256.000000,1,R,121417,121468,474.285156,474.484375,0.203125,1,R,121984,122258,476.500000,477.570312,2.214844,,,,,,1.074219,channel9_segment_duration_proxy,True,,True,False,False,False,False,0.000000,False,False,none
A,Task-1,VisualCogA_Task-1.mat,56,256.000000,-1,L,123541,123592,482.582031,482.781250,0.203125,-1,L,124109,124415,484.800781,485.996094,2.218750,,,,,,1.199219,channel9_segment_duration_proxy,True,,True,False,False,False,False,0.000000,False,False,none
A,Task-1,VisualCogA_Task-1.mat,57,256.000000,-1,L,125702,125753,491.023438,491.222656,0.203125,-1,L,126269,126578,493.238281,494.445312,2.214844,,,,,,1.210938,channel9_segment_duration_proxy,True,,True,False,False,False,False,0.000000,False,False,none
A,Task-1,VisualCogA_Task-1.mat,58,256.000000,1,R,127862,127913,499.460938,499.660156,0.203125,1,R,128429,128742,501.675781,502.898438,2.214844,,,,,,1.226562,channel9_segment_duration_proxy,True,,True,False,False,False,False,0.000000,False,False,none
A,Task-1,VisualCogA_Task-1.mat,59,256.000000,1,R,130027,130078,507.917969,508.117188,0.203125,1,R,130594,130889,510.132812,511.285156,2.214844,,,,,,1.156250,channel9_segment_duration_proxy,True,,True,False,False,False,False,0.000000,False,False,none
A,Task-1,VisualCogA_Task-1.mat,60,256.000000,-1,L,132175,132226,516.308594,516.507812,0.203125,-1,L,132742,133051,518.523438,519.730469,2.214844,,,,,,1.210938,channel9_segment_duration_proxy,True,,True,False,False,False,False,0.000000,False,False,none
A,Task-1,VisualCogA_Task-1.mat,61,256.000000,1,R,134336,134387,524.750000,524.949219,0.203125,1,R,134903,135372,526.964844,528.796875,2.214844,,,,,,1.835938,channel9_segment_duration_proxy,True,,True,False,False,False,False,0.000000,False,False,none
A,Task-1,VisualCogA_Task-1.mat,62,256.000000,-1,L,136656,136707,533.812500,534.011719,0.203125,-1,L,137223,137502,536.027344,537.117188,2.214844,,,,,,1.093750,channel9_segment_duration_proxy,True,,True,False,False,False,False,0.000000,False,False,none
A,Task-1,VisualCogA_Task-1.mat,63,256.000000,1,R,138788,138840,542.140625,542.343750,0.207031,1,R,139356,139657,544.359375,545.535156,2.218750,,,,,,1.179688,channel9_segment_duration_proxy,True,,True,False,False,False,False,0.000000,False,False,none
A,Task-1,VisualCogA_Task-1.mat,64,256.000000,1,R,140941,140992,550.550781,550.750000,0.203125,1,R,141508,141754,552.765625,553.726562,2.214844,,,,,,0.964844,channel9_segment_duration_proxy,True,,True,False,False,False,False,0.000000,False,False,none
A,Task-1,VisualCogA_Task-1.mat,65,256.000000,-1,L,143037,143089,558.738281,558.941406,0.207031,-1,L,143605,143926,560.957031,562.210938,2.218750,,,,,,1.257812,channel9_segment_duration_proxy,True,,True,False,False,False,False,0.000000,False,False,none
A,Task-1,VisualCogA_Task-1.mat,66,256.000000,1,R,145214,145265,567.242188,567.441406,0.203125,1,R,145781,146055,569.457031,570.527344,2.214844,,,,,,1.074219,channel9_segment_duration_proxy,True,,True,False,False,False,False,0.000000,False,False,none
A,Task-1,VisualCogA_Task-1.mat,67,256.000000,-1,L,147338,147390,575.539062,575.742188,0.207031,-1,L,147906,148210,577.757812,578.945312,2.218750,,,,,,1.191406,channel9_segment_duration_proxy,True,,True,False,False,False,False,0.000000,False,False,none
A,Task-1,VisualCogA_Task-1.mat,68,256.000000,-1,L,149495,149546,583.964844,584.164062,0.203125,-1,L,150062,150325,586.179688,587.207031,2.214844,,,,,,1.031250,channel9_segment_duration_proxy,True,,True,False,False,False,False,0.000000,False,False,none
A,Task-1,VisualCogA_Task-1.mat,69,256.000000,1,R,151611,151663,592.230469,592.433594,0.207031,1,R,152179,152476,594.449219,595.609375,2.218750,,,,,,1.164062,channel9_segment_duration_proxy,True,,True,False,False,False,False,0.000000,False,False,none
A,Task-1,VisualCogA_Task-1.mat,70,256.000000,1,R,153760,153811,600.625000,600.824219,0.203125,1,R,154327,154606,602.839844,603.929688,2.214844,,,,,,1.093750,channel9_segment_duration_proxy,True,,True,False,False,False,False,0.000000,False,False,none
A,Task-1,VisualCogA_Task-1.mat,71,256.000000,-1,L,155889,155940,608.941406,609.140625,0.203125,-1,L,156456,156732,611.156250,612.234375,2.214844,,,,,,1.082031,channel9_segment_duration_proxy,True,,True,False,False,False,False,0.000000,False,False,none
A,Task-1,VisualCogA_Task-1.mat,72,256.000000,1,R,158017,158068,617.253906,617.453125,0.203125,1,R,158584,158805,619.468750,620.332031,2.214844,,,,,,0.867188,channel9_segment_duration_proxy,True,,True,False,False,False,False,0.000000,False,False,none
A,Task-1,VisualCogA_Task-1.mat,73,256.000000,-1,L,160090,160141,625.351562,625.550781,0.203125,-1,L,160657,160970,627.566406,628.789062,2.214844,,,,,,1.226562,channel9_segment_duration_proxy,True,,True,False,False,False,False,0.000000,False,False,none
A,Task-1,VisualCogA_Task-1.mat,74,256.000000,1,R,162254,162305,633.804688,634.003906,0.203125,1,R,162821,163081,636.019531,637.035156,2.214844,,,,,,1.019531,channel9_segment_duration_proxy,True,,True,False,False,False,False,0.000000,False,False,none
A,Task-1,VisualCogA_Task-1.mat,75,256.000000,-1,L,164367,164418,642.058594,642.257812,0.203125,-1,L,164934,165209,644.273438,645.347656,2.214844,,,,,,1.078125,channel9_segment_duration_proxy,True,,True,False,False,False,False,0.000000,False,False,none
A,Task-1,VisualCogA_Task-1.mat,76,256.000000,1,R,166495,166546,650.371094,650.570312,0.203125,1,R,167063,167312,652.589844,653.562500,2.218750,,,,,,0.976562,channel9_segment_duration_proxy,True,,True,False,False,False,False,0.000000,False,False,none
A,Task-1,VisualCogA_Task-1.mat,77,256.000000,-1,L,168596,168647,658.578125,658.777344,0.203125,-1,L,169163,169452,660.792969,661.921875,2.214844,,,,,,1.132812,channel9_segment_duration_proxy,True,,True,False,True,True,True,0.421875,False,True,raw_eeg_rail_saturation
A,Task-1,VisualCogA_Task-1.mat,78,256.000000,-1,L,170736,170788,666.937500,667.140625,0.207031,-1,L,171304,171575,669.156250,670.214844,2.218750,,,,,,1.062500,channel9_segment_duration_proxy,True,,True,False,False,False,False,0.000000,False,False,none
A,Task-1,VisualCogA_Task-1.mat,79,256.000000,-1,L,172861,172912,675.238281,675.437500,0.203125,-1,L,173429,173716,677.457031,678.578125,2.218750,,,,,,1.125000,channel9_segment_duration_proxy,True,,True,False,False,False,False,0.000000,False,False,none
A,Task-1,VisualCogA_Task-1.mat,80,256.000000,-1,L,175002,175053,683.601562,683.800781,0.203125,-1,L,175569,175882,685.816406,687.039062,2.214844,,,,,,1.226562,channel9_segment_duration_proxy,True,,True,False,False,False,False,0.000000,False,False,none
A,Task-1,VisualCogA_Task-1.mat,81,256.000000,-1,L,177170,177221,692.070312,692.269531,0.203125,-1,L,177737,178034,694.285156,695.445312,2.214844,,,,,,1.164062,channel9_segment_duration_proxy,True,,True,False,False,False,False,0.000000,False,False,none
A,Task-1,VisualCogA_Task-1.mat,82,256.000000,1,R,179318,179370,700.460938,700.664062,0.207031,1,R,179886,180175,702.679688,703.808594,2.218750,,,,,,1.132812,channel9_segment_duration_proxy,True,,True,False,False,False,False,0.000000,False,False,none
A,Task-1,VisualCogA_Task-1.mat,83,256.000000,-1,L,181459,181510,708.824219,709.023438,0.203125,-1,L,182026,182273,711.039062,712.003906,2.214844,,,,,,0.968750,channel9_segment_duration_proxy,True,,True,False,False,False,False,0.000000,False,False,none
A,Task-1,VisualCogA_Task-1.mat,84,256.000000,1,R,183556,183607,717.015625,717.214844,0.203125,1,R,184123,184387,719.230469,720.261719,2.214844,,,,,,1.035156,channel9_segment_duration_proxy,True,,True,False,False,False,False,0.000000,False,False,none
A,Task-1,VisualCogA_Task-1.mat,85,256.000000,-1,L,185672,185723,725.281250,725.480469,0.203125,-1,L,186239,186503,727.496094,728.527344,2.214844,,,,,,1.035156,channel9_segment_duration_proxy,True,,True,False,False,False,False,0.000000,False,False,none
A,Task-1,VisualCogA_Task-1.mat,86,256.000000,1,R,187789,187840,733.550781,733.750000,0.203125,1,R,188356,188624,735.765625,736.812500,2.214844,,,,,,1.050781,channel9_segment_duration_proxy,True,,True,False,False,False,False,0.000000,False,False,none
A,Task-1,VisualCogA_Task-1.mat,87,256.000000,1,R,189909,189960,741.832031,742.031250,0.203125,1,R,190477,190800,744.050781,745.312500,2.218750,,,,,,1.265625,channel9_segment_duration_proxy,True,,True,False,False,False,False,0.000000,False,False,none
A,Task-1,VisualCogA_Task-1.mat,88,256.000000,1,R,192086,192137,750.335938,750.535156,0.203125,1,R,192653,192926,752.550781,753.617188,2.214844,,,,,,1.070312,channel9_segment_duration_proxy,True,,True,False,True,True,True,0.129340,False,True,raw_eeg_rail_saturation
A,Task-1,VisualCogA_Task-1.mat,89,256.000000,1,R,194210,194261,758.632812,758.832031,0.203125,1,R,194778,195054,760.851562,761.929688,2.218750,,,,,,1.082031,channel9_segment_duration_proxy,True,,True,False,False,False,False,0.000000,False,False,none
A,Task-1,VisualCogA_Task-1.mat,90,256.000000,1,R,196339,196390,766.949219,767.148438,0.203125,1,R,196906,197164,769.164062,770.171875,2.214844,,,,,,1.011719,channel9_segment_duration_proxy,True,,True,False,False,False,False,0.000000,False,False,none
A,Task-1,VisualCogA_Task-1.mat,91,256.000000,-1,L,198451,198503,775.199219,775.402344,0.207031,-1,L,199019,199370,777.417969,778.789062,2.218750,,,,,,1.375000,channel9_segment_duration_proxy,True,,True,False,False,False,False,0.000000,False,False,none
A,Task-1,VisualCogA_Task-1.mat,92,256.000000,1,R,200656,200707,783.812500,784.011719,0.203125,1,R,201223,201474,786.027344,787.007812,2.214844,,,,,,0.984375,channel9_segment_duration_proxy,True,,True,False,False,False,False,0.000000,False,False,none
A,Task-1,VisualCogA_Task-1.mat,93,256.000000,1,R,202756,202807,792.015625,792.214844,0.203125,1,R,203324,203656,794.234375,795.531250,2.218750,,,,,,1.300781,channel9_segment_duration_proxy,True,,True,False,False,False,False,0.000000,False,False,none
A,Task-1,VisualCogA_Task-1.mat,94,256.000000,1,R,204941,204992,800.550781,800.750000,0.203125,1,R,205508,205828,802.765625,804.015625,2.214844,,,,,,1.253906,channel9_segment_duration_proxy,True,,True,False,False,False,False,0.000000,False,False,none
A,Task-1,VisualCogA_Task-1.mat,95,256.000000,-1,L,207113,207164,809.035156,809.234375,0.203125,-1,L,207681,208002,811.253906,812.507812,2.218750,,,,,,1.257812,channel9_segment_duration_proxy,True,,True,False,False,False,False,0.000000,False,False,none
A,Task-1,VisualCogA_Task-1.mat,96,256.000000,1,R,209286,209337,817.523438,817.722656,0.203125,1,R,209853,210098,819.738281,820.695312,2.214844,,,,,,0.960938,channel9_segment_duration_proxy,True,,True,False,False,False,False,0.000000,False,False,none
A,Task-1,VisualCogA_Task-1.mat,97,256.000000,1,R,211382,211433,825.710938,825.910156,0.203125,1,R,211950,212181,827.929688,828.832031,2.218750,,,,,,0.906250,channel9_segment_duration_proxy,True,,True,False,False,False,False,0.000000,False,False,none
A,Task-1,VisualCogA_Task-1.mat,98,256.000000,-1,L,213467,213518,833.855469,834.054688,0.203125,-1,L,214034,214333,836.070312,837.238281,2.214844,,,,,,1.171875,channel9_segment_duration_proxy,True,,True,False,False,False,False,0.000000,False,False,none
A,Task-1,VisualCogA_Task-1.mat,99,256.000000,-1,L,215619,215671,842.261719,842.464844,0.207031,-1,L,216187,216529,844.480469,845.816406,2.218750,,,,,,1.339844,channel9_segment_duration_proxy,True,,True,False,False,False,False,0.000000,False,False,none
A,Task-1,VisualCogA_Task-1.mat,100,256.000000,1,R,217816,217867,850.843750,851.042969,0.203125,1,R,218383,218709,853.058594,854.332031,2.214844,,,,,,1.277344,channel9_segment_duration_proxy,True,,True,False,False,False,False,0.000000,False,False,none
A,Task-2,VisualCogA_Task-2.mat,1,256.000000,1,R,5133,5184,20.050781,20.250000,0.203125,-1,L,5701,6133,22.269531,23.957031,2.218750,-2.000000,L,6134.000000,23.960938,1.691406,,target_onset_to_click_pulse,False,True,True,False,False,False,False,0.000000,False,False,none
A,Task-2,VisualCogA_Task-2.mat,2,256.000000,-1,L,7418,7469,28.976562,29.175781,0.203125,-1,L,7985,8489,31.191406,33.160156,2.214844,-2.000000,L,8490.000000,33.164062,1.972656,,target_onset_to_click_pulse,True,True,True,False,False,False,False,0.000000,False,False,none
A,Task-2,VisualCogA_Task-2.mat,3,256.000000,-1,L,9778,9829,38.195312,38.394531,0.203125,-1,L,10345,10729,40.410156,41.910156,2.214844,-2.000000,L,10730.000000,41.914062,1.503906,,target_onset_to_click_pulse,True,True,True,False,False,False,False,0.000000,False,False,none
A,Task-2,VisualCogA_Task-2.mat,4,256.000000,-1,L,12014,12065,46.929688,47.128906,0.203125,-1,L,12581,12968,49.144531,50.656250,2.214844,-2.000000,L,12969.000000,50.660156,1.515625,,target_onset_to_click_pulse,True,True,True,False,False,False,False,0.000000,False,False,none
A,Task-2,VisualCogA_Task-2.mat,5,256.000000,1,R,14255,14306,55.683594,55.882812,0.203125,-1,L,14822,15192,57.898438,59.343750,2.214844,-2.000000,L,15193.000000,59.347656,1.449219,,target_onset_to_click_pulse,False,True,True,False,False,False,False,0.000000,False,False,none
A,Task-2,VisualCogA_Task-2.mat,6,256.000000,-1,L,16479,16530,64.371094,64.570312,0.203125,1,R,17046,17388,66.585938,67.921875,2.214844,2.000000,R,17389.000000,67.925781,1.339844,,target_onset_to_click_pulse,False,True,True,False,False,False,False,0.000000,False,False,none
A,Task-2,VisualCogA_Task-2.mat,7,256.000000,1,R,18675,18726,72.949219,73.148438,0.203125,-1,L,19243,19579,75.167969,76.480469,2.218750,-2.000000,L,19580.000000,76.484375,1.316406,,target_onset_to_click_pulse,False,True,True,False,False,False,False,0.000000,False,False,none
A,Task-2,VisualCogA_Task-2.mat,8,256.000000,1,R,20864,20915,81.500000,81.699219,0.203125,-1,L,21431,21771,83.714844,85.042969,2.214844,-2.000000,L,21772.000000,85.046875,1.332031,,target_onset_to_click_pulse,False,True,True,False,False,False,False,0.000000,False,False,none
A,Task-2,VisualCogA_Task-2.mat,9,256.000000,-1,L,23056,23107,90.062500,90.261719,0.203125,1,R,23624,24049,92.281250,93.941406,2.218750,2.000000,R,24050.000000,93.945312,1.664062,,target_onset_to_click_pulse,False,True,True,False,False,False,False,0.000000,False,False,none
A,Task-2,VisualCogA_Task-2.mat,10,256.000000,-1,L,25337,25388,98.972656,99.171875,0.203125,-1,L,25904,26247,101.187500,102.527344,2.214844,-2.000000,L,26248.000000,102.531250,1.343750,,target_onset_to_click_pulse,True,True,True,False,False,False,False,0.000000,False,False,none
A,Task-2,VisualCogA_Task-2.mat,11,256.000000,1,R,27533,27584,107.550781,107.750000,0.203125,1,R,28100,28477,109.765625,111.238281,2.214844,2.000000,R,28478.000000,111.242188,1.476562,,target_onset_to_click_pulse,True,True,True,False,False,False,False,0.000000,False,False,none
A,Task-2,VisualCogA_Task-2.mat,12,256.000000,1,R,29761,29813,116.253906,116.457031,0.207031,-1,L,30329,30686,118.472656,119.867188,2.218750,-2.000000,L,30687.000000,119.871094,1.398438,,target_onset_to_click_pulse,False,True,True,False,False,False,False,0.000000,False,False,none
A,Task-2,VisualCogA_Task-2.mat,13,256.000000,1,R,31970,32021,124.882812,125.082031,0.203125,-1,L,32537,32882,127.097656,128.445312,2.214844,-2.000000,L,32883.000000,128.449219,1.351562,,target_onset_to_click_pulse,False,True,True,False,False,False,False,0.000000,False,False,none
A,Task-2,VisualCogA_Task-2.mat,14,256.000000,-1,L,34166,34217,133.460938,133.660156,0.203125,-1,L,34734,35126,135.679688,137.210938,2.218750,-2.000000,L,35127.000000,137.214844,1.535156,,target_onset_to_click_pulse,True,True,True,False,False,False,False,0.000000,False,False,none
A,Task-2,VisualCogA_Task-2.mat,15,256.000000,-1,L,36415,36466,142.246094,142.445312,0.203125,1,R,36982,37414,144.460938,146.148438,2.214844,2.000000,R,37415.000000,146.152344,1.691406,,target_onset_to_click_pulse,False,True,True,False,False,False,False,0.000000,False,False,none
A,Task-2,VisualCogA_Task-2.mat,16,256.000000,-1,L,38699,38750,151.167969,151.367188,0.203125,1,R,39267,39656,153.386719,154.906250,2.218750,2.000000,R,39657.000000,154.910156,1.523438,,target_onset_to_click_pulse,False,True,True,False,False,False,False,0.000000,False,False,none
A,Task-2,VisualCogA_Task-2.mat,17,256.000000,1,R,40943,40995,159.933594,160.136719,0.207031,-1,L,41511,41873,162.152344,163.566406,2.218750,-2.000000,L,41874.000000,163.570312,1.417969,,target_onset_to_click_pulse,False,True,True,False,False,False,False,0.000000,False,False,none
A,Task-2,VisualCogA_Task-2.mat,18,256.000000,1,R,43164,43215,168.609375,168.808594,0.203125,1,R,43731,44132,170.824219,172.390625,2.214844,2.000000,R,44133.000000,172.394531,1.570312,,target_onset_to_click_pulse,True,True,True,False,False,False,False,0.000000,False,False,none
A,Task-2,VisualCogA_Task-2.mat,19,256.000000,-1,L,45420,45471,177.421875,177.621094,0.203125,1,R,45988,46305,179.640625,180.878906,2.218750,2.000000,R,46306.000000,180.882812,1.242188,,target_onset_to_click_pulse,False,True,True,False,False,False,False,0.000000,False,False,none
A,Task-2,VisualCogA_Task-2.mat,20,256.000000,-1,L,47593,47644,185.910156,186.109375,0.203125,1,R,48160,48537,188.125000,189.597656,2.214844,2.000000,R,48538.000000,189.601562,1.476562,,target_onset_to_click_pulse,False,True,True,False,False,False,False,0.000000,False,False,none
A,Task-2,VisualCogA_Task-2.mat,21,256.000000,1,R,49821,49872,194.613281,194.812500,0.203125,-1,L,50388,50718,196.828125,198.117188,2.214844,-2.000000,L,50719.000000,198.121094,1.292969,,target_onset_to_click_pulse,False,True,True,False,False,False,False,0.000000,False,False,none
A,Task-2,VisualCogA_Task-2.mat,22,256.000000,-1,L,52005,52057,203.144531,203.347656,0.207031,-1,L,52573,52938,205.363281,206.789062,2.218750,-2.000000,L,52939.000000,206.792969,1.429688,,target_onset_to_click_pulse,True,True,True,False,False,False,False,0.000000,False,False,none
A,Task-2,VisualCogA_Task-2.mat,23,256.000000,1,R,54226,54277,211.820312,212.019531,0.203125,1,R,54793,55130,214.035156,215.351562,2.214844,2.000000,R,55131.000000,215.355469,1.320312,,target_onset_to_click_pulse,True,True,True,False,False,False,False,0.000000,False,False,none
A,Task-2,VisualCogA_Task-2.mat,24,256.000000,1,R,56418,56469,220.382812,220.582031,0.203125,-1,L,56986,57343,222.601562,223.996094,2.218750,-2.000000,L,57344.000000,224.000000,1.398438,,target_onset_to_click_pulse,False,True,True,False,False,False,False,0.000000,False,False,none
A,Task-2,VisualCogA_Task-2.mat,25,256.000000,-1,L,58631,58682,229.027344,229.226562,0.203125,1,R,59198,59511,231.242188,232.464844,2.214844,2.000000,R,59512.000000,232.468750,1.226562,,target_onset_to_click_pulse,False,True,True,False,False,False,False,0.000000,False,False,none
A,Task-2,VisualCogA_Task-2.mat,26,256.000000,-1,L,60795,60846,237.480469,237.679688,0.203125,1,R,61363,61687,239.699219,240.964844,2.218750,2.000000,R,61688.000000,240.968750,1.269531,,target_onset_to_click_pulse,False,True,True,False,False,False,False,0.000000,False,False,none
A,Task-2,VisualCogA_Task-2.mat,27,256.000000,1,R,62972,63023,245.984375,246.183594,0.203125,1,R,63539,63894,248.199219,249.585938,2.214844,2.000000,R,63895.000000,249.589844,1.390625,,target_onset_to_click_pulse,True,True,True,False,False,False,False,0.000000,False,False,none
A,Task-2,VisualCogA_Task-2.mat,28,256.000000,1,R,65181,65232,254.613281,254.812500,0.203125,1,R,65748,66118,256.828125,258.273438,2.214844,2.000000,R,66119.000000,258.277344,1.449219,,target_onset_to_click_pulse,True,True,True,False,False,False,False,0.000000,False,False,none
A,Task-2,VisualCogA_Task-2.mat,29,256.000000,1,R,67405,67456,263.300781,263.500000,0.203125,1,R,67972,68398,265.515625,267.179688,2.214844,2.000000,R,68399.000000,267.183594,1.667969,,target_onset_to_click_pulse,True,True,True,False,False,False,False,0.000000,False,False,none
A,Task-2,VisualCogA_Task-2.mat,30,256.000000,-1,L,69685,69736,272.207031,272.406250,0.203125,-1,L,70252,70655,274.421875,275.996094,2.214844,-2.000000,L,70656.000000,276.000000,1.578125,,target_onset_to_click_pulse,True,True,True,False,True,False,True,0.088542,False,True,raw_eeg_rail_saturation
A,Task-2,VisualCogA_Task-2.mat,31,256.000000,-1,L,71941,71992,281.019531,281.218750,0.203125,1,R,72509,72818,283.238281,284.445312,2.218750,2.000000,R,72819.000000,284.449219,1.210938,,target_onset_to_click_pulse,False,True,True,False,False,False,False,0.000000,False,False,none
A,Task-2,VisualCogA_Task-2.mat,32,256.000000,-1,L,74110,74161,289.492188,289.691406,0.203125,1,R,74677,74975,291.707031,292.871094,2.214844,2.000000,R,74976.000000,292.875000,1.167969,,target_onset_to_click_pulse,False,True,True,False,False,False,False,0.000000,False,False,none
A,Task-2,VisualCogA_Task-2.mat,33,256.000000,1,R,76262,76313,297.898438,298.097656,0.203125,1,R,76830,77163,300.117188,301.417969,2.218750,2.000000,R,77164.000000,301.421875,1.304688,,target_onset_to_click_pulse,True,True,True,False,True,False,True,0.152778,False,True,raw_eeg_rail_saturation
A,Task-2,VisualCogA_Task-2.mat,34,256.000000,-1,L,78455,78506,306.464844,306.664062,0.203125,-1,L,79022,79405,308.679688,310.175781,2.214844,-2.000000,L,79406.000000,310.179688,1.500000,,target_onset_to_click_pulse,True,True,True,False,False,False,False,0.000000,False,False,none
A,Task-2,VisualCogA_Task-2.mat,35,256.000000,-1,L,80691,80742,315.199219,315.398438,0.203125,-1,L,81258,81631,317.414062,318.871094,2.214844,-2.000000,L,81632.000000,318.875000,1.460938,,target_onset_to_click_pulse,True,True,True,False,False,False,False,0.000000,False,False,none
A,Task-2,VisualCogA_Task-2.mat,36,256.000000,1,R,82915,82967,323.886719,324.089844,0.207031,1,R,83483,83784,326.105469,327.281250,2.218750,2.000000,R,83785.000000,327.285156,1.179688,,target_onset_to_click_pulse,True,True,True,False,False,False,False,0.000000,False,False,none
A,Task-2,VisualCogA_Task-2.mat,37,256.000000,1,R,85072,85123,332.312500,332.511719,0.203125,1,R,85639,85982,334.527344,335.867188,2.214844,2.000000,R,85983.000000,335.871094,1.343750,,target_onset_to_click_pulse,True,True,True,False,False,False,False,0.000000,False,False,none
A,Task-2,VisualCogA_Task-2.mat,38,256.000000,-1,L,87272,87324,340.906250,341.109375,0.207031,1,R,87840,88204,343.125000,344.546875,2.218750,2.000000,R,88205.000000,344.550781,1.425781,,target_onset_to_click_pulse,False,True,True,False,False,False,False,0.000000,False,False,none
A,Task-2,VisualCogA_Task-2.mat,39,256.000000,1,R,89489,89540,349.566406,349.765625,0.203125,1,R,90057,90472,351.785156,353.406250,2.218750,2.000000,R,90473.000000,353.410156,1.625000,,target_onset_to_click_pulse,True,True,True,False,True,False,True,0.011285,False,True,raw_eeg_rail_saturation
A,Task-2,VisualCogA_Task-2.mat,40,256.000000,-1,L,91757,91809,358.425781,358.628906,0.207031,1,R,92325,92649,360.644531,361.910156,2.218750,2.000000,R,92650.000000,361.914062,1.269531,,target_onset_to_click_pulse,False,True,True,False,False,False,False,0.000000,False,False,none
A,Task-2,VisualCogA_Task-2.mat,41,256.000000,-1,L,93938,93989,366.945312,367.144531,0.203125,-1,L,94505,94896,369.160156,370.687500,2.214844,-2.000000,L,94897.000000,370.691406,1.531250,,target_onset_to_click_pulse,True,True,True,False,True,False,True,0.004340,False,True,raw_eeg_rail_saturation
A,Task-2,VisualCogA_Task-2.mat,42,256.000000,-1,L,96182,96234,375.710938,375.914062,0.207031,-1,L,96750,97090,377.929688,379.257812,2.218750,-2.000000,L,97091.000000,379.261719,1.332031,,target_onset_to_click_pulse,True,True,True,False,False,False,False,0.000000,False,False,none
A,Task-2,VisualCogA_Task-2.mat,43,256.000000,-1,L,98375,98426,384.277344,384.476562,0.203125,-1,L,98942,99282,386.492188,387.820312,2.214844,-2.000000,L,99283.000000,387.824219,1.332031,,target_onset_to_click_pulse,True,True,True,False,False,False,False,0.000000,False,False,none
A,Task-2,VisualCogA_Task-2.mat,44,256.000000,-1,L,100571,100622,392.855469,393.054688,0.203125,1,R,101139,101556,395.074219,396.703125,2.218750,2.000000,R,101557.000000,396.707031,1.632812,,target_onset_to_click_pulse,False,True,True,False,False,False,False,0.000000,False,False,none
A,Task-2,VisualCogA_Task-2.mat,45,256.000000,-1,L,102843,102895,401.730469,401.933594,0.207031,1,R,103411,103718,403.949219,405.148438,2.218750,2.000000,R,103719.000000,405.152344,1.203125,,target_onset_to_click_pulse,False,True,True,False,False,True,True,0.069444,False,True,raw_eeg_rail_saturation
A,Task-2,VisualCogA_Task-2.mat,46,256.000000,-1,L,105004,105055,410.171875,410.371094,0.203125,-1,L,105572,105914,412.390625,413.726562,2.218750,-2.000000,L,105915.000000,413.730469,1.339844,,target_onset_to_click_pulse,True,True,True,False,False,False,False,0.000000,False,False,none
A,Task-2,VisualCogA_Task-2.mat,47,256.000000,-1,L,107201,107252,418.753906,418.953125,0.203125,1,R,107768,108080,420.968750,422.187500,2.214844,2.000000,R,108081.000000,422.191406,1.222656,,target_onset_to_click_pulse,False,True,True,False,False,False,False,0.000000,False,False,none
A,Task-2,VisualCogA_Task-2.mat,48,256.000000,-1,L,109365,109416,427.207031,427.406250,0.203125,-1,L,109933,110316,429.425781,430.921875,2.218750,-2.000000,L,110317.000000,430.925781,1.500000,,target_onset_to_click_pulse,True,True,True,False,False,False,False,0.000000,False,False,none
A,Task-2,VisualCogA_Task-2.mat,49,256.000000,1,R,111601,111653,435.941406,436.144531,0.207031,-1,L,112169,112550,438.160156,439.648438,2.218750,-2.000000,L,112551.000000,439.652344,1.492188,,target_onset_to_click_pulse,False,True,True,False,False,False,False,0.000000,False,False,none
A,Task-2,VisualCogA_Task-2.mat,50,256.000000,1,R,113838,113889,444.679688,444.878906,0.203125,-1,L,114406,114784,446.898438,448.375000,2.218750,-2.000000,L,114785.000000,448.378906,1.480469,,target_onset_to_click_pulse,False,True,True,False,False,False,False,0.000000,False,False,none
A,Task-2,VisualCogA_Task-2.mat,51,256.000000,-1,L,116071,116122,453.402344,453.601562,0.203125,1,R,116638,117010,455.617188,457.070312,2.214844,2.000000,R,117011.000000,457.074219,1.457031,,target_onset_to_click_pulse,False,True,True,False,False,False,False,0.000000,False,False,none
A,Task-2,VisualCogA_Task-2.mat,52,256.000000,1,R,118295,118346,462.089844,462.289062,0.203125,1,R,118862,119157,464.304688,465.457031,2.214844,2.000000,R,119158.000000,465.460938,1.156250,,target_onset_to_click_pulse,True,True,True,False,False,False,False,0.000000,False,False,none
A,Task-2,VisualCogA_Task-2.mat,53,256.000000,1,R,120443,120494,470.480469,470.679688,0.203125,-1,L,121011,121379,472.699219,474.136719,2.218750,-2.000000,L,121380.000000,474.140625,1.441406,,target_onset_to_click_pulse,False,True,True,False,False,False,False,0.000000,False,False,none
A,Task-2,VisualCogA_Task-2.mat,54,256.000000,-1,L,122664,122715,479.156250,479.355469,0.203125,1,R,123231,123589,481.371094,482.769531,2.214844,2.000000,R,123590.000000,482.773438,1.402344,,target_onset_to_click_pulse,False,True,True,False,False,False,False,0.000000,False,False,none
A,Task-2,VisualCogA_Task-2.mat,55,256.000000,-1,L,124876,124927,487.796875,487.996094,0.203125,1,R,125444,125767,490.015625,491.277344,2.218750,2.000000,R,125768.000000,491.281250,1.265625,,target_onset_to_click_pulse,False,True,True,False,False,False,False,0.000000,False,False,none
A,Task-2,VisualCogA_Task-2.mat,56,256.000000,1,R,127057,127108,496.316406,496.515625,0.203125,1,R,127624,127993,498.531250,499.972656,2.214844,2.000000,R,127994.000000,499.976562,1.445312,,target_onset_to_click_pulse,True,True,True,False,False,False,False,0.000000,False,False,none
A,Task-2,VisualCogA_Task-2.mat,57,256.000000,1,R,129277,129328,504.988281,505.187500,0.203125,-1,L,129845,130216,507.207031,508.656250,2.218750,-2.000000,L,130217.000000,508.660156,1.453125,,target_onset_to_click_pulse,False,True,True,False,False,False,False,0.000000,False,False,none
A,Task-2,VisualCogA_Task-2.mat,58,256.000000,1,R,131502,131553,513.679688,513.878906,0.203125,1,R,132069,132453,515.894531,517.394531,2.214844,2.000000,R,132454.000000,517.398438,1.503906,,target_onset_to_click_pulse,True,True,True,False,False,False,False,0.000000,False,False,none
A,Task-2,VisualCogA_Task-2.mat,59,256.000000,1,R,133738,133789,522.414062,522.613281,0.203125,-1,L,134306,134680,524.632812,526.093750,2.218750,-2.000000,L,134681.000000,526.097656,1.464844,,target_onset_to_click_pulse,False,True,True,False,False,False,False,0.000000,False,False,none
A,Task-2,VisualCogA_Task-2.mat,60,256.000000,1,R,135966,136018,531.117188,531.320312,0.207031,-1,L,136534,136915,533.335938,534.824219,2.218750,-2.000000,L,136916.000000,534.828125,1.492188,,target_onset_to_click_pulse,False,True,True,False,False,False,False,0.000000,False,False,none
A,Task-2,VisualCogA_Task-2.mat,61,256.000000,-1,L,138203,138254,539.855469,540.054688,0.203125,1,R,138770,139158,542.070312,543.585938,2.214844,2.000000,R,139159.000000,543.589844,1.519531,,target_onset_to_click_pulse,False,True,True,False,False,False,False,0.000000,False,False,none
A,Task-2,VisualCogA_Task-2.mat,62,256.000000,1,R,140443,140494,548.605469,548.804688,0.203125,-1,L,141011,141338,550.824219,552.101562,2.218750,-2.000000,L,141339.000000,552.105469,1.281250,,target_onset_to_click_pulse,False,True,True,False,False,False,False,0.000000,False,False,none
A,Task-2,VisualCogA_Task-2.mat,63,256.000000,-1,L,142628,142679,557.140625,557.339844,0.203125,1,R,143195,143541,559.355469,560.707031,2.214844,2.000000,R,143542.000000,560.710938,1.355469,,target_onset_to_click_pulse,False,True,True,False,True,False,True,0.068576,False,True,raw_eeg_rail_saturation
A,Task-2,VisualCogA_Task-2.mat,64,256.000000,-1,L,144828,144879,565.734375,565.933594,0.203125,-1,L,145396,145739,567.953125,569.292969,2.218750,-2.000000,L,145740.000000,569.296875,1.343750,,target_onset_to_click_pulse,True,True,True,False,False,False,False,0.000000,False,False,none
A,Task-2,VisualCogA_Task-2.mat,65,256.000000,1,R,147025,147076,574.316406,574.515625,0.203125,1,R,147592,147914,576.531250,577.789062,2.214844,2.000000,R,147915.000000,577.792969,1.261719,,target_onset_to_click_pulse,True,True,True,False,False,False,False,0.000000,False,False,none
A,Task-2,VisualCogA_Task-2.mat,66,256.000000,-1,L,149201,149252,582.816406,583.015625,0.203125,-1,L,149769,150098,585.035156,586.320312,2.218750,-2.000000,L,150099.000000,586.324219,1.289062,,target_onset_to_click_pulse,True,True,True,False,False,False,False,0.000000,False,False,none
A,Task-2,VisualCogA_Task-2.mat,67,256.000000,1,R,151386,151437,591.351562,591.550781,0.203125,1,R,151953,152274,593.566406,594.820312,2.214844,2.000000,R,152275.000000,594.824219,1.257812,,target_onset_to_click_pulse,True,True,True,False,False,False,False,0.000000,False,False,none
A,Task-2,VisualCogA_Task-2.mat,68,256.000000,1,R,153562,153613,599.851562,600.050781,0.203125,-1,L,154129,154518,602.066406,603.585938,2.214844,-2.000000,L,154519.000000,603.589844,1.523438,,target_onset_to_click_pulse,False,True,True,False,False,False,False,0.000000,False,False,none
A,Task-2,VisualCogA_Task-2.mat,69,256.000000,-1,L,155802,155854,608.601562,608.804688,0.207031,-1,L,156370,156764,610.820312,612.359375,2.218750,-2.000000,L,156765.000000,612.363281,1.542969,,target_onset_to_click_pulse,True,True,True,False,False,False,False,0.000000,False,False,none
A,Task-2,VisualCogA_Task-2.mat,70,256.000000,-1,L,158051,158102,617.386719,617.585938,0.203125,-1,L,158618,158958,619.601562,620.929688,2.214844,-2.000000,L,158959.000000,620.933594,1.332031,,target_onset_to_click_pulse,True,True,True,False,False,False,False,0.000000,False,False,none
A,Task-2,VisualCogA_Task-2.mat,71,256.000000,1,R,160243,160294,625.949219,626.148438,0.203125,-1,L,160811,161125,628.167969,629.394531,2.218750,-2.000000,L,161126.000000,629.398438,1.230469,,target_onset_to_click_pulse,False,True,True,False,False,False,False,0.000000,False,False,none
A,Task-2,VisualCogA_Task-2.mat,72,256.000000,1,R,162412,162463,634.421875,634.621094,0.203125,-1,L,162979,163275,636.636719,637.792969,2.214844,-2.000000,L,163276.000000,637.796875,1.160156,,target_onset_to_click_pulse,False,True,True,False,False,False,False,0.000000,False,False,none
A,Task-2,VisualCogA_Task-2.mat,73,256.000000,1,R,164560,164611,642.812500,643.011719,0.203125,1,R,165127,165502,645.027344,646.492188,2.214844,2.000000,R,165503.000000,646.496094,1.468750,,target_onset_to_click_pulse,True,True,True,False,False,False,False,0.000000,False,False,none
A,Task-2,VisualCogA_Task-2.mat,74,256.000000,1,R,166789,166840,651.519531,651.718750,0.203125,-1,L,167356,167720,653.734375,655.156250,2.214844,-2.000000,L,167721.000000,655.160156,1.425781,,target_onset_to_click_pulse,False,True,True,False,False,False,False,0.000000,False,False,none
A,Task-2,VisualCogA_Task-2.mat,75,256.000000,-1,L,169005,169056,660.175781,660.375000,0.203125,1,R,169572,169898,662.390625,663.664062,2.214844,2.000000,R,169899.000000,663.667969,1.277344,,target_onset_to_click_pulse,False,True,True,False,False,False,False,0.000000,False,False,none
A,Task-2,VisualCogA_Task-2.mat,76,256.000000,-1,L,171185,171237,668.691406,668.894531,0.207031,-1,L,171753,172157,670.910156,672.488281,2.218750,-2.000000,L,172158.000000,672.492188,1.582031,,target_onset_to_click_pulse,True,True,True,False,False,False,False,0.000000,False,False,none
A,Task-2,VisualCogA_Task-2.mat,77,256.000000,-1,L,173442,173493,677.507812,677.707031,0.203125,1,R,174009,174332,679.722656,680.984375,2.214844,2.000000,R,174333.000000,680.988281,1.265625,,target_onset_to_click_pulse,False,True,True,False,False,False,False,0.000000,False,False,none
A,Task-2,VisualCogA_Task-2.mat,78,256.000000,1,R,175618,175669,686.007812,686.207031,0.203125,1,R,176186,176595,688.226562,689.824219,2.218750,2.000000,R,176596.000000,689.828125,1.601562,,target_onset_to_click_pulse,True,True,True,False,False,False,False,0.000000,False,False,none
A,Task-2,VisualCogA_Task-2.mat,79,256.000000,-1,L,177883,177934,694.855469,695.054688,0.203125,1,R,178450,178760,697.070312,698.281250,2.214844,2.000000,R,178761.000000,698.285156,1.214844,,target_onset_to_click_pulse,False,True,True,False,False,False,False,0.000000,False,False,none
A,Task-2,VisualCogA_Task-2.mat,80,256.000000,1,R,180047,180098,703.308594,703.507812,0.203125,-1,L,180614,181008,705.523438,707.062500,2.214844,-2.000000,L,181009.000000,707.066406,1.542969,,target_onset_to_click_pulse,False,True,True,False,True,True,True,0.031250,False,True,raw_eeg_rail_saturation
A,Task-2,VisualCogA_Task-2.mat,81,256.000000,-1,L,182295,182347,712.089844,712.292969,0.207031,1,R,182863,183206,714.308594,715.648438,2.218750,2.000000,R,183207.000000,715.652344,1.343750,,target_onset_to_click_pulse,False,True,True,False,False,False,False,0.000000,False,False,none
A,Task-2,VisualCogA_Task-2.mat,82,256.000000,1,R,184492,184543,720.671875,720.871094,0.203125,-1,L,185059,185432,722.886719,724.343750,2.214844,-2.000000,L,185433.000000,724.347656,1.460938,,target_onset_to_click_pulse,False,True,True,False,False,False,False,0.000000,False,False,none
A,Task-2,VisualCogA_Task-2.mat,83,256.000000,1,R,186720,186772,729.375000,729.578125,0.207031,1,R,187288,187638,731.593750,732.960938,2.218750,2.000000,R,187639.000000,732.964844,1.371094,,target_onset_to_click_pulse,True,True,True,False,False,False,False,0.000000,False,False,none
A,Task-2,VisualCogA_Task-2.mat,84,256.000000,-1,L,188925,188976,737.988281,738.187500,0.203125,1,R,189492,189823,740.203125,741.496094,2.214844,2.000000,R,189824.000000,741.500000,1.296875,,target_onset_to_click_pulse,False,True,True,False,False,False,False,0.000000,False,False,none
A,Task-2,VisualCogA_Task-2.mat,85,256.000000,1,R,191109,191160,746.519531,746.718750,0.203125,1,R,191677,192033,748.738281,750.128906,2.218750,2.000000,R,192034.000000,750.132812,1.394531,,target_onset_to_click_pulse,True,True,True,False,False,False,False,0.000000,False,False,none
A,Task-2,VisualCogA_Task-2.mat,86,256.000000,-1,L,193322,193373,755.164062,755.363281,0.203125,-1,L,193889,194184,757.378906,758.531250,2.214844,-2.000000,L,194185.000000,758.535156,1.156250,,target_onset_to_click_pulse,True,True,True,False,True,True,True,0.199653,False,True,raw_eeg_rail_saturation
A,Task-2,VisualCogA_Task-2.mat,87,256.000000,-1,L,195470,195521,763.554688,763.753906,0.203125,-1,L,196038,196379,765.773438,767.105469,2.218750,-2.000000,L,196380.000000,767.109375,1.335938,,target_onset_to_click_pulse,True,True,True,False,False,False,False,0.000000,False,False,none
A,Task-2,VisualCogA_Task-2.mat,88,256.000000,1,R,197671,197722,772.152344,772.351562,0.203125,1,R,198238,198518,774.367188,775.460938,2.214844,2.000000,R,198519.000000,775.464844,1.097656,,target_onset_to_click_pulse,True,True,True,False,False,False,False,0.000000,False,False,none
A,Task-2,VisualCogA_Task-2.mat,89,256.000000,-1,L,199803,199854,780.480469,780.679688,0.203125,1,R,200371,200713,782.699219,784.035156,2.218750,2.000000,R,200714.000000,784.039062,1.339844,,target_onset_to_click_pulse,False,True,True,False,False,False,False,0.000000,False,False,none
A,Task-2,VisualCogA_Task-2.mat,90,256.000000,-1,L,202000,202051,789.062500,789.261719,0.203125,-1,L,202567,203018,791.277344,793.039062,2.214844,-2.000000,L,203019.000000,793.042969,1.765625,,target_onset_to_click_pulse,True,True,True,False,False,False,False,0.000000,False,False,none
A,Task-2,VisualCogA_Task-2.mat,91,256.000000,-1,L,204304,204355,798.062500,798.261719,0.203125,1,R,204871,205213,800.277344,801.613281,2.214844,2.000000,R,205214.000000,801.617188,1.339844,,target_onset_to_click_pulse,False,True,True,False,False,False,False,0.000000,False,False,none
A,Task-2,VisualCogA_Task-2.mat,92,256.000000,-1,L,206500,206552,806.640625,806.843750,0.207031,-1,L,207068,207462,808.859375,810.398438,2.218750,-2.000000,L,207463.000000,810.402344,1.542969,,target_onset_to_click_pulse,True,True,True,False,False,False,False,0.000000,False,False,none
A,Task-2,VisualCogA_Task-2.mat,93,256.000000,1,R,208749,208800,815.425781,815.625000,0.203125,1,R,209316,209640,817.640625,818.906250,2.214844,2.000000,R,209641.000000,818.910156,1.269531,,target_onset_to_click_pulse,True,True,True,False,False,False,False,0.000000,False,False,none
A,Task-2,VisualCogA_Task-2.mat,94,256.000000,-1,L,210925,210976,823.925781,824.125000,0.203125,1,R,211493,211863,826.144531,827.589844,2.218750,2.000000,R,211864.000000,827.593750,1.449219,,target_onset_to_click_pulse,False,True,True,False,False,False,False,0.000000,False,False,none
A,Task-2,VisualCogA_Task-2.mat,95,256.000000,-1,L,213150,213201,832.617188,832.816406,0.203125,1,R,213717,214039,834.832031,836.089844,2.214844,2.000000,R,214040.000000,836.093750,1.261719,,target_onset_to_click_pulse,False,True,True,False,False,False,False,0.000000,False,False,none
A,Task-2,VisualCogA_Task-2.mat,96,256.000000,-1,L,215326,215377,841.117188,841.316406,0.203125,1,R,215894,216246,843.335938,844.710938,2.218750,2.000000,R,216247.000000,844.714844,1.378906,,target_onset_to_click_pulse,False,True,True,False,False,False,False,0.000000,False,False,none
A,Task-2,VisualCogA_Task-2.mat,97,256.000000,-1,L,217535,217586,849.746094,849.945312,0.203125,-1,L,218102,218428,851.960938,853.234375,2.214844,-2.000000,L,218429.000000,853.238281,1.277344,,target_onset_to_click_pulse,True,True,True,False,False,False,False,0.000000,False,False,none
A,Task-2,VisualCogA_Task-2.mat,98,256.000000,-1,L,219715,219766,858.261719,858.460938,0.203125,-1,L,220282,220616,860.476562,861.781250,2.214844,-2.000000,L,220617.000000,861.785156,1.308594,,target_onset_to_click_pulse,True,True,True,False,False,False,False,0.000000,False,False,none
A,Task-2,VisualCogA_Task-2.mat,99,256.000000,-1,L,221904,221955,866.812500,867.011719,0.203125,1,R,222471,222809,869.027344,870.347656,2.214844,2.000000,R,222810.000000,870.351562,1.324219,,target_onset_to_click_pulse,False,True,True,False,False,False,False,0.000000,False,False,none
A,Task-2,VisualCogA_Task-2.mat,100,256.000000,-1,L,224096,224147,875.375000,875.574219,0.203125,-1,L,224663,225021,877.589844,878.988281,2.214844,-2.000000,L,225022.000000,878.992188,1.402344,,target_onset_to_click_pulse,True,True,True,False,False,False,False,0.000000,False,False,none
B,Task-1,VisualCogB_Task-1.mat,1,256.000000,-1,L,5154,5206,20.132812,20.335938,0.207031,-1,L,5726,6203,22.367188,24.230469,2.234375,,,,,,1.867188,channel9_segment_duration_proxy,True,,True,False,False,False,False,0.000000,False,False,none
B,Task-1,VisualCogB_Task-1.mat,2,256.000000,-1,L,7486,7538,29.242188,29.445312,0.207031,-1,L,8054,8362,31.460938,32.664062,2.218750,,,,,,1.207031,channel9_segment_duration_proxy,True,,True,False,False,False,False,0.000000,False,False,none
B,Task-1,VisualCogB_Task-1.mat,3,256.000000,1,R,9647,9698,37.683594,37.882812,0.203125,1,R,10214,10492,39.898438,40.984375,2.214844,,,,,,1.089844,channel9_segment_duration_proxy,True,,True,False,False,False,False,0.000000,False,False,none
B,Task-1,VisualCogB_Task-1.mat,4,256.000000,-1,L,11776,11827,46.000000,46.199219,0.203125,-1,L,12343,12603,48.214844,49.230469,2.214844,,,,,,1.019531,channel9_segment_duration_proxy,True,,True,False,False,False,False,0.000000,False,False,none
B,Task-1,VisualCogB_Task-1.mat,5,256.000000,1,R,13888,13939,54.250000,54.449219,0.203125,1,R,14455,14762,56.464844,57.664062,2.214844,,,,,,1.203125,channel9_segment_duration_proxy,True,,True,False,False,False,False,0.000000,False,False,none
B,Task-1,VisualCogB_Task-1.mat,6,256.000000,1,R,16049,16100,62.691406,62.890625,0.203125,1,R,16616,16949,64.906250,66.207031,2.214844,,,,,,1.304688,channel9_segment_duration_proxy,True,,True,False,False,False,False,0.000000,False,False,none
B,Task-1,VisualCogB_Task-1.mat,7,256.000000,1,R,18233,18284,71.222656,71.421875,0.203125,1,R,18800,19091,73.437500,74.574219,2.214844,,,,,,1.140625,channel9_segment_duration_proxy,True,,True,False,False,False,False,0.000000,False,False,none
B,Task-1,VisualCogB_Task-1.mat,8,256.000000,-1,L,20378,20429,79.601562,79.800781,0.203125,-1,L,20945,21192,81.816406,82.781250,2.214844,,,,,,0.968750,channel9_segment_duration_proxy,True,,True,False,False,False,False,0.000000,False,False,none
B,Task-1,VisualCogB_Task-1.mat,9,256.000000,-1,L,22478,22529,87.804688,88.003906,0.203125,-1,L,23046,23498,90.023438,91.789062,2.218750,,,,,,1.769531,channel9_segment_duration_proxy,True,,True,False,False,False,False,0.000000,False,False,none
B,Task-1,VisualCogB_Task-1.mat,10,256.000000,-1,L,24782,24834,96.804688,97.007812,0.207031,-1,L,25350,25680,99.023438,100.312500,2.218750,,,,,,1.292969,channel9_segment_duration_proxy,True,,True,False,False,False,False,0.000000,False,False,none
B,Task-1,VisualCogB_Task-1.mat,11,256.000000,1,R,26963,27014,105.324219,105.523438,0.203125,1,R,27530,27819,107.539062,108.667969,2.214844,,,,,,1.132812,channel9_segment_duration_proxy,True,,True,False,False,False,False,0.000000,False,False,none
B,Task-1,VisualCogB_Task-1.mat,12,256.000000,-1,L,29103,29155,113.683594,113.886719,0.207031,-1,L,29671,29953,115.902344,117.003906,2.218750,,,,,,1.105469,channel9_segment_duration_proxy,True,,True,False,False,False,False,0.000000,False,False,none
B,Task-1,VisualCogB_Task-1.mat,13,256.000000,1,R,31236,31287,122.015625,122.214844,0.203125,1,R,31804,32073,124.234375,125.285156,2.218750,,,,,,1.054688,channel9_segment_duration_proxy,True,,True,False,False,False,False,0.000000,False,False,none
B,Task-1,VisualCogB_Task-1.mat,14,256.000000,1,R,33360,33412,130.312500,130.515625,0.207031,1,R,33928,34268,132.531250,133.859375,2.218750,,,,,,1.332031,channel9_segment_duration_proxy,True,,True,False,False,True,True,0.161458,False,True,raw_eeg_rail_saturation
B,Task-1,VisualCogB_Task-1.mat,15,256.000000,-1,L,35553,35604,138.878906,139.078125,0.203125,-1,L,36120,36383,141.093750,142.121094,2.214844,,,,,,1.031250,channel9_segment_duration_proxy,True,,True,False,False,False,False,0.000000,False,False,none
B,Task-1,VisualCogB_Task-1.mat,16,256.000000,1,R,37666,37717,147.132812,147.332031,0.203125,1,R,38233,38512,149.347656,150.437500,2.214844,,,,,,1.093750,channel9_segment_duration_proxy,True,,True,False,False,False,False,0.000000,False,False,none
B,Task-1,VisualCogB_Task-1.mat,17,256.000000,-1,L,39798,39849,155.460938,155.660156,0.203125,-1,L,40365,40613,157.675781,158.644531,2.214844,,,,,,0.972656,channel9_segment_duration_proxy,True,,True,False,False,False,False,0.000000,False,False,none
B,Task-1,VisualCogB_Task-1.mat,18,256.000000,-1,L,41899,41950,163.667969,163.867188,0.203125,-1,L,42466,42768,165.882812,167.062500,2.214844,,,,,,1.183594,channel9_segment_duration_proxy,True,,True,False,False,False,False,0.000000,False,False,none
B,Task-1,VisualCogB_Task-1.mat,19,256.000000,1,R,44055,44106,172.089844,172.289062,0.203125,1,R,44623,44882,174.308594,175.320312,2.218750,,,,,,1.015625,channel9_segment_duration_proxy,True,,True,False,False,False,False,0.000000,False,False,none
B,Task-1,VisualCogB_Task-1.mat,20,256.000000,-1,L,46168,46219,180.343750,180.542969,0.203125,-1,L,46735,47020,182.558594,183.671875,2.214844,,,,,,1.117188,channel9_segment_duration_proxy,True,,True,False,False,False,False,0.000000,False,False,none
B,Task-1,VisualCogB_Task-1.mat,21,256.000000,1,R,48304,48355,188.687500,188.886719,0.203125,1,R,48872,49175,190.906250,192.089844,2.218750,,,,,,1.187500,channel9_segment_duration_proxy,True,,True,False,False,False,False,0.000000,False,False,none
B,Task-1,VisualCogB_Task-1.mat,22,256.000000,1,R,50461,50512,197.113281,197.312500,0.203125,1,R,51028,51334,199.328125,200.523438,2.214844,,,,,,1.199219,channel9_segment_duration_proxy,True,,True,False,False,False,False,0.000000,False,False,none
B,Task-1,VisualCogB_Task-1.mat,23,256.000000,1,R,52617,52668,205.535156,205.734375,0.203125,1,R,53185,53476,207.753906,208.890625,2.218750,,,,,,1.140625,channel9_segment_duration_proxy,True,,True,False,True,False,True,0.121528,False,True,raw_eeg_rail_saturation
B,Task-1,VisualCogB_Task-1.mat,24,256.000000,1,R,54762,54813,213.914062,214.113281,0.203125,1,R,55329,55596,216.128906,217.171875,2.214844,,,,,,1.046875,channel9_segment_duration_proxy,True,,True,False,False,False,False,0.000000,False,False,none
B,Task-1,VisualCogB_Task-1.mat,25,256.000000,1,R,56882,56934,222.195312,222.398438,0.207031,1,R,57450,57690,224.414062,225.351562,2.218750,,,,,,0.941406,channel9_segment_duration_proxy,True,,True,True,False,False,True,0.051215,False,True,raw_eeg_rail_saturation
B,Task-1,VisualCogB_Task-1.mat,26,256.000000,1,R,58975,59026,230.371094,230.570312,0.203125,1,R,59543,59787,232.589844,233.542969,2.218750,,,,,,0.957031,channel9_segment_duration_proxy,True,,True,False,False,False,False,0.000000,False,False,none
B,Task-1,VisualCogB_Task-1.mat,27,256.000000,1,R,61072,61123,238.562500,238.761719,0.203125,1,R,61639,61891,240.777344,241.761719,2.214844,,,,,,0.988281,channel9_segment_duration_proxy,True,,True,False,False,False,False,0.000000,False,False,none
B,Task-1,VisualCogB_Task-1.mat,28,256.000000,1,R,63176,63227,246.781250,246.980469,0.203125,1,R,63744,64080,249.000000,250.312500,2.218750,,,,,,1.316406,channel9_segment_duration_proxy,True,,True,False,False,False,False,0.000000,False,False,none
B,Task-1,VisualCogB_Task-1.mat,29,256.000000,1,R,65365,65416,255.332031,255.531250,0.203125,1,R,65932,66206,257.546875,258.617188,2.214844,,,,,,1.074219,channel9_segment_duration_proxy,True,,True,False,False,False,False,0.000000,False,False,none
B,Task-1,VisualCogB_Task-1.mat,30,256.000000,-1,L,67489,67540,263.628906,263.828125,0.203125,-1,L,68057,68410,265.847656,267.226562,2.218750,,,,,,1.382812,channel9_segment_duration_proxy,True,,True,False,False,False,False,0.000000,False,False,none
B,Task-1,VisualCogB_Task-1.mat,31,256.000000,1,R,69694,69745,272.242188,272.441406,0.203125,1,R,70261,70536,274.457031,275.531250,2.214844,,,,,,1.078125,channel9_segment_duration_proxy,True,,True,False,False,False,False,0.000000,False,False,none
B,Task-1,VisualCogB_Task-1.mat,32,256.000000,-1,L,71822,71873,280.554688,280.753906,0.203125,-1,L,72389,72608,282.769531,283.625000,2.214844,,,,,,0.859375,channel9_segment_duration_proxy,True,,True,False,False,False,False,0.000000,False,False,none
B,Task-1,VisualCogB_Task-1.mat,33,256.000000,-1,L,73895,73946,288.652344,288.851562,0.203125,-1,L,74462,74749,290.867188,291.988281,2.214844,,,,,,1.125000,channel9_segment_duration_proxy,True,,True,False,False,False,False,0.000000,False,False,none
B,Task-1,VisualCogB_Task-1.mat,34,256.000000,1,R,76035,76086,297.011719,297.210938,0.203125,1,R,76603,76903,299.230469,300.402344,2.218750,,,,,,1.175781,channel9_segment_duration_proxy,True,,True,False,False,False,False,0.000000,False,False,none
B,Task-1,VisualCogB_Task-1.mat,35,256.000000,-1,L,78188,78239,305.421875,305.621094,0.203125,-1,L,78755,79056,307.636719,308.812500,2.214844,,,,,,1.179688,channel9_segment_duration_proxy,True,,True,False,False,False,False,0.000000,False,False,none
B,Task-1,VisualCogB_Task-1.mat,36,256.000000,-1,L,80340,80391,313.828125,314.027344,0.203125,-1,L,80908,81146,316.046875,316.976562,2.218750,,,,,,0.933594,channel9_segment_duration_proxy,True,,True,True,False,False,True,0.146701,False,True,raw_eeg_rail_saturation
B,Task-1,VisualCogB_Task-1.mat,37,256.000000,-1,L,82429,82480,321.988281,322.187500,0.203125,-1,L,82996,83364,324.203125,325.640625,2.214844,,,,,,1.441406,channel9_segment_duration_proxy,True,,True,False,False,False,False,0.000000,False,False,none
B,Task-1,VisualCogB_Task-1.mat,38,256.000000,-1,L,84649,84701,330.660156,330.863281,0.207031,-1,L,85217,85507,332.878906,334.011719,2.218750,,,,,,1.136719,channel9_segment_duration_proxy,True,,True,False,False,False,False,0.000000,False,False,none
B,Task-1,VisualCogB_Task-1.mat,39,256.000000,1,R,86790,86841,339.023438,339.222656,0.203125,1,R,87357,87643,341.238281,342.355469,2.214844,,,,,,1.121094,channel9_segment_duration_proxy,True,,True,False,False,False,False,0.000000,False,False,none
B,Task-1,VisualCogB_Task-1.mat,40,256.000000,1,R,88926,88978,347.367188,347.570312,0.207031,1,R,89494,89808,349.585938,350.812500,2.218750,,,,,,1.230469,channel9_segment_duration_proxy,True,,True,False,False,False,False,0.000000,False,False,none
B,Task-1,VisualCogB_Task-1.mat,41,256.000000,-1,L,91091,91142,355.824219,356.023438,0.203125,-1,L,91658,91908,358.039062,359.015625,2.214844,,,,,,0.980469,channel9_segment_duration_proxy,True,,True,False,False,False,False,0.000000,False,False,none
B,Task-1,VisualCogB_Task-1.mat,42,256.000000,1,R,93191,93243,364.027344,364.230469,0.207031,1,R,93759,94054,366.246094,367.398438,2.218750,,,,,,1.156250,channel9_segment_duration_proxy,True,,True,False,False,False,False,0.000000,False,False,none
B,Task-1,VisualCogB_Task-1.mat,43,256.000000,1,R,95340,95391,372.421875,372.621094,0.203125,1,R,95908,96170,374.640625,375.664062,2.218750,,,,,,1.027344,channel9_segment_duration_proxy,True,,True,False,False,False,False,0.000000,False,False,none
B,Task-1,VisualCogB_Task-1.mat,44,256.000000,1,R,97457,97508,380.691406,380.890625,0.203125,1,R,98024,98418,382.906250,384.445312,2.214844,,,,,,1.542969,channel9_segment_duration_proxy,True,,True,False,False,False,False,0.000000,False,False,none
B,Task-1,VisualCogB_Task-1.mat,45,256.000000,1,R,99705,99756,389.472656,389.671875,0.203125,1,R,100273,100710,391.691406,393.398438,2.218750,,,,,,1.710938,channel9_segment_duration_proxy,True,,True,False,False,False,False,0.000000,False,False,none
B,Task-1,VisualCogB_Task-1.mat,46,256.000000,-1,L,101998,102049,398.429688,398.628906,0.203125,-1,L,102565,102912,400.644531,402.000000,2.214844,,,,,,1.359375,channel9_segment_duration_proxy,True,,True,False,True,False,True,0.013889,False,True,raw_eeg_rail_saturation
B,Task-1,VisualCogB_Task-1.mat,47,256.000000,-1,L,104198,104249,407.023438,407.222656,0.203125,-1,L,104765,105009,409.238281,410.191406,2.214844,,,,,,0.957031,channel9_segment_duration_proxy,True,,True,False,False,False,False,0.000000,False,False,none
B,Task-1,VisualCogB_Task-1.mat,48,256.000000,1,R,106294,106346,415.210938,415.414062,0.207031,1,R,106862,107111,417.429688,418.402344,2.218750,,,,,,0.976562,channel9_segment_duration_proxy,True,,True,False,False,False,False,0.000000,False,False,none
B,Task-1,VisualCogB_Task-1.mat,49,256.000000,1,R,108395,108446,423.417969,423.617188,0.203125,-1,L,108962,109284,425.632812,426.890625,2.214844,,,,,,1.261719,channel9_segment_duration_proxy,False,,False,False,False,False,False,0.000000,False,True,task1_cue_channel9_mismatch
B,Task-1,VisualCogB_Task-1.mat,50,256.000000,-1,L,110568,110619,431.906250,432.105469,0.203125,-1,L,111135,111373,434.121094,435.050781,2.214844,,,,,,0.933594,channel9_segment_duration_proxy,True,,True,False,False,False,False,0.000000,False,False,none
B,Task-1,VisualCogB_Task-1.mat,51,256.000000,1,R,112656,112707,440.062500,440.261719,0.203125,1,R,113224,113474,442.281250,443.257812,2.218750,,,,,,0.980469,channel9_segment_duration_proxy,True,,True,False,False,False,False,0.000000,False,False,none
B,Task-1,VisualCogB_Task-1.mat,52,256.000000,-1,L,114757,114808,448.269531,448.468750,0.203125,-1,L,115324,115613,450.484375,451.613281,2.214844,,,,,,1.132812,channel9_segment_duration_proxy,True,,True,False,False,False,False,0.000000,False,False,none
B,Task-1,VisualCogB_Task-1.mat,53,256.000000,1,R,116897,116948,456.628906,456.828125,0.203125,1,R,117465,117691,458.847656,459.730469,2.218750,,,,,,0.886719,channel9_segment_duration_proxy,True,,True,False,False,False,False,0.000000,False,False,none
B,Task-1,VisualCogB_Task-1.mat,54,256.000000,-1,L,118978,119029,464.757812,464.957031,0.203125,-1,L,119545,119782,466.972656,467.898438,2.214844,,,,,,0.929688,channel9_segment_duration_proxy,True,,True,True,False,False,True,0.136285,False,True,raw_eeg_rail_saturation
B,Task-1,VisualCogB_Task-1.mat,55,256.000000,1,R,121067,121118,472.917969,473.117188,0.203125,1,R,121634,121925,475.132812,476.269531,2.214844,,,,,,1.140625,channel9_segment_duration_proxy,True,,True,False,False,False,False,0.000000,False,False,none
B,Task-1,VisualCogB_Task-1.mat,56,256.000000,-1,L,123211,123262,481.292969,481.492188,0.203125,-1,L,123778,124017,483.507812,484.441406,2.214844,,,,,,0.937500,channel9_segment_duration_proxy,True,,True,False,False,False,False,0.000000,False,False,none
B,Task-1,VisualCogB_Task-1.mat,57,256.000000,1,R,125304,125355,489.468750,489.667969,0.203125,1,R,125871,126126,491.683594,492.679688,2.214844,,,,,,1.000000,channel9_segment_duration_proxy,True,,True,False,False,False,False,0.000000,False,False,none
B,Task-1,VisualCogB_Task-1.mat,58,256.000000,1,R,127412,127463,497.703125,497.902344,0.203125,1,R,127980,128238,499.921875,500.929688,2.218750,,,,,,1.011719,channel9_segment_duration_proxy,True,,True,False,False,False,False,0.000000,False,False,none
B,Task-1,VisualCogB_Task-1.mat,59,256.000000,1,R,129525,129576,505.957031,506.156250,0.203125,1,R,130092,130391,508.171875,509.339844,2.214844,,,,,,1.171875,channel9_segment_duration_proxy,True,,True,False,False,False,False,0.000000,False,False,none
B,Task-1,VisualCogB_Task-1.mat,60,256.000000,1,R,131677,131728,514.363281,514.562500,0.203125,1,R,132245,132526,516.582031,517.679688,2.218750,,,,,,1.101562,channel9_segment_duration_proxy,True,,True,False,False,False,False,0.000000,False,False,none
B,Task-1,VisualCogB_Task-1.mat,61,256.000000,-1,L,133810,133861,522.695312,522.894531,0.203125,-1,L,134377,134749,524.910156,526.363281,2.214844,,,,,,1.457031,channel9_segment_duration_proxy,True,,True,False,False,False,False,0.000000,False,False,none
B,Task-1,VisualCogB_Task-1.mat,62,256.000000,-1,L,136034,136086,531.382812,531.585938,0.207031,-1,L,136602,136910,533.601562,534.804688,2.218750,,,,,,1.207031,channel9_segment_duration_proxy,True,,True,False,False,False,False,0.000000,False,False,none
B,Task-1,VisualCogB_Task-1.mat,63,256.000000,1,R,138195,138246,539.824219,540.023438,0.203125,1,R,138762,139051,542.039062,543.167969,2.214844,,,,,,1.132812,channel9_segment_duration_proxy,True,,True,False,False,False,False,0.000000,False,False,none
B,Task-1,VisualCogB_Task-1.mat,64,256.000000,-1,L,140335,140387,548.183594,548.386719,0.207031,-1,L,140903,141163,550.402344,551.417969,2.218750,,,,,,1.019531,channel9_segment_duration_proxy,True,,True,False,False,False,False,0.000000,False,False,none
B,Task-1,VisualCogB_Task-1.mat,65,256.000000,-1,L,142448,142499,556.437500,556.636719,0.203125,-1,L,143015,143319,558.652344,559.839844,2.214844,,,,,,1.191406,channel9_segment_duration_proxy,True,,True,False,False,False,False,0.000000,False,False,none
B,Task-1,VisualCogB_Task-1.mat,66,256.000000,-1,L,144604,144656,564.859375,565.062500,0.207031,-1,L,145172,145397,567.078125,567.957031,2.218750,,,,,,0.882812,channel9_segment_duration_proxy,True,,True,False,False,False,False,0.000000,False,False,none
B,Task-1,VisualCogB_Task-1.mat,67,256.000000,1,R,146681,146732,572.972656,573.171875,0.203125,1,R,147248,147491,575.187500,576.136719,2.214844,,,,,,0.953125,channel9_segment_duration_proxy,True,,True,False,False,False,False,0.000000,False,False,none
B,Task-1,VisualCogB_Task-1.mat,68,256.000000,1,R,148774,148825,581.148438,581.347656,0.203125,1,R,149341,149671,583.363281,584.652344,2.214844,,,,,,1.292969,channel9_segment_duration_proxy,True,,True,False,False,False,False,0.000000,False,False,none
B,Task-1,VisualCogB_Task-1.mat,69,256.000000,-1,L,150958,151009,589.679688,589.878906,0.203125,-1,L,151525,151794,591.894531,592.945312,2.214844,,,,,,1.054688,channel9_segment_duration_proxy,True,,True,False,False,False,False,0.000000,False,False,none
B,Task-1,VisualCogB_Task-1.mat,70,256.000000,-1,L,153079,153130,597.964844,598.164062,0.203125,-1,L,153646,153916,600.179688,601.234375,2.214844,,,,,,1.058594,channel9_segment_duration_proxy,True,,True,False,False,False,False,0.000000,False,False,none
B,Task-1,VisualCogB_Task-1.mat,71,256.000000,1,R,155199,155250,606.246094,606.445312,0.203125,1,R,155767,156006,608.464844,609.398438,2.218750,,,,,,0.937500,channel9_segment_duration_proxy,True,,True,False,False,False,False,0.000000,False,False,none
B,Task-1,VisualCogB_Task-1.mat,72,256.000000,1,R,157292,157343,614.421875,614.621094,0.203125,1,R,157859,158109,616.636719,617.613281,2.214844,,,,,,0.980469,channel9_segment_duration_proxy,True,,True,False,False,False,False,0.000000,False,False,none
B,Task-1,VisualCogB_Task-1.mat,73,256.000000,-1,L,159392,159444,622.625000,622.828125,0.207031,-1,L,159960,160228,624.843750,625.890625,2.218750,,,,,,1.050781,channel9_segment_duration_proxy,True,,True,False,False,False,False,0.000000,False,False,none
B,Task-1,VisualCogB_Task-1.mat,74,256.000000,-1,L,161513,161564,630.910156,631.109375,0.203125,-1,L,162080,162391,633.125000,634.339844,2.214844,,,,,,1.218750,channel9_segment_duration_proxy,True,,True,False,False,False,False,0.000000,False,False,none
B,Task-1,VisualCogB_Task-1.mat,75,256.000000,1,R,163678,163729,639.367188,639.566406,0.203125,1,R,164245,164527,641.582031,642.683594,2.214844,,,,,,1.105469,channel9_segment_duration_proxy,True,,True,False,False,False,False,0.000000,False,False,none
B,Task-1,VisualCogB_Task-1.mat,76,256.000000,-1,L,165814,165865,647.710938,647.910156,0.203125,-1,L,166381,166696,649.925781,651.156250,2.214844,,,,,,1.234375,channel9_segment_duration_proxy,True,,True,False,False,False,False,0.000000,False,False,none
B,Task-1,VisualCogB_Task-1.mat,77,256.000000,-1,L,167982,168034,656.179688,656.382812,0.207031,-1,L,168550,168853,658.398438,659.582031,2.218750,,,,,,1.187500,channel9_segment_duration_proxy,True,,True,False,False,False,False,0.000000,False,False,none
B,Task-1,VisualCogB_Task-1.mat,78,256.000000,-1,L,170139,170190,664.605469,664.804688,0.203125,-1,L,170706,170997,666.820312,667.957031,2.214844,,,,,,1.140625,channel9_segment_duration_proxy,True,,True,False,True,False,True,0.004340,False,True,raw_eeg_rail_saturation
B,Task-1,VisualCogB_Task-1.mat,79,256.000000,1,R,172279,172331,672.964844,673.167969,0.207031,1,R,172847,173131,675.183594,676.292969,2.218750,,,,,,1.113281,channel9_segment_duration_proxy,True,,True,False,False,False,False,0.000000,False,False,none
B,Task-1,VisualCogB_Task-1.mat,80,256.000000,-1,L,174416,174467,681.312500,681.511719,0.203125,-1,L,174983,175247,683.527344,684.558594,2.214844,,,,,,1.035156,channel9_segment_duration_proxy,True,,True,False,False,False,False,0.000000,False,False,none
B,Task-1,VisualCogB_Task-1.mat,81,256.000000,-1,L,176533,176584,689.582031,689.781250,0.203125,-1,L,177100,177418,691.796875,693.039062,2.214844,,,,,,1.246094,channel9_segment_duration_proxy,True,,True,False,False,False,False,0.000000,False,False,none
B,Task-1,VisualCogB_Task-1.mat,82,256.000000,1,R,178705,178756,698.066406,698.265625,0.203125,1,R,179273,179562,700.285156,701.414062,2.218750,,,,,,1.132812,channel9_segment_duration_proxy,True,,True,False,False,False,False,0.000000,False,False,none
B,Task-1,VisualCogB_Task-1.mat,83,256.000000,-1,L,180846,180897,706.429688,706.628906,0.203125,-1,L,181413,181735,708.644531,709.902344,2.214844,,,,,,1.261719,channel9_segment_duration_proxy,True,,True,False,False,False,False,0.000000,False,False,none
B,Task-1,VisualCogB_Task-1.mat,84,256.000000,-1,L,183022,183073,714.929688,715.128906,0.203125,-1,L,183590,183838,717.148438,718.117188,2.218750,,,,,,0.972656,channel9_segment_duration_proxy,True,,True,False,False,False,False,0.000000,False,False,none
B,Task-1,VisualCogB_Task-1.mat,85,256.000000,1,R,185123,185174,723.136719,723.335938,0.203125,1,R,185690,185982,725.351562,726.492188,2.214844,,,,,,1.144531,channel9_segment_duration_proxy,True,,True,False,False,False,False,0.000000,False,False,none
B,Task-1,VisualCogB_Task-1.mat,86,256.000000,-1,L,187267,187318,731.511719,731.710938,0.203125,-1,L,187835,188081,733.730469,734.691406,2.218750,,,,,,0.964844,channel9_segment_duration_proxy,True,,True,False,False,False,False,0.000000,False,False,none
B,Task-1,VisualCogB_Task-1.mat,87,256.000000,-1,L,189368,189419,739.718750,739.917969,0.203125,1,R,189935,190331,741.933594,743.480469,2.214844,,,,,,1.550781,channel9_segment_duration_proxy,False,,False,False,False,False,False,0.000000,False,True,task1_cue_channel9_mismatch
B,Task-1,VisualCogB_Task-1.mat,88,256.000000,1,R,191616,191667,748.500000,748.699219,0.203125,1,R,192183,192493,750.714844,751.925781,2.214844,,,,,,1.214844,channel9_segment_duration_proxy,True,,True,True,True,True,True,0.523438,False,True,raw_eeg_rail_saturation
B,Task-1,VisualCogB_Task-1.mat,89,256.000000,-1,L,193777,193828,756.941406,757.140625,0.203125,-1,L,194344,194588,759.156250,760.109375,2.214844,,,,,,0.957031,channel9_segment_duration_proxy,True,,True,False,False,False,False,0.000000,False,False,none
B,Task-1,VisualCogB_Task-1.mat,90,256.000000,-1,L,195873,195924,765.128906,765.328125,0.203125,-1,L,196441,196731,767.347656,768.480469,2.218750,,,,,,1.136719,channel9_segment_duration_proxy,True,,True,False,False,False,False,0.000000,False,False,none
B,Task-1,VisualCogB_Task-1.mat,91,256.000000,1,R,198018,198069,773.507812,773.707031,0.203125,1,R,198585,198849,775.722656,776.753906,2.214844,,,,,,1.035156,channel9_segment_duration_proxy,True,,True,False,False,False,False,0.000000,False,False,none
B,Task-1,VisualCogB_Task-1.mat,92,256.000000,1,R,200134,200186,781.773438,781.976562,0.207031,1,R,200702,200972,783.992188,785.046875,2.218750,,,,,,1.058594,channel9_segment_duration_proxy,True,,True,True,True,False,True,0.501736,False,True,raw_eeg_rail_saturation
B,Task-1,VisualCogB_Task-1.mat,93,256.000000,-1,L,202259,202310,790.074219,790.273438,0.203125,-1,L,202826,203085,792.289062,793.300781,2.214844,,,,,,1.015625,channel9_segment_duration_proxy,True,,True,False,False,False,False,0.000000,False,False,none
B,Task-1,VisualCogB_Task-1.mat,94,256.000000,1,R,204367,204419,798.308594,798.511719,0.207031,1,R,204935,205213,800.527344,801.613281,2.218750,,,,,,1.089844,channel9_segment_duration_proxy,True,,True,False,False,False,False,0.000000,False,False,none
B,Task-1,VisualCogB_Task-1.mat,95,256.000000,-1,L,206496,206547,806.625000,806.824219,0.203125,-1,L,207063,207273,808.839844,809.660156,2.214844,,,,,,0.824219,channel9_segment_duration_proxy,True,,True,False,False,False,False,0.000000,False,False,none
B,Task-1,VisualCogB_Task-1.mat,96,256.000000,1,R,208557,208608,814.675781,814.875000,0.203125,1,R,209124,209368,816.890625,817.843750,2.214844,,,,,,0.957031,channel9_segment_duration_proxy,True,,True,False,False,False,False,0.000000,False,False,none
B,Task-1,VisualCogB_Task-1.mat,97,256.000000,-1,L,210653,210704,822.863281,823.062500,0.203125,-1,L,211221,211519,825.082031,826.246094,2.218750,,,,,,1.167969,channel9_segment_duration_proxy,True,,True,False,False,False,False,0.000000,False,False,none
B,Task-1,VisualCogB_Task-1.mat,98,256.000000,1,R,212806,212857,831.273438,831.472656,0.203125,1,R,213373,213678,833.488281,834.679688,2.214844,,,,,,1.195312,channel9_segment_duration_proxy,True,,True,False,False,False,False,0.000000,False,False,none
B,Task-1,VisualCogB_Task-1.mat,99,256.000000,1,R,214962,215013,839.695312,839.894531,0.203125,1,R,215530,215780,841.914062,842.890625,2.218750,,,,,,0.980469,channel9_segment_duration_proxy,True,,True,False,False,False,False,0.000000,False,False,none
B,Task-1,VisualCogB_Task-1.mat,100,256.000000,1,R,217063,217114,847.902344,848.101562,0.203125,1,R,217630,217865,850.117188,851.035156,2.214844,,,,,,0.921875,channel9_segment_duration_proxy,True,,True,False,False,False,False,0.000000,False,False,none
B,Task-2,VisualCogB_Task-2.mat,1,256.000000,-1,L,5134,5186,20.054688,20.257812,0.207031,1,R,5702,6061,22.273438,23.675781,2.218750,2.000000,R,6062.000000,23.679688,1.406250,,target_onset_to_click_pulse,False,True,True,False,False,False,False,0.000000,False,False,none
B,Task-2,VisualCogB_Task-2.mat,2,256.000000,-1,L,7347,7398,28.699219,28.898438,0.203125,-1,L,7914,8323,30.914062,32.511719,2.214844,-2.000000,L,8324.000000,32.515625,1.601562,,target_onset_to_click_pulse,True,True,True,False,False,False,False,0.000000,False,False,none
B,Task-2,VisualCogB_Task-2.mat,3,256.000000,-1,L,9611,9662,37.542969,37.742188,0.203125,-1,L,10179,10587,39.761719,41.355469,2.218750,-2.000000,L,10588.000000,41.359375,1.597656,,target_onset_to_click_pulse,True,True,True,False,False,False,False,0.000000,False,False,none
B,Task-2,VisualCogB_Task-2.mat,4,256.000000,1,R,11871,11923,46.371094,46.574219,0.207031,1,R,12439,12711,48.589844,49.652344,2.218750,2.000000,R,12712.000000,49.656250,1.066406,,target_onset_to_click_pulse,True,True,True,False,False,False,False,0.000000,False,False,none
B,Task-2,VisualCogB_Task-2.mat,5,256.000000,-1,L,13996,14047,54.671875,54.871094,0.203125,-1,L,14564,14873,56.890625,58.097656,2.218750,-2.000000,L,14874.000000,58.101562,1.210938,,target_onset_to_click_pulse,True,True,True,False,False,False,False,0.000000,False,False,none
B,Task-2,VisualCogB_Task-2.mat,6,256.000000,1,R,16161,16212,63.128906,63.328125,0.203125,-1,L,16728,17036,65.343750,66.546875,2.214844,-2.000000,L,17037.000000,66.550781,1.207031,,target_onset_to_click_pulse,False,True,True,False,False,False,False,0.000000,False,False,none
B,Task-2,VisualCogB_Task-2.mat,7,256.000000,1,R,18321,18372,71.566406,71.765625,0.203125,1,R,18889,19210,73.785156,75.039062,2.218750,2.000000,R,19211.000000,75.042969,1.257812,,target_onset_to_click_pulse,True,True,True,False,False,False,False,0.000000,False,False,none
B,Task-2,VisualCogB_Task-2.mat,8,256.000000,1,R,20498,20549,80.070312,80.269531,0.203125,1,R,21065,21346,82.285156,83.382812,2.214844,2.000000,R,21347.000000,83.386719,1.101562,,target_onset_to_click_pulse,True,True,True,False,False,False,False,0.000000,False,False,none
B,Task-2,VisualCogB_Task-2.mat,9,256.000000,1,R,22630,22681,88.398438,88.597656,0.203125,1,R,23197,23473,90.613281,91.691406,2.214844,2.000000,R,23474.000000,91.695312,1.082031,,target_onset_to_click_pulse,True,True,True,False,False,False,False,0.000000,False,False,none
B,Task-2,VisualCogB_Task-2.mat,10,256.000000,-1,L,24759,24810,96.714844,96.914062,0.203125,1,R,25326,25640,98.929688,100.156250,2.214844,2.000000,R,25641.000000,100.160156,1.230469,,target_onset_to_click_pulse,False,True,True,False,False,True,True,0.043403,False,True,raw_eeg_rail_saturation
B,Task-2,VisualCogB_Task-2.mat,11,256.000000,1,R,26927,26978,105.183594,105.382812,0.203125,1,R,27494,27848,107.398438,108.781250,2.214844,2.000000,R,27849.000000,108.785156,1.386719,,target_onset_to_click_pulse,True,True,True,False,False,False,False,0.000000,False,False,none
B,Task-2,VisualCogB_Task-2.mat,12,256.000000,1,R,29131,29183,113.792969,113.996094,0.207031,-1,L,29699,30088,116.011719,117.531250,2.218750,-2.000000,L,30089.000000,117.535156,1.523438,,target_onset_to_click_pulse,False,True,True,False,False,False,False,0.000000,False,False,none
B,Task-2,VisualCogB_Task-2.mat,13,256.000000,1,R,31372,31423,122.546875,122.746094,0.203125,1,R,31939,32292,124.761719,126.140625,2.214844,2.000000,R,32293.000000,126.144531,1.382812,,target_onset_to_click_pulse,True,True,True,False,False,False,False,0.000000,False,False,none
B,Task-2,VisualCogB_Task-2.mat,14,256.000000,1,R,33576,33628,131.156250,131.359375,0.207031,-1,L,34144,34522,133.375000,134.851562,2.218750,-2.000000,L,34523.000000,134.855469,1.480469,,target_onset_to_click_pulse,False,True,True,False,True,True,True,0.121528,False,True,raw_eeg_rail_saturation
B,Task-2,VisualCogB_Task-2.mat,15,256.000000,1,R,35809,35860,139.878906,140.078125,0.203125,-1,L,36376,36747,142.093750,143.542969,2.214844,-2.000000,L,36748.000000,143.546875,1.453125,,target_onset_to_click_pulse,False,True,True,False,False,False,False,0.000000,False,False,none
B,Task-2,VisualCogB_Task-2.mat,16,256.000000,1,R,38033,38084,148.566406,148.765625,0.203125,1,R,38601,38909,150.785156,151.988281,2.218750,2.000000,R,38910.000000,151.992188,1.207031,,target_onset_to_click_pulse,True,True,True,False,False,True,True,0.137153,False,True,raw_eeg_rail_saturation
B,Task-2,VisualCogB_Task-2.mat,17,256.000000,-1,L,40198,40249,157.023438,157.222656,0.203125,-1,L,40765,41093,159.238281,160.519531,2.214844,-2.000000,L,41094.000000,160.523438,1.285156,,target_onset_to_click_pulse,True,True,True,False,False,False,False,0.000000,False,False,none
B,Task-2,VisualCogB_Task-2.mat,18,256.000000,1,R,42378,42429,165.539062,165.738281,0.203125,-1,L,42946,43317,167.757812,169.207031,2.218750,-2.000000,L,43318.000000,169.210938,1.453125,,target_onset_to_click_pulse,False,True,True,False,False,False,False,0.000000,False,False,none
B,Task-2,VisualCogB_Task-2.mat,19,256.000000,1,R,44603,44654,174.230469,174.429688,0.203125,1,R,45170,45525,176.445312,177.832031,2.214844,2.000000,R,45526.000000,177.835938,1.390625,,target_onset_to_click_pulse,True,True,True,False,False,False,False,0.000000,False,False,none
B,Task-2,VisualCogB_Task-2.mat,20,256.000000,-1,L,46811,46862,182.855469,183.054688,0.203125,1,R,47378,47715,185.070312,186.386719,2.214844,2.000000,R,47716.000000,186.390625,1.320312,,target_onset_to_click_pulse,False,True,True,False,False,False,False,0.000000,False,False,none
B,Task-2,VisualCogB_Task-2.mat,21,256.000000,1,R,49003,49055,191.417969,191.621094,0.207031,1,R,49571,49853,193.636719,194.738281,2.218750,2.000000,R,49854.000000,194.742188,1.105469,,target_onset_to_click_pulse,True,True,True,False,False,False,False,0.000000,False,False,none
B,Task-2,VisualCogB_Task-2.mat,22,256.000000,1,R,51140,51191,199.765625,199.964844,0.203125,-1,L,51707,52053,201.980469,203.332031,2.214844,-2.000000,L,52054.000000,203.335938,1.355469,,target_onset_to_click_pulse,False,True,True,False,False,False,False,0.000000,False,False,none
B,Task-2,VisualCogB_Task-2.mat,23,256.000000,-1,L,53340,53392,208.359375,208.562500,0.207031,-1,L,53908,54209,210.578125,211.753906,2.218750,-2.000000,L,54210.000000,211.757812,1.179688,,target_onset_to_click_pulse,True,True,True,False,True,True,True,0.184896,False,True,raw_eeg_rail_saturation
B,Task-2,VisualCogB_Task-2.mat,24,256.000000,-1,L,55493,55544,216.769531,216.968750,0.203125,1,R,56060,56408,218.984375,220.343750,2.214844,2.000000,R,56409.000000,220.347656,1.363281,,target_onset_to_click_pulse,False,True,True,False,False,False,False,0.000000,False,False,none
B,Task-2,VisualCogB_Task-2.mat,25,256.000000,-1,L,57693,57744,225.363281,225.562500,0.203125,-1,L,58261,58594,227.582031,228.882812,2.218750,-2.000000,L,58595.000000,228.886719,1.304688,,target_onset_to_click_pulse,True,True,True,False,False,False,False,0.000000,False,False,none
B,Task-2,VisualCogB_Task-2.mat,26,256.000000,1,R,59878,59929,233.898438,234.097656,0.203125,1,R,60445,60784,236.113281,237.437500,2.214844,2.000000,R,60785.000000,237.441406,1.328125,,target_onset_to_click_pulse,True,True,True,False,False,False,False,0.000000,False,False,none
B,Task-2,VisualCogB_Task-2.mat,27,256.000000,-1,L,62070,62121,242.460938,242.660156,0.203125,1,R,62638,63009,244.679688,246.128906,2.218750,2.000000,R,63010.000000,246.132812,1.453125,,target_onset_to_click_pulse,False,True,True,False,False,False,False,0.000000,False,False,none
B,Task-2,VisualCogB_Task-2.mat,28,256.000000,-1,L,64295,64346,251.152344,251.351562,0.203125,1,R,64862,65159,253.367188,254.527344,2.214844,2.000000,R,65160.000000,254.531250,1.164062,,target_onset_to_click_pulse,False,True,True,False,False,False,False,0.000000,False,False,none
B,Task-2,VisualCogB_Task-2.mat,29,256.000000,-1,L,66447,66498,259.558594,259.757812,0.203125,-1,L,67015,67342,261.777344,263.054688,2.218750,-2.000000,L,67343.000000,263.058594,1.281250,,target_onset_to_click_pulse,True,True,True,False,False,False,False,0.000000,False,False,none
B,Task-2,VisualCogB_Task-2.mat,30,256.000000,1,R,68632,68683,268.093750,268.292969,0.203125,-1,L,69199,69558,270.308594,271.710938,2.214844,-2.000000,L,69559.000000,271.714844,1.406250,,target_onset_to_click_pulse,False,True,True,False,False,False,False,0.000000,False,False,none
B,Task-2,VisualCogB_Task-2.mat,31,256.000000,1,R,70844,70895,276.734375,276.933594,0.203125,1,R,71412,71757,278.953125,280.300781,2.218750,2.000000,R,71758.000000,280.304688,1.351562,,target_onset_to_click_pulse,True,True,True,False,False,False,False,0.000000,False,False,none
B,Task-2,VisualCogB_Task-2.mat,32,256.000000,1,R,73045,73096,285.332031,285.531250,0.203125,1,R,73612,73901,287.546875,288.675781,2.214844,2.000000,R,73902.000000,288.679688,1.132812,,target_onset_to_click_pulse,True,True,True,False,False,False,False,0.000000,False,False,none
B,Task-2,VisualCogB_Task-2.mat,33,256.000000,1,R,75189,75240,293.707031,293.906250,0.203125,-1,L,75757,76086,295.925781,297.210938,2.218750,-2.000000,L,76087.000000,297.214844,1.289062,,target_onset_to_click_pulse,False,True,True,False,False,False,False,0.000000,False,False,none
B,Task-2,VisualCogB_Task-2.mat,34,256.000000,1,R,77369,77421,302.222656,302.425781,0.207031,-1,L,77937,78279,304.441406,305.777344,2.218750,-2.000000,L,78280.000000,305.781250,1.339844,,target_onset_to_click_pulse,False,True,True,False,False,False,False,0.000000,False,False,none
B,Task-2,VisualCogB_Task-2.mat,35,256.000000,-1,L,79566,79617,310.804688,311.003906,0.203125,1,R,80134,80495,313.023438,314.433594,2.218750,2.000000,R,80496.000000,314.437500,1.414062,,target_onset_to_click_pulse,False,True,True,False,False,False,False,0.000000,False,False,none
B,Task-2,VisualCogB_Task-2.mat,36,256.000000,1,R,81783,81834,319.464844,319.664062,0.203125,1,R,82350,82674,321.679688,322.945312,2.214844,2.000000,R,82675.000000,322.949219,1.269531,,target_onset_to_click_pulse,True,True,True,False,False,False,False,0.000000,False,False,none
B,Task-2,VisualCogB_Task-2.mat,37,256.000000,-1,L,83959,84010,327.964844,328.164062,0.203125,-1,L,84527,84880,330.183594,331.562500,2.218750,-2.000000,L,84881.000000,331.566406,1.382812,,target_onset_to_click_pulse,True,True,True,False,False,False,False,0.000000,False,False,none
B,Task-2,VisualCogB_Task-2.mat,38,256.000000,-1,L,86167,86219,336.589844,336.792969,0.207031,1,R,86735,87124,338.808594,340.328125,2.218750,2.000000,R,87125.000000,340.332031,1.523438,,target_onset_to_click_pulse,False,True,True,False,False,False,False,0.000000,False,False,none
B,Task-2,VisualCogB_Task-2.mat,39,256.000000,1,R,88412,88463,345.359375,345.558594,0.203125,-1,L,88979,89355,347.574219,349.042969,2.214844,-2.000000,L,89356.000000,349.046875,1.472656,,target_onset_to_click_pulse,False,True,True,False,False,False,False,0.000000,False,False,none
B,Task-2,VisualCogB_Task-2.mat,40,256.000000,1,R,90640,90691,354.062500,354.261719,0.203125,-1,L,91208,91528,356.281250,357.531250,2.218750,-2.000000,L,91529.000000,357.535156,1.253906,,target_onset_to_click_pulse,False,True,True,False,False,False,False,0.000000,False,False,none
B,Task-2,VisualCogB_Task-2.mat,41,256.000000,1,R,92817,92868,362.566406,362.765625,0.203125,1,R,93384,93691,364.781250,365.980469,2.214844,2.000000,R,93692.000000,365.984375,1.203125,,target_onset_to_click_pulse,True,True,True,False,False,False,False,0.000000,False,False,none
B,Task-2,VisualCogB_Task-2.mat,42,256.000000,-1,L,94977,95028,371.003906,371.203125,0.203125,-1,L,95545,95857,373.222656,374.441406,2.218750,-2.000000,L,95858.000000,374.445312,1.222656,,target_onset_to_click_pulse,True,True,True,False,False,False,False,0.000000,False,False,none
B,Task-2,VisualCogB_Task-2.mat,43,256.000000,-1,L,97142,97193,379.460938,379.660156,0.203125,-1,L,97709,97975,381.675781,382.714844,2.214844,-2.000000,L,97976.000000,382.718750,1.042969,,target_onset_to_click_pulse,True,True,True,False,True,True,True,0.303819,False,True,raw_eeg_rail_saturation
B,Task-2,VisualCogB_Task-2.mat,44,256.000000,1,R,99262,99313,387.742188,387.941406,0.203125,-1,L,99830,100212,389.960938,391.453125,2.218750,-2.000000,L,100213.000000,391.457031,1.496094,,target_onset_to_click_pulse,False,True,True,False,False,False,False,0.000000,False,False,none
B,Task-2,VisualCogB_Task-2.mat,45,256.000000,-1,L,101498,101550,396.476562,396.679688,0.207031,1,R,102066,102391,398.695312,399.964844,2.218750,2.000000,R,102392.000000,399.968750,1.273438,,target_onset_to_click_pulse,False,True,True,False,False,False,False,0.000000,False,False,none
B,Task-2,VisualCogB_Task-2.mat,46,256.000000,-1,L,103675,103726,404.980469,405.179688,0.203125,1,R,104242,104546,407.195312,408.382812,2.214844,2.000000,R,104547.000000,408.386719,1.191406,,target_onset_to_click_pulse,False,True,True,False,False,False,False,0.000000,False,False,none
B,Task-2,VisualCogB_Task-2.mat,47,256.000000,1,R,105831,105883,413.402344,413.605469,0.207031,-1,L,106399,106751,415.621094,416.996094,2.218750,-2.000000,L,106752.000000,417.000000,1.378906,,target_onset_to_click_pulse,False,True,True,False,False,False,False,0.000000,False,False,none
B,Task-2,VisualCogB_Task-2.mat,48,256.000000,-1,L,108040,108091,422.031250,422.230469,0.203125,-1,L,108607,109004,424.246094,425.796875,2.214844,-2.000000,L,109005.000000,425.800781,1.554688,,target_onset_to_click_pulse,True,True,True,False,False,False,False,0.000000,False,False,none
B,Task-2,VisualCogB_Task-2.mat,49,256.000000,1,R,110293,110344,430.832031,431.031250,0.203125,1,R,110860,111197,433.046875,434.363281,2.214844,2.000000,R,111198.000000,434.367188,1.320312,,target_onset_to_click_pulse,True,True,True,False,False,False,False,0.000000,False,False,none
B,Task-2,VisualCogB_Task-2.mat,50,256.000000,-1,L,112485,112536,439.394531,439.593750,0.203125,-1,L,113053,113403,441.613281,442.980469,2.218750,-2.000000,L,113404.000000,442.984375,1.371094,,target_onset_to_click_pulse,True,True,True,False,True,True,True,0.137153,False,True,raw_eeg_rail_saturation
B,Task-2,VisualCogB_Task-2.mat,51,256.000000,-1,L,114689,114741,448.003906,448.207031,0.207031,1,R,115257,115611,450.222656,451.605469,2.218750,2.000000,R,115612.000000,451.609375,1.386719,,target_onset_to_click_pulse,False,True,True,False,False,False,False,0.000000,False,False,none
B,Task-2,VisualCogB_Task-2.mat,52,256.000000,-1,L,116898,116949,456.632812,456.832031,0.203125,-1,L,117465,117812,458.847656,460.203125,2.214844,-2.000000,L,117813.000000,460.207031,1.359375,,target_onset_to_click_pulse,True,True,True,False,False,False,False,0.000000,False,False,none
B,Task-2,VisualCogB_Task-2.mat,53,256.000000,1,R,119098,119150,465.226562,465.429688,0.207031,1,R,119666,119960,467.445312,468.593750,2.218750,2.000000,R,119961.000000,468.597656,1.152344,,target_onset_to_click_pulse,True,True,True,False,False,False,False,0.000000,False,False,none
B,Task-2,VisualCogB_Task-2.mat,54,256.000000,1,R,121247,121298,473.621094,473.820312,0.203125,-1,L,121814,122190,475.835938,477.304688,2.214844,-2.000000,L,122191.000000,477.308594,1.472656,,target_onset_to_click_pulse,False,True,True,False,True,True,True,0.269097,False,True,raw_eeg_rail_saturation
B,Task-2,VisualCogB_Task-2.mat,55,256.000000,1,R,123479,123530,482.339844,482.539062,0.203125,1,R,124047,124325,484.558594,485.644531,2.218750,2.000000,R,124326.000000,485.648438,1.089844,,target_onset_to_click_pulse,True,True,True,False,False,False,False,0.000000,False,False,none
B,Task-2,VisualCogB_Task-2.mat,56,256.000000,-1,L,125612,125663,490.671875,490.871094,0.203125,1,R,126179,126482,492.886719,494.070312,2.214844,2.000000,R,126483.000000,494.074219,1.187500,,target_onset_to_click_pulse,False,True,True,False,False,True,True,0.004340,False,True,raw_eeg_rail_saturation
B,Task-2,VisualCogB_Task-2.mat,57,256.000000,-1,L,127768,127820,499.093750,499.296875,0.207031,1,R,128336,128653,501.312500,502.550781,2.218750,2.000000,R,128654.000000,502.554688,1.242188,,target_onset_to_click_pulse,False,True,True,False,False,True,True,0.021701,False,True,raw_eeg_rail_saturation
B,Task-2,VisualCogB_Task-2.mat,58,256.000000,-1,L,129941,129992,507.582031,507.781250,0.203125,1,R,130508,130844,509.796875,511.109375,2.214844,2.000000,R,130845.000000,511.113281,1.316406,,target_onset_to_click_pulse,False,True,True,False,False,False,False,0.000000,False,False,none
B,Task-2,VisualCogB_Task-2.mat,59,256.000000,-1,L,132129,132180,516.128906,516.328125,0.203125,1,R,132697,133030,518.347656,519.648438,2.218750,2.000000,R,133031.000000,519.652344,1.304688,,target_onset_to_click_pulse,False,True,True,False,False,False,False,0.000000,False,False,none
B,Task-2,VisualCogB_Task-2.mat,60,256.000000,-1,L,134318,134369,524.679688,524.878906,0.203125,1,R,134886,135203,526.898438,528.136719,2.218750,2.000000,R,135204.000000,528.140625,1.242188,,target_onset_to_click_pulse,False,True,True,False,False,False,False,0.000000,False,False,none
B,Task-2,VisualCogB_Task-2.mat,61,256.000000,-1,L,136490,136541,533.164062,533.363281,0.203125,1,R,137058,137352,535.382812,536.531250,2.218750,2.000000,R,137353.000000,536.535156,1.152344,,target_onset_to_click_pulse,False,True,True,False,False,False,False,0.000000,False,False,none
B,Task-2,VisualCogB_Task-2.mat,62,256.000000,1,R,138639,138690,541.558594,541.757812,0.203125,-1,L,139206,139590,543.773438,545.273438,2.214844,-2.000000,L,139591.000000,545.277344,1.503906,,target_onset_to_click_pulse,False,True,True,False,False,False,False,0.000000,False,False,none
B,Task-2,VisualCogB_Task-2.mat,63,256.000000,-1,L,140879,140930,550.308594,550.507812,0.203125,-1,L,141446,141840,552.523438,554.062500,2.214844,-2.000000,L,141841.000000,554.066406,1.542969,,target_onset_to_click_pulse,True,True,True,False,False,False,False,0.000000,False,False,none
B,Task-2,VisualCogB_Task-2.mat,64,256.000000,-1,L,143127,143179,559.089844,559.292969,0.207031,-1,L,143695,144007,561.308594,562.527344,2.218750,-2.000000,L,144008.000000,562.531250,1.222656,,target_onset_to_click_pulse,True,True,True,False,False,False,False,0.000000,False,False,none
B,Task-2,VisualCogB_Task-2.mat,65,256.000000,1,R,145292,145343,567.546875,567.746094,0.203125,-1,L,145859,146165,569.761719,570.957031,2.214844,-2.000000,L,146166.000000,570.960938,1.199219,,target_onset_to_click_pulse,False,True,True,False,False,False,False,0.000000,False,False,none
B,Task-2,VisualCogB_Task-2.mat,66,256.000000,1,R,147452,147504,575.984375,576.187500,0.207031,1,R,148020,148367,578.203125,579.558594,2.218750,2.000000,R,148368.000000,579.562500,1.359375,,target_onset_to_click_pulse,True,True,True,False,False,False,False,0.000000,False,False,none
B,Task-2,VisualCogB_Task-2.mat,67,256.000000,1,R,149653,149704,584.582031,584.781250,0.203125,-1,L,150220,150540,586.796875,588.046875,2.214844,-2.000000,L,150541.000000,588.050781,1.253906,,target_onset_to_click_pulse,False,True,True,False,False,False,False,0.000000,False,False,none
B,Task-2,VisualCogB_Task-2.mat,68,256.000000,1,R,151825,151877,593.066406,593.269531,0.207031,-1,L,152393,152749,595.285156,596.675781,2.218750,-2.000000,L,152750.000000,596.679688,1.394531,,target_onset_to_click_pulse,False,True,True,False,False,False,False,0.000000,False,False,none
B,Task-2,VisualCogB_Task-2.mat,69,256.000000,-1,L,154038,154089,601.710938,601.910156,0.203125,1,R,154605,154948,603.925781,605.265625,2.214844,2.000000,R,154949.000000,605.269531,1.343750,,target_onset_to_click_pulse,False,True,True,False,False,False,False,0.000000,False,False,none
B,Task-2,VisualCogB_Task-2.mat,70,256.000000,-1,L,156234,156285,610.289062,610.488281,0.203125,1,R,156802,157096,612.507812,613.656250,2.218750,2.000000,R,157097.000000,613.660156,1.152344,,target_onset_to_click_pulse,False,True,True,False,False,False,False,0.000000,False,False,none
B,Task-2,VisualCogB_Task-2.mat,71,256.000000,1,R,158383,158434,618.683594,618.882812,0.203125,1,R,158951,159327,620.902344,622.371094,2.218750,2.000000,R,159328.000000,622.375000,1.472656,,target_onset_to_click_pulse,True,True,True,False,False,False,False,0.000000,False,False,none
B,Task-2,VisualCogB_Task-2.mat,72,256.000000,1,R,160615,160667,627.402344,627.605469,0.207031,1,R,161183,161487,629.621094,630.808594,2.218750,2.000000,R,161488.000000,630.812500,1.191406,,target_onset_to_click_pulse,True,True,True,False,False,False,False,0.000000,False,False,none
B,Task-2,VisualCogB_Task-2.mat,73,256.000000,1,R,162772,162823,635.828125,636.027344,0.203125,1,R,163339,163677,638.042969,639.363281,2.214844,2.000000,R,163678.000000,639.367188,1.324219,,target_onset_to_click_pulse,True,True,True,False,False,False,False,0.000000,False,False,none
B,Task-2,VisualCogB_Task-2.mat,74,256.000000,-1,L,164964,165016,644.390625,644.593750,0.207031,1,R,165532,165873,646.609375,647.941406,2.218750,2.000000,R,165874.000000,647.945312,1.335938,,target_onset_to_click_pulse,False,True,True,False,False,False,False,0.000000,False,False,none
B,Task-2,VisualCogB_Task-2.mat,75,256.000000,-1,L,167161,167213,652.972656,653.175781,0.207031,1,R,167729,168112,655.191406,656.687500,2.218750,2.000000,R,168113.000000,656.691406,1.500000,,target_onset_to_click_pulse,False,True,True,False,False,False,False,0.000000,False,False,none
B,Task-2,VisualCogB_Task-2.mat,76,256.000000,1,R,169398,169449,661.710938,661.910156,0.203125,-1,L,169965,170381,663.925781,665.550781,2.214844,-2.000000,L,170382.000000,665.554688,1.628906,,target_onset_to_click_pulse,False,True,True,False,False,False,False,0.000000,False,False,none
B,Task-2,VisualCogB_Task-2.mat,77,256.000000,1,R,171666,171718,670.570312,670.773438,0.207031,-1,L,172234,172514,672.789062,673.882812,2.218750,-2.000000,L,172515.000000,673.886719,1.097656,,target_onset_to_click_pulse,False,True,True,False,False,False,False,0.000000,False,False,none
B,Task-2,VisualCogB_Task-2.mat,78,256.000000,-1,L,173803,173854,678.917969,679.117188,0.203125,-1,L,174370,174728,681.132812,682.531250,2.214844,-2.000000,L,174729.000000,682.535156,1.402344,,target_onset_to_click_pulse,True,True,True,False,False,False,False,0.000000,False,False,none
B,Task-2,VisualCogB_Task-2.mat,79,256.000000,-1,L,176015,176067,687.558594,687.761719,0.207031,1,R,176583,177050,689.777344,691.601562,2.218750,2.000000,R,177051.000000,691.605469,1.828125,,target_onset_to_click_pulse,False,True,True,False,False,False,False,0.000000,False,False,none
B,Task-2,VisualCogB_Task-2.mat,80,256.000000,-1,L,178336,178387,696.625000,696.824219,0.203125,1,R,178903,179258,698.839844,700.226562,2.214844,2.000000,R,179259.000000,700.230469,1.390625,,target_onset_to_click_pulse,False,True,True,False,False,False,False,0.000000,False,False,none
B,Task-2,VisualCogB_Task-2.mat,81,256.000000,1,R,180544,180595,705.250000,705.449219,0.203125,-1,L,181111,181433,707.464844,708.722656,2.214844,-2.000000,L,181434.000000,708.726562,1.261719,,target_onset_to_click_pulse,False,True,True,False,False,False,False,0.000000,False,False,none
B,Task-2,VisualCogB_Task-2.mat,82,256.000000,-1,L,182721,182772,713.753906,713.953125,0.203125,-1,L,183288,183638,715.968750,717.335938,2.214844,-2.000000,L,183639.000000,717.339844,1.371094,,target_onset_to_click_pulse,True,True,True,True,True,True,True,0.181424,False,True,raw_eeg_rail_saturation
B,Task-2,VisualCogB_Task-2.mat,83,256.000000,1,R,184925,184976,722.363281,722.562500,0.203125,-1,L,185492,185841,724.578125,725.941406,2.214844,-2.000000,L,185842.000000,725.945312,1.367188,,target_onset_to_click_pulse,False,True,True,False,False,False,False,0.000000,False,False,none
B,Task-2,VisualCogB_Task-2.mat,84,256.000000,-1,L,187125,187176,730.957031,731.156250,0.203125,-1,L,187693,188046,733.175781,734.554688,2.218750,-2.000000,L,188047.000000,734.558594,1.382812,,target_onset_to_click_pulse,True,True,True,False,False,False,False,0.000000,False,False,none
B,Task-2,VisualCogB_Task-2.mat,85,256.000000,-1,L,189338,189389,739.601562,739.800781,0.203125,1,R,189905,190303,741.816406,743.371094,2.214844,2.000000,R,190304.000000,743.375000,1.558594,,target_onset_to_click_pulse,False,True,True,False,True,True,True,0.006944,False,True,raw_eeg_rail_saturation
B,Task-2,VisualCogB_Task-2.mat,86,256.000000,1,R,191590,191641,748.398438,748.597656,0.203125,1,R,192158,192486,750.617188,751.898438,2.218750,2.000000,R,192487.000000,751.902344,1.285156,,target_onset_to_click_pulse,True,True,True,False,False,False,False,0.000000,False,False,none
B,Task-2,VisualCogB_Task-2.mat,87,256.000000,-1,L,193775,193826,756.933594,757.132812,0.203125,1,R,194342,194641,759.148438,760.316406,2.214844,2.000000,R,194642.000000,760.320312,1.171875,,target_onset_to_click_pulse,False,True,True,False,False,False,False,0.000000,False,False,none
B,Task-2,VisualCogB_Task-2.mat,88,256.000000,1,R,195927,195978,765.339844,765.539062,0.203125,1,R,196495,196796,767.558594,768.734375,2.218750,2.000000,R,196797.000000,768.738281,1.179688,,target_onset_to_click_pulse,True,True,True,False,False,False,False,0.000000,False,False,none
B,Task-2,VisualCogB_Task-2.mat,89,256.000000,-1,L,198084,198135,773.765625,773.964844,0.203125,-1,L,198651,198977,775.980469,777.253906,2.214844,-2.000000,L,198978.000000,777.257812,1.277344,,target_onset_to_click_pulse,True,True,True,False,False,False,False,0.000000,False,False,none
B,Task-2,VisualCogB_Task-2.mat,90,256.000000,1,R,200264,200315,782.281250,782.480469,0.203125,1,R,200832,201156,784.500000,785.765625,2.218750,2.000000,R,201157.000000,785.769531,1.269531,,target_onset_to_click_pulse,True,True,True,False,False,False,False,0.000000,False,False,none
B,Task-2,VisualCogB_Task-2.mat,91,256.000000,-1,L,202445,202496,790.800781,791.000000,0.203125,1,R,203012,203305,793.015625,794.160156,2.214844,2.000000,R,203306.000000,794.164062,1.148438,,target_onset_to_click_pulse,False,True,True,False,False,False,False,0.000000,False,False,none
B,Task-2,VisualCogB_Task-2.mat,92,256.000000,-1,L,204593,204644,799.191406,799.390625,0.203125,-1,L,205161,205531,801.410156,802.855469,2.218750,-2.000000,L,205532.000000,802.859375,1.449219,,target_onset_to_click_pulse,True,True,True,False,False,False,False,0.000000,False,False,none
B,Task-2,VisualCogB_Task-2.mat,93,256.000000,1,R,206818,206869,807.882812,808.082031,0.203125,1,R,207385,207680,810.097656,811.250000,2.214844,2.000000,R,207681.000000,811.253906,1.156250,,target_onset_to_click_pulse,True,True,True,False,False,False,False,0.000000,False,False,none
B,Task-2,VisualCogB_Task-2.mat,94,256.000000,-1,L,208962,209014,816.257812,816.460938,0.207031,1,R,209530,209932,818.476562,820.046875,2.218750,2.000000,R,209933.000000,820.050781,1.574219,,target_onset_to_click_pulse,False,True,True,False,False,False,False,0.000000,False,False,none
B,Task-2,VisualCogB_Task-2.mat,95,256.000000,1,R,211219,211270,825.074219,825.273438,0.203125,1,R,211786,212075,827.289062,828.417969,2.214844,2.000000,R,212076.000000,828.421875,1.132812,,target_onset_to_click_pulse,True,True,True,False,False,False,False,0.000000,False,False,none
B,Task-2,VisualCogB_Task-2.mat,96,256.000000,1,R,213363,213414,833.449219,833.648438,0.203125,-1,L,213931,214365,835.667969,837.363281,2.218750,-2.000000,L,214366.000000,837.367188,1.699219,,target_onset_to_click_pulse,False,True,True,False,False,False,False,0.000000,False,False,none
B,Task-2,VisualCogB_Task-2.mat,97,256.000000,-1,L,215651,215703,842.386719,842.589844,0.207031,-1,L,216219,216653,844.605469,846.300781,2.218750,-2.000000,L,216654.000000,846.304688,1.699219,,target_onset_to_click_pulse,True,True,True,False,False,False,False,0.000000,False,False,none
B,Task-2,VisualCogB_Task-2.mat,98,256.000000,-1,L,217940,217991,851.328125,851.527344,0.203125,-1,L,218508,218859,853.546875,854.917969,2.218750,-2.000000,L,218860.000000,854.921875,1.375000,,target_onset_to_click_pulse,True,True,True,False,False,False,False,0.000000,False,False,none
B,Task-2,VisualCogB_Task-2.mat,99,256.000000,1,R,220148,220199,859.953125,860.152344,0.203125,-1,L,220716,221039,862.171875,863.433594,2.218750,-2.000000,L,221040.000000,863.437500,1.265625,,target_onset_to_click_pulse,False,True,True,False,False,False,False,0.000000,False,False,none
B,Task-2,VisualCogB_Task-2.mat,100,256.000000,-1,L,222325,222376,868.457031,868.656250,0.203125,1,R,222892,223191,870.671875,871.839844,2.214844,2.000000,R,223192.000000,871.843750,1.171875,,target_onset_to_click_pulse,False,True,True,False,False,False,False,0.000000,False,False,none
