file,subject,task,trial_id,direction,evaluation,scope,fold,predicted_direction,score_R_minus_L,feature_Fz,feature_F3,feature_F4
A_Task-1,A,Task-1,1,L,within_A_Task-1,within_record,block_1,R,0.0391029798,-0.317571898,0.0971859895,0.259488889
A_Task-1,A,Task-1,2,R,within_A_Task-1,within_record,block_1,L,-0.491390298,-0.13770882,0.260985812,-0.614667289
A_Task-1,A,Task-1,4,L,within_A_Task-1,within_record,block_1,L,-0.28305097,-0.0236890492,-0.531681111,0.27231919
A_Task-1,A,Task-1,5,R,within_A_Task-1,within_record,block_1,R,0.330999867,0.415973502,0.0821650051,-0.16713864
A_Task-1,A,Task-1,6,L,within_A_Task-1,within_record,block_1,R,0.695811862,0.222132383,0.482334566,-0.00865508691
A_Task-1,A,Task-1,7,L,within_A_Task-1,within_record,block_1,R,0.726327757,0.617836926,0.195805853,-0.0873150219
A_Task-1,A,Task-1,8,L,within_A_Task-1,within_record,block_1,L,-0.639078044,0.322352131,0.131268293,-1.09269847
A_Task-1,A,Task-1,9,R,within_A_Task-1,within_record,block_1,R,0.246739342,0.240754485,0.438989284,-0.433004428
A_Task-1,A,Task-1,10,R,within_A_Task-1,within_record,block_1,R,0.932029839,0.99747552,0.491562265,-0.557007945
A_Task-1,A,Task-1,11,R,within_A_Task-1,within_record,block_1,R,0.493459711,0.551813478,0.476527938,-0.534881706
A_Task-1,A,Task-1,12,R,within_A_Task-1,within_record,block_1,R,0.391531176,1.09966694,0.467126504,-1.17526226
A_Task-1,A,Task-1,13,L,within_A_Task-1,within_record,block_1,L,-0.115230521,0.420817292,0.29346518,-0.829512993
A_Task-1,A,Task-1,15,R,within_A_Task-1,within_record,block_1,L,-0.920545715,0.587715487,0.40531127,-1.91357247
A_Task-1,A,Task-1,16,L,within_A_Task-1,within_record,block_1,R,0.445102161,0.616504487,0.399850223,-0.571252549
A_Task-1,A,Task-1,17,R,within_A_Task-1,within_record,block_1,R,0.954231955,0.948950203,0.685873207,-0.680591455
A_Task-1,A,Task-1,18,L,within_A_Task-1,within_record,block_1,R,0.19157634,0.349995571,0.458631717,-0.617050948
A_Task-1,A,Task-1,19,L,within_A_Task-1,within_record,block_1,R,1.07247189,0.7429095,0.967995749,-0.638433355
A_Task-1,A,Task-1,21,L,within_A_Task-1,within_record,block_2,R,1.36132286,0.338071444,1.12418353,-0.10093211
A_Task-1,A,Task-1,23,R,within_A_Task-1,within_record,block_2,L,-8.12987826,0.504880474,-8.16351564,-0.471243089
A_Task-1,A,Task-1,24,L,within_A_Task-1,within_record,block_2,R,2.29101173,1.04781385,1.49524981,-0.252051926
A_Task-1,A,Task-1,25,L,within_A_Task-1,within_record,block_2,R,2.37519261,0.391087654,1.94071754,0.0433874176
A_Task-1,A,Task-1,26,R,within_A_Task-1,within_record,block_2,R,3.43478795,1.37576073,2.34341628,-0.284389056
A_Task-1,A,Task-1,28,L,within_A_Task-1,within_record,block_2,R,3.27237341,1.18192451,2.19611997,-0.105671074
A_Task-1,A,Task-1,29,L,within_A_Task-1,within_record,block_2,R,2.45541291,1.09042366,1.27465425,0.0903350046
A_Task-1,A,Task-1,30,L,within_A_Task-1,within_record,block_2,R,0.701083661,-0.0132662204,0.681754067,0.0325958145
A_Task-1,A,Task-1,31,L,within_A_Task-1,within_record,block_2,R,2.87804052,0.564326595,2.24025489,0.0734590365
A_Task-1,A,Task-1,32,R,within_A_Task-1,within_record,block_2,R,4.84374241,1.19422294,3.5649444,0.0845750693
A_Task-1,A,Task-1,33,R,within_A_Task-1,within_record,block_2,R,0.384632006,0.110167733,0.238497375,0.0359668975
A_Task-1,A,Task-1,34,L,within_A_Task-1,within_record,block_2,R,1.45830839,0.687533058,0.668414269,0.102361066
A_Task-1,A,Task-1,35,R,within_A_Task-1,within_record,block_2,R,3.05410449,0.960687917,2.0129884,0.0804281654
A_Task-1,A,Task-1,38,L,within_A_Task-1,within_record,block_2,R,1.19497624,0.121854781,1.00620045,0.0669210137
A_Task-1,A,Task-1,42,R,within_A_Task-1,within_record,block_3,L,-4.00632139,0.105549956,0.980707054,-5.0925784
A_Task-1,A,Task-1,43,L,within_A_Task-1,within_record,block_3,R,1.60988723,-0.239894198,-0.558960141,2.40874157
A_Task-1,A,Task-1,44,R,within_A_Task-1,within_record,block_3,L,-0.576168568,-0.107449976,-0.486407867,0.0176892748
A_Task-1,A,Task-1,45,L,within_A_Task-1,within_record,block_3,R,1.62877293,-0.0940104847,-0.0014756522,1.72425907
A_Task-1,A,Task-1,47,L,within_A_Task-1,within_record,block_3,L,-1.10215163,0.0791975301,0.132968352,-1.31431751
A_Task-1,A,Task-1,48,R,within_A_Task-1,within_record,block_3,R,1.2186665,-0.315402195,-1.05240497,2.58647367
A_Task-1,A,Task-1,49,L,within_A_Task-1,within_record,block_3,L,-0.733117263,0.191404052,0.634251246,-1.55877256
A_Task-1,A,Task-1,50,L,within_A_Task-1,within_record,block_3,L,-0.359254481,-0.0798122977,0.0455447784,-0.324986961
A_Task-1,A,Task-1,51,R,within_A_Task-1,within_record,block_3,L,-0.382371009,0.153586535,-0.338468975,-0.19748857
A_Task-1,A,Task-1,52,R,within_A_Task-1,within_record,block_3,L,-8.61312962,-0.321319536,0.516074429,-8.80788451
A_Task-1,A,Task-1,54,L,within_A_Task-1,within_record,block_3,L,-6.74657345,0.0998756839,1.07492593,-7.92137506
A_Task-1,A,Task-1,55,R,within_A_Task-1,within_record,block_3,R,0.816348285,0.153432827,1.73763133,-1.07471587
A_Task-1,A,Task-1,56,L,within_A_Task-1,within_record,block_3,R,2.42627133,-0.136946949,0.552468942,2.01074934
A_Task-1,A,Task-1,57,L,within_A_Task-1,within_record,block_3,R,0.536841469,-0.0514520262,-0.232517955,0.820811451
A_Task-1,A,Task-1,58,R,within_A_Task-1,within_record,block_3,R,2.07293534,-0.122694614,-0.170070128,2.36570008
A_Task-1,A,Task-1,59,R,within_A_Task-1,within_record,block_3,R,1.1475842,-0.109929803,-0.192107825,1.44962182
A_Task-1,A,Task-1,61,R,within_A_Task-1,within_record,block_4,R,0.836249267,0.858350241,0.345206041,-0.367307014
A_Task-1,A,Task-1,62,L,within_A_Task-1,within_record,block_4,R,5.48302935,-1.8438331,2.86098406,4.46587839
A_Task-1,A,Task-1,63,R,within_A_Task-1,within_record,block_4,R,5.42991267,-0.936273985,2.10972896,4.25645769
A_Task-1,A,Task-1,64,R,within_A_Task-1,within_record,block_4,L,-1.77639774,0.460722875,-0.858006471,-1.37911415
A_Task-1,A,Task-1,65,L,within_A_Task-1,within_record,block_4,L,-2.2516463,-0.0160654825,-0.519312333,-1.71626848
A_Task-1,A,Task-1,66,R,within_A_Task-1,within_record,block_4,R,5.38400517,-1.85260715,2.60998518,4.62662714
A_Task-1,A,Task-1,67,L,within_A_Task-1,within_record,block_4,L,-1.17156118,-0.335860785,-0.655992004,-0.179708395
A_Task-1,A,Task-1,68,L,within_A_Task-1,within_record,block_4,R,3.47314853,-1.2278488,1.88405745,2.81693989
A_Task-1,A,Task-1,69,R,within_A_Task-1,within_record,block_4,R,5.12974182,-1.47947853,0.85660517,5.75261517
A_Task-1,A,Task-1,70,R,within_A_Task-1,within_record,block_4,L,-0.55481229,0.169412783,-0.227831867,-0.496393205
A_Task-1,A,Task-1,71,L,within_A_Task-1,within_record,block_4,R,2.26136055,-0.572025872,1.17546915,1.65791727
A_Task-1,A,Task-1,72,R,within_A_Task-1,within_record,block_4,R,1.35166517,-0.846939539,1.83043272,0.368171987
A_Task-1,A,Task-1,73,L,within_A_Task-1,within_record,block_4,L,-2.23794258,0.342873464,-0.483384974,-2.09743107
A_Task-1,A,Task-1,74,R,within_A_Task-1,within_record,block_4,R,1.40430313,0.592573724,0.462503735,0.349225674
A_Task-1,A,Task-1,75,L,within_A_Task-1,within_record,block_4,L,-4.53046432,0.231254092,-0.0464289085,-4.7152895
A_Task-1,A,Task-1,76,R,within_A_Task-1,within_record,block_4,R,0.0421634686,0.618916988,-0.556898211,-0.019855308
A_Task-1,A,Task-1,78,L,within_A_Task-1,within_record,block_4,R,23.1806823,0.651411857,7.42296006,15.1063104
A_Task-1,A,Task-1,79,L,within_A_Task-1,within_record,block_4,R,1.48895631,-0.0226831997,0.6671917,0.844447813
A_Task-1,A,Task-1,80,L,within_A_Task-1,within_record,block_4,R,2.3658702,-1.27037054,1.74616004,1.8900807
A_Task-1,A,Task-1,81,L,within_A_Task-1,within_record,block_5,L,-0.464354045,-0.774665289,-0.339535404,0.649846648
A_Task-1,A,Task-1,82,R,within_A_Task-1,within_record,block_5,R,1.34563816,0.576682247,0.448931628,0.320024289
A_Task-1,A,Task-1,83,L,within_A_Task-1,within_record,block_5,L,-0.695229262,-1.80144834,-1.0591766,2.16539568
A_Task-1,A,Task-1,84,R,within_A_Task-1,within_record,block_5,R,0.159691594,-0.809273934,-0.139497065,1.10846259
A_Task-1,A,Task-1,85,L,within_A_Task-1,within_record,block_5,L,-0.678688319,0.597188931,-0.171956301,-1.10392095
A_Task-1,A,Task-1,86,R,within_A_Task-1,within_record,block_5,L,-1.56778159,0.255073215,0.319568094,-2.1424229
A_Task-1,A,Task-1,87,R,within_A_Task-1,within_record,block_5,R,0.148412649,-1.57962233,-0.29454846,2.02258344
A_Task-1,A,Task-1,89,R,within_A_Task-1,within_record,block_5,L,-0.394792464,-0.845742705,-0.156196805,0.607147046
A_Task-1,A,Task-1,90,R,within_A_Task-1,within_record,block_5,R,0.344567639,-1.02839436,-0.178415433,1.55137744
A_Task-1,A,Task-1,91,L,within_A_Task-1,within_record,block_5,R,0.0855577651,0.741086047,0.113130609,-0.768658891
A_Task-1,A,Task-1,92,R,within_A_Task-1,within_record,block_5,R,0.800244271,-0.00856218671,0.0335167995,0.775289658
A_Task-1,A,Task-1,93,R,within_A_Task-1,within_record,block_5,L,-0.618639075,-1.43570603,-0.706224357,1.52329131
A_Task-1,A,Task-1,94,R,within_A_Task-1,within_record,block_5,R,0.078744648,-0.812262973,-0.250651001,1.14165862
A_Task-1,A,Task-1,95,L,within_A_Task-1,within_record,block_5,R,0.155632297,0.106459408,0.165691775,-0.116518886
A_Task-1,A,Task-1,96,R,within_A_Task-1,within_record,block_5,R,0.0873655221,-0.999032731,-0.494550714,1.58094897
A_Task-1,A,Task-1,97,R,within_A_Task-1,within_record,block_5,R,5.77278149,1.63519402,-1.99682423,6.1344117
A_Task-1,A,Task-1,98,L,within_A_Task-1,within_record,block_5,R,0.258290423,0.235115464,0.497369921,-0.474194962
A_Task-1,A,Task-1,99,L,within_A_Task-1,within_record,block_5,R,0.0452873225,-0.93468592,-0.527574128,1.50754737
A_Task-1,A,Task-1,100,R,within_A_Task-1,within_record,block_5,L,-0.611672988,-0.448259864,-0.382550415,0.219137291
A_Task-2,A,Task-2,1,R,within_A_Task-2,within_record,block_1,R,1.62215001,-0.376605967,0.521598863,1.47715711
A_Task-2,A,Task-2,2,L,within_A_Task-2,within_record,block_1,R,0.395072111,-0.399655631,0.148546591,0.646181151
A_Task-2,A,Task-2,3,L,within_A_Task-2,within_record,block_1,R,0.346427606,-0.664114801,0.172796818,0.837745588
A_Task-2,A,Task-2,4,L,within_A_Task-2,within_record,block_1,R,0.325835213,-0.550350385,0.141796852,0.734388747
A_Task-2,A,Task-2,5,R,within_A_Task-2,within_record,block_1,R,0.66308418,-0.00826068351,0.231507798,0.439837065
A_Task-2,A,Task-2,6,L,within_A_Task-2,within_record,block_1,L,-0.181118078,2.25125228,-0.129970124,-2.30240024
A_Task-2,A,Task-2,7,R,within_A_Task-2,within_record,block_1,L,-0.0735834979,-0.622073005,0.062378193,0.486111314
A_Task-2,A,Task-2,8,R,within_A_Task-2,within_record,block_1,L,-0.172162408,1.65502836,-0.10464305,-1.72254772
A_Task-2,A,Task-2,9,L,within_A_Task-2,within_record,block_1,R,0.47069509,0.739464753,0.067670673,-0.336440335
A_Task-2,A,Task-2,10,L,within_A_Task-2,within_record,block_1,R,0.60028121,-0.49777434,0.281184869,0.816870681
A_Task-2,A,Task-2,11,R,within_A_Task-2,within_record,block_1,L,-0.576791733,0.906131206,-0.00187521476,-1.48104772
A_Task-2,A,Task-2,12,R,within_A_Task-2,within_record,block_1,R,1.11699949,-1.59203384,0.521916193,2.18711714
A_Task-2,A,Task-2,13,R,within_A_Task-2,within_record,block_1,R,1.56906063,3.17379968,0.177514953,-1.78225401
A_Task-2,A,Task-2,14,L,within_A_Task-2,within_record,block_1,L,-0.3094244,0.792314742,-0.12703262,-0.974706522
A_Task-2,A,Task-2,15,L,within_A_Task-2,within_record,block_1,L,-0.918734176,0.30892332,-0.253241368,-0.974416128
A_Task-2,A,Task-2,16,L,within_A_Task-2,within_record,block_1,R,0.431161299,0.393499927,0.0501431196,-0.0124817478
A_Task-2,A,Task-2,17,R,within_A_Task-2,within_record,block_1,R,0.375218342,-1.76963038,0.277637548,1.86721118
A_Task-2,A,Task-2,18,R,within_A_Task-2,within_record,block_1,R,0.762223188,0.328160175,0.218393217,0.215669796
A_Task-2,A,Task-2,19,L,within_A_Task-2,within_record,block_1,R,0.0117846628,0.369200523,-0.152343769,-0.205072091
A_Task-2,A,Task-2,20,L,within_A_Task-2,within_record,block_1,L,-0.36390731,1.21809243,-0.0748556154,-1.50714413
A_Task-2,A,Task-2,21,R,within_A_Task-2,within_record,block_2,R,4.09611023,3.37793067,1.8195929,-1.10141333
A_Task-2,A,Task-2,22,L,within_A_Task-2,within_record,block_2,R,3.57136077,3.53171092,1.04293826,-1.00328841
A_Task-2,A,Task-2,23,R,within_A_Task-2,within_record,block_2,L,-1.44660834,-1.51493193,-0.041232182,0.109555764
A_Task-2,A,Task-2,24,R,within_A_Task-2,within_record,block_2,R,1.30401192,0.57290719,0.643914515,0.0871902151
A_Task-2,A,Task-2,25,L,within_A_Task-2,within_record,block_2,R,3.33173767,3.24176388,1.07344341,-0.983469627
A_Task-2,A,Task-2,26,L,within_A_Task-2,within_record,block_2,L,-1.44447416,-1.42570041,-0.33115311,0.312379358
A_Task-2,A,Task-2,27,R,within_A_Task-2,within_record,block_2,R,3.72175741,3.30071251,1.33308497,-0.912040066
A_Task-2,A,Task-2,28,R,within_A_Task-2,within_record,block_2,R,2.6602457,2.29519151,0.958713825,-0.593659628
A_Task-2,A,Task-2,29,R,within_A_Task-2,within_record,block_2,R,3.73637454,3.38600104,1.36575138,-1.01537788
A_Task-2,A,Task-2,31,L,within_A_Task-2,within_record,block_2,L,-0.783587642,-0.684267423,0.115476607,-0.214796825
A_Task-2,A,Task-2,32,L,within_A_Task-2,within_record,block_2,R,0.986819973,0.193773832,0.574648002,0.21839814
A_Task-2,A,Task-2,34,L,within_A_Task-2,within_record,block_2,R,1.28341605,2.33514271,-0.0249028437,-1.02682381
A_Task-2,A,Task-2,35,L,within_A_Task-2,within_record,block_2,L,-1.15646883,-1.44978291,-0.27369221,0.567006283
A_Task-2,A,Task-2,36,R,within_A_Task-2,within_record,block_2,L,-0.117427134,-0.637989216,0.249834143,0.270727939
A_Task-2,A,Task-2,37,R,within_A_Task-2,within_record,block_2,L,-5.17064345,-3.62574037,-2.28728553,0.742382448
A_Task-2,A,Task-2,38,L,within_A_Task-2,within_record,block_2,R,0.0613197282,-0.232454732,0.0979419791,0.195832481
A_Task-2,A,Task-2,40,L,within_A_Task-2,within_record,block_2,R,1.14920333,0.522700796,0.603230456,0.02327208
A_Task-2,A,Task-2,42,L,within_A_Task-2,within_record,block_3,L,-1.31270045,-1.13272389,-0.215492674,0.0355161156
A_Task-2,A,Task-2,43,L,within_A_Task-2,within_record,block_3,R,3.14597644,2.25295697,0.913091098,-0.0200716314
A_Task-2,A,Task-2,44,L,within_A_Task-2,within_record,block_3,R,3.95054854,2.27287091,1.64787774,0.029799893
A_Task-2,A,Task-2,46,L,within_A_Task-2,within_record,block_3,R,0.874098427,0.389001963,0.388230941,0.0968655221
A_Task-2,A,Task-2,47,L,within_A_Task-2,within_record,block_3,L,-1.05407729,-1.07177834,0.0916449188,-0.0739438674
A_Task-2,A,Task-2,48,L,within_A_Task-2,within_record,block_3,R,0.235547886,0.0422694937,0.102847461,0.0904309316
A_Task-2,A,Task-2,49,R,within_A_Task-2,within_record,block_3,R,0.310754348,-0.467712157,0.62814968,0.150316825
A_Task-2,A,Task-2,50,R,within_A_Task-2,within_record,block_3,L,-0.540962454,0.177695267,-1.01868935,0.300031627
A_Task-2,A,Task-2,51,L,within_A_Task-2,within_record,block_3,L,-5.16736041,-2.73807496,-2.85447222,0.425186771
A_Task-2,A,Task-2,52,R,within_A_Task-2,within_record,block_3,R,2.29840462,1.47933791,0.947827014,-0.128760303
A_Task-2,A,Task-2,53,R,within_A_Task-2,within_record,block_3,L,-0.112862783,-0.343698207,0.191849691,0.0389857331
A_Task-2,A,Task-2,54,L,within_A_Task-2,within_record,block_3,R,2.26420928,1.69863907,0.586768731,-0.0211985199
A_Task-2,A,Task-2,55,L,within_A_Task-2,within_record,block_3,R,2.82497087,0.302866435,2.23304151,0.289062924
A_Task-2,A,Task-2,56,R,within_A_Task-2,within_record,block_3,R,2.50613153,1.9984643,0.619709261,-0.11204203
A_Task-2,A,Task-2,57,R,within_A_Task-2,within_record,block_3,R,5.50009591,2.11842688,2.47880107,0.902867955
A_Task-2,A,Task-2,58,R,within_A_Task-2,within_record,block_3,R,3.4960204,2.12416542,1.39600576,-0.024150773
A_Task-2,A,Task-2,59,R,within_A_Task-2,within_record,block_3,R,3.01254812,1.78818173,1.41144566,-0.187079271
A_Task-2,A,Task-2,60,R,within_A_Task-2,within_record,block_3,L,-0.925015566,-0.347397374,-0.576747619,-0.000870573943
A_Task-2,A,Task-2,61,L,within_A_Task-2,within_record,block_4,L,-1.21884232,-0.944911589,-0.307407762,0.0334770342
A_Task-2,A,Task-2,62,R,within_A_Task-2,within_record,block_4,R,3.65072086,3.41291415,0.259016019,-0.021209305
A_Task-2,A,Task-2,64,L,within_A_Task-2,within_record,block_4,R,0.638826521,1.39731974,-0.725688051,-0.0328051735
A_Task-2,A,Task-2,65,R,within_A_Task-2,within_record,block_4,R,3.13027573,2.73972141,0.364237521,0.0263167981
A_Task-2,A,Task-2,66,L,within_A_Task-2,within_record,block_4,R,4.92489356,4.06184555,0.934346887,-0.0712988772
A_Task-2,A,Task-2,67,R,within_A_Task-2,within_record,block_4,R,0.486272513,0.777645813,-0.182628882,-0.108744418
A_Task-2,A,Task-2,68,R,within_A_Task-2,within_record,block_4,R,5.14715841,4.73252984,0.562140729,-0.147512152
A_Task-2,A,Task-2,69,L,within_A_Task-2,within_record,block_4,L,-2.99696191,-2.68133833,-0.518466019,0.202842435
A_Task-2,A,Task-2,70,L,within_A_Task-2,within_record,block_4,R,5.7419923,5.11373046,0.673152205,-0.0448903569
A_Task-2,A,Task-2,71,R,within_A_Task-2,within_record,block_4,L,-2.16766094,-1.85445664,-0.355874069,0.0426697738
A_Task-2,A,Task-2,72,R,within_A_Task-2,within_record,block_4,L,-2.14805003,-1.85697896,-0.250277399,-0.0407936753
A_Task-2,A,Task-2,73,R,within_A_Task-2,within_record,block_4,R,2.94888207,2.7500093,0.225165551,-0.0262927786
A_Task-2,A,Task-2,74,R,within_A_Task-2,within_record,block_4,R,3.31009866,2.96484816,0.353474451,-0.00822395796
A_Task-2,A,Task-2,75,L,within_A_Task-2,within_record,block_4,L,-0.297534368,-0.104321185,-0.136125162,-0.0570880216
A_Task-2,A,Task-2,76,L,within_A_Task-2,within_record,block_4,R,0.0049395158,-0.0392138442,-0.144140687,0.188294047
A_Task-2,A,Task-2,77,L,within_A_Task-2,within_record,block_4,R,4.2453877,3.87383389,0.303419614,0.0681342025
A_Task-2,A,Task-2,78,R,within_A_Task-2,within_record,block_4,R,5.3760546,4.4603776,0.96362694,-0.0479499353
A_Task-2,A,Task-2,79,L,within_A_Task-2,within_record,block_4,L,-0.430228863,-0.581921322,0.0733876235,0.078304835
A_Task-2,A,Task-2,81,L,within_A_Task-2,within_record,block_5,R,9.42169778,5.89309969,1.83694309,1.691655
A_Task-2,A,Task-2,82,R,within_A_Task-2,within_record,block_5,L,-12.0557513,-8.57052886,-1.68788979,-1.7973327
A_Task-2,A,Task-2,83,R,within_A_Task-2,within_record,block_5,R,5.62997462,3.88106491,0.693917064,1.05499264
A_Task-2,A,Task-2,84,L,within_A_Task-2,within_record,block_5,R,5.90953393,4.06968694,1.13242781,0.707419172
A_Task-2,A,Task-2,85,R,within_A_Task-2,within_record,block_5,R,5.13711828,3.15533088,1.19825895,0.78352845
A_Task-2,A,Task-2,87,L,within_A_Task-2,within_record,block_5,L,-2.15983459,-1.39897828,-0.752922506,-0.0079338073
A_Task-2,A,Task-2,88,R,within_A_Task-2,within_record,block_5,L,-2.15906744,-0.816690539,-1.06094513,-0.281431764
A_Task-2,A,Task-2,89,L,within_A_Task-2,within_record,block_5,R,4.85811767,3.11258671,0.804020202,0.941510764
A_Task-2,A,Task-2,90,L,within_A_Task-2,within_record,block_5,R,4.42603808,3.42737161,0.544263391,0.454403079
A_Task-2,A,Task-2,91,L,within_A_Task-2,within_record,block_5,L,-1.82950503,-1.38315983,0.0211942304,-0.467539423
A_Task-2,A,Task-2,92,L,within_A_Task-2,within_record,block_5,L,-0.822669782,0.630907066,-1.58279297,0.129216122
A_Task-2,A,Task-2,93,R,within_A_Task-2,within_record,block_5,R,6.52308139,4.32221545,1.23253155,0.968334393
A_Task-2,A,Task-2,94,L,within_A_Task-2,within_record,block_5,R,10.702849,5.18060904,4.02677167,1.4954683
A_Task-2,A,Task-2,95,L,within_A_Task-2,within_record,block_5,R,6.68242537,4.50585531,1.01995549,1.15661457
A_Task-2,A,Task-2,96,L,within_A_Task-2,within_record,block_5,L,-2.63475008,-1.13125604,-1.00521448,-0.49827956
A_Task-2,A,Task-2,97,L,within_A_Task-2,within_record,block_5,L,-4.83325801,-3.28267068,-0.809875863,-0.740711465
A_Task-2,A,Task-2,98,L,within_A_Task-2,within_record,block_5,R,2.07158306,1.11812507,0.549409,0.404048992
A_Task-2,A,Task-2,99,L,within_A_Task-2,within_record,block_5,L,-2.23950846,-1.77372137,-0.158089621,-0.307697468
A_Task-2,A,Task-2,100,L,within_A_Task-2,within_record,block_5,R,5.73183202,3.88650112,0.77359321,1.07173769
B_Task-1,B,Task-1,1,L,within_B_Task-1,within_record,block_1,R,4.53286744,1.57515187,1.55239891,1.40531666
B_Task-1,B,Task-1,2,L,within_B_Task-1,within_record,block_1,L,-3.83394647,-1.68752084,-1.20098344,-0.945442186
B_Task-1,B,Task-1,3,R,within_B_Task-1,within_record,block_1,L,-2.81375141,-1.93157295,-0.220931019,-0.661247445
B_Task-1,B,Task-1,4,L,within_B_Task-1,within_record,block_1,L,-2.0171159,-1.48557465,-0.6810377,0.149496455
B_Task-1,B,Task-1,5,R,within_B_Task-1,within_record,block_1,L,-0.862754938,0.279846725,-0.779708594,-0.36289307
B_Task-1,B,Task-1,6,R,within_B_Task-1,within_record,block_1,R,11.8005594,-12.9394929,12.6538479,12.0862044
B_Task-1,B,Task-1,7,R,within_B_Task-1,within_record,block_1,L,-0.954493517,-0.80481651,0.777554234,-0.927231241
B_Task-1,B,Task-1,8,L,within_B_Task-1,within_record,block_1,L,-3.5531987,-1.51252012,-1.96853826,-0.0721403271
B_Task-1,B,Task-1,9,L,within_B_Task-1,within_record,block_1,L,-6.18842868,-2.81432775,-3.4133323,0.0392313676
B_Task-1,B,Task-1,10,L,within_B_Task-1,within_record,block_1,R,1.44100962,3.0387477,-0.049670505,-1.54806758
B_Task-1,B,Task-1,11,R,within_B_Task-1,within_record,block_1,R,0.472313746,1.0798884,-1.38786251,0.780287863
B_Task-1,B,Task-1,12,L,within_B_Task-1,within_record,block_1,R,8.7012455,3.82590571,1.78197246,3.09336733
B_Task-1,B,Task-1,13,R,within_B_Task-1,within_record,block_1,R,9.14347508,4.80971209,2.36642256,1.96734043
B_Task-1,B,Task-1,15,L,within_B_Task-1,within_record,block_1,L,-1.30973565,-0.1230341,0.71321482,-1.89991637
B_Task-1,B,Task-1,16,R,within_B_Task-1,within_record,block_1,R,5.83778487,3.29858027,1.05093861,1.48826599
B_Task-1,B,Task-1,17,L,within_B_Task-1,within_record,block_1,R,3.7981813,-3.92538778,6.25163339,1.47193568
B_Task-1,B,Task-1,18,L,within_B_Task-1,within_record,block_1,R,4.96793434,-1.7569047,3.43971502,3.28512402
B_Task-1,B,Task-1,19,R,within_B_Task-1,within_record,block_1,L,-0.7601999,-1.18984208,0.685858217,-0.256216039
B_Task-1,B,Task-1,20,L,within_B_Task-1,within_record,block_1,R,9.00429394,-5.09578378,11.356485,2.74359268
B_Task-1,B,Task-1,21,R,within_B_Task-1,within_record,block_2,L,-3.54391349,-2.04063707,-0.884497987,-0.618778434
B_Task-1,B,Task-1,22,R,within_B_Task-1,within_record,block_2,R,0.6605147,0.806077153,0.449289524,-0.594851977
B_Task-1,B,Task-1,24,R,within_B_Task-1,within_record,block_2,R,2.07133403,-7.74447325,5.30533361,4.51047367
B_Task-1,B,Task-1,26,R,within_B_Task-1,within_record,block_2,L,-4.0660817,1.12797812,-0.978589656,-4.21547017
B_Task-1,B,Task-1,27,R,within_B_Task-1,within_record,block_2,R,5.72978631,3.30068651,0.800152785,1.62894702
B_Task-1,B,Task-1,28,R,within_B_Task-1,within_record,block_2,R,4.00012753,0.265071512,1.21715203,2.51790399
B_Task-1,B,Task-1,29,R,within_B_Task-1,within_record,block_2,R,8.49785087,4.39374544,1.61840499,2.48570044
B_Task-1,B,Task-1,30,L,within_B_Task-1,within_record,block_2,L,-1.94148155,-0.818216229,0.519439468,-1.64270479
B_Task-1,B,Task-1,31,R,within_B_Task-1,within_record,block_2,L,-2.40779139,-0.82217847,-0.296618192,-1.28899473
B_Task-1,B,Task-1,32,L,within_B_Task-1,within_record,block_2,L,-3.43537517,-1.43732993,-1.59154696,-0.406498277
B_Task-1,B,Task-1,33,L,within_B_Task-1,within_record,block_2,L,-1.90772503,-0.651269481,-0.940273723,-0.316181826
B_Task-1,B,Task-1,34,R,within_B_Task-1,within_record,block_2,R,9.82194574,6.13175465,1.26506685,2.42512424
B_Task-1,B,Task-1,35,L,within_B_Task-1,within_record,block_2,R,0.874334195,-0.757220579,0.539196371,1.0923584
B_Task-1,B,Task-1,37,L,within_B_Task-1,within_record,block_2,R,1.13014816,-1.36514202,4.37409713,-1.87880695
B_Task-1,B,Task-1,38,L,within_B_Task-1,within_record,block_2,L,-3.72484116,-1.14313658,-1.4973684,-1.08433617
B_Task-1,B,Task-1,39,R,within_B_Task-1,within_record,block_2,R,1.72451142,0.693203552,0.484325361,0.54698251
B_Task-1,B,Task-1,40,R,within_B_Task-1,within_record,block_2,L,-1.59049275,-0.371270716,0.197923076,-1.41714511
B_Task-1,B,Task-1,41,L,within_B_Task-1,within_record,block_3,R,0.41930877,0.181292717,0.0763684983,0.161647555
B_Task-1,B,Task-1,42,R,within_B_Task-1,within_record,block_3,L,-2.23962045,-3.91410462,1.18702327,0.487460897
B_Task-1,B,Task-1,43,R,within_B_Task-1,within_record,block_3,L,-1.08030916,-0.735403295,-0.127843106,-0.21706276
B_Task-1,B,Task-1,44,R,within_B_Task-1,within_record,block_3,R,1.08726292,1.10681847,-0.100732026,0.0811764746
B_Task-1,B,Task-1,45,R,within_B_Task-1,within_record,block_3,R,2.52865604,1.61028566,0.530051388,0.388318991
B_Task-1,B,Task-1,47,L,within_B_Task-1,within_record,block_3,R,0.785193934,1.75828708,-0.11602504,-0.857068108
B_Task-1,B,Task-1,48,R,within_B_Task-1,within_record,block_3,R,1.2179372,0.000971735525,0.13002434,1.08694112
B_Task-1,B,Task-1,49,R,within_B_Task-1,within_record,block_3,R,1.22062366,1.02554098,-0.0785465538,0.273629229
B_Task-1,B,Task-1,51,R,within_B_Task-1,within_record,block_3,R,4.40904021,3.5964053,0.302513917,0.510120995
B_Task-1,B,Task-1,52,L,within_B_Task-1,within_record,block_3,R,2.96943025,2.23847774,0.295211084,0.435741425
B_Task-1,B,Task-1,53,R,within_B_Task-1,within_record,block_3,R,1.0597561,0.884064955,0.277977361,-0.102286221
B_Task-1,B,Task-1,55,R,within_B_Task-1,within_record,block_3,L,-0.0507693419,0.462994947,-0.827378929,0.31361464
B_Task-1,B,Task-1,56,L,within_B_Task-1,within_record,block_3,L,-0.110084947,-0.265790104,0.0737709412,0.0819342158
B_Task-1,B,Task-1,57,R,within_B_Task-1,within_record,block_3,R,2.85976541,3.12432921,0.0308542123,-0.295418017
B_Task-1,B,Task-1,58,R,within_B_Task-1,within_record,block_3,R,3.66032593,1.68238909,0.850601721,1.12733512
B_Task-1,B,Task-1,59,R,within_B_Task-1,within_record,block_3,L,-0.210603827,-0.267326928,-0.0755805523,0.132303654
B_Task-1,B,Task-1,60,R,within_B_Task-1,within_record,block_3,L,-1.38072139,-0.872330116,-0.287107864,-0.221283409
B_Task-1,B,Task-1,61,L,within_B_Task-1,within_record,block_4,R,1.48250458,1.00117149,-0.574626624,1.05595972
B_Task-1,B,Task-1,62,L,within_B_Task-1,within_record,block_4,L,-6.45822806,-1.57328357,-1.02236739,-3.8625771
B_Task-1,B,Task-1,63,R,within_B_Task-1,within_record,block_4,L,-2.49217401,-1.14228947,-0.643732236,-0.706152297
B_Task-1,B,Task-1,64,L,within_B_Task-1,within_record,block_4,L,-1.98953975,-0.973005978,-0.759920034,-0.256613738
B_Task-1,B,Task-1,65,L,within_B_Task-1,within_record,block_4,L,-8.20064165,-5.08536105,-0.958050818,-2.15722979
B_Task-1,B,Task-1,66,L,within_B_Task-1,within_record,block_4,R,2.51764094,5.6839221,-0.0537753931,-3.11250577
B_Task-1,B,Task-1,67,R,within_B_Task-1,within_record,block_4,R,3.63592118,2.5431073,0.392970859,0.699843025
B_Task-1,B,Task-1,68,R,within_B_Task-1,within_record,block_4,R,0.798678208,0.689199687,-0.368307721,0.477786242
B_Task-1,B,Task-1,69,L,within_B_Task-1,within_record,block_4,L,-0.614727976,-0.190004498,-1.01065785,0.585934372
B_Task-1,B,Task-1,70,L,within_B_Task-1,within_record,block_4,L,-3.78094571,-0.372575484,-1.55985189,-1.84851834
B_Task-1,B,Task-1,71,R,within_B_Task-1,within_record,block_4,L,-2.07337645,-0.42162919,-0.52290524,-1.12884202
B_Task-1,B,Task-1,72,R,within_B_Task-1,within_record,block_4,R,3.35961859,5.56656964,-0.649266839,-1.55768421
B_Task-1,B,Task-1,73,L,within_B_Task-1,within_record,block_4,L,-3.01770757,-1.18522509,-1.00572282,-0.826759663
B_Task-1,B,Task-1,74,L,within_B_Task-1,within_record,block_4,R,0.52080114,0.478057442,-1.10238586,1.14512956
B_Task-1,B,Task-1,75,R,within_B_Task-1,within_record,block_4,R,1.75577291,2.33871766,-0.213676756,-0.369267988
B_Task-1,B,Task-1,76,L,within_B_Task-1,within_record,block_4,R,2.24085082,-3.69656585,3.24233513,2.69508154
B_Task-1,B,Task-1,77,L,within_B_Task-1,within_record,block_4,R,1.08968954,1.03772672,-0.138788112,0.190750931
B_Task-1,B,Task-1,79,R,within_B_Task-1,within_record,block_4,R,0.557677214,0.460695085,0.196258073,-0.0992759441
B_Task-1,B,Task-1,80,L,within_B_Task-1,within_record,block_4,R,3.40540401,2.46106763,0.651390187,0.29294619
B_Task-1,B,Task-1,81,L,within_B_Task-1,within_record,block_5,L,-0.142753306,-1.5794155,1.77481875,-0.338156557
B_Task-1,B,Task-1,82,R,within_B_Task-1,within_record,block_5,R,9.20922368,4.40138066,3.20529273,1.60255029
B_Task-1,B,Task-1,83,L,within_B_Task-1,within_record,block_5,R,9.08795527,5.49004449,3.1599297,0.437981087
B_Task-1,B,Task-1,84,L,within_B_Task-1,within_record,block_5,R,0.206034228,0.998838071,-1.15009298,0.357289139
B_Task-1,B,Task-1,85,R,within_B_Task-1,within_record,block_5,L,-4.18027606,3.35346241,-2.10839104,-5.42534742
B_Task-1,B,Task-1,86,L,within_B_Task-1,within_record,block_5,L,-10.5665628,-3.26989445,-4.11562792,-3.18104046
B_Task-1,B,Task-1,87,L,within_B_Task-1,within_record,block_5,L,-2.51024556,-0.295128926,-1.05243417,-1.16268246
B_Task-1,B,Task-1,89,L,within_B_Task-1,within_record,block_5,R,18.149697,-9.8787607,15.6606959,12.3677618
B_Task-1,B,Task-1,90,L,within_B_Task-1,within_record,block_5,L,-9.93122671,-2.71975642,-3.62500749,-3.5864628
B_Task-1,B,Task-1,91,R,within_B_Task-1,within_record,block_5,L,-2.19908505,-0.270398451,-1.39227213,-0.536414472
B_Task-1,B,Task-1,93,L,within_B_Task-1,within_record,block_5,L,-1.44124366,-0.547084673,-0.387470354,-0.506688634
B_Task-1,B,Task-1,94,R,within_B_Task-1,within_record,block_5,L,-5.2938932,-1.60765694,-2.9442357,-0.742000555
B_Task-1,B,Task-1,95,L,within_B_Task-1,within_record,block_5,R,2.66889102,1.61120539,-0.30005229,1.35773792
B_Task-1,B,Task-1,96,R,within_B_Task-1,within_record,block_5,L,-2.707238,-1.28075553,-1.00893005,-0.417552419
B_Task-1,B,Task-1,97,L,within_B_Task-1,within_record,block_5,L,-7.55649324,7.89635037,-7.38930166,-8.06354195
B_Task-1,B,Task-1,98,R,within_B_Task-1,within_record,block_5,L,-2.12650845,-1.12872126,-1.03942557,0.0416383889
B_Task-1,B,Task-1,99,R,within_B_Task-1,within_record,block_5,R,0.363654745,-0.16389942,-0.810494363,1.33804853
B_Task-1,B,Task-1,100,R,within_B_Task-1,within_record,block_5,L,-6.83070431,1.21143664,-1.96722523,-6.07491573
B_Task-2,B,Task-2,1,L,within_B_Task-2,within_record,block_1,R,0.798403147,-0.048943808,0.0803802347,0.76696672
B_Task-2,B,Task-2,2,L,within_B_Task-2,within_record,block_1,R,1.21579645,0.441850913,-0.0218708207,0.795816353
B_Task-2,B,Task-2,3,L,within_B_Task-2,within_record,block_1,L,-0.414790394,-0.242432567,0.1153922,-0.287750028
B_Task-2,B,Task-2,4,R,within_B_Task-2,within_record,block_1,L,-0.827250107,-0.385902615,0.227645589,-0.668993081
B_Task-2,B,Task-2,5,L,within_B_Task-2,within_record,block_1,R,0.724351223,0.205078906,-0.0263822239,0.545654541
B_Task-2,B,Task-2,6,R,within_B_Task-2,within_record,block_1,R,0.672537556,0.0841847617,-0.0718153379,0.660168133
B_Task-2,B,Task-2,7,R,within_B_Task-2,within_record,block_1,L,-2.60398695,-1.17707157,0.338090709,-1.76500609
B_Task-2,B,Task-2,8,R,within_B_Task-2,within_record,block_1,L,-2.29881146,-1.03272901,0.271591694,-1.53767414
B_Task-2,B,Task-2,9,R,within_B_Task-2,within_record,block_1,L,-0.315467347,-0.179005762,0.138934093,-0.275395677
B_Task-2,B,Task-2,11,R,within_B_Task-2,within_record,block_1,L,-2.07662657,-1.05463546,0.253044402,-1.27503551
B_Task-2,B,Task-2,12,R,within_B_Task-2,within_record,block_1,R,1.11285606,0.348195825,0.0353653902,0.729294842
B_Task-2,B,Task-2,13,R,within_B_Task-2,within_record,block_1,R,0.522658062,0.218963696,-0.0964728933,0.40016726
B_Task-2,B,Task-2,15,R,within_B_Task-2,within_record,block_1,R,0.99931537,0.310077118,-0.0265629211,0.715801173
B_Task-2,B,Task-2,17,L,within_B_Task-2,within_record,block_1,L,-1.87445613,-0.738371397,-0.113075435,-1.0230093
B_Task-2,B,Task-2,18,R,within_B_Task-2,within_record,block_1,L,-0.697506572,-0.280625035,-0.0152375025,-0.401644034
B_Task-2,B,Task-2,19,R,within_B_Task-2,within_record,block_1,R,0.179041499,-0.0219541994,0.124116343,0.0768793547
B_Task-2,B,Task-2,20,L,within_B_Task-2,within_record,block_1,L,-3.62296692,-1.69166999,0.0449972001,-1.97629413
B_Task-2,B,Task-2,21,R,within_B_Task-2,within_record,block_2,R,6.86620649,1.63764498,3.5688674,1.65969411
B_Task-2,B,Task-2,22,R,within_B_Task-2,within_record,block_2,R,1.21098052,0.104010896,0.573962358,0.533007267
B_Task-2,B,Task-2,24,L,within_B_Task-2,within_record,block_2,R,11.6005257,2.26781168,7.2125278,2.12018626
B_Task-2,B,Task-2,25,L,within_B_Task-2,within_record,block_2,R,2.53233989,0.47191467,1.23949935,0.820925871
B_Task-2,B,Task-2,26,R,within_B_Task-2,within_record,block_2,R,3.16516262,0.856606718,1.31408452,0.994471374
B_Task-2,B,Task-2,27,L,within_B_Task-2,within_record,block_2,R,4.18769482,-0.007139225,4.25192202,-0.0570879708
B_Task-2,B,Task-2,28,L,within_B_Task-2,within_record,block_2,R,0.547493536,0.0639931023,0.548947266,-0.0654468327
B_Task-2,B,Task-2,29,L,within_B_Task-2,within_record,block_2,R,4.45490534,1.05297177,2.07838263,1.32355094
B_Task-2,B,Task-2,30,R,within_B_Task-2,within_record,block_2,L,-2.24782034,-0.379418085,-1.2588826,-0.609519658
B_Task-2,B,Task-2,31,R,within_B_Task-2,within_record,block_2,R,1.16724731,0.6536279,-0.168278235,0.68189764
B_Task-2,B,Task-2,32,R,within_B_Task-2,within_record,block_2,R,1.98541758,-0.00712910775,1.9938132,-0.00126651221
B_Task-2,B,Task-2,33,R,within_B_Task-2,within_record,block_2,R,5.51030134,1.4940562,2.40164529,1.61459984
B_Task-2,B,Task-2,34,R,within_B_Task-2,within_record,block_2,L,-0.342012276,-0.29136685,-0.148810331,0.0981649058
B_Task-2,B,Task-2,35,L,within_B_Task-2,within_record,block_2,L,-0.595138461,-0.563706344,0.578044209,-0.609476326
B_Task-2,B,Task-2,36,R,within_B_Task-2,within_record,block_2,R,3.09623296,1.08508387,1.09743012,0.913718974
B_Task-2,B,Task-2,37,L,within_B_Task-2,within_record,block_2,L,-2.8690743,-0.440333883,-1.94941599,-0.479324421
B_Task-2,B,Task-2,38,L,within_B_Task-2,within_record,block_2,L,-0.433788982,0.552207254,-1.59459797,0.608601735
B_Task-2,B,Task-2,39,R,within_B_Task-2,within_record,block_2,L,-1.77256845,-0.344351674,-1.00807581,-0.420140965
B_Task-2,B,Task-2,40,R,within_B_Task-2,within_record,block_2,R,3.55897984,0.980240775,1.47837741,1.10036166
B_Task-2,B,Task-2,41,R,within_B_Task-2,within_record,block_3,L,-1.2476388,-0.341522267,-0.293216988,-0.612899548
B_Task-2,B,Task-2,42,L,within_B_Task-2,within_record,block_3,R,4.09889713,1.22845295,1.24444734,1.62599684
B_Task-2,B,Task-2,44,R,within_B_Task-2,within_record,block_3,R,2.93706615,0.976682046,0.83209492,1.12828919
B_Task-2,B,Task-2,45,L,within_B_Task-2,within_record,block_3,L,-0.898942187,0.13970071,-0.598627247,-0.440015651
B_Task-2,B,Task-2,46,L,within_B_Task-2,within_record,block_3,R,3.59852251,1.23350105,1.0433472,1.32167425
B_Task-2,B,Task-2,47,R,within_B_Task-2,within_record,block_3,R,0.737416443,0.070606086,0.768578494,-0.101768136
B_Task-2,B,Task-2,48,L,within_B_Task-2,within_record,block_3,R,4.54886497,1.19770443,1.89080789,1.46035265
B_Task-2,B,Task-2,49,R,within_B_Task-2,within_record,block_3,R,3.00897241,0.826921819,1.27030199,0.9117486
B_Task-2,B,Task-2,51,L,within_B_Task-2,within_record,block_3,R,3.83759796,1.09810291,1.50396524,1.23552982
B_Task-2,B,Task-2,52,L,within_B_Task-2,within_record,block_3,R,2.24160534,0.865676891,0.406395343,0.969533108
B_Task-2,B,Task-2,53,R,within_B_Task-2,within_record,block_3,L,-0.483545435,-0.000398354147,-0.261577894,-0.221569187
B_Task-2,B,Task-2,55,R,within_B_Task-2,within_record,block_3,R,0.061858451,0.0405186416,0.285084594,-0.263744785
B_Task-2,B,Task-2,58,L,within_B_Task-2,within_record,block_3,R,0.895330124,0.399927569,-0.0957051554,0.591107711
B_Task-2,B,Task-2,59,L,within_B_Task-2,within_record,block_3,R,1.7624395,0.68557731,0.644877605,0.431984586
B_Task-2,B,Task-2,60,L,within_B_Task-2,within_record,block_3,R,4.38046383,1.32416947,1.6778137,1.37848066
B_Task-2,B,Task-2,61,L,within_B_Task-2,within_record,block_4,L,-1.73078785,-0.416599721,-0.216507398,-1.09768073
B_Task-2,B,Task-2,62,R,within_B_Task-2,within_record,block_4,L,-0.0323927576,-0.131155167,0.386981823,-0.288219413
B_Task-2,B,Task-2,63,L,within_B_Task-2,within_record,block_4,L,-1.65955002,-1.4364966,1.38779331,-1.61084673
B_Task-2,B,Task-2,64,L,within_B_Task-2,within_record,block_4,R,2.39125569,0.913681838,0.425478293,1.05209556
B_Task-2,B,Task-2,65,R,within_B_Task-2,within_record,block_4,R,1.99692977,0.0628612781,1.01317608,0.920892416
B_Task-2,B,Task-2,66,R,within_B_Task-2,within_record,block_4,L,-0.00444515331,-0.620510279,1.91519644,-1.29913132
B_Task-2,B,Task-2,67,R,within_B_Task-2,within_record,block_4,R,0.851781684,0.0373542927,0.280489539,0.533937852
B_Task-2,B,Task-2,68,R,within_B_Task-2,within_record,block_4,L,-1.78758909,-1.02017759,0.0785093477,-0.845920843
B_Task-2,B,Task-2,69,L,within_B_Task-2,within_record,block_4,R,1.67353177,0.708102114,-0.000461548411,0.965891205
B_Task-2,B,Task-2,70,L,within_B_Task-2,within_record,block_4,R,3.12408274,1.97203487,-1.2834319,2.43547978
B_Task-2,B,Task-2,71,R,within_B_Task-2,within_record,block_4,L,-1.66503311,-1.26865572,1.13831981,-1.5346972
B_Task-2,B,Task-2,72,R,within_B_Task-2,within_record,block_4,L,-2.65637299,-1.13412881,0.261943192,-1.78418737
B_Task-2,B,Task-2,73,R,within_B_Task-2,within_record,block_4,R,0.768419346,0.355247544,-0.115246985,0.528418787
B_Task-2,B,Task-2,74,L,within_B_Task-2,within_record,block_4,R,0.349845234,-0.0811864666,0.538394356,-0.107362656
B_Task-2,B,Task-2,75,L,within_B_Task-2,within_record,block_4,L,-1.02958563,-0.804928565,0.833245074,-1.05790214
B_Task-2,B,Task-2,76,R,within_B_Task-2,within_record,block_4,L,-0.484377595,-0.440142838,1.0892206,-1.13345536
B_Task-2,B,Task-2,77,R,within_B_Task-2,within_record,block_4,L,-0.163723097,-0.380263735,0.502149909,-0.285609271
B_Task-2,B,Task-2,78,L,within_B_Task-2,within_record,block_4,R,0.365233266,0.289044667,-0.346897578,0.423086177
B_Task-2,B,Task-2,79,L,within_B_Task-2,within_record,block_4,R,3.44176479,0.942191143,0.80936741,1.69020624
B_Task-2,B,Task-2,80,L,within_B_Task-2,within_record,block_4,L,-1.59850879,-1.31639089,1.20477356,-1.48689145
B_Task-2,B,Task-2,81,R,within_B_Task-2,within_record,block_5,R,3.37747919,0.852042207,1.53181414,0.993622841
B_Task-2,B,Task-2,83,R,within_B_Task-2,within_record,block_5,L,-1.88753208,-0.576195426,-0.424283333,-0.887053323
B_Task-2,B,Task-2,84,L,within_B_Task-2,within_record,block_5,R,2.48338236,0.683548134,1.00694537,0.792888857
B_Task-2,B,Task-2,86,R,within_B_Task-2,within_record,block_5,L,-5.57554049,-1.53979681,-1.62419458,-2.4115491
B_Task-2,B,Task-2,87,L,within_B_Task-2,within_record,block_5,R,2.12383434,0.494393448,1.00423291,0.625207981
B_Task-2,B,Task-2,88,R,within_B_Task-2,within_record,block_5,L,-2.84928241,-1.49774297,0.0223699112,-1.37390935
B_Task-2,B,Task-2,89,L,within_B_Task-2,within_record,block_5,L,-14.0316821,-3.23002824,-4.69024968,-6.11140413
B_Task-2,B,Task-2,90,R,within_B_Task-2,within_record,block_5,L,-7.8377626,-2.5658258,-2.43084283,-2.84109396
B_Task-2,B,Task-2,91,L,within_B_Task-2,within_record,block_5,L,-4.60625507,-1.44066905,-1.74865863,-1.41692739
B_Task-2,B,Task-2,92,L,within_B_Task-2,within_record,block_5,R,9.73597913,1.28534263,5.35919771,3.09143879
B_Task-2,B,Task-2,93,R,within_B_Task-2,within_record,block_5,R,4.27930525,1.50871189,0.823672128,1.94692123
B_Task-2,B,Task-2,94,L,within_B_Task-2,within_record,block_5,L,-3.74207644,-1.05280992,-1.07969925,-1.60956726
B_Task-2,B,Task-2,95,R,within_B_Task-2,within_record,block_5,R,0.665827847,0.392278228,-0.0260370181,0.299586637
B_Task-2,B,Task-2,96,R,within_B_Task-2,within_record,block_5,L,-5.92644704,0.0943334917,-5.43470504,-0.586075501
B_Task-2,B,Task-2,97,L,within_B_Task-2,within_record,block_5,R,4.8646596,1.56399513,1.15905476,2.14160971
B_Task-2,B,Task-2,98,L,within_B_Task-2,within_record,block_5,L,-4.27354447,-1.37790595,-1.84393136,-1.05170715
B_Task-2,B,Task-2,99,R,within_B_Task-2,within_record,block_5,L,-2.09785716,-0.779636258,-0.608383089,-0.709837812
B_Task-2,B,Task-2,100,L,within_B_Task-2,within_record,block_5,R,9.04303293,2.67667081,4.1022867,2.26407541
A_Task-1,A,Task-1,1,L,cross_Task-1,cross_subject,B_to_A,R,2.94770386,1.82692243,0.510172673,0.610608751
A_Task-1,A,Task-1,2,R,cross_Task-1,cross_subject,B_to_A,L,-0.372572133,1.16011498,-0.633617473,-0.899069643
A_Task-1,A,Task-1,4,L,cross_Task-1,cross_subject,B_to_A,R,3.1453863,0.839018417,1.87441964,0.431948245
A_Task-1,A,Task-1,5,R,cross_Task-1,cross_subject,B_to_A,L,-0.430563988,-0.679824423,0.38377721,-0.134516774
A_Task-1,A,Task-1,6,L,cross_Task-1,cross_subject,B_to_A,L,-1.13942208,-0.0154065571,-1.22417287,0.100157345
A_Task-1,A,Task-1,7,L,cross_Task-1,cross_subject,B_to_A,L,-1.1946463,-1.28648634,0.29724939,-0.205409351
A_Task-1,A,Task-1,8,L,cross_Task-1,cross_subject,B_to_A,L,-2.64562782,-0.366142726,-0.58454965,-1.69493545
A_Task-1,A,Task-1,9,R,cross_Task-1,cross_subject,B_to_A,L,-2.11901314,-0.0683490264,-1.34981668,-0.700847432
A_Task-1,A,Task-1,10,R,cross_Task-1,cross_subject,B_to_A,L,-4.8474229,-2.6311976,-1.34365428,-0.872571015
A_Task-1,A,Task-1,11,R,cross_Task-1,cross_subject,B_to_A,L,-3.40186009,-1.10491617,-1.30786263,-0.989081291
A_Task-1,A,Task-1,12,R,cross_Task-1,cross_subject,B_to_A,L,-6.62045411,-2.99721311,-1.60407901,-2.01916199
A_Task-1,A,Task-1,13,L,cross_Task-1,cross_subject,B_to_A,L,-2.80195786,-0.711974007,-0.762944161,-1.3270397
A_Task-1,A,Task-1,15,R,cross_Task-1,cross_subject,B_to_A,L,-6.14627314,-1.29602204,-1.79178223,-3.05846887
A_Task-1,A,Task-1,16,L,cross_Task-1,cross_subject,B_to_A,L,-3.39876391,-1.39679654,-1.12338362,-0.878583748
A_Task-1,A,Task-1,17,R,cross_Task-1,cross_subject,B_to_A,L,-4.99519371,-2.4431685,-1.34129992,-1.2107253
A_Task-1,A,Task-1,18,L,cross_Task-1,cross_subject,B_to_A,L,-2.92329369,-0.458851361,-1.37691013,-1.0875322
A_Task-1,A,Task-1,19,L,cross_Task-1,cross_subject,B_to_A,L,-5.11877098,-1.65499334,-2.06361604,-1.40016161
A_Task-1,A,Task-1,21,L,cross_Task-1,cross_subject,B_to_A,R,0.200471409,-0.265561705,-0.748731075,1.21476419
A_Task-1,A,Task-1,23,R,cross_Task-1,cross_subject,B_to_A,R,13.0151141,-0.836959005,5.89532675,7.95674636
A_Task-1,A,Task-1,24,L,cross_Task-1,cross_subject,B_to_A,L,-3.66216975,-1.46526227,-0.29483774,-1.90206974
A_Task-1,A,Task-1,25,L,cross_Task-1,cross_subject,B_to_A,L,-2.54528484,-0.640955758,-1.45801227,-0.446316813
A_Task-1,A,Task-1,26,R,cross_Task-1,cross_subject,B_to_A,L,-4.68380868,-2.39589178,-0.828432561,-1.45948434
A_Task-1,A,Task-1,28,L,cross_Task-1,cross_subject,B_to_A,L,-6.27053059,-2.15370061,-1.02862026,-3.08820972
A_Task-1,A,Task-1,29,L,cross_Task-1,cross_subject,B_to_A,L,-5.08311609,-2.4822431,-0.815397351,-1.78547564
A_Task-1,A,Task-1,30,L,cross_Task-1,cross_subject,B_to_A,L,-0.234133499,0.620985147,-0.497023829,-0.358094817
A_Task-1,A,Task-1,31,L,cross_Task-1,cross_subject,B_to_A,L,-3.58584977,-0.980762294,-1.59096252,-1.01412496
A_Task-1,A,Task-1,32,R,cross_Task-1,cross_subject,B_to_A,L,-6.64668016,-2.96129752,-2.62832159,-1.05706106
A_Task-1,A,Task-1,33,R,cross_Task-1,cross_subject,B_to_A,L,-0.462679349,0.331770694,-0.101207941,-0.693242102
A_Task-1,A,Task-1,34,L,cross_Task-1,cross_subject,B_to_A,L,-3.67355892,-1.41111359,-0.501175313,-1.76127002
A_Task-1,A,Task-1,35,R,cross_Task-1,cross_subject,B_to_A,L,-4.8093238,-2.12915202,-1.38740378,-1.292768
A_Task-1,A,Task-1,38,L,cross_Task-1,cross_subject,B_to_A,L,-1.06530089,0.257298979,-0.721479642,-0.601120223
A_Task-1,A,Task-1,42,R,cross_Task-1,cross_subject,B_to_A,L,-6.02959059,-1.07747821,-1.88734128,-3.06477109
A_Task-1,A,Task-1,43,L,cross_Task-1,cross_subject,B_to_A,R,6.09764571,3.40078139,1.08538613,1.61147819
A_Task-1,A,Task-1,44,R,cross_Task-1,cross_subject,B_to_A,R,2.78465697,1.74704377,0.858390101,0.179223096
A_Task-1,A,Task-1,45,L,cross_Task-1,cross_subject,B_to_A,R,2.68119341,1.5356568,-0.0274078595,1.17294447
A_Task-1,A,Task-1,47,L,cross_Task-1,cross_subject,B_to_A,L,-1.79157592,-0.652749548,-0.383273305,-0.755553068
A_Task-1,A,Task-1,48,R,cross_Task-1,cross_subject,B_to_A,R,8.15849469,4.35706469,2.09159804,1.70983196
A_Task-1,A,Task-1,49,L,cross_Task-1,cross_subject,B_to_A,L,-4.36682028,-2.17121681,-1.21802594,-0.97757753
A_Task-1,A,Task-1,50,L,cross_Task-1,cross_subject,B_to_A,R,1.03281885,1.21048764,0.0481152535,-0.22578404
A_Task-1,A,Task-1,51,R,cross_Task-1,cross_subject,B_to_A,L,-1.00956778,-1.60633754,0.566496614,0.0302731513
A_Task-1,A,Task-1,52,R,cross_Task-1,cross_subject,B_to_A,L,-2.51076856,4.45235477,-1.72411402,-5.23900931
A_Task-1,A,Task-1,54,L,cross_Task-1,cross_subject,B_to_A,L,-7.88815829,-0.995128055,-2.20617242,-4.68685781
A_Task-1,A,Task-1,55,R,cross_Task-1,cross_subject,B_to_A,L,-5.44306985,-1.65478272,-3.28131577,-0.506971367
A_Task-1,A,Task-1,56,L,cross_Task-1,cross_subject,B_to_A,R,2.141287,1.996851,-1.14669728,1.29113328
A_Task-1,A,Task-1,57,L,cross_Task-1,cross_subject,B_to_A,R,2.10140753,0.88511437,0.680560802,0.53573236
A_Task-1,A,Task-1,58,R,cross_Task-1,cross_subject,B_to_A,R,3.82905688,1.81977695,0.522677798,1.48660213
A_Task-1,A,Task-1,59,R,cross_Task-1,cross_subject,B_to_A,R,3.21578646,1.71972174,0.51247769,0.983587034
A_Task-1,A,Task-1,61,R,cross_Task-1,cross_subject,B_to_A,L,-2.7240826,-2.02025942,-0.387389284,-0.316433896
A_Task-1,A,Task-1,62,L,cross_Task-1,cross_subject,B_to_A,R,9.75960318,5.13240973,2.04848991,2.57870354
A_Task-1,A,Task-1,63,R,cross_Task-1,cross_subject,B_to_A,R,6.36016128,2.69777139,1.18827803,2.47411186
A_Task-1,A,Task-1,64,R,cross_Task-1,cross_subject,B_to_A,L,-2.20655169,-0.864280602,-0.409647554,-0.932623536
A_Task-1,A,Task-1,65,L,cross_Task-1,cross_subject,B_to_A,L,-1.25353412,0.345023972,-0.474637848,-1.12392025
A_Task-1,A,Task-1,66,R,cross_Task-1,cross_subject,B_to_A,R,9.48159077,5.11890101,1.68475315,2.6779366
A_Task-1,A,Task-1,67,L,cross_Task-1,cross_subject,B_to_A,R,0.28602461,1.16388643,-0.669310359,-0.208551463
A_Task-1,A,Task-1,68,L,cross_Task-1,cross_subject,B_to_A,R,6.37323771,3.52428798,1.26849958,1.58045015
A_Task-1,A,Task-1,69,R,cross_Task-1,cross_subject,B_to_A,R,8.05675852,4.18797331,0.525759134,3.34302608
A_Task-1,A,Task-1,70,R,cross_Task-1,cross_subject,B_to_A,L,-1.12289894,-0.185309676,-0.554842836,-0.382746424
A_Task-1,A,Task-1,71,L,cross_Task-1,cross_subject,B_to_A,R,3.46559147,1.77315848,0.793162566,0.899270424
A_Task-1,A,Task-1,72,R,cross_Task-1,cross_subject,B_to_A,R,3.98690718,2.51962931,1.34368895,0.12358893
A_Task-1,A,Task-1,73,L,cross_Task-1,cross_subject,B_to_A,L,-2.56148931,-0.649111021,-0.573909041,-1.33846925
A_Task-1,A,Task-1,74,R,cross_Task-1,cross_subject,B_to_A,L,-1.24452684,-1.32047721,-0.0508030862,0.126753456
A_Task-1,A,Task-1,75,L,cross_Task-1,cross_subject,B_to_A,L,-3.65024193,-0.383587105,-0.36444794,-2.90220689
A_Task-1,A,Task-1,76,R,cross_Task-1,cross_subject,B_to_A,L,-2.28337815,-1.39872599,-0.789537544,-0.0951146203
A_Task-1,A,Task-1,78,L,cross_Task-1,cross_subject,B_to_A,R,13.3888427,-1.47632926,5.93412131,8.93105061
A_Task-1,A,Task-1,79,L,cross_Task-1,cross_subject,B_to_A,R,1.13937273,0.338189081,0.388152693,0.413030958
A_Task-1,A,Task-1,80,L,cross_Task-1,cross_subject,B_to_A,R,6.09895353,3.67934917,1.39550616,1.0240982
A_Task-1,A,Task-1,81,L,cross_Task-1,cross_subject,B_to_A,R,2.81454148,1.57314841,0.673223771,0.5681693
A_Task-1,A,Task-1,82,R,cross_Task-1,cross_subject,B_to_A,L,-1.72831463,-0.870207962,-1.15735084,0.299244167
A_Task-1,A,Task-1,83,L,cross_Task-1,cross_subject,B_to_A,R,7.69285687,3.57715904,2.32578186,1.78991598
A_Task-1,A,Task-1,84,R,cross_Task-1,cross_subject,B_to_A,R,2.79499669,1.63904116,0.207859252,0.948096285
A_Task-1,A,Task-1,85,L,cross_Task-1,cross_subject,B_to_A,L,-1.45844597,-0.763234458,0.27440814,-0.969619654
A_Task-1,A,Task-1,86,R,cross_Task-1,cross_subject,B_to_A,L,-3.12716585,-0.508501178,-0.843430256,-1.77523441
A_Task-1,A,Task-1,87,R,cross_Task-1,cross_subject,B_to_A,R,5.43128408,3.20062118,0.553300784,1.67736211
A_Task-1,A,Task-1,89,R,cross_Task-1,cross_subject,B_to_A,R,2.5611251,1.85108505,0.236417636,0.473622412
A_Task-1,A,Task-1,90,R,cross_Task-1,cross_subject,B_to_A,R,3.70393214,2.11284567,0.296324424,1.29476205
A_Task-1,A,Task-1,91,L,cross_Task-1,cross_subject,B_to_A,L,-2.01600355,-0.891819412,-0.394711409,-0.729472724
A_Task-1,A,Task-1,92,R,cross_Task-1,cross_subject,B_to_A,R,0.706189019,0.245129137,-0.202354458,0.66341434
A_Task-1,A,Task-1,93,R,cross_Task-1,cross_subject,B_to_A,R,5.62769057,2.83617218,1.51651073,1.27500766
A_Task-1,A,Task-1,94,R,cross_Task-1,cross_subject,B_to_A,R,3.1391621,1.73254867,0.454977165,0.95163626
A_Task-1,A,Task-1,95,L,cross_Task-1,cross_subject,B_to_A,L,-0.43917226,0.270041775,-0.504884091,-0.204329944
A_Task-1,A,Task-1,96,R,cross_Task-1,cross_subject,B_to_A,R,4.43100786,2.11111137,1.0273958,1.29250069
A_Task-1,A,Task-1,97,R,cross_Task-1,cross_subject,B_to_A,R,7.12379617,-2.65464582,4.5218491,5.25659288
A_Task-1,A,Task-1,98,L,cross_Task-1,cross_subject,B_to_A,L,-1.85811535,-0.131195943,-1.28315122,-0.44376819
A_Task-1,A,Task-1,99,L,cross_Task-1,cross_subject,B_to_A,R,4.31100577,1.94531161,1.09486795,1.27082622
A_Task-1,A,Task-1,100,R,cross_Task-1,cross_subject,B_to_A,R,2.07704552,1.1842381,0.756915274,0.135892148
B_Task-1,B,Task-1,1,L,cross_Task-1,cross_subject,A_to_B,R,0.386394576,-0.29400275,-0.173215869,0.853613194
B_Task-1,B,Task-1,2,L,cross_Task-1,cross_subject,A_to_B,L,-0.0879332356,0.554424644,0.277821732,-0.920179612
B_Task-1,B,Task-1,3,R,cross_Task-1,cross_subject,A_to_B,R,0.0573901591,0.621185082,0.139699664,-0.703494587
B_Task-1,B,Task-1,4,L,cross_Task-1,cross_subject,A_to_B,R,0.647376703,0.501385447,0.235419547,-0.0894282922
B_Task-1,B,Task-1,5,R,cross_Task-1,cross_subject,A_to_B,L,-0.272440622,0.06604612,0.154900946,-0.493387688
B_Task-1,B,Task-1,6,R,cross_Task-1,cross_subject,A_to_B,R,10.0548492,3.47913338,-2.28351439,8.85923026
B_Task-1,B,Task-1,7,R,cross_Task-1,cross_subject,A_to_B,L,-0.763758599,0.348014716,-0.193030076,-0.918743239
B_Task-1,B,Task-1,8,L,cross_Task-1,cross_subject,A_to_B,R,0.626158259,0.507678743,0.384830071,-0.266350554
B_Task-1,B,Task-1,9,L,cross_Task-1,cross_subject,A_to_B,R,1.42383492,0.841720257,0.763002734,-0.180888075
B_Task-1,B,Task-1,10,L,cross_Task-1,cross_subject,A_to_B,L,-1.96168235,-0.685557135,0.102890604,-1.37901581
B_Task-1,B,Task-1,11,R,cross_Task-1,cross_subject,A_to_B,R,0.54354023,-0.154720595,0.322648141,0.375612683
B_Task-1,B,Task-1,12,L,cross_Task-1,cross_subject,A_to_B,R,1.04815112,-0.893183853,-0.188033822,2.12936879
B_Task-1,B,Task-1,13,R,cross_Task-1,cross_subject,A_to_B,L,-0.387336899,-1.122015,-0.532888093,1.2675662
B_Task-1,B,Task-1,15,L,cross_Task-1,cross_subject,A_to_B,L,-1.63701999,0.153653475,-0.153203841,-1.63746962
B_Task-1,B,Task-1,16,R,cross_Task-1,cross_subject,A_to_B,L,-0.0759166173,-0.726213799,-0.25819261,0.908489792
B_Task-1,B,Task-1,17,L,cross_Task-1,cross_subject,A_to_B,R,0.757755473,1.13104236,-1.25655228,0.883265386
B_Task-1,B,Task-1,18,L,cross_Task-1,cross_subject,A_to_B,R,2.52305806,0.593055816,-0.330768104,2.26077035
B_Task-1,B,Task-1,19,R,cross_Task-1,cross_subject,A_to_B,L,-0.221697505,0.456275708,-0.267139381,-0.410833832
B_Task-1,B,Task-1,20,L,cross_Task-1,cross_subject,A_to_B,R,1.45273451,1.44877413,-1.84405074,1.84801113
B_Task-1,B,Task-1,21,R,cross_Task-1,cross_subject,A_to_B,R,0.279251619,0.653860332,0.25653316,-0.631141874
B_Task-1,B,Task-1,22,R,cross_Task-1,cross_subject,A_to_B,L,-0.786191733,-0.0615716169,-0.0708267598,-0.653793357
B_Task-1,B,Task-1,24,R,cross_Task-1,cross_subject,A_to_B,R,4.78641522,1.9652685,-0.852032857,3.67317957
B_Task-1,B,Task-1,26,R,cross_Task-1,cross_subject,A_to_B,L,-3.3729794,-0.206411487,0.185021851,-3.35158977
B_Task-1,B,Task-1,27,R,cross_Task-1,cross_subject,A_to_B,R,0.394980172,-0.798708735,-0.0892062159,1.28289512
B_Task-1,B,Task-1,28,R,cross_Task-1,cross_subject,A_to_B,R,1.67524702,0.0382617331,-0.252490519,1.88947581
B_Task-1,B,Task-1,29,R,cross_Task-1,cross_subject,A_to_B,R,0.602394205,-1.07514777,-0.211148207,1.88869018
B_Task-1,B,Task-1,30,L,cross_Task-1,cross_subject,A_to_B,L,-1.02529176,0.342654375,0.0070111766,-1.37495731
B_Task-1,B,Task-1,31,R,cross_Task-1,cross_subject,A_to_B,L,-0.656945276,0.313398043,0.0396951023,-1.01003842
B_Task-1,B,Task-1,32,L,cross_Task-1,cross_subject,A_to_B,R,0.420128087,0.497757375,0.339714478,-0.417343766
B_Task-1,B,Task-1,33,L,cross_Task-1,cross_subject,A_to_B,R,0.217691362,0.274793424,0.276562301,-0.333664364
B_Task-1,B,Task-1,34,R,cross_Task-1,cross_subject,A_to_B,R,0.0574582487,-1.5146999,-0.221638322,1.79379647
B_Task-1,B,Task-1,35,L,cross_Task-1,cross_subject,A_to_B,R,0.951090378,0.273054654,-0.0849291394,0.762964864
B_Task-1,B,Task-1,37,L,cross_Task-1,cross_subject,A_to_B,L,-2.13484886,0.414442726,-0.935109411,-1.61418217
B_Task-1,B,Task-1,38,L,cross_Task-1,cross_subject,A_to_B,L,-0.142062913,0.394722071,0.386753646,-0.92353863
B_Task-1,B,Task-1,39,R,cross_Task-1,cross_subject,A_to_B,R,0.215667239,-0.0435147279,-0.103345123,0.36252709
B_Task-1,B,Task-1,40,R,cross_Task-1,cross_subject,A_to_B,L,-1.13111336,0.199185657,-0.0527905231,-1.27750849
B_Task-1,B,Task-1,41,L,cross_Task-1,cross_subject,A_to_B,R,0.630195523,0.086691589,-0.0121241311,0.555628065
B_Task-1,B,Task-1,42,R,cross_Task-1,cross_subject,A_to_B,R,2.65808425,2.13442518,-1.19300385,1.71666293
B_Task-1,B,Task-1,43,R,cross_Task-1,cross_subject,A_to_B,R,0.0566262324,0.557304393,0.13304305,-0.633721211
B_Task-1,B,Task-1,44,R,cross_Task-1,cross_subject,A_to_B,R,0.0452797181,-0.355998307,0.1149708,0.286307225
B_Task-1,B,Task-1,45,R,cross_Task-1,cross_subject,A_to_B,R,0.441588974,-0.621402859,-0.455875618,1.51886745
B_Task-1,B,Task-1,47,L,cross_Task-1,cross_subject,A_to_B,L,-4.77049602,-0.681734576,0.151890501,-4.24065195
B_Task-1,B,Task-1,48,R,cross_Task-1,cross_subject,A_to_B,R,5.8645321,0.181150591,-0.152104457,5.83548597
B_Task-1,B,Task-1,49,R,cross_Task-1,cross_subject,A_to_B,R,0.519304338,-0.329513608,0.13262387,0.716194076
B_Task-1,B,Task-1,51,R,cross_Task-1,cross_subject,A_to_B,R,0.720209088,-1.58497067,-0.369181296,2.67436105
B_Task-1,B,Task-1,52,L,cross_Task-1,cross_subject,A_to_B,R,1.04527142,-0.90731904,-0.311847579,2.26443803
B_Task-1,B,Task-1,53,R,cross_Task-1,cross_subject,A_to_B,L,-0.913905076,-0.252304455,-0.235637797,-0.425962825
B_Task-1,B,Task-1,55,R,cross_Task-1,cross_subject,A_to_B,R,2.24299617,-0.0621640696,0.792482422,1.51267782
B_Task-1,B,Task-1,56,L,cross_Task-1,cross_subject,A_to_B,R,0.57576316,0.318996667,-0.0345617905,0.291328283
B_Task-1,B,Task-1,57,R,cross_Task-1,cross_subject,A_to_B,L,-2.7703246,-1.35698515,-0.00873280284,-1.40460665
B_Task-1,B,Task-1,58,R,cross_Task-1,cross_subject,A_to_B,R,2.30835682,-0.693364811,-0.690258042,3.69197967
B_Task-1,B,Task-1,59,R,cross_Task-1,cross_subject,A_to_B,R,1.06149567,0.322622965,0.100598137,0.638274568
B_Task-1,B,Task-1,60,R,cross_Task-1,cross_subject,A_to_B,L,-0.173574493,0.620331047,0.30193738,-1.09584292
B_Task-1,B,Task-1,61,L,cross_Task-1,cross_subject,A_to_B,R,1.49750861,-0.248439103,0.365370285,1.38057743
B_Task-1,B,Task-1,62,L,cross_Task-1,cross_subject,A_to_B,L,-3.95852919,0.695903554,0.635398158,-5.2898309
B_Task-1,B,Task-1,63,R,cross_Task-1,cross_subject,A_to_B,R,0.00435636497,0.531246717,0.334914355,-0.861804707
B_Task-1,B,Task-1,64,L,cross_Task-1,cross_subject,A_to_B,R,0.441405774,0.401658716,0.436152879,-0.396405821
B_Task-1,B,Task-1,65,L,cross_Task-1,cross_subject,A_to_B,L,-0.403209877,1.81297779,0.496867491,-2.71305516
B_Task-1,B,Task-1,66,L,cross_Task-1,cross_subject,A_to_B,L,-5.83745529,-1.73590261,0.00737338057,-4.10892606
B_Task-1,B,Task-1,67,R,cross_Task-1,cross_subject,A_to_B,R,0.185550116,-0.646911172,-0.243237789,1.07569908
B_Task-1,B,Task-1,68,R,cross_Task-1,cross_subject,A_to_B,R,0.760016216,-0.0672944631,0.164060656,0.663250023
B_Task-1,B,Task-1,69,L,cross_Task-1,cross_subject,A_to_B,R,1.65854099,0.239238818,0.474914547,0.944387628
B_Task-1,B,Task-1,70,L,cross_Task-1,cross_subject,A_to_B,L,-1.37693327,0.260827137,0.808647565,-2.44640797
B_Task-1,B,Task-1,71,R,cross_Task-1,cross_subject,A_to_B,L,-0.843436138,0.307917846,0.256089246,-1.40744323
B_Task-1,B,Task-1,72,R,cross_Task-1,cross_subject,A_to_B,L,-3.33878737,-1.63446957,0.267192708,-1.9715105
B_Task-1,B,Task-1,73,L,cross_Task-1,cross_subject,A_to_B,R,0.0236064752,0.519847311,0.546413931,-1.04265477
B_Task-1,B,Task-1,74,L,cross_Task-1,cross_subject,A_to_B,R,2.30794967,0.0223808436,0.568507358,1.71706147
B_Task-1,B,Task-1,75,R,cross_Task-1,cross_subject,A_to_B,L,-0.881775264,-0.625464335,0.102697438,-0.359008367
B_Task-1,B,Task-1,76,L,cross_Task-1,cross_subject,A_to_B,R,3.37815555,1.29845575,-1.74040174,3.82010153
B_Task-1,B,Task-1,77,L,cross_Task-1,cross_subject,A_to_B,R,0.165397169,-0.194039688,0.0687116778,0.290725179
B_Task-1,B,Task-1,79,R,cross_Task-1,cross_subject,A_to_B,L,-0.197992632,-0.0192662209,-0.0890743111,-0.0896521002
B_Task-1,B,Task-1,80,L,cross_Task-1,cross_subject,A_to_B,L,-0.437126976,-0.607852033,-0.385560934,0.55628599
B_Task-1,B,Task-1,81,L,cross_Task-1,cross_subject,A_to_B,R,0.320286635,0.57495584,-0.0733097339,-0.181359471
B_Task-1,B,Task-1,82,R,cross_Task-1,cross_subject,A_to_B,L,-0.465852895,-1.15875654,-0.268750768,0.961654408
B_Task-1,B,Task-1,83,L,cross_Task-1,cross_subject,A_to_B,L,-1.55142364,-1.52062289,-0.303335803,0.272535061
B_Task-1,B,Task-1,84,L,cross_Task-1,cross_subject,A_to_B,R,0.253317244,-0.191242406,0.208495384,0.236064266
B_Task-1,B,Task-1,85,R,cross_Task-1,cross_subject,A_to_B,L,-3.78995249,-0.875246705,0.291222461,-3.20592825
B_Task-1,B,Task-1,86,L,cross_Task-1,cross_subject,A_to_B,L,-0.130938806,1.02063857,0.714393258,-1.86597063
B_Task-1,B,Task-1,87,L,cross_Task-1,cross_subject,A_to_B,L,-0.451874017,0.305117295,-0.0821379918,-0.67485332
B_Task-1,B,Task-1,89,L,cross_Task-1,cross_subject,A_to_B,R,8.33392534,2.93424073,-1.96780566,7.36749027
B_Task-1,B,Task-1,90,L,cross_Task-1,cross_subject,A_to_B,L,-0.706344253,0.901781803,0.503374354,-2.11150041
B_Task-1,B,Task-1,91,R,cross_Task-1,cross_subject,A_to_B,R,0.189303934,0.224155669,0.266907318,-0.301759052
B_Task-1,B,Task-1,93,L,cross_Task-1,cross_subject,A_to_B,R,0.097698103,0.238620993,0.134945423,-0.275868312
B_Task-1,B,Task-1,94,R,cross_Task-1,cross_subject,A_to_B,R,0.60538864,0.551763697,0.472288126,-0.418663183
B_Task-1,B,Task-1,95,L,cross_Task-1,cross_subject,A_to_B,R,0.558988228,-0.322938881,0.055403783,0.826523326
B_Task-1,B,Task-1,96,R,cross_Task-1,cross_subject,A_to_B,R,0.476569843,0.468276409,0.230535319,-0.222241885
B_Task-1,B,Task-1,97,L,cross_Task-1,cross_subject,A_to_B,L,-6.10601943,-2.27847336,0.950483178,-4.77802925
B_Task-1,B,Task-1,98,R,cross_Task-1,cross_subject,A_to_B,R,0.685271699,0.449317513,0.187036419,0.0489177671
B_Task-1,B,Task-1,99,R,cross_Task-1,cross_subject,A_to_B,R,1.18318032,0.118247139,0.247730992,0.817202185
B_Task-1,B,Task-1,100,R,cross_Task-1,cross_subject,A_to_B,L,-3.67199693,-0.196593832,0.120742093,-3.5961452
A_Task-2,A,Task-2,1,R,cross_Task-2,cross_subject,B_to_A,R,0.434698584,0.153923468,-0.627886013,0.90866113
A_Task-2,A,Task-2,2,L,cross_Task-2,cross_subject,B_to_A,R,0.704235439,0.157506374,0.230969435,0.31575963
A_Task-2,A,Task-2,3,L,cross_Task-2,cross_subject,B_to_A,R,0.446817722,0.227416227,-0.206094992,0.425496486
A_Task-2,A,Task-2,4,L,cross_Task-2,cross_subject,B_to_A,R,0.457117444,0.16835672,-0.0851606196,0.373921343
A_Task-2,A,Task-2,5,R,cross_Task-2,cross_subject,B_to_A,R,0.305200168,0.0364794591,-0.0655454618,0.334266171
A_Task-2,A,Task-2,6,L,cross_Task-2,cross_subject,B_to_A,L,-0.990392607,-0.722285212,0.905426745,-1.17353414
A_Task-2,A,Task-2,7,R,cross_Task-2,cross_subject,B_to_A,R,0.410599156,0.218543949,-0.0926033065,0.284658513
A_Task-2,A,Task-2,8,R,cross_Task-2,cross_subject,B_to_A,L,-0.702868157,-0.528028025,0.666491752,-0.841331884
A_Task-2,A,Task-2,9,L,cross_Task-2,cross_subject,B_to_A,R,0.221299009,-0.224458759,0.564000688,-0.11824292
A_Task-2,A,Task-2,10,L,cross_Task-2,cross_subject,B_to_A,R,0.641616761,0.168920455,0.0173170873,0.455379219
A_Task-2,A,Task-2,11,R,cross_Task-2,cross_subject,B_to_A,L,-0.771829302,-0.320121145,0.330324196,-0.782032353
A_Task-2,A,Task-2,12,R,cross_Task-2,cross_subject,B_to_A,R,1.4137445,0.544907201,-0.351404446,1.22024174
A_Task-2,A,Task-2,13,R,cross_Task-2,cross_subject,B_to_A,R,0.266636782,-0.857154647,1.68397659,-0.560185158
A_Task-2,A,Task-2,14,L,cross_Task-2,cross_subject,B_to_A,L,-0.70723774,-0.315833208,0.206496298,-0.59790083
A_Task-2,A,Task-2,15,L,cross_Task-2,cross_subject,B_to_A,L,-0.714408608,-0.18811076,0.12842279,-0.654720638
A_Task-2,A,Task-2,16,L,cross_Task-2,cross_subject,B_to_A,L,-0.0285099862,-0.133400646,0.0978106318,0.00708002776
A_Task-2,A,Task-2,17,R,cross_Task-2,cross_subject,B_to_A,R,0.767823951,0.575525324,-0.735580522,0.927879149
A_Task-2,A,Task-2,18,R,cross_Task-2,cross_subject,B_to_A,R,0.496438151,-0.0465029507,0.295880801,0.2470603
A_Task-2,A,Task-2,19,L,cross_Task-2,cross_subject,B_to_A,R,0.289293538,-0.137828028,0.545819122,-0.118697557
A_Task-2,A,Task-2,20,L,cross_Task-2,cross_subject,B_to_A,L,-0.874163912,-0.441601221,0.371637252,-0.804199942
A_Task-2,A,Task-2,21,R,cross_Task-2,cross_subject,B_to_A,L,-0.769477532,-0.653544711,1.09518181,-1.21111463
A_Task-2,A,Task-2,22,L,cross_Task-2,cross_subject,B_to_A,L,-1.13842083,-0.693453104,0.655511715,-1.10047944
A_Task-2,A,Task-2,23,R,cross_Task-2,cross_subject,B_to_A,R,0.363557232,0.207532526,0.035692382,0.120332324
A_Task-2,A,Task-2,24,R,cross_Task-2,cross_subject,B_to_A,R,0.327479118,-0.0796192885,0.357711704,0.0493867032
A_Task-2,A,Task-2,25,L,cross_Task-2,cross_subject,B_to_A,L,-1.06642503,-0.63964116,0.657757956,-1.08454183
A_Task-2,A,Task-2,26,L,cross_Task-2,cross_subject,B_to_A,R,0.343166018,0.186784577,-0.161621141,0.318002583
A_Task-2,A,Task-2,27,R,cross_Task-2,cross_subject,B_to_A,L,-0.835002519,-0.610767158,0.792135737,-1.0163711
A_Task-2,A,Task-2,28,R,cross_Task-2,cross_subject,B_to_A,L,-0.533028471,-0.426145645,0.569256223,-0.676139049
A_Task-2,A,Task-2,29,R,cross_Task-2,cross_subject,B_to_A,L,-0.940368582,-0.63326071,0.817299097,-1.12440697
A_Task-2,A,Task-2,31,L,cross_Task-2,cross_subject,B_to_A,L,-0.0432121373,0.00477458006,0.176341188,-0.224327905
A_Task-2,A,Task-2,32,L,cross_Task-2,cross_subject,B_to_A,R,0.498722441,-0.0259758688,0.329765488,0.194932822
A_Task-2,A,Task-2,34,L,cross_Task-2,cross_subject,B_to_A,L,-1.54672995,-0.536727354,0.0819753276,-1.09197792
A_Task-2,A,Task-2,35,L,cross_Task-2,cross_subject,B_to_A,R,0.670195459,0.254979372,-0.15592019,0.571136276
A_Task-2,A,Task-2,36,R,cross_Task-2,cross_subject,B_to_A,R,0.498586551,0.115578177,0.131829367,0.251179007
A_Task-2,A,Task-2,37,R,cross_Task-2,cross_subject,B_to_A,R,0.103849311,0.548859386,-1.25427484,0.809264766
A_Task-2,A,Task-2,38,L,cross_Task-2,cross_subject,B_to_A,R,0.266648289,0.0140888995,0.0768543174,0.175705072
A_Task-2,A,Task-2,40,L,cross_Task-2,cross_subject,B_to_A,R,0.220770629,-0.114026595,0.339644261,-0.00484703684
A_Task-2,A,Task-2,42,L,cross_Task-2,cross_subject,B_to_A,R,0.593462617,0.276356921,-0.0887876662,0.405893361
A_Task-2,A,Task-2,43,L,cross_Task-2,cross_subject,B_to_A,L,-1.18284397,-0.612863671,0.392757985,-0.962738288
A_Task-2,A,Task-2,44,L,cross_Task-2,cross_subject,B_to_A,L,-0.879869359,-0.558186884,0.722238876,-1.04392135
A_Task-2,A,Task-2,46,L,cross_Task-2,cross_subject,B_to_A,L,-0.0511654275,-0.0855939156,0.177006311,-0.142577823
A_Task-2,A,Task-2,47,L,cross_Task-2,cross_subject,B_to_A,R,0.513434029,0.216834365,0.0564709326,0.240128732
A_Task-2,A,Task-2,48,L,cross_Task-2,cross_subject,B_to_A,R,0.142032036,-0.0193017098,0.0471571683,0.114176578
A_Task-2,A,Task-2,49,R,cross_Task-2,cross_subject,B_to_A,R,0.871157092,0.122648924,0.300713293,0.447794875
A_Task-2,A,Task-2,50,R,cross_Task-2,cross_subject,B_to_A,R,1.06796047,0.0730653971,-0.135462502,1.13035757
A_Task-2,A,Task-2,51,L,cross_Task-2,cross_subject,B_to_A,R,1.81650718,0.725880679,-1.09643898,2.18706548
A_Task-2,A,Task-2,52,R,cross_Task-2,cross_subject,B_to_A,L,-0.867175477,-0.452714066,0.372094302,-0.786555713
A_Task-2,A,Task-2,53,R,cross_Task-2,cross_subject,B_to_A,R,0.346504392,0.0737544196,0.0871411814,0.185608791
A_Task-2,A,Task-2,54,L,cross_Task-2,cross_subject,B_to_A,L,-1.16932841,-0.476482407,0.247379125,-0.940225126
A_Task-2,A,Task-2,55,L,cross_Task-2,cross_subject,B_to_A,R,0.850731225,-0.0129529606,1.00250276,-0.138818572
A_Task-2,A,Task-2,56,R,cross_Task-2,cross_subject,B_to_A,L,-1.40657239,-0.557820624,0.254308226,-1.10305999
A_Task-2,A,Task-2,57,R,cross_Task-2,cross_subject,B_to_A,R,1.62531238,-0.14683705,1.32105606,0.451093375
A_Task-2,A,Task-2,58,R,cross_Task-2,cross_subject,B_to_A,L,-1.03443213,-0.547777857,0.587980797,-1.07463507
A_Task-2,A,Task-2,59,R,cross_Task-2,cross_subject,B_to_A,L,-1.21124347,-0.532803657,0.539686753,-1.21812657
A_Task-2,A,Task-2,60,R,cross_Task-2,cross_subject,B_to_A,R,0.0769028564,0.0793684128,-0.179570961,0.177105404
A_Task-2,A,Task-2,61,L,cross_Task-2,cross_subject,B_to_A,R,0.113307652,0.102175686,-0.105349021,0.116480988
A_Task-2,A,Task-2,62,R,cross_Task-2,cross_subject,B_to_A,L,-1.24899617,-0.473350672,0.452611727,-1.22825723
A_Task-2,A,Task-2,64,L,cross_Task-2,cross_subject,B_to_A,L,-1.31406246,-0.219751123,-0.769651193,-0.324660145
A_Task-2,A,Task-2,65,R,cross_Task-2,cross_subject,B_to_A,L,-0.68146779,-0.378162534,0.345116237,-0.648421493
A_Task-2,A,Task-2,66,L,cross_Task-2,cross_subject,B_to_A,L,-0.693696748,-0.614259597,1.0581484,-1.13758555
A_Task-2,A,Task-2,67,R,cross_Task-2,cross_subject,B_to_A,L,-0.528616417,-0.190038371,-0.046468081,-0.292109966
A_Task-2,A,Task-2,68,R,cross_Task-2,cross_subject,B_to_A,L,-1.56605718,-0.704816999,0.824139198,-1.68537938
A_Task-2,A,Task-2,69,L,cross_Task-2,cross_subject,B_to_A,R,0.30224857,0.422728819,-0.579488035,0.459007786
A_Task-2,A,Task-2,70,L,cross_Task-2,cross_subject,B_to_A,L,-1.47866512,-0.731621307,0.771752746,-1.51879656
A_Task-2,A,Task-2,71,R,cross_Task-2,cross_subject,B_to_A,R,0.477756965,0.261593894,-0.339616396,0.555779468
A_Task-2,A,Task-2,72,R,cross_Task-2,cross_subject,B_to_A,R,0.487351123,0.195415782,0.0112371676,0.280698174
A_Task-2,A,Task-2,73,R,cross_Task-2,cross_subject,B_to_A,L,-0.767681719,-0.392053137,0.266996555,-0.642625136
A_Task-2,A,Task-2,74,R,cross_Task-2,cross_subject,B_to_A,L,-0.928685421,-0.432568956,0.367327849,-0.863444314
A_Task-2,A,Task-2,75,L,cross_Task-2,cross_subject,B_to_A,L,-0.0747767893,-0.0583487678,-0.00485355228,-0.0115744693
A_Task-2,A,Task-2,76,L,cross_Task-2,cross_subject,B_to_A,R,0.495868818,-0.0100088198,0.0427610276,0.463116611
A_Task-2,A,Task-2,77,L,cross_Task-2,cross_subject,B_to_A,L,-1.02816215,-0.531780743,0.387867426,-0.88424883
A_Task-2,A,Task-2,78,R,cross_Task-2,cross_subject,B_to_A,L,-0.577676005,-0.654186642,1.00442086,-0.927910228
A_Task-2,A,Task-2,79,L,cross_Task-2,cross_subject,B_to_A,R,0.530073307,0.0967737443,0.0503024882,0.382997075
A_Task-2,A,Task-2,81,L,cross_Task-2,cross_subject,B_to_A,L,-1.60563481,-0.785680373,0.935300708,-1.75525515
A_Task-2,A,Task-2,82,R,cross_Task-2,cross_subject,B_to_A,R,2.71386365,1.21321931,-0.595491078,2.09613542
A_Task-2,A,Task-2,83,R,cross_Task-2,cross_subject,B_to_A,L,-1.37360132,-0.57155564,0.340351147,-1.14239682
A_Task-2,A,Task-2,84,L,cross_Task-2,cross_subject,B_to_A,L,-0.396057321,-0.526799252,0.7975925,-0.666850569
A_Task-2,A,Task-2,85,R,cross_Task-2,cross_subject,B_to_A,L,-0.753088051,-0.455441151,0.559061733,-0.856708633
A_Task-2,A,Task-2,87,L,cross_Task-2,cross_subject,B_to_A,L,-0.384814834,0.14205744,-0.549854615,0.0229823405
A_Task-2,A,Task-2,88,R,cross_Task-2,cross_subject,B_to_A,L,-0.194192404,0.0735625694,-0.509068489,0.241313516
A_Task-2,A,Task-2,89,L,cross_Task-2,cross_subject,B_to_A,L,-1.18738176,-0.46695111,0.349765997,-1.07019665
A_Task-2,A,Task-2,90,L,cross_Task-2,cross_subject,B_to_A,L,-0.326150733,-0.485234715,0.540555967,-0.381471985
A_Task-2,A,Task-2,91,L,cross_Task-2,cross_subject,B_to_A,R,0.766538011,0.173027184,0.0499573762,0.543553451
A_Task-2,A,Task-2,92,L,cross_Task-2,cross_subject,B_to_A,L,-1.19309604,-0.10005915,-0.918852655,-0.174184235
A_Task-2,A,Task-2,93,R,cross_Task-2,cross_subject,B_to_A,L,-0.769839521,-0.59361919,0.819566939,-0.995787271
A_Task-2,A,Task-2,94,L,cross_Task-2,cross_subject,B_to_A,R,0.095490483,-0.697903974,2.26914302,-1.47574857
A_Task-2,A,Task-2,95,L,cross_Task-2,cross_subject,B_to_A,L,-1.36283776,-0.614230143,0.490271526,-1.23887914
A_Task-2,A,Task-2,96,L,cross_Task-2,cross_subject,B_to_A,R,0.0959364623,0.119214993,-0.524902883,0.501624351
A_Task-2,A,Task-2,97,L,cross_Task-2,cross_subject,B_to_A,R,0.531641517,0.374759278,-0.543121969,0.700004208
A_Task-2,A,Task-2,98,L,cross_Task-2,cross_subject,B_to_A,L,-0.539958813,-0.19613922,0.145510583,-0.489330177
A_Task-2,A,Task-2,99,L,cross_Task-2,cross_subject,B_to_A,R,0.637478957,0.222492048,0.0459358165,0.369051092
A_Task-2,A,Task-2,100,L,cross_Task-2,cross_subject,B_to_A,L,-0.925146088,-0.497712675,0.592403106,-1.01983652
B_Task-2,B,Task-2,1,L,cross_Task-2,cross_subject,A_to_B,R,0.607716731,0.00499145195,0.282925767,0.319799512
B_Task-2,B,Task-2,2,L,cross_Task-2,cross_subject,A_to_B,L,-1.0305246,-1.22769554,-0.0539729256,0.251143875
B_Task-2,B,Task-2,3,L,cross_Task-2,cross_subject,A_to_B,R,0.699275005,0.432271773,0.292861981,-0.0258587487
B_Task-2,B,Task-2,4,R,cross_Task-2,cross_subject,A_to_B,R,1.05733783,0.70910922,0.528260496,-0.180031886
B_Task-2,B,Task-2,5,L,cross_Task-2,cross_subject,A_to_B,L,-0.569044271,-0.681486027,-0.0675373539,0.179979109
B_Task-2,B,Task-2,6,R,cross_Task-2,cross_subject,A_to_B,L,-0.227228553,-0.372309875,-0.113988789,0.259070111
B_Task-2,B,Task-2,7,R,cross_Task-2,cross_subject,A_to_B,R,3.09557353,2.6546784,0.828470104,-0.387574978
B_Task-2,B,Task-2,8,R,cross_Task-2,cross_subject,A_to_B,R,2.66462492,2.32830083,0.684088904,-0.347764816
B_Task-2,B,Task-2,9,R,cross_Task-2,cross_subject,A_to_B,R,0.574990139,0.27222462,0.329595252,-0.026829733
B_Task-2,B,Task-2,11,R,cross_Task-2,cross_subject,A_to_B,R,2.76811976,2.37792515,0.66582216,-0.275627556
B_Task-2,B,Task-2,12,R,cross_Task-2,cross_subject,A_to_B,L,-0.477267578,-0.929316427,0.160914738,0.291134111
B_Task-2,B,Task-2,13,R,cross_Task-2,cross_subject,A_to_B,L,-0.79012855,-0.694958697,-0.233250253,0.1380804
B_Task-2,B,Task-2,15,R,cross_Task-2,cross_subject,A_to_B,L,-0.78118346,-0.954324266,-0.039801066,0.212941872
B_Task-2,B,Task-2,17,L,cross_Task-2,cross_subject,A_to_B,R,0.903804078,1.5211275,-0.334702703,-0.282620714
B_Task-2,B,Task-2,18,R,cross_Task-2,cross_subject,A_to_B,R,0.0682977811,0.36387507,-0.13837566,-0.15720163
B_Task-2,B,Task-2,19,R,cross_Task-2,cross_subject,A_to_B,R,0.144926448,-0.169321277,0.283269889,0.0309778361
B_Task-2,B,Task-2,20,L,cross_Task-2,cross_subject,A_to_B,R,3.13122383,3.73086064,-0.00151991454,-0.598116892
B_Task-2,B,Task-2,21,R,cross_Task-2,cross_subject,A_to_B,R,3.37218628,3.12432604,0.806116559,-0.558256318
B_Task-2,B,Task-2,22,R,cross_Task-2,cross_subject,A_to_B,R,0.34757959,0.159140137,0.284554838,-0.0961153859
B_Task-2,B,Task-2,24,L,cross_Task-2,cross_subject,A_to_B,R,6.42010984,4.76840964,2.15595089,-0.504250685
B_Task-2,B,Task-2,25,L,cross_Task-2,cross_subject,A_to_B,R,0.390980764,0.642493832,0.0862011531,-0.33771422
B_Task-2,B,Task-2,26,R,cross_Task-2,cross_subject,A_to_B,R,1.95292059,1.56025947,0.634144353,-0.241483237
B_Task-2,B,Task-2,27,L,cross_Task-2,cross_subject,A_to_B,R,1.76934983,0.121573608,1.32376974,0.324006481
B_Task-2,B,Task-2,28,L,cross_Task-2,cross_subject,A_to_B,L,-0.058902582,-0.186727436,0.0602288682,0.0675959862
B_Task-2,B,Task-2,29,L,cross_Task-2,cross_subject,A_to_B,R,2.25115937,2.07104895,0.51335625,-0.333245827
B_Task-2,B,Task-2,30,R,cross_Task-2,cross_subject,A_to_B,L,-0.803713155,-0.882722429,-0.212775334,0.291784608
B_Task-2,B,Task-2,31,R,cross_Task-2,cross_subject,A_to_B,R,1.14935956,1.19196791,0.136669361,-0.17927771
B_Task-2,B,Task-2,32,R,cross_Task-2,cross_subject,A_to_B,R,0.523279458,-0.111900897,0.553985145,0.08119521
B_Task-2,B,Task-2,33,R,cross_Task-2,cross_subject,A_to_B,R,2.38954904,2.71108326,0.319218538,-0.64075275
B_Task-2,B,Task-2,34,R,cross_Task-2,cross_subject,A_to_B,L,-1.04184338,-0.803074281,-0.195293433,-0.0434756699
B_Task-2,B,Task-2,35,L,cross_Task-2,cross_subject,A_to_B,L,-0.68531952,-1.18050696,0.189730046,0.305457396
B_Task-2,B,Task-2,36,R,cross_Task-2,cross_subject,A_to_B,R,1.91840967,1.92954343,0.247956379,-0.259090143
B_Task-2,B,Task-2,37,L,cross_Task-2,cross_subject,A_to_B,L,-1.34510557,-1.09690897,-0.453961313,0.205764715
B_Task-2,B,Task-2,38,L,cross_Task-2,cross_subject,A_to_B,R,0.293439544,0.82823377,-0.315337851,-0.219456376
B_Task-2,B,Task-2,39,R,cross_Task-2,cross_subject,A_to_B,L,-1.05135032,-0.932660443,-0.247013742,0.128323861
B_Task-2,B,Task-2,40,R,cross_Task-2,cross_subject,A_to_B,R,1.45069317,1.73724685,0.119398545,-0.405952223
B_Task-2,B,Task-2,41,R,cross_Task-2,cross_subject,A_to_B,L,-0.445843368,-0.864871658,0.06953057,0.349497719
B_Task-2,B,Task-2,42,L,cross_Task-2,cross_subject,A_to_B,R,2.82393265,2.64328822,0.704686396,-0.524041962
B_Task-2,B,Task-2,44,R,cross_Task-2,cross_subject,A_to_B,R,2.0066934,1.93037457,0.475730374,-0.399411541
B_Task-2,B,Task-2,45,L,cross_Task-2,cross_subject,A_to_B,R,0.318460227,0.227937693,-0.221263291,0.311785824
B_Task-2,B,Task-2,46,L,cross_Task-2,cross_subject,A_to_B,R,3.1775179,2.81673394,0.737942468,-0.377158503
B_Task-2,B,Task-2,47,R,cross_Task-2,cross_subject,A_to_B,R,0.79485897,0.121201572,0.423360305,0.250297092
B_Task-2,B,Task-2,48,L,cross_Task-2,cross_subject,A_to_B,R,3.45244477,2.68005452,1.21364316,-0.441252917
B_Task-2,B,Task-2,49,R,cross_Task-2,cross_subject,A_to_B,R,1.91128828,1.61331341,0.659362995,-0.361388125
B_Task-2,B,Task-2,51,L,cross_Task-2,cross_subject,A_to_B,R,2.70640622,2.31531524,0.820713123,-0.429622145
B_Task-2,B,Task-2,52,L,cross_Task-2,cross_subject,A_to_B,R,1.76858259,1.80237021,0.276252024,-0.310039646
B_Task-2,B,Task-2,53,R,cross_Task-2,cross_subject,A_to_B,L,-0.702951018,-0.436963394,-0.308757775,0.0427701509
B_Task-2,B,Task-2,55,R,cross_Task-2,cross_subject,A_to_B,R,0.391062421,-0.0846297692,0.309078379,0.16661381
B_Task-2,B,Task-2,58,L,cross_Task-2,cross_subject,A_to_B,R,0.544952502,0.70354584,0.0486295027,-0.207222841
B_Task-2,B,Task-2,59,L,cross_Task-2,cross_subject,A_to_B,R,0.654187324,0.922448927,0.0140357673,-0.28229737
B_Task-2,B,Task-2,60,L,cross_Task-2,cross_subject,A_to_B,R,3.87384015,3.05742874,1.15414089,-0.337729479
B_Task-2,B,Task-2,61,L,cross_Task-2,cross_subject,A_to_B,R,0.0888550659,0.605898038,-0.198080418,-0.318962554
B_Task-2,B,Task-2,62,R,cross_Task-2,cross_subject,A_to_B,R,0.47639891,0.337885424,0.217789021,-0.0792755355
B_Task-2,B,Task-2,63,L,cross_Task-2,cross_subject,A_to_B,R,3.12093167,2.81663195,0.772142675,-0.467842955
B_Task-2,B,Task-2,64,L,cross_Task-2,cross_subject,A_to_B,L,-1.2631164,-1.83123232,0.252612802,0.315503117
B_Task-2,B,Task-2,65,R,cross_Task-2,cross_subject,A_to_B,R,1.51301221,0.478352991,0.751871134,0.282788081
B_Task-2,B,Task-2,66,R,cross_Task-2,cross_subject,A_to_B,R,1.96406864,1.25318571,1.085806,-0.374923073
B_Task-2,B,Task-2,67,R,cross_Task-2,cross_subject,A_to_B,R,0.457416028,0.167269391,0.127750905,0.162395732
B_Task-2,B,Task-2,68,R,cross_Task-2,cross_subject,A_to_B,R,1.98768204,2.18359092,0.0442231192,-0.240131996
B_Task-2,B,Task-2,69,L,cross_Task-2,cross_subject,A_to_B,L,-0.510183271,-0.854217552,0.0520360987,0.291998183
B_Task-2,B,Task-2,70,L,cross_Task-2,cross_subject,A_to_B,L,-3.42889656,-3.48880152,-0.663284125,0.723189086
B_Task-2,B,Task-2,71,R,cross_Task-2,cross_subject,A_to_B,R,2.65860377,2.48514271,0.617827468,-0.444366407
B_Task-2,B,Task-2,72,R,cross_Task-2,cross_subject,A_to_B,R,1.43769952,1.95742027,0.00243266435,-0.522153414
B_Task-2,B,Task-2,73,R,cross_Task-2,cross_subject,A_to_B,L,-0.805960402,-0.866407844,-0.0991680269,0.159615468
B_Task-2,B,Task-2,74,L,cross_Task-2,cross_subject,A_to_B,R,0.197539529,-0.0158156888,0.239840713,-0.0264854949
B_Task-2,B,Task-2,75,L,cross_Task-2,cross_subject,A_to_B,R,1.93756084,1.74428729,0.495734251,-0.302460711
B_Task-2,B,Task-2,76,R,cross_Task-2,cross_subject,A_to_B,R,1.2407354,0.992783118,0.574706259,-0.326753975
B_Task-2,B,Task-2,77,R,cross_Task-2,cross_subject,A_to_B,R,1.09143119,0.897924109,0.268954291,-0.0754472099
B_Task-2,B,Task-2,78,L,cross_Task-2,cross_subject,A_to_B,L,-0.517385049,-0.431607876,-0.216720626,0.130943453
B_Task-2,B,Task-2,79,L,cross_Task-2,cross_subject,A_to_B,R,0.695556537,-0.498862894,0.68415198,0.510267452
B_Task-2,B,Task-2,80,L,cross_Task-2,cross_subject,A_to_B,R,3.01545684,2.76043863,0.684583477,-0.42956527
B_Task-2,B,Task-2,81,R,cross_Task-2,cross_subject,A_to_B,L,-0.977743452,-0.950861281,-0.182034527,0.155152356
B_Task-2,B,Task-2,83,R,cross_Task-2,cross_subject,A_to_B,R,0.293447185,0.423601959,0.0392152134,-0.169369988
B_Task-2,B,Task-2,84,L,cross_Task-2,cross_subject,A_to_B,L,-1.02929702,-0.863411434,-0.259237072,0.0933514833
B_Task-2,B,Task-2,86,R,cross_Task-2,cross_subject,A_to_B,R,2.02503614,1.66686868,0.608311132,-0.250143679
B_Task-2,B,Task-2,87,L,cross_Task-2,cross_subject,A_to_B,L,-0.567452712,-0.619551417,-0.0420733727,0.0941720778
B_Task-2,B,Task-2,88,R,cross_Task-2,cross_subject,A_to_B,R,2.32773774,1.67022265,0.715486062,-0.0579709755
B_Task-2,B,Task-2,89,L,cross_Task-2,cross_subject,A_to_B,R,3.24127633,3.21784514,0.89790684,-0.874475646
B_Task-2,B,Task-2,90,R,cross_Task-2,cross_subject,A_to_B,R,3.2656738,2.72853302,0.83567057,-0.298529786
B_Task-2,B,Task-2,91,L,cross_Task-2,cross_subject,A_to_B,R,0.971988777,1.2449592,0.0473435513,-0.320313971
B_Task-2,B,Task-2,92,L,cross_Task-2,cross_subject,A_to_B,L,-1.77404194,-1.36317644,-0.891318478,0.480452977
B_Task-2,B,Task-2,93,R,cross_Task-2,cross_subject,A_to_B,L,-1.75872085,-1.73129583,-0.270430942,0.243005926
B_Task-2,B,Task-2,94,L,cross_Task-2,cross_subject,A_to_B,R,0.816672013,0.950465662,0.139838048,-0.273631697
B_Task-2,B,Task-2,95,R,cross_Task-2,cross_subject,A_to_B,L,-0.696880659,-0.583705227,-0.0997342841,-0.0134411481
B_Task-2,B,Task-2,96,R,cross_Task-2,cross_subject,A_to_B,R,1.24237718,-0.126474837,1.41304651,-0.0441944934
B_Task-2,B,Task-2,97,L,cross_Task-2,cross_subject,A_to_B,L,-1.80299101,-1.77104129,-0.304581661,0.272631948
B_Task-2,B,Task-2,98,L,cross_Task-2,cross_subject,A_to_B,R,1.76093612,1.41143916,0.470394165,-0.120897207
B_Task-2,B,Task-2,99,R,cross_Task-2,cross_subject,A_to_B,R,1.27191383,0.86475056,0.437877145,-0.0307138754
B_Task-2,B,Task-2,100,L,cross_Task-2,cross_subject,A_to_B,L,-3.86414327,-2.99386728,-1.14325835,0.272982356
A_Task-1,A,Task-1,1,L,cross_Pooled,cross_subject,B_to_A,R,0.624474298,0.31585561,0.283466191,0.0251524965
A_Task-1,A,Task-1,2,R,cross_Pooled,cross_subject,B_to_A,L,-0.412253379,0.125448899,-0.28556832,-0.252133958
A_Task-1,A,Task-1,4,L,cross_Pooled,cross_subject,B_to_A,R,1.04938742,0.0219706715,1.07339646,-0.0459797163
A_Task-1,A,Task-1,5,R,cross_Pooled,cross_subject,B_to_A,L,-0.308841745,-0.424627244,0.229082374,-0.113296874
A_Task-1,A,Task-1,6,L,cross_Pooled,cross_subject,B_to_A,L,-0.920714502,-0.228613151,-0.614460756,-0.0776405947
A_Task-1,A,Task-1,7,L,cross_Pooled,cross_subject,B_to_A,L,-0.620391047,-0.614300925,0.160058105,-0.166148228
A_Task-1,A,Task-1,8,L,cross_Pooled,cross_subject,B_to_A,L,-0.953505256,-0.331180141,-0.229679354,-0.392645761
A_Task-1,A,Task-1,9,R,cross_Pooled,cross_subject,B_to_A,L,-1.14459582,-0.245598313,-0.661231302,-0.237766202
A_Task-1,A,Task-1,10,R,cross_Pooled,cross_subject,B_to_A,L,-1.93865158,-1.00556055,-0.671880167,-0.26121087
A_Task-1,A,Task-1,11,R,cross_Pooled,cross_subject,B_to_A,L,-1.5187851,-0.555120996,-0.651531662,-0.31213244
A_Task-1,A,Task-1,12,R,cross_Pooled,cross_subject,B_to_A,L,-2.38402402,-1.11156586,-0.785603474,-0.486854679
A_Task-1,A,Task-1,13,L,cross_Pooled,cross_subject,B_to_A,L,-1.12725305,-0.432160914,-0.353489515,-0.341602618
A_Task-1,A,Task-1,15,R,cross_Pooled,cross_subject,B_to_A,L,-2.09195265,-0.602961112,-0.856229653,-0.632761887
A_Task-1,A,Task-1,16,L,cross_Pooled,cross_subject,B_to_A,L,-1.43805578,-0.632428186,-0.546859008,-0.258768585
A_Task-1,A,Task-1,17,R,cross_Pooled,cross_subject,B_to_A,L,-2.02057897,-0.952812263,-0.720648215,-0.347118493
A_Task-1,A,Task-1,18,L,cross_Pooled,cross_subject,B_to_A,L,-1.35946488,-0.358787097,-0.678754309,-0.321923475
A_Task-1,A,Task-1,19,L,cross_Pooled,cross_subject,B_to_A,L,-2.28836345,-0.730570655,-1.12584262,-0.43195017
A_Task-1,A,Task-1,21,L,cross_Pooled,cross_subject,B_to_A,L,-0.452359156,-0.297076535,-0.342688513,0.187405892
A_Task-1,A,Task-1,23,R,cross_Pooled,cross_subject,B_to_A,R,4.25028986,-0.471545742,3.14586849,1.57596711
A_Task-1,A,Task-1,24,L,cross_Pooled,cross_subject,B_to_A,L,-0.754639908,-0.602291179,0.150964878,-0.303313607
A_Task-1,A,Task-1,25,L,cross_Pooled,cross_subject,B_to_A,L,-1.36045723,-0.421313207,-0.759533968,-0.179610051
A_Task-1,A,Task-1,26,R,cross_Pooled,cross_subject,B_to_A,L,-1.18852056,-0.876885018,-0.103241868,-0.20839367
A_Task-1,A,Task-1,28,L,cross_Pooled,cross_subject,B_to_A,L,-1.72639035,-0.823861436,-0.316811245,-0.585717669
A_Task-1,A,Task-1,29,L,cross_Pooled,cross_subject,B_to_A,L,-1.76211433,-0.956028854,-0.363148616,-0.442936858
A_Task-1,A,Task-1,30,L,cross_Pooled,cross_subject,B_to_A,L,-0.434278879,-0.0421052004,-0.233523149,-0.15865053
A_Task-1,A,Task-1,31,L,cross_Pooled,cross_subject,B_to_A,L,-1.60899117,-0.51248607,-0.800474269,-0.296030827
A_Task-1,A,Task-1,32,R,cross_Pooled,cross_subject,B_to_A,L,-2.79441527,-1.10842934,-1.37700337,-0.308982554
A_Task-1,A,Task-1,33,R,cross_Pooled,cross_subject,B_to_A,L,-0.342156571,-0.123784708,0.00224994574,-0.220621808
A_Task-1,A,Task-1,34,L,cross_Pooled,cross_subject,B_to_A,L,-1.32908211,-0.644301028,-0.240563733,-0.444217354
A_Task-1,A,Task-1,35,R,cross_Pooled,cross_subject,B_to_A,L,-1.8813025,-0.852747214,-0.679046562,-0.349508723
A_Task-1,A,Task-1,38,L,cross_Pooled,cross_subject,B_to_A,L,-0.715441971,-0.148232359,-0.34866487,-0.218544741
A_Task-1,A,Task-1,42,R,cross_Pooled,cross_subject,B_to_A,L,-2.21670859,-0.548832427,-0.972989105,-0.694887056
A_Task-1,A,Task-1,43,L,cross_Pooled,cross_subject,B_to_A,R,1.68660392,0.790614586,0.642290826,0.253698512
A_Task-1,A,Task-1,44,R,cross_Pooled,cross_subject,B_to_A,R,0.824732386,0.303515389,0.537388034,-0.0161710367
A_Task-1,A,Task-1,45,L,cross_Pooled,cross_subject,B_to_A,R,0.441773018,0.235862715,0.0453637828,0.160546521
A_Task-1,A,Task-1,47,L,cross_Pooled,cross_subject,B_to_A,L,-0.782273462,-0.411896366,-0.127574156,-0.24280294
A_Task-1,A,Task-1,48,R,cross_Pooled,cross_subject,B_to_A,R,2.52087245,1.07394829,1.17768478,0.269239378
A_Task-1,A,Task-1,49,L,cross_Pooled,cross_subject,B_to_A,L,-1.79558774,-0.873675794,-0.609388948,-0.312522996
A_Task-1,A,Task-1,50,L,cross_Pooled,cross_subject,B_to_A,R,0.00674738609,0.121794832,0.0511178515,-0.166165297
A_Task-1,A,Task-1,51,R,cross_Pooled,cross_subject,B_to_A,L,-0.367355471,-0.695830934,0.380110813,-0.0516353506
A_Task-1,A,Task-1,52,R,cross_Pooled,cross_subject,B_to_A,L,-0.709599426,1.10466283,-0.728605552,-1.0856567
A_Task-1,A,Task-1,54,L,cross_Pooled,cross_subject,B_to_A,L,-2.61416368,-0.523154345,-1.11718395,-0.973825387
A_Task-1,A,Task-1,55,R,cross_Pooled,cross_subject,B_to_A,L,-2.61827996,-0.716329442,-1.7447406,-0.157209917
A_Task-1,A,Task-1,56,L,cross_Pooled,cross_subject,B_to_A,L,-0.0267165581,0.362438131,-0.552264648,0.163109959
A_Task-1,A,Task-1,57,L,cross_Pooled,cross_subject,B_to_A,R,0.40905724,0.029512794,0.374491398,0.00505304781
A_Task-1,A,Task-1,58,R,cross_Pooled,cross_subject,B_to_A,R,0.800624958,0.310391394,0.296618753,0.193614812
A_Task-1,A,Task-1,59,R,cross_Pooled,cross_subject,B_to_A,R,0.706227339,0.288258832,0.302267297,0.11570121
A_Task-1,A,Task-1,61,R,cross_Pooled,cross_subject,B_to_A,L,-1.19181733,-0.828788155,-0.225722454,-0.137306726
A_Task-1,A,Task-1,62,L,cross_Pooled,cross_subject,B_to_A,R,2.89417573,1.30224392,1.15398311,0.437948696
A_Task-1,A,Task-1,63,R,cross_Pooled,cross_subject,B_to_A,R,1.58123082,0.571181291,0.649807458,0.360242074
A_Task-1,A,Task-1,64,R,cross_Pooled,cross_subject,B_to_A,L,-0.790857614,-0.466148117,-0.0925504195,-0.232159078
A_Task-1,A,Task-1,65,L,cross_Pooled,cross_subject,B_to_A,L,-0.593913193,-0.115150428,-0.179487293,-0.299275471
A_Task-1,A,Task-1,66,R,cross_Pooled,cross_subject,B_to_A,R,2.67393939,1.29174551,0.93256021,0.449633669
A_Task-1,A,Task-1,67,L,cross_Pooled,cross_subject,B_to_A,L,-0.27736674,0.123947417,-0.297703584,-0.103610574
A_Task-1,A,Task-1,68,L,cross_Pooled,cross_subject,B_to_A,R,1.82873929,0.827073041,0.733354142,0.268312107
A_Task-1,A,Task-1,69,R,cross_Pooled,cross_subject,B_to_A,R,1.97662596,1.02438926,0.344816682,0.607420015
A_Task-1,A,Task-1,70,R,cross_Pooled,cross_subject,B_to_A,L,-0.731786764,-0.280094407,-0.271151097,-0.18054126
A_Task-1,A,Task-1,71,L,cross_Pooled,cross_subject,B_to_A,R,0.890914957,0.302676656,0.491003639,0.0972346618
A_Task-1,A,Task-1,72,R,cross_Pooled,cross_subject,B_to_A,R,1.27213658,0.528385458,0.792157661,-0.0484065379
A_Task-1,A,Task-1,73,L,cross_Pooled,cross_subject,B_to_A,L,-1.05141322,-0.419096928,-0.252817157,-0.379499139
A_Task-1,A,Task-1,74,R,cross_Pooled,cross_subject,B_to_A,L,-0.714977493,-0.620955249,-0.00662693945,-0.0873953047
A_Task-1,A,Task-1,75,L,cross_Pooled,cross_subject,B_to_A,L,-1.20888787,-0.345263044,-0.16142753,-0.702197294
A_Task-1,A,Task-1,76,R,cross_Pooled,cross_subject,B_to_A,L,-1.16848789,-0.645769516,-0.39337869,-0.129339682
A_Task-1,A,Task-1,78,L,cross_Pooled,cross_subject,B_to_A,R,4.37819947,-0.66740805,3.28704403,1.75856349
A_Task-1,A,Task-1,79,L,cross_Pooled,cross_subject,B_to_A,R,0.149023124,-0.121478413,0.272716667,-0.0022151304
A_Task-1,A,Task-1,80,L,cross_Pooled,cross_subject,B_to_A,R,1.88020016,0.880762261,0.838526969,0.160910928
A_Task-1,A,Task-1,81,L,cross_Pooled,cross_subject,B_to_A,R,0.61553693,0.238807542,0.383648866,-0.00691947867
A_Task-1,A,Task-1,82,R,cross_Pooled,cross_subject,B_to_A,L,-1.1561362,-0.49041512,-0.59122412,-0.0744969567
A_Task-1,A,Task-1,83,L,cross_Pooled,cross_subject,B_to_A,R,2.49494548,0.846955534,1.33490059,0.31308936
A_Task-1,A,Task-1,84,R,cross_Pooled,cross_subject,B_to_A,R,0.481163191,0.25869931,0.139482019,0.082981862
A_Task-1,A,Task-1,85,L,cross_Pooled,cross_subject,B_to_A,L,-0.532392744,-0.448674804,0.209338276,-0.293056216
A_Task-1,A,Task-1,86,R,cross_Pooled,cross_subject,B_to_A,L,-1.4082812,-0.397437223,-0.477082151,-0.533761828
A_Task-1,A,Task-1,87,R,cross_Pooled,cross_subject,B_to_A,R,1.39767317,0.736249441,0.380235732,0.281187997
A_Task-1,A,Task-1,89,R,cross_Pooled,cross_subject,B_to_A,R,0.551396081,0.331937928,0.19458189,0.0248762627
A_Task-1,A,Task-1,90,R,cross_Pooled,cross_subject,B_to_A,R,0.78292877,0.40539462,0.193980663,0.183553487
A_Task-1,A,Task-1,91,L,cross_Pooled,cross_subject,B_to_A,L,-0.798641762,-0.478085906,-0.118736426,-0.201819429
A_Task-1,A,Task-1,92,R,cross_Pooled,cross_subject,B_to_A,L,-0.17575079,-0.153646997,-0.0456627327,0.0235589399
A_Task-1,A,Task-1,93,R,cross_Pooled,cross_subject,B_to_A,R,1.66022658,0.620377827,0.864185304,0.175663444
A_Task-1,A,Task-1,94,R,cross_Pooled,cross_subject,B_to_A,R,0.712203461,0.292609034,0.313841394,0.105753033
A_Task-1,A,Task-1,95,L,cross_Pooled,cross_subject,B_to_A,L,-0.417800146,-0.130345996,-0.223724133,-0.0637300164
A_Task-1,A,Task-1,96,R,cross_Pooled,cross_subject,B_to_A,R,1.21051447,0.408375678,0.59462491,0.207513881
A_Task-1,A,Task-1,97,R,cross_Pooled,cross_subject,B_to_A,R,2.38534146,-1.01416389,2.42965198,0.96985337
A_Task-1,A,Task-1,98,L,cross_Pooled,cross_subject,B_to_A,L,-1.04013718,-0.26158337,-0.606108403,-0.172445405
A_Task-1,A,Task-1,99,L,cross_Pooled,cross_subject,B_to_A,R,1.18856844,0.355523262,0.666482786,0.166562396
A_Task-1,A,Task-1,100,R,cross_Pooled,cross_subject,B_to_A,R,0.587723956,0.136448224,0.491399352,-0.0401236198
A_Task-2,A,Task-2,1,R,cross_Pooled,cross_subject,B_to_A,L,-3.17516691,-0.272129522,-2.24756392,-0.655473469
A_Task-2,A,Task-2,2,L,cross_Pooled,cross_subject,B_to_A,L,-0.0894826155,-0.295289942,0.399908531,-0.194101204
A_Task-2,A,Task-2,3,L,cross_Pooled,cross_subject,B_to_A,L,-1.66497899,-0.619917267,-0.742350772,-0.302710946
A_Task-2,A,Task-2,4,L,cross_Pooled,cross_subject,B_to_A,L,-1.06068801,-0.420995584,-0.396218175,-0.243474253
A_Task-2,A,Task-2,5,R,cross_Pooled,cross_subject,B_to_A,L,-0.302002843,0.221065114,-0.457371197,-0.0656967596
A_Task-2,A,Task-2,6,L,cross_Pooled,cross_subject,B_to_A,R,7.2802271,3.32482824,2.46108446,1.4943144
A_Task-2,A,Task-2,7,R,cross_Pooled,cross_subject,B_to_A,L,-0.988013682,-0.572894067,-0.316831499,-0.0982881161
A_Task-2,A,Task-2,8,R,cross_Pooled,cross_subject,B_to_A,R,5.50526995,2.51801782,1.82168901,1.16556313
A_Task-2,A,Task-2,9,L,cross_Pooled,cross_subject,B_to_A,R,2.98960833,1.26830566,1.34753283,0.373769841
A_Task-2,A,Task-2,10,L,cross_Pooled,cross_subject,B_to_A,L,-0.981422043,-0.386032111,-0.308007951,-0.287381981
A_Task-2,A,Task-2,11,R,cross_Pooled,cross_subject,B_to_A,R,3.4394395,1.57841818,0.838979526,1.0220418
A_Task-2,A,Task-2,12,R,cross_Pooled,cross_subject,B_to_A,L,-4.51689211,-1.90658582,-1.5443703,-1.06593599
A_Task-2,A,Task-2,13,R,cross_Pooled,cross_subject,B_to_A,R,9.52173894,4.23435708,4.06163603,1.22574582
A_Task-2,A,Task-2,14,L,cross_Pooled,cross_subject,B_to_A,R,2.89640522,1.49146521,0.678818979,0.726121028
A_Task-2,A,Task-2,15,L,cross_Pooled,cross_subject,B_to_A,R,2.25581599,0.898222696,0.636395225,0.72119807
A_Task-2,A,Task-2,16,L,cross_Pooled,cross_subject,B_to_A,R,1.2123881,0.844442447,0.182879291,0.185066367
A_Task-2,A,Task-2,17,R,cross_Pooled,cross_subject,B_to_A,L,-5.20444646,-2.09119509,-2.21957959,-0.893671772
A_Task-2,A,Task-2,18,R,cross_Pooled,cross_subject,B_to_A,R,1.1653146,0.621857941,0.478618314,0.0648383423
A_Task-2,A,Task-2,19,L,cross_Pooled,cross_subject,B_to_A,R,2.70343182,0.836804082,1.5736603,0.292967438
A_Task-2,A,Task-2,20,L,cross_Pooled,cross_subject,B_to_A,R,4.11183699,2.0411342,1.03446806,1.03623473
A_Task-2,A,Task-2,21,R,cross_Pooled,cross_subject,B_to_A,R,7.65666436,2.9572449,3.19616502,1.50325444
A_Task-2,A,Task-2,22,L,cross_Pooled,cross_subject,B_to_A,R,6.45802232,3.09616106,2.01265418,1.34920708
A_Task-2,A,Task-2,23,R,cross_Pooled,cross_subject,B_to_A,L,-0.528540377,-0.666877355,0.296300396,-0.157963418
A_Task-2,A,Task-2,24,R,cross_Pooled,cross_subject,B_to_A,R,1.56656036,0.72325784,0.642671912,0.200630606
A_Task-2,A,Task-2,25,L,cross_Pooled,cross_subject,B_to_A,R,6.13936012,2.87597524,1.89996215,1.36342273
A_Task-2,A,Task-2,26,L,cross_Pooled,cross_subject,B_to_A,L,-1.34509806,-0.59096159,-0.497135367,-0.257001103
A_Task-2,A,Task-2,27,R,cross_Pooled,cross_subject,B_to_A,R,6.34401056,2.84321516,2.16203691,1.33875849
A_Task-2,A,Task-2,28,R,cross_Pooled,cross_subject,B_to_A,R,4.53057957,2.0835079,1.47557798,0.97149369
A_Task-2,A,Task-2,29,R,cross_Pooled,cross_subject,B_to_A,R,6.64448118,2.92096054,2.28249561,1.44102503
A_Task-2,A,Task-2,31,L,cross_Pooled,cross_subject,B_to_A,R,1.34630068,0.0585484901,1.08538321,0.202368979
A_Task-2,A,Task-2,32,L,cross_Pooled,cross_subject,B_to_A,R,1.13594519,0.467902301,0.656490763,0.0115521234
A_Task-2,A,Task-2,34,L,cross_Pooled,cross_subject,B_to_A,R,4.16666578,2.31473131,0.713632783,1.13830169
A_Task-2,A,Task-2,35,L,cross_Pooled,cross_subject,B_to_A,L,-1.84370398,-0.733334162,-0.693833469,-0.416536345
A_Task-2,A,Task-2,36,R,cross_Pooled,cross_subject,B_to_A,L,-0.177312865,-0.138786015,0.0125832107,-0.0511100602
A_Task-2,A,Task-2,37,R,cross_Pooled,cross_subject,B_to_A,L,-6.47119551,-2.17164314,-3.32195253,-0.977599834
A_Task-2,A,Task-2,38,L,cross_Pooled,cross_subject,B_to_A,R,0.332971724,0.220241992,0.109715298,0.00301443463
A_Task-2,A,Task-2,40,L,cross_Pooled,cross_subject,B_to_A,R,1.57836772,0.770271816,0.633273056,0.174822843
A_Task-2,A,Task-2,42,L,cross_Pooled,cross_subject,B_to_A,L,-1.44676858,-0.870133727,-0.252106473,-0.324528375
A_Task-2,A,Task-2,43,L,cross_Pooled,cross_subject,B_to_A,R,5.0782089,2.79066946,1.03960518,1.24793426
A_Task-2,A,Task-2,44,L,cross_Pooled,cross_subject,B_to_A,R,5.90071675,2.66452768,1.84225159,1.39393748
A_Task-2,A,Task-2,46,L,cross_Pooled,cross_subject,B_to_A,R,1.49002248,0.682272424,0.41918823,0.388561822
A_Task-2,A,Task-2,47,L,cross_Pooled,cross_subject,B_to_A,L,-0.867634188,-0.696967171,0.0652879144,-0.235954932
A_Task-2,A,Task-2,48,L,cross_Pooled,cross_subject,B_to_A,R,0.557250094,0.368433884,0.111970837,0.0768453728
A_Task-2,A,Task-2,49,R,cross_Pooled,cross_subject,B_to_A,R,0.179283038,-0.202729902,0.642518845,-0.260505904
A_Task-2,A,Task-2,50,R,cross_Pooled,cross_subject,B_to_A,L,-2.60688587,0.199496595,-1.88264367,-0.9237388
A_Task-2,A,Task-2,51,L,cross_Pooled,cross_subject,B_to_A,L,-8.28783667,-2.67469129,-3.55687953,-2.05626585
A_Task-2,A,Task-2,52,R,cross_Pooled,cross_subject,B_to_A,R,4.15551145,2.06026905,1.16461696,0.930625441
A_Task-2,A,Task-2,53,R,cross_Pooled,cross_subject,B_to_A,R,0.121488787,-0.0284007591,0.209012252,-0.0591227057
A_Task-2,A,Task-2,54,L,cross_Pooled,cross_subject,B_to_A,R,4.1149186,2.21399983,0.680874975,1.22004379
A_Task-2,A,Task-2,55,L,cross_Pooled,cross_subject,B_to_A,R,3.4790531,0.465840028,2.43851239,0.574700689
A_Task-2,A,Task-2,56,R,cross_Pooled,cross_subject,B_to_A,R,4.60387093,2.54457756,0.735697577,1.32359579
A_Task-2,A,Task-2,57,R,cross_Pooled,cross_subject,B_to_A,R,4.27181285,1.58352549,2.20638256,0.481904805
A_Task-2,A,Task-2,58,R,cross_Pooled,cross_subject,B_to_A,R,5.56964897,2.5743552,1.61833613,1.37695765
A_Task-2,A,Task-2,59,R,cross_Pooled,cross_subject,B_to_A,R,5.54556419,2.39168143,1.76786585,1.3860169
A_Task-2,A,Task-2,60,R,cross_Pooled,cross_subject,B_to_A,L,-0.950180856,-0.0438443759,-0.817799089,-0.0885373912
A_Task-2,A,Task-2,61,L,cross_Pooled,cross_subject,B_to_A,L,-0.17093829,-0.171420023,-0.0582097167,0.0586914498
A_Task-2,A,Task-2,62,R,cross_Pooled,cross_subject,B_to_A,R,5.39471712,2.30736809,1.52104186,1.56630717
A_Task-2,A,Task-2,64,L,cross_Pooled,cross_subject,B_to_A,L,-0.806752152,1.17788764,-2.46965521,0.485015422
A_Task-2,A,Task-2,65,R,cross_Pooled,cross_subject,B_to_A,R,3.63818929,1.91596082,0.772181336,0.950047129
A_Task-2,A,Task-2,66,L,cross_Pooled,cross_subject,B_to_A,R,7.24904113,2.75107521,3.1092343,1.38873163
A_Task-2,A,Task-2,67,R,cross_Pooled,cross_subject,B_to_A,R,1.20888966,0.89583376,-0.026387995,0.339443892
A_Task-2,A,Task-2,68,R,cross_Pooled,cross_subject,B_to_A,R,7.78816039,3.13524686,2.72618454,1.926729
A_Task-2,A,Task-2,69,L,cross_Pooled,cross_subject,B_to_A,L,-3.34907505,-1.28237568,-1.96081876,-0.105880607
A_Task-2,A,Task-2,70,L,cross_Pooled,cross_subject,B_to_A,R,7.43289797,3.32027524,2.23733736,1.87528537
A_Task-2,A,Task-2,71,R,cross_Pooled,cross_subject,B_to_A,L,-2.30197634,-0.741873373,-1.11404394,-0.446059032
A_Task-2,A,Task-2,72,R,cross_Pooled,cross_subject,B_to_A,L,-0.494378148,-0.653448094,0.398768597,-0.239698651
A_Task-2,A,Task-2,73,R,cross_Pooled,cross_subject,B_to_A,R,3.48272898,1.93874394,0.675042613,0.868942428
A_Task-2,A,Task-2,74,R,cross_Pooled,cross_subject,B_to_A,R,4.13619215,2.07735239,0.904144867,1.15469489
A_Task-2,A,Task-2,75,L,cross_Pooled,cross_subject,B_to_A,R,0.537925623,0.373609164,0.0825656863,0.0817507724
A_Task-2,A,Task-2,76,L,cross_Pooled,cross_subject,B_to_A,R,0.536675542,0.333716299,0.334221462,-0.131262219
A_Task-2,A,Task-2,77,L,cross_Pooled,cross_subject,B_to_A,R,4.96261579,2.56624549,1.10935514,1.28701517
A_Task-2,A,Task-2,78,R,cross_Pooled,cross_subject,B_to_A,R,6.91848159,2.96059897,2.78329699,1.17458563
A_Task-2,A,Task-2,79,L,cross_Pooled,cross_subject,B_to_A,L,-0.294292567,-0.0224163302,-0.0797564149,-0.192119822
A_Task-2,A,Task-2,81,L,cross_Pooled,cross_subject,B_to_A,R,8.71056557,3.57091858,3.00917412,2.13047287
A_Task-2,A,Task-2,82,R,cross_Pooled,cross_subject,B_to_A,L,-8.64446486,-4.31776318,-2.59457829,-1.7321234
A_Task-2,A,Task-2,83,R,cross_Pooled,cross_subject,B_to_A,R,4.97878783,2.48832285,1.14134516,1.34911982
A_Task-2,A,Task-2,84,L,cross_Pooled,cross_subject,B_to_A,R,5.5929251,2.57480891,1.97562645,1.04248974
A_Task-2,A,Task-2,85,R,cross_Pooled,cross_subject,B_to_A,R,5.06851451,2.08883598,1.94298011,1.03669842
A_Task-2,A,Task-2,87,L,cross_Pooled,cross_subject,B_to_A,L,-1.51559125,-0.387766799,-1.29343011,0.165605657
A_Task-2,A,Task-2,88,R,cross_Pooled,cross_subject,B_to_A,L,-1.97463182,-0.072950476,-1.69339725,-0.20828409
A_Task-2,A,Task-2,89,L,cross_Pooled,cross_subject,B_to_A,R,4.54453619,2.06955364,1.29664726,1.17833528
A_Task-2,A,Task-2,90,L,cross_Pooled,cross_subject,B_to_A,R,4.04270221,2.23540523,1.03974269,0.767554283
A_Task-2,A,Task-2,91,L,cross_Pooled,cross_subject,B_to_A,L,-0.646014596,-0.386812629,0.0727609872,-0.331962954
A_Task-2,A,Task-2,92,L,cross_Pooled,cross_subject,B_to_A,L,-1.6281973,0.710472252,-2.61717004,0.278500487
A_Task-2,A,Task-2,93,R,cross_Pooled,cross_subject,B_to_A,R,6.14017866,2.7199292,2.12371957,1.29652988
A_Task-2,A,Task-2,94,L,cross_Pooled,cross_subject,B_to_A,R,11.838944,3.1847897,6.68732587,1.96682845
A_Task-2,A,Task-2,95,L,cross_Pooled,cross_subject,B_to_A,R,5.95792071,2.81898558,1.6639582,1.47497693
A_Task-2,A,Task-2,96,L,cross_Pooled,cross_subject,B_to_A,L,-2.3009383,-0.245023531,-1.62537702,-0.430537748
A_Task-2,A,Task-2,97,L,cross_Pooled,cross_subject,B_to_A,L,-3.53439987,-1.40876706,-1.36779969,-0.757833127
A_Task-2,A,Task-2,98,L,cross_Pooled,cross_subject,B_to_A,R,2.39932854,0.982861084,0.843714839,0.57275262
A_Task-2,A,Task-2,99,L,cross_Pooled,cross_subject,B_to_A,L,-0.926447399,-0.598786689,-0.174308571,-0.15335214
A_Task-2,A,Task-2,100,L,cross_Pooled,cross_subject,B_to_A,R,5.34146789,2.47402409,1.37978626,1.48765755
B_Task-1,B,Task-1,1,L,cross_Pooled,cross_subject,A_to_B,R,0.18634875,0.0386595846,0.127913563,0.0197756024
B_Task-1,B,Task-1,2,L,cross_Pooled,cross_subject,A_to_B,L,-0.607607258,-0.371105007,-0.0923825396,-0.144119712
B_Task-1,B,Task-1,3,R,cross_Pooled,cross_subject,A_to_B,L,-0.550244632,-0.387531007,-0.0327531915,-0.129960434
B_Task-1,B,Task-1,4,L,cross_Pooled,cross_subject,A_to_B,L,-0.513880058,-0.348007313,-0.0866127465,-0.0792599988
B_Task-1,B,Task-1,5,R,cross_Pooled,cross_subject,A_to_B,L,-0.108648439,-0.0238498878,-0.0135140412,-0.0712845102
B_Task-1,B,Task-1,6,R,cross_Pooled,cross_subject,A_to_B,R,0.37087997,-1.7896995,1.26053597,0.900043501
B_Task-1,B,Task-1,7,R,cross_Pooled,cross_subject,A_to_B,L,-0.0834257519,-0.160453788,0.188849694,-0.111821659
B_Task-1,B,Task-1,8,L,cross_Pooled,cross_subject,A_to_B,L,-0.562870789,-0.354470366,-0.138106326,-0.0702940962
B_Task-1,B,Task-1,9,L,cross_Pooled,cross_subject,A_to_B,L,-0.975665519,-0.53730143,-0.37223988,-0.066124209
B_Task-1,B,Task-1,10,L,cross_Pooled,cross_subject,A_to_B,L,-0.0122797196,0.175187692,-0.0117168749,-0.175750536
B_Task-1,B,Task-1,11,R,cross_Pooled,cross_subject,A_to_B,L,-0.105227669,0.0217332782,-0.119241507,-0.00771944
B_Task-1,B,Task-1,12,L,cross_Pooled,cross_subject,A_to_B,R,0.520961899,0.2613908,0.127190599,0.1323805
B_Task-1,B,Task-1,13,R,cross_Pooled,cross_subject,A_to_B,R,0.96857693,0.501434294,0.382641956,0.084500681
B_Task-1,B,Task-1,15,L,cross_Pooled,cross_subject,A_to_B,L,-0.207337716,-0.148477119,0.159167697,-0.218028294
B_Task-1,B,Task-1,16,R,cross_Pooled,cross_subject,A_to_B,R,0.596731013,0.323925962,0.227794901,0.0450101507
B_Task-1,B,Task-1,17,L,cross_Pooled,cross_subject,A_to_B,R,0.167857364,-0.675109559,0.766560849,0.0764060743
B_Task-1,B,Task-1,18,L,cross_Pooled,cross_subject,A_to_B,R,0.0401806263,-0.290989176,0.151905768,0.179264034
B_Task-1,B,Task-1,19,R,cross_Pooled,cross_subject,A_to_B,R,0.0134448108,-0.173695117,0.256180045,-0.0690401173
B_Task-1,B,Task-1,20,L,cross_Pooled,cross_subject,A_to_B,R,0.354202238,-0.764367695,0.966621117,0.151948817
B_Task-1,B,Task-1,21,R,cross_Pooled,cross_subject,A_to_B,L,-0.513486009,-0.343314529,-0.0829584872,-0.0872129931
B_Task-1,B,Task-1,22,R,cross_Pooled,cross_subject,A_to_B,R,0.0932407183,0.0716664221,0.0978710585,-0.0762967622
B_Task-1,B,Task-1,24,R,cross_Pooled,cross_subject,A_to_B,L,-0.828964937,-1.44305373,0.392483956,0.221604833
B_Task-1,B,Task-1,26,R,cross_Pooled,cross_subject,A_to_B,L,-0.403632454,-0.021921237,-0.0119136546,-0.369797562
B_Task-1,B,Task-1,27,R,cross_Pooled,cross_subject,A_to_B,R,0.32054548,0.193156798,0.0854395817,0.0419491008
B_Task-1,B,Task-1,28,R,cross_Pooled,cross_subject,A_to_B,R,0.235738575,-0.0866000379,0.195953421,0.126385191
B_Task-1,B,Task-1,29,R,cross_Pooled,cross_subject,A_to_B,R,0.593813584,0.348689313,0.126496594,0.118627676
B_Task-1,B,Task-1,30,L,cross_Pooled,cross_subject,A_to_B,L,-0.325159562,-0.173881685,0.0231812856,-0.174459162
B_Task-1,B,Task-1,31,R,cross_Pooled,cross_subject,A_to_B,L,-0.348194439,-0.240940351,0.0610099068,-0.168263995
B_Task-1,B,Task-1,32,L,cross_Pooled,cross_subject,A_to_B,L,-0.446334814,-0.265213849,-0.0987811699,-0.0823397948
B_Task-1,B,Task-1,33,L,cross_Pooled,cross_subject,A_to_B,L,-0.381258591,-0.206471059,-0.0961361162,-0.0786514155
B_Task-1,B,Task-1,34,R,cross_Pooled,cross_subject,A_to_B,R,0.885441439,0.595986858,0.164703399,0.124751182
B_Task-1,B,Task-1,35,L,cross_Pooled,cross_subject,A_to_B,L,-0.156161229,-0.284252854,0.103005694,0.0250859308
B_Task-1,B,Task-1,37,L,cross_Pooled,cross_subject,A_to_B,L,-0.035193558,-0.397911574,0.542279153,-0.179561137
B_Task-1,B,Task-1,38,L,cross_Pooled,cross_subject,A_to_B,L,-0.571469036,-0.286274865,-0.148155574,-0.137038597
B_Task-1,B,Task-1,39,R,cross_Pooled,cross_subject,A_to_B,R,0.135923529,0.0325545685,0.123808902,-0.0204399423
B_Task-1,B,Task-1,40,R,cross_Pooled,cross_subject,A_to_B,L,-0.215216335,-0.177166954,0.102464468,-0.140513849
B_Task-1,B,Task-1,41,L,cross_Pooled,cross_subject,A_to_B,R,0.0339998403,-0.0491109348,0.0760523484,0.00705842668
B_Task-1,B,Task-1,42,R,cross_Pooled,cross_subject,A_to_B,L,-0.303226832,-1.12390519,0.678840527,0.141837829
B_Task-1,B,Task-1,43,R,cross_Pooled,cross_subject,A_to_B,L,-0.605236386,-0.405293739,-0.0491410413,-0.150801605
B_Task-1,B,Task-1,44,R,cross_Pooled,cross_subject,A_to_B,L,-0.0542567654,0.00438469952,-0.0322808799,-0.026360585
B_Task-1,B,Task-1,45,R,cross_Pooled,cross_subject,A_to_B,R,0.695065791,0.265415745,0.329987938,0.0996621077
B_Task-1,B,Task-1,47,L,cross_Pooled,cross_subject,A_to_B,L,-0.266763722,0.175321946,-0.0364575922,-0.405628076
B_Task-1,B,Task-1,48,R,cross_Pooled,cross_subject,A_to_B,R,0.326647819,-0.136962532,0.0886214326,0.374988918
B_Task-1,B,Task-1,49,R,cross_Pooled,cross_subject,A_to_B,R,0.159716507,0.116559039,-0.0120091104,0.0551665787
B_Task-1,B,Task-1,51,R,cross_Pooled,cross_subject,A_to_B,R,0.828493532,0.508329391,0.175514984,0.144649157
B_Task-1,B,Task-1,52,L,cross_Pooled,cross_subject,A_to_B,R,0.460849883,0.164440666,0.181444582,0.114964635
B_Task-1,B,Task-1,53,R,cross_Pooled,cross_subject,A_to_B,R,0.10023538,0.0184069685,0.183644337,-0.101815926
B_Task-1,B,Task-1,55,R,cross_Pooled,cross_subject,A_to_B,L,-0.278524953,0.100293546,-0.445631806,0.0668133074
B_Task-1,B,Task-1,56,L,cross_Pooled,cross_subject,A_to_B,L,-0.205515709,-0.249064438,0.0696132261,-0.0260644974
B_Task-1,B,Task-1,57,R,cross_Pooled,cross_subject,A_to_B,R,0.323259185,0.460425797,0.0423689607,-0.179535573
B_Task-1,B,Task-1,58,R,cross_Pooled,cross_subject,A_to_B,R,1.55705123,0.623031227,0.525203558,0.408816449
B_Task-1,B,Task-1,59,R,cross_Pooled,cross_subject,A_to_B,L,-0.299065649,-0.276422668,-0.0161617207,-0.00648126052
B_Task-1,B,Task-1,60,R,cross_Pooled,cross_subject,A_to_B,L,-0.674808277,-0.389939289,-0.135667077,-0.14920191
B_Task-1,B,Task-1,61,L,cross_Pooled,cross_subject,A_to_B,L,-0.339973346,-0.170273162,-0.206468295,0.0367681106
B_Task-1,B,Task-1,62,L,cross_Pooled,cross_subject,A_to_B,L,-1.32277121,-0.326721322,-0.372757447,-0.623292439
B_Task-1,B,Task-1,63,R,cross_Pooled,cross_subject,A_to_B,L,-0.577400141,-0.314274866,-0.130633863,-0.132491412
B_Task-1,B,Task-1,64,L,cross_Pooled,cross_subject,A_to_B,L,-0.800946917,-0.445341951,-0.217641249,-0.137963717
B_Task-1,B,Task-1,65,L,cross_Pooled,cross_subject,A_to_B,L,-1.38123261,-0.898704049,-0.208520936,-0.274007625
B_Task-1,B,Task-1,66,L,cross_Pooled,cross_subject,A_to_B,R,0.197215791,0.596477825,0.0487140802,-0.447976115
B_Task-1,B,Task-1,67,R,cross_Pooled,cross_subject,A_to_B,R,0.531821485,0.273459648,0.188156091,0.0702057467
B_Task-1,B,Task-1,68,R,cross_Pooled,cross_subject,A_to_B,L,-0.0815408217,-0.0495175439,-0.0216612578,-0.0103620199
B_Task-1,B,Task-1,69,L,cross_Pooled,cross_subject,A_to_B,L,-0.223430505,-0.136393148,-0.152524854,0.0654874971
B_Task-1,B,Task-1,70,L,cross_Pooled,cross_subject,A_to_B,L,-0.904491942,-0.242532349,-0.360038914,-0.301920679
B_Task-1,B,Task-1,71,R,cross_Pooled,cross_subject,A_to_B,L,-0.43857685,-0.184573157,-0.0773789326,-0.176624761
B_Task-1,B,Task-1,72,R,cross_Pooled,cross_subject,A_to_B,R,0.452745907,0.71162943,-0.0326996879,-0.226183835
B_Task-1,B,Task-1,73,L,cross_Pooled,cross_subject,A_to_B,L,-0.785793133,-0.373743417,-0.25548865,-0.156561066
B_Task-1,B,Task-1,74,L,cross_Pooled,cross_subject,A_to_B,L,-0.130134032,-0.0367435293,-0.240446636,0.147056134
B_Task-1,B,Task-1,75,R,cross_Pooled,cross_subject,A_to_B,R,0.0734910039,0.148936262,-0.00910959453,-0.0663356638
B_Task-1,B,Task-1,76,L,cross_Pooled,cross_subject,A_to_B,R,0.465610212,-0.824977306,0.935060125,0.355527393
B_Task-1,B,Task-1,77,L,cross_Pooled,cross_subject,A_to_B,L,-0.0643058577,-0.0260362661,0.00297374908,-0.0412433407
B_Task-1,B,Task-1,79,R,cross_Pooled,cross_subject,A_to_B,L,-0.14751324,-0.138361268,0.0651053402,-0.0742573121
B_Task-1,B,Task-1,80,L,cross_Pooled,cross_subject,A_to_B,R,0.582734708,0.287252126,0.265097944,0.0303846386
B_Task-1,B,Task-1,81,L,cross_Pooled,cross_subject,A_to_B,L,-0.462592049,-0.419875384,0.0340394029,-0.076756068
B_Task-1,B,Task-1,82,R,cross_Pooled,cross_subject,A_to_B,R,0.67086357,0.4501395,0.135734676,0.0849893942
B_Task-1,B,Task-1,83,L,cross_Pooled,cross_subject,A_to_B,R,0.721965717,0.550710005,0.166883986,0.00437172603
B_Task-1,B,Task-1,84,L,cross_Pooled,cross_subject,A_to_B,L,-0.201611109,-0.0683152914,-0.0745958698,-0.0586999479
B_Task-1,B,Task-1,85,R,cross_Pooled,cross_subject,A_to_B,L,-0.185788034,0.272401613,-0.102095555,-0.356094092
B_Task-1,B,Task-1,86,L,cross_Pooled,cross_subject,A_to_B,L,-1.35296479,-0.721169496,-0.370320074,-0.261475218
B_Task-1,B,Task-1,87,L,cross_Pooled,cross_subject,A_to_B,L,-0.0443950681,-0.105123712,0.166064252,-0.105335608
B_Task-1,B,Task-1,89,L,cross_Pooled,cross_subject,A_to_B,L,-0.017848705,-1.68526454,1.01894995,0.648465883
B_Task-1,B,Task-1,90,L,cross_Pooled,cross_subject,A_to_B,L,-1.06536592,-0.590423582,-0.21407986,-0.26086248
B_Task-1,B,Task-1,91,R,cross_Pooled,cross_subject,A_to_B,L,-0.381593958,-0.193670751,-0.113157295,-0.074765912
B_Task-1,B,Task-1,93,L,cross_Pooled,cross_subject,A_to_B,L,-0.477238248,-0.316009418,-0.046208712,-0.115020118
B_Task-1,B,Task-1,94,R,cross_Pooled,cross_subject,A_to_B,L,-0.79424719,-0.463166073,-0.217876935,-0.113204181
B_Task-1,B,Task-1,95,L,cross_Pooled,cross_subject,A_to_B,R,0.11338408,0.0779753397,0.0169817144,0.0184270256
B_Task-1,B,Task-1,96,R,cross_Pooled,cross_subject,A_to_B,L,-0.614267671,-0.401533526,-0.0993928601,-0.113341285
B_Task-1,B,Task-1,97,L,cross_Pooled,cross_subject,A_to_B,L,-0.0823588804,0.825440928,-0.425055482,-0.482744326
B_Task-1,B,Task-1,98,R,cross_Pooled,cross_subject,A_to_B,L,-0.488139863,-0.348059234,-0.0613855453,-0.0786950835
B_Task-1,B,Task-1,99,R,cross_Pooled,cross_subject,A_to_B,L,-0.38931856,-0.271876258,-0.122630555,0.00518825254
B_Task-1,B,Task-1,100,R,cross_Pooled,cross_subject,A_to_B,L,-0.303018776,0.0328832544,0.0353751511,-0.371277181
B_Task-2,B,Task-2,1,L,cross_Pooled,cross_subject,A_to_B,R,0.186780114,0.153646254,0.126151751,-0.093017891
B_Task-2,B,Task-2,2,L,cross_Pooled,cross_subject,A_to_B,L,-0.702280084,-0.444138061,-0.0787838467,-0.179358176
B_Task-2,B,Task-2,3,L,cross_Pooled,cross_subject,A_to_B,R,0.557343763,0.312385711,0.114697209,0.130260844
B_Task-2,B,Task-2,4,R,cross_Pooled,cross_subject,A_to_B,R,0.794191708,0.377675393,0.235572146,0.180944168
B_Task-2,B,Task-2,5,L,cross_Pooled,cross_subject,A_to_B,L,-0.421391415,-0.219285832,-0.0868193379,-0.115286245
B_Task-2,B,Task-2,6,R,cross_Pooled,cross_subject,A_to_B,L,-0.259555983,-0.0647802398,-0.0979387764,-0.0968369663
B_Task-2,B,Task-2,7,R,cross_Pooled,cross_subject,A_to_B,R,2.26321412,1.28686063,0.407618488,0.568735
B_Task-2,B,Task-2,8,R,cross_Pooled,cross_subject,A_to_B,R,1.97561306,1.15844425,0.332194126,0.484974684
B_Task-2,B,Task-2,9,R,cross_Pooled,cross_subject,A_to_B,R,0.486911322,0.234157781,0.130264291,0.12248925
B_Task-2,B,Task-2,11,R,cross_Pooled,cross_subject,A_to_B,R,1.92130704,1.17805283,0.328193911,0.415060295
B_Task-2,B,Task-2,12,R,cross_Pooled,cross_subject,A_to_B,L,-0.292793023,-0.247285963,0.0562986606,-0.101805721
B_Task-2,B,Task-2,13,R,cross_Pooled,cross_subject,A_to_B,L,-0.463491038,-0.208145857,-0.176796307,-0.0785488748
B_Task-2,B,Task-2,15,R,cross_Pooled,cross_subject,A_to_B,L,-0.599099885,-0.359131478,-0.0652446351,-0.174723772
B_Task-2,B,Task-2,17,L,cross_Pooled,cross_subject,A_to_B,R,0.734382727,0.710968225,-0.246269814,0.269684316
B_Task-2,B,Task-2,18,R,cross_Pooled,cross_subject,A_to_B,R,0.0535501548,0.143513716,-0.147763645,0.0578000842
B_Task-2,B,Task-2,19,R,cross_Pooled,cross_subject,A_to_B,R,0.0723460414,-0.0188586106,0.102498934,-0.0112942815
B_Task-2,B,Task-2,20,L,cross_Pooled,cross_subject,A_to_B,R,2.02371398,1.6301273,-0.0747402037,0.468326877
B_Task-2,B,Task-2,21,R,cross_Pooled,cross_subject,A_to_B,R,2.49574646,1.49556572,0.394816629,0.605364111
B_Task-2,B,Task-2,22,R,cross_Pooled,cross_subject,A_to_B,R,0.496936509,0.189447908,0.111708137,0.195780463
B_Task-2,B,Task-2,24,L,cross_Pooled,cross_subject,A_to_B,R,4.31701,2.37038349,1.16720876,0.779417759
B_Task-2,B,Task-2,25,L,cross_Pooled,cross_subject,A_to_B,R,0.605364171,0.321696163,-0.0133973359,0.297065344
B_Task-2,B,Task-2,26,R,cross_Pooled,cross_subject,A_to_B,R,1.46597306,0.787519893,0.313714453,0.364738718
B_Task-2,B,Task-2,27,L,cross_Pooled,cross_subject,A_to_B,R,0.919713743,0.235647369,0.697926302,-0.0138599283
B_Task-2,B,Task-2,28,L,cross_Pooled,cross_subject,A_to_B,L,-0.104181362,-0.0579037182,-0.022263588,-0.0240140555
B_Task-2,B,Task-2,29,L,cross_Pooled,cross_subject,A_to_B,R,1.77852673,1.05891261,0.23406186,0.485552263
B_Task-2,B,Task-2,30,R,cross_Pooled,cross_subject,A_to_B,L,-0.697305154,-0.307400893,-0.168131808,-0.221772453
B_Task-2,B,Task-2,31,R,cross_Pooled,cross_subject,A_to_B,R,0.91354283,0.633840179,0.0304011173,0.249301534
B_Task-2,B,Task-2,32,R,cross_Pooled,cross_subject,A_to_B,R,0.309785667,0.0501878145,0.259187189,0.000410662802
B_Task-2,B,Task-2,33,R,cross_Pooled,cross_subject,A_to_B,R,1.9665427,1.26555105,0.11478622,0.586205431
B_Task-2,B,Task-2,34,R,cross_Pooled,cross_subject,A_to_B,L,-0.438511442,-0.304372,-0.16839919,0.0342597478
B_Task-2,B,Task-2,35,L,cross_Pooled,cross_subject,A_to_B,L,-0.584308609,-0.417862161,0.0549353503,-0.221381799
B_Task-2,B,Task-2,36,R,cross_Pooled,cross_subject,A_to_B,R,1.34329093,0.924544168,0.0847530834,0.333993675
B_Task-2,B,Task-2,37,L,cross_Pooled,cross_subject,A_to_B,L,-0.916955226,-0.435859527,-0.305759847,-0.175335853
B_Task-2,B,Task-2,38,L,cross_Pooled,cross_subject,A_to_B,R,0.408785536,0.414303296,-0.226250554,0.220732793
B_Task-2,B,Task-2,39,R,cross_Pooled,cross_subject,A_to_B,L,-0.717373754,-0.371056844,-0.191040101,-0.155276809
B_Task-2,B,Task-2,40,R,cross_Pooled,cross_subject,A_to_B,R,1.24759904,0.84352429,0.00415624535,0.399918507
B_Task-2,B,Task-2,41,R,cross_Pooled,cross_subject,A_to_B,L,-0.53278625,-0.286384405,0.00278353422,-0.249185379
B_Task-2,B,Task-2,42,L,cross_Pooled,cross_subject,A_to_B,R,2.29344409,1.28248165,0.337207174,0.673755264
B_Task-2,B,Task-2,44,R,cross_Pooled,cross_subject,A_to_B,R,1.58880172,0.917537939,0.21083745,0.460426331
B_Task-2,B,Task-2,45,L,cross_Pooled,cross_subject,A_to_B,L,-0.133401396,0.207695291,-0.1666678,-0.174428888
B_Task-2,B,Task-2,46,L,cross_Pooled,cross_subject,A_to_B,R,2.32767555,1.40980632,0.366263369,0.551605868
B_Task-2,B,Task-2,47,R,cross_Pooled,cross_subject,A_to_B,R,0.328529596,0.174585777,0.180669454,-0.0267256349
B_Task-2,B,Task-2,48,L,cross_Pooled,cross_subject,A_to_B,R,2.56809112,1.33128763,0.629201619,0.607601866
B_Task-2,B,Task-2,49,R,cross_Pooled,cross_subject,A_to_B,R,1.45463823,0.781141786,0.307784603,0.365711843
B_Task-2,B,Task-2,51,L,cross_Pooled,cross_subject,A_to_B,R,2.02972159,1.12454901,0.399174165,0.505998415
B_Task-2,B,Task-2,52,L,cross_Pooled,cross_subject,A_to_B,R,1.39878825,0.897126923,0.10346153,0.398199792
B_Task-2,B,Task-2,53,R,cross_Pooled,cross_subject,A_to_B,L,-0.538787115,-0.197611919,-0.235239326,-0.10593587
B_Task-2,B,Task-2,55,R,cross_Pooled,cross_subject,A_to_B,R,0.0582606239,0.0400089724,0.128977422,-0.110725771
B_Task-2,B,Task-2,58,L,cross_Pooled,cross_subject,A_to_B,R,0.606451078,0.387902214,-0.0183940116,0.236942875
B_Task-2,B,Task-2,59,L,cross_Pooled,cross_subject,A_to_B,R,0.441964073,0.357110938,-0.0704062704,0.155259406
B_Task-2,B,Task-2,60,L,cross_Pooled,cross_subject,A_to_B,R,2.71208157,1.52913475,0.600699068,0.582247753
B_Task-2,B,Task-2,61,L,cross_Pooled,cross_subject,A_to_B,R,0.433912484,0.314661424,-0.170185649,0.289436709
B_Task-2,B,Task-2,62,R,cross_Pooled,cross_subject,A_to_B,R,0.443826111,0.239190402,0.0718683251,0.132767385
B_Task-2,B,Task-2,63,L,cross_Pooled,cross_subject,A_to_B,R,2.20417233,1.32790675,0.376022232,0.50024335
B_Task-2,B,Task-2,64,L,cross_Pooled,cross_subject,A_to_B,L,-0.851574684,-0.742059161,0.0932716663,-0.202787188
B_Task-2,B,Task-2,65,R,cross_Pooled,cross_subject,A_to_B,R,0.821379436,0.379340638,0.396752907,0.0452858918
B_Task-2,B,Task-2,66,R,cross_Pooled,cross_subject,A_to_B,R,1.65321221,0.639058637,0.551781277,0.462372292
B_Task-2,B,Task-2,67,R,cross_Pooled,cross_subject,A_to_B,R,0.113677029,0.187280374,0.0171849393,-0.090788285
B_Task-2,B,Task-2,68,R,cross_Pooled,cross_subject,A_to_B,R,1.4464803,1.07414616,-0.0238206747,0.396154818
B_Task-2,B,Task-2,69,L,cross_Pooled,cross_subject,A_to_B,L,-0.346015013,-0.222494725,-0.0107630341,-0.112757254
B_Task-2,B,Task-2,70,L,cross_Pooled,cross_subject,A_to_B,L,-2.3609151,-1.41580548,-0.404029291,-0.54108033
B_Task-2,B,Task-2,71,R,cross_Pooled,cross_subject,A_to_B,R,1.98814452,1.18034087,0.288610747,0.519192905
B_Task-2,B,Task-2,72,R,cross_Pooled,cross_subject,A_to_B,R,1.2609535,0.906579998,-0.0711449753,0.425518481
B_Task-2,B,Task-2,73,R,cross_Pooled,cross_subject,A_to_B,L,-0.572973661,-0.33302692,-0.108630494,-0.131316247
B_Task-2,B,Task-2,74,L,cross_Pooled,cross_subject,A_to_B,R,0.18746136,0.0439370512,0.073450674,0.070073635
B_Task-2,B,Task-2,75,L,cross_Pooled,cross_subject,A_to_B,R,1.55925078,0.876483392,0.229599662,0.453167722
B_Task-2,B,Task-2,76,R,cross_Pooled,cross_subject,A_to_B,R,1.19763485,0.537341843,0.262242429,0.39805058
B_Task-2,B,Task-2,77,R,cross_Pooled,cross_subject,A_to_B,R,0.839538286,0.498583395,0.0977927077,0.243162183
B_Task-2,B,Task-2,78,L,cross_Pooled,cross_subject,A_to_B,L,-0.285247654,-0.0944031143,-0.171296874,-0.0195476655
B_Task-2,B,Task-2,79,L,cross_Pooled,cross_subject,A_to_B,R,0.308964011,0.0568980854,0.367282698,-0.115216772
B_Task-2,B,Task-2,80,L,cross_Pooled,cross_subject,A_to_B,R,2.19342582,1.32972344,0.330332157,0.533370221
B_Task-2,B,Task-2,81,R,cross_Pooled,cross_subject,A_to_B,L,-0.599414037,-0.345279314,-0.148560757,-0.105573966
B_Task-2,B,Task-2,83,R,cross_Pooled,cross_subject,A_to_B,R,0.286754672,0.196545741,-0.0346965133,0.124905444
B_Task-2,B,Task-2,84,L,cross_Pooled,cross_subject,A_to_B,L,-0.65019301,-0.356720514,-0.199105896,-0.0943665992
B_Task-2,B,Task-2,86,R,cross_Pooled,cross_subject,A_to_B,R,1.57495942,0.880848704,0.292498398,0.401612321
B_Task-2,B,Task-2,87,L,cross_Pooled,cross_subject,A_to_B,L,-0.351906684,-0.222586639,-0.070173815,-0.0591462303
B_Task-2,B,Task-2,88,R,cross_Pooled,cross_subject,A_to_B,R,1.56091295,0.909107645,0.370887503,0.280917805
B_Task-2,B,Task-2,89,L,cross_Pooled,cross_subject,A_to_B,R,2.7447735,1.44577906,0.437007306,0.861987131
B_Task-2,B,Task-2,90,R,cross_Pooled,cross_subject,A_to_B,R,2.23224083,1.34501366,0.420284998,0.466942173
B_Task-2,B,Task-2,91,L,cross_Pooled,cross_subject,A_to_B,R,0.632605368,0.513835961,-0.0417306361,0.160500043
B_Task-2,B,Task-2,92,L,cross_Pooled,cross_subject,A_to_B,L,-1.42117199,-0.504946331,-0.535471035,-0.380754623
B_Task-2,B,Task-2,93,R,cross_Pooled,cross_subject,A_to_B,L,-1.21178844,-0.744202312,-0.207394419,-0.26019171
B_Task-2,B,Task-2,94,L,cross_Pooled,cross_subject,A_to_B,R,0.688856214,0.446155548,0.019185639,0.223515027
B_Task-2,B,Task-2,95,R,cross_Pooled,cross_subject,A_to_B,L,-0.405062392,-0.246824985,-0.113641016,-0.0445963902
B_Task-2,B,Task-2,96,R,cross_Pooled,cross_subject,A_to_B,R,0.898591832,0.0382194364,0.736240856,0.124131539
B_Task-2,B,Task-2,97,L,cross_Pooled,cross_subject,A_to_B,L,-1.26227739,-0.751599363,-0.224670199,-0.286007828
B_Task-2,B,Task-2,98,L,cross_Pooled,cross_subject,A_to_B,R,1.11054094,0.71891599,0.208632472,0.182992474
B_Task-2,B,Task-2,99,R,cross_Pooled,cross_subject,A_to_B,R,0.878129566,0.521265865,0.200388561,0.15647514
B_Task-2,B,Task-2,100,L,cross_Pooled,cross_subject,A_to_B,L,-2.33469925,-1.32710157,-0.696334931,-0.311262749
