model,direction,time_s,xleft_outer,xleft_center,xmiddle_outer,xmiddle_center,xright_outer,xright_center
shape_wc,L,0,-0.0583010057,-0.0392290968,-0.0555777483,-0.0362064844,-0.0490845273,-0.0369349746
shape_wc,L,0.00390625,-0.0602449871,-0.0403570488,-0.0573401679,-0.0372445622,-0.0505643006,-0.0380026244
shape_wc,L,0.0078125,-0.0621676932,-0.0414627769,-0.0590755095,-0.0382578173,-0.0520149012,-0.0390487923
shape_wc,L,0.01171875,-0.0640656412,-0.042541809,-0.0607780175,-0.0392399591,-0.0534300368,-0.0400709386
shape_wc,L,0.015625,-0.0659359903,-0.0435887403,-0.0624437568,-0.0401866317,-0.0548056961,-0.041066352
shape_wc,L,0.01953125,-0.067778813,-0.0446005046,-0.0640745576,-0.0410998671,-0.0561445273,-0.0420341032
shape_wc,L,0.0234375,-0.069598803,-0.0455801152,-0.0656805317,-0.041991016,-0.0574584476,-0.0429769892
shape_wc,L,0.02734375,-0.0714046566,-0.0465380691,-0.0672780599,-0.0428785849,-0.0587659885,-0.0439015825
shape_wc,L,0.03125,-0.0732044809,-0.0474874654,-0.0688805418,-0.0437776693,-0.0600813596,-0.0448136608
shape_wc,L,0.03515625,-0.0749966385,-0.0484287969,-0.0704810698,-0.0446794897,-0.0613942562,-0.0457058496
shape_wc,L,0.0390625,-0.0767572032,-0.0493215595,-0.072028874,-0.045522208,-0.0626422506,-0.0465342741
shape_wc,L,0.04296875,-0.0784269317,-0.0500418995,-0.073403366,-0.0461560555,-0.0636794418,-0.0471811919
shape_wc,L,0.046875,-0.0799013905,-0.0503277784,-0.074389271,-0.0463051906,-0.0642442375,-0.0474010531
shape_wc,L,0.05078125,-0.0810270869,-0.0497153352,-0.0746533653,-0.0455255724,-0.0639256878,-0.0467491405
shape_wc,L,0.0546875,-0.081604422,-0.0474727908,-0.0737195483,-0.0431549152,-0.0621241743,-0.0444965686
shape_wc,L,0.05859375,-0.0813960061,-0.0425420225,-0.0709376604,-0.0382514771,-0.0580024645,-0.0395439735
shape_wc,L,0.0625,-0.0801373729,-0.0335022546,-0.0654453441,-0.0295258051,-0.0504298835,-0.0303570179
shape_wc,L,0.06640625,-0.0775469081,-0.0185728228,-0.0561311758,-0.0152824524,-0.0379343704,-0.0149547867
shape_wc,L,0.0703125,-0.073332701,0.00433029058,-0.0416174139,0.00659880752,-0.0186885911,0.00901929974
shape_wc,L,0.07421875,-0.0671954699,0.0374779031,-0.0202857602,0.0386089582,0.00944109287,0.0441293575
shape_wc,L,0.078125,-0.0588280582,0.0831578916,0.00963593864,0.0834607844,0.0487658539,0.0928934031
shape_wc,L,0.08203125,-0.0479128244,0.143472826,0.0499250573,0.143848623,0.101573932,0.157485211
shape_wc,L,0.0859375,-0.0341184222,0.220135613,0.102175648,0.222152247,0.169895197,0.239452936
shape_wc,L,0.08984375,-0.0170970967,0.314297208,0.167610973,0.320144484,0.255285652,0.339517436
shape_wc,L,0.09375,0.00351699509,0.426435853,0.246943073,0.438766765,0.358683796,0.457493762
shape_wc,L,0.09765625,0.0281084536,0.556324462,0.340312171,0.578017767,0.480366044,0.592344823
shape_wc,L,0.1015625,0.0570804265,0.703073455,0.447311829,0.736964423,0.619992345,0.742338882
shape_wc,L,0.10546875,0.0908531785,0.865225323,0.567076233,0.913845733,0.776701579,0.905255293
shape_wc,L,0.109375,0.129860106,1.04086195,0.698386398,1.1062138,0.949202359,1.07857451
shape_wc,L,0.11328125,0.17453868,1.22768395,0.83975052,1.31105353,1.13581315,1.25960058
shape_wc,L,0.1171875,0.225313002,1.42303626,0.989430907,1.52484447,1.33443204,1.44549302
shape_wc,L,0.12109375,0.282564874,1.62388276,1.14541891,1.7435672,1.54245129,1.63322104
shape_wc,L,0.125,0.346592006,1.82676373,1.30538817,1.96269739,1.75666276,1.81948603
shape_wc,L,0.12890625,0.417555076,2.02779006,1.4666732,2.17725432,1.9732165,2.00067709
shape_wc,L,0.1328125,0.495419339,2.22272635,1.62631628,2.38196421,2.18768864,2.17291991
shape_wc,L,0.13671875,0.579900049,2.4071878,1.78120171,2.57155969,2.39528535,2.33225021
shape_wc,L,0.140625,0.67042292,2.57693343,1.92826198,2.74117973,2.59116523,2.47489715
shape_wc,L,0.14453125,0.766110135,2.72819815,2.06471015,2.88678445,2.77082041,2.59761646
shape_wc,L,0.1484375,0.86579883,2.85798609,2.18824171,3.00548153,2.9304332,2.69798795
shape_wc,L,0.15234375,0.968093159,2.96425827,2.29716026,3.09568442,3.06713212,2.77459962
shape_wc,L,0.15625,1.07144441,3.04598153,2.39040914,3.15707699,3.17910351,2.82707756
shape_wc,L,0.16015625,1.17424793,3.10304835,2.46752104,3.19041797,3.265559,2.85597009
shape_wc,L,0.1640625,1.27494265,3.13611017,2.52851715,3.197258,3.32659558,2.86253553
shape_wc,L,0.16796875,1.37209895,3.14637892,2.5737919,3.17964935,3.36300287,2.84849994
shape_wc,L,0.171875,1.46448457,3.13544402,2.60401082,3.13990836,3.37606898,2.81584325
shape_wc,L,0.17578125,1.55110318,3.10513199,2.62003456,3.08045705,3.36741899,2.76664711
shape_wc,L,0.1796875,1.63120658,3.05741402,2.62286909,3.00373941,3.33889861,2.70300974
shape_wc,L,0.18359375,1.70428527,2.99435091,2.61363421,2.91218834,3.29249808,2.62701171
shape_wc,L,0.1875,1.77004483,2.91805812,2.5935396,2.80821463,3.23030188,2.54070742
shape_wc,L,0.19140625,1.82837492,2.83067552,2.56386036,2.6941952,3.15444863,2.44611987
shape_wc,L,0.1953125,1.87931658,2.73433406,2.52590799,2.57244977,3.06709084,2.34522589
shape_wc,L,0.19921875,1.92303147,2.63112117,2.48099838,2.44520777,2.9703523,2.23993277
shape_wc,L,0.203125,1.95977536,2.52305507,2.43042367,2.31457813,2.86628968,2.1320581
shape_wc,L,0.20703125,1.98987722,2.41208164,2.37543747,2.18253929,2.75687051,2.02333065
shape_wc,L,0.2109375,2.01372451,2.30010308,2.31726248,2.05096436,2.64397967,1.91542639
shape_wc,L,0.21484375,2.03175438,2.18903524,2.25712245,1.92168433,2.52945844,1.81004005
shape_wc,L,0.21875,2.04444806,2.08087145,2.19628885,1.7965722,2.41516482,1.70897049
shape_wc,L,0.22265625,2.05232427,1.9777135,2.13611855,1.67760923,2.30302592,1.6141767
shape_wc,L,0.2265625,2.05592593,1.88172453,2.07805082,1.56688266,2.19504173,1.52775091
shape_wc,L,0.23046875,2.05579606,1.79497361,2.02353593,1.46647277,2.09320452,1.45176895
shape_wc,L,0.234375,2.05244268,1.71917942,1.97388981,1.37822226,1.99932408,1.38801802
shape_wc,L,0.23828125,2.04629897,1.65540909,1.93010145,1.30343322,1.91479057,1.33765807
shape_wc,L,0.2421875,2.03768916,1.60382627,1.89265015,1.24258323,1.84034481,1.3009195
shape_wc,L,0.24609375,2.02681177,1.56358515,1.86139853,1.19516473,1.77593887,1.27694917
shape_wc,L,0.25,2.01374642,1.5329258,1.83560601,1.15971756,1.7207448,1.26387553
shape_wc,L,0.25390625,1.9984826,1.5094556,1.81406456,1.13405552,1.67331665,1.25908721
shape_wc,L,0.2578125,1.98096099,1.49053581,1.79531481,1.11561844,1.63185595,1.25964336
shape_wc,L,0.26171875,1.96111521,1.47366161,1.77787704,1.10184422,1.59450033,1.26269459
shape_wc,L,0.265625,1.93890386,1.45674037,1.76043693,1.09046392,1.55955977,1.26580561
shape_wc,L,0.26953125,1.91432798,1.43822232,1.74195209,1.07966644,1.5256567,1.26712149
shape_wc,L,0.2734375,1.88743475,1.4170933,1.72167793,1.0681314,1.49176604,1.26538039
shape_wc,L,0.27734375,1.85831194,1.39277769,1.69913513,1.05496824,1.4571814,1.2598208
shape_wc,L,0.28125,1.82707828,1.36501023,1.67405004,1.0396136,1.4214457,1.25004616
shape_wc,L,0.28515625,1.79387421,1.3337226,1.64629488,1.02173118,1.38427986,1.23589927
shape_wc,L,0.2890625,1.75885488,1.29896711,1.61584283,1.00113851,1.34552857,1.21737383
shape_wc,L,0.29296875,1.72218571,1.26087746,1.58274102,0.977764805,1.30512795,1.19456638
shape_wc,L,0.296875,1.68403958,1.21965402,1.54709671,0.951631248,1.26308918,1.16765626
shape_wc,L,0.30078125,1.64459466,1.17555802,1.50906926,0.922840993,1.21948968,1.13689736
shape_wc,L,0.3046875,1.60403202,1.12890409,1.46886234,0.89156915,1.17446443,1.10260933
shape_wc,L,0.30859375,1.56253293,1.08004714,1.42671391,0.858048549,1.12819451,1.06516322
shape_wc,L,0.3125,1.52027611,1.02936514,1.3828843,0.822552008,1.08089313,1.02496243
shape_wc,L,0.31640625,1.47743513,0.977241582,1.33764443,0.785374263,1.0327915,0.982423081
shape_wc,L,0.3203125,1.43417639,0.92405141,1.29126577,0.746816698,0.984126658,0.937957627
shape_wc,L,0.32421875,1.39065775,0.870151776,1.24401327,0.707176529,0.935132835,0.891963698
shape_wc,L,0.328125,1.3470276,0.815877476,1.19614093,0.666740387,0.886035998,0.8448181
shape_wc,L,0.33203125,1.30342453,0.761539498,1.14788957,0.625781089,0.837050983,0.796874433
shape_wc,L,0.3359375,1.25997704,0.707424988,1.09948558,0.584556109,0.788379991,0.748462525
shape_wc,L,0.33984375,1.21680355,0.653797429,1.05114025,0.543306571,0.740211602,0.699888255
shape_wc,L,0.34375,1.17401236,0.600896521,1.00304907,0.502256227,0.692719878,0.651433158
shape_wc,L,0.34765625,1.1317018,0.548937834,0.95539117,0.461610366,0.646063479,0.6033538
shape_wc,L,0.3515625,1.08996037,0.498112574,0.908328834,0.421554913,0.600384954,0.555881249
shape_wc,L,0.35546875,1.048867,0.448587744,0.862007402,0.382255951,0.555810393,0.50922099
shape_wc,L,0.359375,1.00849144,0.40050686,0.816555494,0.343859808,0.512449506,0.463553433
shape_wc,L,0.36328125,0.968894683,0.353991135,0.772085572,0.306493649,0.470396112,0.419034961
shape_wc,L,0.3671875,0.930129435,0.309140968,0.728694749,0.270266426,0.429728909,0.375799364
shape_wc,L,0.37109375,0.892240639,0.26603754,0.686465707,0.235270012,0.390512408,0.333959418
shape_wc,L,0.375,0.855265977,0.224744385,0.64546766,0.20158038,0.352797907,0.293608479
shape_wc,L,0.37890625,0.819236378,0.185308865,0.605757293,0.169258746,0.316624453,0.254821985
shape_wc,L,0.3828125,0.784176514,0.147763551,0.567379686,0.138352672,0.282019779,0.217658882
shape_wc,L,0.38671875,0.750105288,0.112127538,0.530369205,0.108897132,0.249001215,0.182162979
shape_wc,L,0.390625,0.717036306,0.0784077178,0.494750384,0.080915569,0.217576586,0.148364263
shape_wc,L,0.39453125,0.684978341,0.0466000281,0.460538799,0.0544209442,0.187745109,0.116280208
shape_wc,L,0.3984375,0.653935773,0.0166906661,0.427741922,0.0294167802,0.159498274,0.0859170448
shape_wc,L,0.40234375,0.623909018,-0.0113427481,0.396359952,0.00589817175,0.132820699,0.0572709909
shape_wc,L,0.40625,0.594894929,-0.0375300746,0.366386601,-0.0161472457,0.107690957,0.0303294207
shape_wc,L,0.41015625,0.566887176,-0.0619076362,0.337809844,-0.0367383878,0.0840823367,0.00507195312
shape_wc,L,0.4140625,0.539876601,-0.0845172843,0.310612612,-0.0558998769,0.0619635643,-0.0185285413
shape_wc,L,0.41796875,0.513851552,-0.105405543,0.284773432,-0.0736612631,0.0412994646,-0.0405050159
shape_wc,L,0.421875,0.488798193,-0.124622828,0.260267029,-0.0900563055,0.0220515704,-0.0608953982
shape_wc,L,0.42578125,0.464700787,-0.142222732,0.237064869,-0.10512231,0.00417868503,-0.0797418101
shape_wc,L,0.4296875,0.441541963,-0.158261369,0.215135673,-0.118899521,-0.0123626015,-0.0970898513
shape_wc,L,0.43359375,0.419302962,-0.172796786,0.194445879,-0.131430561,-0.0276174395,-0.112987944
shape_wc,L,0.4375,0.397963859,-0.185888418,0.174960072,-0.142759921,-0.041632289,-0.127486735
shape_wc,L,0.44140625,0.377503768,-0.197596608,0.156641369,-0.152933499,-0.0544545307,-0.140638557
shape_wc,L,0.4453125,0.357901033,-0.207982179,0.139451774,-0.161998185,-0.0661321155,-0.152496944
shape_wc,L,0.44921875,0.339133393,-0.217106046,0.123352489,-0.170001487,-0.0767132535,-0.163116196
shape_wc,L,0.453125,0.321178137,-0.225028886,0.108304199,-0.176991204,-0.0862461361,-0.172550997
shape_wc,L,0.45703125,0.304012243,-0.231810839,0.0942673247,-0.183015129,-0.0947786932,-0.180856074
shape_wc,L,0.4609375,0.287612502,-0.237511256,0.0812022423,-0.188120798,-0.102358379,-0.188085896
shape_wc,L,0.46484375,0.271955627,-0.242188474,0.0690694837,-0.192355259,-0.109031984,-0.194294416
shape_wc,L,0.46875,0.257018352,-0.245899631,0.057829908,-0.195764879,-0.114845477,-0.199534842
shape_wc,L,0.47265625,0.242777521,-0.248700502,0.0474448525,-0.198395177,-0.119843868,-0.20385944
shape_wc,L,0.4765625,0.229210163,-0.250645368,0.0378762622,-0.20029068,-0.124071087,-0.207319369
shape_wc,L,0.48046875,0.216293561,-0.251786909,0.0290868015,-0.201494802,-0.127569897,-0.209964542
shape_wc,L,0.484375,0.204005307,-0.252176112,0.021039948,-0.202049743,-0.130381805,-0.211843505
shape_wc,L,0.48828125,0.192323356,-0.251862209,0.013700071,-0.201996415,-0.132547008,-0.213003349
shape_wc,L,0.4921875,0.181226065,-0.250892624,0.00703249573,-0.201374369,-0.134104341,-0.213489631
shape_wc,L,0.49609375,0.170692234,-0.249312943,0.00100355494,-0.200221756,-0.135091244,-0.213346318
shape_wc,L,0.5,0.160701129,-0.247166891,-0.00441937099,-0.198575286,-0.135543738,-0.212615747
shape_wc,L,0.50390625,0.151232515,-0.244496325,-0.00926782404,-0.196470208,-0.135496411,-0.211338595
shape_wc,L,0.5078125,0.142266668,-0.241341242,-0.0135722478,-0.193940297,-0.134982416,-0.209553865
shape_wc,L,0.51171875,0.133784395,-0.237739785,-0.0173619746,-0.191017853,-0.134033474,-0.207298882
shape_wc,L,0.515625,0.125767043,-0.23372827,-0.0206652202,-0.187733703,-0.132679884,-0.204609298
shape_wc,L,0.51953125,0.118196505,-0.229341213,-0.0235090844,-0.184117221,-0.130950542,-0.201519105
shape_wc,L,0.5234375,0.111055228,-0.22461136,-0.0259195574,-0.180196341,-0.128872963,-0.198060655
shape_wc,L,0.52734375,0.104326214,-0.219569735,-0.0279215307,-0.175997582,-0.126473307,-0.194264692
shape_wc,L,0.53125,0.0979930135,-0.214245677,-0.0295388124,-0.171546082,-0.123776408,-0.190160376
shape_wc,L,0.53515625,0.0920397304,-0.20866689,-0.0307941461,-0.166865627,-0.120805811,-0.185775326
shape_wc,L,0.5390625,0.0864510111,-0.202859493,-0.0317092322,-0.161978686,-0.117583806,-0.181135659
shape_wc,L,0.54296875,0.0812120404,-0.19684807,-0.0323047525,-0.156906453,-0.114131465,-0.176266031
shape_wc,L,0.546875,0.0763085325,-0.190655728,-0.0326003962,-0.151668887,-0.110468685,-0.171189685
shape_wc,L,0.55078125,0.0717267221,-0.184304149,-0.032614888,-0.146284753,-0.106614226,-0.165928499
shape_wc,L,0.5546875,0.0674533539,-0.177813647,-0.0323660172,-0.140771664,-0.102585752,-0.160503031
shape_wc,L,0.55859375,0.0634756714,-0.171203222,-0.0318706679,-0.135146128,-0.0983998783,-0.154932572
shape_wc,L,0.5625,0.0597814052,-0.164490618,-0.0311448502,-0.129423593,-0.0940722074,-0.149235196
shape_wc,L,0.56640625,0.0563587601,-0.157692379,-0.030203731,-0.123618485,-0.0896173749,-0.143427809
shape_wc,L,0.5703125,0.0531964029,-0.150823902,-0.0290616662,-0.117744263,-0.0850490911,-0.1375262
shape_wc,L,0.57421875,0.0502834486,-0.143899491,-0.0277322322,-0.111813452,-0.0803801816,-0.13154509
shape_wc,L,0.578125,0.0476094476,-0.136932415,-0.0262282573,-0.105837694,-0.0756226291,-0.125498184
shape_wc,L,0.58203125,0.0451643714,-0.129934952,-0.024561853,-0.0998277882,-0.0707876132,-0.119398215
shape_wc,L,0.5859375,0.0429385997,-0.122918447,-0.0227444452,-0.0937937333,-0.0658855499,-0.113256996
shape_wc,L,0.58984375,0.0409229064,-0.115893358,-0.0207868041,-0.0877447678,-0.0609261296,-0.107085464
shape_wc,L,0.59375,0.0391084461,-0.108869306,-0.0186990743,-0.0816894103,-0.0559183548,-0.100893726
shape_wc,L,0.59765625,0.0374867407,-0.101855118,-0.016490804,-0.0756354983,-0.050870576,-0.0946911028
shape_wc,L,0.6015625,0.0360496662,-0.0948588744,-0.014170973,-0.0695902258,-0.0457905271,-0.088486172
shape_wc,L,0.60546875,0.0347894395,-0.087887953,-0.0117480209,-0.0635601792,-0.0406853589,-0.0822868094
shape_wc,L,0.609375,0.0336986056,-0.0809490681,-0.00922987337,-0.057551373,-0.0355616719,-0.0761002287
shape_wc,L,0.61328125,0.032770025,-0.074048312,-0.00662396848,-0.0515692825,-0.0304255478,-0.0699330199
shape_wc,L,0.6171875,0.0319968614,-0.067191193,-0.00393728153,-0.045618877,-0.0252825797,-0.0637911863
shape_wc,L,0.62109375,0.0313725697,-0.060382672,-0.00117634939,-0.0397046507,-0.0201379008,-0.05768018
shape_wc,L,0.625,0.0308908841,-0.0536271972,0.00165270624,-0.033830652,-0.0149962127,-0.0516049357
shape_wc,L,0.62890625,0.030545807,-0.046928738,0.00454415643,-0.0280005126,-0.00986181105,-0.0455699034
shape_wc,L,0.6328125,0.0303315978,-0.0402908167,0.00749264352,-0.0222174741,-0.00473861183,-0.0395790794
shape_wc,L,0.63671875,0.0302427621,-0.0337165385,0.0104931605,-0.016484414,0.000369825149,-0.0336360357
shape_wc,L,0.640625,0.0302740415,-0.0272086206,0.0135410311,-0.0108038707,0.00546027301,-0.0277439486
shape_wc,L,0.64453125,0.0304204032,-0.0207694195,0.0166318913,-0.0051780664,0.0105298159,-0.0219056251
shape_wc,L,0.6484375,0.030677031,-0.0144009568,0.0197616708,0.00039107031,0.0155758285,-0.0161235287
shape_wc,L,0.65234375,0.0310393149,-0.00810494378,0.0229265763,0.00590188352,0.0205959556,-0.0103998035
shape_wc,L,0.65625,0.0315028433,-0.00188280463,0.0261230747,0.01135297,0.0255880943,-0.00473629711
shape_wc,L,0.66015625,0.0320633931,0.00426430164,0.0293478777,0.0167431602,0.0305503757,0.000865417789
shape_wc,L,0.6640625,0.0327169223,0.0103354605,0.0325979269,0.0220715006,0.0354811483,0.00640402265
shape_wc,L,0.66796875,0.0334595614,0.0163299825,0.0358703797,0.0273372367,0.0403789621,0.0118784339
shape_wc,L,0.671875,0.0342876058,0.0222473847,0.0391625959,0.0325397972,0.0452425539,0.0172877845
shape_wc,L,0.67578125,0.0351975087,0.0280873735,0.042472125,0.0376787792,0.0500708332,0.0226314069
shape_wc,L,0.6796875,0.0361858733,0.0338498286,0.0457966941,0.0427539335,0.0548628683,0.0279088167
shape_wc,L,0.68359375,0.0372494468,0.0395347875,0.0491341967,0.0477651524,0.0596178749,0.0331196974
shape_wc,L,0.6875,0.038385113,0.0451424314,0.0524826816,0.0527124563,0.0643352034,0.0382638859
shape_wc,L,0.69140625,0.039589887,0.0506730715,0.0558403431,0.0575959827,0.0690143282,0.0433413597
shape_wc,L,0.6953125,0.0408609082,0.0561271371,0.0592055108,0.062415975,0.0736548376,0.0483522234
shape_wc,L,0.69921875,0.0421954354,0.0615051632,0.0625766413,0.0671727725,0.0782564238,0.0532966974
shape_wc,L,0.703125,0.0435908408,0.0668077803,0.0659523088,0.0718668007,0.0828188738,0.0581751071
shape_wc,L,0.70703125,0.0450446049,0.0720357035,0.0693311975,0.0764985625,0.0873420611,0.0629878718
shape_wc,L,0.7109375,0.0465543116,0.0771897237,0.0727120941,0.0810686298,0.0918259376,0.067735496
shape_wc,L,0.71484375,0.0481176433,0.0822706982,0.07609388,0.085577636,0.0962705261,0.0724185598
shape_wc,L,0.71875,0.0497323762,0.0872795431,0.0794755254,0.0900262685,0.100675914,0.0770377105
shape_wc,L,0.72265625,0.0513963763,0.0922172252,0.0828560822,0.0944152626,0.105042245,0.0815936554
shape_wc,L,0.7265625,0.0531075948,0.0970847552,0.0862346787,0.0987453944,0.109369716,0.0860871539
shape_wc,L,0.73046875,0.0548640646,0.101883181,0.0896105134,0.103017476,0.11365857,0.0905190115
shape_wc,L,0.734375,0.056663896,0.106613583,0.0929828502,0.10723235,0.117909089,0.0948900728
shape_wc,L,0.73828125,0.0585052735,0.111277065,0.0963510135,0.111390883,0.122121592,0.0992012164
shape_wc,L,0.7421875,0.0603864522,0.115874753,0.0997143832,0.115493965,0.126296431,0.103453349
shape_wc,L,0.74609375,0.0623057543,0.12040779,0.103072391,0.1195425,0.130433984,0.107647402
shape_wc,L,0.75,0.0642615665,0.124877329,0.106424515,0.123537407,0.134534653,0.111784325
shape_wc,L,0.75390625,0.0662523364,0.129284532,0.109770279,0.127479613,0.138598859,0.115865082
shape_wc,L,0.7578125,0.0682765703,0.133630563,0.113109245,0.131370052,0.142627042,0.119890649
shape_wc,L,0.76171875,0.0703328298,0.13791659,0.116441012,0.135209661,0.146619655,0.123862009
shape_wc,L,0.765625,0.07241973,0.142143777,0.119765215,0.138999378,0.150577162,0.12778015
shape_wc,L,0.76953125,0.0745359362,0.146313282,0.123081517,0.142740137,0.154500035,0.131646062
shape_wc,L,0.7734375,0.0766801623,0.150426259,0.126389611,0.146432872,0.158388753,0.135460733
shape_wc,L,0.77734375,0.0788511683,0.154483849,0.129689215,0.150078508,0.162243801,0.139225147
shape_wc,L,0.78125,0.081047758,0.158487184,0.132980071,0.153677962,0.166065663,0.142940285
shape_wc,L,0.78515625,0.0832687773,0.162437382,0.136261944,0.157232142,0.169854827,0.146607116
shape_wc,L,0.7890625,0.0855131122,0.166335545,0.139534615,0.160741947,0.173611777,0.150226604
shape_wc,L,0.79296875,0.0877796868,0.170182762,0.142797885,0.164208261,0.177336997,0.153799699
shape_wc,L,0.796875,0.0900674617,0.1739801,0.14605157,0.167631957,0.181030967,0.157327342
shape_wc,L,0.80078125,0.0923754327,0.177728611,0.149295501,0.171013892,0.18469416,0.160810456
shape_wc,L,0.8046875,0.0947026283,0.181429326,0.152529521,0.174354909,0.188327046,0.164249952
shape_wc,L,0.80859375,0.0970481094,0.185083256,0.155753485,0.177655834,0.191930087,0.167646726
shape_wc,L,0.8125,0.099410967,0.188691392,0.158967258,0.180917477,0.195503737,0.171001657
shape_wc,L,0.81640625,0.101790321,0.192254702,0.162170716,0.184140632,0.199048443,0.174315605
shape_wc,L,0.8203125,0.10418532,0.195774133,0.165363739,0.187326074,0.202564643,0.177589414
shape_wc,L,0.82421875,0.106595137,0.199250609,0.168546218,0.19047456,0.206052763,0.18082391
shape_wc,L,0.828125,0.109018973,0.202685032,0.171718048,0.19358683,0.209513223,0.184019899
shape_wc,L,0.83203125,0.111456051,0.206078282,0.174879132,0.196663605,0.21294643,0.187178169
shape_wc,L,0.8359375,0.11390562,0.209431215,0.178029373,0.199705587,0.216352782,0.190299489
shape_wc,L,0.83984375,0.116366948,0.212744664,0.181168683,0.202713461,0.219732665,0.193384607
shape_wc,L,0.84375,0.118839327,0.21601944,0.184296976,0.205687891,0.223086454,0.196434253
shape_wc,L,0.84765625,0.121322067,0.219256329,0.187414166,0.208629523,0.226414514,0.199449137
shape_wc,L,0.8515625,0.1238145,0.222456098,0.190520172,0.211538987,0.229717198,0.202429949
shape_wc,L,0.85546875,0.126315975,0.225619488,0.193614916,0.214416891,0.232994846,0.20537736
shape_wc,L,0.859375,0.12882586,0.22874722,0.196698318,0.217263826,0.236247789,0.208292021
shape_wc,L,0.86328125,0.13134354,0.231839991,0.199770302,0.220080365,0.239476346,0.211174565
shape_wc,L,0.8671875,0.133868415,0.234898478,0.202830791,0.222867065,0.242680823,0.214025603
shape_wc,L,0.87109375,0.136399903,0.237923335,0.20587971,0.22562446,0.245861518,0.216845731
shape_wc,L,0.875,0.138937437,0.240915195,0.208916983,0.228353073,0.249018713,0.219635523
shape_wc,L,0.87890625,0.141480463,0.243874671,0.211942534,0.231053405,0.252152683,0.222395535
shape_wc,L,0.8828125,0.144028443,0.246802354,0.214956288,0.233725941,0.255263691,0.225126307
shape_wc,L,0.88671875,0.146580851,0.249698818,0.217958168,0.236371152,0.258351988,0.227828359
shape_wc,L,0.890625,0.149137174,0.252564614,0.220948098,0.23898949,0.261417814,0.230502194
shape_wc,L,0.89453125,0.151696914,0.255400275,0.223926,0.241581392,0.264461402,0.233148299
shape_wc,L,0.8984375,0.154259582,0.258206316,0.226891795,0.244147279,0.26748297,0.235767142
shape_wc,R,0,-0.0490845273,-0.0369349746,-0.0555777483,-0.0362064844,-0.0583010057,-0.0392290968
shape_wc,R,0.00390625,-0.0505643006,-0.0380026244,-0.0573401679,-0.0372445622,-0.0602449871,-0.0403570488
shape_wc,R,0.0078125,-0.0520149012,-0.0390487923,-0.0590755095,-0.0382578173,-0.0621676932,-0.0414627769
shape_wc,R,0.01171875,-0.0534300368,-0.0400709386,-0.0607780175,-0.0392399591,-0.0640656412,-0.042541809
shape_wc,R,0.015625,-0.0548056961,-0.041066352,-0.0624437568,-0.0401866317,-0.0659359903,-0.0435887403
shape_wc,R,0.01953125,-0.0561445273,-0.0420341032,-0.0640745576,-0.0410998671,-0.067778813,-0.0446005046
shape_wc,R,0.0234375,-0.0574584476,-0.0429769892,-0.0656805317,-0.041991016,-0.069598803,-0.0455801152
shape_wc,R,0.02734375,-0.0587659885,-0.0439015825,-0.0672780599,-0.0428785849,-0.0714046566,-0.0465380691
shape_wc,R,0.03125,-0.0600813596,-0.0448136608,-0.0688805418,-0.0437776693,-0.0732044809,-0.0474874654
shape_wc,R,0.03515625,-0.0613942562,-0.0457058496,-0.0704810698,-0.0446794897,-0.0749966385,-0.0484287969
shape_wc,R,0.0390625,-0.0626422506,-0.0465342741,-0.072028874,-0.045522208,-0.0767572032,-0.0493215595
shape_wc,R,0.04296875,-0.0636794418,-0.0471811919,-0.073403366,-0.0461560555,-0.0784269317,-0.0500418995
shape_wc,R,0.046875,-0.0642442375,-0.0474010531,-0.074389271,-0.0463051906,-0.0799013905,-0.0503277784
shape_wc,R,0.05078125,-0.0639256878,-0.0467491405,-0.0746533653,-0.0455255724,-0.0810270869,-0.0497153352
shape_wc,R,0.0546875,-0.0621241743,-0.0444965686,-0.0737195483,-0.0431549152,-0.081604422,-0.0474727908
shape_wc,R,0.05859375,-0.0580024645,-0.0395439735,-0.0709376604,-0.0382514771,-0.0813960061,-0.0425420225
shape_wc,R,0.0625,-0.0504298835,-0.0303570179,-0.0654453441,-0.0295258051,-0.0801373729,-0.0335022546
shape_wc,R,0.06640625,-0.0379343704,-0.0149547867,-0.0561311758,-0.0152824524,-0.0775469081,-0.0185728228
shape_wc,R,0.0703125,-0.0186885911,0.00901929974,-0.0416174139,0.00659880752,-0.073332701,0.00433029058
shape_wc,R,0.07421875,0.00944109287,0.0441293575,-0.0202857602,0.0386089582,-0.0671954699,0.0374779031
shape_wc,R,0.078125,0.0487658539,0.0928934031,0.00963593864,0.0834607844,-0.0588280582,0.0831578916
shape_wc,R,0.08203125,0.101573932,0.157485211,0.0499250573,0.143848623,-0.0479128244,0.143472826
shape_wc,R,0.0859375,0.169895197,0.239452936,0.102175648,0.222152247,-0.0341184222,0.220135613
shape_wc,R,0.08984375,0.255285652,0.339517436,0.167610973,0.320144484,-0.0170970967,0.314297208
shape_wc,R,0.09375,0.358683796,0.457493762,0.246943073,0.438766765,0.00351699509,0.426435853
shape_wc,R,0.09765625,0.480366044,0.592344823,0.340312171,0.578017767,0.0281084536,0.556324462
shape_wc,R,0.1015625,0.619992345,0.742338882,0.447311829,0.736964423,0.0570804265,0.703073455
shape_wc,R,0.10546875,0.776701579,0.905255293,0.567076233,0.913845733,0.0908531785,0.865225323
shape_wc,R,0.109375,0.949202359,1.07857451,0.698386398,1.1062138,0.129860106,1.04086195
shape_wc,R,0.11328125,1.13581315,1.25960058,0.83975052,1.31105353,0.17453868,1.22768395
shape_wc,R,0.1171875,1.33443204,1.44549302,0.989430907,1.52484447,0.225313002,1.42303626
shape_wc,R,0.12109375,1.54245129,1.63322104,1.14541891,1.7435672,0.282564874,1.62388276
shape_wc,R,0.125,1.75666276,1.81948603,1.30538817,1.96269739,0.346592006,1.82676373
shape_wc,R,0.12890625,1.9732165,2.00067709,1.4666732,2.17725432,0.417555076,2.02779006
shape_wc,R,0.1328125,2.18768864,2.17291991,1.62631628,2.38196421,0.495419339,2.22272635
shape_wc,R,0.13671875,2.39528535,2.33225021,1.78120171,2.57155969,0.579900049,2.4071878
shape_wc,R,0.140625,2.59116523,2.47489715,1.92826198,2.74117973,0.67042292,2.57693343
shape_wc,R,0.14453125,2.77082041,2.59761646,2.06471015,2.88678445,0.766110135,2.72819815
shape_wc,R,0.1484375,2.9304332,2.69798795,2.18824171,3.00548153,0.86579883,2.85798609
shape_wc,R,0.15234375,3.06713212,2.77459962,2.29716026,3.09568442,0.968093159,2.96425827
shape_wc,R,0.15625,3.17910351,2.82707756,2.39040914,3.15707699,1.07144441,3.04598153
shape_wc,R,0.16015625,3.265559,2.85597009,2.46752104,3.19041797,1.17424793,3.10304835
shape_wc,R,0.1640625,3.32659558,2.86253553,2.52851715,3.197258,1.27494265,3.13611017
shape_wc,R,0.16796875,3.36300287,2.84849994,2.5737919,3.17964935,1.37209895,3.14637892
shape_wc,R,0.171875,3.37606898,2.81584325,2.60401082,3.13990836,1.46448457,3.13544402
shape_wc,R,0.17578125,3.36741899,2.76664711,2.62003456,3.08045705,1.55110318,3.10513199
shape_wc,R,0.1796875,3.33889861,2.70300974,2.62286909,3.00373941,1.63120658,3.05741402
shape_wc,R,0.18359375,3.29249808,2.62701171,2.61363421,2.91218834,1.70428527,2.99435091
shape_wc,R,0.1875,3.23030188,2.54070742,2.5935396,2.80821463,1.77004483,2.91805812
shape_wc,R,0.19140625,3.15444863,2.44611987,2.56386036,2.6941952,1.82837492,2.83067552
shape_wc,R,0.1953125,3.06709084,2.34522589,2.52590799,2.57244977,1.87931658,2.73433406
shape_wc,R,0.19921875,2.9703523,2.23993277,2.48099838,2.44520777,1.92303147,2.63112117
shape_wc,R,0.203125,2.86628968,2.1320581,2.43042367,2.31457813,1.95977536,2.52305507
shape_wc,R,0.20703125,2.75687051,2.02333065,2.37543747,2.18253929,1.98987722,2.41208164
shape_wc,R,0.2109375,2.64397967,1.91542639,2.31726248,2.05096436,2.01372451,2.30010308
shape_wc,R,0.21484375,2.52945844,1.81004005,2.25712245,1.92168433,2.03175438,2.18903524
shape_wc,R,0.21875,2.41516482,1.70897049,2.19628885,1.7965722,2.04444806,2.08087145
shape_wc,R,0.22265625,2.30302592,1.6141767,2.13611855,1.67760923,2.05232427,1.9777135
shape_wc,R,0.2265625,2.19504173,1.52775091,2.07805082,1.56688266,2.05592593,1.88172453
shape_wc,R,0.23046875,2.09320452,1.45176895,2.02353593,1.46647277,2.05579606,1.79497361
shape_wc,R,0.234375,1.99932408,1.38801802,1.97388981,1.37822226,2.05244268,1.71917942
shape_wc,R,0.23828125,1.91479057,1.33765807,1.93010145,1.30343322,2.04629897,1.65540909
shape_wc,R,0.2421875,1.84034481,1.3009195,1.89265015,1.24258323,2.03768916,1.60382627
shape_wc,R,0.24609375,1.77593887,1.27694917,1.86139853,1.19516473,2.02681177,1.56358515
shape_wc,R,0.25,1.7207448,1.26387553,1.83560601,1.15971756,2.01374642,1.5329258
shape_wc,R,0.25390625,1.67331665,1.25908721,1.81406456,1.13405552,1.9984826,1.5094556
shape_wc,R,0.2578125,1.63185595,1.25964336,1.79531481,1.11561844,1.98096099,1.49053581
shape_wc,R,0.26171875,1.59450033,1.26269459,1.77787704,1.10184422,1.96111521,1.47366161
shape_wc,R,0.265625,1.55955977,1.26580561,1.76043693,1.09046392,1.93890386,1.45674037
shape_wc,R,0.26953125,1.5256567,1.26712149,1.74195209,1.07966644,1.91432798,1.43822232
shape_wc,R,0.2734375,1.49176604,1.26538039,1.72167793,1.0681314,1.88743475,1.4170933
shape_wc,R,0.27734375,1.4571814,1.2598208,1.69913513,1.05496824,1.85831194,1.39277769
shape_wc,R,0.28125,1.4214457,1.25004616,1.67405004,1.0396136,1.82707828,1.36501023
shape_wc,R,0.28515625,1.38427986,1.23589927,1.64629488,1.02173118,1.79387421,1.3337226
shape_wc,R,0.2890625,1.34552857,1.21737383,1.61584283,1.00113851,1.75885488,1.29896711
shape_wc,R,0.29296875,1.30512795,1.19456638,1.58274102,0.977764805,1.72218571,1.26087746
shape_wc,R,0.296875,1.26308918,1.16765626,1.54709671,0.951631248,1.68403958,1.21965402
shape_wc,R,0.30078125,1.21948968,1.13689736,1.50906926,0.922840993,1.64459466,1.17555802
shape_wc,R,0.3046875,1.17446443,1.10260933,1.46886234,0.89156915,1.60403202,1.12890409
shape_wc,R,0.30859375,1.12819451,1.06516322,1.42671391,0.858048549,1.56253293,1.08004714
shape_wc,R,0.3125,1.08089313,1.02496243,1.3828843,0.822552008,1.52027611,1.02936514
shape_wc,R,0.31640625,1.0327915,0.982423081,1.33764443,0.785374263,1.47743513,0.977241582
shape_wc,R,0.3203125,0.984126658,0.937957627,1.29126577,0.746816698,1.43417639,0.92405141
shape_wc,R,0.32421875,0.935132835,0.891963698,1.24401327,0.707176529,1.39065775,0.870151776
shape_wc,R,0.328125,0.886035998,0.8448181,1.19614093,0.666740387,1.3470276,0.815877476
shape_wc,R,0.33203125,0.837050983,0.796874433,1.14788957,0.625781089,1.30342453,0.761539498
shape_wc,R,0.3359375,0.788379991,0.748462525,1.09948558,0.584556109,1.25997704,0.707424988
shape_wc,R,0.33984375,0.740211602,0.699888255,1.05114025,0.543306571,1.21680355,0.653797429
shape_wc,R,0.34375,0.692719878,0.651433158,1.00304907,0.502256227,1.17401236,0.600896521
shape_wc,R,0.34765625,0.646063479,0.6033538,0.95539117,0.461610366,1.1317018,0.548937834
shape_wc,R,0.3515625,0.600384954,0.555881249,0.908328834,0.421554913,1.08996037,0.498112574
shape_wc,R,0.35546875,0.555810393,0.50922099,0.862007402,0.382255951,1.048867,0.448587744
shape_wc,R,0.359375,0.512449506,0.463553433,0.816555494,0.343859808,1.00849144,0.40050686
shape_wc,R,0.36328125,0.470396112,0.419034961,0.772085572,0.306493649,0.968894683,0.353991135
shape_wc,R,0.3671875,0.429728909,0.375799364,0.728694749,0.270266426,0.930129435,0.309140968
shape_wc,R,0.37109375,0.390512408,0.333959418,0.686465707,0.235270012,0.892240639,0.26603754
shape_wc,R,0.375,0.352797907,0.293608479,0.64546766,0.20158038,0.855265977,0.224744385
shape_wc,R,0.37890625,0.316624453,0.254821985,0.605757293,0.169258746,0.819236378,0.185308865
shape_wc,R,0.3828125,0.282019779,0.217658882,0.567379686,0.138352672,0.784176514,0.147763551
shape_wc,R,0.38671875,0.249001215,0.182162979,0.530369205,0.108897132,0.750105288,0.112127538
shape_wc,R,0.390625,0.217576586,0.148364263,0.494750384,0.080915569,0.717036306,0.0784077178
shape_wc,R,0.39453125,0.187745109,0.116280208,0.460538799,0.0544209442,0.684978341,0.0466000281
shape_wc,R,0.3984375,0.159498274,0.0859170448,0.427741922,0.0294167802,0.653935773,0.0166906661
shape_wc,R,0.40234375,0.132820699,0.0572709909,0.396359952,0.00589817175,0.623909018,-0.0113427481
shape_wc,R,0.40625,0.107690957,0.0303294207,0.366386601,-0.0161472457,0.594894929,-0.0375300746
shape_wc,R,0.41015625,0.0840823367,0.00507195312,0.337809844,-0.0367383878,0.566887176,-0.0619076362
shape_wc,R,0.4140625,0.0619635643,-0.0185285413,0.310612612,-0.0558998769,0.539876601,-0.0845172843
shape_wc,R,0.41796875,0.0412994646,-0.0405050159,0.284773432,-0.0736612631,0.513851552,-0.105405543
shape_wc,R,0.421875,0.0220515704,-0.0608953982,0.260267029,-0.0900563055,0.488798193,-0.124622828
shape_wc,R,0.42578125,0.00417868503,-0.0797418101,0.237064869,-0.10512231,0.464700787,-0.142222732
shape_wc,R,0.4296875,-0.0123626015,-0.0970898513,0.215135673,-0.118899521,0.441541963,-0.158261369
shape_wc,R,0.43359375,-0.0276174395,-0.112987944,0.194445879,-0.131430561,0.419302962,-0.172796786
shape_wc,R,0.4375,-0.041632289,-0.127486735,0.174960072,-0.142759921,0.397963859,-0.185888418
shape_wc,R,0.44140625,-0.0544545307,-0.140638557,0.156641369,-0.152933499,0.377503768,-0.197596608
shape_wc,R,0.4453125,-0.0661321155,-0.152496944,0.139451774,-0.161998185,0.357901033,-0.207982179
shape_wc,R,0.44921875,-0.0767132535,-0.163116196,0.123352489,-0.170001487,0.339133393,-0.217106046
shape_wc,R,0.453125,-0.0862461361,-0.172550997,0.108304199,-0.176991204,0.321178137,-0.225028886
shape_wc,R,0.45703125,-0.0947786932,-0.180856074,0.0942673247,-0.183015129,0.304012243,-0.231810839
shape_wc,R,0.4609375,-0.102358379,-0.188085896,0.0812022423,-0.188120798,0.287612502,-0.237511256
shape_wc,R,0.46484375,-0.109031984,-0.194294416,0.0690694837,-0.192355259,0.271955627,-0.242188474
shape_wc,R,0.46875,-0.114845477,-0.199534842,0.057829908,-0.195764879,0.257018352,-0.245899631
shape_wc,R,0.47265625,-0.119843868,-0.20385944,0.0474448525,-0.198395177,0.242777521,-0.248700502
shape_wc,R,0.4765625,-0.124071087,-0.207319369,0.0378762622,-0.20029068,0.229210163,-0.250645368
shape_wc,R,0.48046875,-0.127569897,-0.209964542,0.0290868015,-0.201494802,0.216293561,-0.251786909
shape_wc,R,0.484375,-0.130381805,-0.211843505,0.021039948,-0.202049743,0.204005307,-0.252176112
shape_wc,R,0.48828125,-0.132547008,-0.213003349,0.013700071,-0.201996415,0.192323356,-0.251862209
shape_wc,R,0.4921875,-0.134104341,-0.213489631,0.00703249573,-0.201374369,0.181226065,-0.250892624
shape_wc,R,0.49609375,-0.135091244,-0.213346318,0.00100355494,-0.200221756,0.170692234,-0.249312943
shape_wc,R,0.5,-0.135543738,-0.212615747,-0.00441937099,-0.198575286,0.160701129,-0.247166891
shape_wc,R,0.50390625,-0.135496411,-0.211338595,-0.00926782404,-0.196470208,0.151232515,-0.244496325
shape_wc,R,0.5078125,-0.134982416,-0.209553865,-0.0135722478,-0.193940297,0.142266668,-0.241341242
shape_wc,R,0.51171875,-0.134033474,-0.207298882,-0.0173619746,-0.191017853,0.133784395,-0.237739785
shape_wc,R,0.515625,-0.132679884,-0.204609298,-0.0206652202,-0.187733703,0.125767043,-0.23372827
shape_wc,R,0.51953125,-0.130950542,-0.201519105,-0.0235090844,-0.184117221,0.118196505,-0.229341213
shape_wc,R,0.5234375,-0.128872963,-0.198060655,-0.0259195574,-0.180196341,0.111055228,-0.22461136
shape_wc,R,0.52734375,-0.126473307,-0.194264692,-0.0279215307,-0.175997582,0.104326214,-0.219569735
shape_wc,R,0.53125,-0.123776408,-0.190160376,-0.0295388124,-0.171546082,0.0979930135,-0.214245677
shape_wc,R,0.53515625,-0.120805811,-0.185775326,-0.0307941461,-0.166865627,0.0920397304,-0.20866689
shape_wc,R,0.5390625,-0.117583806,-0.181135659,-0.0317092322,-0.161978686,0.0864510111,-0.202859493
shape_wc,R,0.54296875,-0.114131465,-0.176266031,-0.0323047525,-0.156906453,0.0812120404,-0.19684807
shape_wc,R,0.546875,-0.110468685,-0.171189685,-0.0326003962,-0.151668887,0.0763085325,-0.190655728
shape_wc,R,0.55078125,-0.106614226,-0.165928499,-0.032614888,-0.146284753,0.0717267221,-0.184304149
shape_wc,R,0.5546875,-0.102585752,-0.160503031,-0.0323660172,-0.140771664,0.0674533539,-0.177813647
shape_wc,R,0.55859375,-0.0983998783,-0.154932572,-0.0318706679,-0.135146128,0.0634756714,-0.171203222
shape_wc,R,0.5625,-0.0940722074,-0.149235196,-0.0311448502,-0.129423593,0.0597814052,-0.164490618
shape_wc,R,0.56640625,-0.0896173749,-0.143427809,-0.030203731,-0.123618485,0.0563587601,-0.157692379
shape_wc,R,0.5703125,-0.0850490911,-0.1375262,-0.0290616662,-0.117744263,0.0531964029,-0.150823902
shape_wc,R,0.57421875,-0.0803801816,-0.13154509,-0.0277322322,-0.111813452,0.0502834486,-0.143899491
shape_wc,R,0.578125,-0.0756226291,-0.125498184,-0.0262282573,-0.105837694,0.0476094476,-0.136932415
shape_wc,R,0.58203125,-0.0707876132,-0.119398215,-0.024561853,-0.0998277882,0.0451643714,-0.129934952
shape_wc,R,0.5859375,-0.0658855499,-0.113256996,-0.0227444452,-0.0937937333,0.0429385997,-0.122918447
shape_wc,R,0.58984375,-0.0609261296,-0.107085464,-0.0207868041,-0.0877447678,0.0409229064,-0.115893358
shape_wc,R,0.59375,-0.0559183548,-0.100893726,-0.0186990743,-0.0816894103,0.0391084461,-0.108869306
shape_wc,R,0.59765625,-0.050870576,-0.0946911028,-0.016490804,-0.0756354983,0.0374867407,-0.101855118
shape_wc,R,0.6015625,-0.0457905271,-0.088486172,-0.014170973,-0.0695902258,0.0360496662,-0.0948588744
shape_wc,R,0.60546875,-0.0406853589,-0.0822868094,-0.0117480209,-0.0635601792,0.0347894395,-0.087887953
shape_wc,R,0.609375,-0.0355616719,-0.0761002287,-0.00922987337,-0.057551373,0.0336986056,-0.0809490681
shape_wc,R,0.61328125,-0.0304255478,-0.0699330199,-0.00662396848,-0.0515692825,0.032770025,-0.074048312
shape_wc,R,0.6171875,-0.0252825797,-0.0637911863,-0.00393728153,-0.045618877,0.0319968614,-0.067191193
shape_wc,R,0.62109375,-0.0201379008,-0.05768018,-0.00117634939,-0.0397046507,0.0313725697,-0.060382672
shape_wc,R,0.625,-0.0149962127,-0.0516049357,0.00165270624,-0.033830652,0.0308908841,-0.0536271972
shape_wc,R,0.62890625,-0.00986181105,-0.0455699034,0.00454415643,-0.0280005126,0.030545807,-0.046928738
shape_wc,R,0.6328125,-0.00473861183,-0.0395790794,0.00749264352,-0.0222174741,0.0303315978,-0.0402908167
shape_wc,R,0.63671875,0.000369825149,-0.0336360357,0.0104931605,-0.016484414,0.0302427621,-0.0337165385
shape_wc,R,0.640625,0.00546027301,-0.0277439486,0.0135410311,-0.0108038707,0.0302740415,-0.0272086206
shape_wc,R,0.64453125,0.0105298159,-0.0219056251,0.0166318913,-0.0051780664,0.0304204032,-0.0207694195
shape_wc,R,0.6484375,0.0155758285,-0.0161235287,0.0197616708,0.00039107031,0.030677031,-0.0144009568
shape_wc,R,0.65234375,0.0205959556,-0.0103998035,0.0229265763,0.00590188352,0.0310393149,-0.00810494378
shape_wc,R,0.65625,0.0255880943,-0.00473629711,0.0261230747,0.01135297,0.0315028433,-0.00188280463
shape_wc,R,0.66015625,0.0305503757,0.000865417789,0.0293478777,0.0167431602,0.0320633931,0.00426430164
shape_wc,R,0.6640625,0.0354811483,0.00640402265,0.0325979269,0.0220715006,0.0327169223,0.0103354605
shape_wc,R,0.66796875,0.0403789621,0.0118784339,0.0358703797,0.0273372367,0.0334595614,0.0163299825
shape_wc,R,0.671875,0.0452425539,0.0172877845,0.0391625959,0.0325397972,0.0342876058,0.0222473847
shape_wc,R,0.67578125,0.0500708332,0.0226314069,0.042472125,0.0376787792,0.0351975087,0.0280873735
shape_wc,R,0.6796875,0.0548628683,0.0279088167,0.0457966941,0.0427539335,0.0361858733,0.0338498286
shape_wc,R,0.68359375,0.0596178749,0.0331196974,0.0491341967,0.0477651524,0.0372494468,0.0395347875
shape_wc,R,0.6875,0.0643352034,0.0382638859,0.0524826816,0.0527124563,0.038385113,0.0451424314
shape_wc,R,0.69140625,0.0690143282,0.0433413597,0.0558403431,0.0575959827,0.039589887,0.0506730715
shape_wc,R,0.6953125,0.0736548376,0.0483522234,0.0592055108,0.062415975,0.0408609082,0.0561271371
shape_wc,R,0.69921875,0.0782564238,0.0532966974,0.0625766413,0.0671727725,0.0421954354,0.0615051632
shape_wc,R,0.703125,0.0828188738,0.0581751071,0.0659523088,0.0718668007,0.0435908408,0.0668077803
shape_wc,R,0.70703125,0.0873420611,0.0629878718,0.0693311975,0.0764985625,0.0450446049,0.0720357035
shape_wc,R,0.7109375,0.0918259376,0.067735496,0.0727120941,0.0810686298,0.0465543116,0.0771897237
shape_wc,R,0.71484375,0.0962705261,0.0724185598,0.07609388,0.085577636,0.0481176433,0.0822706982
shape_wc,R,0.71875,0.100675914,0.0770377105,0.0794755254,0.0900262685,0.0497323762,0.0872795431
shape_wc,R,0.72265625,0.105042245,0.0815936554,0.0828560822,0.0944152626,0.0513963763,0.0922172252
shape_wc,R,0.7265625,0.109369716,0.0860871539,0.0862346787,0.0987453944,0.0531075948,0.0970847552
shape_wc,R,0.73046875,0.11365857,0.0905190115,0.0896105134,0.103017476,0.0548640646,0.101883181
shape_wc,R,0.734375,0.117909089,0.0948900728,0.0929828502,0.10723235,0.056663896,0.106613583
shape_wc,R,0.73828125,0.122121592,0.0992012164,0.0963510135,0.111390883,0.0585052735,0.111277065
shape_wc,R,0.7421875,0.126296431,0.103453349,0.0997143832,0.115493965,0.0603864522,0.115874753
shape_wc,R,0.74609375,0.130433984,0.107647402,0.103072391,0.1195425,0.0623057543,0.12040779
shape_wc,R,0.75,0.134534653,0.111784325,0.106424515,0.123537407,0.0642615665,0.124877329
shape_wc,R,0.75390625,0.138598859,0.115865082,0.109770279,0.127479613,0.0662523364,0.129284532
shape_wc,R,0.7578125,0.142627042,0.119890649,0.113109245,0.131370052,0.0682765703,0.133630563
shape_wc,R,0.76171875,0.146619655,0.123862009,0.116441012,0.135209661,0.0703328298,0.13791659
shape_wc,R,0.765625,0.150577162,0.12778015,0.119765215,0.138999378,0.07241973,0.142143777
shape_wc,R,0.76953125,0.154500035,0.131646062,0.123081517,0.142740137,0.0745359362,0.146313282
shape_wc,R,0.7734375,0.158388753,0.135460733,0.126389611,0.146432872,0.0766801623,0.150426259
shape_wc,R,0.77734375,0.162243801,0.139225147,0.129689215,0.150078508,0.0788511683,0.154483849
shape_wc,R,0.78125,0.166065663,0.142940285,0.132980071,0.153677962,0.081047758,0.158487184
shape_wc,R,0.78515625,0.169854827,0.146607116,0.136261944,0.157232142,0.0832687773,0.162437382
shape_wc,R,0.7890625,0.173611777,0.150226604,0.139534615,0.160741947,0.0855131122,0.166335545
shape_wc,R,0.79296875,0.177336997,0.153799699,0.142797885,0.164208261,0.0877796868,0.170182762
shape_wc,R,0.796875,0.181030967,0.157327342,0.14605157,0.167631957,0.0900674617,0.1739801
shape_wc,R,0.80078125,0.18469416,0.160810456,0.149295501,0.171013892,0.0923754327,0.177728611
shape_wc,R,0.8046875,0.188327046,0.164249952,0.152529521,0.174354909,0.0947026283,0.181429326
shape_wc,R,0.80859375,0.191930087,0.167646726,0.155753485,0.177655834,0.0970481094,0.185083256
shape_wc,R,0.8125,0.195503737,0.171001657,0.158967258,0.180917477,0.099410967,0.188691392
shape_wc,R,0.81640625,0.199048443,0.174315605,0.162170716,0.184140632,0.101790321,0.192254702
shape_wc,R,0.8203125,0.202564643,0.177589414,0.165363739,0.187326074,0.10418532,0.195774133
shape_wc,R,0.82421875,0.206052763,0.18082391,0.168546218,0.19047456,0.106595137,0.199250609
shape_wc,R,0.828125,0.209513223,0.184019899,0.171718048,0.19358683,0.109018973,0.202685032
shape_wc,R,0.83203125,0.21294643,0.187178169,0.174879132,0.196663605,0.111456051,0.206078282
shape_wc,R,0.8359375,0.216352782,0.190299489,0.178029373,0.199705587,0.11390562,0.209431215
shape_wc,R,0.83984375,0.219732665,0.193384607,0.181168683,0.202713461,0.116366948,0.212744664
shape_wc,R,0.84375,0.223086454,0.196434253,0.184296976,0.205687891,0.118839327,0.21601944
shape_wc,R,0.84765625,0.226414514,0.199449137,0.187414166,0.208629523,0.121322067,0.219256329
shape_wc,R,0.8515625,0.229717198,0.202429949,0.190520172,0.211538987,0.1238145,0.222456098
shape_wc,R,0.85546875,0.232994846,0.20537736,0.193614916,0.214416891,0.126315975,0.225619488
shape_wc,R,0.859375,0.236247789,0.208292021,0.196698318,0.217263826,0.12882586,0.22874722
shape_wc,R,0.86328125,0.239476346,0.211174565,0.199770302,0.220080365,0.13134354,0.231839991
shape_wc,R,0.8671875,0.242680823,0.214025603,0.202830791,0.222867065,0.133868415,0.234898478
shape_wc,R,0.87109375,0.245861518,0.216845731,0.20587971,0.22562446,0.136399903,0.237923335
shape_wc,R,0.875,0.249018713,0.219635523,0.208916983,0.228353073,0.138937437,0.240915195
shape_wc,R,0.87890625,0.252152683,0.222395535,0.211942534,0.231053405,0.141480463,0.243874671
shape_wc,R,0.8828125,0.255263691,0.225126307,0.214956288,0.233725941,0.144028443,0.246802354
shape_wc,R,0.88671875,0.258351988,0.227828359,0.217958168,0.236371152,0.146580851,0.249698818
shape_wc,R,0.890625,0.261417814,0.230502194,0.220948098,0.23898949,0.149137174,0.252564614
shape_wc,R,0.89453125,0.264461402,0.233148299,0.223926,0.241581392,0.151696914,0.255400275
shape_wc,R,0.8984375,0.26748297,0.235767142,0.226891795,0.244147279,0.154259582,0.258206316
shape_blind,L,0,-0.0509919383,-0.0378805995,-0.0433783426,-0.0349664513,-0.0509919383,-0.0378805995
shape_blind,L,0.00390625,-0.0526029706,-0.0389890928,-0.044695168,-0.0359610329,-0.0526029706,-0.0389890928
shape_blind,L,0.0078125,-0.054190415,-0.0400730037,-0.0459889125,-0.0369314046,-0.054190415,-0.0400730037
shape_blind,L,0.01171875,-0.0557496043,-0.0411236836,-0.0472528084,-0.0378711905,-0.0557496043,-0.0411236836
shape_blind,L,0.015625,-0.0572763592,-0.0421343173,-0.0484804993,-0.0387757389,-0.0572763592,-0.0421343173
shape_blind,L,0.01953125,-0.0587701359,-0.0431059624,-0.0496707173,-0.0396466419,-0.0587701359,-0.0431059624
shape_blind,L,0.0234375,-0.0602366776,-0.0440520931,-0.0508314701,-0.0404948724,-0.0602366776,-0.0440520931
shape_blind,L,0.02734375,-0.0616877192,-0.0449970083,-0.051980124,-0.041338922,-0.0616877192,-0.0449970083
shape_blind,L,0.03125,-0.0631352503,-0.0459637679,-0.0531355683,-0.0421944819,-0.0631352503,-0.0459637679
shape_blind,L,0.03515625,-0.0645790788,-0.0469499734,-0.0543003182,-0.0430539722,-0.0645790788,-0.0469499734
shape_blind,L,0.0390625,-0.0659887666,-0.0478939922,-0.055433777,-0.0438569357,-0.0659887666,-0.0478939922
shape_blind,L,0.04296875,-0.0672834952,-0.0486379581,-0.0564215492,-0.0444543554,-0.0672834952,-0.0486379581
shape_blind,L,0.046875,-0.0683147749,-0.0488943666,-0.0570476979,-0.0445696492,-0.0683147749,-0.0488943666
shape_blind,L,0.05078125,-0.068856288,-0.0482190173,-0.0569757207,-0.0437562673,-0.068856288,-0.0482190173
shape_blind,L,0.0546875,-0.0686027926,-0.0459861301,-0.0557400144,-0.0413487107,-0.0686027926,-0.0459861301
shape_blind,L,0.05859375,-0.0671770867,-0.0413561493,-0.0527446568,-0.0364041964,-0.0671770867,-0.0413561493
shape_blind,L,0.0625,-0.0641418789,-0.0332280744,-0.0472631157,-0.0276388565,-0.0641418789,-0.0332280744
shape_blind,L,0.06640625,-0.0590127306,-0.0201784496,-0.0384329129,-0.0133742751,-0.0590127306,-0.0201784496
shape_blind,L,0.0703125,-0.0512688561,-0.000405745412,-0.0252435698,0.0084781162,-0.0512688561,-0.000405745412
shape_blind,L,0.07421875,-0.0403597875,0.0282858919,-0.00652273593,0.0403635794,-0.0403597875,0.0282858919
shape_blind,L,0.078125,-0.0257070089,0.0684254254,0.0190686339,0.0849406046,-0.0257070089,0.0684254254
shape_blind,L,0.08203125,-0.00670029698,0.122711881,0.0530188166,0.144850469,-0.00670029698,0.122711881
shape_blind,L,0.0859375,0.01731113,0.193755477,0.0969153038,0.222432695,0.01731113,0.193755477
shape_blind,L,0.08984375,0.0470319644,0.283765097,0.152359741,0.319442365,0.0470319644,0.283765097
shape_blind,L,0.09375,0.0832366196,0.39424976,0.220855079,0.436830304,0.0832366196,0.39424976
shape_blind,L,0.09765625,0.126783223,0.525802823,0.30367999,0.57463028,0.126783223,0.525802823
shape_blind,L,0.1015625,0.178618882,0.678011416,0.401768306,0.731964218,0.178618882,0.678011416
shape_blind,L,0.10546875,0.239767348,0.849490634,0.515607855,0.907139912,0.239767348,0.849490634
shape_blind,L,0.109375,0.311290155,1.03800128,0.645165328,1.09778985,0.311290155,1.03800128
shape_blind,L,0.11328125,0.394215064,1.24058965,0.789835256,1.30099464,0.394215064,1.24058965
shape_blind,L,0.1171875,0.48943112,1.45369686,0.948406015,1.51335243,0.48943112,1.45369686
shape_blind,L,0.12109375,0.597556807,1.67321946,1.11903732,1.73099092,0.597556807,1.67321946
shape_blind,L,0.125,0.718794962,1.894546,1.29925219,1.94955719,0.718794962,1.894546
shape_blind,L,0.12890625,0.85279381,2.11262614,1.48595821,2.16424738,0.85279381,2.11262614
shape_blind,L,0.1328125,0.998536681,2.32213111,1.67552072,2.36993748,0.998536681,2.32213111
shape_blind,L,0.13671875,1.15428331,2.51773384,1.86390779,2.56144541,1.15428331,2.51773384
shape_blind,L,0.140625,1.31758226,2.69448457,2.04691019,2.733902,1.31758226,2.69448457
shape_blind,L,0.14453125,1.48536638,2.84820822,2.22041514,2.88315726,1.48536638,2.84820822
shape_blind,L,0.1484375,1.6541302,2.97582782,2.38069007,3.00612316,1.6541302,2.97582782
shape_blind,L,0.15234375,1.82017202,3.07553529,2.52462416,3.10096817,1.82017202,3.07553529
shape_blind,L,0.15625,1.97986697,3.14677876,2.64988488,3.16712536,1.97986697,3.14677876
shape_blind,L,0.16015625,2.12992793,3.19009171,2.75497085,3.20513407,2.12992793,3.19009171
shape_blind,L,0.1640625,2.26761207,3.20682899,2.83916957,3.21637857,2.26761207,3.20682899
shape_blind,L,0.16796875,2.39084442,3.19888588,2.90244917,3.20280186,2.39084442,3.19888588
shape_blind,L,0.171875,2.49825042,3.16845993,2.94532088,3.16665896,2.49825042,3.16845993
shape_blind,L,0.17578125,2.58911052,3.11788528,2.96870336,3.11034309,2.58911052,3.11788528
shape_blind,L,0.1796875,2.66326368,3.04953871,2.97380848,3.03628701,2.66326368,3.04953871
shape_blind,L,0.18359375,2.72099024,2.96579719,2.96205375,2.94691949,2.72099024,2.96579719
shape_blind,L,0.1875,2.76289891,2.86902029,2.93499779,2.84464904,2.76289891,2.86902029
shape_blind,L,0.19140625,2.7898319,2.76153564,2.8942901,2.73185118,2.7898319,2.76153564
shape_blind,L,0.1953125,2.80279213,2.64561574,2.84162778,2.6108462,2.80279213,2.64561574
shape_blind,L,0.19921875,2.8028894,2.5234467,2.77871587,2.4838675,2.8028894,2.5234467
shape_blind,L,0.203125,2.79130071,2.39709827,2.70723302,2.35303163,2.79130071,2.39709827
shape_blind,L,0.20703125,2.76924079,2.26850999,2.62880773,2.22032647,2.76924079,2.26850999
shape_blind,L,0.2109375,2.73794138,2.13950574,2.54501071,2.08763236,2.73794138,2.13950574
shape_blind,L,0.21484375,2.69863797,2.01183988,2.45736465,1.95677889,2.69863797,2.01183988
shape_blind,L,0.21875,2.65256159,1.8872619,2.36736478,1.829622,2.65256159,1.8872619
shape_blind,L,0.22265625,2.60092998,1.76756935,2.27649496,1.70810474,2.60092998,1.76756935
shape_blind,L,0.2265625,2.54493065,1.65460865,2.18621928,1.5942545,2.54493065,1.65460865
shape_blind,L,0.23046875,2.48568973,1.55019044,2.097933,1.49007741,2.48568973,1.55019044
shape_blind,L,0.234375,2.42422623,1.4559134,2.01287098,1.39734413,2.42422623,1.4559134
shape_blind,L,0.23828125,2.3614002,1.37293186,1.93199225,1.31730966,2.3614002,1.37293186
shape_blind,L,0.2421875,2.29786985,1.30173902,1.85587695,1.25045316,2.29786985,1.30173902
shape_blind,L,0.24609375,2.23407353,1.24204656,1.78467476,1.19633416,2.23407353,1.24204656
shape_blind,L,0.25,2.17024529,1.19281348,1.71812873,1.1536285,2.17024529,1.19281348
shape_blind,L,0.25390625,2.10646059,1.15242246,1.65567083,1.1203427,2.10646059,1.15242246
shape_blind,L,0.2578125,2.0426988,1.11894916,1.59656012,1.09414113,2.0426988,1.11894916
shape_blind,L,0.26171875,1.97890453,1.09044345,1.54002312,1.07268795,1.97890453,1.09044345
shape_blind,L,0.265625,1.91503405,1.06515095,1.48536219,1.0539154,1.91503405,1.06515095
shape_blind,L,0.26953125,1.85108042,1.04163691,1.43201521,1.03617097,1.85108042,1.04163691
shape_blind,L,0.2734375,1.78707919,1.01881405,1.37956899,1.01824466,1.78707919,1.01881405
shape_blind,L,0.27734375,1.72310154,0.995903139,1.32774131,0.999312053,1.72310154,0.995903139
shape_blind,L,0.28125,1.65924258,0.9723643,1.27635005,0.978841339,1.65924258,0.9723643
shape_blind,L,0.28515625,1.59561067,0.947830236,1.22528385,0.956503916,1.59561067,0.947830236
shape_blind,L,0.2890625,1.53232042,0.922057655,1.17448154,0.932109923,1.53232042,0.922057655
shape_blind,L,0.29296875,1.46948925,0.894899224,1.12392077,0.905571746,1.46948925,0.894899224
shape_blind,L,0.296875,1.40723616,0.866289622,1.07361255,0.876887111,1.40723616,0.866289622
shape_blind,L,0.30078125,1.34568096,0.836237048,1.02359779,0.846130258,1.34568096,0.836237048
shape_blind,L,0.3046875,1.28494293,0.804813891,0.973942922,0.813442554,1.28494293,0.804813891
shape_blind,L,0.30859375,1.22513882,0.772144258,0.924733892,0.779019102,1.22513882,0.772144258
shape_blind,L,0.3125,1.16638037,0.7383893,0.876069184,0.743092236,1.16638037,0.7383893
shape_blind,L,0.31640625,1.10877211,0.703732761,0.828053059,0.705914886,1.10877211,0.703732761
shape_blind,L,0.3203125,1.0524096,0.668368927,0.78079007,0.667746671,1.0524096,0.668368927
shape_blind,L,0.32421875,0.997378553,0.63249401,0.734381277,0.628844108,0.997378553,0.63249401
shape_blind,L,0.328125,0.94375444,0.596300777,0.688922012,0.589454836,0.94375444,0.596300777
shape_blind,L,0.33203125,0.891602629,0.559975496,0.644500703,0.549814689,0.891602629,0.559975496
shape_blind,L,0.3359375,0.840978645,0.523696103,0.601198254,0.510146242,0.840978645,0.523696103
shape_blind,L,0.33984375,0.791928515,0.487630813,0.559087608,0.470657821,0.791928515,0.487630813
shape_blind,L,0.34375,0.744489093,0.451936798,0.518233341,0.431542472,0.744489093,0.451936798
shape_blind,L,0.34765625,0.698688407,0.416758936,0.478691302,0.392976895,0.698688407,0.416758936
shape_blind,L,0.3515625,0.654546039,0.38222881,0.440508397,0.355120573,0.654546039,0.38222881
shape_blind,L,0.35546875,0.612073578,0.348464103,0.403722559,0.318115315,0.612073578,0.348464103
shape_blind,L,0.359375,0.571275152,0.315568471,0.368362958,0.282085318,0.571275152,0.315568471
shape_blind,L,0.36328125,0.532148004,0.28363181,0.334450383,0.247137696,0.532148004,0.28363181
shape_blind,L,0.3671875,0.494683105,0.252730826,0.301997763,0.213363337,0.494683105,0.252730826
shape_blind,L,0.37109375,0.45886576,0.222929755,0.271010738,0.180837919,0.45886576,0.222929755
shape_blind,L,0.375,0.424676193,0.194281127,0.241488241,0.149622964,0.424676193,0.194281127
shape_blind,L,0.37890625,0.392090106,0.166826549,0.21342307,0.119766863,0.392090106,0.166826549
shape_blind,L,0.3828125,0.361079203,0.14059746,0.186802445,0.0913058715,0.361079203,0.14059746
shape_blind,L,0.38671875,0.331611696,0.115615891,0.161608547,0.0642650621,0.331611696,0.115615891
shape_blind,L,0.390625,0.303652777,0.0918952285,0.137819053,0.0386592852,0.303652777,0.0918952285
shape_blind,L,0.39453125,0.277165067,0.0694409878,0.115407653,0.0144941176,0.277165067,0.0694409878
shape_blind,L,0.3984375,0.252109043,0.0482515813,0.0943445676,-0.00823319469,0.252109043,0.0482515813
shape_blind,L,0.40234375,0.228443431,0.0283190741,0.0745970298,-0.0295328197,0.228443431,0.0283190741
shape_blind,L,0.40625,0.206125578,0.00962990801,0.0561297502,-0.0494214644,0.206125578,0.00962990801
shape_blind,L,0.41015625,0.185111782,-0.00783441378,0.0389053457,-0.0679215529,0.185111782,-0.00783441378
shape_blind,L,0.4140625,0.165357597,-0.0240966889,0.022884736,-0.0850604643,0.165357597,-0.0240966889
shape_blind,L,0.41796875,0.146818116,-0.0391834227,0.00802750772,-0.100869829,0.146818116,-0.0391834227
shape_blind,L,0.421875,0.129448214,-0.0531242802,-0.00570775261,-0.115384881,0.129448214,-0.0531242802
shape_blind,L,0.42578125,0.113202773,-0.0659515775,-0.0183631548,-0.12864386,0.113202773,-0.0659515775
shape_blind,L,0.4296875,0.0980368853,-0.0776998144,-0.0299812285,-0.140687462,0.0980368853,-0.0776998144
shape_blind,L,0.43359375,0.0839060288,-0.088405243,-0.0406046738,-0.151558337,0.0839060288,-0.088405243
shape_blind,L,0.4375,0.0707662242,-0.0981054746,-0.0502761364,-0.161300632,0.0707662242,-0.0981054746
shape_blind,L,0.44140625,0.0585741717,-0.106839123,-0.0590380085,-0.169959572,0.0585741717,-0.106839123
shape_blind,L,0.4453125,0.0472873694,-0.114645485,-0.0669322521,-0.177581095,0.0472873694,-0.114645485
shape_blind,L,0.44921875,0.0368642143,-0.121564248,-0.074000245,-0.184211512,0.0368642143,-0.121564248
shape_blind,L,0.453125,0.0272640872,-0.12763524,-0.0802826474,-0.18989722,0.0272640872,-0.12763524
shape_blind,L,0.45703125,0.0184474238,-0.1328982,-0.0858192865,-0.194684437,0.0184474238,-0.1328982
shape_blind,L,0.4609375,0.0103757718,-0.137392578,-0.0906490596,-0.198618978,0.0103757718,-0.137392578
shape_blind,L,0.46484375,0.00301183727,-0.141157364,-0.0948098521,-0.201746054,0.00301183727,-0.141157364
shape_blind,L,0.46875,-0.00368048113,-0.144230934,-0.0983384705,-0.204110101,-0.00368048113,-0.144230934
shape_blind,L,0.47265625,-0.00973606648,-0.146650921,-0.101270588,-0.205754635,-0.00973606648,-0.146650921
shape_blind,L,0.4765625,-0.0151885674,-0.148454105,-0.103640703,-0.206722128,-0.0151885674,-0.148454105
shape_blind,L,0.48046875,-0.0200703893,-0.149676321,-0.105482108,-0.207053902,-0.0200703893,-0.149676321
shape_blind,L,0.484375,-0.0244126928,-0.150352382,-0.106826867,-0.206790047,-0.0244126928,-0.150352382
shape_blind,L,0.48828125,-0.0282453984,-0.150516018,-0.107705806,-0.205969354,-0.0282453984,-0.150516018
shape_blind,L,0.4921875,-0.0315971957,-0.150199829,-0.108148504,-0.204629263,-0.0315971957,-0.150199829
shape_blind,L,0.49609375,-0.0344955588,-0.149435249,-0.108183297,-0.202805823,-0.0344955588,-0.149435249
shape_blind,L,0.5,-0.0369667641,-0.148252518,-0.107837289,-0.200533669,-0.0369667641,-0.148252518
shape_blind,L,0.50390625,-0.0390359131,-0.146680671,-0.107136358,-0.197846006,-0.0390359131,-0.146680671
shape_blind,L,0.5078125,-0.0407269567,-0.144747526,-0.106105181,-0.194774603,-0.0407269567,-0.144747526
shape_blind,L,0.51171875,-0.0420627233,-0.142479688,-0.104767253,-0.191349794,-0.0420627233,-0.142479688
shape_blind,L,0.515625,-0.0430649479,-0.13990255,-0.103144911,-0.187600493,-0.0430649479,-0.13990255
shape_blind,L,0.51953125,-0.0437543034,-0.137040312,-0.101259363,-0.183554207,-0.0437543034,-0.137040312
shape_blind,L,0.5234375,-0.0441504332,-0.133915993,-0.0991307179,-0.179237061,-0.0441504332,-0.133915993
shape_blind,L,0.52734375,-0.0442719842,-0.130551455,-0.0967780169,-0.174673821,-0.0442719842,-0.130551455
shape_blind,L,0.53125,-0.0441366415,-0.126967426,-0.0942192685,-0.169887929,-0.0441366415,-0.126967426
shape_blind,L,0.53515625,-0.0437611621,-0.123183527,-0.0914714818,-0.164901536,-0.0437611621,-0.123183527
shape_blind,L,0.5390625,-0.0431614104,-0.119218307,-0.0885507023,-0.159735537,-0.0431614104,-0.119218307
shape_blind,L,0.54296875,-0.0423523926,-0.115089267,-0.0854720477,-0.154409611,-0.0423523926,-0.115089267
shape_blind,L,0.546875,-0.0413482911,-0.110812902,-0.082249744,-0.148942263,-0.0413482911,-0.110812902
shape_blind,L,0.55078125,-0.0401624991,-0.106404732,-0.0788971621,-0.143350865,-0.0401624991,-0.106404732
shape_blind,L,0.5546875,-0.0388076541,-0.101879334,-0.0754268532,-0.137651696,-0.0388076541,-0.101879334
shape_blind,L,0.55859375,-0.0372956714,-0.0972503857,-0.0718505852,-0.131859992,-0.0372956714,-0.0972503857
shape_blind,L,0.5625,-0.0356377767,-0.0925306966,-0.0681793776,-0.125989981,-0.0356377767,-0.0925306966
shape_blind,L,0.56640625,-0.0338445376,-0.0877322459,-0.0644235365,-0.120054933,-0.0338445376,-0.0877322459
shape_blind,L,0.5703125,-0.0319258954,-0.0828662192,-0.0605926884,-0.114067198,-0.0319258954,-0.0828662192
shape_blind,L,0.57421875,-0.0298911947,-0.0779430439,-0.0566958133,-0.108038253,-0.0298911947,-0.0779430439
shape_blind,L,0.578125,-0.0277492129,-0.0729724249,-0.0527412778,-0.101978743,-0.0277492129,-0.0729724249
shape_blind,L,0.58203125,-0.0255081889,-0.0679633797,-0.0487368657,-0.0958985189,-0.0255081889,-0.0679633797
shape_blind,L,0.5859375,-0.0231758504,-0.0629242722,-0.0446898093,-0.0898066808,-0.0231758504,-0.0629242722
shape_blind,L,0.58984375,-0.0207594403,-0.0578628463,-0.0406068185,-0.0837116169,-0.0207594403,-0.0578628463
shape_blind,L,0.59375,-0.0182657425,-0.0527862582,-0.0364941095,-0.0776210412,-0.0182657425,-0.0527862582
shape_blind,L,0.59765625,-0.0157011064,-0.0477011079,-0.0323574325,-0.0715420302,-0.0157011064,-0.0477011079
shape_blind,L,0.6015625,-0.0130714704,-0.04261347,-0.0282020976,-0.0654810594,-0.0130714704,-0.04261347
shape_blind,L,0.60546875,-0.0103823847,-0.0375289228,-0.024033001,-0.0594440373,-0.0103823847,-0.0375289228
shape_blind,L,0.609375,-0.00763903301,-0.0324525771,-0.0198546487,-0.0534363389,-0.00763903301,-0.0324525771
shape_blind,L,0.61328125,-0.00484625306,-0.0273891031,-0.0156711801,-0.047462838,-0.00484625306,-0.0273891031
shape_blind,L,0.6171875,-0.00200855676,-0.0223427575,-0.0114863905,-0.0415279371,-0.00200855677,-0.0223427575
shape_blind,L,0.62109375,0.000869851037,-0.0173174077,-0.00730375225,-0.0356355979,0.000869851037,-0.0173174077
shape_blind,L,0.625,0.00378505447,-0.012316557,-0.00312643483,-0.0297893685,0.00378505447,-0.012316557
shape_blind,L,0.62890625,0.00673340943,-0.00734336687,0.00104267539,-0.0239924108,0.00673340943,-0.00734336687
shape_blind,L,0.6328125,0.00971152721,-0.00240067934,0.00520095697,-0.0182475262,0.00971152721,-0.00240067934
shape_blind,L,0.63671875,0.012716259,0.00250896198,0.00934603587,-0.0125571795,0.012716259,0.00250896198
shape_blind,L,0.640625,0.0157446809,0.00738329195,0.0134757688,-0.00692352293,0.0157446809,0.00738329195
shape_blind,L,0.64453125,0.0187940802,0.0122203049,0.0175882276,-0.00134841733,0.0187940802,0.0122203049
shape_blind,L,0.6484375,0.0218619419,0.0170182366,0.0216816841,0.00416654633,0.0218619419,0.0170182366
shape_blind,L,0.65234375,0.0249459362,0.0217755471,0.0257545963,0.00962002733,0.0249459362,0.0217755471
shape_blind,L,0.65625,0.0280439064,0.0264909045,0.0298055949,0.0150109165,0.0280439064,0.0264909045
shape_blind,L,0.66015625,0.0311538577,0.0311631697,0.0338334706,0.0203383183,0.0311538577,0.0311631697
shape_blind,L,0.6640625,0.0342739467,0.0357913818,0.0378371626,0.0256015344,0.0342739467,0.0357913818
shape_blind,L,0.66796875,0.0374024712,0.0403747444,0.0418157469,0.0308000477,0.0374024712,0.0403747444
shape_blind,L,0.671875,0.0405378606,0.0449126129,0.0457684262,0.0359335073,0.0405378606,0.0449126129
shape_blind,L,0.67578125,0.0436786672,0.0494044821,0.0496945198,0.0410017149,0.0436786672,0.0494044821
shape_blind,L,0.6796875,0.0468235573,0.0538499749,0.0535934542,0.0460046116,0.0468235573,0.0538499749
shape_blind,L,0.68359375,0.0499713038,0.0582488315,0.0574647545,0.0509422652,0.0499713038,0.0582488315
shape_blind,L,0.6875,0.0531207785,0.0626008995,0.0613080364,0.055814859,0.0531207785,0.0626008995
shape_blind,L,0.69140625,0.0562709447,0.066906124,0.065122998,0.0606226809,0.0562709447,0.066906124
shape_blind,L,0.6953125,0.0594208511,0.0711645393,0.068909413,0.0653661131,0.0594208511,0.0711645393
shape_blind,L,0.69921875,0.0625696253,0.07537626,0.072667124,0.070045623,0.0625696253,0.07537626
shape_blind,L,0.703125,0.0657164683,0.0795414738,0.0763960358,0.0746617538,0.0657164683,0.0795414738
shape_blind,L,0.70703125,0.0688606484,0.0836604338,0.0800961101,0.0792151168,0.0688606484,0.0836604338
shape_blind,L,0.7109375,0.0720014966,0.0877334522,0.0837673595,0.0837063835,0.0720014966,0.0877334522
shape_blind,L,0.71484375,0.0751384018,0.0917608936,0.0874098428,0.0881362783,0.0751384018,0.0917608936
shape_blind,L,0.71875,0.078270806,0.0957431693,0.09102366,0.0925055723,0.078270806,0.0957431693
shape_blind,L,0.72265625,0.0813982002,0.0996807319,0.0946089481,0.0968150766,0.0813982002,0.0996807319
shape_blind,L,0.7265625,0.0845201207,0.10357407,0.0981658768,0.101065637,0.0845201207,0.10357407
shape_blind,L,0.73046875,0.0876361452,0.107423704,0.101694645,0.105258129,0.0876361452,0.107423704
shape_blind,L,0.734375,0.0907458893,0.111230182,0.105195476,0.109393452,0.0907458893,0.111230182
shape_blind,L,0.73828125,0.0938490035,0.114994073,0.108668617,0.113472526,0.0938490035,0.114994073
shape_blind,L,0.7421875,0.0969451704,0.118715969,0.112114334,0.117496285,0.0969451704,0.118715969
shape_blind,L,0.74609375,0.100034101,0.122396475,0.115532908,0.121465679,0.100034101,0.122396475
shape_blind,L,0.75,0.103115534,0.12603621,0.118924636,0.125381662,0.103115534,0.12603621
shape_blind,L,0.75390625,0.106189232,0.129635804,0.122289824,0.129245196,0.106189232,0.129635804
shape_blind,L,0.7578125,0.109254977,0.133195892,0.125628789,0.133057246,0.109254977,0.133195892
shape_blind,L,0.76171875,0.112312575,0.136717117,0.128941856,0.136818774,0.112312575,0.136717117
shape_blind,L,0.765625,0.115361846,0.140200122,0.132229355,0.140530743,0.115361846,0.140200122
shape_blind,L,0.76953125,0.11840263,0.143645552,0.135491618,0.144194109,0.11840263,0.143645552
shape_blind,L,0.7734375,0.121434777,0.147054052,0.138728982,0.147809822,0.121434777,0.147054052
shape_blind,L,0.77734375,0.124458154,0.150426262,0.141941784,0.151378822,0.124458154,0.150426262
shape_blind,L,0.78125,0.127472638,0.153762819,0.145130361,0.154902041,0.127472638,0.153762819
shape_blind,L,0.78515625,0.130478115,0.157064355,0.148295047,0.158380399,0.130478115,0.157064355
shape_blind,L,0.7890625,0.133474483,0.160331493,0.151436177,0.161814803,0.133474483,0.160331493
shape_blind,L,0.79296875,0.136461645,0.163564851,0.154554081,0.165206145,0.136461645,0.163564851
shape_blind,L,0.796875,0.139439514,0.166765037,0.157649083,0.168555304,0.139439514,0.166765037
shape_blind,L,0.80078125,0.142408005,0.169932647,0.160721504,0.171863142,0.142408005,0.169932647
shape_blind,L,0.8046875,0.145367043,0.173068272,0.163771661,0.175130505,0.145367043,0.173068272
shape_blind,L,0.80859375,0.148316554,0.176172486,0.166799863,0.178358222,0.148316554,0.176172486
shape_blind,L,0.8125,0.15125647,0.179245855,0.169806413,0.181547105,0.15125647,0.179245855
shape_blind,L,0.81640625,0.154186723,0.182288932,0.172791607,0.184697947,0.154186723,0.182288932
shape_blind,L,0.8203125,0.157107252,0.185302258,0.175755733,0.187811522,0.157107252,0.185302258
shape_blind,L,0.82421875,0.160017994,0.188286359,0.178699074,0.190888587,0.160017994,0.188286359
shape_blind,L,0.828125,0.16291889,0.191241752,0.181621902,0.19392988,0.16291889,0.191241752
shape_blind,L,0.83203125,0.165809881,0.194168937,0.184524482,0.196936118,0.165809881,0.194168937
shape_blind,L,0.8359375,0.168690909,0.197068402,0.187407071,0.199908001,0.168690909,0.197068402
shape_blind,L,0.83984375,0.171561917,0.199940622,0.190269919,0.20284621,0.171561917,0.199940622
shape_blind,L,0.84375,0.174422846,0.202786057,0.193113265,0.205751406,0.174422846,0.202786057
shape_blind,L,0.84765625,0.177273639,0.205605154,0.195937341,0.20862423,0.177273639,0.205605154
shape_blind,L,0.8515625,0.180114238,0.208398347,0.19874237,0.211465307,0.180114238,0.208398347
shape_blind,L,0.85546875,0.182944584,0.211166056,0.201528567,0.214275241,0.182944584,0.211166056
shape_blind,L,0.859375,0.185764618,0.213908688,0.204296136,0.217054619,0.185764618,0.213908688
shape_blind,L,0.86328125,0.188574278,0.216626636,0.207045277,0.219804007,0.188574278,0.216626636
shape_blind,L,0.8671875,0.191373503,0.219320279,0.209776178,0.222523957,0.191373503,0.219320279
shape_blind,L,0.87109375,0.19416223,0.221989986,0.212489019,0.225215,0.19416223,0.221989986
shape_blind,L,0.875,0.196940394,0.224636109,0.215183973,0.22787765,0.196940394,0.224636109
shape_blind,L,0.87890625,0.199707931,0.227258991,0.217861206,0.230512405,0.199707931,0.227258991
shape_blind,L,0.8828125,0.202464771,0.22985896,0.220520872,0.233119745,0.202464771,0.22985896
shape_blind,L,0.88671875,0.205210848,0.232436333,0.22316312,0.235700134,0.205210848,0.232436333
shape_blind,L,0.890625,0.20794609,0.234991415,0.225788093,0.23825402,0.20794609,0.234991415
shape_blind,L,0.89453125,0.210670425,0.237524499,0.228395921,0.240781834,0.210670425,0.237524499
shape_blind,L,0.8984375,0.213383781,0.240035867,0.230986733,0.243283993,0.213383781,0.240035867
shape_blind,R,0,-0.0509919383,-0.0378805995,-0.0433783426,-0.0349664513,-0.0509919383,-0.0378805995
shape_blind,R,0.00390625,-0.0526029706,-0.0389890928,-0.044695168,-0.0359610329,-0.0526029706,-0.0389890928
shape_blind,R,0.0078125,-0.054190415,-0.0400730037,-0.0459889125,-0.0369314046,-0.054190415,-0.0400730037
shape_blind,R,0.01171875,-0.0557496043,-0.0411236836,-0.0472528084,-0.0378711905,-0.0557496043,-0.0411236836
shape_blind,R,0.015625,-0.0572763592,-0.0421343173,-0.0484804993,-0.0387757389,-0.0572763592,-0.0421343173
shape_blind,R,0.01953125,-0.0587701359,-0.0431059624,-0.0496707173,-0.0396466419,-0.0587701359,-0.0431059624
shape_blind,R,0.0234375,-0.0602366776,-0.0440520931,-0.0508314701,-0.0404948724,-0.0602366776,-0.0440520931
shape_blind,R,0.02734375,-0.0616877192,-0.0449970083,-0.051980124,-0.041338922,-0.0616877192,-0.0449970083
shape_blind,R,0.03125,-0.0631352503,-0.0459637679,-0.0531355683,-0.0421944819,-0.0631352503,-0.0459637679
shape_blind,R,0.03515625,-0.0645790788,-0.0469499734,-0.0543003182,-0.0430539722,-0.0645790788,-0.0469499734
shape_blind,R,0.0390625,-0.0659887666,-0.0478939922,-0.055433777,-0.0438569357,-0.0659887666,-0.0478939922
shape_blind,R,0.04296875,-0.0672834952,-0.0486379581,-0.0564215492,-0.0444543554,-0.0672834952,-0.0486379581
shape_blind,R,0.046875,-0.0683147749,-0.0488943666,-0.0570476979,-0.0445696492,-0.0683147749,-0.0488943666
shape_blind,R,0.05078125,-0.068856288,-0.0482190173,-0.0569757207,-0.0437562673,-0.068856288,-0.0482190173
shape_blind,R,0.0546875,-0.0686027926,-0.0459861301,-0.0557400144,-0.0413487107,-0.0686027926,-0.0459861301
shape_blind,R,0.05859375,-0.0671770867,-0.0413561493,-0.0527446568,-0.0364041964,-0.0671770867,-0.0413561493
shape_blind,R,0.0625,-0.0641418789,-0.0332280744,-0.0472631157,-0.0276388565,-0.0641418789,-0.0332280744
shape_blind,R,0.06640625,-0.0590127306,-0.0201784496,-0.0384329129,-0.0133742751,-0.0590127306,-0.0201784496
shape_blind,R,0.0703125,-0.0512688561,-0.000405745412,-0.0252435698,0.0084781162,-0.0512688561,-0.000405745412
shape_blind,R,0.07421875,-0.0403597875,0.0282858919,-0.00652273593,0.0403635794,-0.0403597875,0.0282858919
shape_blind,R,0.078125,-0.0257070089,0.0684254254,0.0190686339,0.0849406046,-0.0257070089,0.0684254254
shape_blind,R,0.08203125,-0.00670029698,0.122711881,0.0530188166,0.144850469,-0.00670029698,0.122711881
shape_blind,R,0.0859375,0.01731113,0.193755477,0.0969153038,0.222432695,0.01731113,0.193755477
shape_blind,R,0.08984375,0.0470319644,0.283765097,0.152359741,0.319442365,0.0470319644,0.283765097
shape_blind,R,0.09375,0.0832366196,0.39424976,0.220855079,0.436830304,0.0832366196,0.39424976
shape_blind,R,0.09765625,0.126783223,0.525802823,0.30367999,0.57463028,0.126783223,0.525802823
shape_blind,R,0.1015625,0.178618882,0.678011416,0.401768306,0.731964218,0.178618882,0.678011416
shape_blind,R,0.10546875,0.239767348,0.849490634,0.515607855,0.907139912,0.239767348,0.849490634
shape_blind,R,0.109375,0.311290155,1.03800128,0.645165328,1.09778985,0.311290155,1.03800128
shape_blind,R,0.11328125,0.394215064,1.24058965,0.789835256,1.30099464,0.394215064,1.24058965
shape_blind,R,0.1171875,0.48943112,1.45369686,0.948406015,1.51335243,0.48943112,1.45369686
shape_blind,R,0.12109375,0.597556807,1.67321946,1.11903732,1.73099092,0.597556807,1.67321946
shape_blind,R,0.125,0.718794962,1.894546,1.29925219,1.94955719,0.718794962,1.894546
shape_blind,R,0.12890625,0.85279381,2.11262614,1.48595821,2.16424738,0.85279381,2.11262614
shape_blind,R,0.1328125,0.998536681,2.32213111,1.67552072,2.36993748,0.998536681,2.32213111
shape_blind,R,0.13671875,1.15428331,2.51773384,1.86390779,2.56144541,1.15428331,2.51773384
shape_blind,R,0.140625,1.31758226,2.69448457,2.04691019,2.733902,1.31758226,2.69448457
shape_blind,R,0.14453125,1.48536638,2.84820822,2.22041514,2.88315726,1.48536638,2.84820822
shape_blind,R,0.1484375,1.6541302,2.97582782,2.38069007,3.00612316,1.6541302,2.97582782
shape_blind,R,0.15234375,1.82017202,3.07553529,2.52462416,3.10096817,1.82017202,3.07553529
shape_blind,R,0.15625,1.97986697,3.14677876,2.64988488,3.16712536,1.97986697,3.14677876
shape_blind,R,0.16015625,2.12992793,3.19009171,2.75497085,3.20513407,2.12992793,3.19009171
shape_blind,R,0.1640625,2.26761207,3.20682899,2.83916957,3.21637857,2.26761207,3.20682899
shape_blind,R,0.16796875,2.39084442,3.19888588,2.90244917,3.20280186,2.39084442,3.19888588
shape_blind,R,0.171875,2.49825042,3.16845993,2.94532088,3.16665896,2.49825042,3.16845993
shape_blind,R,0.17578125,2.58911052,3.11788528,2.96870336,3.11034309,2.58911052,3.11788528
shape_blind,R,0.1796875,2.66326368,3.04953871,2.97380848,3.03628701,2.66326368,3.04953871
shape_blind,R,0.18359375,2.72099024,2.96579719,2.96205375,2.94691949,2.72099024,2.96579719
shape_blind,R,0.1875,2.76289891,2.86902029,2.93499779,2.84464904,2.76289891,2.86902029
shape_blind,R,0.19140625,2.7898319,2.76153564,2.8942901,2.73185118,2.7898319,2.76153564
shape_blind,R,0.1953125,2.80279213,2.64561574,2.84162778,2.6108462,2.80279213,2.64561574
shape_blind,R,0.19921875,2.8028894,2.5234467,2.77871587,2.4838675,2.8028894,2.5234467
shape_blind,R,0.203125,2.79130071,2.39709827,2.70723302,2.35303163,2.79130071,2.39709827
shape_blind,R,0.20703125,2.76924079,2.26850999,2.62880773,2.22032647,2.76924079,2.26850999
shape_blind,R,0.2109375,2.73794138,2.13950574,2.54501071,2.08763236,2.73794138,2.13950574
shape_blind,R,0.21484375,2.69863797,2.01183988,2.45736465,1.95677889,2.69863797,2.01183988
shape_blind,R,0.21875,2.65256159,1.8872619,2.36736478,1.829622,2.65256159,1.8872619
shape_blind,R,0.22265625,2.60092998,1.76756935,2.27649496,1.70810474,2.60092998,1.76756935
shape_blind,R,0.2265625,2.54493065,1.65460865,2.18621928,1.5942545,2.54493065,1.65460865
shape_blind,R,0.23046875,2.48568973,1.55019044,2.097933,1.49007741,2.48568973,1.55019044
shape_blind,R,0.234375,2.42422623,1.4559134,2.01287098,1.39734413,2.42422623,1.4559134
shape_blind,R,0.23828125,2.3614002,1.37293186,1.93199225,1.31730966,2.3614002,1.37293186
shape_blind,R,0.2421875,2.29786985,1.30173902,1.85587695,1.25045316,2.29786985,1.30173902
shape_blind,R,0.24609375,2.23407353,1.24204656,1.78467476,1.19633416,2.23407353,1.24204656
shape_blind,R,0.25,2.17024529,1.19281348,1.71812873,1.1536285,2.17024529,1.19281348
shape_blind,R,0.25390625,2.10646059,1.15242246,1.65567083,1.1203427,2.10646059,1.15242246
shape_blind,R,0.2578125,2.0426988,1.11894916,1.59656012,1.09414113,2.0426988,1.11894916
shape_blind,R,0.26171875,1.97890453,1.09044345,1.54002312,1.07268795,1.97890453,1.09044345
shape_blind,R,0.265625,1.91503405,1.06515095,1.48536219,1.0539154,1.91503405,1.06515095
shape_blind,R,0.26953125,1.85108042,1.04163691,1.43201521,1.03617097,1.85108042,1.04163691
shape_blind,R,0.2734375,1.78707919,1.01881405,1.37956899,1.01824466,1.78707919,1.01881405
shape_blind,R,0.27734375,1.72310154,0.995903139,1.32774131,0.999312053,1.72310154,0.995903139
shape_blind,R,0.28125,1.65924258,0.9723643,1.27635005,0.978841339,1.65924258,0.9723643
shape_blind,R,0.28515625,1.59561067,0.947830236,1.22528385,0.956503916,1.59561067,0.947830236
shape_blind,R,0.2890625,1.53232042,0.922057655,1.17448154,0.932109923,1.53232042,0.922057655
shape_blind,R,0.29296875,1.46948925,0.894899224,1.12392077,0.905571746,1.46948925,0.894899224
shape_blind,R,0.296875,1.40723616,0.866289622,1.07361255,0.876887111,1.40723616,0.866289622
shape_blind,R,0.30078125,1.34568096,0.836237048,1.02359779,0.846130258,1.34568096,0.836237048
shape_blind,R,0.3046875,1.28494293,0.804813891,0.973942922,0.813442554,1.28494293,0.804813891
shape_blind,R,0.30859375,1.22513882,0.772144258,0.924733892,0.779019102,1.22513882,0.772144258
shape_blind,R,0.3125,1.16638037,0.7383893,0.876069184,0.743092236,1.16638037,0.7383893
shape_blind,R,0.31640625,1.10877211,0.703732761,0.828053059,0.705914886,1.10877211,0.703732761
shape_blind,R,0.3203125,1.0524096,0.668368927,0.78079007,0.667746671,1.0524096,0.668368927
shape_blind,R,0.32421875,0.997378553,0.63249401,0.734381277,0.628844108,0.997378553,0.63249401
shape_blind,R,0.328125,0.94375444,0.596300777,0.688922012,0.589454836,0.94375444,0.596300777
shape_blind,R,0.33203125,0.891602629,0.559975496,0.644500703,0.549814689,0.891602629,0.559975496
shape_blind,R,0.3359375,0.840978645,0.523696103,0.601198254,0.510146242,0.840978645,0.523696103
shape_blind,R,0.33984375,0.791928515,0.487630813,0.559087608,0.470657821,0.791928515,0.487630813
shape_blind,R,0.34375,0.744489093,0.451936798,0.518233341,0.431542472,0.744489093,0.451936798
shape_blind,R,0.34765625,0.698688407,0.416758936,0.478691302,0.392976895,0.698688407,0.416758936
shape_blind,R,0.3515625,0.654546039,0.38222881,0.440508397,0.355120573,0.654546039,0.38222881
shape_blind,R,0.35546875,0.612073578,0.348464103,0.403722559,0.318115315,0.612073578,0.348464103
shape_blind,R,0.359375,0.571275152,0.315568471,0.368362958,0.282085318,0.571275152,0.315568471
shape_blind,R,0.36328125,0.532148004,0.28363181,0.334450383,0.247137696,0.532148004,0.28363181
shape_blind,R,0.3671875,0.494683105,0.252730826,0.301997763,0.213363337,0.494683105,0.252730826
shape_blind,R,0.37109375,0.45886576,0.222929755,0.271010738,0.180837919,0.45886576,0.222929755
shape_blind,R,0.375,0.424676193,0.194281127,0.241488241,0.149622964,0.424676193,0.194281127
shape_blind,R,0.37890625,0.392090106,0.166826549,0.21342307,0.119766863,0.392090106,0.166826549
shape_blind,R,0.3828125,0.361079203,0.14059746,0.186802445,0.0913058715,0.361079203,0.14059746
shape_blind,R,0.38671875,0.331611696,0.115615891,0.161608547,0.0642650621,0.331611696,0.115615891
shape_blind,R,0.390625,0.303652777,0.0918952285,0.137819053,0.0386592852,0.303652777,0.0918952285
shape_blind,R,0.39453125,0.277165067,0.0694409878,0.115407653,0.0144941176,0.277165067,0.0694409878
shape_blind,R,0.3984375,0.252109043,0.0482515813,0.0943445676,-0.00823319469,0.252109043,0.0482515813
shape_blind,R,0.40234375,0.228443431,0.0283190741,0.0745970298,-0.0295328197,0.228443431,0.0283190741
shape_blind,R,0.40625,0.206125578,0.00962990801,0.0561297502,-0.0494214644,0.206125578,0.00962990801
shape_blind,R,0.41015625,0.185111782,-0.00783441378,0.0389053457,-0.0679215529,0.185111782,-0.00783441378
shape_blind,R,0.4140625,0.165357597,-0.0240966889,0.022884736,-0.0850604643,0.165357597,-0.0240966889
shape_blind,R,0.41796875,0.146818116,-0.0391834227,0.00802750772,-0.100869829,0.146818116,-0.0391834227
shape_blind,R,0.421875,0.129448214,-0.0531242802,-0.00570775261,-0.115384881,0.129448214,-0.0531242802
shape_blind,R,0.42578125,0.113202773,-0.0659515775,-0.0183631548,-0.12864386,0.113202773,-0.0659515775
shape_blind,R,0.4296875,0.0980368853,-0.0776998144,-0.0299812285,-0.140687462,0.0980368853,-0.0776998144
shape_blind,R,0.43359375,0.0839060288,-0.088405243,-0.0406046738,-0.151558337,0.0839060288,-0.088405243
shape_blind,R,0.4375,0.0707662242,-0.0981054746,-0.0502761364,-0.161300632,0.0707662242,-0.0981054746
shape_blind,R,0.44140625,0.0585741717,-0.106839123,-0.0590380085,-0.169959572,0.0585741717,-0.106839123
shape_blind,R,0.4453125,0.0472873694,-0.114645485,-0.0669322521,-0.177581095,0.0472873694,-0.114645485
shape_blind,R,0.44921875,0.0368642143,-0.121564248,-0.074000245,-0.184211512,0.0368642143,-0.121564248
shape_blind,R,0.453125,0.0272640872,-0.12763524,-0.0802826474,-0.18989722,0.0272640872,-0.12763524
shape_blind,R,0.45703125,0.0184474238,-0.1328982,-0.0858192865,-0.194684437,0.0184474238,-0.1328982
shape_blind,R,0.4609375,0.0103757718,-0.137392578,-0.0906490596,-0.198618978,0.0103757718,-0.137392578
shape_blind,R,0.46484375,0.00301183727,-0.141157364,-0.0948098521,-0.201746054,0.00301183727,-0.141157364
shape_blind,R,0.46875,-0.00368048113,-0.144230934,-0.0983384705,-0.204110101,-0.00368048113,-0.144230934
shape_blind,R,0.47265625,-0.00973606648,-0.146650921,-0.101270588,-0.205754635,-0.00973606648,-0.146650921
shape_blind,R,0.4765625,-0.0151885674,-0.148454105,-0.103640703,-0.206722128,-0.0151885674,-0.148454105
shape_blind,R,0.48046875,-0.0200703893,-0.149676321,-0.105482108,-0.207053902,-0.0200703893,-0.149676321
shape_blind,R,0.484375,-0.0244126928,-0.150352382,-0.106826867,-0.206790047,-0.0244126928,-0.150352382
shape_blind,R,0.48828125,-0.0282453984,-0.150516018,-0.107705806,-0.205969354,-0.0282453984,-0.150516018
shape_blind,R,0.4921875,-0.0315971957,-0.150199829,-0.108148504,-0.204629263,-0.0315971957,-0.150199829
shape_blind,R,0.49609375,-0.0344955588,-0.149435249,-0.108183297,-0.202805823,-0.0344955588,-0.149435249
shape_blind,R,0.5,-0.0369667641,-0.148252518,-0.107837289,-0.200533669,-0.0369667641,-0.148252518
shape_blind,R,0.50390625,-0.0390359131,-0.146680671,-0.107136358,-0.197846006,-0.0390359131,-0.146680671
shape_blind,R,0.5078125,-0.0407269567,-0.144747526,-0.106105181,-0.194774603,-0.0407269567,-0.144747526
shape_blind,R,0.51171875,-0.0420627233,-0.142479688,-0.104767253,-0.191349794,-0.0420627233,-0.142479688
shape_blind,R,0.515625,-0.0430649479,-0.13990255,-0.103144911,-0.187600493,-0.0430649479,-0.13990255
shape_blind,R,0.51953125,-0.0437543034,-0.137040312,-0.101259363,-0.183554207,-0.0437543034,-0.137040312
shape_blind,R,0.5234375,-0.0441504332,-0.133915993,-0.0991307179,-0.179237061,-0.0441504332,-0.133915993
shape_blind,R,0.52734375,-0.0442719842,-0.130551455,-0.0967780169,-0.174673821,-0.0442719842,-0.130551455
shape_blind,R,0.53125,-0.0441366415,-0.126967426,-0.0942192685,-0.169887929,-0.0441366415,-0.126967426
shape_blind,R,0.53515625,-0.0437611621,-0.123183527,-0.0914714818,-0.164901536,-0.0437611621,-0.123183527
shape_blind,R,0.5390625,-0.0431614104,-0.119218307,-0.0885507023,-0.159735537,-0.0431614104,-0.119218307
shape_blind,R,0.54296875,-0.0423523926,-0.115089267,-0.0854720477,-0.154409611,-0.0423523926,-0.115089267
shape_blind,R,0.546875,-0.0413482911,-0.110812902,-0.082249744,-0.148942263,-0.0413482911,-0.110812902
shape_blind,R,0.55078125,-0.0401624991,-0.106404732,-0.0788971621,-0.143350865,-0.0401624991,-0.106404732
shape_blind,R,0.5546875,-0.0388076541,-0.101879334,-0.0754268532,-0.137651696,-0.0388076541,-0.101879334
shape_blind,R,0.55859375,-0.0372956714,-0.0972503857,-0.0718505852,-0.131859992,-0.0372956714,-0.0972503857
shape_blind,R,0.5625,-0.0356377767,-0.0925306966,-0.0681793776,-0.125989981,-0.0356377767,-0.0925306966
shape_blind,R,0.56640625,-0.0338445376,-0.0877322459,-0.0644235365,-0.120054933,-0.0338445376,-0.0877322459
shape_blind,R,0.5703125,-0.0319258954,-0.0828662192,-0.0605926884,-0.114067198,-0.0319258954,-0.0828662192
shape_blind,R,0.57421875,-0.0298911947,-0.0779430439,-0.0566958133,-0.108038253,-0.0298911947,-0.0779430439
shape_blind,R,0.578125,-0.0277492129,-0.0729724249,-0.0527412778,-0.101978743,-0.0277492129,-0.0729724249
shape_blind,R,0.58203125,-0.0255081889,-0.0679633797,-0.0487368657,-0.0958985189,-0.0255081889,-0.0679633797
shape_blind,R,0.5859375,-0.0231758504,-0.0629242722,-0.0446898093,-0.0898066808,-0.0231758504,-0.0629242722
shape_blind,R,0.58984375,-0.0207594403,-0.0578628463,-0.0406068185,-0.0837116169,-0.0207594403,-0.0578628463
shape_blind,R,0.59375,-0.0182657425,-0.0527862582,-0.0364941095,-0.0776210412,-0.0182657425,-0.0527862582
shape_blind,R,0.59765625,-0.0157011064,-0.0477011079,-0.0323574325,-0.0715420302,-0.0157011064,-0.0477011079
shape_blind,R,0.6015625,-0.0130714704,-0.04261347,-0.0282020976,-0.0654810594,-0.0130714704,-0.04261347
shape_blind,R,0.60546875,-0.0103823847,-0.0375289228,-0.024033001,-0.0594440373,-0.0103823847,-0.0375289228
shape_blind,R,0.609375,-0.00763903301,-0.0324525771,-0.0198546487,-0.0534363389,-0.00763903301,-0.0324525771
shape_blind,R,0.61328125,-0.00484625306,-0.0273891031,-0.0156711801,-0.047462838,-0.00484625306,-0.0273891031
shape_blind,R,0.6171875,-0.00200855676,-0.0223427575,-0.0114863905,-0.0415279371,-0.00200855677,-0.0223427575
shape_blind,R,0.62109375,0.000869851037,-0.0173174077,-0.00730375225,-0.0356355979,0.000869851037,-0.0173174077
shape_blind,R,0.625,0.00378505447,-0.012316557,-0.00312643483,-0.0297893685,0.00378505447,-0.012316557
shape_blind,R,0.62890625,0.00673340943,-0.00734336687,0.00104267539,-0.0239924108,0.00673340943,-0.00734336687
shape_blind,R,0.6328125,0.00971152721,-0.00240067934,0.00520095697,-0.0182475262,0.00971152721,-0.00240067934
shape_blind,R,0.63671875,0.012716259,0.00250896198,0.00934603587,-0.0125571795,0.012716259,0.00250896198
shape_blind,R,0.640625,0.0157446809,0.00738329195,0.0134757688,-0.00692352293,0.0157446809,0.00738329195
shape_blind,R,0.64453125,0.0187940802,0.0122203049,0.0175882276,-0.00134841733,0.0187940802,0.0122203049
shape_blind,R,0.6484375,0.0218619419,0.0170182366,0.0216816841,0.00416654633,0.0218619419,0.0170182366
shape_blind,R,0.65234375,0.0249459362,0.0217755471,0.0257545963,0.00962002733,0.0249459362,0.0217755471
shape_blind,R,0.65625,0.0280439064,0.0264909045,0.0298055949,0.0150109165,0.0280439064,0.0264909045
shape_blind,R,0.66015625,0.0311538577,0.0311631697,0.0338334706,0.0203383183,0.0311538577,0.0311631697
shape_blind,R,0.6640625,0.0342739467,0.0357913818,0.0378371626,0.0256015344,0.0342739467,0.0357913818
shape_blind,R,0.66796875,0.0374024712,0.0403747444,0.0418157469,0.0308000477,0.0374024712,0.0403747444
shape_blind,R,0.671875,0.0405378606,0.0449126129,0.0457684262,0.0359335073,0.0405378606,0.0449126129
shape_blind,R,0.67578125,0.0436786672,0.0494044821,0.0496945198,0.0410017149,0.0436786672,0.0494044821
shape_blind,R,0.6796875,0.0468235573,0.0538499749,0.0535934542,0.0460046116,0.0468235573,0.0538499749
shape_blind,R,0.68359375,0.0499713038,0.0582488315,0.0574647545,0.0509422652,0.0499713038,0.0582488315
shape_blind,R,0.6875,0.0531207785,0.0626008995,0.0613080364,0.055814859,0.0531207785,0.0626008995
shape_blind,R,0.69140625,0.0562709447,0.066906124,0.065122998,0.0606226809,0.0562709447,0.066906124
shape_blind,R,0.6953125,0.0594208511,0.0711645393,0.068909413,0.0653661131,0.0594208511,0.0711645393
shape_blind,R,0.69921875,0.0625696253,0.07537626,0.072667124,0.070045623,0.0625696253,0.07537626
shape_blind,R,0.703125,0.0657164683,0.0795414738,0.0763960358,0.0746617538,0.0657164683,0.0795414738
shape_blind,R,0.70703125,0.0688606484,0.0836604338,0.0800961101,0.0792151168,0.0688606484,0.0836604338
shape_blind,R,0.7109375,0.0720014966,0.0877334522,0.0837673595,0.0837063835,0.0720014966,0.0877334522
shape_blind,R,0.71484375,0.0751384018,0.0917608936,0.0874098428,0.0881362783,0.0751384018,0.0917608936
shape_blind,R,0.71875,0.078270806,0.0957431693,0.09102366,0.0925055723,0.078270806,0.0957431693
shape_blind,R,0.72265625,0.0813982002,0.0996807319,0.0946089481,0.0968150766,0.0813982002,0.0996807319
shape_blind,R,0.7265625,0.0845201207,0.10357407,0.0981658768,0.101065637,0.0845201207,0.10357407
shape_blind,R,0.73046875,0.0876361452,0.107423704,0.101694645,0.105258129,0.0876361452,0.107423704
shape_blind,R,0.734375,0.0907458893,0.111230182,0.105195476,0.109393452,0.0907458893,0.111230182
shape_blind,R,0.73828125,0.0938490035,0.114994073,0.108668617,0.113472526,0.0938490035,0.114994073
shape_blind,R,0.7421875,0.0969451704,0.118715969,0.112114334,0.117496285,0.0969451704,0.118715969
shape_blind,R,0.74609375,0.100034101,0.122396475,0.115532908,0.121465679,0.100034101,0.122396475
shape_blind,R,0.75,0.103115534,0.12603621,0.118924636,0.125381662,0.103115534,0.12603621
shape_blind,R,0.75390625,0.106189232,0.129635804,0.122289824,0.129245196,0.106189232,0.129635804
shape_blind,R,0.7578125,0.109254977,0.133195892,0.125628789,0.133057246,0.109254977,0.133195892
shape_blind,R,0.76171875,0.112312575,0.136717117,0.128941856,0.136818774,0.112312575,0.136717117
shape_blind,R,0.765625,0.115361846,0.140200122,0.132229355,0.140530743,0.115361846,0.140200122
shape_blind,R,0.76953125,0.11840263,0.143645552,0.135491618,0.144194109,0.11840263,0.143645552
shape_blind,R,0.7734375,0.121434777,0.147054052,0.138728982,0.147809822,0.121434777,0.147054052
shape_blind,R,0.77734375,0.124458154,0.150426262,0.141941784,0.151378822,0.124458154,0.150426262
shape_blind,R,0.78125,0.127472638,0.153762819,0.145130361,0.154902041,0.127472638,0.153762819
shape_blind,R,0.78515625,0.130478115,0.157064355,0.148295047,0.158380399,0.130478115,0.157064355
shape_blind,R,0.7890625,0.133474483,0.160331493,0.151436177,0.161814803,0.133474483,0.160331493
shape_blind,R,0.79296875,0.136461645,0.163564851,0.154554081,0.165206145,0.136461645,0.163564851
shape_blind,R,0.796875,0.139439514,0.166765037,0.157649083,0.168555304,0.139439514,0.166765037
shape_blind,R,0.80078125,0.142408005,0.169932647,0.160721504,0.171863142,0.142408005,0.169932647
shape_blind,R,0.8046875,0.145367043,0.173068272,0.163771661,0.175130505,0.145367043,0.173068272
shape_blind,R,0.80859375,0.148316554,0.176172486,0.166799863,0.178358222,0.148316554,0.176172486
shape_blind,R,0.8125,0.15125647,0.179245855,0.169806413,0.181547105,0.15125647,0.179245855
shape_blind,R,0.81640625,0.154186723,0.182288932,0.172791607,0.184697947,0.154186723,0.182288932
shape_blind,R,0.8203125,0.157107252,0.185302258,0.175755733,0.187811522,0.157107252,0.185302258
shape_blind,R,0.82421875,0.160017994,0.188286359,0.178699074,0.190888587,0.160017994,0.188286359
shape_blind,R,0.828125,0.16291889,0.191241752,0.181621902,0.19392988,0.16291889,0.191241752
shape_blind,R,0.83203125,0.165809881,0.194168937,0.184524482,0.196936118,0.165809881,0.194168937
shape_blind,R,0.8359375,0.168690909,0.197068402,0.187407071,0.199908001,0.168690909,0.197068402
shape_blind,R,0.83984375,0.171561917,0.199940622,0.190269919,0.20284621,0.171561917,0.199940622
shape_blind,R,0.84375,0.174422846,0.202786057,0.193113265,0.205751406,0.174422846,0.202786057
shape_blind,R,0.84765625,0.177273639,0.205605154,0.195937341,0.20862423,0.177273639,0.205605154
shape_blind,R,0.8515625,0.180114238,0.208398347,0.19874237,0.211465307,0.180114238,0.208398347
shape_blind,R,0.85546875,0.182944584,0.211166056,0.201528567,0.214275241,0.182944584,0.211166056
shape_blind,R,0.859375,0.185764618,0.213908688,0.204296136,0.217054619,0.185764618,0.213908688
shape_blind,R,0.86328125,0.188574278,0.216626636,0.207045277,0.219804007,0.188574278,0.216626636
shape_blind,R,0.8671875,0.191373503,0.219320279,0.209776178,0.222523957,0.191373503,0.219320279
shape_blind,R,0.87109375,0.19416223,0.221989986,0.212489019,0.225215,0.19416223,0.221989986
shape_blind,R,0.875,0.196940394,0.224636109,0.215183973,0.22787765,0.196940394,0.224636109
shape_blind,R,0.87890625,0.199707931,0.227258991,0.217861206,0.230512405,0.199707931,0.227258991
shape_blind,R,0.8828125,0.202464771,0.22985896,0.220520872,0.233119745,0.202464771,0.22985896
shape_blind,R,0.88671875,0.205210848,0.232436333,0.22316312,0.235700134,0.205210848,0.232436333
shape_blind,R,0.890625,0.20794609,0.234991415,0.225788093,0.23825402,0.20794609,0.234991415
shape_blind,R,0.89453125,0.210670425,0.237524499,0.228395921,0.240781834,0.210670425,0.237524499
shape_blind,R,0.8984375,0.213383781,0.240035867,0.230986733,0.243283993,0.213383781,0.240035867
no_feedback,L,0,-0.0437696058,-0.0248529582,-0.0584448078,-0.0453738522,-0.0733499776,-0.00194001582
no_feedback,L,0.00390625,-0.0452709734,-0.0254822186,-0.0603437458,-0.0467746494,-0.0757169553,-0.00174109069
no_feedback,L,0.0078125,-0.0467581441,-0.0260923467,-0.0622192158,-0.0481537593,-0.0780538326,-0.00152774454
no_feedback,L,0.01171875,-0.0482272388,-0.0266741435,-0.0640636018,-0.0495032447,-0.0803507141,-0.00129093618
no_feedback,L,0.015625,-0.0496752967,-0.0272177427,-0.065869445,-0.0508147788,-0.0825977061,-0.00102068193
no_feedback,L,0.01953125,-0.0511028495,-0.0277190667,-0.0676346472,-0.0520851381,-0.0847916943,-0.000712478234
no_feedback,L,0.0234375,-0.0525157197,-0.0281864367,-0.069367311,-0.053321703,-0.0869427902,-0.000374074862
no_feedback,L,0.02734375,-0.0539240495,-0.0286423467,-0.0710861897,-0.054543719,-0.0890752065,-2.76303138e-05
no_feedback,L,0.03125,-0.0553368106,-0.0291145855,-0.0728123973,-0.0557744583,-0.0912167959,0.000298673048
no_feedback,L,0.03515625,-0.0567513603,-0.0296127333,-0.0745498499,-0.0570210717,-0.0933737659,0.000593785084
no_feedback,L,0.0390625,-0.0581396956,-0.0300906859,-0.0762557799,-0.0582428919,-0.0954920798,0.000901400604
no_feedback,L,0.04296875,-0.0594350076,-0.0304017872,-0.0778071956,-0.0593139209,-0.0974130242,0.00136571921
no_feedback,L,0.046875,-0.0605228592,-0.0302577141,-0.0789721773,-0.0599889378,-0.0988345412,0.00227423419
no_feedback,L,0.05078125,-0.0612402292,-0.0292030732,-0.0793947087,-0.0598831189,-0.0992899111,0.00408527347
no_feedback,L,0.0546875,-0.0613831915,-0.0266141195,-0.078598235,-0.0584718607,-0.0981509746,0.00743126853
no_feedback,L,0.05859375,-0.0607213294,-0.0217236456,-0.0760079141,-0.0551120521,-0.0946563011,0.0130950025
no_feedback,L,0.0625,-0.059015288,-0.013667585,-0.0709868294,-0.0490806654,-0.0879584341,0.0219627687
no_feedback,L,0.06640625,-0.0560336818,-0.00154452726,-0.0628788848,-0.0396231283,-0.0771807738,0.0349630869
no_feedback,L,0.0703125,-0.051566626,0.0155218718,-0.0510511067,-0.0260032191,-0.0614744092,0.0530012493
no_feedback,L,0.07421875,-0.0454347354,0.0383260942,-0.0349299426,-0.00754773632,-0.0400674938,0.0768987586
no_feedback,L,0.078125,-0.0374938289,0.0675350765,-0.0140287491,0.0163181517,-0.0123031215,0.107343814
no_feedback,L,0.08203125,-0.027636377,0.103655945,0.01203402,0.0460463038,0.022335228,0.144855726
no_feedback,L,0.0859375,-0.0157908948,0.147017019,0.0435249221,0.081951218,0.0642095332,0.189763491
no_feedback,L,0.08984375,-0.00192022642,0.197760545,0.0805923323,0.124204315,0.113522311,0.242197152
no_feedback,L,0.09375,0.0139807459,0.255845148,0.123268394,0.172835126,0.170318848,0.302089895
no_feedback,L,0.09765625,0.031887765,0.321056038,0.171474883,0.227737812,0.234494894,0.369188799
no_feedback,L,0.1015625,0.0517502026,0.393021243,0.225032075,0.288681781,0.305808522,0.4430723
no_feedback,L,0.10546875,0.0734943871,0.471232281,0.283669918,0.355325389,0.383895175,0.523172606
no_feedback,L,0.109375,0.097027175,0.555067748,0.347040832,0.427231833,0.468284962,0.608801354
no_feedback,L,0.11328125,0.122239615,0.643818325,0.414733469,0.503886342,0.558421298,0.699176834
no_feedback,L,0.1171875,0.149010523,0.736711764,0.486286748,0.584713817,0.653679945,0.793451242
no_feedback,L,0.12109375,0.177209815,0.832936627,0.561203558,0.669096107,0.753387641,0.890736583
no_feedback,L,0.125,0.206701492,0.931663862,0.638963606,0.756388281,0.856839606,0.99012824
no_feedback,L,0.12890625,0.237346246,1.03206565,0.719035105,0.845933442,0.963315488,1.09072558
no_feedback,L,0.1328125,0.269003697,1.13333137,0.800885133,0.93707584,1.0720935,1.1916494
no_feedback,L,0.13671875,0.301534313,1.23468065,0.883988623,1.0291722,1.18246272,1.29205619
no_feedback,L,0.140625,0.334801054,1.33537392,0.967836024,1.12160133,1.29373354,1.39114958
no_feedback,L,0.14453125,0.368670775,1.43472042,1.05193967,1.21377198,1.40524637,1.48818903
no_feedback,L,0.1484375,0.40301538,1.53208417,1.13583889,1.30512907,1.51637856,1.58249617
no_feedback,L,0.15234375,0.437712715,1.62688767,1.21910375,1.3951582,1.62654958,1.67345878
no_feedback,L,0.15625,0.472647171,1.71861372,1.30133755,1.48338853,1.73522433,1.76053254
no_feedback,L,0.16015625,0.507710015,1.80680546,1.38217809,1.56939414,1.84191488,1.84324093
no_feedback,L,0.1640625,0.542799496,1.89106505,1.46129794,1.65279418,1.94618085,1.92117374
no_feedback,L,0.16796875,0.57782085,1.97105191,1.53840435,1.73325256,2.04762927,1.99398491
no_feedback,L,0.171875,0.612686373,2.04648097,1.61323915,1.81047754,2.14591438,2.06139047
no_feedback,L,0.17578125,0.647315664,2.11712175,1.68557905,1.88422183,2.24073807,2.12316717
no_feedback,L,0.1796875,0.681636041,2.18279786,1.75523622,1.95428298,2.33185061,2.17915159
no_feedback,L,0.18359375,0.715582935,2.24338596,1.82205853,2.02050319,2.41905084,2.22923855
no_feedback,L,0.1875,0.749099887,2.29881255,1.88592806,2.0827671,2.50218417,2.27337726
no_feedback,L,0.19140625,0.782137769,2.34904705,1.946757,2.14099654,2.5811369,2.31156363
no_feedback,L,0.1953125,0.814653095,2.39409112,2.00448082,2.19514199,2.65582691,2.34382889
no_feedback,L,0.19921875,0.846605773,2.43396667,2.05905018,2.24517287,2.7261928,2.37022696
no_feedback,L,0.203125,0.877957282,2.46870742,2.11042525,2.29107083,2.79218615,2.39082566
no_feedback,L,0.20703125,0.908670584,2.4983597,2.15857631,2.3328306,2.85377245,2.40570762
no_feedback,L,0.2109375,0.93871277,2.5229959,2.2034932,2.37047128,2.91094393,2.41498395
no_feedback,L,0.21484375,0.968060183,2.54273715,2.24520155,2.40405524,2.96374135,2.41881716
no_feedback,L,0.21875,0.996703867,2.55777343,2.28377759,2.43370476,3.01227385,2.41744085
no_feedback,L,0.22265625,1.02465136,2.56836257,2.31934838,2.45960091,3.05671888,2.41115721
no_feedback,L,0.2265625,1.0519204,2.57479006,2.35206456,2.48194987,3.09728502,2.40029448
no_feedback,L,0.23046875,1.07852185,2.57728387,2.38204061,2.5009117,3.13413118,2.38511903
no_feedback,L,0.234375,1.10443378,2.57589985,2.40927271,2.51650459,3.16725603,2.36571908
no_feedback,L,0.23828125,1.12957329,2.57041563,2.4335602,2.52851574,3.19639286,2.34189968
no_feedback,L,0.2421875,1.15377669,2.56028064,2.45446377,2.53645828,3.22095478,2.31313737
no_feedback,L,0.24609375,1.17679695,2.54465668,2.47132577,2.53960237,3.2400639,2.27862865
no_feedback,L,0.25,1.19832205,2.52255,2.48335483,2.53708129,3.25266704,2.23743099
no_feedback,L,0.25390625,1.21800971,2.4929979,2.48975156,2.52804252,3.25770608,2.18865675
no_feedback,L,0.2578125,1.23552832,2.45525172,2.48983636,2.51179688,3.25428987,2.13165876
no_feedback,L,0.26171875,1.25059267,2.40890273,2.48314303,2.48792274,3.24181906,2.06615345
no_feedback,L,0.265625,1.2629866,2.35392476,2.46945873,2.45630425,3.22003781,1.99225574
no_feedback,L,0.26953125,1.27257048,2.29063894,2.44881233,2.41710791,3.18901563,1.91043375
no_feedback,L,0.2734375,1.27927635,2.21962947,2.4214281,2.37071999,3.14908312,1.82141463
no_feedback,L,0.27734375,1.28309609,2.14164569,2.38766736,2.31767223,3.10075186,1.72607897
no_feedback,L,0.28125,1.28406806,2.05751798,2.34797584,2.25857735,3.04464291,1.62537212
no_feedback,L,0.28515625,1.28226575,1.96810065,2.30284596,2.19408442,2.98143592,1.52024551
no_feedback,L,0.2890625,1.27778944,1.87424133,2.25279457,2.1248539,2.91183935,1.41162642
no_feedback,L,0.29296875,1.27076078,1.77676831,2.19835144,2.05154586,2.83657546,1.30040673
no_feedback,L,0.296875,1.26131886,1.67648575,2.14005263,1.97481401,2.7563717,1.18743973
no_feedback,L,0.30078125,1.24961664,1.57416947,2.0784344,1.8953,2.67195289,1.0735373
no_feedback,L,0.3046875,1.23581736,1.47056027,2.01402589,1.81362617,2.58403163,0.959464342
no_feedback,L,0.30859375,1.2200907,1.3663556,1.94734096,1.7303871,2.49329764,0.845931323
no_feedback,L,0.3125,1.20260912,1.26220141,1.87887055,1.64614177,2.40040767,0.733587095
no_feedback,L,0.31640625,1.18354457,1.15868639,1.80907673,1.56140782,2.30597783,0.623014156
no_feedback,L,0.3203125,1.16306602,1.0563395,1.73838913,1.4766585,2.21057906,0.514727265
no_feedback,L,0.32421875,1.14133762,0.955630468,1.66720343,1.39232218,2.11473541,0.409175071
no_feedback,L,0.328125,1.11851746,0.856972234,1.59588145,1.30878343,2.01892436,0.306743699
no_feedback,L,0.33203125,1.09475677,0.760724353,1.52475194,1.22638497,1.92357821,0.207761105
no_feedback,L,0.3359375,1.07019934,0.667196423,1.45411174,1.14542976,1.82908575,0.112501391
no_feedback,L,0.33984375,1.04498112,0.576651245,1.38422685,1.06618299,1.7357939,0.0211887028
no_feedback,L,0.34375,1.01922985,0.489307706,1.31533353,0.988873914,1.64400937,-0.0659992376
no_feedback,L,0.34765625,0.993064938,0.405343568,1.24763955,0.9136978,1.55400036,-0.148927767
no_feedback,L,0.3515625,0.966597293,0.324898344,1.18132545,0.84081792,1.46599847,-0.227501885
no_feedback,L,0.35546875,0.939929433,0.248076331,1.11654619,0.770367777,1.38020096,-0.30166274
no_feedback,L,0.359375,0.913155619,0.174949774,1.05343282,0.702453468,1.29677307,-0.371384045
no_feedback,L,0.36328125,0.886362108,0.105562039,0.992094312,0.637156087,1.21585057,-0.436668523
no_feedback,L,0.3671875,0.859627467,0.0399306862,0.932619375,0.574534085,1.13754227,-0.497544497
no_feedback,L,0.37109375,0.833022915,-0.0219496316,0.875078208,0.514625522,1.0619324,-0.554062725
no_feedback,L,0.375,0.806612688,-0.0801044993,0.819524172,0.45745016,0.989082885,-0.606293486
no_feedback,L,0.37890625,0.78045441,-0.134577276,0.765995358,0.403011421,0.919035499,-0.65432392
no_feedback,L,0.3828125,0.754599469,-0.185426825,0.714516068,0.351298211,0.851813876,-0.698255595
no_feedback,L,0.38671875,0.7290934,-0.232725401,0.665098226,0.302286625,0.787425406,-0.738202261
no_feedback,L,0.390625,0.703976258,-0.276556699,0.617742705,0.255941551,0.725863038,-0.774287779
no_feedback,L,0.39453125,0.679282995,-0.317014031,0.572440585,0.212218165,0.667106976,-0.806644215
no_feedback,L,0.3984375,0.655043833,-0.354198656,0.529174335,0.171063325,0.611126263,-0.835410098
no_feedback,L,0.40234375,0.631284617,-0.388218259,0.487918906,0.132416844,0.557880253,-0.860728847
no_feedback,L,0.40625,0.608027159,-0.419185572,0.448642739,0.0962126561,0.507319962,-0.882747358
no_feedback,L,0.41015625,0.585289569,-0.447217139,0.411308694,0.0623798756,0.459389303,-0.901614752
no_feedback,L,0.4140625,0.563086562,-0.472432211,0.37587489,0.0308437471,0.414026212,-0.917481261
no_feedback,L,0.41796875,0.541429758,-0.494951765,0.342295476,0.00152650568,0.37116367,-0.930497248
no_feedback,L,0.421875,0.520327953,-0.514897633,0.310521328,-0.0256518526,0.330730629,-0.940812352
no_feedback,L,0.42578125,0.499787385,-0.532391727,0.280500681,-0.0507728795,0.292652852,-0.948574733
no_feedback,L,0.4296875,0.479811975,-0.547555364,0.252179704,-0.0739190591,0.256853666,-0.953930425
no_feedback,L,0.43359375,0.46040356,-0.560508674,0.22550301,-0.0951732609,0.223254641,-0.957022772
no_feedback,L,0.4375,0.441562103,-0.571370084,0.20041412,-0.114618259,0.191776193,-0.957991956
no_feedback,L,0.44140625,0.423285889,-0.580255884,0.176855871,-0.132336311,0.162338122,-0.956974597
no_feedback,L,0.4453125,0.405571716,-0.58727985,0.154770778,-0.14840879,0.134860084,-0.954103425
no_feedback,L,0.44921875,0.388415056,-0.592552934,0.134101356,-0.162915876,0.109262007,-0.949507019
no_feedback,L,0.453125,0.371810216,-0.596183011,0.114790398,-0.175936277,0.0854644507,-0.943309596
no_feedback,L,0.45703125,0.355750482,-0.598274668,0.0967812179,-0.18754701,0.0633889264,-0.935630852
no_feedback,L,0.4609375,0.340228245,-0.598929041,0.0800178653,-0.197823207,0.0429581612,-0.926585854
no_feedback,L,0.46484375,0.325235131,-0.598243691,0.0644453038,-0.206837958,0.0240963316,-0.916284963
no_feedback,L,0.46875,0.310762104,-0.596312518,0.0500095662,-0.214662185,0.00672925688,-0.904833796
no_feedback,L,0.47265625,0.296799569,-0.593225697,0.0366578838,-0.221364546,-0.00921543897,-0.892333221
no_feedback,L,0.4765625,0.283337466,-0.589069651,0.024338794,-0.227011357,-0.0238081952,-0.878879373
no_feedback,L,0.48046875,0.270365348,-0.583927047,0.013002227,-0.231666543,-0.0371174084,-0.864563702
no_feedback,L,0.484375,0.257872463,-0.577876804,0.00259957589,-0.235391601,-0.0492093507,-0.849473033
no_feedback,L,0.48828125,0.245847815,-0.570994133,-0.00691625106,-0.238245585,-0.0601481088,-0.833689647
no_feedback,L,0.4921875,0.234280231,-0.563350582,-0.0155907907,-0.240285106,-0.0699955418,-0.817291377
no_feedback,L,0.49609375,0.223158414,-0.555014097,-0.0234679991,-0.241564341,-0.0788112551,-0.800351714
no_feedback,L,0.5,0.212470991,-0.546049102,-0.0305902361,-0.242135056,-0.0866525902,-0.782939929
no_feedback,L,0.50390625,0.202206559,-0.536516574,-0.0369982602,-0.242046641,-0.0935746253,-0.765121191
no_feedback,L,0.5078125,0.192353725,-0.52647414,-0.042731232,-0.241346145,-0.099630189,-0.746956705
no_feedback,L,0.51171875,0.182901137,-0.515976172,-0.0478267244,-0.240078328,-0.104869882,-0.728503846
no_feedback,L,0.515625,0.173837519,-0.50507389,-0.0523207407,-0.238285715,-0.109342108,-0.7098163
no_feedback,L,0.51953125,0.165151696,-0.493815469,-0.0562477367,-0.236008649,-0.113093113,-0.690944205
no_feedback,L,0.5234375,0.156832618,-0.482246145,-0.0596406489,-0.233285357,-0.116167026,-0.671934296
no_feedback,L,0.52734375,0.148869381,-0.470408329,-0.0625309255,-0.230152014,-0.118605909,-0.652830049
no_feedback,L,0.53125,0.141251243,-0.458341719,-0.0649485617,-0.226642811,-0.120449812,-0.633671823
no_feedback,L,0.53515625,0.13396764,-0.446083408,-0.0669221371,-0.222790022,-0.121736827,-0.614497002
no_feedback,L,0.5390625,0.127008203,-0.433668,-0.0684788553,-0.218624076,-0.122503145,-0.595340138
no_feedback,L,0.54296875,0.120362759,-0.42112772,-0.0696445857,-0.214173627,-0.122783122,-0.576233083
no_feedback,L,0.546875,0.114021352,-0.40849252,-0.0704439061,-0.209465623,-0.122609333,-0.557205133
no_feedback,L,0.55078125,0.107974239,-0.395790192,-0.070900146,-0.204525381,-0.122012645,-0.53828315
no_feedback,L,0.5546875,0.102211903,-0.383046467,-0.0710354314,-0.199376653,-0.12102227,-0.519491699
no_feedback,L,0.55859375,0.0967250544,-0.370285126,-0.0708707285,-0.194041695,-0.119665837,-0.500853165
no_feedback,L,0.5625,0.0915046346,-0.357528094,-0.0704258887,-0.188541339,-0.117969449,-0.482387882
no_feedback,L,0.56640625,0.0865418171,-0.344795539,-0.0697196926,-0.182895054,-0.11595775,-0.464114244
no_feedback,L,0.5703125,0.081828009,-0.33210597,-0.068769894,-0.177121017,-0.113653986,-0.44604882
no_feedback,L,0.57421875,0.077354851,-0.319476324,-0.0675932628,-0.171236172,-0.111080062,-0.428206461
no_feedback,L,0.578125,0.0731142167,-0.306922059,-0.066205628,-0.165256293,-0.108256609,-0.410600409
no_feedback,L,0.58203125,0.0690982108,-0.294457233,-0.0646219191,-0.159196047,-0.105203035,-0.393242391
no_feedback,L,0.5859375,0.0652991673,-0.282094595,-0.0628562071,-0.153069049,-0.10193759,-0.376142719
no_feedback,L,0.58984375,0.0617096473,-0.269845654,-0.0609217441,-0.146887916,-0.0984774119,-0.35931038
no_feedback,L,0.59375,0.0583224352,-0.257720762,-0.0588310023,-0.140664327,-0.0948385897,-0.342753127
no_feedback,L,0.59765625,0.055130536,-0.245729182,-0.0565957112,-0.134409072,-0.0910362099,-0.326477557
no_feedback,L,0.6015625,0.0521271713,-0.233879159,-0.0542268943,-0.128132101,-0.0870844094,-0.310489195
no_feedback,L,0.60546875,0.0493057754,-0.222177985,-0.0517349042,-0.121842573,-0.0829964236,-0.294792568
no_feedback,L,0.609375,0.0466599909,-0.210632063,-0.0491294568,-0.115548904,-0.0787846336,-0.279391277
no_feedback,L,0.61328125,0.0441836644,-0.199246965,-0.0464196639,-0.109258808,-0.0744606115,-0.264288066
no_feedback,L,0.6171875,0.0418708418,-0.188027489,-0.0436140647,-0.102979343,-0.0700351642,-0.249484886
no_feedback,L,0.62109375,0.039715764,-0.176977718,-0.0407206563,-0.0967169456,-0.0655183745,-0.234982957
no_feedback,L,0.625,0.0377128615,-0.166101062,-0.0377469228,-0.0904774762,-0.0609196418,-0.220782824
no_feedback,L,0.62890625,0.0358567499,-0.155400316,-0.0346998634,-0.0842662508,-0.05624772,-0.206884415
no_feedback,L,0.6328125,0.0341422251,-0.1448777,-0.0315860187,-0.0780880775,-0.0515107546,-0.193287089
no_feedback,L,0.63671875,0.032564258,-0.134534905,-0.0284114965,-0.0719472894,-0.0467163173,-0.179989686
no_feedback,L,0.640625,0.03111799,-0.124373133,-0.0251819966,-0.0658477761,-0.0418714396,-0.166990573
no_feedback,L,0.64453125,0.0297987278,-0.114393138,-0.0219028335,-0.0597930138,-0.0369826448,-0.154287687
no_feedback,L,0.6484375,0.0286019388,-0.104595257,-0.0185789593,-0.0537860929,-0.0320559784,-0.141878576
no_feedback,L,0.65234375,0.0275232458,-0.0949794524,-0.0152149845,-0.0478297454,-0.0270970365,-0.129760433
no_feedback,L,0.65625,0.0265584229,-0.0855453379,-0.0118151981,-0.0419263698,-0.0221109939,-0.117930138
no_feedback,L,0.66015625,0.0257033902,-0.076292212,-0.00838358738,-0.0360780552,-0.0171026299,-0.106384286
no_feedback,L,0.6640625,0.0249542095,-0.0672190856,-0.0049238556,-0.0302866039,-0.0120763529,-0.0951192188
no_feedback,L,0.66796875,0.0243070797,-0.0583247091,-0.0014394396,-0.024553553,-0.00703622433,-0.0841310559
no_feedback,L,0.671875,0.0237583322,-0.0496075974,0.00206647382,-0.0188801937,-0.00198598054,-0.0734157202
no_feedback,L,0.67578125,0.0233044268,-0.0410660532,0.00559093227,-0.013267591,0.00307094601,-0.0629689633
no_feedback,L,0.6796875,0.0229419469,-0.0326981896,0.00913120296,-0.00771660128,0.00813140674,-0.0527863888
no_feedback,L,0.68359375,0.0226675959,-0.0245019497,0.0126847588,-0.00222788892,0.0131925181,-0.0428634742
no_feedback,L,0.6875,0.0224781929,-0.0164751263,0.0162492649,0.00319805789,0.018251644,-0.0331955912
no_feedback,L,0.69140625,0.0223706685,-0.00861537969,0.0198225665,0.00856091236,0.0233063784,-0.0237780241
no_feedback,L,0.6953125,0.0223420613,-0.00092025399,0.0234026767,0.0138604953,0.0283545301,-0.0146059869
no_feedback,L,0.69921875,0.0223895137,0.00661280728,0.0269877654,0.0190967621,0.0333941073,-0.00567463973
no_feedback,L,0.703125,0.0225102688,0.013986447,0.0305761488,0.0242697907,0.0384233038,0.00302089678
no_feedback,L,0.70703125,0.0227016663,0.021203381,0.0341662795,0.02937977,0.0434404854,0.011485528
no_feedback,L,0.7109375,0.0229611392,0.0282663862,0.0377567371,0.0344269896,0.0484441778,0.0197241728
no_feedback,L,0.71484375,0.0232862106,0.0351782888,0.0413462193,0.0394118296,0.0534330544,0.0277417524
no_feedback,L,0.71875,0.0236744904,0.0419419543,0.0449335336,0.0443347514,0.0584059256,0.0355431796
no_feedback,L,0.72265625,0.024123672,0.0485602772,0.0485175893,0.0491962893,0.0633617284,0.0431333497
no_feedback,L,0.7265625,0.0246315294,0.0550361731,0.0520973908,0.0539970423,0.0682995165,0.0505171316
no_feedback,L,0.73046875,0.0251959142,0.0613725697,0.0556720299,0.0587376667,0.0732184512,0.0576993604
no_feedback,L,0.734375,0.0258147526,0.0675723998,0.0592406797,0.0634188693,0.0781177931,0.0646848297
no_feedback,L,0.73828125,0.0264860431,0.0736385942,0.0628025886,0.0680414007,0.0829968936,0.071478286
no_feedback,L,0.7421875,0.0272078532,0.0795740761,0.0663570742,0.0726060498,0.087855188,0.0780844224
no_feedback,L,0.74609375,0.0279783173,0.0853817547,0.0699035185,0.0771136378,0.0926921882,0.0845078739
no_feedback,L,0.75,0.0287956339,0.0910645205,0.0734413624,0.0815650137,0.0975074759,0.0907532127
no_feedback,L,0.75390625,0.0296580637,0.0966252408,0.0769701013,0.0859610491,0.102300697,0.0968249441
no_feedback,L,0.7578125,0.0305639266,0.102066755,0.0804892806,0.0903026341,0.107071556,0.102727504
no_feedback,L,0.76171875,0.0315115999,0.107391872,0.0839984916,0.0945906733,0.111819809,0.108465253
no_feedback,L,0.765625,0.032499516,0.112603365,0.0874973679,0.0988260824,0.116545261,0.114042478
no_feedback,L,0.76953125,0.0335261606,0.117703971,0.0909855813,0.103009784,0.121247762,0.119463388
no_feedback,L,0.7734375,0.0345900701,0.122696385,0.0944628391,0.107142707,0.125927198,0.124732109
no_feedback,L,0.77734375,0.0356898305,0.127583262,0.0979288805,0.111225779,0.130583492,0.129852689
no_feedback,L,0.78125,0.0368240746,0.132367209,0.101383474,0.11525993,0.135216598,0.134829093
no_feedback,L,0.78515625,0.0379914812,0.137050791,0.104826414,0.119246084,0.139826498,0.139665199
no_feedback,L,0.7890625,0.0391907724,0.141636522,0.108257521,0.123185161,0.1444132,0.144364805
no_feedback,L,0.79296875,0.0404207127,0.146126869,0.111676635,0.127078076,0.148976731,0.148931622
no_feedback,L,0.796875,0.0416801072,0.150524249,0.115083615,0.130925731,0.153517141,0.153369277
no_feedback,L,0.80078125,0.0429677997,0.154831026,0.11847834,0.134729021,0.158034494,0.157681311
no_feedback,L,0.8046875,0.0442826718,0.159049516,0.121860704,0.138488828,0.162528868,0.161871183
no_feedback,L,0.80859375,0.045623641,0.163181981,0.125230614,0.142206021,0.167000357,0.165942264
no_feedback,L,0.8125,0.0469896597,0.167230631,0.12858799,0.145881456,0.171449061,0.169897844
no_feedback,L,0.81640625,0.0483797137,0.171197626,0.131932762,0.149515973,0.175875092,0.173741129
no_feedback,L,0.8203125,0.0497928207,0.175085071,0.135264871,0.153110397,0.180278566,0.177475242
no_feedback,L,0.82421875,0.0512280298,0.17889502,0.138584267,0.156665537,0.184659606,0.181103226
no_feedback,L,0.828125,0.0526844195,0.182629475,0.141890905,0.160182184,0.189018341,0.184628042
no_feedback,L,0.83203125,0.0541610971,0.186290387,0.145184747,0.163661112,0.193354898,0.188052572
no_feedback,L,0.8359375,0.0556571975,0.189879653,0.148465762,0.167103077,0.197669411,0.191379619
no_feedback,L,0.83984375,0.0571718822,0.193399123,0.151733921,0.170508817,0.201962011,0.19461191
no_feedback,L,0.84375,0.0587043382,0.196850594,0.154989199,0.173879051,0.20623283,0.197752095
no_feedback,L,0.84765625,0.0602537771,0.200235815,0.158231575,0.177214482,0.210482,0.200802751
no_feedback,L,0.8515625,0.0618194342,0.203556484,0.16146103,0.18051579,0.21470965,0.20376638
no_feedback,L,0.85546875,0.0634005676,0.206814253,0.164677545,0.183783639,0.218915907,0.206645413
no_feedback,L,0.859375,0.0649964575,0.210010725,0.167881105,0.187018673,0.223100894,0.209442211
no_feedback,L,0.86328125,0.0666064049,0.213147456,0.171071692,0.190221519,0.227264732,0.212159065
no_feedback,L,0.8671875,0.0682297316,0.216225956,0.174249291,0.193392782,0.231407538,0.214798199
no_feedback,L,0.87109375,0.0698657788,0.219247692,0.177413885,0.196533052,0.235529422,0.217361772
no_feedback,L,0.875,0.0715139067,0.222214085,0.180565457,0.199642898,0.239630494,0.219851878
no_feedback,L,0.87890625,0.0731734936,0.225126512,0.18370399,0.202722871,0.243710854,0.222270547
no_feedback,L,0.8828125,0.0748439354,0.22798631,0.186829465,0.205773506,0.2477706,0.224619747
no_feedback,L,0.88671875,0.0765246451,0.230794772,0.18994186,0.208795318,0.251809822,0.22690139
no_feedback,L,0.890625,0.0782150517,0.233553152,0.193041155,0.211788805,0.255828608,0.229117325
no_feedback,L,0.89453125,0.0799146003,0.236262664,0.196127324,0.214754448,0.259827037,0.231269346
no_feedback,L,0.8984375,0.0816227508,0.238924483,0.199200343,0.217692712,0.263805183,0.233359191
no_feedback,R,0,-0.0733499776,-0.00194001582,-0.0584448078,-0.0453738522,-0.0437696058,-0.0248529582
no_feedback,R,0.00390625,-0.0757169553,-0.00174109069,-0.0603437458,-0.0467746494,-0.0452709734,-0.0254822186
no_feedback,R,0.0078125,-0.0780538326,-0.00152774454,-0.0622192158,-0.0481537593,-0.0467581441,-0.0260923467
no_feedback,R,0.01171875,-0.0803507141,-0.00129093618,-0.0640636018,-0.0495032447,-0.0482272388,-0.0266741435
no_feedback,R,0.015625,-0.0825977061,-0.00102068193,-0.065869445,-0.0508147788,-0.0496752967,-0.0272177427
no_feedback,R,0.01953125,-0.0847916943,-0.000712478234,-0.0676346472,-0.0520851381,-0.0511028495,-0.0277190667
no_feedback,R,0.0234375,-0.0869427902,-0.000374074862,-0.069367311,-0.053321703,-0.0525157197,-0.0281864367
no_feedback,R,0.02734375,-0.0890752065,-2.76303138e-05,-0.0710861897,-0.054543719,-0.0539240495,-0.0286423467
no_feedback,R,0.03125,-0.0912167959,0.000298673048,-0.0728123973,-0.0557744583,-0.0553368106,-0.0291145855
no_feedback,R,0.03515625,-0.0933737659,0.000593785084,-0.0745498499,-0.0570210717,-0.0567513603,-0.0296127333
no_feedback,R,0.0390625,-0.0954920798,0.000901400604,-0.0762557799,-0.0582428919,-0.0581396956,-0.0300906859
no_feedback,R,0.04296875,-0.0974130242,0.00136571921,-0.0778071956,-0.0593139209,-0.0594350076,-0.0304017872
no_feedback,R,0.046875,-0.0988345412,0.00227423419,-0.0789721773,-0.0599889378,-0.0605228592,-0.0302577141
no_feedback,R,0.05078125,-0.0992899111,0.00408527347,-0.0793947087,-0.0598831189,-0.0612402292,-0.0292030732
no_feedback,R,0.0546875,-0.0981509746,0.00743126853,-0.078598235,-0.0584718607,-0.0613831915,-0.0266141195
no_feedback,R,0.05859375,-0.0946563011,0.0130950025,-0.0760079141,-0.0551120521,-0.0607213294,-0.0217236456
no_feedback,R,0.0625,-0.0879584341,0.0219627687,-0.0709868294,-0.0490806654,-0.059015288,-0.013667585
no_feedback,R,0.06640625,-0.0771807738,0.0349630869,-0.0628788848,-0.0396231283,-0.0560336818,-0.00154452726
no_feedback,R,0.0703125,-0.0614744092,0.0530012493,-0.0510511067,-0.0260032191,-0.051566626,0.0155218718
no_feedback,R,0.07421875,-0.0400674938,0.0768987586,-0.0349299426,-0.00754773632,-0.0454347354,0.0383260942
no_feedback,R,0.078125,-0.0123031215,0.107343814,-0.0140287491,0.0163181517,-0.0374938289,0.0675350765
no_feedback,R,0.08203125,0.022335228,0.144855726,0.01203402,0.0460463038,-0.027636377,0.103655945
no_feedback,R,0.0859375,0.0642095332,0.189763491,0.0435249221,0.081951218,-0.0157908948,0.147017019
no_feedback,R,0.08984375,0.113522311,0.242197152,0.0805923323,0.124204315,-0.00192022642,0.197760545
no_feedback,R,0.09375,0.170318848,0.302089895,0.123268394,0.172835126,0.0139807459,0.255845148
no_feedback,R,0.09765625,0.234494894,0.369188799,0.171474883,0.227737812,0.031887765,0.321056038
no_feedback,R,0.1015625,0.305808522,0.4430723,0.225032075,0.288681781,0.0517502026,0.393021243
no_feedback,R,0.10546875,0.383895175,0.523172606,0.283669918,0.355325389,0.0734943871,0.471232281
no_feedback,R,0.109375,0.468284962,0.608801354,0.347040832,0.427231833,0.097027175,0.555067748
no_feedback,R,0.11328125,0.558421298,0.699176834,0.414733469,0.503886342,0.122239615,0.643818325
no_feedback,R,0.1171875,0.653679945,0.793451242,0.486286748,0.584713817,0.149010523,0.736711764
no_feedback,R,0.12109375,0.753387641,0.890736583,0.561203558,0.669096107,0.177209815,0.832936627
no_feedback,R,0.125,0.856839606,0.99012824,0.638963606,0.756388281,0.206701492,0.931663862
no_feedback,R,0.12890625,0.963315488,1.09072558,0.719035105,0.845933442,0.237346246,1.03206565
no_feedback,R,0.1328125,1.0720935,1.1916494,0.800885133,0.93707584,0.269003697,1.13333137
no_feedback,R,0.13671875,1.18246272,1.29205619,0.883988623,1.0291722,0.301534313,1.23468065
no_feedback,R,0.140625,1.29373354,1.39114958,0.967836024,1.12160133,0.334801054,1.33537392
no_feedback,R,0.14453125,1.40524637,1.48818903,1.05193967,1.21377198,0.368670775,1.43472042
no_feedback,R,0.1484375,1.51637856,1.58249617,1.13583889,1.30512907,0.40301538,1.53208417
no_feedback,R,0.15234375,1.62654958,1.67345878,1.21910375,1.3951582,0.437712715,1.62688767
no_feedback,R,0.15625,1.73522433,1.76053254,1.30133755,1.48338853,0.472647171,1.71861372
no_feedback,R,0.16015625,1.84191488,1.84324093,1.38217809,1.56939414,0.507710015,1.80680546
no_feedback,R,0.1640625,1.94618085,1.92117374,1.46129794,1.65279418,0.542799496,1.89106505
no_feedback,R,0.16796875,2.04762927,1.99398491,1.53840435,1.73325256,0.57782085,1.97105191
no_feedback,R,0.171875,2.14591438,2.06139047,1.61323915,1.81047754,0.612686373,2.04648097
no_feedback,R,0.17578125,2.24073807,2.12316717,1.68557905,1.88422183,0.647315664,2.11712175
no_feedback,R,0.1796875,2.33185061,2.17915159,1.75523622,1.95428298,0.681636041,2.18279786
no_feedback,R,0.18359375,2.41905084,2.22923855,1.82205853,2.02050319,0.715582935,2.24338596
no_feedback,R,0.1875,2.50218417,2.27337726,1.88592806,2.0827671,0.749099887,2.29881255
no_feedback,R,0.19140625,2.5811369,2.31156363,1.946757,2.14099654,0.782137769,2.34904705
no_feedback,R,0.1953125,2.65582691,2.34382889,2.00448082,2.19514199,0.814653095,2.39409112
no_feedback,R,0.19921875,2.7261928,2.37022696,2.05905018,2.24517287,0.846605773,2.43396667
no_feedback,R,0.203125,2.79218615,2.39082566,2.11042525,2.29107083,0.877957282,2.46870742
no_feedback,R,0.20703125,2.85377245,2.40570762,2.15857631,2.3328306,0.908670584,2.4983597
no_feedback,R,0.2109375,2.91094393,2.41498395,2.2034932,2.37047128,0.93871277,2.5229959
no_feedback,R,0.21484375,2.96374135,2.41881716,2.24520155,2.40405524,0.968060183,2.54273715
no_feedback,R,0.21875,3.01227385,2.41744085,2.28377759,2.43370476,0.996703867,2.55777343
no_feedback,R,0.22265625,3.05671888,2.41115721,2.31934838,2.45960091,1.02465136,2.56836257
no_feedback,R,0.2265625,3.09728502,2.40029448,2.35206456,2.48194987,1.0519204,2.57479006
no_feedback,R,0.23046875,3.13413118,2.38511903,2.38204061,2.5009117,1.07852185,2.57728387
no_feedback,R,0.234375,3.16725603,2.36571908,2.40927271,2.51650459,1.10443378,2.57589985
no_feedback,R,0.23828125,3.19639286,2.34189968,2.4335602,2.52851574,1.12957329,2.57041563
no_feedback,R,0.2421875,3.22095478,2.31313737,2.45446377,2.53645828,1.15377669,2.56028064
no_feedback,R,0.24609375,3.2400639,2.27862865,2.47132577,2.53960237,1.17679695,2.54465668
no_feedback,R,0.25,3.25266704,2.23743099,2.48335483,2.53708129,1.19832205,2.52255
no_feedback,R,0.25390625,3.25770608,2.18865675,2.48975156,2.52804252,1.21800971,2.4929979
no_feedback,R,0.2578125,3.25428987,2.13165876,2.48983636,2.51179688,1.23552832,2.45525172
no_feedback,R,0.26171875,3.24181906,2.06615345,2.48314303,2.48792274,1.25059267,2.40890273
no_feedback,R,0.265625,3.22003781,1.99225574,2.46945873,2.45630425,1.2629866,2.35392476
no_feedback,R,0.26953125,3.18901563,1.91043375,2.44881233,2.41710791,1.27257048,2.29063894
no_feedback,R,0.2734375,3.14908312,1.82141463,2.4214281,2.37071999,1.27927635,2.21962947
no_feedback,R,0.27734375,3.10075186,1.72607897,2.38766736,2.31767223,1.28309609,2.14164569
no_feedback,R,0.28125,3.04464291,1.62537212,2.34797584,2.25857735,1.28406806,2.05751798
no_feedback,R,0.28515625,2.98143592,1.52024551,2.30284596,2.19408442,1.28226575,1.96810065
no_feedback,R,0.2890625,2.91183935,1.41162642,2.25279457,2.1248539,1.27778944,1.87424133
no_feedback,R,0.29296875,2.83657546,1.30040673,2.19835144,2.05154586,1.27076078,1.77676831
no_feedback,R,0.296875,2.7563717,1.18743973,2.14005263,1.97481401,1.26131886,1.67648575
no_feedback,R,0.30078125,2.67195289,1.0735373,2.0784344,1.8953,1.24961664,1.57416947
no_feedback,R,0.3046875,2.58403163,0.959464342,2.01402589,1.81362617,1.23581736,1.47056027
no_feedback,R,0.30859375,2.49329764,0.845931323,1.94734096,1.7303871,1.2200907,1.3663556
no_feedback,R,0.3125,2.40040767,0.733587095,1.87887055,1.64614177,1.20260912,1.26220141
no_feedback,R,0.31640625,2.30597783,0.623014156,1.80907673,1.56140782,1.18354457,1.15868639
no_feedback,R,0.3203125,2.21057906,0.514727265,1.73838913,1.4766585,1.16306602,1.0563395
no_feedback,R,0.32421875,2.11473541,0.409175071,1.66720343,1.39232218,1.14133762,0.955630468
no_feedback,R,0.328125,2.01892436,0.306743699,1.59588145,1.30878343,1.11851746,0.856972234
no_feedback,R,0.33203125,1.92357821,0.207761105,1.52475194,1.22638497,1.09475677,0.760724353
no_feedback,R,0.3359375,1.82908575,0.112501391,1.45411174,1.14542976,1.07019934,0.667196423
no_feedback,R,0.33984375,1.7357939,0.0211887028,1.38422685,1.06618299,1.04498112,0.576651245
no_feedback,R,0.34375,1.64400937,-0.0659992376,1.31533353,0.988873914,1.01922985,0.489307706
no_feedback,R,0.34765625,1.55400036,-0.148927767,1.24763955,0.9136978,0.993064938,0.405343568
no_feedback,R,0.3515625,1.46599847,-0.227501885,1.18132545,0.84081792,0.966597293,0.324898344
no_feedback,R,0.35546875,1.38020096,-0.30166274,1.11654619,0.770367777,0.939929433,0.248076331
no_feedback,R,0.359375,1.29677307,-0.371384045,1.05343282,0.702453468,0.913155619,0.174949774
no_feedback,R,0.36328125,1.21585057,-0.436668523,0.992094312,0.637156087,0.886362108,0.105562039
no_feedback,R,0.3671875,1.13754227,-0.497544497,0.932619375,0.574534085,0.859627467,0.0399306862
no_feedback,R,0.37109375,1.0619324,-0.554062725,0.875078208,0.514625522,0.833022915,-0.0219496316
no_feedback,R,0.375,0.989082885,-0.606293486,0.819524172,0.45745016,0.806612688,-0.0801044993
no_feedback,R,0.37890625,0.919035499,-0.65432392,0.765995358,0.403011421,0.78045441,-0.134577276
no_feedback,R,0.3828125,0.851813876,-0.698255595,0.714516068,0.351298211,0.754599469,-0.185426825
no_feedback,R,0.38671875,0.787425406,-0.738202261,0.665098226,0.302286625,0.7290934,-0.232725401
no_feedback,R,0.390625,0.725863038,-0.774287779,0.617742705,0.255941551,0.703976258,-0.276556699
no_feedback,R,0.39453125,0.667106976,-0.806644215,0.572440585,0.212218165,0.679282995,-0.317014031
no_feedback,R,0.3984375,0.611126263,-0.835410098,0.529174335,0.171063325,0.655043833,-0.354198656
no_feedback,R,0.40234375,0.557880253,-0.860728847,0.487918906,0.132416844,0.631284617,-0.388218259
no_feedback,R,0.40625,0.507319962,-0.882747358,0.448642739,0.0962126561,0.608027159,-0.419185572
no_feedback,R,0.41015625,0.459389303,-0.901614752,0.411308694,0.0623798756,0.585289569,-0.447217139
no_feedback,R,0.4140625,0.414026212,-0.917481261,0.37587489,0.0308437471,0.563086562,-0.472432211
no_feedback,R,0.41796875,0.37116367,-0.930497248,0.342295476,0.00152650568,0.541429758,-0.494951765
no_feedback,R,0.421875,0.330730629,-0.940812352,0.310521328,-0.0256518526,0.520327953,-0.514897633
no_feedback,R,0.42578125,0.292652852,-0.948574733,0.280500681,-0.0507728795,0.499787385,-0.532391727
no_feedback,R,0.4296875,0.256853666,-0.953930425,0.252179704,-0.0739190591,0.479811975,-0.547555364
no_feedback,R,0.43359375,0.223254641,-0.957022772,0.22550301,-0.0951732609,0.46040356,-0.560508674
no_feedback,R,0.4375,0.191776193,-0.957991956,0.20041412,-0.114618259,0.441562103,-0.571370084
no_feedback,R,0.44140625,0.162338122,-0.956974597,0.176855871,-0.132336311,0.423285889,-0.580255884
no_feedback,R,0.4453125,0.134860084,-0.954103425,0.154770778,-0.14840879,0.405571716,-0.58727985
no_feedback,R,0.44921875,0.109262007,-0.949507019,0.134101356,-0.162915876,0.388415056,-0.592552934
no_feedback,R,0.453125,0.0854644507,-0.943309596,0.114790398,-0.175936277,0.371810216,-0.596183011
no_feedback,R,0.45703125,0.0633889264,-0.935630852,0.0967812179,-0.18754701,0.355750482,-0.598274668
no_feedback,R,0.4609375,0.0429581612,-0.926585854,0.0800178653,-0.197823207,0.340228245,-0.598929041
no_feedback,R,0.46484375,0.0240963316,-0.916284963,0.0644453038,-0.206837958,0.325235131,-0.598243691
no_feedback,R,0.46875,0.00672925688,-0.904833796,0.0500095662,-0.214662185,0.310762104,-0.596312518
no_feedback,R,0.47265625,-0.00921543897,-0.892333221,0.0366578838,-0.221364546,0.296799569,-0.593225697
no_feedback,R,0.4765625,-0.0238081952,-0.878879373,0.024338794,-0.227011357,0.283337466,-0.589069651
no_feedback,R,0.48046875,-0.0371174084,-0.864563702,0.013002227,-0.231666543,0.270365348,-0.583927047
no_feedback,R,0.484375,-0.0492093507,-0.849473033,0.00259957589,-0.235391601,0.257872463,-0.577876804
no_feedback,R,0.48828125,-0.0601481088,-0.833689647,-0.00691625106,-0.238245585,0.245847815,-0.570994133
no_feedback,R,0.4921875,-0.0699955418,-0.817291377,-0.0155907907,-0.240285106,0.234280231,-0.563350582
no_feedback,R,0.49609375,-0.0788112552,-0.800351714,-0.0234679991,-0.241564341,0.223158414,-0.555014097
no_feedback,R,0.5,-0.0866525902,-0.782939929,-0.0305902361,-0.242135056,0.212470991,-0.546049102
no_feedback,R,0.50390625,-0.0935746253,-0.765121191,-0.0369982602,-0.242046641,0.202206559,-0.536516574
no_feedback,R,0.5078125,-0.099630189,-0.746956705,-0.042731232,-0.241346145,0.192353725,-0.52647414
no_feedback,R,0.51171875,-0.104869882,-0.728503846,-0.0478267244,-0.240078328,0.182901137,-0.515976172
no_feedback,R,0.515625,-0.109342108,-0.7098163,-0.0523207407,-0.238285715,0.173837519,-0.50507389
no_feedback,R,0.51953125,-0.113093113,-0.690944205,-0.0562477367,-0.236008649,0.165151696,-0.493815469
no_feedback,R,0.5234375,-0.116167026,-0.671934296,-0.0596406489,-0.233285357,0.156832618,-0.482246145
no_feedback,R,0.52734375,-0.118605909,-0.652830049,-0.0625309255,-0.230152014,0.148869381,-0.470408329
no_feedback,R,0.53125,-0.120449812,-0.633671823,-0.0649485617,-0.226642811,0.141251243,-0.458341719
no_feedback,R,0.53515625,-0.121736827,-0.614497002,-0.0669221371,-0.222790022,0.13396764,-0.446083408
no_feedback,R,0.5390625,-0.122503145,-0.595340138,-0.0684788553,-0.218624076,0.127008203,-0.433668
no_feedback,R,0.54296875,-0.122783122,-0.576233083,-0.0696445857,-0.214173627,0.120362759,-0.42112772
no_feedback,R,0.546875,-0.122609333,-0.557205133,-0.0704439061,-0.209465623,0.114021352,-0.40849252
no_feedback,R,0.55078125,-0.122012645,-0.53828315,-0.070900146,-0.204525381,0.107974239,-0.395790192
no_feedback,R,0.5546875,-0.12102227,-0.519491699,-0.0710354314,-0.199376653,0.102211903,-0.383046467
no_feedback,R,0.55859375,-0.119665837,-0.500853165,-0.0708707285,-0.194041695,0.0967250544,-0.370285126
no_feedback,R,0.5625,-0.117969449,-0.482387882,-0.0704258887,-0.188541339,0.0915046346,-0.357528094
no_feedback,R,0.56640625,-0.11595775,-0.464114244,-0.0697196926,-0.182895054,0.0865418171,-0.344795539
no_feedback,R,0.5703125,-0.113653986,-0.44604882,-0.068769894,-0.177121017,0.081828009,-0.33210597
no_feedback,R,0.57421875,-0.111080062,-0.428206461,-0.0675932628,-0.171236172,0.077354851,-0.319476324
no_feedback,R,0.578125,-0.108256609,-0.410600409,-0.066205628,-0.165256293,0.0731142167,-0.306922059
no_feedback,R,0.58203125,-0.105203035,-0.393242391,-0.0646219191,-0.159196047,0.0690982108,-0.294457233
no_feedback,R,0.5859375,-0.10193759,-0.376142719,-0.0628562071,-0.153069049,0.0652991673,-0.282094595
no_feedback,R,0.58984375,-0.0984774119,-0.35931038,-0.0609217441,-0.146887916,0.0617096473,-0.269845654
no_feedback,R,0.59375,-0.0948385897,-0.342753127,-0.0588310023,-0.140664327,0.0583224352,-0.257720762
no_feedback,R,0.59765625,-0.0910362099,-0.326477557,-0.0565957112,-0.134409072,0.055130536,-0.245729182
no_feedback,R,0.6015625,-0.0870844094,-0.310489195,-0.0542268943,-0.128132101,0.0521271713,-0.233879159
no_feedback,R,0.60546875,-0.0829964236,-0.294792568,-0.0517349042,-0.121842573,0.0493057754,-0.222177985
no_feedback,R,0.609375,-0.0787846336,-0.279391277,-0.0491294568,-0.115548904,0.0466599909,-0.210632063
no_feedback,R,0.61328125,-0.0744606115,-0.264288066,-0.0464196639,-0.109258808,0.0441836644,-0.199246965
no_feedback,R,0.6171875,-0.0700351642,-0.249484886,-0.0436140647,-0.102979343,0.0418708418,-0.188027489
no_feedback,R,0.62109375,-0.0655183745,-0.234982957,-0.0407206563,-0.0967169456,0.039715764,-0.176977718
no_feedback,R,0.625,-0.0609196418,-0.220782824,-0.0377469228,-0.0904774762,0.0377128615,-0.166101062
no_feedback,R,0.62890625,-0.05624772,-0.206884415,-0.0346998634,-0.0842662508,0.0358567499,-0.155400316
no_feedback,R,0.6328125,-0.0515107546,-0.193287089,-0.0315860187,-0.0780880775,0.0341422251,-0.1448777
no_feedback,R,0.63671875,-0.0467163173,-0.179989686,-0.0284114965,-0.0719472894,0.032564258,-0.134534905
no_feedback,R,0.640625,-0.0418714396,-0.166990573,-0.0251819966,-0.0658477761,0.03111799,-0.124373133
no_feedback,R,0.64453125,-0.0369826448,-0.154287687,-0.0219028335,-0.0597930138,0.0297987278,-0.114393138
no_feedback,R,0.6484375,-0.0320559784,-0.141878576,-0.0185789593,-0.0537860929,0.0286019388,-0.104595257
no_feedback,R,0.65234375,-0.0270970365,-0.129760433,-0.0152149845,-0.0478297454,0.0275232458,-0.0949794524
no_feedback,R,0.65625,-0.0221109939,-0.117930138,-0.0118151981,-0.0419263698,0.0265584229,-0.0855453379
no_feedback,R,0.66015625,-0.0171026299,-0.106384286,-0.00838358738,-0.0360780552,0.0257033902,-0.076292212
no_feedback,R,0.6640625,-0.0120763529,-0.0951192188,-0.0049238556,-0.0302866039,0.0249542095,-0.0672190856
no_feedback,R,0.66796875,-0.00703622433,-0.0841310559,-0.0014394396,-0.024553553,0.0243070797,-0.0583247091
no_feedback,R,0.671875,-0.00198598054,-0.0734157202,0.00206647382,-0.0188801937,0.0237583322,-0.0496075974
no_feedback,R,0.67578125,0.00307094601,-0.0629689633,0.00559093227,-0.013267591,0.0233044268,-0.0410660532
no_feedback,R,0.6796875,0.00813140674,-0.0527863888,0.00913120296,-0.00771660128,0.0229419469,-0.0326981896
no_feedback,R,0.68359375,0.0131925181,-0.0428634742,0.0126847588,-0.00222788892,0.0226675959,-0.0245019497
no_feedback,R,0.6875,0.018251644,-0.0331955912,0.0162492649,0.00319805789,0.0224781929,-0.0164751263
no_feedback,R,0.69140625,0.0233063784,-0.0237780241,0.0198225665,0.00856091236,0.0223706685,-0.00861537969
no_feedback,R,0.6953125,0.0283545301,-0.0146059869,0.0234026767,0.0138604953,0.0223420613,-0.00092025399
no_feedback,R,0.69921875,0.0333941073,-0.00567463973,0.0269877654,0.0190967621,0.0223895137,0.00661280728
no_feedback,R,0.703125,0.0384233038,0.00302089678,0.0305761488,0.0242697907,0.0225102688,0.013986447
no_feedback,R,0.70703125,0.0434404854,0.011485528,0.0341662795,0.02937977,0.0227016663,0.021203381
no_feedback,R,0.7109375,0.0484441778,0.0197241728,0.0377567371,0.0344269896,0.0229611392,0.0282663862
no_feedback,R,0.71484375,0.0534330544,0.0277417524,0.0413462193,0.0394118296,0.0232862106,0.0351782888
no_feedback,R,0.71875,0.0584059256,0.0355431796,0.0449335336,0.0443347514,0.0236744904,0.0419419543
no_feedback,R,0.72265625,0.0633617284,0.0431333497,0.0485175893,0.0491962893,0.024123672,0.0485602772
no_feedback,R,0.7265625,0.0682995165,0.0505171316,0.0520973908,0.0539970423,0.0246315294,0.0550361731
no_feedback,R,0.73046875,0.0732184512,0.0576993604,0.0556720299,0.0587376667,0.0251959142,0.0613725697
no_feedback,R,0.734375,0.0781177931,0.0646848297,0.0592406797,0.0634188693,0.0258147526,0.0675723998
no_feedback,R,0.73828125,0.0829968936,0.071478286,0.0628025886,0.0680414007,0.0264860431,0.0736385942
no_feedback,R,0.7421875,0.087855188,0.0780844224,0.0663570742,0.0726060498,0.0272078532,0.0795740761
no_feedback,R,0.74609375,0.0926921882,0.0845078739,0.0699035185,0.0771136378,0.0279783173,0.0853817547
no_feedback,R,0.75,0.0975074759,0.0907532127,0.0734413624,0.0815650137,0.0287956339,0.0910645205
no_feedback,R,0.75390625,0.102300697,0.0968249441,0.0769701013,0.0859610491,0.0296580637,0.0966252408
no_feedback,R,0.7578125,0.107071556,0.102727504,0.0804892806,0.0903026341,0.0305639266,0.102066755
no_feedback,R,0.76171875,0.111819809,0.108465253,0.0839984916,0.0945906733,0.0315115999,0.107391872
no_feedback,R,0.765625,0.116545261,0.114042478,0.0874973679,0.0988260824,0.032499516,0.112603365
no_feedback,R,0.76953125,0.121247762,0.119463388,0.0909855813,0.103009784,0.0335261606,0.117703971
no_feedback,R,0.7734375,0.125927198,0.124732109,0.0944628391,0.107142707,0.0345900701,0.122696385
no_feedback,R,0.77734375,0.130583492,0.129852689,0.0979288805,0.111225779,0.0356898305,0.127583262
no_feedback,R,0.78125,0.135216598,0.134829093,0.101383474,0.11525993,0.0368240746,0.132367209
no_feedback,R,0.78515625,0.139826498,0.139665199,0.104826414,0.119246084,0.0379914812,0.137050791
no_feedback,R,0.7890625,0.1444132,0.144364805,0.108257521,0.123185161,0.0391907724,0.141636522
no_feedback,R,0.79296875,0.148976731,0.148931622,0.111676635,0.127078076,0.0404207127,0.146126869
no_feedback,R,0.796875,0.153517141,0.153369277,0.115083615,0.130925731,0.0416801072,0.150524249
no_feedback,R,0.80078125,0.158034494,0.157681311,0.11847834,0.134729021,0.0429677997,0.154831026
no_feedback,R,0.8046875,0.162528868,0.161871183,0.121860704,0.138488828,0.0442826718,0.159049516
no_feedback,R,0.80859375,0.167000357,0.165942264,0.125230614,0.142206021,0.045623641,0.163181981
no_feedback,R,0.8125,0.171449061,0.169897844,0.12858799,0.145881456,0.0469896597,0.167230631
no_feedback,R,0.81640625,0.175875092,0.173741129,0.131932762,0.149515973,0.0483797137,0.171197626
no_feedback,R,0.8203125,0.180278566,0.177475242,0.135264871,0.153110397,0.0497928207,0.175085071
no_feedback,R,0.82421875,0.184659606,0.181103226,0.138584267,0.156665537,0.0512280298,0.17889502
no_feedback,R,0.828125,0.189018341,0.184628042,0.141890905,0.160182184,0.0526844195,0.182629475
no_feedback,R,0.83203125,0.193354898,0.188052572,0.145184747,0.163661112,0.0541610971,0.186290387
no_feedback,R,0.8359375,0.197669411,0.191379619,0.148465762,0.167103077,0.0556571975,0.189879653
no_feedback,R,0.83984375,0.201962011,0.19461191,0.151733921,0.170508817,0.0571718822,0.193399123
no_feedback,R,0.84375,0.20623283,0.197752095,0.154989199,0.173879051,0.0587043382,0.196850594
no_feedback,R,0.84765625,0.210482,0.200802751,0.158231575,0.177214482,0.0602537771,0.200235815
no_feedback,R,0.8515625,0.21470965,0.20376638,0.16146103,0.18051579,0.0618194342,0.203556484
no_feedback,R,0.85546875,0.218915907,0.206645413,0.164677545,0.183783639,0.0634005676,0.206814253
no_feedback,R,0.859375,0.223100894,0.209442211,0.167881105,0.187018673,0.0649964575,0.210010725
no_feedback,R,0.86328125,0.227264732,0.212159065,0.171071692,0.190221519,0.0666064049,0.213147456
no_feedback,R,0.8671875,0.231407538,0.214798199,0.174249291,0.193392782,0.0682297316,0.216225956
no_feedback,R,0.87109375,0.235529422,0.217361772,0.177413885,0.196533052,0.0698657788,0.219247692
no_feedback,R,0.875,0.239630494,0.219851878,0.180565457,0.199642898,0.0715139067,0.222214085
no_feedback,R,0.87890625,0.243710854,0.222270547,0.18370399,0.202722871,0.0731734936,0.225126512
no_feedback,R,0.8828125,0.2477706,0.224619747,0.186829465,0.205773506,0.0748439354,0.22798631
no_feedback,R,0.88671875,0.251809822,0.22690139,0.18994186,0.208795318,0.0765246451,0.230794772
no_feedback,R,0.890625,0.255828608,0.229117325,0.193041155,0.211788805,0.0782150517,0.233553152
no_feedback,R,0.89453125,0.259827037,0.231269346,0.196127324,0.214754448,0.0799146003,0.236262664
no_feedback,R,0.8984375,0.263805183,0.233359191,0.199200343,0.217692712,0.0816227508,0.238924483
