file_name,subject,task,trial_id,cue_direction,target_R,behavior_correct_inferred,time__Fz__early_250_500ms__mean,time__Fz__early_250_500ms__std,time__Fz__early_250_500ms__peak_to_peak,time__Fz__early_250_500ms__area,time__Fz__early_250_500ms__positive_peak,time__Fz__early_250_500ms__positive_peak_latency_s,time__Fz__early_250_500ms__negative_peak,time__Fz__early_250_500ms__negative_peak_latency_s,time__Fz__early_250_500ms__slope_per_s,time__Fz__early_250_500ms__line_length_per_s,time__F3__early_250_500ms__mean,time__F3__early_250_500ms__std,time__F3__early_250_500ms__peak_to_peak,time__F3__early_250_500ms__area,time__F3__early_250_500ms__positive_peak,time__F3__early_250_500ms__positive_peak_latency_s,time__F3__early_250_500ms__negative_peak,time__F3__early_250_500ms__negative_peak_latency_s,time__F3__early_250_500ms__slope_per_s,time__F3__early_250_500ms__line_length_per_s,time__F4__early_250_500ms__mean,time__F4__early_250_500ms__std,time__F4__early_250_500ms__peak_to_peak,time__F4__early_250_500ms__area,time__F4__early_250_500ms__positive_peak,time__F4__early_250_500ms__positive_peak_latency_s,time__F4__early_250_500ms__negative_peak,time__F4__early_250_500ms__negative_peak_latency_s,time__F4__early_250_500ms__slope_per_s,time__F4__early_250_500ms__line_length_per_s,laterality_time__F4_minus_F3__early_250_500ms__mean,laterality_time__F4_minus_F3__early_250_500ms__std,laterality_time__F4_minus_F3__early_250_500ms__peak_to_peak,laterality_time__F4_minus_F3__early_250_500ms__area,laterality_time__F4_minus_F3__early_250_500ms__positive_peak,laterality_time__F4_minus_F3__early_250_500ms__positive_peak_latency_s,laterality_time__F4_minus_F3__early_250_500ms__negative_peak,laterality_time__F4_minus_F3__early_250_500ms__negative_peak_latency_s,laterality_time__F4_minus_F3__early_250_500ms__slope_per_s,laterality_time__F4_minus_F3__early_250_500ms__line_length_per_s,time__Fz__late_550_900ms__mean,time__Fz__late_550_900ms__std,time__Fz__late_550_900ms__peak_to_peak,time__Fz__late_550_900ms__area,time__Fz__late_550_900ms__positive_peak,time__Fz__late_550_900ms__positive_peak_latency_s,time__Fz__late_550_900ms__negative_peak,time__Fz__late_550_900ms__negative_peak_latency_s,time__Fz__late_550_900ms__slope_per_s,time__Fz__late_550_900ms__line_length_per_s,time__F3__late_550_900ms__mean,time__F3__late_550_900ms__std,time__F3__late_550_900ms__peak_to_peak,time__F3__late_550_900ms__area,time__F3__late_550_900ms__positive_peak,time__F3__late_550_900ms__positive_peak_latency_s,time__F3__late_550_900ms__negative_peak,time__F3__late_550_900ms__negative_peak_latency_s,time__F3__late_550_900ms__slope_per_s,time__F3__late_550_900ms__line_length_per_s,time__F4__late_550_900ms__mean,time__F4__late_550_900ms__std,time__F4__late_550_900ms__peak_to_peak,time__F4__late_550_900ms__area,time__F4__late_550_900ms__positive_peak,time__F4__late_550_900ms__positive_peak_latency_s,time__F4__late_550_900ms__negative_peak,time__F4__late_550_900ms__negative_peak_latency_s,time__F4__late_550_900ms__slope_per_s,time__F4__late_550_900ms__line_length_per_s,laterality_time__F4_minus_F3__late_550_900ms__mean,laterality_time__F4_minus_F3__late_550_900ms__std,laterality_time__F4_minus_F3__late_550_900ms__peak_to_peak,laterality_time__F4_minus_F3__late_550_900ms__area,laterality_time__F4_minus_F3__late_550_900ms__positive_peak,laterality_time__F4_minus_F3__late_550_900ms__positive_peak_latency_s,laterality_time__F4_minus_F3__late_550_900ms__negative_peak,laterality_time__F4_minus_F3__late_550_900ms__negative_peak_latency_s,laterality_time__F4_minus_F3__late_550_900ms__slope_per_s,laterality_time__F4_minus_F3__late_550_900ms__line_length_per_s,spectral__Fz__delta_1_4Hz__change_db,spectral__Fz__delta_1_4Hz__response_relative,spectral__Fz__theta_4_8Hz__change_db,spectral__Fz__theta_4_8Hz__response_relative,spectral__Fz__alpha_8_13Hz__change_db,spectral__Fz__alpha_8_13Hz__response_relative,spectral__Fz__beta_13_30Hz__change_db,spectral__Fz__beta_13_30Hz__response_relative,spectral__F3__delta_1_4Hz__change_db,spectral__F3__delta_1_4Hz__response_relative,spectral__F3__theta_4_8Hz__change_db,spectral__F3__theta_4_8Hz__response_relative,spectral__F3__alpha_8_13Hz__change_db,spectral__F3__alpha_8_13Hz__response_relative,spectral__F3__beta_13_30Hz__change_db,spectral__F3__beta_13_30Hz__response_relative,spectral__F4__delta_1_4Hz__change_db,spectral__F4__delta_1_4Hz__response_relative,spectral__F4__theta_4_8Hz__change_db,spectral__F4__theta_4_8Hz__response_relative,spectral__F4__alpha_8_13Hz__change_db,spectral__F4__alpha_8_13Hz__response_relative,spectral__F4__beta_13_30Hz__change_db,spectral__F4__beta_13_30Hz__response_relative,laterality_spectral__F4_minus_F3__delta_1_4Hz__change_db,laterality_spectral__F4_minus_F3__delta_1_4Hz__response_relative,laterality_spectral__F4_minus_F3__theta_4_8Hz__change_db,laterality_spectral__F4_minus_F3__theta_4_8Hz__response_relative,laterality_spectral__F4_minus_F3__alpha_8_13Hz__change_db,laterality_spectral__F4_minus_F3__alpha_8_13Hz__response_relative,laterality_spectral__F4_minus_F3__beta_13_30Hz__change_db,laterality_spectral__F4_minus_F3__beta_13_30Hz__response_relative,coupling__Fz_F3__early_250_500ms__zero_lag_correlation,coupling__Fz_F3__early_250_500ms__max_abs_cross_correlation,coupling__Fz_F3__early_250_500ms__lag_at_max_ms,coupling__Fz_F4__early_250_500ms__zero_lag_correlation,coupling__Fz_F4__early_250_500ms__max_abs_cross_correlation,coupling__Fz_F4__early_250_500ms__lag_at_max_ms,coupling__F3_F4__early_250_500ms__zero_lag_correlation,coupling__F3_F4__early_250_500ms__max_abs_cross_correlation,coupling__F3_F4__early_250_500ms__lag_at_max_ms,coupling__Fz_F3__late_550_900ms__zero_lag_correlation,coupling__Fz_F3__late_550_900ms__max_abs_cross_correlation,coupling__Fz_F3__late_550_900ms__lag_at_max_ms,coupling__Fz_F4__late_550_900ms__zero_lag_correlation,coupling__Fz_F4__late_550_900ms__max_abs_cross_correlation,coupling__Fz_F4__late_550_900ms__lag_at_max_ms,coupling__F3_F4__late_550_900ms__zero_lag_correlation,coupling__F3_F4__late_550_900ms__max_abs_cross_correlation,coupling__F3_F4__late_550_900ms__lag_at_max_ms,coupling__Fz_F3__full_0_900ms__zero_lag_correlation,coupling__Fz_F3__full_0_900ms__max_abs_cross_correlation,coupling__Fz_F3__full_0_900ms__lag_at_max_ms,coupling__Fz_F4__full_0_900ms__zero_lag_correlation,coupling__Fz_F4__full_0_900ms__max_abs_cross_correlation,coupling__Fz_F4__full_0_900ms__lag_at_max_ms,coupling__F3_F4__full_0_900ms__zero_lag_correlation,coupling__F3_F4__full_0_900ms__max_abs_cross_correlation,coupling__F3_F4__full_0_900ms__lag_at_max_ms
VisualCogA_Task-1.mat,A,Task-1,1,L,0,-1,-24.1773096,6.9406608,27.4285316,-6.07809062,-12.8254776,0.30078125,-40.2540092,0.4296875,-55.0035981,428.86681,-15.4789653,4.93127423,27.5860483,-3.90589219,0.619043529,0.5,-26.9670048,0.4296875,16.8844785,353.087121,-11.9289092,6.8727671,34.356812,-3.01896285,7.89563799,0.5,-26.461174,0.4296875,-9.93964586,441.922699,3.55005608,3.97254767,13.1999788,0.886929344,10.0862627,0.3203125,-3.11371613,0.47265625,-26.8241244,230.098678,18.3437883,17.8234161,86.138773,6.48836543,55.7943077,0.58984375,-30.3444653,0.5546875,-67.9385821,652.397629,43.1762966,17.744629,84.3884163,15.1193612,77.2455597,0.59375,-7.1428566,0.5546875,-53.3152429,567.951269,52.8550541,17.2888006,94.1554346,18.4980407,84.5879669,0.58984375,-9.56746769,0.5546875,-3.55236528,697.141802,9.67875751,6.92761799,28.8664608,3.37867946,21.0782223,0.87109375,-7.78823853,0.6171875,49.7628776,369.710667,16.1840206,0.573318394,7.72798297,0.128646253,5.87110251,0.101958488,5.19305442,0.114207048,12.665775,0.64576906,17.1452238,0.127863836,18.2879271,0.0905653041,4.47528282,0.055985059,13.0536811,0.617543803,8.51014686,0.106572133,5.58649939,0.09532165,6.90064999,0.10439536,0.387906144,-0.0282252575,-8.63507696,-0.0212917026,-12.7014277,0.00475634592,2.42536716,0.0484103007,0.554926444,0.554926444,0,0.800351027,0.808279137,3.90625,0.82279125,0.82279125,0,0.968784946,0.968784946,0,0.924210578,0.924210578,0,0.922120755,0.922120755,0,0.9567534,0.9567534,0,0.935569957,0.935569957,0,0.980042208,0.980042208,0
VisualCogA_Task-1.mat,A,Task-1,2,R,1,-1,1.37869931,7.89239958,28.3082056,0.344893158,16.6652737,0.2890625,-11.6429319,0.3984375,-70.4778548,422.819744,19.4518739,6.40238483,26.6686983,4.87004055,33.8774681,0.48046875,7.2087698,0.25,56.8767088,404.213543,35.6263018,5.12282427,24.3334007,8.90801229,48.8902283,0.48046875,24.5568275,0.3984375,5.42779402,479.150284,16.1744279,5.7658701,21.9050074,4.03797174,28.5695543,0.25,6.66454697,0.5,-51.4489147,335.191296,4.20655879,6.48040454,26.9851637,1.4925548,16.2826748,0.703125,-10.7024889,0.8984375,-10.3113131,462.535717,43.1510115,7.00339311,31.6412811,15.0234906,60.7357216,0.70703125,29.0944405,0.859375,-18.7051557,352.887492,43.7847079,6.48365821,26.7572727,15.2469935,53.6379814,0.69921875,26.8807087,0.8984375,-26.5373791,393.146775,0.633696429,4.53150169,18.5272636,0.223502874,7.33111572,0.6328125,-11.1961479,0.71484375,-7.83222334,343.545481,4.95384924,0.39929707,5.37282478,0.158802192,-2.70071335,0.0659890001,-4.26878132,0.325467562,0.637140233,0.630552134,9.31369361,0.0953138249,6.14268171,0.0562996909,-4.45146153,0.151350681,4.16566043,0.527833868,2.51608034,0.0848708178,-3.49090972,0.0720731753,-3.84810989,0.260539413,3.52852019,-0.102718266,-6.79761327,-0.010443007,-9.63359143,0.0157734844,0.603351636,0.109188733,-0.0716502283,-0.622919488,27.34375,0.612877209,0.612877209,0,0.518145908,-0.550982016,-27.34375,0.833639018,0.833639018,0,0.913285702,0.913285702,0,0.776861362,0.776861362,0,0.100540013,0.100540013,0,0.258880201,0.258880201,0,0.905022422,0.905022422,0
VisualCogA_Task-1.mat,A,Task-1,4,L,0,-1,-2.96781348,9.74522388,37.8672256,-0.738753984,18.1985226,0.30078125,-19.6687031,0.359375,-15.9048096,501.588406,-29.4805049,10.3554877,45.8313398,-7.39274388,-3.10183048,0.296875,-48.9331703,0.4609375,-90.0260485,533.107613,34.0049324,14.9959473,60.3671784,8.50075798,64.6029816,0.48828125,4.23580313,0.26171875,157.361737,630.496258,63.4854373,19.4218272,72.6337247,15.8935019,101.546856,0.47265625,28.9131312,0.26171875,247.387785,514.837765,1.80030838,5.32266336,22.4718962,0.615868209,12.6811161,0.76171875,-9.79078007,0.7890625,-16.381498,387.762278,-3.81260887,17.8834252,65.5056515,-1.35507075,30.6123676,0.89453125,-34.8932838,0.58984375,168.63816,375.641438,83.1442315,7.09003897,26.6056366,28.933573,95.6021957,0.76171875,68.9965591,0.5859375,24.3702542,341.81746,86.9568404,16.3188211,56.9897709,30.2886437,109.308754,0.59765625,52.3189831,0.89453125,-144.267906,364.09702,2.75964176,0.157358149,5.75096515,0.336649446,7.05679199,0.231989591,7.52274857,0.183923182,1.21456496,0.389435579,8.40723338,0.162033168,6.37843814,0.195242297,4.55061962,0.190732142,12.8957011,0.614183921,8.39295371,0.141648046,2.3201261,0.0685962692,6.76839321,0.105409779,11.6811362,0.224748342,-0.0142796702,-0.0203851218,-4.05831204,-0.126646028,2.2177736,-0.0853223633,0.608189878,0.608189878,0,0.502308197,0.502308197,0,-0.145188702,-0.460240469,31.25,-0.067518741,-0.354411314,-62.5,0.347049924,-0.429847177,-31.25,0.409252321,0.433505202,7.8125,0.331475595,0.331475595,0,0.424990802,0.424990802,0,0.509198061,0.549650481,78.125
VisualCogA_Task-1.mat,A,Task-1,5,R,1,-1,-3.33546209,7.17578978,24.8985128,-0.796726434,10.2188873,0.27734375,-14.6796255,0.34375,-42.2664916,393.957204,-21.1461772,7.65377663,28.4176016,-5.2783316,-9.6422205,0.421875,-38.0598221,0.34765625,42.9788714,408.12545,-15.1668557,10.4055926,34.2909307,-3.76006425,3.65724277,0.3046875,-30.633688,0.44921875,-111.961646,382.865706,5.97932154,12.930217,39.1806719,1.51826735,24.8978589,0.30859375,-14.2828131,0.421875,-154.940518,350.909328,-2.98652687,7.59379822,31.9046316,-1.0255798,9.72386456,0.76171875,-22.1807671,0.84375,-24.9315438,455.1865,-11.808862,7.71839093,30.8228531,-4.08916614,3.70565224,0.59375,-27.1172009,0.68359375,-23.7735134,484.205684,-15.2108785,5.6425063,26.4594312,-5.27179673,-4.12374449,0.76171875,-30.5831757,0.84375,9.35833318,364.656003,-3.4020165,6.28332395,28.6622562,-1.18263059,8.03713989,0.6796875,-20.6251163,0.59375,33.1318466,391.78764,-0.711528552,0.127532974,4.97432878,0.288205306,-4.44286568,0.27408926,1.39519649,0.22795689,3.97161006,0.51400961,-6.83843319,0.0810077395,-2.78253581,0.173424713,0.41474771,0.169096029,15.985308,0.195640236,0.997689425,0.321279707,-5.76038783,0.205463497,2.10922566,0.188072868,12.0136979,-0.318369373,7.83612262,0.240271967,-2.97785202,0.0320387833,1.69447795,0.0189768394,0.567364861,-0.635447091,-62.5,0.725496254,0.725496254,0,-0.00209597762,-0.734874406,50.78125,0.853461622,0.865648208,-3.90625,0.791942451,0.791942451,0,0.596211262,0.618437182,3.90625,0.595119571,0.59814165,-3.90625,0.528848392,0.528848392,0,0.37087224,0.37087224,0
VisualCogA_Task-1.mat,A,Task-1,6,L,0,-1,10.3969607,6.66906918,24.2877576,2.61455149,22.8639526,0.34765625,-1.423805,0.3046875,20.8086199,454.318084,24.2376107,7.60760592,31.5760355,6.06964897,42.007412,0.47265625,10.4313765,0.31640625,78.4239054,371.39444,17.8380548,9.41659941,36.297739,4.47372083,31.2548466,0.4765625,-5.04289246,0.265625,84.5690874,426.95545,-6.39955594,5.93346958,25.749773,-1.59592814,5.61970615,0.328125,-20.1300669,0.265625,6.14518203,354.25309,6.01337599,6.81658811,27.0711632,2.09287584,21.7547073,0.69140625,-5.31645584,0.8359375,19.3550518,442.552914,20.7902261,7.5366681,29.8313913,7.19428209,33.924324,0.8984375,4.0929327,0.828125,-20.724322,335.405559,34.7833555,18.0230225,61.9096332,12.0765698,67.0488052,0.8671875,5.13917208,0.64453125,160.038712,499.231722,13.9931294,21.1720986,69.7147422,4.88228774,45.105051,0.859375,-24.6096911,0.64453125,180.763034,447.700245,-3.8265996,0.184293139,1.07900609,0.174082539,-1.16266702,0.219939582,-0.0898232278,0.370813841,-4.38580351,0.361945198,-2.5753517,0.0805221278,-1.0076035,0.245970601,-0.535654744,0.245325848,-4.72295628,0.282841532,1.60112118,0.223789476,1.70610966,0.169663874,-0.16669124,0.256515803,-0.33715277,-0.0791036655,4.17647289,0.143267349,2.71371316,-0.0763067269,0.368963504,0.0111899548,0.5931766,0.626025571,-3.90625,0.824823945,0.824823945,0,0.77711757,0.788056785,3.90625,0.243767099,-0.584499478,-39.0625,0.590757169,0.590757169,0,-0.245252587,-0.511611277,-39.0625,0.264262143,-0.352479878,39.0625,0.258293916,-0.260361564,-42.96875,0.300384134,0.300384134,0
VisualCogA_Task-1.mat,A,Task-1,7,L,0,-1,0.695655356,4.7592136,28.7828407,0.172654417,15.4094877,0.5,-13.373353,0.25,11.0599266,398.661184,-12.4192126,7.52482757,31.6150131,-3.12554349,5.56894493,0.5,-26.0460682,0.34765625,23.3073507,574.031922,-6.64295225,6.26354099,37.4280424,-1.67134662,14.7868586,0.5,-22.6411839,0.25,36.9897566,408.424076,5.77626033,8.43152745,33.8312523,1.45419687,24.6060555,0.34765625,-9.22519684,0.26171875,13.6824059,485.400042,0.921029628,6.83068837,27.9687843,0.290239703,14.3669767,0.7265625,-13.6018076,0.85546875,-17.4227882,520.949016,0.626694876,7.79354793,31.9500532,0.179775155,17.7768841,0.89453125,-14.1731691,0.6015625,27.7817921,443.767673,18.0317682,8.20784824,29.4613638,6.26794092,34.449913,0.7265625,4.98854923,0.57421875,40.2067145,454.166367,17.4050733,6.7458907,23.1965461,6.08816577,28.1984601,0.8125,5.00191402,0.6484375,12.4249224,358.081757,11.9970944,0.235198165,5.36009903,0.294936613,8.31866761,0.202973662,2.55881776,0.166471859,7.72594105,0.359774367,6.18304272,0.217876925,20.6070916,0.23646007,4.36956191,0.104539769,11.4690787,0.462719782,11.8107886,0.246422204,9.25898238,0.0816803966,3.39948732,0.111340775,3.74313766,0.102945415,5.62774589,0.0285452787,-11.3481092,-0.154779673,-0.970074598,0.00680100604,0.606827778,0.606827778,0,0.8013155,0.8013155,0,0.262712019,0.420298703,-31.25,0.564066913,0.564066913,0,0.535696472,0.535696472,0,0.645641467,0.645641467,0,0.567431323,0.567431323,0,0.541779855,0.541779855,0,0.543304198,0.543304198,0
VisualCogA_Task-1.mat,A,Task-1,8,L,0,-1,6.49635446,6.4020016,27.584898,1.66335866,17.1645565,0.33203125,-10.4203415,0.41796875,-17.8244728,521.684734,-11.3790778,15.5165038,55.1933584,-2.7947762,11.6138983,0.2890625,-43.5794601,0.5,-188.608297,509.410435,-11.9671009,14.9363293,52.3248534,-2.96639341,7.69757986,0.25,-44.6272736,0.5,-189.796963,518.486967,-0.588023076,4.48989364,18.4506665,-0.171617204,12.4728222,0.25,-5.9778443,0.34375,-1.18866656,231.215638,1.16107998,6.15170449,26.941884,0.355121621,16.4129314,0.8984375,-10.5289526,0.87109375,-4.062615,497.205912,-80.3946284,14.8304109,58.7338371,-28.0304262,-45.0391655,0.55078125,-103.773003,0.796875,-99.1490698,577.970056,-87.6982744,17.8469147,66.6312485,-30.586701,-46.9657211,0.55078125,-113.59697,0.84375,-143.522607,546.225531,-7.30364605,8.92343059,44.8559113,-2.55627479,12.2458878,0.71875,-32.6100235,0.8359375,-44.373537,523.342466,-7.47223769,0.0486500065,-1.82723987,0.208268159,-0.218059304,0.334760833,-1.88540538,0.33661159,6.43666145,0.75030943,0.0359273751,0.0993677176,-0.817033328,0.053723145,-2.17290044,0.060018744,5.23913422,0.845569335,-8.05091782,0.0174090936,-4.48078615,0.0262405082,-0.764007291,0.0755122444,-1.19752724,0.0952599053,-8.08684519,-0.0819586239,-3.66375283,-0.0274826369,1.40889315,0.0154935004,0.57705975,0.57705975,0,0.498007238,0.498007238,0,0.957234691,0.957234691,0,0.4101474,0.4101474,0,0.435779647,0.435779647,0,0.866765346,0.866765346,0,0.443263776,0.444189269,-3.90625,0.430253313,0.430253313,0,0.985364766,0.985364766,0
VisualCogA_Task-1.mat,A,Task-1,9,R,1,-1,2.89006944,6.76450857,28.6795959,0.745972255,13.8132439,0.41796875,-14.8663521,0.34375,12.3236943,424.970727,33.927883,7.57333925,28.6590099,8.49635924,44.5621338,0.421875,15.9031239,0.3359375,57.214991,485.190666,9.53214545,6.15526037,23.7825117,2.41267739,18.2871399,0.41015625,-5.49537182,0.34375,31.3887368,472.066653,-24.3957375,4.77287585,20.9257817,-6.08368186,-12.8098845,0.328125,-33.7356663,0.4296875,-25.8262542,434.812728,3.0586022,7.37898378,34.1496096,1.07968667,19.417984,0.73828125,-14.7316256,0.57421875,8.35168266,335.66513,26.2266842,8.32613783,30.7149124,9.1526763,41.4006119,0.73046875,10.6856995,0.8984375,-39.0502164,284.670575,-2.99122869,6.9025894,29.18048,-1.04337844,12.1242933,0.73046875,-17.0561867,0.875,-14.745114,377.011261,-29.2179129,5.82830663,23.6815028,-10.1960547,-15.9007354,0.796875,-39.5822382,0.59375,24.3051025,356.111987,4.72576385,0.17501983,7.68258921,0.169361968,-3.43351076,0.150141645,6.16345744,0.412931094,13.0093728,0.322478039,7.00578837,0.233228891,2.36685933,0.0670337939,6.60629355,0.295659828,3.60225389,0.361737022,6.75820005,0.128719191,-7.93617437,0.0895671853,2.92326112,0.325302517,-9.4071189,0.0392589832,-0.24758831,-0.1045097,-10.3030337,0.0225333914,-3.68303243,0.029642689,0.783743552,0.783743552,0,0.856033644,0.856033644,0,0.777228292,0.777228292,0,0.722013484,0.757068384,7.8125,0.802497524,0.808214521,-3.90625,0.722101914,0.747338626,-7.8125,0.497297661,0.510604408,3.90625,0.64692685,0.64692685,0,0.435584073,0.443438775,-3.90625
VisualCogA_Task-1.mat,A,Task-1,10,R,1,-1,7.4044459,8.92751164,28.7233009,1.83410147,19.9854393,0.26171875,-8.73786163,0.31640625,6.18888957,459.084984,1.13197322,5.11605489,17.9816222,0.28554954,10.8725739,0.47265625,-7.10904837,0.43359375,26.0855866,314.513915,7.71711234,8.07793043,28.9664474,1.91668979,22.7099781,0.26171875,-6.25646925,0.43359375,-14.6154804,440.773945,6.58513911,5.58245907,22.993722,1.63114025,22.1435537,0.26171875,-0.850168228,0.421875,-40.7010671,286.021576,0.558055394,8.87360148,33.9110298,0.180241733,16.2614346,0.8125,-17.6495953,0.65234375,5.03895432,478.34619,-1.9539879,8.03721886,36.4502802,-0.667217372,15.5704622,0.81640625,-20.879818,0.6484375,19.082658,446.19241,2.72941493,6.67537215,27.4097023,0.933177331,15.3344278,0.71484375,-12.0752745,0.65625,13.0238577,418.351361,4.68340283,5.0974644,22.5250041,1.6003947,14.8224952,0.8984375,-7.70250893,0.82421875,-6.05880029,354.263456,11.3206911,0.268991333,9.17459118,0.180158911,-2.87706237,0.321006844,0.454792094,0.124028552,10.8991367,0.391399892,0.15877818,0.11479661,-3.11910219,0.241400518,0.72127446,0.151559496,4.96170325,0.136193423,7.44781853,0.188687116,-3.0430324,0.399234925,-0.852918165,0.170954378,-5.93743344,-0.255206469,7.28904035,0.0738905054,0.0760697872,0.157834408,-1.57419263,0.0193948813,0.797023455,0.806027271,3.90625,0.973536333,0.973536333,0,0.729098784,-0.798779666,50.78125,0.895670094,0.895670094,0,0.926028294,0.926028294,0,0.775126979,0.800045974,-3.90625,0.857950467,0.857950467,0,0.928487029,0.928487029,0,0.721269249,0.721269249,0
VisualCogA_Task-1.mat,A,Task-1,11,R,1,-1,5.11479063,7.12670536,24.536778,1.26827727,16.8813801,0.35546875,-7.65539789,0.4140625,4.18026427,343.305046,14.1179045,10.5235406,34.7042804,3.53694776,30.6322441,0.44921875,-4.07203627,0.390625,106.87042,392.747504,-14.6768918,6.26931117,27.2448568,-3.69602459,0.643410683,0.5,-26.6014462,0.28515625,39.2656475,316.200558,-28.7947963,7.9028429,29.6879388,-7.23297235,-12.9899005,0.2578125,-42.6778393,0.42578125,-67.6047727,393.642062,-3.58160269,6.26833191,30.4048595,-1.25522025,13.4682522,0.828125,-16.9366074,0.71484375,3.08039371,432.037148,18.6023834,10.0354893,42.8627877,6.42834754,43.8809967,0.828125,1.01820898,0.71484375,28.4835805,483.794508,-15.5918107,4.607959,22.7036915,-5.4031307,-5.9976368,0.828125,-28.7013283,0.89453125,-19.8456797,366.444794,-34.1941941,10.1023039,32.1728845,-11.8314782,-19.0221648,0.71875,-51.1950493,0.890625,-48.3292601,312.382061,-5.74177845,0.18067144,2.28713388,0.32619308,-1.16142606,0.151996583,2.29093675,0.256100417,-10.0736427,0.5513864,-0.0561268512,0.154327627,-0.789622722,0.145337531,-3.52213143,0.0626025513,-13.7658296,0.321731238,-1.62289795,0.283713379,-4.6219805,0.100371585,1.89764383,0.20952876,-3.69218688,-0.229655162,-1.5667711,0.129385753,-3.83235778,-0.0449659452,5.41977526,0.146926208,0.520781023,-0.549132191,-58.59375,0.829746092,0.829746092,0,0.663840685,0.693260602,-11.71875,0.880540382,0.880540382,0,0.477071461,0.477071461,0,0.215035078,-0.447943268,-66.40625,0.163660284,-0.308811445,-74.21875,0.645049764,0.645049764,0,0.368358066,0.368358066,0
VisualCogA_Task-1.mat,A,Task-1,12,R,1,-1,9.76375,10.3252694,33.6630673,2.42976381,27.5463676,0.3671875,-6.1166997,0.44921875,6.55182061,494.665588,13.1009015,9.1688078,30.5017819,3.2723614,27.8812695,0.36328125,-2.62051249,0.4375,-15.7230896,486.312262,6.98502372,7.73724293,25.5041442,1.74532386,21.1543293,0.3671875,-4.34981489,0.40625,-31.4244362,374.122622,-6.11587776,4.7811121,18.9400625,-1.52703754,3.14265919,0.31640625,-15.7974033,0.4765625,-15.7013466,315.515239,-1.53553673,5.59599173,26.2401056,-0.558692928,12.4221258,0.55078125,-13.8179798,0.71875,-3.58710623,462.517609,-4.3404987,5.73196754,23.7168369,-1.51397415,8.54331112,0.75390625,-15.1735258,0.82421875,-2.98577006,388.505769,-7.44791785,5.55005605,29.4184995,-2.62098296,6.55980158,0.55078125,-22.8586979,0.71875,-12.1970788,424.621018,-3.10741915,5.54184557,19.2327083,-1.10700881,7.47900516,0.55078125,-11.7537031,0.72265625,-9.21130872,355.467538,10.8336199,0.260279931,14.1761831,0.314828371,-0.297105565,0.201746909,1.41797016,0.140566284,4.13831918,0.287164491,7.36420436,0.248793667,1.98616811,0.225632244,-0.308217959,0.140513132,21.4512246,0.333620856,7.37284988,0.175387465,-0.72911168,0.236687577,1.81597333,0.175751625,17.3129054,0.0464563651,0.00864551509,-0.0734062023,-2.71527979,0.0110553329,2.12419129,0.0352384933,0.906986557,0.950934754,3.90625,0.905205146,0.905205146,0,0.853331861,0.897025363,-3.90625,0.591050311,-0.607653472,-27.34375,0.832123868,0.832123868,0,0.517819599,-0.59721919,27.34375,0.78289554,0.798053927,3.90625,0.892240407,0.892240407,0,0.795637535,0.798926943,-3.90625
VisualCogA_Task-1.mat,A,Task-1,13,L,0,-1,7.58065752,7.24402784,26.8485923,1.89690795,21.5479183,0.39453125,-5.30067396,0.45703125,-51.1428257,466.441975,7.91137273,5.52222486,21.2820879,1.97065086,20.0861626,0.28125,-1.19592535,0.4609375,-32.5180882,421.355147,11.6679979,7.45042757,21.9608892,2.94211945,23.3447742,0.29296875,1.38388503,0.453125,-46.4844093,424.775768,3.75662521,5.23020972,21.3727326,0.97146859,14.6275058,0.3125,-6.74522686,0.5,-13.9663211,285.016685,0.957152203,10.2871164,41.2124596,0.294151056,14.1165543,0.89453125,-27.0959053,0.6015625,62.1606914,410.01725,-3.30340074,10.2407029,39.4891415,-1.1729859,15.4205608,0.73828125,-24.0685806,0.6015625,45.2809731,442.419093,1.48560069,7.96268546,36.6363058,0.506182072,12.9833784,0.7421875,-23.6529274,0.60546875,22.9265197,480.794468,4.78900143,6.40492305,29.300953,1.67916797,15.4582243,0.578125,-13.8427287,0.76953125,-22.3544535,360.002067,4.95598228,0.235702635,6.14934014,0.245637753,-6.651606,0.143190922,3.45224103,0.289199599,6.1453808,0.305970828,10.8236572,0.291654743,-3.32466188,0.128802463,-0.35216525,0.180335428,6.83137086,0.413671793,5.04489478,0.15334744,-2.23742795,0.162725436,2.10182726,0.184612316,0.685990067,0.107700965,-5.77876238,-0.138307303,1.08723393,0.0339229722,2.45399251,0.00427688879,0.925710326,0.925710326,0,0.876654978,0.896732298,-3.90625,0.712743788,0.768342642,-3.90625,0.894226965,0.905293619,3.90625,0.849714475,0.849714475,0,0.780278763,0.794318435,-3.90625,0.871820975,0.872178341,3.90625,0.816917529,0.816917529,0,0.686744657,0.697227697,-3.90625
VisualCogA_Task-1.mat,A,Task-1,15,R,1,-1,-8.29786532,9.95064533,33.055768,-2.08485105,8.51406193,0.3125,-24.5417061,0.4765625,-77.9835527,490.059468,-46.9169502,22.4564694,75.0559168,-11.7175287,-13.4202948,0.25,-88.4762115,0.484375,-286.982845,472.149418,-61.6669297,35.3965158,104.209713,-15.3981035,-14.331089,0.25,-118.540802,0.5,-462.732092,569.091766,-14.7499796,13.7606092,41.3456345,-3.68057476,5.06031799,0.30859375,-36.2853165,0.46484375,-175.749247,314.663639,-13.6984306,7.61318749,39.1480418,-4.69849374,-1.93514526,0.76953125,-41.0831871,0.55078125,21.1219594,470.424959,-161.194355,21.5679057,69.2826309,-56.0712714,-118.310738,0.578125,-187.593369,0.796875,-185.993399,394.483409,-232.648728,31.037417,96.2160492,-80.9692382,-171.938583,0.57421875,-268.154633,0.79296875,-255.852383,533.039019,-71.4543727,10.5224759,42.161911,-24.8979668,-45.0691833,0.55078125,-87.2310944,0.71875,-69.8589841,315.621928,2.85051343,0.358349852,1.82892234,0.135483111,3.77113974,0.222732739,1.35670149,0.172964741,5.4826653,0.865456932,-1.48972874,0.0228485338,0.277120878,0.0288442283,1.60642584,0.0351452897,7.44426426,0.902191207,5.76541281,0.0187920947,7.10998336,0.0221916631,1.06038303,0.0159854454,1.96159896,0.0367342752,7.25514156,-0.00405643911,6.83286248,-0.00665256522,-0.546042812,-0.0191598443,0.7890125,0.7890125,0,0.778571476,0.778571476,0,0.986218331,0.986218331,0,-0.178487608,-0.443376428,-23.4375,-0.227175673,-0.410958564,-23.4375,0.98427661,0.98427661,0,0.397174379,0.397174379,0,0.386739183,0.386739183,0,0.997599812,0.997599812,0
VisualCogA_Task-1.mat,A,Task-1,16,L,0,-1,9.27737392,6.03229064,20.1577024,2.33870292,17.9749546,0.3828125,-2.18274784,0.4453125,-51.4806865,393.170833,-0.77186091,4.05916356,17.4302106,-0.166235854,7.31372023,0.4296875,-10.1164904,0.25,-12.9249681,342.637755,-13.0604706,4.25826302,14.3890963,-3.25523643,-6.20385075,0.3046875,-20.592947,0.40625,-29.8266938,332.36216,-12.2886097,4.2827872,18.4802923,-3.08900058,-2.22061396,0.25390625,-20.7009063,0.4296875,-16.9017257,315.187238,-2.2018467,10.2844454,41.41119,-0.764225426,21.589859,0.7734375,-19.821331,0.88671875,-25.2382224,697.484306,-21.0634894,8.22898534,32.3753033,-7.34562603,-5.62571907,0.6875,-38.0010223,0.875,-51.9202342,409.612988,-20.1107055,13.533402,56.1310616,-6.98393579,16.048912,0.7734375,-40.0821495,0.734375,4.52732302,936.737887,0.952783868,13.1638087,46.8144817,0.361690241,29.3656464,0.76953125,-17.4488354,0.7265625,56.4475573,826.192905,-0.652771487,0.324839863,-9.19018344,0.084441782,2.99443918,0.312647049,0.619773907,0.206450723,-3.66352358,0.399070993,-6.26477727,0.190751186,1.07530635,0.186983932,-5.2866545,0.127724633,-3.36337421,0.186718513,-5.90045524,0.161367717,4.73476138,0.288107974,0.779290667,0.286286168,0.300149372,-0.21235248,0.36432204,-0.0293834682,3.65945503,0.101124042,6.06594517,0.158561535,0.524347191,0.524347191,0,0.855096561,0.855096561,0,0.470562906,0.470562906,0,0.632271583,0.632271583,0,0.906025624,0.906025624,0,0.348325311,0.445658249,-78.125,0.669129621,0.669129621,0,0.855657797,0.855657797,0,0.44590031,0.44590031,0
VisualCogA_Task-1.mat,A,Task-1,17,R,1,-1,-1.77270343,8.03688909,29.5292854,-0.427275148,18.088007,0.30859375,-11.4412785,0.37109375,-20.0019934,360.472716,-2.99299416,9.26168775,36.8630495,-0.723415016,15.4458933,0.30859375,-21.4171562,0.26953125,31.5232323,450.884315,-6.61838685,6.31538688,24.5267005,-1.63291079,7.96476507,0.3125,-16.5619354,0.375,-13.6121912,278.724506,-3.62539269,5.97500699,20.8149414,-0.909495771,9.31181717,0.2734375,-11.5031242,0.5,-45.1354235,308.024886,-5.26399748,7.97086632,27.3543615,-1.84887149,8.62698841,0.765625,-18.7273731,0.828125,-1.37469663,483.305425,-0.448304881,7.79276198,29.4643087,-0.1652732,15.3728046,0.85546875,-14.0915041,0.625,6.63336655,461.851478,-3.89729524,8.64739806,30.7815046,-1.37485638,10.9520311,0.765625,-19.8294735,0.703125,-3.2482409,471.77877,-3.44899036,7.10157231,29.9193897,-1.20958318,14.7669578,0.6640625,-15.152432,0.59375,-9.88160745,355.120603,19.4898371,0.2495721,11.500948,0.223644454,-0.380088897,0.271584178,-1.69113331,0.122227866,11.0014291,0.295682045,8.81521118,0.295893509,3.54147849,0.191843488,-1.40392649,0.0981471791,7.23825343,0.217094167,8.18735682,0.191159617,0.0156315616,0.391005113,-4.95430903,0.0764920938,-3.76317564,-0.0785878783,-0.627854358,-0.104733892,-3.52584693,0.199161626,-3.55038254,-0.0216550853,0.842203498,0.842203498,0,0.951720361,0.951720361,0,0.769024684,0.769024684,0,0.857878105,0.859261019,-3.90625,0.898573449,0.898573449,0,0.631220846,0.645896623,3.90625,0.818825062,0.818825062,0,0.877429573,0.877429573,0,0.716663661,0.716663661,0
VisualCogA_Task-1.mat,A,Task-1,18,L,0,-1,11.2091949,6.75784978,25.0697131,2.79988738,21.8812809,0.2890625,-3.18843222,0.4609375,-16.6172976,439.828739,19.0557936,6.81363151,32.1456522,4.76911633,32.2859573,0.48828125,0.140305147,0.2578125,33.0994462,476.399898,6.33453382,7.86549588,33.7770243,1.6013869,22.0829315,0.3984375,-11.6940928,0.2578125,28.063855,455.886807,-12.7212598,7.52755448,28.733949,-3.16772943,3.79412842,0.40234375,-24.9398206,0.32421875,-5.03559118,416.277959,10.8642837,10.9445023,54.3885136,3.85154519,34.4195595,0.75,-19.9689541,0.8984375,16.0943624,617.305517,7.22597236,17.375834,80.1903152,2.59968153,30.0728989,0.74609375,-50.1174164,0.8984375,-128.035444,543.452072,13.8239286,14.7034366,58.1915388,4.82123659,46.7005882,0.875,-11.4909506,0.703125,102.907318,594.591103,6.5979562,27.4984303,91.2529216,2.22155507,70.0054398,0.890625,-21.2474818,0.6015625,230.942762,500.460691,-8.67775899,0.1607669,-6.83810654,0.145076882,-2.88358393,0.332267082,-0.876806051,0.269728765,-4.85729244,0.142495533,-5.63290646,0.168538554,-4.57637972,0.264417149,0.618941127,0.352077284,-5.39674624,0.390215703,-6.108744,0.0882130498,2.54434202,0.233687439,-0.508096595,0.187982453,-0.539453801,0.24772017,-0.475837544,-0.0803255046,7.12072174,-0.0307297099,-1.12703772,-0.164094831,0.598525173,0.598525173,0,0.769402867,0.769402867,0,0.481666615,0.481666615,0,0.382941619,0.385834114,3.90625,0.593554102,0.625581608,-3.90625,-0.465885484,-0.724950731,19.53125,0.366494638,0.366494638,0,0.634327655,0.648349368,-3.90625,-0.264596538,-0.517130324,23.4375
VisualCogA_Task-1.mat,A,Task-1,19,L,0,-1,-41.8997815,9.68825019,37.0911102,-10.4800693,-22.4109306,0.5,-59.5020409,0.25390625,59.7692235,511.748138,-44.8523217,14.3845427,52.2739544,-11.2419457,-16.630991,0.5,-68.9049454,0.33203125,171.656505,435.488228,-41.0770952,12.3776794,52.901454,-10.2706628,-14.3569002,0.5,-67.2583542,0.25390625,139.851741,438.521435,3.77522649,8.11877362,30.0019112,0.971282916,21.2104111,0.3359375,-8.79150009,0.25,-31.8047649,301.021549,-34.734562,8.87191038,38.8525505,-12.0878163,-19.5743904,0.671875,-58.4269409,0.56640625,24.7191905,554.85142,-32.7713668,13.0626138,49.5350666,-11.3743744,-8.44451714,0.66015625,-57.9795837,0.56640625,-35.0041057,632.402574,-4.83649948,10.6283172,44.2588568,-1.66542789,12.3927088,0.80859375,-31.866148,0.56640625,76.7057825,532.080502,27.9348673,16.6400247,56.9131222,9.70894652,56.120326,0.81640625,-0.792796135,0.60546875,111.709888,583.282659,-7.62223545,0.268685619,-3.27860797,0.257974189,-1.81833793,0.24241028,1.78313698,0.141146387,-6.01467943,0.430717598,-4.59212126,0.150892849,-2.72345643,0.213804334,4.8448488,0.136743693,-2.65597035,0.649458673,-3.8712446,0.114580644,0.285854714,0.102080763,-0.349939093,0.0598916998,3.35870908,0.218741075,0.720876665,-0.036312205,3.00931114,-0.111723571,-5.19478789,-0.076851993,0.617780992,0.617780992,0,0.843595506,0.843595506,0,0.826206296,0.826206296,0,0.654186202,0.654186202,0,0.693690292,0.693690292,0,0.0241389059,-0.472474985,35.15625,0.791652048,0.791652048,0,0.707167567,0.707167567,0,0.716953705,0.716953705,0
VisualCogA_Task-1.mat,A,Task-1,21,L,0,-1,0.510399676,8.03928421,25.8747673,0.120272712,11.8387127,0.25390625,-14.0360546,0.40625,-12.6002037,456.830271,-7.11684167,7.34075426,24.4593196,-1.79451122,5.54935789,0.4453125,-18.9099617,0.38671875,32.6133707,396.778325,-20.4806589,9.87555745,36.0819004,-5.13300159,-2.01223874,0.25390625,-38.0941391,0.40625,-76.9316291,469.540722,-13.3638173,8.33119691,31.1278205,-3.33849037,3.34281683,0.26171875,-27.7850037,0.5,-109.545,222.163062,4.82461222,7.77142921,32.9652233,1.70099136,22.7230606,0.73828125,-10.2421627,0.59765625,28.0588311,477.966296,3.77493063,7.75118085,29.1853075,1.33556,18.9973221,0.734375,-10.1879854,0.59765625,28.0727295,490.484688,-10.1192372,14.4300524,50.4826679,-3.49132773,13.9897747,0.73828125,-36.4928932,0.55859375,113.982863,468.973162,-13.8941678,10.000574,31.5345955,-4.82688773,1.8171711,0.84765625,-29.7174244,0.55859375,85.9101333,268.213068,1.40724601,0.118069239,-0.715089615,0.160460248,3.84819829,0.423510958,-0.648450366,0.235673436,-2.48446652,0.209122502,-0.863529415,0.183249085,3.63624673,0.329543086,-1.20644415,0.209663014,7.66013856,0.342050024,0.023290742,0.129547171,3.43630678,0.280788457,0.800578917,0.202448068,10.1446051,0.132927522,0.886820157,-0.0537019137,-0.19993995,-0.0487546288,2.00702307,-0.00721494522,0.848984733,0.848984733,0,0.848136975,0.848136975,0,0.565594535,0.565594535,0,0.927538957,0.927538957,0,0.820309068,0.820309068,0,0.752328198,0.752328198,0,0.855407037,0.855407037,0,0.636809463,0.636809463,0,0.436475186,0.436475186,0
VisualCogA_Task-1.mat,A,Task-1,23,R,1,-1,5.13198333,7.6617539,33.9771528,1.30949501,27.7611561,0.4140625,-6.21599674,0.4921875,3.09575357,448.696877,-100.780018,13.4771407,44.2506561,-25.2264083,-75.0724564,0.25,-119.323112,0.4453125,-161.566638,437.227203,-116.922676,29.8858524,100.463371,-29.2435283,-66.1399002,0.25,-166.603271,0.4921875,-401.603442,507.700043,-16.1426581,17.9913843,60.1625519,-4.01711997,9.44987488,0.26953125,-50.712677,0.5,-240.036804,286.458313,7.46375288,6.73886395,30.8968573,2.61216077,19.913868,0.73046875,-10.9829893,0.671875,20.192159,382.208758,-24.2850944,38.7416602,119.898289,-8.42231799,25.8903618,0.8984375,-94.0079269,0.5625,375.179353,392.968119,-84.4660158,48.4972258,161.272617,-29.3698095,-3.89704585,0.8984375,-165.169662,0.55859375,467.446452,612.91343,-60.1809214,16.8452293,55.9581883,-20.9474915,-29.7874076,0.8984375,-85.7455959,0.76953125,92.2670991,501.313239,-2.19867391,0.0663648593,1.38008562,0.0734828121,7.11056522,0.484398948,0.97909725,0.344665404,13.5057553,0.856905485,13.4512129,0.0327465435,7.71757889,0.0344940769,-3.60557831,0.0249164686,8.49513851,0.858893248,8.62484394,0.038249275,3.50763669,0.0281566396,2.71377632,0.0210097053,-5.01061679,0.00198776315,-4.82636898,0.00550273157,-4.20994221,-0.00633743731,6.31935463,-0.00390676324,0.160880164,-0.46374273,-35.15625,0.0824884883,-0.457379967,-70.3125,0.932413911,0.932413911,0,0.368582582,0.380686195,-35.15625,0.422903248,0.42387261,-3.90625,0.94981255,0.94981255,0,0.0460237413,-0.109518352,42.96875,-0.152923199,-0.331852762,39.0625,0.786843202,0.80057667,-39.0625
VisualCogA_Task-1.mat,A,Task-1,24,L,0,-1,21.8949111,21.8571565,70.6695969,5.41748417,68.6248016,0.25,-2.04479527,0.4453125,-273.917017,393.641994,26.7078458,21.9011103,69.0065446,6.6184336,71.0659409,0.25,2.05939627,0.44921875,-270.98514,352.689972,11.383582,20.8658801,69.4497128,2.78570353,56.1946602,0.25,-13.2550526,0.44921875,-260.637057,472.378262,-15.3242638,4.18738152,16.1842523,-3.83273007,-6.93451071,0.43359375,-23.118763,0.265625,10.3480832,306.768913,9.47806498,5.82394086,23.1616635,3.32348233,19.7225399,0.6328125,-3.43912363,0.69921875,-6.88668033,346.767546,15.224657,5.43164283,23.4718194,5.32836625,28.4080219,0.8203125,4.93620253,0.8984375,-21.4043264,361.220916,1.78110043,7.92786337,34.4252119,0.646053231,15.8647642,0.78515625,-18.5604477,0.69921875,29.7279323,473.162804,-13.4435565,8.61564996,31.2252722,-4.68231302,2.27505493,0.8671875,-28.9502172,0.69921875,51.1322587,440.215227,16.0080395,0.641786887,16.6370001,0.223576513,-0.865442776,0.0179302484,-9.3646483,0.00724759779,7.63763578,0.64342728,10.3054096,0.224250685,-3.7411283,0.0167591329,-9.26880273,0.00586784133,11.6915517,0.572933103,8.43777821,0.254949877,5.74141606,0.0454576111,-6.09862592,0.0136650849,4.0539159,-0.0704941774,-1.86763135,0.0306991911,9.48254436,0.0286984782,3.1701768,0.00779724357,0.992477638,0.992477638,0,0.993885499,0.993885499,0,0.981987999,0.981987999,0,0.637933597,0.637933597,0,0.751406483,0.751406483,0,0.210447989,-0.315903696,23.4375,0.98184907,0.98184907,0,0.967336163,0.967336163,0,0.931193346,0.931193346,0
VisualCogA_Task-1.mat,A,Task-1,25,L,0,-1,-1.60659159,7.1509445,33.9781828,-0.426418167,21.865572,0.49609375,-12.1126108,0.25,35.9584567,349.142014,16.429402,7.10070109,39.5122855,4.09189529,40.1420822,0.5,0.629796684,0.25,65.8973516,369.272187,22.6348434,9.43733881,37.8525877,5.63162373,48.4954376,0.5,10.6428499,0.25,67.4959748,343.287312,6.20544131,7.69798617,30.0879221,1.53972844,20.4628525,0.47265625,-9.62506962,0.42578125,1.5986232,414.232618,5.67732336,8.96396273,34.9457579,1.98989362,25.0722466,0.5703125,-9.87351131,0.8984375,-53.3950859,494.839322,29.661046,9.38801871,32.1722174,10.335488,46.0824547,0.60546875,13.9102373,0.89453125,-65.8615767,444.431254,44.1090686,7.40746298,28.6344719,15.3347203,58.8725815,0.56640625,30.2381096,0.64453125,-31.5988249,459.785376,14.4480225,7.22197546,31.5303078,4.99923229,29.6067905,0.76171875,-1.92351723,0.640625,34.2627518,430.514805,17.3305514,0.363831771,4.65319097,0.165906657,0.832154567,0.211149142,-0.0923386151,0.160093176,12.6811584,0.549899264,9.42045327,0.102263734,0.377707589,0.161878345,0.257723449,0.106028254,11.308212,0.500947669,11.1821043,0.183950953,-1.33272138,0.123316288,0.709239546,0.0889404297,-1.37294643,-0.0489515956,1.76165105,0.0816872182,-1.71042897,-0.0385620569,0.451516097,-0.0170878247,0.780746454,0.780746454,0,0.859640431,0.859640431,0,0.598584295,0.598584295,0,0.858088616,0.88123671,-3.90625,0.871932791,0.871932791,0,0.653197031,0.747155772,7.8125,0.730619367,0.731300114,-3.90625,0.657042765,0.657042765,0,0.861133391,0.86647489,3.90625
VisualCogA_Task-1.mat,A,Task-1,26,R,1,-1,21.3104401,23.4088432,82.4684334,5.26247732,73.4425507,0.25,-9.02588272,0.43359375,-279.747068,476.553581,8.82701186,29.5968988,94.7088852,2.16377493,66.5522461,0.25,-28.1566391,0.4296875,-361.342555,652.447138,16.2466781,23.0719539,83.374383,3.98199355,72.5801849,0.25,-10.794198,0.43359375,-275.473083,474.529047,7.41966627,9.61769643,39.3573236,1.81821862,27.6007432,0.5,-11.7565804,0.3125,85.8694716,418.127734,5.94247403,8.64998163,38.4594402,2.08769101,25.8046284,0.78515625,-12.6548119,0.8125,29.4086098,552.789483,-24.8216442,5.93951607,27.6228352,-8.63284966,-10.7875957,0.75,-38.4104309,0.64453125,17.7368715,528.82801,3.39339478,12.9729818,46.1138649,1.18634806,26.8553963,0.78515625,-19.2584686,0.66796875,90.1298258,622.407071,28.215039,9.99303938,40.1725216,9.81919772,48.0185814,0.77734375,7.8460598,0.671875,72.3929543,425.064465,19.2303327,0.487349598,9.22660847,0.311941519,1.07910242,0.065605248,-3.81265085,0.0140445394,16.9693305,0.516281247,8.17354377,0.274178629,2.57917985,0.0743818714,-0.811243111,0.0165622454,18.236074,0.468888634,10.5458546,0.333198722,0.496660646,0.0639950431,-3.38084913,0.0142538856,1.26674354,-0.0473926128,2.37231087,0.0590200937,-2.0825192,-0.0103868282,-2.56960602,-0.00230835978,0.978730334,0.978730334,0,0.99330824,0.99330824,0,0.963443967,0.963443967,0,0.756959758,0.757742236,3.90625,0.867141287,0.867141287,0,0.673010508,0.679834231,-3.90625,0.92367398,0.92367398,0,0.968633711,0.968633711,0,0.900907341,0.900907341,0
VisualCogA_Task-1.mat,A,Task-1,28,L,0,-1,45.5988946,20.0427951,75.1909835,11.4335965,77.7198486,0.30078125,2.5288651,0.47265625,-238.130579,787.976606,73.3895162,21.7823224,90.6091785,18.373909,107.451538,0.296875,16.8423595,0.47265625,-209.69243,1231.49483,75.6899112,16.7153303,69.4076385,18.9748907,99.5431366,0.41015625,30.135498,0.47265625,-146.630288,1033.50262,2.30039503,8.2159968,29.7919464,0.600981712,17.0921173,0.4609375,-12.6998291,0.29296875,63.0621417,499.81366,-38.2999009,15.4299168,63.4276834,-13.360783,-6.09802771,0.83984375,-69.5257111,0.62890625,105.652456,755.961467,10.0238364,16.9579709,64.3369694,3.42869732,39.3211823,0.8984375,-25.0157871,0.625,142.673685,910.073408,-12.7719597,20.3471991,79.7931404,-4.48971378,26.7384453,0.83984375,-53.0546951,0.62890625,151.083918,1023.27538,-22.7957961,9.94016212,38.9693708,-7.9184111,-7.53529358,0.83984375,-46.5046644,0.6484375,8.4102329,669.694713,13.2557983,0.83915731,2.14508834,0.0389637375,3.30979766,0.0229805596,3.04082149,0.0374151174,10.6549671,0.752508244,2.41582762,0.0473719981,4.83980671,0.031736349,9.37159347,0.104837352,9.23040625,0.815644469,1.60674022,0.0449107123,3.27204013,0.019633366,6.0478751,0.0543839097,-1.42456085,0.0631362258,-0.809087398,-0.00246128587,-1.56776658,-0.012102983,-3.32371837,-0.0504534426,0.925270249,0.925270249,0,0.918543069,0.918543069,0,0.942559267,0.942559267,0,0.848998746,0.848998746,0,0.977560378,0.977560378,0,0.873466655,0.873466655,0,0.916232376,0.916232376,0,0.971302311,0.971302311,0,0.956197979,0.956197979,0
VisualCogA_Task-1.mat,A,Task-1,29,L,0,-1,17.9482475,6.13423265,26.9292145,4.48231775,31.8268414,0.328125,4.89762688,0.40234375,-18.7283642,295.664558,10.4450358,6.82146225,26.0331423,2.61121244,26.1928368,0.33203125,0.159694493,0.3984375,-67.9757702,306.701671,10.8957563,5.21185745,21.4374304,2.73243615,20.8327293,0.33203125,-0.604701102,0.40234375,-6.82624365,302.678128,0.450720483,5.66384119,20.5053473,0.12122371,13.3375034,0.453125,-7.16784382,0.25,61.1495265,238.443198,-3.65930534,9.21409965,41.5433884,-1.30916959,21.8652153,0.55078125,-19.6781731,0.81640625,-72.905235,333.295871,-9.11665836,6.36120732,27.6020236,-3.20307202,7.50408125,0.55078125,-20.0979424,0.87890625,-44.4822839,373.931483,0.584907451,5.93310297,24.4609632,0.181930954,15.3103447,0.62109375,-9.15061855,0.82421875,-24.6567567,351.157561,9.70156581,5.67358503,23.2031283,3.38500297,23.9567804,0.87109375,0.753652096,0.78515625,19.8255272,370.822154,0.40326992,0.357103857,1.62331659,0.266945926,-3.42338981,0.208385174,-6.38154406,0.0686367689,0.0978111327,0.318441014,9.97572863,0.238254406,3.30571602,0.230338078,-3.06783503,0.149455554,-4.37810664,0.387231651,-0.583762336,0.200003005,-4.69903361,0.212980622,-6.11437069,0.0973357712,-4.47591777,0.0687906374,-10.559491,-0.0382514007,-8.00474963,-0.0173574557,-3.04653566,-0.0521197823,0.72505713,0.72505713,0,0.95269006,0.95269006,0,0.585285443,0.585285443,0,0.845802842,0.845802842,0,0.800757062,0.800757062,0,0.57598233,0.57598233,0,0.90271013,0.90271013,0,0.75539176,0.75539176,0,0.512841057,0.512841057,0
VisualCogA_Task-1.mat,A,Task-1,30,L,0,-1,10.4898903,6.1868421,25.9731605,2.66220639,23.876894,0.30859375,-2.09626651,0.5,-29.7781111,448.633607,9.57995738,5.73064199,21.4113927,2.41310651,17.6041908,0.3046875,-3.80720186,0.453125,-52.4913319,363.278065,23.434524,6.95305517,25.6795187,5.89018085,35.9667625,0.30859375,10.2872438,0.37109375,-1.15250254,502.531136,13.8545666,8.60947436,35.0397993,3.47707434,31.3082367,0.46484375,-3.73156261,0.3671875,51.3388294,495.794175,4.97251587,6.41992699,24.3577151,1.72969308,16.9038563,0.55078125,-7.45385885,0.8984375,-21.5618365,390.170017,1.13491847,6.03406566,21.1852818,0.392106877,11.9894638,0.6796875,-9.19581795,0.59765625,-18.9773659,442.066836,11.5887317,6.08480817,27.9436228,4.02718263,25.817152,0.55078125,-2.1264708,0.5859375,-13.2493917,418.871457,10.4538132,6.25933792,25.024623,3.63507576,22.4868528,0.7265625,-2.53777021,0.578125,5.72797419,428.619845,-10.1573113,0.0558047537,-0.473970994,0.282370759,-2.46507165,0.288137354,1.29394124,0.264543337,-1.47047319,0.0685084011,5.6581769,0.275637864,-0.5374252,0.364953524,0.743540831,0.197870777,-3.57728068,0.174610305,2.40523576,0.173731059,-1.95673479,0.195160691,2.85341292,0.346642823,-2.10680749,0.106101904,-3.25294114,-0.101906804,-1.41930959,-0.169792833,2.10987209,0.148772046,0.497595867,0.594456204,42.96875,0.803247887,0.803247887,0,0.0886196728,-0.424368098,-78.125,0.717730332,0.717730332,0,0.846126983,0.846126983,0,0.46649151,0.46649151,0,0.796808889,0.796808889,0,0.821764452,0.821764452,0,0.591376682,0.591376682,0
VisualCogA_Task-1.mat,A,Task-1,31,L,0,-1,6.92243493,6.20154416,21.5461559,1.72961955,16.4693184,0.2578125,-5.07683754,0.46484375,-58.6217468,423.606256,12.6793625,3.53443302,14.6097455,3.17588741,20.0642872,0.40234375,5.45454168,0.46484375,-8.75034809,410.19791,19.2326588,4.83639237,22.9720898,4.80753847,32.7309608,0.40625,9.75887108,0.34375,14.3289845,422.944031,6.55329629,3.94352561,15.7695122,1.63165106,15.812129,0.4140625,0.0426168442,0.34375,23.0793326,229.700691,0.763943663,9.30584523,42.6186905,0.262552773,22.8483715,0.87890625,-19.770319,0.75,14.1600377,566.619796,8.40052593,9.73947002,49.065752,2.95414687,28.6025696,0.58203125,-20.4631824,0.8984375,-55.6853086,527.350773,22.5521863,13.2549164,59.7459934,7.81537763,59.2302933,0.87890625,-0.515700161,0.75,72.2593357,620.216941,14.1516604,17.5425683,67.2404709,4.86123077,60.3581181,0.890625,-6.88235283,0.5703125,127.944644,476.948266,0.523650798,0.140051035,4.58884047,0.367339863,-0.13988328,0.159656713,-0.880593938,0.247111265,5.99045014,0.338179638,6.48962537,0.269291957,2.96109982,0.070296128,1.49117098,0.231320116,-0.61750492,0.321257038,-0.59129784,0.195234547,-4.300415,0.175082547,-1.03779363,0.24062846,-6.60795506,-0.0169226006,-7.08092321,-0.0740574104,-7.26151482,0.104786419,-2.5289646,0.00930834367,0.690593856,0.690593856,0,0.483857507,-0.549260722,-23.4375,0.594700679,-0.636742015,-23.4375,0.428932708,0.428932708,0,0.816939832,0.816939832,0,-0.144046503,-0.371685565,-31.25,0.451442611,0.451442611,0,0.536798949,0.536798949,0,0.168076526,0.200831825,-78.125
VisualCogA_Task-1.mat,A,Task-1,32,R,1,-1,10.6981338,11.663028,53.0624981,2.67758766,31.6535416,0.359375,-21.4089565,0.3046875,59.457779,547.552938,0.47050053,10.4714118,39.6055737,0.154844008,15.8165436,0.3984375,-23.7890301,0.3046875,52.2829042,592.809436,27.0347264,10.3012774,49.3456097,6.74946794,46.1173172,0.36328125,-3.22829247,0.3046875,33.3263334,585.093727,26.5642259,6.09700673,23.3075814,6.59462393,39.2240348,0.25,15.9164534,0.4140625,-18.9565708,381.526607,-6.09841641,8.34806617,37.3335676,-2.16973066,14.2147818,0.8984375,-23.1187859,0.64453125,13.0859878,523.240869,-29.0957634,13.5868147,48.1856904,-10.181817,-7.73274374,0.8984375,-55.9184341,0.71875,-46.4741377,453.057657,13.2437517,13.0547789,52.5887403,4.56926157,39.0648766,0.89453125,-13.5238638,0.64453125,93.4413304,531.918298,42.3395151,21.1475646,71.3150015,14.7510786,78.6355286,0.7578125,7.32052708,0.65234375,139.915468,449.515896,6.11879321,0.483821266,6.77458733,0.101111159,6.6111174,0.184153964,-2.53384343,0.161897328,2.95712878,0.664311605,1.07337645,0.0912610599,4.88101634,0.0273350455,-3.48829171,0.149127698,5.26291222,0.487523423,2.68827711,0.107869375,3.87080953,0.164791405,0.242442142,0.158622882,2.30578344,-0.176788182,1.61490066,0.0166083155,-1.01020681,0.137456359,3.73073385,0.00949518367,0.885950026,0.885950026,0,0.96542307,0.96542307,0,0.827825538,0.827825538,0,0.462745253,0.462745253,0,0.653004139,0.653004139,0,-0.25987827,-0.640142223,-27.34375,0.777238409,0.777238409,0,0.789549126,0.789549126,0,0.356489787,0.514072282,78.125
VisualCogA_Task-1.mat,A,Task-1,33,R,1,-1,7.10888824,10.2708344,41.1499357,1.8185871,26.3815918,0.359375,-14.7683439,0.4921875,-41.8523684,601.722123,5.21119096,8.29036874,34.8730011,1.33570124,19.6503544,0.359375,-15.2226467,0.30078125,-1.14355152,516.845057,16.4144263,10.0526402,39.0173979,4.14719846,34.529026,0.359375,-4.48837185,0.4921875,-28.6285804,628.723616,11.2032354,5.35872166,22.8977375,2.81149723,22.3615522,0.328125,-0.536185265,0.3828125,-27.4850288,282.104436,4.01753787,7.22433883,30.8256216,1.39210159,15.9749107,0.7109375,-14.8507109,0.58203125,38.8893031,387.678832,9.01838953,8.66602717,31.2228889,3.15936204,19.2775459,0.83203125,-11.945343,0.578125,58.9203282,374.503746,2.5779835,6.62067289,28.9686422,0.888107994,13.8359165,0.8984375,-15.1327257,0.5859375,41.3177164,389.302974,-6.44040603,5.17151914,19.1255718,-2.27125405,3.92021179,0.5625,-15.20536,0.84765625,-17.6026119,319.37,17.5887974,0.202339812,1.34048074,0.103840255,3.07322191,0.331405246,1.64817915,0.292948149,3.545134,0.18228606,0.91998792,0.129565279,2.60255431,0.307997394,2.32117209,0.303013206,10.4656787,0.396926616,3.39969658,0.0697801515,5.58870234,0.243411347,1.57470487,0.220377758,6.92054475,0.214640556,2.47970866,-0.0597851276,2.98614803,-0.0645860471,-0.746467225,-0.0826354478,0.907860087,0.907860087,0,0.953628219,0.953628219,0,0.846350683,0.846350683,0,0.890718578,0.890718578,0,0.900621344,0.900621344,0,0.803388556,0.803388556,0,0.745131152,0.745131152,0,0.822902903,0.822902903,0,0.402677052,0.402677052,0
VisualCogA_Task-1.mat,A,Task-1,34,L,0,-1,-1.31008165,16.8202119,59.6368294,-0.3045961,35.4544487,0.38671875,-24.1823807,0.32421875,111.728104,597.726616,-7.16019689,16.567336,57.7401085,-1.7915164,24.9905586,0.390625,-32.7495499,0.33203125,130.734912,579.804461,2.72846284,13.3262603,47.328618,0.714778665,33.6209259,0.3828125,-13.7076921,0.3359375,94.6979256,547.298338,9.88865973,6.34909855,22.3791132,2.50629507,19.4332123,0.3203125,-2.94590092,0.5,-36.0369867,361.232449,-7.69672524,7.07759951,31.2005205,-2.70338189,6.33055401,0.87890625,-24.8699665,0.5703125,28.5677397,459.941419,-11.2661619,8.5758095,39.5456033,-3.92398494,3.1816659,0.59765625,-36.3639374,0.5703125,9.63365654,503.666364,-11.0844186,5.69433139,26.376822,-3.88131824,6.46512079,0.55078125,-19.9117012,0.79296875,-0.57801149,427.24184,0.181743237,8.49946352,36.437405,0.0426667012,20.1774988,0.5625,-16.2599062,0.60546875,-10.211668,447.343186,6.51311681,0.292069046,15.12776,0.276299542,11.4716244,0.171267742,4.71371206,0.173786553,4.19096842,0.267221942,6.30038097,0.240181233,7.12569326,0.182414609,4.4698276,0.193731189,5.45723016,0.397687139,3.67590164,0.143261279,8.03835906,0.223575208,2.94427966,0.16672814,1.26626173,0.130465198,-2.62447932,-0.096919954,0.912665799,0.0411605983,-1.52554794,-0.0270030487,0.980165042,0.980165042,0,0.963702063,0.963702063,0,0.932497519,0.932497519,0,0.757936117,0.757936117,0,0.696655481,0.696655481,0,0.345347329,0.362540347,-3.90625,0.888577112,0.888577112,0,0.874595753,0.874595753,0,0.682889563,0.682889563,0
VisualCogA_Task-1.mat,A,Task-1,35,R,1,-1,11.4137628,8.25339801,29.6988244,2.88927173,26.2451782,0.421875,-3.45364618,0.48828125,-11.5664909,523.018463,7.96117821,7.44592093,28.3810377,2.01861114,19.2362328,0.41796875,-9.14480495,0.484375,-26.2817145,417.242356,0.674229535,5.62160277,21.7148628,0.187426682,13.0266438,0.421875,-8.68821907,0.27734375,5.60908372,430.578947,-7.28694868,5.01623544,23.2182922,-1.83118446,4.87100267,0.484375,-18.3472896,0.390625,31.8907982,334.671391,-2.62604959,11.291058,50.0857277,-0.91451506,24.6525612,0.8125,-25.4331665,0.6640625,44.4992903,500.711085,-7.06182668,7.48273524,32.8044243,-2.47919979,10.9129562,0.80859375,-21.891468,0.7421875,6.0682684,519.364861,-1.14280778,14.7749341,58.2200718,-0.384362238,29.5058994,0.81640625,-28.7141724,0.66015625,87.6661523,536.132123,5.9190189,12.4274458,45.4697714,2.09483755,33.9641981,0.7421875,-11.5055733,0.66015625,81.5978839,418.340802,12.0075374,0.542088085,-5.47361989,0.0765340904,-3.41313148,0.142737674,2.33991477,0.180621063,8.49211252,0.45802481,3.35224409,0.151605031,0.71199889,0.155529531,2.29198064,0.169679284,9.78189381,0.475300624,-5.96034373,0.08156997,-6.68255219,0.144314844,-0.273615728,0.232229667,1.28978129,0.0172758142,-9.31258782,-0.0700350606,-7.39455108,-0.0112146872,-2.56559637,0.0625503823,0.88134661,0.911590449,3.90625,0.92063463,0.92063463,0,0.739183954,0.785194415,-3.90625,0.778557019,0.808912181,3.90625,0.929496564,0.929496564,0,0.542022132,0.577244343,-3.90625,0.851248666,0.870610016,3.90625,0.779657649,0.779657649,0,0.446980438,0.47472759,-3.90625
VisualCogA_Task-1.mat,A,Task-1,38,L,0,-1,0.691806852,6.04086375,25.7313251,0.159641739,15.4470119,0.390625,-10.2843132,0.36328125,-0.403278263,440.951303,-7.36036707,6.61953618,23.3474255,-1.8503061,6.23968315,0.48828125,-17.1077423,0.3671875,43.4895023,449.874666,-2.66238455,5.86002588,24.5954847,-0.668681165,11.989171,0.38671875,-12.6063137,0.25,35.5793812,440.940008,4.69798252,3.32684563,12.6625538,1.18162494,11.7897649,0.43359375,-0.872788906,0.48046875,-7.91012112,249.536427,2.41102185,7.708846,31.7796869,0.863547965,16.0760345,0.78515625,-15.7036524,0.8984375,-43.7605333,370.680727,-11.52006,11.1503509,41.4009447,-4.00192919,8.63721943,0.74609375,-32.7637253,0.8828125,-71.1603945,477.97951,7.20266873,8.12323767,37.7148356,2.52881454,30.6410427,0.7890625,-7.07379293,0.6796875,10.0725978,409.407444,18.7227287,13.2541424,57.5684704,6.53074373,50.7269783,0.8046875,-6.84149206,0.74609375,81.2329923,581.481369,0.438961769,0.136599023,-0.459733125,0.140849467,0.357039665,0.274199598,4.10145844,0.384611784,5.81683529,0.248530776,-4.24057429,0.153700406,2.0703396,0.224316604,1.38943802,0.291207958,0.212081624,0.286335073,-5.59853745,0.0741638069,-0.310019319,0.218899199,3.99782272,0.367910636,-5.60475367,0.0378042971,-1.35796316,-0.0795365992,-2.38035892,-0.0054174053,2.6083847,0.0767026785,0.7439829,0.7439829,0,0.849284602,0.849284602,0,0.864773534,0.864773534,0,0.845221182,0.845221182,0,0.465198571,0.465712904,-3.90625,0.0808429919,-0.392188796,78.125,0.78284532,0.78284532,0,0.509135557,0.509135557,0,0.199908773,-0.271999416,78.125
VisualCogA_Task-1.mat,A,Task-1,42,R,1,-1,3.64363922,11.884194,49.2032719,0.920208197,25.0457058,0.48828125,-24.1575661,0.26953125,95.6575272,480.451921,23.8597155,12.275247,52.4577799,5.97282129,42.8624763,0.484375,-9.59530354,0.26953125,111.024883,543.183121,62.6278201,9.39186115,37.4907532,15.6876798,76.5331192,0.48828125,39.042366,0.26953125,83.8034125,378.486649,38.7681046,4.84380229,19.661706,9.71485847,48.6376696,0.26953125,28.9759636,0.25,-27.2214703,286.952957,-4.1596081,7.52829795,41.0408907,-1.43832755,14.5905752,0.6171875,-26.4503155,0.796875,-30.0866734,420.668861,6.05291902,16.1114153,64.265646,2.07136088,35.3757057,0.5703125,-28.8899403,0.796875,-128.887114,572.343136,33.5249433,13.2786037,50.1597075,11.6540772,55.2470436,0.62109375,5.08733606,0.80078125,-115.482281,451.914356,27.4720243,7.53629164,29.1497698,9.58271628,39.0682907,0.78515625,9.91852093,0.8984375,13.4048335,379.287185,12.1673134,0.116752307,8.43779113,0.385372484,0.388260211,0.243985368,4.71917281,0.153639732,-0.43736813,0.193306761,3.82838658,0.183876648,5.71853352,0.300312078,6.12954509,0.237556776,6.79084952,0.603989759,10.6282988,0.119154252,-2.43384016,0.10183212,3.55325047,0.111162365,7.22821765,0.410682998,6.79991219,-0.0647223965,-8.15237369,-0.198479958,-2.57629462,-0.126394411,0.957935259,0.957935259,0,0.943195804,0.943195804,0,0.934301126,0.934301126,0,0.706629327,0.72551097,3.90625,0.732029134,0.735826999,-3.90625,0.886015866,0.896692214,-3.90625,0.730420957,0.730420957,0,0.690015425,0.690015425,0,0.807115929,0.807115929,0
VisualCogA_Task-1.mat,A,Task-1,43,L,0,-1,2.2648658,10.7344522,41.6179676,0.573081393,25.3509178,0.328125,-16.2670498,0.38671875,-73.5668118,517.352994,4.1799642,6.97869561,28.1618109,1.05912121,18.6715279,0.328125,-9.49028301,0.3828125,-53.1484338,385.439973,-1.10408512,10.6365146,42.6366634,-0.261304714,21.9885654,0.328125,-20.648098,0.38671875,-61.0348331,522.802946,-5.28404932,4.92503955,21.2950754,-1.32042592,5.82312012,0.31640625,-15.4719553,0.3984375,-7.88639936,254.006992,38.4685438,39.010525,119.825117,13.5040379,109.685226,0.7421875,-10.1398907,0.61328125,185.553358,664.002835,38.0110547,35.5861848,110.103053,13.3235791,99.8323517,0.734375,-10.2707014,0.61328125,176.653769,636.569572,37.5599329,43.9004228,139.244138,13.2234631,125.259537,0.74609375,-13.984601,0.55078125,151.133208,821.002425,-0.451121846,12.0245131,49.8827095,-0.10011605,29.7274246,0.75,-20.1552849,0.8984375,-25.5205613,433.98313,3.66170651,0.582672844,7.86552114,0.132695926,0.210875449,0.111666066,4.98439705,0.11502956,4.07941383,0.626719029,9.35846352,0.125801732,-2.56794438,0.0754108558,4.60513577,0.108032652,2.29297987,0.607393611,3.67301868,0.114078185,4.5923069,0.121134384,3.12166849,0.0978586686,-1.78643396,-0.0193254183,-5.68544484,-0.0117235472,7.16025129,0.0457235281,-1.48346728,-0.0101739829,0.940434105,0.940434105,0,0.986547307,0.986547307,0,0.926737697,0.931972098,-3.90625,0.996700667,0.996700667,0,0.985136556,0.985136556,0,0.975848158,0.975848158,0,0.990069121,0.990069121,0,0.988137357,0.988226234,3.90625,0.97150435,0.97150435,0
VisualCogA_Task-1.mat,A,Task-1,44,R,1,-1,-1.44680163,10.3302641,34.5511999,-0.345110918,14.4728556,0.3359375,-20.0783443,0.421875,-94.7778377,557.323504,-1.9437893,8.57701291,29.0864134,-0.49136819,11.8456907,0.29296875,-17.2407227,0.37890625,-85.1760518,538.867362,22.0341424,10.6454135,38.6220973,5.53309468,40.7680969,0.34375,2.14599967,0.421875,-84.6632272,587.625757,23.9779317,7.50917243,29.7104716,6.02446287,35.7797899,0.37109375,6.06931829,0.5,0.512824645,422.712722,19.8004846,40.0279235,125.554686,6.9312972,105.771919,0.80859375,-19.7827663,0.578125,307.41584,738.929542,14.247771,43.6428413,135.367031,4.9674162,103.687698,0.80859375,-31.6793327,0.71484375,326.739797,799.298797,37.754407,38.4749897,127.736333,13.1898609,126.061882,0.8125,-1.67445087,0.640625,275.636309,808.602329,23.506636,11.3580575,49.3078461,8.22244469,48.1115265,0.72265625,-1.19631958,0.86328125,-51.1034883,489.906871,13.8704639,0.432074197,-1.98572404,0.159383712,-5.22201416,0.0997811826,5.16938618,0.221173917,8.01366301,0.255921939,3.37832571,0.24575221,1.93047018,0.137062056,3.86629289,0.281080321,11.1172456,0.548281318,-3.59948467,0.107606836,-6.32074709,0.0869203043,3.46734323,0.179389059,3.10358258,0.292359379,-6.97781038,-0.138145374,-8.25121727,-0.0501417521,-0.39894966,-0.101691263,0.884267657,0.884267657,0,0.941142728,0.941142728,0,0.714643751,0.724546528,-3.90625,0.985370621,0.985370621,0,0.993511689,0.993511689,0,0.969538665,0.969538665,0,0.961891781,0.961891781,0,0.986356756,0.986356756,0,0.93111983,0.93111983,0
VisualCogA_Task-1.mat,A,Task-1,45,L,0,-1,-4.76672442,7.52857218,28.4962111,-1.19379534,8.9787569,0.265625,-19.5174541,0.33203125,-45.1189427,480.63415,-3.44881856,6.33168417,23.777494,-0.854438572,7.6569438,0.29296875,-16.1205502,0.3359375,-20.6887759,479.65057,-22.6135641,9.38141315,34.2534733,-5.65682962,-4.76578712,0.26953125,-39.0192604,0.44140625,-84.5303786,436.988369,-19.1647456,5.61125194,21.2729375,-4.80239105,-7.53282356,0.26953125,-28.8057611,0.4765625,-63.8416027,277.795319,-2.43894759,4.80844299,29.8922691,-0.890930438,16.7424698,0.8984375,-13.1497993,0.71875,12.4196908,335.441309,2.70106997,6.21466493,33.9765439,0.894084191,28.4527855,0.8984375,-5.52375841,0.62109375,37.1475293,355.718355,-18.7552702,4.75961941,27.5379227,-6.56252997,-1.18115532,0.8984375,-28.7190781,0.71484375,23.8684129,344.1954,-21.4563402,3.47831231,16.9468295,-7.45661416,-14.7208407,0.55078125,-31.6676702,0.88671875,-13.2791164,255.193601,2.18721603,0.223962872,-1.98912283,0.0589753434,7.8952813,0.300617515,1.67687595,0.344952682,-9.63073252,0.0816849419,5.95884022,0.116131947,8.47098177,0.310413642,1.30140028,0.422538472,10.5126577,0.399694235,-2.04811841,0.090742555,3.1273356,0.262773618,2.02349648,0.170358797,20.1433902,0.318009293,-8.00695863,-0.0253893921,-5.34364617,-0.0476400243,0.722096197,-0.252179674,0.919393952,0.919393952,0,0.94305876,0.94305876,0,0.813255494,0.813255494,0,0.838257178,0.838257178,0,0.864546094,0.864546094,0,0.831276402,0.831276402,0,0.61646468,0.61646468,0,0.873780569,0.873780569,0,0.342184015,0.342184015,0
VisualCogA_Task-1.mat,A,Task-1,47,L,0,-1,6.10421129,8.0032555,32.5313311,1.53936697,17.3148556,0.2890625,-15.2164755,0.45703125,-82.2624138,356.242297,2.04718896,7.21292449,28.5575876,0.513904516,10.766736,0.29296875,-17.7908516,0.453125,-49.3504974,358.103599,3.32783136,7.21099697,30.1432028,0.853844654,13.8109312,0.296875,-16.3322716,0.45703125,-64.588907,336.027796,1.2806424,3.74603843,16.0254311,0.339940138,9.63855071,0.31640625,-6.3868804,0.5,-15.2384095,216.141687,3.3207706,9.90203973,40.4403458,1.11108317,24.1743755,0.8984375,-16.2659702,0.76171875,-2.19054331,545.622358,6.43129888,8.77382889,32.576396,2.21617042,23.4116783,0.62890625,-9.16471767,0.578125,3.59551518,491.952159,0.985359248,9.2334919,36.1585903,0.332732012,21.297348,0.62890625,-14.8612423,0.57421875,-28.2785683,437.840796,-5.44593963,5.52532606,23.7485867,-1.8834384,2.31479836,0.76171875,-21.4337883,0.83203125,-31.8740835,248.47071,3.22938508,0.346635718,-2.44158901,0.140306717,-5.62971966,0.301185686,-6.53351596,0.121652513,5.26777282,0.394533248,0.757698666,0.133726845,-4.01250401,0.260480824,-5.5900139,0.125577855,6.19826927,0.298432926,2.03671921,0.190131303,-6.82275754,0.28482721,-6.87616075,0.131295331,0.930496444,-0.0961003217,1.27902054,0.0564044579,-2.81025353,0.024346386,-1.28614685,0.00571747621,0.918015908,0.918015908,0,0.961201718,0.961201718,0,0.865101336,0.866185547,-3.90625,0.950885511,0.950885511,0,0.79838132,0.79838132,0,0.812882446,0.812882446,0,0.819986841,0.819986841,0,0.800192628,0.800192628,0,0.581119721,0.581119721,0
VisualCogA_Task-1.mat,A,Task-1,48,R,1,-1,1.01117456,7.94246065,37.1841631,0.295996341,15.7530336,0.46484375,-21.4311295,0.5,-4.85323352,575.738477,-4.21535244,6.47098929,23.8453612,-1.02444406,6.77929258,0.35546875,-17.0660686,0.5,1.73413101,582.349243,0.518025599,8.37837064,37.7505589,0.179156327,18.0063229,0.390625,-19.744236,0.5,-2.28093237,610.820929,4.73337804,6.99099981,27.2922525,1.20360039,17.5180414,0.38671875,-9.77421117,0.41796875,-4.01506338,572.036737,24.7918687,34.204587,111.390961,8.63977273,91.5797806,0.796875,-19.8111801,0.63671875,228.962455,817.864754,25.1904438,37.1869337,126.095013,8.78868919,100.095879,0.78515625,-25.9991341,0.62890625,230.348253,955.36875,25.795813,36.5518572,120.46309,9.016831,104.949165,0.79296875,-15.5139246,0.578125,244.393538,896.32847,0.60536917,9.41206293,38.9882684,0.228141812,22.0694451,0.6171875,-16.9188232,0.7578125,14.0452845,543.161037,2.51839314,0.130725991,2.01052012,0.136664704,2.83672508,0.375865715,1.29559152,0.26708495,-3.03215206,0.123656611,-1.943239,0.177902268,3.53204428,0.27179432,2.36773977,0.360604029,13.9874358,0.216215414,6.63608557,0.135892497,2.04472891,0.231919325,1.29294649,0.31458743,17.0195879,0.0925588024,8.57932458,-0.0420097712,-1.48731537,-0.0398749954,-1.07479328,-0.0460165994,0.708372168,0.71531254,-3.90625,0.948457225,0.948457225,0,0.582819781,0.668023462,3.90625,0.98216473,0.987371694,3.90625,0.990187679,0.990187679,0,0.967561703,0.971278511,-3.90625,0.976340313,0.976340313,0,0.987812805,0.987812805,0,0.961056058,0.961056058,0
VisualCogA_Task-1.mat,A,Task-1,49,L,0,-1,-2.31416008,4.68078695,21.2209787,-0.562410744,5.43049812,0.3359375,-15.7904806,0.25,5.1830264,381.411702,9.12253392,5.31514727,22.4888291,2.30241909,16.4891472,0.3359375,-5.99968195,0.25,-3.0906144,320.940123,-8.46914978,4.74605491,20.2936895,-2.10181978,-0.630800486,0.421875,-20.92449,0.25,16.2605863,424.531438,-17.5916837,3.9686004,15.6788108,-4.40423887,-9.96298671,0.4765625,-25.6417975,0.28515625,19.3512007,290.449011,1.12519903,6.27658649,25.9101362,0.36761826,14.9129887,0.8984375,-10.9971476,0.71484375,-7.92774354,535.339327,11.5676151,7.15115853,36.4607773,4.01920212,30.5046673,0.640625,-5.95611,0.7890625,-6.67756571,566.006553,-0.150055972,6.86724165,28.2456007,-0.0758647484,14.7697544,0.8984375,-13.4758463,0.75,-14.4150797,462.932621,-11.7176711,8.74117792,43.2808461,-4.09506687,11.8160596,0.79296875,-31.4647865,0.74609375,-7.73751403,487.849824,14.2706356,0.385629758,2.68959088,0.157886775,0.383599074,0.109865114,0.31444205,0.262183496,5.30549556,0.415261366,0.585371317,0.16863031,0.526463448,0.103918996,0.962433172,0.223988209,7.91342344,0.394559258,-1.15494398,0.113751958,3.49857266,0.139163765,-1.93706733,0.277379026,2.60792788,-0.0207021084,-1.7403153,-0.0548783519,2.97210921,0.0352447694,-2.8995005,0.0533908175,0.834824024,0.834824024,0,0.91882424,0.91882424,0,0.694245327,0.694245327,0,0.637032972,0.637032972,0,0.828268181,0.828268181,0,0.222871608,0.338371915,-54.6875,0.835287933,0.835287933,0,0.854617845,0.854617845,0,0.55178065,0.55178065,0
VisualCogA_Task-1.mat,A,Task-1,50,L,0,-1,-3.86211484,10.1378459,32.1833658,-0.972913771,15.5049582,0.4140625,-16.6784077,0.26953125,33.4225677,611.655487,6.30663236,7.17374155,28.9058132,1.56666101,20.8018322,0.33984375,-8.10398102,0.44921875,-40.9795411,475.134317,-19.5636892,12.5269646,46.3578644,-4.87985549,7.76409149,0.33984375,-38.5937729,0.46875,-60.7745399,679.50513,-25.8703216,6.79643232,25.2295895,-6.44651649,-12.8854022,0.34375,-38.1149917,0.4765625,-19.7949988,392.441834,0.224752527,6.10962877,27.6314764,0.0776151072,12.3132286,0.71875,-15.3182478,0.859375,16.5069033,409.632259,-20.0166663,9.07557894,44.0320039,-6.97919969,-1.24575567,0.55078125,-45.2777596,0.859375,-67.2766342,418.215449,-53.2336143,9.1725269,38.5367317,-18.50592,-37.9809914,0.55078125,-76.5177231,0.859375,-73.5998365,445.45318,-33.216948,4.58668024,16.9849668,-11.5267203,-24.1701202,0.65625,-41.155087,0.59765625,-6.32320237,315.588111,10.9154776,0.215080009,5.14551809,0.133045596,1.75189755,0.287589938,5.81219466,0.269409783,8.19079285,0.528988383,4.59940507,0.0720918242,6.40761314,0.130463556,2.47634794,0.210947805,-2.00217023,0.329785712,0.940176373,0.143142363,0.136380676,0.246578774,5.18928066,0.204624062,-10.1929631,-0.199202671,-3.6592287,0.071050539,-6.27123247,0.116115219,2.71293272,-0.00632374291,0.733094669,0.733094669,0,0.794616081,0.794616081,0,0.90244002,0.90244002,0,0.291450493,-0.429606608,31.25,0.231469694,-0.462967086,31.25,0.873698203,0.873698203,0,0.427890377,0.427890377,0,0.447431465,0.447431465,0,0.953637031,0.953637031,0
VisualCogA_Task-1.mat,A,Task-1,51,R,1,-1,14.419986,10.8822664,37.4762883,3.65343041,33.3962822,0.28515625,-4.08000612,0.44921875,-81.4570519,469.175274,-34.6973648,20.7304535,72.0752381,-8.63182946,1.95037544,0.28125,-70.1248627,0.5,-265.710361,501.80342,-17.3745246,24.2586858,77.8873672,-4.29656184,21.9247475,0.2890625,-55.9626198,0.5,-307.783387,473.732712,17.3228402,5.13172876,23.7426472,4.33526761,31.5560856,0.296875,7.81343842,0.45703125,-42.0730251,346.311337,-0.419837807,6.19361801,27.7470427,-0.105584196,12.8118973,0.76953125,-14.9351454,0.55078125,-2.61623144,428.862622,-93.5203338,8.70342344,32.2267914,-32.4792254,-80.2077179,0.69921875,-112.434509,0.890625,-68.5142541,346.321629,-80.9574354,10.2546226,36.4357529,-28.121596,-64.112587,0.58984375,-100.54834,0.80078125,-76.9512221,410.600948,12.5628983,7.05917608,26.2834854,4.35762933,20.9902267,0.8515625,-5.29325867,0.80078125,-8.43696796,335.359024,6.77812009,0.351453156,6.70830228,0.133580052,4.96246184,0.320956256,-0.802748167,0.122389455,-4.56739254,0.775346605,-0.900910948,0.0505105508,3.1920405,0.0753157027,-1.58564263,0.0541737318,-6.92963849,0.695647441,-1.95541064,0.0827816864,3.76190375,0.113732885,-0.428928609,0.0609512686,-2.36224596,-0.0796991639,-1.05449969,0.0322711357,0.569863248,0.0384171827,1.15671402,0.00677753674,0.78467666,0.802403104,3.90625,0.809491214,0.813584216,3.90625,0.986193682,0.986193682,0,0.495684076,0.495684076,0,0.542417902,0.55347502,3.90625,0.734310497,0.734310497,0,0.345075353,0.379482053,78.125,0.411960298,0.41536417,3.90625,0.990336916,0.990336916,0
VisualCogA_Task-1.mat,A,Task-1,52,R,1,-1,-18.9540492,10.8222971,34.5753896,-4.71731718,-2.2117312,0.3125,-36.7871208,0.4375,-122.250773,408.040709,189.922279,6.93142281,28.9159241,47.5201941,201.424622,0.34765625,172.508698,0.25390625,22.3554172,353.644897,204.972387,17.3641555,66.8445892,51.3075932,223.991257,0.4609375,157.146667,0.25,201.451607,502.042908,15.0501082,13.6103769,49.0989685,3.78739914,33.4944763,0.45703125,-15.6044922,0.25,179.09619,264.620789,-1.30938937,39.3542546,124.658813,-0.459554137,83.5524597,0.83203125,-41.1063538,0.73046875,324.162803,705.335477,168.342915,23.7497702,104.848572,58.5265194,227.977951,0.82421875,123.129379,0.734375,91.7618448,751.321366,212.293267,28.2069346,114.33934,73.8333769,284.584137,0.82421875,170.244797,0.73046875,120.832993,741.321673,43.9503521,7.751598,28.8670502,15.3068575,60.3221436,0.8046875,31.4550934,0.66796875,29.0711482,395.167003,12.4346089,0.508227741,-2.74734632,0.145034134,-2.84988097,0.167072903,-5.69442737,0.115282546,-3.5942302,0.90388367,-6.24498256,0.025498028,-1.9621816,0.0205796221,-7.72911266,0.013973608,-0.145767188,0.92380587,-4.12383513,0.0161030008,-4.50754628,0.00643551805,-4.74848107,0.0106415882,3.44846301,0.0199221995,2.12114743,-0.00939502721,-2.54536468,-0.0141441041,2.98063159,-0.00333201979,0.312814098,-0.551412548,78.125,-0.446839819,-0.709695854,27.34375,0.68261248,0.68261248,0,0.825090237,0.825090237,0,0.843145729,0.849973726,3.90625,0.969980248,0.969980248,0,0.181999823,-0.240873842,78.125,0.129190397,-0.153818489,-78.125,0.897065884,0.897065884,0
VisualCogA_Task-1.mat,A,Task-1,54,L,0,-1,-16.481975,6.67609082,26.6503439,-4.12849076,-5.33096027,0.328125,-31.9813042,0.44140625,-22.1511859,381.296537,51.351154,7.72493322,33.6601601,12.8537405,64.0975189,0.5,30.4373589,0.25,54.0686945,422.952652,161.043084,6.06212529,26.938858,40.2868933,172.560898,0.33203125,145.62204,0.44140625,-13.5900754,389.958069,109.69193,6.90774896,24.3535347,27.4331528,120.186665,0.34765625,95.8331299,0.5,-67.6587699,341.51265,-16.954743,6.42812727,28.5748036,-5.88981054,-0.783533812,0.58203125,-29.3583374,0.7578125,-19.4141355,505.059932,37.641572,13.9977924,53.0630054,13.05669,65.2003555,0.58203125,12.1373501,0.76171875,-77.2916449,519.764264,113.936978,22.7647251,82.1818314,39.645479,150.447571,0.58203125,68.2657394,0.8984375,-206.601985,519.470176,76.2954062,21.2560992,73.6314068,26.588789,107.181112,0.69921875,33.5497055,0.8984375,-129.31034,499.888436,5.60830664,0.160895642,3.91083152,0.283768307,-3.25105644,0.20807822,0.491393878,0.261944953,5.3938607,0.61650865,-0.0873435528,0.0998493652,-1.60138965,0.14079931,-5.18057249,0.0656852298,-3.17549176,0.813713364,-1.81062461,0.05370808,-3.16360775,0.0248731912,1.80020198,0.0523878411,-8.56935246,0.197204714,-1.72328106,-0.0461412852,-1.5622181,-0.115926119,6.98077447,-0.0132973887,0.56882225,0.56882225,0,0.774228508,0.774385347,-3.90625,0.520045559,0.520045559,0,0.586687545,0.586687545,0,0.501685493,0.501685493,0,0.411649604,0.642339626,-78.125,0.339895018,0.339895018,0,0.132796867,0.132796867,0,0.754116199,0.754116199,0
VisualCogA_Task-1.mat,A,Task-1,55,R,1,-1,-4.64519989,10.5907211,37.2781525,-1.17306216,13.4505501,0.3828125,-23.8276024,0.4453125,-44.8756948,480.903136,8.8001074,15.9496225,63.6231098,2.23182302,32.0743637,0.33203125,-31.5487461,0.28125,70.0270767,652.482673,11.2346072,12.5243292,43.4242258,2.77896111,29.8770199,0.25,-13.5472059,0.4453125,-137.645008,490.409203,2.43449978,22.3658984,75.9530916,0.547138084,53.8375187,0.28515625,-22.1155729,0.33984375,-207.672085,724.749475,-9.93926755,5.82537559,22.7145424,-3.42495965,0.764879227,0.7109375,-21.9496632,0.89453125,-26.6047018,314.053447,-6.8962125,10.0006532,40.8097029,-2.34363956,10.1024218,0.71484375,-30.7072811,0.89453125,-71.5730486,376.620949,-4.90390332,5.21692778,21.6243944,-1.68714545,6.34559917,0.63671875,-15.2787952,0.81640625,-10.9102807,341.580884,1.99230918,9.17076904,32.1524051,0.656494111,20.6252807,0.8671875,-11.5271244,0.69140625,60.662768,345.667628,-2.49785435,0.261007326,3.24200113,0.220669107,6.14965294,0.21854041,2.44243929,0.211161358,3.19115969,0.544231854,4.40965047,0.106507693,7.22730371,0.12564553,5.56968031,0.132724123,-4.11530062,0.249605314,6.48090963,0.156406837,10.941368,0.297548493,2.87472869,0.220214897,-7.3064603,-0.294626541,2.07125915,0.0498991438,3.71406426,0.171902962,-2.69495162,0.0874907745,0.652816798,0.652816798,0,0.549577313,0.552046493,3.90625,-0.222729475,-0.386606843,-23.4375,0.805801161,0.805801161,0,0.763977594,0.763977594,0,0.413304351,0.555589,78.125,0.745427502,0.745427502,0,0.383559137,-0.414783488,-78.125,-0.104908876,-0.548490191,-78.125
VisualCogA_Task-1.mat,A,Task-1,56,L,0,-1,9.22883214,8.23893785,30.0729039,2.31684107,26.7163792,0.36328125,-3.35652471,0.31640625,5.74506747,463.981015,43.5594697,9.52719979,37.9695206,10.9333236,56.5363579,0.33984375,18.5668373,0.265625,55.1124974,470.907837,13.0682972,10.5038397,37.2117167,3.26474924,33.9273643,0.36328125,-3.2843523,0.3125,35.5202724,512.754957,-30.4911725,9.2112787,35.0409949,-7.66857436,-13.8558431,0.26171875,-48.8968379,0.40234375,-19.592225,448.379887,12.5521171,6.11613555,21.8534255,4.3818091,22.1001568,0.609375,0.246731281,0.78125,-4.60886269,365.726326,48.2351429,8.01238013,28.964325,16.7726477,63.1033707,0.66015625,34.1390457,0.74609375,-53.2681226,364.987327,31.5849321,9.01726831,36.5280237,11.0178012,48.7763519,0.7109375,12.2483282,0.55078125,26.6451365,457.5495,-16.6502108,12.8164429,49.9794054,-5.75484656,4.45628357,0.73828125,-45.5231218,0.55078125,79.9132591,495.075593,-1.67124869,0.175643404,3.65816255,0.210332702,1.24223327,0.329557748,2.06421778,0.175871771,1.00628044,0.407047935,1.7764892,0.145722225,-0.478293817,0.174973838,2.15543784,0.212611328,-2.44455708,0.185156762,9.61767357,0.19431845,0.769238506,0.376801023,-0.467052594,0.139149049,-3.45083752,-0.221891174,7.84118437,0.048596225,1.24753232,0.201827185,-2.62249043,-0.0734622792,0.713200266,0.740040414,3.90625,0.910963102,0.910963102,0,0.580833402,0.606461545,-3.90625,0.239574485,0.489767429,-78.125,0.842987232,0.842987232,0,-0.129770957,-0.717436693,27.34375,0.0344419703,-0.340683245,-35.15625,0.689952664,0.689952664,0,0.397381252,0.418031005,-7.8125
VisualCogA_Task-1.mat,A,Task-1,57,L,0,-1,3.75267242,5.12042508,21.5209026,0.97046117,12.4017935,0.42578125,-9.11910915,0.25,1.40772512,371.480964,-9.98394102,3.22227272,12.0565517,-2.48291072,-3.84394097,0.3828125,-15.9004927,0.40234375,0.342607714,345.417868,-1.10046657,5.67555703,21.6372128,-0.248720628,8.11025047,0.30078125,-13.5269623,0.48828125,-32.7822954,339.726588,8.88347444,4.95460393,20.409915,2.2341901,21.2717133,0.296875,0.861798286,0.484375,-33.1249032,319.277238,46.1095274,38.8584426,129.275222,16.1792352,132.047882,0.6953125,2.77266002,0.828125,-53.7798544,878.39068,30.6543803,39.352651,126.049029,10.8103009,112.647453,0.6953125,-13.401576,0.55078125,-45.8098739,836.613008,40.7066422,44.3520113,149.886633,14.3051539,138.249939,0.6953125,-11.636694,0.83203125,-91.4001402,927.149084,10.0522618,8.58773727,36.5572019,3.49485299,28.2445297,0.65234375,-8.31267214,0.84375,-45.5902664,480.258566,10.8420585,0.709311767,6.61298387,0.0905843617,-0.327216741,0.070209008,4.68706943,0.0692018322,8.27287099,0.729408845,5.94169097,0.0928516234,4.77006533,0.0437869973,3.69457227,0.0830999644,7.20186635,0.760303266,5.4616747,0.066232648,-2.46336002,0.0747050023,0.821383575,0.0426225739,-1.07100463,0.0308944201,-0.480016263,-0.0266189754,-7.23342534,0.030918005,-2.87318869,-0.0404773904,0.774805831,0.774805831,0,0.803373793,0.803373793,0,0.493402748,0.493402748,0,0.996438804,0.996438804,0,0.99274362,0.99274362,0,0.986032861,0.986032861,0,0.988510316,0.988510316,0,0.986314051,0.986314051,0,0.983303861,0.983303861,0
VisualCogA_Task-1.mat,A,Task-1,58,R,1,-1,-0.431500391,4.66942174,16.1915145,-0.0822395691,7.59151602,0.421875,-8.59999847,0.453125,-5.66047198,267.938148,-4.06394015,3.99280468,14.6305017,-0.995038451,3.43623638,0.39453125,-11.1942654,0.46484375,-1.8239439,272.905789,-8.38756328,3.85800068,17.3355857,-2.07129117,-0.2459573,0.39453125,-17.581543,0.5,-5.47838351,281.826871,-4.32362313,2.61311838,10.3433101,-1.07625272,1.61710167,0.47265625,-8.72620845,0.32421875,-3.65443961,184.81351,23.1638416,29.3099819,100.447675,8.09139584,85.3599014,0.76953125,-15.0877733,0.67578125,149.936112,723.454875,22.5896695,30.1950835,102.902208,7.90575859,90.1907349,0.765625,-12.7114735,0.67578125,156.366054,716.042628,20.7585534,32.122883,110.265434,7.26406045,89.7931061,0.76953125,-20.4723282,0.671875,168.01303,776.722109,-1.83111614,5.07906861,16.928622,-0.641698138,6.58811641,0.703125,-10.3405056,0.63671875,11.6469759,223.887453,-0.0865878771,0.193226148,2.03321597,0.362900799,1.99280908,0.204706808,-4.58775978,0.136363406,5.62755566,0.333768881,1.63447693,0.295398565,-1.68677847,0.128262251,-4.6514265,0.133339355,1.19525886,0.20217966,2.92591233,0.280071315,5.54181171,0.277239878,-3.15745534,0.147969044,-4.4322968,-0.131589222,1.29143541,-0.0153272499,7.22859018,0.148977628,1.49397116,0.0146296886,0.934383663,0.934383663,0,0.84856715,0.84856715,0,0.778950011,0.778950011,0,0.995005845,0.995005845,0,0.996137352,0.996137352,0,0.988617735,0.988617735,0,0.992150628,0.992150628,0,0.988201642,0.988201642,0,0.985246579,0.985246579,0
VisualCogA_Task-1.mat,A,Task-1,59,R,1,-1,-1.2283091,8.05788177,27.0322495,-0.280766384,11.2737303,0.328125,-15.7585192,0.3984375,9.56377371,510.464961,-3.65376667,6.85601961,24.3207397,-0.917847568,9.52616215,0.375,-14.7945776,0.265625,50.188084,499.230631,0.239964911,8.86382252,33.5229664,0.104916198,15.2094269,0.328125,-18.3135395,0.3984375,-2.4242263,544.765819,3.89373159,7.47322203,31.0309896,1.02276377,12.7725524,0.3203125,-18.2584372,0.5,-52.6123103,339.613824,32.7172138,43.7508047,135.21545,11.5323418,116.19294,0.75390625,-19.0225105,0.65625,211.371438,911.539362,34.4406296,37.7399248,123.05125,12.1011839,109.956985,0.76171875,-13.094264,0.5625,191.473915,817.769663,36.1706847,51.7592114,156.029413,12.7616168,135.839981,0.75390625,-20.1894321,0.65625,198.876789,1044.56627,1.73005508,16.9423564,58.3223648,0.660432937,31.2003937,0.74609375,-27.1219711,0.89453125,7.40287393,463.422429,15.7618298,0.396514052,-5.31725556,0.163440016,-3.25010929,0.216990025,-1.72173961,0.124651569,0.762499111,0.379003645,0.51640273,0.166541798,-4.58472403,0.119069796,-0.564080548,0.261257197,18.4216233,0.461575027,-1.04649851,0.133467341,-0.552410302,0.22375784,-2.30555752,0.0949244154,17.6591242,0.0825713818,-1.56290124,-0.0330744569,4.03231373,0.104688043,-1.74147697,-0.166332781,0.742597507,0.752346346,-3.90625,0.954185716,0.954185716,0,0.573660411,0.635576554,3.90625,0.995309167,0.995309167,0,0.986984474,0.986984474,0,0.976834349,0.976834349,0,0.980717013,0.980717013,0,0.987222707,0.989741766,3.90625,0.95918844,0.964040778,3.90625
VisualCogA_Task-1.mat,A,Task-1,61,R,1,-1,3.70329263,13.1025268,41.2174435,0.983595095,25.4105377,0.30859375,-15.8069057,0.453125,-55.9669737,668.287439,-29.264023,16.2054751,46.5717759,-7.24329187,-7.51472235,0.37109375,-54.0864983,0.453125,-120.977814,548.957233,1.52116775,14.5935394,56.5146713,0.410331444,32.8155556,0.3046875,-23.6991158,0.453125,-108.471575,738.601934,30.7851907,12.0462971,39.0656347,7.65362332,45.7411985,0.5,6.67556381,0.34765625,12.5062381,478.242228,-2.36740536,9.1749619,40.3394661,-0.823904638,22.1364422,0.58203125,-18.2030239,0.69140625,-11.8443906,625.472643,-53.6688819,11.3834029,46.6316166,-18.7133799,-26.9998684,0.8984375,-73.631485,0.69140625,36.2405897,508.032331,-8.1440315,7.793074,31.8486996,-2.83614047,6.56876183,0.66796875,-25.2799377,0.62109375,0.23759655,555.348772,45.5248504,11.4808882,38.5641508,15.8772395,66.3835659,0.66796875,27.8194151,0.83203125,-36.0029932,333.213341,8.21272316,0.23113339,11.8863517,0.201298915,1.40660957,0.377744963,-0.702521264,0.0964143557,19.6549035,0.370664333,3.86958439,0.313158733,-2.61984071,0.139019133,-2.01191136,0.0841568348,6.06852465,0.170521206,7.5996056,0.157446655,-0.410801931,0.445379384,0.934417954,0.138067734,-13.5863789,-0.200143127,3.73002121,-0.155712078,2.20903878,0.306360251,2.94632932,0.0539108987,0.871815362,0.871815362,0,0.849259749,0.849259749,0,0.698693855,0.698693855,0,0.641976014,0.641976014,0,0.811361634,0.811361634,0,0.329737056,-0.404144544,-39.0625,0.521334823,0.521334823,0,0.76684774,0.76684774,0,0.606705553,0.606705553,0
VisualCogA_Task-1.mat,A,Task-1,62,L,0,-1,-9.14268629,8.35903859,33.6880836,-2.26558002,8.69560623,0.359375,-24.9924774,0.44140625,-32.8821359,476.066206,-0.701745841,6.00789667,27.1256313,-0.192799765,10.4757671,0.359375,-16.6498642,0.4375,-9.79211413,484.336625,-8.45462244,7.70663705,25.276474,-2.07377801,5.23109818,0.390625,-20.0453758,0.25,-10.688122,390.79523,-7.7528766,8.19696506,30.789897,-1.88097824,6.32501221,0.3359375,-24.4648848,0.25,-0.896007825,531.969225,26.9218498,40.2558213,125.561622,9.4844724,110.886375,0.77734375,-14.6752462,0.60546875,235.312729,836.585239,32.0783352,36.0873498,119.106095,11.2979539,108.731339,0.7734375,-10.3747568,0.55078125,205.769615,826.634855,30.8579604,43.4372329,134.490095,10.8669802,121.143486,0.77734375,-13.3466091,0.55078125,242.300315,925.187753,-1.22037474,11.0822784,48.6716089,-0.430973654,28.2680283,0.80078125,-20.4035807,0.62109375,36.5307004,537.457128,5.52989911,0.308707888,10.8682121,0.313982567,-1.83760298,0.18907445,-5.18551802,0.0916746481,9.1137364,0.335511254,1.61023359,0.131769758,-0.912124131,0.204165001,-3.52361103,0.23409441,22.0857302,0.30757368,12.3767603,0.317054375,0.440599158,0.172487924,-4.05659558,0.0940934515,12.9719938,-0.0279375735,10.7665267,0.185284617,1.35272329,-0.0316770765,-0.532984554,-0.140000959,0.683460916,0.683460916,0,0.842479079,0.842479079,0,0.305576952,0.328433176,3.90625,0.984501198,0.984501198,0,0.997381757,0.997381757,0,0.978055951,0.978055951,0,0.973954682,0.973954682,0,0.990858178,0.990858178,0,0.951806916,0.951806916,0
VisualCogA_Task-1.mat,A,Task-1,63,R,1,-1,-8.16282819,6.26733856,27.2055292,-2.03967243,4.82291889,0.296875,-22.3826103,0.4375,-30.7754682,544.751069,-64.7480115,8.76082786,33.3194847,-16.1990545,-49.0044212,0.296875,-82.3239059,0.4375,-90.4854496,480.157227,-100.19693,8.74210852,32.5610199,-25.0344433,-85.3079987,0.33203125,-117.869019,0.44140625,-79.994137,607.377777,-35.4489183,6.42763924,23.2795944,-8.83538876,-20.7461472,0.328125,-44.0257416,0.359375,10.4913126,457.040375,21.2742423,29.2775947,94.5775032,7.51040659,81.6476364,0.7421875,-12.9298668,0.56640625,58.0458929,706.872675,-47.7198528,27.532834,98.2733269,-16.4925078,16.6716042,0.73828125,-81.6017227,0.5703125,51.4199231,669.204178,-77.318117,31.2606165,102.921784,-26.791225,-13.7552633,0.73828125,-116.677048,0.640625,82.8522015,738.419796,-29.5982643,9.66271886,46.0329437,-10.2987173,-9.15445328,0.6953125,-55.187397,0.64453125,31.4322784,586.906255,2.70543248,0.548375929,-1.18821281,0.0917091032,1.17259039,0.0737052985,1.17935554,0.265333618,4.93956979,0.677897984,4.89306129,0.0810520066,-3.62146631,0.040299839,1.12253878,0.166376549,5.28301445,0.723980357,-1.04754138,0.0665211765,1.04201794,0.0461716871,2.95973692,0.135502051,0.343444655,0.0460823729,-5.94060268,-0.0145308301,4.66348425,0.00587184809,1.83719814,-0.0308744984,0.690032974,0.690032974,0,0.880838744,0.880838744,0,0.73028322,0.73028322,0,0.97596043,0.97596043,0,0.971786761,0.971786761,0,0.953832703,0.953832703,0,0.769346492,0.769346492,0,0.710525588,0.710525588,0,0.94911746,0.94911746,0
VisualCogA_Task-1.mat,A,Task-1,64,R,1,-1,12.5247274,12.1248516,45.3617258,3.1193755,32.3849983,0.32421875,-12.9767275,0.4296875,-108.155691,479.179693,24.7362771,12.8920144,48.2265108,6.16468065,51.2647514,0.31640625,3.03824067,0.4296875,-99.2924459,492.576689,16.2580311,11.2293955,39.0163453,4.06443291,37.432251,0.32421875,-1.58409429,0.42578125,-92.1449569,454.11264,-8.478246,7.08083008,25.1155987,-2.10024774,2.14783287,0.3828125,-22.9677658,0.30078125,7.14748893,375.793661,14.7081763,29.0992186,104.301767,5.15909665,75.7836456,0.7578125,-28.5181217,0.6875,152.87056,779.221663,43.8605845,28.5178154,95.7881174,15.3251524,103.511101,0.7578125,7.72298336,0.63671875,141.301939,684.804364,11.3018327,29.7115012,109.591457,3.96745752,75.1883698,0.7578125,-34.4030876,0.68359375,149.734454,830.601184,-32.5587518,6.19512943,23.8855076,-11.3576949,-20.0037851,0.5625,-43.8892927,0.68359375,8.43251566,405.676834,5.85471164,0.456051261,-6.24426115,0.159605332,-0.637272893,0.119478991,-6.00114792,0.177543739,17.8533613,0.491368675,-2.48910109,0.173574553,2.05056001,0.149425659,-12.4778586,0.0800236945,7.53928943,0.512629267,-5.18534873,0.124707962,-0.129036457,0.101170547,-6.47074546,0.20072397,-10.3140719,0.0212605918,-2.69624764,-0.0488665912,-2.17959647,-0.0482551113,6.00711314,0.120700275,0.927953784,0.93694272,3.90625,0.950035673,0.950035673,0,0.836381821,0.885978054,-7.8125,0.979244852,0.981544528,3.90625,0.995738541,0.995738541,0,0.978192829,0.978192829,0,0.897361082,0.897361082,0,0.976242392,0.976242392,0,0.820711314,0.820711314,0
VisualCogA_Task-1.mat,A,Task-1,65,L,0,-1,2.22581527,9.90464342,32.7100859,0.570868323,19.2747078,0.27734375,-13.4353781,0.49609375,-120.51908,334.843216,13.060022,4.94981609,22.8968972,3.27693649,24.1278553,0.2734375,1.2309581,0.4375,-38.4415464,333.988156,15.3301634,5.11917761,20.0742822,3.84598117,25.8138618,0.2734375,5.73957968,0.5,-45.7216144,327.253675,2.27014138,2.66532625,9.1084938,0.569044678,7.28370476,0.31640625,-1.82478905,0.5,-7.280068,254.361205,-1.30963775,7.91856915,37.5049877,-0.44669824,16.6931286,0.7890625,-20.8118591,0.6015625,28.3920508,525.302088,13.0183737,7.91133172,36.7629123,4.50529804,30.1371746,0.8984375,-6.62573767,0.6015625,42.4383406,496.594251,11.1274018,7.54495433,34.1178522,3.8761825,25.7613316,0.78515625,-8.35652065,0.6015625,-0.819291908,564.906502,-1.89097188,6.55794572,25.0709462,-0.629115541,10.0104871,0.7109375,-15.0604591,0.82421875,-43.2576325,267.555275,4.2488742,0.322113577,-1.47718086,0.146359842,1.89818528,0.09511955,-0.659159319,0.387433071,-7.95586628,0.224126168,-4.99677616,0.151201715,1.20135717,0.0908582693,-1.14241918,0.477892901,-4.54499371,0.257356113,-2.03427306,0.13381989,-1.30670643,0.08723933,0.578241288,0.468102839,3.41087257,0.0332299447,2.9625031,-0.0173818255,-2.5080636,-0.0036189393,1.72066047,-0.00979006251,0.804751318,0.804751318,0,0.877878305,0.877878305,0,0.860387464,0.860387464,0,0.874048852,0.874048852,0,0.847680322,0.847680322,0,0.640878183,0.640878183,0,0.461130211,0.461130211,0,0.64160604,0.64160604,0,0.701138485,0.701138485,0
VisualCogA_Task-1.mat,A,Task-1,66,R,1,-1,-0.720374516,10.1169405,34.7562513,-0.166779777,15.6288519,0.3828125,-19.1273994,0.32421875,0.933224765,621.155938,-13.2648809,8.29512787,32.6522765,-3.30794229,3.7302146,0.28125,-28.9220619,0.32421875,-48.4018377,532.017244,-39.9600264,10.4195707,36.761713,-9.96745444,-20.9594784,0.28515625,-57.7211914,0.328125,-69.9802675,524.747894,-26.6951455,4.14859372,16.7466078,-6.65951215,-17.7885122,0.30859375,-34.53512,0.4921875,-21.5784298,292.36281,23.6881642,34.499965,109.33497,8.24002846,93.4014587,0.80859375,-15.9335117,0.55859375,276.117104,654.575481,-13.7332717,28.737038,97.4626503,-4.77443159,50.5305557,0.8125,-46.9320946,0.7265625,195.042048,581.930647,-33.4074818,36.3969845,109.072598,-11.6024387,38.1671181,0.80859375,-70.9054794,0.55859375,292.770102,636.076527,-19.6742101,10.8615657,35.8228645,-6.82800706,-3.40323639,0.85546875,-39.2261009,0.5625,97.7280536,308.728073,-1.07247939,0.205549826,6.56929792,0.115214122,0.748708335,0.426180526,2.85302302,0.157506408,17.284951,0.531021022,2.58973004,0.0569283795,-2.3764891,0.20908298,1.67560655,0.130816376,8.6861994,0.556037273,7.1430389,0.0577822531,1.24167121,0.240113192,1.1374014,0.0654344367,-8.59875159,0.0250162511,4.55330886,0.00085387366,3.61816031,0.0310302119,-0.538205147,-0.0653819397,0.824484913,0.849752582,3.90625,0.84101615,0.84101615,0,0.926545602,0.962790833,-3.90625,0.972518714,0.972518714,0,0.995144052,0.995144052,0,0.971652895,0.971652895,0,0.744394193,0.744394193,0,0.833947562,0.833947562,0,0.9648852,0.9648852,0
VisualCogA_Task-1.mat,A,Task-1,67,L,0,-1,-2.06326767,6.41532222,27.9711885,-0.492442199,10.0109091,0.3203125,-17.9602795,0.49609375,-62.0530685,311.139136,11.4530632,4.81134682,23.1627284,2.89215088,21.5837803,0.3203125,-1.57894814,0.49609375,-21.7165973,303.048033,16.1755761,5.5161982,24.3853656,4.06082883,25.7854233,0.375,1.40005767,0.49609375,-49.7203731,328.998011,4.72251291,4.40689824,16.8357725,1.16867795,15.5159702,0.37109375,-1.31980228,0.46875,-28.0037758,246.377297,-2.21170386,9.15089155,47.5580139,-0.767795919,23.7430801,0.87890625,-23.8149338,0.66796875,27.4275562,577.103165,6.0954684,12.7923218,46.6902838,2.08625968,32.0949898,0.87890625,-14.595294,0.8515625,-50.1818038,542.09793,15.9164969,9.7568546,46.5117083,5.55607888,34.5486298,0.875,-11.9630785,0.671875,25.4453112,592.993831,9.82102853,13.9784342,40.751235,3.4698192,31.2915936,0.74609375,-9.45964146,0.55859375,75.627115,425.629484,1.82494233,0.106925994,-5.94938208,0.155657415,-6.30444083,0.156137019,-2.47919661,0.506661368,2.66634261,0.229979274,-1.23711049,0.16778052,-2.58567943,0.129549238,-3.22296398,0.38215325,2.88059851,0.27676387,-4.04216015,0.106991158,-4.83031243,0.156893587,-3.52648037,0.379380143,0.214255898,0.0467845959,-2.80504966,-0.0607893617,-2.244633,0.0273443497,-0.303516386,-0.00277310639,0.858142607,0.858142607,0,0.849256455,0.849256455,0,0.643487335,0.643487335,0,0.545858564,0.545858564,0,0.867214705,0.867214705,0,0.254152921,-0.449207536,-74.21875,0.541688229,0.541688229,0,0.644072282,0.644072282,0,0.335789635,0.335789635,0
VisualCogA_Task-1.mat,A,Task-1,68,L,0,-1,-10.3870345,9.71882367,33.9702697,-2.59843339,7.63283491,0.34765625,-26.3374348,0.453125,-109.648132,417.78799,-7.70767678,7.62796869,30.4886446,-1.93011359,5.9708147,0.34765625,-24.5178299,0.453125,-75.5911249,443.13271,-5.42468853,11.118631,37.8824711,-1.35052954,12.5088387,0.34765625,-25.3736324,0.48828125,-128.722374,480.483089,2.28298825,6.0550432,24.5576773,0.57958405,15.1847696,0.3203125,-9.37290764,0.48828125,-53.1312492,280.052252,17.8156396,38.7517275,129.866838,6.29936845,106.609283,0.75,-23.257555,0.63671875,125.891124,995.069067,23.4826803,40.4154922,127.430361,8.29179375,110.253983,0.7421875,-17.1763783,0.63671875,122.64411,916.590683,22.3748816,40.9255445,137.953388,7.88189441,114.979767,0.75,-22.9736214,0.63671875,149.243353,961.965905,-1.1077987,6.47189512,29.7952509,-0.409899337,17.1929941,0.88671875,-12.6022568,0.71484375,26.5992429,353.709548,3.67818188,0.592285069,0.497476146,0.104991211,7.56606463,0.0921344096,2.92420947,0.176726575,5.15908218,0.587044615,1.0330851,0.0413182097,10.048591,0.158641488,2.90997886,0.184442535,2.27180953,0.71804787,-2.91272995,0.0650646769,0.298723885,0.0313952007,3.70014013,0.148386656,-2.88727264,0.131003255,-3.94581505,0.0237464673,-9.74986711,-0.127246287,0.790161266,-0.0360558791,0.926093603,0.926093603,0,0.975552206,0.975552206,0,0.855688697,0.855688697,0,0.991639154,0.991639154,0,0.994638601,0.994638601,0,0.987416984,0.987416984,0,0.984981938,0.984981938,0,0.989742741,0.989742741,0,0.975990252,0.975990252,0
VisualCogA_Task-1.mat,A,Task-1,69,R,1,-1,-7.07612772,10.0494492,34.8096089,-1.75809462,5.64989519,0.28515625,-29.1597137,0.37109375,-75.6294903,468.742791,-9.35615198,10.3186402,40.4981422,-2.31515518,4.80187225,0.28125,-35.69627,0.3671875,-45.0320758,530.203907,-4.23096703,10.4775961,36.8813505,-1.04336898,12.2143965,0.28515625,-24.666954,0.37109375,-77.6870028,504.780364,5.12518495,5.80578793,22.1269704,1.27178619,14.0707498,0.25,-8.05622065,0.46484375,-32.654927,293.713269,24.6632917,32.3808194,100.23761,8.63148384,70.339386,0.75,-29.8982239,0.62109375,193.38666,632.229865,29.674046,32.8922829,109.298746,10.3851632,88.0277863,0.77734375,-21.2709599,0.63671875,174.837765,709.912481,27.214669,32.005063,103.140757,9.53439882,76.6875534,0.75,-26.4532032,0.62109375,180.144082,653.159486,-2.459377,6.28420614,30.4957275,-0.850764335,10.9098282,0.75,-19.5858994,0.77734375,5.30631694,520.81154,8.02428171,0.258601384,13.7630211,0.297186802,5.4454029,0.204332669,-0.376253168,0.131855179,8.45094928,0.289783479,9.06208939,0.268582493,6.50894539,0.198361382,2.86852475,0.125118005,3.85443891,0.429532759,10.6984652,0.197305337,1.48324564,0.168386766,-2.08812096,0.103728174,-4.59651038,0.13974928,1.63637577,-0.0712771563,-5.02569976,-0.0299746159,-4.95664572,-0.021389831,0.846376135,0.846376135,0,0.98150873,0.98150873,0,0.844230457,0.844230457,0,0.976211648,0.976211648,0,0.985159,0.985159,0,0.981617095,0.981617095,0,0.938377778,0.938377778,0,0.940259874,0.940259874,0,0.809536415,0.809536415,0
VisualCogA_Task-1.mat,A,Task-1,70,R,1,-1,13.7912566,9.2169407,36.622735,3.47102626,26.6104927,0.3515625,-10.0122423,0.484375,-39.686251,593.448484,11.2994238,7.25926546,34.7214365,2.83512347,25.9571323,0.3515625,-8.76430416,0.296875,34.5519811,540.82736,5.72550156,8.57668326,34.5077467,1.45144335,21.5673981,0.4140625,-12.9403486,0.296875,5.53694405,618.809285,-5.5739222,7.43930799,25.6210575,-1.38368013,6.16405964,0.40625,-19.4569979,0.4921875,-29.0150371,280.5178,8.75257193,7.73288737,33.5030832,3.01569814,29.0497055,0.88671875,-4.45337772,0.71484375,29.9868039,571.86517,25.6117259,7.06993505,29.2384405,8.90616541,38.2153206,0.88671875,8.97688007,0.86328125,-5.5195092,530.790324,11.7748474,9.19676368,44.7858896,4.05388793,38.6690331,0.890625,-6.11685658,0.58984375,59.3511187,566.672463,-13.8368786,9.66266122,40.0123053,-4.85227748,8.45499992,0.8984375,-31.5573053,0.58984375,64.8706279,491.275877,-1.95132232,0.255383447,1.19596988,0.160640304,1.69997531,0.276266052,-3.83140254,0.224606157,-2.69249938,0.405009676,1.08523943,0.141509417,-8.86031833,0.066225194,-1.4659086,0.316231026,-6.04765138,0.179964106,0.0137542107,0.176006437,5.15309022,0.262551791,-2.4624193,0.295302013,-3.355152,-0.22504557,-1.07148522,0.0344970199,14.0134086,0.196326598,-0.996510697,-0.020929013,0.574384664,0.574384664,0,0.878290798,0.878290798,0,0.569488021,0.569488021,0,0.57026247,0.57026247,0,0.875037704,0.875332629,-3.90625,0.316803224,0.346863629,-3.90625,0.322332181,0.322332181,0,0.73431644,0.73431644,0,0.669654236,0.669654236,0
VisualCogA_Task-1.mat,A,Task-1,71,L,0,-1,9.81493535,8.20825416,31.945256,2.47450473,28.0230961,0.3671875,-3.92215991,0.44140625,-50.3279512,368.083927,-3.93176248,6.24902026,21.7035689,-0.961901345,7.17124796,0.36328125,-14.532321,0.5,-50.8212476,301.296985,-3.14615833,9.57878652,33.825161,-0.778973068,16.2967377,0.3671875,-17.5284233,0.44140625,-76.4749845,375.672404,0.785604154,6.75976303,26.3008499,0.182928278,15.497683,0.3828125,-10.8031669,0.4140625,-25.6537369,344.192034,38.666531,38.5464433,125.081588,13.5335396,118.460274,0.76953125,-6.62131405,0.62890625,265.127136,864.979466,24.7358988,40.6188046,125.922302,8.69317232,101.132355,0.76953125,-24.7899475,0.63671875,277.055305,806.452746,24.124445,38.4339105,131.27043,8.50373494,110.082603,0.7734375,-21.1878262,0.62890625,242.365953,913.308813,-0.611453816,7.05543485,24.34939,-0.189437387,12.444746,0.6484375,-11.904644,0.8359375,-34.6893518,326.674435,-0.608223178,0.351022002,-1.55916347,0.179143147,-4.00326735,0.235170142,1.51124012,0.125989561,-2.80658971,0.305692147,-2.79377556,0.154755189,-5.67279587,0.210663577,3.14956034,0.245766648,0.443083937,0.345528879,-0.662307281,0.17615024,-2.24249144,0.272034163,0.590268692,0.0958592501,3.24967364,0.0398367318,2.13146827,0.0213950503,3.43030443,0.0613705868,-2.55929165,-0.149907398,0.756682691,0.778281872,3.90625,0.960265343,0.960265343,0,0.710923895,0.742176794,-7.8125,0.992739076,0.992739076,0,0.990068181,0.990068181,0,0.985585722,0.985585722,0,0.979507109,0.979507109,0,0.986338239,0.986338239,0,0.967225477,0.967225477,0
VisualCogA_Task-1.mat,A,Task-1,72,R,1,-1,-12.1271667,7.12556231,29.3474807,-3.01688976,1.5509814,0.34765625,-27.7964993,0.48828125,-12.9409276,481.418677,-21.7016365,9.19786172,36.1077762,-5.44398467,-6.56674242,0.390625,-42.6745186,0.46875,-72.2537476,463.72537,-3.09253552,8.46476843,33.1147718,-0.750348712,12.2619219,0.34765625,-20.85285,0.296875,39.8821823,475.780761,18.609101,10.8885792,41.7115366,4.69363596,40.1152704,0.4609375,-1.59626627,0.25,112.13593,439.621521,-5.87738554,21.6894158,74.9958076,-2.11382332,40.6672821,0.84765625,-34.3285255,0.63671875,118.605224,606.701449,-19.3381268,26.6598208,90.6199722,-6.79188003,38.0777359,0.84765625,-52.5422363,0.765625,151.11061,639.02911,6.21230823,20.9037187,71.6106186,2.08699582,50.1555367,0.84375,-21.4550819,0.63671875,102.320713,703.960074,25.550435,10.2297462,31.613575,8.87887585,40.145606,0.7578125,8.53203106,0.625,-48.789897,423.69971,-7.12353518,0.125079959,-1.54624569,0.382377875,0.828291421,0.145301008,-6.01630496,0.254634547,-12.9171295,0.238155331,-7.29916691,0.322647767,-3.52009532,0.118189483,-2.58239476,0.245759023,-8.47686179,0.0538703244,9.92151842,0.446117518,-0.669706377,0.232916976,-7.03392587,0.169090134,4.44026769,-0.184285006,17.2206853,0.123469751,2.85038894,0.114727493,-4.45153111,-0.0766688889,0.569924321,0.574332901,3.90625,0.847769055,0.847769055,0,0.242055531,-0.38128292,78.125,0.953963,0.953963,0,0.983682347,0.983682347,0,0.935836753,0.935836753,0,0.893700274,0.893700274,0,0.907202141,0.907202141,0,0.706264358,0.706264358,0
VisualCogA_Task-1.mat,A,Task-1,73,L,0,-1,-6.55541384,6.42683679,25.8020048,-1.61267956,8.13869572,0.328125,-17.6633091,0.40234375,-18.7987347,383.477474,-8.03549619,5.8531437,23.6550684,-1.99608209,4.88572025,0.32421875,-18.7693481,0.26953125,-7.19196753,364.461103,-4.96715923,7.03463976,28.6439371,-1.20707171,10.921649,0.33203125,-17.7222881,0.25,-8.79364611,381.904445,3.06833696,4.5484119,18.0006809,0.789010379,12.0016623,0.34375,-5.99901867,0.25,-1.60167858,270.081915,-13.7144285,7.39584335,35.1547567,-4.77396771,0.842481792,0.62109375,-34.3122749,0.68359375,9.87628727,521.764516,-15.7081779,7.0585633,26.3655128,-5.47772106,-5.38053894,0.62109375,-31.7460518,0.68359375,-6.95254606,488.038319,-18.4109582,7.55337254,35.8076522,-6.39595027,-0.911589921,0.62109375,-36.7192421,0.68359375,-27.1368694,452.122085,-2.70278036,4.06377001,21.4703903,-0.918229207,5.10569286,0.6171875,-16.3646975,0.8984375,-20.1843233,273.164927,3.26399193,0.230541877,1.36705821,0.429464938,-3.41269781,0.0556507466,-6.72072334,0.204496322,0.261225414,0.209123309,-2.73180596,0.381825093,-5.6020118,0.0772576469,-5.47385282,0.260897703,7.71643374,0.393917915,5.04937568,0.332320772,-0.678690532,0.0475249433,-8.01810645,0.132162419,7.45520833,0.184794606,7.78118164,-0.0495043218,4.92332127,-0.0297327036,-2.54425363,-0.128735285,0.910428605,0.910428605,0,0.893030479,0.893030479,0,0.765728821,0.768192126,-3.90625,0.877702205,0.877702205,0,0.822860347,0.823688387,3.90625,0.847424757,0.847424757,0,0.890155989,0.890155989,0,0.870415613,0.870415613,0,0.82141461,0.82141461,0
VisualCogA_Task-1.mat,A,Task-1,74,R,1,-1,-8.52273172,9.75922863,34.3053265,-2.12036602,8.70008659,0.33203125,-25.6052399,0.296875,1.00694924,497.132284,-56.2866516,8.73828585,33.6280708,-14.0723058,-36.9474678,0.328125,-70.5755386,0.4375,-46.6204933,474.982101,-60.1157376,10.2615167,39.9725304,-15.024263,-40.4851799,0.328125,-80.4577103,0.44140625,-44.6011341,562.965393,-3.82908607,3.33148317,13.5136757,-0.951957248,2.87173843,0.41796875,-10.6419373,0.4453125,2.01935916,280.474045,-5.14604532,6.77056374,29.8829088,-1.80630108,8.50975132,0.6875,-21.3731575,0.74609375,-26.2799348,368.178402,-54.1858526,6.16296081,26.6746483,-18.8516184,-39.6969948,0.81640625,-66.3716431,0.60546875,19.6006267,392.580078,-52.4612278,8.79530344,42.2422161,-18.2521375,-30.9247456,0.8828125,-73.1669617,0.7421875,27.97534,555.556838,1.72462474,7.33091052,34.1383648,0.599480927,21.1086559,0.8828125,-13.0297089,0.8046875,8.3747133,486.824109,-1.66126526,0.253094803,-2.06289791,0.310399313,3.55021446,0.152921557,0.540469013,0.182671176,1.13646825,0.316950145,-2.21141975,0.208601487,6.7649158,0.183978182,-0.889406853,0.201194522,-3.61879098,0.284167285,-1.92934227,0.331338019,-4.14346292,0.0946415391,-0.81508508,0.190064711,-4.75525923,-0.0327828601,0.282077477,0.122736532,-10.9083787,-0.0893366425,0.074321773,-0.0111298106,0.866409142,0.888035063,3.90625,0.912158914,0.912158914,0,0.951049754,0.951049754,0,0.532264653,-0.548396657,-70.3125,0.62185336,0.62185336,0,0.568186274,0.568186274,0,0.288313836,-0.407539867,78.125,0.524331674,0.524331674,0,0.830072623,0.830072623,0
VisualCogA_Task-1.mat,A,Task-1,75,L,0,-1,-3.09389747,7.98101484,29.738677,-0.790897167,13.7629766,0.37890625,-15.9757004,0.29296875,23.2110842,428.532368,-37.0249626,8.56405704,36.7182541,-9.25237192,-20.8394203,0.25,-57.5576744,0.48046875,-90.8567714,386.814896,-10.2139519,9.18219014,33.1705279,-2.5560212,7.01981497,0.25,-26.150713,0.5,-44.1676486,455.901039,26.8110107,5.84906434,19.6595526,6.69635073,33.7846327,0.37890625,14.1250801,0.27734375,46.6891228,243.007696,-5.12769429,5.76286496,23.4248338,-1.77746134,7.5137248,0.7421875,-15.911109,0.83203125,2.15044637,401.612503,-76.0509566,10.0875923,40.4002304,-26.4494858,-60.1650696,0.55078125,-100.5653,0.83203125,-78.6638265,417.377919,-84.6440812,30.4764064,98.4039001,-29.4186319,-37.5955963,0.55078125,-135.999496,0.8984375,-293.01348,520.116639,-8.5931246,23.0844464,75.4678268,-2.9691461,26.3387299,0.59375,-49.129097,0.8984375,-214.349654,427.657896,1.07171766,0.182141096,-6.37739262,0.119228319,1.25055091,0.362779295,3.63761741,0.259642146,9.76751938,0.696875641,-6.17260106,0.0387696518,3.6285751,0.0951409194,1.18098673,0.117271802,13.657739,0.620347436,-4.47560517,0.0449379303,3.68370217,0.165287393,4.02974961,0.117949481,3.89021964,-0.0765282057,1.69699588,0.00616827844,0.0551270661,0.0701464733,2.84876287,0.000677679548,0.377340222,-0.471643125,-46.875,0.787897484,0.787897484,0,0.784900548,0.784900548,0,0.308389286,-0.477846136,-78.125,0.156848526,-0.221446544,-78.125,0.80940935,0.80940935,0,0.462823068,0.462823068,0,0.377152564,0.377152564,0,0.90873638,0.90873638,0
VisualCogA_Task-1.mat,A,Task-1,76,R,1,-1,-2.83555199,7.09656932,25.8861351,-0.694112726,8.52587128,0.46875,-17.3602638,0.40625,33.0453583,464.084557,-3.98663473,9.80279159,31.6660738,-0.986858152,7.61245441,0.4609375,-24.0536194,0.28515625,108.991779,318.843214,-11.813976,6.01514602,25.0246634,-2.94176621,-1.1122117,0.3515625,-26.1368752,0.31640625,24.0580554,443.731712,-7.82734132,7.84202542,28.9873805,-1.95490806,10.389863,0.28125,-18.5975175,0.44921875,-84.933724,295.50525,-9.30435323,9.41859348,33.4037733,-3.22556415,4.59912205,0.703125,-28.8046513,0.796875,-51.0421321,521.582441,-0.155218691,6.71032735,27.1823912,-0.077854736,13.3904581,0.828125,-13.7919331,0.78125,8.91601911,475.661209,0.161400017,9.47413811,34.8177376,0.0658230855,14.1060848,0.66015625,-20.7116528,0.87109375,-31.3993916,576.639951,0.316618707,9.7803463,42.1366925,0.143677822,15.9672828,0.73046875,-26.1694098,0.87890625,-40.3154108,454.466083,5.44345295,0.134299269,2.43864166,0.245035851,-2.09941294,0.269990715,0.511612693,0.253936646,-0.500684225,0.298686327,5.15124722,0.243850852,3.98415639,0.182007355,-1.77437636,0.175438892,5.23740498,0.292444183,1.3225092,0.167594486,0.137043879,0.230075953,0.893110797,0.239392061,5.7380892,-0.00624214357,-3.82873802,-0.0762563655,-3.84711251,0.048068598,2.66748716,0.0639531688,0.653339108,0.665849874,3.90625,0.881770995,0.881770995,0,0.600178703,0.628932742,-3.90625,0.395650932,-0.427751273,-27.34375,0.886597067,0.886597067,0,0.307769393,-0.558193287,27.34375,0.458641526,0.469507296,3.90625,0.55853017,0.55853017,0,0.489097526,0.504016208,-3.90625
VisualCogA_Task-1.mat,A,Task-1,78,L,0,-1,-17.0185348,7.66272835,34.8868134,-4.22139932,3.72498441,0.3671875,-31.161829,0.25,48.1443014,438.769442,-145.235517,38.2062443,122.475021,-36.2820331,-85.7423553,0.26953125,-208.217377,0.49609375,-515.114546,616.187622,-158.411168,26.5270029,85.789505,-39.612602,-113.75177,0.25,-199.541275,0.4921875,-356.727232,474.826904,-13.1756505,13.0930985,47.0606384,-3.33056888,10.1517029,0.5,-36.9089355,0.27734375,158.387314,423.083252,-10.1712409,8.33297966,35.6187892,-3.52974765,6.31210852,0.63671875,-29.3066807,0.87109375,-54.4303761,476.781851,-154.921972,42.3648727,146.373344,-53.9152961,-67.4749832,0.8984375,-213.848328,0.55078125,409.685744,480.265954,-74.9895439,62.9266529,218.763298,-26.0837077,37.7518692,0.8984375,-181.011429,0.55078125,616.458538,696.877841,79.9324278,22.7346131,81.6731279,27.8315884,114.510027,0.8125,32.8368988,0.55078125,206.772794,395.896411,-10.1305187,0.384016456,-6.99424496,0.192055288,-2.57914642,0.0610869954,-1.96365514,0.29949103,5.6304124,0.883575305,-0.350760553,0.0358739696,4.06813247,0.00692174373,-2.81304461,0.0217976263,9.11537749,0.877669762,1.49078937,0.0483113625,-4.5030655,0.00371773586,-3.53812362,0.00949606464,3.48496509,-0.00590554356,1.84154992,0.0124373928,-8.57119797,-0.00320400787,-0.72507901,-0.0123015617,-0.358644088,-0.530358898,-23.4375,-0.361434014,-0.602515181,-23.4375,0.982720943,0.982720943,0,-0.636642519,-0.658399181,-11.71875,-0.592710199,-0.621380631,15.625,0.982355575,0.982355575,0,-0.678842661,-0.741073686,23.4375,-0.259625114,-0.509913319,78.125,0.674610804,0.715944558,50.78125
VisualCogA_Task-1.mat,A,Task-1,79,L,0,-1,4.73048747,7.68072082,31.0020847,1.20836514,18.9217205,0.44140625,-12.0803642,0.265625,13.4781231,457.730493,-4.65163592,4.50100861,19.1405587,-1.18268933,2.81601954,0.25,-16.3245392,0.46484375,-28.180108,368.677964,-3.42735379,7.83717026,32.4453983,-0.824778661,14.3562984,0.44140625,-18.0890999,0.265625,31.7385496,472.147789,1.22428214,9.17394974,36.6731334,0.357910664,19.8435888,0.33984375,-16.8295445,0.25,59.9186576,464.432427,-1.96262786,7.87660798,32.7771664,-0.741394582,16.1663513,0.55078125,-16.610815,0.60546875,16.520625,434.185452,-11.3434549,5.93773985,22.7957169,-3.97587902,-1.25947607,0.8984375,-24.0551929,0.6015625,-3.76355422,383.474122,-0.036949671,10.5941018,37.0026865,-0.0910615565,21.0078812,0.8984375,-15.9948053,0.765625,55.0355362,531.747093,11.3065052,11.1833592,43.0844409,3.88481746,30.976222,0.83984375,-12.1082189,0.765625,58.7990904,484.95771,6.99963694,0.136704033,-1.09048759,0.327244877,-3.95853844,0.259218753,-0.847706061,0.20824106,6.15612923,0.228446218,-2.52225695,0.170713351,-8.75035659,0.0942045499,-3.55075463,0.436808009,2.72610648,0.0485521287,-0.444082984,0.252240189,-0.0651511895,0.357570713,3.00179797,0.264470808,-3.43002275,-0.179894089,2.07817396,0.0815268375,8.6852054,0.263366163,6.5525526,-0.172337201,0.165148012,-0.569246836,-23.4375,0.941954239,0.941954239,0,-0.035166911,-0.55646775,27.34375,0.546275138,0.546275138,0,0.843546432,0.843546432,0,0.178238739,0.246288954,-70.3125,0.401278653,0.401278653,0,0.766717498,0.766717498,0,0.0513987077,-0.200092636,66.40625
VisualCogA_Task-1.mat,A,Task-1,80,L,0,-1,-7.05266641,9.88685645,33.9024439,-1.79319117,9.52398205,0.40625,-24.3784618,0.47265625,-53.5456076,707.840743,-18.0749239,10.6145494,37.0486692,-4.55135699,0.811234772,0.29296875,-36.2374344,0.47265625,-81.5913027,667.146292,-6.40667913,12.0791149,51.1031666,-1.62256238,16.3812313,0.30078125,-34.7219353,0.47265625,-100.862245,668.425463,11.6682448,9.64995029,34.1134109,2.9287946,31.7156334,0.43359375,-2.39777756,0.3984375,-19.2709421,558.164873,13.0509077,23.3195625,77.2221222,4.61173748,42.9697876,0.76953125,-34.2523346,0.609375,182.856883,580.610573,-21.49733,17.332667,53.2674723,-7.44461517,4.01632023,0.76953125,-49.251152,0.609375,140.948079,468.409099,-0.356148071,21.3070706,75.3638687,-0.0373460063,35.3207169,0.765625,-40.0431519,0.61328125,148.319202,569.668467,21.1411819,10.3728927,36.6652117,7.40726917,39.5520105,0.75,2.88679886,0.6328125,7.37112261,421.923896,4.29968428,0.25761315,3.53025279,0.0818030712,4.41227058,0.295379824,7.38624231,0.279686406,14.8358695,0.373141379,7.82663762,0.0634056855,5.72960811,0.193162265,8.43880978,0.29887215,0.464281285,0.37842789,-3.62512077,0.0466360789,6.82619408,0.22921649,8.52683624,0.262400596,-14.3715882,0.00528651113,-11.4517584,-0.0167696066,1.09658598,0.0360542248,0.0880264598,-0.0364715542,0.887892978,0.887892978,0,0.762272529,0.791921034,-3.90625,0.645216858,0.736291095,-7.8125,0.924764816,0.924764816,0,0.967524065,0.967524065,0,0.875712237,0.875712237,0,0.608466195,0.608466195,0,0.873234698,0.875812974,-3.90625,0.755278822,0.762725792,-3.90625
VisualCogA_Task-1.mat,A,Task-1,81,L,0,-1,-7.92783109,8.43830225,34.9272575,-1.95263054,10.7236271,0.36328125,-24.2036304,0.2890625,-9.34328626,487.736959,-1.57675779,4.89846934,21.0744462,-0.364778779,6.75668097,0.33984375,-14.3177652,0.28515625,-11.3999739,364.703786,-29.3853245,9.31352192,37.9913044,-7.31986719,-11.1278439,0.359375,-49.1191483,0.2890625,17.2573058,526.138031,-27.8085667,6.98481369,24.885297,-6.95508841,-15.0037475,0.359375,-39.8890444,0.30078125,28.6572797,366.907696,19.317622,36.2959631,106.308977,6.85698573,84.8834152,0.7265625,-21.4255619,0.6328125,89.7946747,792.867573,35.4424272,37.1760381,120.796665,12.4457466,107.286263,0.71875,-13.5104027,0.58984375,134.148556,838.894524,-2.91386861,40.52853,121.731007,-0.857990483,74.2724609,0.7265625,-47.4585457,0.6328125,77.4600317,850.924914,-38.3562958,9.4002059,41.5630608,-13.3037371,-18.801693,0.7578125,-60.3647537,0.89453125,-56.6885246,298.480111,3.6971435,0.559704691,6.6692492,0.0971960654,4.06694628,0.123768201,-1.01718553,0.158525941,-2.84274144,0.658599597,-1.61414616,0.0677499921,-0.783063462,0.0693352715,-1.284262,0.151601215,11.7141989,0.586585657,-0.68608668,0.0744661313,2.51112588,0.119997618,-1.60269557,0.158770835,14.5569403,-0.0720139398,0.928059482,0.00671613915,3.29418934,0.0506623467,-0.318433563,0.0071696207,0.762194946,0.775603468,3.90625,0.958000313,0.958000313,0,0.678938537,0.72337949,-3.90625,0.980908666,0.980908666,0,0.996399219,0.996399219,0,0.97440593,0.97440593,0,0.972600333,0.972874021,3.90625,0.989409815,0.989409815,0,0.957858207,0.957858207,0
VisualCogA_Task-1.mat,A,Task-1,82,R,1,-1,7.88825344,12.0480175,48.0827732,1.98908372,32.0548439,0.421875,-16.0279293,0.25,137.116493,451.958605,0.923390634,12.0623584,45.7654839,0.251863913,23.6994133,0.421875,-22.0660706,0.25,141.069941,517.955677,-1.23259247,13.3607324,48.445612,-0.29420993,24.4631557,0.421875,-23.9824562,0.25,153.017993,442.813617,-2.1559831,3.76242935,15.1792574,-0.546073843,4.22710609,0.44140625,-10.9521513,0.26953125,11.948052,317.331957,-0.085159642,11.7502647,44.3702793,-0.0940822963,24.5812149,0.67578125,-19.7890644,0.73828125,-41.8393317,609.721368,-12.9294176,14.366649,46.3548717,-4.56722795,9.17437553,0.5859375,-37.1804962,0.8046875,-82.0698745,630.820473,11.0877966,9.32376155,32.9884365,3.81723676,29.9687614,0.67578125,-3.01967502,0.6484375,39.6070925,565.252186,24.0172142,15.7621292,54.246254,8.38446471,47.18116,0.71484375,-7.06509399,0.5859375,121.676967,395.383217,-12.0356686,0.403996018,-13.4602473,0.168473918,-2.80497839,0.17740381,2.65496464,0.156111241,-13.0542796,0.447986425,-13.2512217,0.194169894,-8.8925239,0.0865022915,5.87193175,0.200955235,-11.2631046,0.459467777,-13.5079452,0.175307749,-3.1889418,0.127052444,1.36417439,0.13322089,1.79117501,0.0114813519,-0.256723488,-0.0188621448,5.7035821,0.0405501523,-4.50775736,-0.0677343448,0.967354248,0.967354248,0,0.988998322,0.988998322,0,0.961311897,0.961311897,0,0.882058358,0.882058358,0,0.567880285,0.567880285,0,0.167555095,-0.339047767,50.78125,0.884739118,0.884739118,0,0.576186687,0.576186687,0,0.250296237,0.250296237,0
VisualCogA_Task-1.mat,A,Task-1,83,L,0,-1,-11.1534464,10.2157181,40.7679558,-2.80569085,10.2660294,0.33984375,-30.5019264,0.4609375,-102.675123,497.889237,-21.4973275,16.1246194,51.9404354,-5.3843461,7.30775261,0.3359375,-44.6326828,0.45703125,-186.017649,528.707556,-0.652086483,10.8185158,35.9435501,-0.155015475,16.11483,0.34375,-19.8287201,0.4609375,-110.904806,479.416157,20.845241,12.640272,47.5522058,5.22933062,45.1579442,0.41796875,-2.3942616,0.3046875,75.1128424,519.199733,18.9994397,45.8960262,144.664495,6.63437492,119.072769,0.80859375,-25.5917263,0.66796875,343.62645,834.716706,12.0701389,42.9876794,135.154707,4.23589975,107.951698,0.80859375,-27.2030087,0.5703125,324.975142,758.48454,9.32350813,48.9849326,161.421299,3.28036487,119.995697,0.80859375,-41.425602,0.66796875,339.712514,911.73911,-2.74663081,8.9812486,32.0649834,-0.955534878,12.0439987,0.80859375,-20.0209846,0.6796875,14.7373719,343.832432,3.37329204,0.188209423,2.24194905,0.277189021,7.31627114,0.229761822,0.89623088,0.225567479,0.0154784645,0.513426095,8.54629992,0.22819943,5.37783771,0.0516878339,-0.880135629,0.11547351,0.132613269,0.47544196,0.137335224,0.114374045,8.337112,0.176536844,3.25021244,0.178988274,0.117134804,-0.0379841357,-8.40896469,-0.113825385,2.9592743,0.12484901,4.13034807,0.0635147641,0.868663149,0.868663149,0,0.829470708,0.860889539,-3.90625,0.622740245,0.649199292,-7.8125,0.994462588,0.994462588,0,0.993182892,0.993182892,0,0.989387199,0.989387199,0,0.962996184,0.962996184,0,0.923049701,0.923049701,0,0.904145439,0.905346006,-3.90625
VisualCogA_Task-1.mat,A,Task-1,84,R,1,-1,-11.3204428,7.6905812,28.6029553,-2.81910225,4.4645009,0.3515625,-24.1384544,0.30078125,33.5080114,533.947742,-25.8530179,5.51427153,23.107646,-6.46628402,-11.784276,0.4296875,-34.891922,0.3046875,27.5846735,330.26902,-29.2787092,10.2781449,36.9745598,-7.30169591,-9.77462769,0.34765625,-46.7491875,0.30078125,55.1787576,643.333984,-3.42569133,10.0234818,39.9430132,-0.835411888,17.8208647,0.3359375,-22.1221485,0.26953125,27.5940841,480.087547,20.7571541,28.5047814,103.289486,7.30096457,86.5083084,0.734375,-16.7811775,0.6171875,133.976701,899.754401,10.2912473,28.617162,102.289392,3.64705779,73.257225,0.73828125,-29.0321674,0.6171875,147.0507,753.677191,19.6724587,34.559357,121.64686,6.95939491,97.2200012,0.734375,-24.4268589,0.5625,155.728882,968.925052,9.38121142,10.6713229,40.5183165,3.31233713,25.3692169,0.73046875,-15.1490996,0.890625,8.6781823,488.754979,-3.79530518,0.244065491,-8.66383103,0.0873604207,-7.54404576,0.289399365,7.80578822,0.348900571,-5.55203233,0.344372594,-12.8835894,0.0704401068,-3.14119203,0.285974545,4.06187646,0.258704545,-5.37384365,0.407711389,-4.40586061,0.0803588723,-6.95562416,0.238738368,4.96262251,0.216131576,0.178188679,0.063338795,8.47772876,0.00991876554,-3.81443213,-0.0472361766,0.900746048,-0.0425729686,0.361711421,0.417389166,-74.21875,0.962003398,0.964961015,3.90625,0.313862697,0.412876602,78.125,0.979370741,0.979370741,0,0.988151222,0.988151222,0,0.960278975,0.960278975,0,0.966575797,0.966575797,0,0.98089102,0.98089102,0,0.950734131,0.950734131,0
VisualCogA_Task-1.mat,A,Task-1,85,L,0,-1,15.4369006,8.46869787,30.5128026,3.91670782,29.4349689,0.3828125,-1.07783365,0.25,-41.1278836,581.224,-16.3546794,6.63389243,25.7098527,-4.05898006,-2.4668498,0.2734375,-28.1767025,0.484375,-64.8413144,451.168701,-2.1868909,9.73844433,36.6010818,-0.485566381,16.3028812,0.3828125,-20.2982006,0.4921875,-40.1129844,481.829983,14.1677885,7.70069607,23.8906157,3.57341368,27.5911155,0.41015625,3.70049977,0.28125,24.7283301,251.233374,5.0282709,7.64870311,28.9226723,1.74845896,22.2269611,0.83984375,-6.69571114,0.6640625,32.918674,445.48658,-26.827708,7.02378183,25.9607601,-9.34855355,-10.2188587,0.8515625,-36.1796188,0.609375,55.1982966,307.814626,-16.6934872,7.0046446,30.472986,-5.80271963,-2.2768538,0.83203125,-32.7498398,0.87109375,16.1257972,453.50602,10.1342207,6.12214462,28.0462675,3.54583392,21.9710989,0.640625,-6.07516861,0.8671875,-39.0724994,319.956779,3.95870003,0.41512731,3.74192725,0.147898306,-0.601208464,0.170507579,3.5862153,0.190388072,-8.81136861,0.365507723,-3.81169222,0.0858213128,4.44657972,0.227310155,2.15541885,0.261229895,0.102949525,0.515042354,4.66699335,0.178498428,0.415571575,0.102617716,4.63933983,0.110078533,8.91431813,0.149534631,8.47868557,0.092677115,-4.03100815,-0.124692439,2.48392098,-0.151151362,0.800626607,0.800626607,0,0.930688806,0.930688806,0,0.615638062,0.615638062,0,0.796497827,0.796497827,0,0.95342317,0.95342317,0,0.619095756,0.622374447,3.90625,0.613121177,0.613121177,0,0.874778514,0.874778514,0,0.709970335,0.709970335,0
VisualCogA_Task-1.mat,A,Task-1,86,R,1,-1,7.06671762,8.93941569,27.6204109,1.78322732,22.5618649,0.3984375,-5.05854607,0.2734375,76.1715181,482.8714,23.9420842,8.32916098,30.2857561,6.00631143,37.8594398,0.43359375,7.57368374,0.28515625,35.2122681,505.185936,36.3814676,14.2220711,44.8392811,9.11292321,62.997757,0.48046875,18.1584759,0.26171875,156.150888,536.527748,12.4393835,11.5161173,38.3706493,3.10661178,34.4629898,0.48046875,-3.90765953,0.359375,120.93862,478.601067,6.15413751,6.07379722,25.3194399,2.14234801,19.8965302,0.5703125,-5.42290974,0.87890625,-32.1251932,377.507788,15.6563192,8.57316001,37.2751491,5.43808151,34.3527222,0.5625,-2.92242694,0.875,-70.9181992,372.792671,31.1992208,14.4911231,57.8032982,10.8758198,54.0439339,0.55859375,-3.75936437,0.8984375,-132.920282,391.598345,15.5429016,7.84357621,36.6455615,5.43773829,27.5585079,0.609375,-9.08705354,0.8984375,-62.0020824,308.317568,8.53290961,0.719795406,2.91167193,0.0721154947,1.27240045,0.0516205993,2.13468006,0.110506573,1.11798215,0.619426179,1.27726012,0.139721311,2.95541826,0.0535499364,3.45235368,0.128397281,17.407707,0.722510363,-2.23280844,0.0432767898,1.01624588,0.0654826009,2.32978131,0.127888951,16.2897249,0.103084184,-3.51006856,-0.0964445212,-1.93917237,0.0119326645,-1.12257236,-0.000508330223,0.793488649,0.793488649,0,0.932352524,0.932352524,0,0.586796022,0.593161115,3.90625,0.799807568,0.799807568,0,0.706966771,0.706966771,0,0.893349455,0.893349455,0,0.961977956,0.961977956,0,0.901656335,0.901656335,0,0.872287462,0.872287462,0
VisualCogA_Task-1.mat,A,Task-1,87,R,1,-1,-6.96899892,8.77246336,31.8915453,-1.73350688,7.60848331,0.375,-24.283062,0.45703125,-88.295386,313.954268,-6.74186603,8.71878156,32.346436,-1.67155894,7.95896387,0.375,-24.3874722,0.4609375,-78.9318644,354.516073,-6.36529149,7.75814666,29.6585846,-1.58353433,6.68877983,0.375,-22.9698048,0.45703125,-64.389266,392.634305,0.376574538,3.50853945,13.5588422,0.0880246032,6.32094479,0.4375,-7.2378974,0.30859375,14.5425984,224.132763,18.0659497,39.614431,119.207857,6.28755042,102.702324,0.83984375,-16.5055332,0.76953125,292.124333,727.528544,6.5980746,30.1022952,94.8641872,2.27689823,67.9595413,0.8359375,-26.9046459,0.7734375,212.031069,628.283398,20.4461629,47.7594017,145.680611,7.13124071,123.496544,0.8359375,-22.1840668,0.734375,344.085995,838.753292,13.8480883,20.3735311,62.7609811,4.85434247,56.2321739,0.828125,-6.52880716,0.63671875,132.054926,474.375831,-0.774622493,0.338538391,-0.124091992,0.299139083,-3.52783298,0.0738932592,-0.77106695,0.203867238,5.3650553,0.330123829,4.88343591,0.262513056,-4.55700018,0.0654859089,0.943683882,0.262936818,-7.59424796,0.115578575,-0.0937217949,0.410068346,-2.20392344,0.0992485134,0.099819357,0.297559734,-12.9593033,-0.214545253,-4.9771577,0.147555289,2.35307674,0.0337626045,-0.843864525,0.034622916,0.975714615,0.975714615,0,0.93113036,0.93113036,0,0.915828189,0.915828189,0,0.988973414,0.988973414,0,0.990517151,0.992074968,3.90625,0.964071195,0.976422093,7.8125,0.982181594,0.982181594,0,0.985852606,0.985852606,0,0.953923186,0.961608815,3.90625
VisualCogA_Task-1.mat,A,Task-1,89,R,1,-1,5.91456075,11.3269689,40.5209465,1.50167806,25.2302494,0.30078125,-15.2906971,0.34375,-57.9268297,855.938765,20.2224267,10.6711199,40.702306,5.05764189,38.1275902,0.296875,-2.57471585,0.34375,-70.0725192,719.205679,8.32329154,10.4493976,38.2827168,2.11934926,23.3123074,0.30859375,-14.9704094,0.33984375,-27.6332601,854.486303,-11.8991352,6.18338218,25.1722413,-2.93829263,-0.323734283,0.359375,-25.4959756,0.25390625,42.4392592,396.529449,34.9143033,34.1196685,118.94162,12.2648045,86.0306931,0.75390625,-32.9109268,0.60546875,148.827015,790.18576,42.7748004,30.5024709,109.247597,14.9806235,89.5510025,0.75390625,-19.6965942,0.60546875,96.6633433,765.216723,42.5042509,37.7565614,103.263426,14.9480016,92.4726791,0.75,-10.7907467,0.6015625,132.551173,759.374559,-0.270549463,15.9443165,71.5105524,-0.0326219357,37.7620621,0.703125,-33.7484903,0.64453125,35.8878299,687.84984,2.53323501,0.329761309,-2.97688679,0.0491977274,2.70967696,0.272893618,5.31370094,0.296453941,-1.79617385,0.294669218,4.6621723,0.152902306,9.50795804,0.236896153,3.32744902,0.245693213,4.80191358,0.460563651,-0.230716665,0.0530008924,2.19842133,0.211857573,3.29802583,0.222853733,6.59808744,0.165894433,-4.89288896,-0.0999014134,-7.30953671,-0.0250385801,-0.0294231865,-0.0228394798,0.919875695,0.919875695,0,0.938111948,0.938111948,0,0.828776976,0.828776976,0,0.962406791,0.962406791,0,0.966814627,0.966814627,0,0.912475068,0.912475068,0,0.948469944,0.948469944,0,0.973176704,0.973176704,0,0.924079852,0.924079852,0
VisualCogA_Task-1.mat,A,Task-1,90,R,1,-1,-11.69676,8.29782842,34.8805159,-2.86511336,1.32479084,0.359375,-33.5557251,0.25,34.3892526,474.619313,-18.2997231,6.2630298,24.9054909,-4.55150265,-8.86018372,0.41015625,-33.7656746,0.25,39.145404,423.373558,-7.59074027,9.48612791,40.9150124,-1.82243962,8.92394638,0.359375,-31.991066,0.25,49.6352215,450.596197,10.7089828,7.38339555,27.7383699,2.72906303,20.8512583,0.32421875,-6.88711166,0.5,10.4898176,372.638719,17.9514224,26.7313119,88.1149263,6.32248271,72.2215881,0.8046875,-15.8933382,0.609375,158.736693,682.988486,10.7096534,28.3007014,90.6756611,3.77909407,72.1650314,0.79296875,-18.5106297,0.59765625,162.941218,661.063647,30.0089963,35.0476121,118.578995,10.5233322,101.371445,0.8046875,-17.20755,0.609375,234.96704,802.939364,19.2993428,11.2970712,51.1454897,6.74423814,44.5436573,0.84375,-6.60183239,0.6171875,72.0258221,448.080043,-6.10750527,0.0603607879,5.52824267,0.251492835,3.70700082,0.479870428,-1.92122659,0.129926312,-8.07759434,0.224103953,-1.75369172,0.121406751,2.20037867,0.364511694,-0.454374801,0.221634218,1.28724382,0.0679281829,9.58461336,0.304678938,7.03046841,0.44190365,-0.910696538,0.0979414835,9.36483816,-0.15617577,11.3383051,0.183272187,4.83008975,0.0773919564,-0.456321736,-0.123692735,0.783321965,0.783321965,0,0.942087138,0.942087138,0,0.628642014,0.628642014,0,0.969305518,0.969305518,0,0.992738962,0.992738962,0,0.958612092,0.962474592,-3.90625,0.956425843,0.956996033,3.90625,0.992495075,0.992495075,0,0.948557708,0.951264134,-3.90625
VisualCogA_Task-1.mat,A,Task-1,91,L,0,-1,-14.1660676,9.28977488,29.981113,-3.56040324,-2.24709749,0.32421875,-32.2282104,0.46484375,-75.1849222,518.723017,4.9242977,6.1723235,25.1583128,1.21439463,14.5000267,0.328125,-10.6582861,0.46484375,-33.5225558,451.553822,-0.712366285,6.73440108,24.2402763,-0.200938859,11.1628733,0.4140625,-13.0774031,0.37890625,-11.9156557,430.520975,-5.63666399,4.1621482,15.0178984,-1.41533349,2.45957899,0.47265625,-12.5583194,0.390625,21.6069001,330.921965,-17.8176697,9.0190993,37.356607,-6.22450762,0.707662106,0.8828125,-36.6489449,0.71875,22.3739729,514.669689,19.5118116,9.7247268,40.1555386,6.74052547,45.2011909,0.89453125,5.04565239,0.66796875,59.6566323,508.028293,9.52253474,10.011734,40.4297509,3.28998001,34.9715385,0.87890625,-5.45821238,0.71875,72.2352338,473.937567,-9.98927683,3.91468722,18.7555799,-3.45054547,-1.27035999,0.84375,-20.0259399,0.8984375,12.5786015,289.289822,2.00584164,0.269736074,0.792680475,0.10964281,1.57195561,0.236747181,1.95486746,0.292333616,4.61385291,0.500120306,1.21703309,0.107809018,-0.261251146,0.104030845,1.46780529,0.206431706,-1.41074018,0.346625732,0.566856582,0.0922419137,2.21544773,0.199544397,0.86923276,0.272670997,-6.0245931,-0.153494574,-0.650176513,-0.0155671041,2.47669887,0.0955135516,-0.598572527,0.0662392907,0.888373719,0.888373719,0,0.86106797,0.86106797,0,0.795419605,0.795419605,0,0.841758112,0.841758112,0,0.789166082,0.789166082,0,0.92172254,0.92172254,0,0.448889431,0.448889431,0,0.570601127,0.570601127,0,0.937027199,0.937027199,0
VisualCogA_Task-1.mat,A,Task-1,92,R,1,-1,7.4224122,6.98174423,24.1895885,1.8659593,17.7504921,0.3984375,-6.43909645,0.265625,16.3603889,347.853889,0.96086992,5.84121598,27.548049,0.254211631,16.1812019,0.29296875,-11.366847,0.44921875,-19.4163141,383.6489,-6.3850689,6.10769846,25.3518565,-1.59943275,3.41790986,0.48828125,-21.9339466,0.26953125,42.3693664,293.520505,-7.34593882,5.97874081,24.8882911,-1.85364438,3.97872418,0.4921875,-20.9095669,0.28515625,61.7856805,293.455511,5.78205628,7.89388394,32.7344961,2.01314742,24.3233624,0.83984375,-8.41113377,0.76171875,7.84454999,406.329477,-11.9752939,8.45613549,33.5111375,-4.19278171,3.67460871,0.55078125,-29.8365288,0.765625,-24.722956,341.770009,-5.76125235,8.4223568,35.5355864,-1.99021132,13.4995546,0.8359375,-22.0360317,0.62890625,13.8108832,492.81113,6.21404153,10.7711563,39.0707121,2.20257039,21.6195526,0.83984375,-17.4511595,0.6328125,38.5338392,497.039928,-4.48918286,0.0511823407,0.0687274132,0.20945788,1.10937695,0.518250611,-3.4581033,0.16532487,-1.75913649,0.123127649,-1.88474582,0.158400904,0.486231664,0.346058275,-2.27927596,0.310390444,11.0022858,0.27925734,-0.731689073,0.150177757,-1.06882224,0.371421196,-2.87853934,0.117992084,12.7614223,0.156129691,1.15305675,-0.00822314631,-1.5550539,0.0253629208,-0.59926338,-0.192398361,0.779978891,0.779978891,0,0.862724334,0.862724334,0,0.500028829,0.547783051,-3.90625,0.518176415,-0.58534226,78.125,0.888263133,0.888263133,0,0.185511756,-0.578558973,-74.21875,0.575424725,0.578512696,3.90625,0.717896247,0.717896247,0,0.34869484,0.351830815,-3.90625
VisualCogA_Task-1.mat,A,Task-1,93,R,1,-1,-12.5985294,11.6025791,46.7169781,-3.11018901,18.834919,0.32421875,-27.8820591,0.5,-73.0817366,587.691239,-18.6107062,9.53014663,40.2684464,-4.61584158,5.12502527,0.32421875,-35.1434212,0.49609375,-79.7066392,427.636677,-16.3457434,10.0168571,40.9203892,-4.04780536,10.1566105,0.32421875,-30.7637787,0.2578125,-30.7131636,564.920691,2.26496273,5.94819947,20.6714664,0.568036222,10.7163157,0.359375,-9.9551506,0.2578125,48.9934756,263.34837,26.9271251,40.1650526,120.872173,9.47623125,104.164734,0.7734375,-16.7074394,0.58984375,228.678605,769.815201,25.8793831,39.8012578,123.329023,9.11873811,102.630363,0.7734375,-20.6986599,0.5859375,228.03853,808.594551,30.8672384,47.1213856,142.13966,10.8661264,122.792473,0.76953125,-19.347187,0.58984375,257.636862,851.076292,4.98785523,8.69826876,31.2233963,1.74738828,23.8227158,0.75390625,-7.40068054,0.64453125,29.5983319,337.971719,10.8846702,0.455984492,1.03349746,0.166471115,-3.01347166,0.137662579,0.419924935,0.164335215,6.54563768,0.561390364,1.98491887,0.154763557,0.170324015,0.100192474,-2.53676176,0.104430485,12.7656024,0.448527696,-1.12017841,0.120358714,-1.89640893,0.158910635,0.0188328105,0.200528312,6.21996472,-0.112862668,-3.10509728,-0.0344048434,-2.06673294,0.058718161,2.55559457,0.0960978271,0.916559403,0.916559403,0,0.95415122,0.95415122,0,0.815925986,0.815925986,0,0.997483326,0.997483326,0,0.99561139,0.99561139,0,0.994114711,0.994114711,0,0.990609938,0.990609938,0,0.994134881,0.994134881,0,0.986636105,0.986636105,0
VisualCogA_Task-1.mat,A,Task-1,94,R,1,-1,-2.36798696,5.17029891,21.1105652,-0.595003105,8.5173645,0.34375,-12.5932007,0.48046875,-3.4114516,413.660492,-6.45855792,4.33195483,20.2193556,-1.61203546,2.06503963,0.42578125,-18.1543159,0.48046875,-21.718393,324.174918,-1.81274225,6.72463032,25.2633619,-0.464208463,11.8894339,0.34375,-13.3739281,0.31640625,34.7255737,468.909932,4.64581567,7.18170452,21.1148241,1.14782699,13.8051312,0.453125,-7.30969286,0.3125,56.4439667,330.060202,20.8655363,26.4708064,85.4841213,7.28883766,75.2649384,0.80859375,-10.219183,0.64453125,186.174764,548.575955,12.9485509,24.7969066,85.8660316,4.53145052,69.6150513,0.80859375,-16.2509804,0.62109375,166.938281,543.348652,29.027988,33.2351251,101.127549,10.1409343,95.2784424,0.80859375,-5.84910631,0.64453125,242.229633,634.418834,16.0794371,12.5350329,40.6419364,5.60948381,42.4858131,0.83984375,1.8438767,0.72265625,75.291352,379.87719,-11.9771978,0.0842132645,3.20781586,0.321913465,0.762421896,0.309726932,-4.11026698,0.202169177,-6.24159089,0.100333627,4.17658423,0.400975874,-0.775587452,0.150268268,-6.17058687,0.248271892,-8.82413728,0.117720296,-4.78891105,0.128404667,-0.106804148,0.448790758,-3.16531949,0.230105728,-2.58254639,0.0173866694,-8.96549529,-0.272571207,0.668783304,0.29852249,3.00526738,-0.018166164,0.717290447,0.717290447,0,0.768240227,0.768240227,0,0.212998063,-0.60109418,23.4375,0.953805725,0.978144829,7.8125,0.995781854,0.995781854,0,0.947870059,0.971225053,-7.8125,0.957893749,0.969284316,7.8125,0.990103776,0.990103776,0,0.94013815,0.955641142,-7.8125
VisualCogA_Task-1.mat,A,Task-1,95,L,0,-1,-6.68338454,6.39981009,26.2468004,-1.67551605,2.77014828,0.48828125,-23.4766521,0.30078125,24.7740579,564.065935,-29.0590394,6.38844043,25.7626019,-7.25023154,-16.7568302,0.484375,-42.5194321,0.296875,56.3943626,456.770569,-10.6238922,7.85043976,32.0565896,-2.66422035,6.88697481,0.2734375,-25.1696148,0.30078125,-45.0144685,626.080408,18.4351472,8.70134675,28.7705326,4.58601119,32.7858353,0.27734375,4.01530266,0.45703125,-101.408831,318.411826,16.5466031,28.8040554,101.909674,5.85420236,81.6885681,0.76171875,-20.2211056,0.578125,166.419846,676.615084,-15.9942329,26.610603,97.9798164,-5.4924256,53.3469734,0.76171875,-44.632843,0.56640625,123.688762,721.271056,-4.09503951,31.3914816,107.813766,-1.30084286,64.3849564,0.76171875,-43.4288101,0.5625,152.872774,755.672363,11.8991934,8.86441713,32.6705983,4.19158275,29.2998517,0.80078125,-3.37074661,0.55078125,29.1840124,508.408361,3.34777922,0.179977729,8.06365198,0.366370231,3.15455393,0.167603293,-0.365749074,0.201454333,5.3231684,0.237171215,1.84924743,0.365974898,4.0701089,0.13166322,-2.32708082,0.181492589,6.90078648,0.339346726,11.3039445,0.278353445,4.24557555,0.121253748,1.12423482,0.168125299,1.57761808,0.10217551,9.45469706,-0.0876214527,0.175466648,-0.0104094715,3.45131564,-0.0133672901,0.762953045,0.762953045,0,0.672756866,0.672756866,0,0.266470976,-0.595677249,27.34375,0.978072453,0.978072453,0,0.97963334,0.97963334,0,0.966647908,0.966647908,0,0.869253767,0.869253767,0,0.891413852,0.891413852,0,0.858437439,0.858437439,0
VisualCogA_Task-1.mat,A,Task-1,96,R,1,-1,-6.55644939,7.14118191,28.753407,-1.61523645,6.12392473,0.34765625,-22.6294823,0.4375,2.46270912,454.876991,-8.84433244,5.68191293,25.6857929,-2.20328416,4.48621941,0.4140625,-21.1995735,0.4375,6.67330139,519.967105,-8.39005114,7.45757472,32.2916846,-2.07771984,4.34386396,0.34375,-27.9478207,0.4375,-19.4394668,408.985047,0.454281301,6.54492523,22.3578432,0.125564319,11.8988185,0.38671875,-10.4590247,0.5,-26.1127682,394.589322,11.6121653,32.9643263,115.286915,4.09904554,80.8347931,0.77734375,-34.4521217,0.66015625,206.022558,837.741775,16.1617513,28.2626426,93.5389071,5.69224441,81.7753372,0.77734375,-11.7635698,0.7109375,167.171046,667.157969,17.3205049,40.0280146,125.00742,6.1035927,95.5505371,0.77734375,-29.4568825,0.62109375,250.380976,929.022324,1.15875355,13.7380841,49.0023203,0.411348286,26.0107346,0.8046875,-22.9915857,0.62109375,83.2099301,435.657454,-2.48958423,0.116736217,-7.93934248,0.263576125,-7.7350299,0.254801669,-0.949073746,0.303305673,-9.90056894,0.0549655707,-3.80300472,0.201338662,-5.07320486,0.175138019,3.4052202,0.495681009,-5.86705401,0.0982520473,-6.78904296,0.237230095,-4.08036,0.362332126,-1.80542358,0.231604452,4.03351493,0.0432864766,-2.98603824,0.0358914332,0.992844861,0.187194107,-5.21064378,-0.264076557,0.612309399,0.612309399,0,0.915019828,0.915019828,0,0.531744274,0.535072922,-3.90625,0.977927748,0.977927748,0,0.994028603,0.994028603,0,0.977764037,0.977764037,0,0.940389588,0.940389588,0,0.990804297,0.990804297,0,0.941934127,0.943922129,-3.90625
VisualCogA_Task-1.mat,A,Task-1,97,R,1,-1,14.2138262,6.44731461,26.6991162,3.5989616,24.2907391,0.37890625,-2.40837717,0.25390625,6.50770689,320.898035,-105.34568,12.9851107,40.0833969,-26.3403668,-83.2227325,0.2734375,-123.306129,0.5,-172.131511,307.595428,-110.360826,13.9680352,44.006073,-27.5790391,-87.3549042,0.27734375,-131.360977,0.49609375,-181.251596,373.517242,-5.01514623,3.17758888,13.5298843,-1.23867229,2.31369019,0.3203125,-11.2161942,0.2578125,-9.12008526,227.813049,-0.573289426,16.6217107,74.4119186,-0.327019014,47.3813248,0.8984375,-27.0305939,0.71484375,22.3364378,578.776757,-54.6029846,45.4127673,164.182064,-19.1031501,57.0542412,0.8984375,-107.127823,0.5859375,424.194975,626.184746,-59.762508,48.7190545,185.774765,-20.9390395,74.4011002,0.8984375,-111.373665,0.60546875,443.923509,732.324043,-5.15952345,6.35159122,32.8102722,-1.83588946,17.346859,0.8984375,-15.4634132,0.75390625,19.7285344,286.11184,13.7009343,0.554129702,2.93403695,0.202381033,-2.76168052,0.0471270383,1.11764687,0.130503822,5.87256271,0.869536669,0.655561495,0.036392116,-0.687279524,0.0146603211,-0.177511851,0.0305966347,8.59024896,0.818154151,1.23709984,0.0623900446,-3.21997738,0.0152923093,1.7908174,0.0544796966,2.71768625,-0.0513825182,0.581538345,0.0259979286,-2.53269786,0.000631988143,1.96832925,0.0238830619,-0.0555998542,0.525455243,54.6875,0.108030934,-0.553838854,-66.40625,0.974828792,0.974828792,0,0.438956033,0.438956033,0,0.498255119,0.498255119,0,0.993353308,0.993353308,0,-0.109594553,-0.636837893,-70.3125,-0.0354564186,-0.620610194,-74.21875,0.993318401,0.993318401,0
VisualCogA_Task-1.mat,A,Task-1,98,L,0,-1,-2.81243137,8.38668467,33.619873,-0.691667582,11.2933178,0.3515625,-22.3265553,0.47265625,-72.8249179,500.71958,27.2108208,5.88884611,22.0350666,6.79657313,39.3750687,0.39453125,17.3400021,0.29296875,38.9771749,498.98703,-3.87496765,10.3876938,36.581461,-0.951264833,11.9576931,0.31640625,-24.6237679,0.48046875,-117.766089,500.306728,-31.0857884,12.5186304,45.2842569,-7.74783797,-13.3452349,0.3125,-58.6294918,0.4921875,-156.743264,383.668567,-26.737831,7.26444125,29.9412889,-9.33665461,-9.12184429,0.55078125,-39.0631332,0.7578125,-10.8131544,556.454225,7.77905935,16.4367525,61.1105347,2.60212455,46.8155708,0.86328125,-14.2949638,0.59765625,103.546376,590.311846,-16.1703801,13.9715965,52.3646369,-5.60043513,7.42662191,0.625,-44.938015,0.83984375,-113.556637,551.440169,-23.9494394,27.5692094,95.0997825,-8.20255969,16.1503921,0.59765625,-78.9493904,0.859375,-217.103013,698.983615,-2.80529011,0.299547102,-2.82457105,0.0968566394,-0.170423705,0.347873701,6.58918779,0.214108048,1.13106343,0.482221848,4.25913957,0.229299394,0.960151575,0.121821064,3.31108686,0.0813591528,-4.49437145,0.311321766,0.937403409,0.209110487,-3.68720139,0.165361314,5.42794918,0.232004619,-5.62543488,-0.170900082,-3.32173616,-0.0201889067,-4.64735296,0.04354025,2.11686233,0.150645466,0.160605313,-0.617646101,66.40625,0.93542879,0.93542879,0,-0.115522837,-0.521667717,-66.40625,0.321227555,0.377244485,70.3125,0.439830093,0.537601437,-78.125,-0.64161103,-0.703070601,19.53125,0.40847144,0.40847144,0,0.75668574,0.75668574,0,-0.154969284,-0.254726566,23.4375
VisualCogA_Task-1.mat,A,Task-1,99,L,0,-1,-7.49786862,7.60123032,30.347888,-1.85235877,6.20672321,0.35546875,-24.1411648,0.30078125,-15.0585338,527.695177,-5.039159,6.75241232,25.2505603,-1.2650558,6.02592611,0.265625,-19.2246342,0.296875,-41.8330322,429.754605,-14.1214357,6.56057448,24.9161584,-3.50416311,-2.89016938,0.35546875,-27.8063278,0.30078125,2.55592715,401.890911,-9.08227667,6.77592013,32.5025439,-2.23910732,4.86539268,0.3984375,-27.6371512,0.25,44.3889593,360.124569,7.15812319,33.2896187,110.715555,2.42137188,84.5394211,0.8671875,-26.1761341,0.6796875,267.539621,771.083972,13.8296921,26.3008561,85.3277597,4.71916575,71.474884,0.86328125,-13.8528757,0.72265625,206.245435,588.231528,5.77516401,39.2859279,125.04282,1.92231911,91.5553284,0.87109375,-33.4874916,0.59375,330.007834,832.330624,-8.05452811,14.608023,60.7790186,-2.79684664,30.7094002,0.87890625,-30.0696185,0.58984375,123.762399,508.733393,-5.58383158,0.111308105,-6.79783252,0.114019743,-1.34476668,0.446618434,1.54931653,0.274866363,3.80497591,0.135383353,0.16037433,0.332102031,-4.79863921,0.208433228,-1.51603456,0.229793526,-2.20233328,0.270881531,-0.62441404,0.15363032,-2.27675237,0.251231537,5.04781174,0.260535655,-6.00730919,0.135498178,-0.78478837,-0.178471711,2.52188684,0.0427983086,6.56384629,0.0307421294,0.75557211,0.812239033,3.90625,0.879078774,0.879078774,0,0.482205434,0.625345347,-7.8125,0.982170191,0.982170191,0,0.994933415,0.994933415,0,0.978329499,0.978329499,0,0.952346368,0.952346368,0,0.987339466,0.987339466,0,0.942967846,0.942967846,0
VisualCogA_Task-1.mat,A,Task-1,100,R,1,-1,12.1695342,4.00235468,14.8820972,3.06198303,20.8760452,0.3984375,5.99394798,0.46875,-1.38232379,333.436249,18.2924151,6.89438695,25.0059881,4.5884266,31.3345146,0.3984375,6.3285265,0.4765625,-18.00904,356.112045,9.20008752,6.98676292,24.9045668,2.32937029,18.018837,0.3984375,-6.88572979,0.25390625,62.4246693,378.214278,-9.09232756,10.595758,36.6539464,-2.25905632,7.32658911,0.47265625,-29.3273573,0.37109375,80.4337093,474.324739,15.6862494,25.888949,87.3418903,5.36657918,67.7760849,0.88671875,-19.5658054,0.75390625,159.335967,511.756253,27.8681198,28.6436418,92.0881948,9.59630708,89.5760422,0.8515625,-2.51215267,0.7109375,198.371861,535.542527,16.5018563,27.7834636,100.379555,5.64814518,75.4873734,0.875,-24.8921814,0.7578125,176.972872,628.780583,-11.3662635,9.59423803,43.2821659,-3.9481619,6.8505072,0.703125,-36.4316587,0.7578125,-21.398989,552.719044,7.00370098,0.257451535,-4.98311266,0.188534255,-12.83949,0.0603387158,-0.786801787,0.431937529,-1.69247261,0.266108599,-1.30570561,0.241100565,-7.98522019,0.142293032,3.13339122,0.254102018,-3.14716093,0.195019685,-6.1392999,0.160367293,-4.3343798,0.110793183,-0.215428067,0.461318421,-1.45468832,-0.0710889143,-4.8335943,-0.0807332715,3.65084039,-0.0314998497,-3.34881928,0.207216402,0.334985677,0.443413301,42.96875,0.581727543,-0.620819861,58.59375,-0.165277598,0.563919863,-46.875,0.960859628,0.960859628,0,0.987579661,0.987579661,0,0.942631785,0.942631785,0,0.943425579,0.943425579,0,0.961198766,0.961198766,0,0.899167408,0.899167408,0
VisualCogA_Task-2.mat,A,Task-2,1,R,1,-1,7.27525303,6.83789025,31.1529408,1.81688038,21.501236,0.31640625,-9.65170479,0.44140625,-40.4988806,373.310465,70.8783318,10.4755932,35.3424149,17.7542712,83.8195648,0.41015625,48.47715,0.25,123.816431,314.733582,48.4821085,9.60236821,38.1395092,12.1445267,68.4618454,0.31640625,30.3223362,0.4453125,-79.5416454,389.477188,-22.3962233,16.3953165,49.3895531,-5.60974451,1.52447891,0.3046875,-47.8650742,0.45703125,-203.358077,340.981995,-4.31943001,27.6718742,97.1827507,-1.42158769,59.2423782,0.7265625,-37.9403725,0.875,8.28221597,690.131403,32.5371639,33.5293718,124.299662,11.4117286,105.055405,0.7265625,-19.244257,0.875,-119.861361,792.93632,0.0035959618,31.8806801,116.387802,0.0712895357,64.5504074,0.7265625,-51.8373947,0.88671875,-127.533305,701.843337,-32.5335679,5.81440982,21.9632769,-11.3404391,-19.2677946,0.55078125,-41.2310715,0.58984375,-7.67194419,326.954453,6.21346709,0.456903536,-0.12349609,0.159086925,2.35822417,0.22526373,1.29662169,0.0949281667,12.9903279,0.766325905,-0.396861826,0.0753151237,0.0888345612,0.0560582442,2.2279818,0.0217228583,7.68986725,0.726443521,7.68493328,0.0970784059,1.71070632,0.0780966099,1.04191599,0.03455875,-5.30046066,-0.0398823838,8.0817951,0.0217632822,1.62187176,0.0220383658,-1.1860658,0.0128358917,-0.310421899,-0.661472156,46.875,0.853083074,0.867913924,-3.90625,-0.332351829,-0.783483387,-46.875,0.912928336,0.912928336,0,0.890065172,0.890065172,0,0.98545793,0.98545793,0,0.588217589,0.588217589,0,0.776502561,0.776502561,0,0.777848516,0.777848516,0
VisualCogA_Task-2.mat,A,Task-2,2,L,0,-1,17.3766679,8.67242418,28.0945678,4.34489241,32.9047852,0.4765625,4.81021738,0.33203125,76.3468655,356.167274,-27.7565291,6.24466136,24.949708,-6.93506431,-13.0172834,0.4765625,-37.9669914,0.30859375,67.1433068,299.177002,12.6817246,11.2968379,36.7791524,3.17468995,31.7562408,0.4765625,-5.02291155,0.25,133.241691,337.111347,40.4382537,7.07876088,28.9163904,10.1097543,54.4537086,0.38671875,25.5373182,0.265625,66.0983843,288.957899,41.7784503,30.3408928,104.388379,14.6182177,105.101814,0.7578125,0.713435054,0.65234375,180.997925,709.667445,19.0386736,38.3549596,116.901642,6.7081239,87.5434036,0.7578125,-29.3582382,0.55078125,269.828057,615.415933,62.2787288,32.6031748,114.007776,21.766379,132.482452,0.7578125,18.4746761,0.65234375,178.248287,781.2619,43.2400552,11.1451617,46.2299633,15.0582551,64.3777428,0.625,18.1477795,0.8984375,-91.5797707,472.742215,-1.52366194,0.424012979,-0.941856159,0.110254453,3.54663146,0.318213152,-0.955005915,0.0684939597,-12.1238699,0.440136598,-7.97640775,0.17318691,-6.20913652,0.120091807,0.548784733,0.217460206,-3.92637984,0.659587724,-2.52199499,0.0610770921,-0.292698855,0.163418591,-1.87930599,0.0449035286,8.19749009,0.219451125,5.45441276,-0.112109818,5.91643766,0.0433267836,-2.42809073,-0.172556677,0.809274082,0.809274082,0,0.921989761,0.921989761,0,0.825753822,0.825753822,0,0.97598043,0.97598043,0,0.994355323,0.994355323,0,0.963561744,0.963561744,0,0.952608438,0.953117976,-3.90625,0.964776999,0.964776999,0,0.949030179,0.950092535,3.90625
VisualCogA_Task-2.mat,A,Task-2,3,L,0,-1,-17.1627815,20.6151646,87.4153481,-4.40903759,49.7811127,0.5,-37.6342354,0.4296875,139.320606,702.533348,-24.7281509,21.9049502,90.3525314,-6.2938271,44.4178238,0.5,-45.9347076,0.3515625,185.289623,659.804016,-29.0074215,22.6024793,94.1607246,-7.38462006,42.2152863,0.5,-51.9454384,0.4296875,154.065909,777.054825,-4.27927068,7.72161596,31.1235809,-1.09079296,14.9798622,0.34375,-16.1437187,0.43359375,-31.2237135,421.260384,10.2379893,16.0692523,71.3332062,3.43818532,63.8110619,0.55078125,-7.52214432,0.73828125,-44.3174329,453.00922,-11.0759573,17.8969931,78.9537849,-4.00008727,46.5919609,0.55078125,-32.361824,0.734375,-46.931834,480.130112,-2.73265675,16.8137075,74.219553,-1.07177608,55.0781784,0.55078125,-19.1413746,0.73828125,-44.2733603,441.056477,8.34330054,6.99491325,29.0851384,2.92831119,23.0976877,0.6953125,-5.98745072,0.8984375,2.65847368,468.87187,4.46385178,0.52636282,3.02354608,0.329335531,-11.9189359,0.00841084882,0.759812773,0.0144784357,3.45481208,0.541166114,2.22844409,0.306686881,-8.58169949,0.020762566,-3.24338251,0.0120889313,5.74707129,0.530809084,4.29947859,0.321895996,-9.6269402,0.00906803597,2.51678231,0.0171963308,2.29225921,-0.0103570301,2.07103451,0.015209115,-1.0452407,-0.01169453,5.76016482,0.00510739956,0.953599869,0.953599869,0,0.995767127,0.995767127,0,0.940278663,0.940278663,0,0.950186523,0.950186523,0,0.972089737,0.972089737,0,0.920649794,0.920649794,0,0.942101393,0.943384186,3.90625,0.988407865,0.988407865,0,0.943791261,0.944121037,-3.90625
VisualCogA_Task-2.mat,A,Task-2,4,L,0,-1,-14.9638595,4.63295903,21.5961645,-3.75463784,-1.40389276,0.49609375,-23.0000572,0.46484375,7.33965318,321.834587,-11.4420973,4.37556984,15.5058141,-2.86351946,-5.16521597,0.30859375,-20.67103,0.390625,-28.419691,260.116863,-19.922066,5.00549306,20.3668442,-4.96786847,-10.3610649,0.35546875,-30.7279091,0.46484375,-37.6213402,365.024628,-8.47996864,4.15519345,15.5604095,-2.10434901,0.138355255,0.390625,-15.4220543,0.41796875,-9.20164922,297.930954,5.35393198,30.0548801,97.1592903,1.8451844,64.9853363,0.578125,-32.173954,0.859375,-276.992601,434.933779,3.94714117,33.9157256,104.494263,1.37169927,68.9233475,0.57421875,-35.5709152,0.87109375,-316.104753,430.380933,-0.117329274,31.8240821,103.332859,-0.0520103294,63.9946709,0.578125,-39.3381882,0.85546875,-292.012208,455.474164,-4.06447045,4.279929,19.98246,-1.4237096,5.79485893,0.8984375,-14.1876011,0.64453125,24.0925455,263.628877,9.94848795,0.556309343,14.8149587,0.25405551,-2.4593703,0.0390366457,1.49851667,0.0403140966,10.3276889,0.531834663,18.9004006,0.278897832,-0.64005911,0.0458951345,2.54621267,0.030248819,12.8121693,0.508227753,17.1309131,0.300322434,1.26411243,0.045953329,0.52328312,0.0293047478,2.48448044,-0.0236069097,-1.76948752,0.0214246018,1.90417154,5.81944488e-05,-2.02292955,-0.000944071267,0.665681772,0.682072977,3.90625,0.584364516,0.584364516,0,0.614900047,0.719776384,-7.8125,0.995773281,0.995773281,0,0.9976188,0.9976188,0,0.993541025,0.993541025,0,0.975007705,0.975007705,0,0.987461109,0.987461109,0,0.979293189,0.979293189,0
VisualCogA_Task-2.mat,A,Task-2,5,R,1,-1,-4.80026297,4.09600684,17.6885304,-1.18210237,3.76355028,0.46875,-13.9249802,0.5,-4.99121196,301.73891,25.1046763,7.60395717,28.8220177,6.29405475,41.374157,0.47265625,12.5521393,0.2578125,93.5579807,315.434727,19.6325088,3.24599778,12.5239439,4.92006379,24.9201813,0.33984375,12.3962374,0.40625,7.85877938,223.628956,-5.4721675,6.83022145,23.0177774,-1.37399096,4.5178442,0.25,-18.4999332,0.4765625,-85.6992013,241.347336,13.5776192,38.1387912,120.112234,4.69850196,93.6135635,0.83203125,-26.4986706,0.65625,302.634735,704.488494,46.0253516,39.127958,123.775356,15.9885232,131.165512,0.828125,7.39015627,0.6640625,291.171547,739.579241,37.892336,39.3994479,121.179468,13.1501306,121.494087,0.83203125,0.314619362,0.66015625,294.499968,759.976176,-8.13301563,3.78206406,14.6045275,-2.83839262,-0.529533386,0.875,-15.1340609,0.70703125,3.32842066,254.045844,1.41466903,0.257503024,-1.36212358,0.0837332144,10.6692354,0.362993788,1.58144432,0.215758832,3.29482295,0.689126948,0.202352702,0.0809264918,1.40232779,0.0722562812,-1.93981277,0.079814773,15.522641,0.453108507,3.21913179,0.051410913,17.2772906,0.21232883,4.43909316,0.215940811,12.227818,-0.236018441,3.01677909,-0.0295155788,15.8749628,0.140072549,6.37890593,0.136126038,0.280791334,-0.341640385,-58.59375,0.770757432,0.770757432,0,0.439680025,0.452395511,3.90625,0.992449563,0.992449563,0,0.995291355,0.995291355,0,0.995384627,0.995384627,0,0.913607577,0.913607577,0,0.971357427,0.971357427,0,0.967789482,0.967789482,0
VisualCogA_Task-2.mat,A,Task-2,6,L,0,-1,-72.3002791,12.1812806,37.588356,-18.0806783,-53.3658752,0.28125,-90.9542313,0.36328125,-132.503707,443.059265,-81.9517119,8.59464468,28.165329,-20.4877779,-68.3711319,0.27734375,-96.5364609,0.40625,-89.9658033,409.17923,-85.5328506,10.6118815,37.3514404,-21.3761386,-66.2903671,0.28515625,-103.641808,0.36328125,-106.661058,480.8367,-3.58113873,5.05875242,19.704483,-0.888360649,7.84560394,0.296875,-11.8588791,0.25,-16.695255,337.925293,83.7332233,54.132962,198.834602,29.3169594,139.964981,0.84765625,-58.8696213,0.55078125,451.443645,995.292179,57.4973743,41.3883668,160.861946,20.1863217,95.7434998,0.69921875,-65.1184464,0.55078125,314.497284,890.340283,112.893979,71.482199,252.111496,39.4888387,180.399582,0.8515625,-71.7119141,0.55078125,632.917165,948.15963,55.3966051,33.4776591,115.77486,19.302517,102.447311,0.88671875,-13.327549,0.5625,318.419881,540.97828,2.49327623,0.827989946,-5.03537543,0.0959121952,-7.07733375,0.00530062934,4.47363216,0.00991093722,1.92915056,0.804093071,-5.43099366,0.111275196,-9.01591219,0.00396305799,4.02661975,0.0157034465,4.67662765,0.834230978,-4.66809717,0.0935885655,-4.62548542,0.00637402991,2.40777089,0.00571258471,2.74747709,0.030137907,0.76289648,-0.0176866303,4.39042677,0.00241097192,-1.61884886,-0.00999086181,0.948249559,0.948249559,0,0.971237814,0.971237814,0,0.882014971,0.882014971,0,0.988411348,0.988411348,0,0.990570071,0.990570071,0,0.963644983,0.963644983,0,0.995849898,0.995849898,0,0.997009756,0.997009756,0,0.989958747,0.989958747,0
VisualCogA_Task-2.mat,A,Task-2,7,R,1,-1,21.4276645,5.54247653,22.6276693,5.39411223,33.5119858,0.35546875,10.8843164,0.25,18.5175509,327.423141,7.67031457,7.69055511,30.0299301,1.94321875,19.0471382,0.45703125,-10.9827919,0.25,93.0428825,249.376371,17.3333278,4.68222373,22.1251898,4.36489271,28.0939484,0.35546875,5.96875858,0.25,19.1905772,302.124283,9.66301322,5.88050954,20.0298448,2.42167397,19.3729424,0.26953125,-0.656902313,0.5,-73.8523053,217.091249,44.7681352,33.2171775,117.778142,15.6997328,117.708313,0.62890625,-0.0698287338,0.83984375,-204.72355,803.254503,63.1965747,35.7808951,127.964133,22.1356421,138.733582,0.62890625,10.7694483,0.55078125,-184.190652,815.84564,66.032502,29.5097636,121.923841,23.1125852,131.517014,0.6328125,9.59317303,0.55078125,-108.006908,827.739765,2.83592724,10.1211945,38.116066,0.976943105,24.5811386,0.8046875,-13.5349274,0.66015625,76.183744,301.518478,18.153449,0.548593367,17.1055059,0.298777105,0.507633308,0.0194013779,-2.23368874,0.0293947219,19.9778085,0.662819992,14.5483346,0.223657497,1.73989827,0.0163846234,-2.34960599,0.0184015692,17.321574,0.627212926,16.6179792,0.24538281,2.51752686,0.0159388888,-2.68599857,0.0186930379,-2.65623445,-0.0356070666,2.06964464,0.0217253128,0.777628589,-0.000445734526,-0.33639258,0.000291468715,0.6365636,0.6365636,0,0.949065014,0.949065014,0,0.645499655,0.645499655,0,0.980045181,0.980045181,0,0.951105661,0.951105661,0,0.970114433,0.970114433,0,0.929605855,0.929605855,0,0.915615678,0.916074554,-3.90625,0.97973539,0.97973539,0
VisualCogA_Task-2.mat,A,Task-2,8,R,1,-1,-37.9883565,11.017103,41.0311852,-9.49620214,-20.2536774,0.33203125,-61.2848625,0.4765625,-108.845462,587.794006,-44.3350241,6.7231704,22.5603447,-11.0861792,-34.2060127,0.27734375,-56.7663574,0.48046875,-74.1086538,328.902496,-45.6633088,11.2525049,41.0536709,-11.3916866,-28.4670963,0.33203125,-69.5207672,0.48046875,-115.369647,444.800903,-1.32828463,7.0659822,28.2577934,-0.305507414,12.3237724,0.33984375,-15.934021,0.5,-41.2609933,337.885269,55.3558253,38.3837326,154.160217,19.3518068,105.04184,0.8984375,-49.1183777,0.55078125,340.1728,833.702587,45.8068907,28.2403318,128.069977,16.0761273,76.2266159,0.84375,-51.8433609,0.55078125,198.209025,750.787241,70.4184126,56.7875427,209.308235,24.5923742,146.663452,0.8984375,-62.644783,0.55078125,533.044407,923.071388,24.6115219,35.6828476,106.270729,8.5162469,80.5569534,0.8984375,-25.7137756,0.62109375,334.835382,510.432675,11.9963375,0.670527856,12.2710126,0.170170963,5.20644629,0.045344682,2.71455475,0.0291545663,10.5688395,0.688469884,13.4065203,0.162288164,7.40411028,0.0491747834,0.250074125,0.0128844758,15.0315896,0.711223486,13.5008097,0.170022869,0.337782944,0.0200436774,-0.368186616,0.0126473857,4.46275006,0.0227536017,0.0942894381,0.00773470499,-7.06632734,-0.0291311061,-0.618260741,-0.000237090163,0.802799106,0.802799106,0,0.944377598,0.944377598,0,0.805603047,0.814700131,-3.90625,0.928815741,0.928815741,0,0.982763262,0.982763262,0,0.857104623,0.857104623,0,0.976185344,0.976185344,0,0.990486952,0.990486952,0,0.948489426,0.948489426,0
VisualCogA_Task-2.mat,A,Task-2,9,L,0,-1,13.8483336,5.94845995,31.9508865,3.48804904,29.4166965,0.28515625,-2.53418994,0.25390625,8.47981931,407.257421,23.7529388,6.46748673,20.1197052,5.93017548,35.5329285,0.28515625,15.4132233,0.3515625,33.0629739,402.563362,23.4385643,4.85638435,21.4043398,5.88006685,32.781189,0.28515625,11.3768492,0.2578125,18.8841079,334.320477,-0.314374469,6.27881999,23.3918619,-0.0501086283,11.762248,0.35546875,-11.6296139,0.49609375,-14.178866,343.557903,44.9779992,35.1138868,123.576783,15.6767847,123.090935,0.8046875,-0.48584795,0.62890625,281.210263,713.920553,68.8178339,40.4530935,126.710981,23.9963186,150.49527,0.80078125,23.7842884,0.55859375,327.877439,764.972217,62.4486516,35.9200646,118.96417,21.769522,131.235153,0.8046875,12.2709837,0.6328125,290.846473,696.125768,-6.36918234,6.8699595,28.8202534,-2.22679657,7.08175087,0.5859375,-21.7385025,0.79296875,-37.0309655,339.001712,-17.5998824,0.0635795045,5.41829148,0.299362681,5.86714198,0.202192707,-1.07769086,0.357108588,-19.0926349,0.100263348,-1.96811912,0.214296297,3.21164171,0.307228147,-2.45787449,0.290782401,-18.0865654,0.116420177,-0.812509533,0.207195057,-1.62046643,0.181877599,-0.181493913,0.412144602,1.00606949,0.0161568293,1.15560959,-0.00710124037,-4.83210814,-0.125350548,2.27638058,0.1213622,0.601546736,0.601546736,0,0.796714262,0.796714262,0,0.413728595,-0.527499978,-23.4375,0.990048142,0.990048142,0,0.989462674,0.989462674,0,0.9908305,0.9908305,0,0.97667824,0.97667824,0,0.98187897,0.98187897,0,0.987732999,0.987732999,0
VisualCogA_Task-2.mat,A,Task-2,10,L,0,-1,-6.43409054,5.06031523,19.5851991,-1.60225146,2.79127669,0.359375,-16.7939224,0.421875,-31.4632317,274.929998,37.0180114,4.15426769,16.6939774,9.27686822,44.9636574,0.35546875,28.26968,0.25390625,5.61141607,336.539261,0.379063846,4.91160816,17.5015655,0.102123519,7.61048937,0.36328125,-9.89107609,0.45703125,-38.6563668,203.429032,-36.6389475,5.32478475,24.1724372,-9.17474471,-27.0604606,0.2578125,-51.2328978,0.453125,-44.2677828,316.294174,16.457547,30.9714217,103.277374,5.831547,86.796196,0.67578125,-16.4811783,0.8984375,-71.8976263,704.829693,60.7459314,33.84933,110.28529,21.2333813,133.318115,0.671875,23.0328255,0.8515625,-98.6454159,696.041032,17.1546122,31.8191762,107.747337,6.07269113,88.7950516,0.671875,-18.9522858,0.8984375,-92.3970332,725.432922,-43.5913192,4.58120776,19.4971867,-15.1606901,-31.1993103,0.85546875,-50.696497,0.76171875,6.24838266,249.317358,17.4895535,0.643799196,15.2103389,0.149230754,4.56391194,0.103702698,0.251574383,0.0404709918,4.56525538,0.712840787,8.28726165,0.126472519,3.91958564,0.0704564579,-1.12526294,0.0358124813,11.840201,0.653570821,17.736376,0.136184491,3.21619496,0.0975864864,0.240733297,0.0352098029,7.27494559,-0.0592699655,9.44911439,0.00971197254,-0.703390677,0.0271300285,1.36599624,-0.000602678421,0.637958911,0.637958911,0,0.822065937,0.822065937,0,0.319261317,0.451725998,-35.15625,0.994395361,0.994395361,0,0.994675436,0.994675436,0,0.992170364,0.992170364,0,0.949247874,0.949247874,0,0.985910004,0.985910004,0,0.931750271,0.931750271,0
VisualCogA_Task-2.mat,A,Task-2,11,R,1,-1,-4.4666354,7.0860191,26.3030291,-1.09566985,10.3376598,0.296875,-15.9653692,0.42578125,-47.8839113,382.762291,21.9591787,6.25299873,21.8565702,5.50120709,33.4752502,0.46484375,11.61868,0.26171875,27.3096438,308.621365,-5.73611362,6.12004432,22.8097,-1.42700608,5.59849167,0.29296875,-17.2112083,0.421875,-41.2335416,392.649096,-27.6952923,7.02447205,24.205372,-6.92821318,-14.3399519,0.390625,-38.5453238,0.45703125,-68.5431853,321.992945,124.365308,22.6231994,119.244411,43.4101466,146.253006,0.69921875,27.0085945,0.55078125,112.109312,757.036989,149.927197,19.6828572,99.2876434,52.2978212,176.798264,0.59765625,77.5106201,0.55078125,-55.3236795,762.405197,171.506369,36.2802432,166.808353,59.8715507,202.718887,0.78125,35.9105339,0.55078125,256.298965,703.892567,21.5791718,33.6346023,115.607224,7.57372952,67.8133316,0.8671875,-47.7938919,0.56640625,311.622644,603.775928,17.3617574,0.712340506,8.28701629,0.149898826,2.76053961,0.0440518067,-2.52168141,0.00736073977,18.0925824,0.722727604,17.3669635,0.149767138,4.45510659,0.0362460303,1.15528054,0.005637864,17.9753976,0.78362911,15.724233,0.1137582,0.468875569,0.0221988048,-4.92587018,0.00395512715,-0.117184823,0.0609015059,-1.64273047,-0.0360089384,-3.98623102,-0.0140472255,-6.08115072,-0.00168273685,0.425034726,0.425034726,0,0.957273668,0.957273668,0,0.355535703,0.355535703,0,0.667012829,0.667012829,0,0.924449704,0.924449704,0,0.40077396,-0.464498424,42.96875,0.97847165,0.978502435,3.90625,0.993850558,0.993850558,0,0.963022444,0.964207987,-3.90625
VisualCogA_Task-2.mat,A,Task-2,12,R,1,-1,34.8263427,7.49833973,32.0811386,8.73430957,45.931778,0.31640625,13.8506393,0.25,40.5963294,397.733032,118.604779,7.34382961,28.5963287,29.6360277,136.090607,0.5,107.494278,0.36328125,83.7772726,317.486115,91.9130567,11.0802371,49.5261307,23.0280119,107.129311,0.31640625,57.6031799,0.25,68.6745505,476.555756,-26.6917223,10.1904266,42.6629181,-6.60801585,-8.6183548,0.31640625,-51.2812729,0.25,-15.102722,383.898438,48.3459059,36.7367049,132.134216,16.7509583,134.478851,0.56640625,2.34463525,0.875,-338.062657,639.63917,126.025764,44.4573751,153.955635,43.7656994,226.442001,0.5703125,72.4863663,0.87109375,-417.899204,694.946498,106.749009,44.6959364,155.698421,37.0436122,208.241974,0.56640625,52.5435524,0.875,-411.025303,678.856742,-19.2767559,7.49686569,32.2165298,-6.72208728,-4.86844635,0.83984375,-37.0849762,0.76171875,6.87390065,400.205956,9.93765424,0.51247369,13.1123292,0.289571212,1.04399706,0.0653168998,-0.380637329,0.0214056946,1.81576225,0.610072651,10.9852192,0.238154827,-0.357971465,0.030859043,-0.336085342,0.0261678869,9.88155914,0.564035719,16.0970503,0.253402533,1.897266,0.0642158755,0.868142714,0.0123708066,8.06579689,-0.0460369323,5.11183111,0.0152477062,2.25523746,0.0333568325,1.20422806,-0.0137970803,0.454001587,0.57325586,-78.125,0.969987677,0.969987677,0,0.447692417,0.483111947,78.125,0.992029461,0.992029461,0,0.996533294,0.996533294,0,0.9858721,0.9858721,0,0.943959894,0.943959894,0,0.970955861,0.970955861,0,0.96796773,0.96796773,0
VisualCogA_Task-2.mat,A,Task-2,13,R,1,-1,22.7131376,10.6951179,38.9729671,5.63876383,47.3832436,0.26171875,8.41027641,0.4453125,-113.305888,364.57515,54.2754853,8.34260814,32.0430794,13.5257688,71.78582,0.265625,39.7427406,0.37890625,-25.4967319,357.362061,47.0300444,6.85537803,28.4688377,11.7233348,62.8262672,0.2578125,34.3574295,0.38671875,-35.388572,424.768784,-7.24544085,5.05066352,17.282711,-1.80243399,1.46434402,0.34375,-15.818367,0.28125,-9.89184011,302.670517,32.9911045,40.9142841,130.809903,11.3573119,116.720146,0.87109375,-14.089757,0.62890625,339.044959,569.328141,73.5723626,23.1636683,79.8576469,25.5243406,123.631363,0.859375,43.773716,0.73046875,143.998282,537.534915,50.3461003,37.0585671,116.429888,17.3752664,127.853401,0.87890625,11.4235134,0.7265625,266.794724,529.754872,-23.2262623,16.04956,60.0540295,-8.14907423,15.9815369,0.89453125,-44.0724926,0.6640625,122.796441,317.085564,22.8906347,0.618966156,10.5464877,0.235172088,2.38442662,0.0248043832,2.91350038,0.0227169984,14.6123831,0.570333162,16.5594326,0.264893233,11.5271253,0.0427212272,-0.196257898,0.0140254632,11.0172833,0.535217951,11.8073937,0.305169085,1.75454323,0.0219829082,4.38222849,0.0341168349,-3.5950998,-0.0351152115,-4.75203892,0.0402758521,-9.77258206,-0.0207383189,4.57848639,0.0200913716,0.747399347,0.747399347,0,0.833503548,0.833503548,0,0.79632241,0.79632241,0,0.931884318,0.931884318,0,0.977873218,0.977873218,0,0.9624189,0.9624189,0,0.853508029,0.853508029,0,0.955579043,0.955579043,0,0.902844694,0.902844694,0
VisualCogA_Task-2.mat,A,Task-2,14,L,0,-1,-30.9214769,10.3816362,44.6800132,-7.77489928,-6.20389414,0.5,-50.8839073,0.3828125,-23.2160981,609.679586,15.0354191,11.4225495,57.6389187,3.69491098,57.292942,0.5,-0.345976621,0.3828125,29.8562813,598.260344,-31.0570177,9.06265001,45.120892,-7.80149361,-1.88797712,0.5,-47.0088692,0.3828125,27.9168515,582.293108,-46.0924369,4.76536002,21.5207047,-11.4964046,-37.6602144,0.35546875,-59.1809192,0.5,-1.9394298,355.891141,84.870946,18.8057839,70.1519699,29.6039719,124.203476,0.8046875,54.051506,0.55078125,126.373919,590.458962,121.76912,11.5750062,51.1464844,42.3605507,144.835907,0.7890625,93.6894226,0.59765625,70.1231774,517.891613,120.254878,26.4833954,93.4157715,41.9525654,168.672653,0.80859375,75.2568817,0.55078125,189.988464,666.24774,-1.51424264,17.4344503,68.9978409,-0.40798533,30.9948425,0.80859375,-38.0029984,0.55078125,119.865286,572.910815,20.1451307,0.749351854,19.3335521,0.136372348,-0.0601017056,0.0149064438,3.68845723,0.0141142136,14.6533416,0.689249484,10.2974119,0.176853358,3.87131051,0.029019203,6.62308958,0.011431492,27.8519476,0.774975212,14.6658863,0.115167191,1.74975712,0.0161320337,3.57495917,0.011087145,13.1986061,0.0857257279,4.36847442,-0.0616861674,-2.12155338,-0.0128871693,-3.04813041,-0.000344346977,0.89240428,0.89240428,0,0.876944605,0.876944605,0,0.917215187,0.917215187,0,0.887516202,0.887516202,0,0.98404571,0.98404571,0,0.866740832,0.866740832,0,0.976975808,0.976975808,0,0.99607684,0.99607684,0,0.975503924,0.975503924,0
VisualCogA_Task-2.mat,A,Task-2,15,L,0,-1,-22.0852096,16.1556422,69.0477772,-5.59298054,30.7882824,0.5,-38.2594948,0.25,122.201111,480.905693,-39.3335204,20.3243181,90.0784359,-9.9453284,28.7800388,0.5,-61.2983971,0.42578125,126.766113,608.612099,-39.0989587,15.2594581,69.716444,-9.87395396,16.7056637,0.5,-53.0107803,0.4296875,106.384331,495.012825,0.234561656,6.60047195,23.9222074,0.0713744387,9.19865036,0.41796875,-14.723557,0.4921875,-20.3817816,326.03986,109.432971,12.9674847,66.7329025,38.1180053,136.694839,0.80078125,69.961937,0.8984375,-48.2578474,653.90241,82.5029544,16.1966737,61.2000923,28.6988933,110.314873,0.5625,49.1147804,0.8359375,-113.408848,670.14813,126.983489,16.4600086,86.0169601,44.2812469,164.96933,0.80078125,78.9523697,0.8984375,57.2976561,763.644531,44.4805351,22.400938,84.5221901,15.5823535,80.1644783,0.84765625,-4.35771179,0.5625,170.706504,652.178502,10.087047,0.742326265,15.367918,0.148037869,-6.52488829,0.00522546775,-4.44948877,0.00838583358,10.6692294,0.709931308,10.4183798,0.180086691,-8.39446733,0.00290691048,-5.97258513,0.00520365868,12.1736602,0.766418424,11.0498267,0.126444665,-2.20468684,0.0097898342,-1.7183822,0.00646393261,1.50443088,0.0564871157,0.631446897,-0.0536420253,6.18978049,0.00688292373,4.25420292,0.00126027393,0.983782167,0.983782167,0,0.97152813,0.97152813,0,0.971120247,0.971120247,0,0.819720228,0.819720228,0,0.585526134,0.585526134,0,0.0590067656,-0.434855215,35.15625,0.985323818,0.985323818,0,0.988044707,0.988044707,0,0.966516728,0.967839628,-3.90625
VisualCogA_Task-2.mat,A,Task-2,16,L,0,-1,8.29401561,6.06970238,24.9941626,2.0882245,16.8727684,0.375,-8.12139416,0.45703125,-5.37597712,392.642756,35.5993963,9.79891657,39.3235149,8.9168238,51.18367,0.4921875,11.8601551,0.25,111.772445,356.800194,23.0415194,6.0395178,25.6329327,5.78256292,35.8898888,0.375,10.2569561,0.25,12.3780877,344.273727,-12.5578769,8.04621672,28.6012402,-3.13426088,2.42200851,0.2734375,-26.1792316,0.5,-99.3943574,257.612564,45.6816967,34.7587505,111.613741,16.0041245,115.751114,0.72265625,4.13737297,0.578125,36.2169357,703.456228,94.8715836,36.2183124,115.127483,33.1195991,164.652954,0.71484375,49.5254707,0.57421875,51.8127621,690.441988,57.3884161,36.6381779,120.46916,20.0784144,134.048691,0.72265625,13.5795307,0.578125,33.7444011,745.271737,-37.4831675,4.82083321,21.0866432,-13.0411847,-26.1535034,0.73046875,-47.2401466,0.8671875,-18.068361,267.884683,-7.62295997,0.647779982,-10.6248572,0.137023377,-7.02567569,0.0870824541,-6.80405688,0.0851595357,-7.80571243,0.75418457,-12.0907484,0.0999955298,-6.48745508,0.0477240551,-7.03067193,0.0554525534,-7.93499902,0.674655219,-10.83419,0.14973646,-10.1711145,0.0407661224,-5.53175736,0.0812064048,-0.129286588,-0.0795293515,1.25655844,0.0497409303,-3.68365938,-0.00695793278,1.49891457,0.0257538515,0.402835161,-0.497793022,31.25,0.862506415,0.862506415,0,0.572423967,0.572423967,0,0.993579758,0.993579758,0,0.997787405,0.997787405,0,0.991309489,0.991309489,0,0.90821523,0.90821523,0,0.985890473,0.985890473,0,0.927283104,0.927283104,0
VisualCogA_Task-2.mat,A,Task-2,17,R,1,-1,34.0551148,34.8888716,102.627823,8.66191549,94.0140228,0.33984375,-8.61380005,0.27734375,-82.8237301,837.938929,35.566074,36.8612027,112.86754,9.04462996,99.2425766,0.33984375,-13.6249638,0.2578125,-44.4538013,877.832531,32.7110902,37.112767,112.333194,8.33669342,98.3640823,0.34375,-13.9691114,0.27734375,-78.2697007,893.733988,-2.85498373,4.44256064,17.0740123,-0.707936539,5.75037384,0.3984375,-11.3236384,0.5,-33.8158994,246.028961,-0.397022879,6.88696939,27.4256306,-0.120000075,13.9917364,0.88671875,-13.4338942,0.60546875,48.4358473,458.550647,-0.0670444934,5.93658622,25.3588858,-0.0193122307,11.8262739,0.8515625,-13.5326118,0.6015625,38.5278916,374.653079,-2.62805633,6.21930757,24.8287878,-0.892489399,9.33376884,0.74609375,-15.495019,0.6015625,41.6444543,400.610568,-2.56101183,3.90181753,16.339658,-0.873177168,5.62732768,0.734375,-10.7123303,0.69921875,3.11656272,256.596478,13.5619753,0.594595266,18.8209592,0.240876049,7.95833579,0.0544822902,-0.213359931,0.0107070953,6.55841869,0.589851624,20.2076522,0.250832497,6.57827154,0.0522055942,-0.857732217,0.00997731451,11.7506817,0.591246091,17.0054384,0.248630419,14.1775157,0.0513323235,-0.563545362,0.00650526877,5.19226299,0.00139446719,-3.20221378,-0.00220207817,7.59924415,-0.000873270745,0.294186854,-0.00347204573,0.994194536,0.994194536,0,0.997539622,0.997539622,0,0.992809666,0.992809666,0,0.849016182,0.849016182,0,0.953118464,0.953118464,0,0.794912627,0.794912627,0,0.978844239,0.978844239,0,0.995731765,0.995731765,0,0.975612559,0.975612559,0
VisualCogA_Task-2.mat,A,Task-2,18,R,1,-1,-4.95789917,6.8144215,26.398922,-1.2223685,9.40752411,0.3515625,-16.9913979,0.44140625,-40.3495754,330.361536,20.1731407,6.58317215,26.5883532,5.0585012,34.7003212,0.3515625,8.11196804,0.26953125,18.533886,332.98666,16.9460674,6.51056244,23.2915168,4.25770364,30.5447731,0.3515625,7.25325632,0.44140625,-17.161517,310.135715,-3.22707334,3.26447786,13.4715519,-0.800797563,2.70912743,0.296875,-10.7624245,0.484375,-35.6954031,176.747238,9.16470986,27.5160578,97.4871025,3.26326455,71.0159912,0.8203125,-26.4711113,0.69921875,196.457041,760.649096,41.4456555,30.1877232,107.109652,14.4599946,112.07811,0.81640625,4.9684577,0.70703125,222.407261,701.817237,37.2510148,28.9667606,99.5192151,13.0213469,106.637688,0.8203125,7.11847258,0.55078125,209.877646,690.08257,-4.19464064,6.77305783,33.1414475,-1.43864776,13.0126863,0.7109375,-20.1287613,0.87109375,-12.5296158,412.795368,4.26161344,0.243582747,3.57660735,0.235172767,1.16064209,0.276066117,-3.38417466,0.185159774,-4.89385909,0.143885809,1.90816079,0.361955471,1.09331076,0.274280846,-4.38603505,0.151167598,12.5683788,0.461354776,3.3375873,0.181490252,0.309280483,0.15705331,-3.61749929,0.140660223,17.4622379,0.317468967,1.42942651,-0.180465219,-0.784030277,-0.117227536,0.768535767,-0.0105073754,0.762050733,0.776388298,-3.90625,0.935753062,0.935753062,0,0.875740721,0.903487216,3.90625,0.984918003,0.984918003,0,0.986240358,0.986240358,0,0.974621738,0.974621738,0,0.942424402,0.942424402,0,0.931920334,0.931920334,0,0.973080519,0.973080519,0
VisualCogA_Task-2.mat,A,Task-2,19,L,0,-1,-22.5907746,8.8437628,32.9327683,-5.60626515,-6.91700125,0.30078125,-39.8497696,0.4140625,-71.5474166,455.544239,-46.6550904,7.41490961,28.9555321,-11.6434534,-37.3280449,0.27734375,-66.283577,0.4140625,-59.6332511,376.517181,-30.1304835,8.9279628,31.7681522,-7.51425653,-13.347765,0.28125,-45.1159172,0.4453125,-82.7720206,416.82399,16.5246069,6.93061217,27.7165813,4.1291969,25.4373417,0.2890625,-2.27923965,0.4453125,-23.1387694,422.871674,31.6509411,25.1280364,97.5828419,11.1171877,84.2578659,0.640625,-13.324976,0.55078125,-78.6011743,734.321871,44.4603688,27.2824531,122.727921,15.5693478,81.4773331,0.63671875,-41.2505875,0.55078125,115.135565,772.13876,34.0417843,27.3323737,100.915504,11.9328586,94.2899094,0.63671875,-6.62559414,0.55078125,-100.748359,762.005423,-10.4185845,23.1727139,91.2885985,-3.6364892,34.6249933,0.55078125,-56.6636052,0.86328125,-215.883924,551.781293,16.7459796,0.673219917,1.28518272,0.179026025,1.84806077,0.047873956,-0.214830841,0.013514749,24.1203315,0.720687547,15.2776833,0.17248721,1.77906254,0.016517713,-0.949813844,0.00846465861,17.4415091,0.715459521,1.64089075,0.13888715,1.45640237,0.0455929772,-0.224155974,0.0126512357,-6.6788224,-0.00522802664,-13.6367925,-0.0336000604,-0.322660172,0.0290752642,0.72565787,0.00418657709,0.815746992,0.815746992,0,0.907016094,0.907016094,0,0.654501288,0.683065269,-7.8125,0.679690899,0.679690899,0,0.979081794,0.979081794,0,0.639951487,0.639951487,0,0.912568251,0.912568251,0,0.990566861,0.990834703,3.90625,0.910640662,0.912429595,3.90625
VisualCogA_Task-2.mat,A,Task-2,20,L,0,-1,-18.7442014,5.67807199,24.7790203,-4.69255422,-6.5780983,0.3359375,-31.3571186,0.40234375,-22.2287001,313.744762,0.889926221,6.21637935,25.5209188,0.221554779,16.1413212,0.3359375,-9.37959766,0.421875,-30.552607,355.468781,-28.7950568,6.65909795,24.867239,-7.19945417,-15.3205433,0.33203125,-40.1877823,0.40234375,-61.3537926,267.675858,-29.684983,5.48708128,21.6294985,-7.42100894,-18.0788181,0.30078125,-39.7083166,0.39453125,-30.8011856,330.409676,108.51938,22.5151764,100.162868,37.8840265,134.984772,0.8515625,34.8219032,0.55078125,133.653904,754.800112,113.258422,17.9322905,84.493084,39.5075728,134.859955,0.7421875,50.3668709,0.55078125,76.6108649,690.646188,127.51099,32.5661087,138.402395,44.541009,164.840851,0.84765625,26.4384556,0.55078125,242.76716,770.067937,14.2525679,20.7340488,80.7992859,5.03343621,56.8050537,0.8046875,-23.9942322,0.5859375,166.156295,537.728302,20.5198793,0.807646779,17.8919768,0.0918974507,-6.29743245,0.0114691789,2.57360542,0.0129553381,36.9500036,0.768832547,14.3538793,0.116168596,-5.24984718,0.014883784,3.73982467,0.015279137,18.8341892,0.822640656,20.2451864,0.088925962,-2.61255855,0.00676589541,0.110107546,0.00648891528,-18.1158144,0.0538081086,5.89130707,-0.0272426338,2.63728863,-0.00811788854,-3.62971712,-0.00879022172,0.740779246,0.827319454,-7.8125,0.799244775,0.811263057,3.90625,0.638703768,0.723724115,31.25,0.931508467,0.931508467,0,0.946429181,0.946429181,0,0.815275928,0.815275928,0,0.990404654,0.990404654,0,0.994210985,0.994210985,0,0.97698579,0.97698579,0
VisualCogA_Task-2.mat,A,Task-2,21,R,1,-1,-58.0651046,10.7831694,31.0544243,-14.5351286,-41.5693398,0.30859375,-72.623764,0.40625,-118.96142,217.843567,-109.880249,19.3129718,53.5874329,-27.5172246,-78.592041,0.2890625,-132.179474,0.40234375,-225.333715,357.020447,-82.6975681,17.2998772,47.1818962,-20.7006412,-55.2604256,0.25,-102.442322,0.41796875,-219.830189,247.002945,27.1826814,5.33852282,22.3628769,6.81658342,37.5420151,0.3515625,15.1791382,0.5,5.503526,324.616043,59.32601,21.6016066,106.703667,20.7293725,85.973381,0.8984375,-20.7302856,0.55078125,161.789498,624.439738,-2.68843686,18.3825889,90.9993305,-0.810508788,19.128397,0.76171875,-71.8709335,0.55078125,48.8956671,648.213737,51.8862413,36.5365319,157.393288,18.1611036,99.2158432,0.8984375,-58.1774445,0.55078125,329.843976,728.076907,54.5746782,29.6563031,85.4883537,18.9716124,99.1350403,0.8359375,13.6466866,0.5546875,280.948309,403.261967,24.5955049,0.815848913,8.68203484,0.0920841656,-1.66530139,0.00984433417,-6.71963311,0.00431136697,16.6325953,0.842769004,8.53350824,0.0711235233,1.66695302,0.00922276123,-4.70105521,0.00449835873,25.9010415,0.829918919,8.43425938,0.0838744514,-0.395521965,0.00786494436,-3.63354125,0.00457073116,9.26844621,-0.0128500848,-0.0992488637,0.0127509281,-2.06247498,-0.00135781687,1.06751397,7.23724368e-05,0.963977657,0.963977657,0,0.95988268,0.95988268,0,0.963414554,0.963414554,0,0.812237123,0.812237123,0,0.943326879,0.943326879,0,0.590603672,0.590603672,0,0.891822137,0.891822137,0,0.979262526,0.979262526,0,0.903617135,0.903617135,0
VisualCogA_Task-2.mat,A,Task-2,22,L,0,-1,-41.437919,8.81713609,32.9894409,-10.3486937,-24.7905617,0.3125,-57.7800026,0.453125,-58.4176656,397.464813,2.04661076,9.31879057,39.1973362,0.527445575,17.3881817,0.5,-21.8091545,0.25390625,95.6631586,329.018698,-28.9011152,7.1567062,26.7030449,-7.20790416,-18.259037,0.30859375,-44.9620819,0.44921875,-39.8550997,328.74614,-30.947726,10.3264626,33.9720936,-7.73534973,-14.0008316,0.2578125,-47.9729252,0.5,-135.518258,239.593537,93.1864926,47.6535027,169.069052,32.5539113,142.833313,0.8125,-26.2357388,0.55078125,415.069363,737.919082,164.690063,43.3551621,163.435104,57.4151426,207.753082,0.859375,44.3179779,0.55078125,378.358846,668.524666,146.757708,62.6839424,220.199151,51.1959775,215.310883,0.859375,-4.88826799,0.55078125,575.001343,769.971275,-17.9323547,20.5242105,64.3099518,-6.21916516,9.83946228,0.88671875,-54.4704895,0.57421875,196.642498,279.607807,13.929879,0.831702942,17.8256037,0.0670262789,9.92420498,0.0291622426,-3.01032187,0.0066274807,13.4578731,0.852376299,13.7815458,0.0682729073,11.5515472,0.0118234279,-2.3252151,0.00487223077,10.479765,0.85223467,14.1587649,0.0662939584,10.8676619,0.0118155877,-2.56137794,0.00548416626,-2.97810811,-0.000141628882,0.377219098,-0.00197894894,-0.683885305,-7.84023523e-06,-0.236162836,0.000611935494,0.183886372,-0.645894017,50.78125,0.96569444,0.96569444,0,0.235579564,-0.523229299,-46.875,0.997004275,0.997004275,0,0.992554056,0.992554056,0,0.991234877,0.991234877,0,0.970611888,0.970611888,0,0.994608549,0.994608549,0,0.984190435,0.984190435,0
VisualCogA_Task-2.mat,A,Task-2,23,R,1,-1,-11.6920935,4.88256895,20.9839544,-2.90439095,-3.96368504,0.37109375,-24.9476395,0.30859375,30.9989283,361.98053,-111.877137,9.04261792,29.3891754,-27.9653325,-96.6668549,0.28515625,-126.05603,0.48828125,-112.786124,261.287628,-77.1917693,2.93243233,12.5256119,-19.3021747,-70.9945602,0.37109375,-83.5201721,0.30859375,-2.7965157,294.462463,34.6853681,8.47396579,26.8734131,8.66315775,48.8843918,0.5,22.0109787,0.265625,109.989609,254.892914,-8.64660747,5.24327832,25.3246117,-2.98247953,2.33110619,0.72265625,-22.9935055,0.859375,-27.6056836,313.358955,-117.900668,3.84201459,15.5505524,-40.9615828,-109.456032,0.609375,-125.006584,0.55078125,-2.54067322,277.787504,-81.2260713,7.25452724,35.0580978,-28.2227846,-66.8859787,0.58203125,-101.944077,0.859375,-53.9600969,347.423653,36.6745969,6.88158409,28.8422546,12.7387982,50.0050964,0.58203125,21.1628418,0.859375,-51.4194237,355.11315,-0.118004014,0.490837799,2.4572721,0.162295136,4.73279971,0.126404311,5.45756471,0.133581316,5.42050685,0.774714755,0.840900199,0.094335958,2.86715591,0.0318472999,5.81440328,0.0441228201,4.36245941,0.764292514,5.46343865,0.0811446254,4.41997113,0.0438050983,4.374881,0.0553632268,-1.05804744,-0.0104222413,4.62253845,-0.0131913326,1.55281522,0.0119577984,-1.43952227,0.0112404068,-0.149468901,-0.616809312,-27.34375,0.629843137,0.629843137,0,0.349965992,0.349965992,0,0.61767507,0.61767507,0,0.809894063,0.809894063,0,0.359375759,0.362740095,3.90625,0.597307937,0.597307937,0,0.741748356,0.741748356,0,0.959236155,0.959236155,0
VisualCogA_Task-2.mat,A,Task-2,24,R,1,-1,-13.4758214,8.69112397,33.9251719,-3.39092383,2.2101717,0.25,-31.7150002,0.4296875,-80.1834557,386.060105,-5.98646385,7.20917534,28.896204,-1.5133847,6.1181488,0.36328125,-22.7780552,0.4296875,-42.6199653,442.930325,-13.8843029,6.27153901,26.0228052,-3.48419256,-4.42102718,0.34375,-30.4438324,0.43359375,-49.2801365,330.772495,-7.89783908,6.49623101,28.2697549,-1.97080786,6.93088818,0.296875,-21.3388667,0.3671875,-6.66017122,415.673872,13.4630514,34.2115797,113.013716,4.59922105,96.0552368,0.86328125,-16.9584789,0.6875,271.302412,618.659005,34.3864656,35.0087431,114.50034,11.8819957,118.322067,0.86328125,3.82172704,0.75390625,263.667315,638.24708,13.2591272,37.1806363,123.95108,4.51502458,101.904221,0.86328125,-22.0468597,0.6875,291.325769,603.310402,-21.1273384,6.49330588,23.9665661,-7.36697108,-9.30628204,0.88671875,-33.2728481,0.68359375,27.6584549,308.722873,-2.05017742,0.198353801,1.66085846,0.303031789,-2.23814389,0.315103508,-3.26485264,0.0848591674,18.0348949,0.401936322,3.3879947,0.254617262,0.317360381,0.159850879,-0.134635782,0.0732523382,-4.82166561,0.210202564,-0.94347816,0.309933708,-8.06022617,0.183089418,-1.99300918,0.198853025,-22.8565605,-0.191733759,-4.33147286,0.0553164458,-8.37758655,0.0232385383,-1.8583734,0.125600687,0.815173531,0.815173531,0,0.819676499,0.819676499,0,0.543027461,0.543027461,0,0.990801862,0.990801862,0,0.99417235,0.99417235,0,0.985615958,0.985615958,0,0.934591917,0.934591917,0,0.983570839,0.983570839,0,0.934193868,0.934193868,0
VisualCogA_Task-2.mat,A,Task-2,25,L,0,-1,-56.6806948,5.87210193,22.2983055,-14.191331,-43.970829,0.28515625,-66.2691345,0.4453125,-64.2333282,248.512909,-59.7526402,8.60909601,30.6947517,-14.96942,-43.6482964,0.25,-74.3430481,0.44140625,-94.2923199,266.619522,-66.3720143,11.4011105,34.6806297,-16.6111857,-46.9283028,0.25,-81.6089325,0.4453125,-148.385713,238.760025,-6.61937408,4.88567842,19.9129677,-1.64176571,1.70511627,0.28125,-18.2078514,0.4921875,-54.0933936,194.115662,76.5551776,19.1930582,90.5210676,26.727976,95.345726,0.8125,4.82465839,0.55078125,135.744215,542.673749,46.7943189,14.2778923,60.6338086,16.376303,67.7436295,0.69140625,7.10982084,0.55078125,-59.6729374,480.623619,92.1272867,32.2981109,134.425529,32.1532729,128.18399,0.87109375,-6.24153852,0.55078125,289.592035,563.058285,45.3329678,35.6291025,112.815825,15.7769699,96.9890385,0.859375,-15.826786,0.56640625,349.264972,380.055886,23.5699034,0.808391035,10.7857438,0.101306045,-4.68940383,0.00882908427,0.0507017244,0.00332406358,21.2819917,0.780922309,10.7991807,0.116836691,-1.73491075,0.0122847082,1.67284601,0.0047084965,28.8754817,0.814385727,16.4756133,0.0968457936,0.876093822,0.00850354876,-1.92764178,0.00243355511,7.59349001,0.0334634175,5.67643269,-0.0199908974,2.61100457,-0.00378115946,-3.60048779,-0.00227494139,0.95125225,0.95125225,0,0.926308785,0.926308785,0,0.918115255,0.918115255,0,0.314894663,-0.564028029,-78.125,0.935999536,0.935999536,0,-0.0242945037,-0.620195696,78.125,0.968042767,0.968720443,3.90625,0.991007819,0.991007819,0,0.936064606,0.944171467,-15.625
VisualCogA_Task-2.mat,A,Task-2,26,L,0,-1,13.7735721,9.8371893,45.6711445,3.5001949,26.7467728,0.39453125,-18.9243717,0.25,92.2831834,419.503297,6.80019109,8.72954586,39.3880491,1.73087357,23.6179714,0.484375,-15.7700777,0.25,89.3962769,388.366548,19.7897378,8.17450082,39.1500158,5.00821886,29.481741,0.4375,-9.66827488,0.25,53.4707172,383.572262,12.9895467,7.43648927,30.8409977,3.27734529,26.8405247,0.43359375,-4.00047302,0.48046875,-35.9255597,416.001095,70.7222714,50.9120343,157.546103,24.7866111,160.361099,0.63671875,2.81499577,0.859375,-346.793598,881.320373,69.8331135,51.1766251,160.379909,24.4760843,157.45311,0.62890625,-2.92679882,0.859375,-347.306519,908.370252,89.086747,58.4743953,177.726831,31.2070175,188.784058,0.6328125,11.0572262,0.875,-392.266598,1001.12759,19.2536335,10.8382758,42.8045921,6.73093322,41.6195221,0.65234375,-1.18507004,0.88671875,-44.9600793,525.219839,10.00386,0.704403792,10.0778691,0.165428266,-0.764918935,0.0280244977,-2.24076106,0.0155870244,12.3944344,0.72820524,14.7597361,0.157888196,3.03992026,0.0203887741,-4.96416055,0.0113483493,9.72196978,0.718938176,9.68778517,0.162345111,0.851164846,0.0244595631,-3.21151522,0.00861902606,-2.67246463,-0.00926706454,-5.07195089,0.00445691436,-2.18875542,0.00407078894,1.75264532,-0.00272932325,0.856015147,0.856015147,0,0.911906307,0.911906307,0,0.614675278,0.614675278,0,0.993410937,0.993410937,0,0.998213914,0.998213914,0,0.989271462,0.989271462,0,0.992072223,0.992072223,0,0.995517577,0.995517577,0,0.98808866,0.98808866,0
VisualCogA_Task-2.mat,A,Task-2,27,R,1,-1,-44.8439836,9.18855747,33.6552963,-11.2118305,-30.9579926,0.2734375,-64.6132889,0.44140625,-92.3360302,324.639587,-71.5418284,11.4837457,32.0142708,-17.8809046,-55.5269356,0.265625,-87.5412064,0.5,-147.55214,247.459091,-60.6963646,10.765353,35.6932487,-15.1740755,-45.4061394,0.26953125,-81.0993881,0.4375,-122.407192,296.675232,10.8454639,3.82581228,15.8710747,2.70682909,20.115921,0.49609375,4.24484634,0.25,25.1449479,239.942123,59.7522348,46.5769719,166.085152,20.931879,111.167267,0.86328125,-54.9178848,0.55078125,420.527935,648.685393,0.469369282,31.5405547,121.682835,0.309487163,29.3939629,0.8046875,-92.2888718,0.55078125,242.511206,609.328194,68.1242153,64.2654691,219.655441,23.8688449,144.121811,0.8671875,-75.5336304,0.55078125,595.673842,747.593157,67.654846,36.6797798,110.687195,23.5593577,121.945145,0.86328125,11.2579498,0.56640625,353.162635,436.682461,12.7359647,0.802838635,6.96706749,0.0796393709,2.92164463,0.0467760425,-3.55173602,0.00966398681,20.9314368,0.795645406,13.7390955,0.10842695,6.64313878,0.0157279885,-3.62971011,0.00673158872,15.0483531,0.830128045,9.98834547,0.0834760634,3.66473974,0.0233443103,-2.16657947,0.00631370202,-5.88308366,0.034482638,-3.75075006,-0.0249508868,-2.97839904,0.00761632178,1.46313065,-0.000417886699,0.891227939,0.891227939,0,0.971299334,0.971299334,0,0.942889499,0.942889499,0,0.955602868,0.955602868,0,0.996127057,0.996127057,0,0.932291445,0.932291445,0,0.929152542,0.929152542,0,0.996448803,0.996448803,0,0.929860316,0.929860316,0
VisualCogA_Task-2.mat,A,Task-2,28,R,1,-1,-12.0198439,7.55338921,25.0521719,-3.01492969,-1.10196662,0.28515625,-26.1541386,0.41015625,-71.8708603,252.534184,-8.00603281,4.46488692,18.3578944,-2.000139,1.11176634,0.28515625,-17.2461281,0.40625,-31.7583842,293.253653,-20.8710275,7.5831444,28.1271181,-5.23741456,-6.49549007,0.25,-34.6226082,0.421875,-74.7865106,254.393444,-12.8649947,4.61328065,20.2469158,-3.23727556,-1.50230598,0.25,-21.7492218,0.42578125,-43.0281264,247.345228,102.779435,35.8086764,137.216751,36.0409144,147.587265,0.796875,10.3705139,0.55078125,176.522566,785.49064,104.105321,28.4708068,119.937613,36.4621825,139.547943,0.796875,19.6103306,0.55078125,127.554336,638.153468,121.873076,45.2909917,165.79351,42.7574831,174.488708,0.79296875,8.69519806,0.55078125,195.04524,902.79535,17.767755,17.8331413,59.9098511,6.29530059,42.0087433,0.81640625,-17.9011078,0.56640625,67.4909032,408.802597,10.5719654,0.804379774,11.3837304,0.102405179,-1.73028866,0.0122893698,-3.73863239,0.0091498546,7.46920629,0.788459522,11.4834618,0.116695877,-1.7912296,0.0104004579,-3.07727805,0.00916582872,12.1169987,0.823135652,12.8479046,0.0938681487,1.37172463,0.00814790646,-2.64245883,0.00696527912,4.64779238,0.0346761302,1.36444283,-0.0228277283,3.16295423,-0.00225255141,0.434819216,-0.00220054959,0.893148568,0.893148568,0,0.977449799,0.977449799,0,0.829303727,0.829356962,3.90625,0.990708237,0.990708237,0,0.993341774,0.993341774,0,0.986388872,0.986388872,0,0.994341491,0.994341491,0,0.998543996,0.998543996,0,0.992165788,0.992165788,0
VisualCogA_Task-2.mat,A,Task-2,29,R,1,-1,-45.7182166,11.919502,40.1387863,-11.4275835,-26.2858734,0.3203125,-66.4246597,0.40234375,-64.3374796,494.886719,-79.5127534,11.7724095,39.6087914,-19.8849107,-56.3717003,0.3125,-95.9804916,0.3984375,-86.0956716,443.338531,-68.1070531,11.1123419,35.6798592,-17.0263934,-51.5626183,0.33203125,-87.2424774,0.40625,-103.260156,387.789795,11.4057002,4.07255349,13.8140831,2.85851727,16.8761673,0.28125,3.0620842,0.3125,-17.1644845,293.178711,74.6368919,37.4086315,142.00309,26.0787044,118.149132,0.8203125,-23.8539581,0.55078125,319.990535,693.284037,24.5902072,27.5082764,115.974602,8.70080286,53.5751419,0.82421875,-62.3994598,0.55078125,173.64039,793.444841,79.1847345,54.487423,193.902443,27.6491221,145.464493,0.89453125,-48.4379501,0.55078125,514.310444,633.678524,54.5945274,35.4520975,109.145008,18.9483192,112.010468,0.85546875,2.86545944,0.58203125,340.670054,533.042354,13.8245904,0.774786373,9.42831478,0.105946405,11.0752203,0.0331081576,-0.116782374,0.0233960134,6.42117792,0.79329645,8.72244241,0.0984081719,5.43777473,0.0248454161,4.25218011,0.0176631399,13.3395101,0.819315697,9.10868683,0.0939994484,6.34278195,0.0153519569,-2.82264727,0.0091654215,6.91833221,0.0260192473,0.386244417,-0.00440872351,0.905007222,-0.0094934592,-7.07482738,-0.00849771845,0.966473716,0.966473716,0,0.930184948,0.930184948,0,0.938273501,0.938273501,0,0.925650756,0.925650756,0,0.970816157,0.970816157,0,0.823539691,0.823539691,0,0.972302845,0.972302845,0,0.99033439,0.99033439,0,0.953402717,0.953402717,0
VisualCogA_Task-2.mat,A,Task-2,31,L,0,-1,-80.270917,11.4335149,52.7411461,-20.0053383,-59.6765709,0.4453125,-112.417717,0.25,108.634612,467.209839,-123.683083,14.825929,60.0566406,-30.8800116,-94.8833923,0.48046875,-154.940033,0.25,183.15491,589.547028,-98.8193541,7.70687516,37.4635162,-24.674852,-80.1998291,0.44140625,-117.663345,0.25,67.8989272,441.977722,24.8637284,10.013403,36.9344559,6.20515962,42.2699051,0.31640625,5.33544922,0.47265625,-115.255982,509.318878,-15.3311424,27.155697,108.265236,-5.26240345,46.624588,0.63671875,-61.6406479,0.5546875,-44.6923893,847.525652,3.53408733,34.5218621,166.264336,1.25966853,78.724884,0.8984375,-87.5394516,0.55078125,242.318328,952.280201,-23.1341973,27.9275257,118.234432,-7.98681014,39.2145958,0.640625,-79.0198364,0.5546875,10.7445102,857.791363,-26.6682846,26.1254436,85.3083775,-9.24647866,10.127224,0.6484375,-75.1811535,0.8984375,-231.573817,511.883395,4.554128,0.643007121,-0.609924352,0.203383325,-4.7324993,0.0459606614,-0.456756116,0.035514904,6.06939175,0.752661427,-0.30087245,0.143297301,-5.67382608,0.0153758109,1.05975749,0.0240450948,5.66333644,0.720262184,-1.11162096,0.145630049,-2.26558912,0.0397940844,0.575643165,0.0284454506,-0.406055308,-0.0323992421,-0.810748515,0.00233274789,3.40823696,0.0244182735,-0.484114324,0.00440035575,0.865960896,0.865960896,0,0.915073692,0.915073692,0,0.783009694,0.783009694,0,0.523946089,0.523946089,0,0.967015594,0.967015594,0,0.668578584,0.668578584,0,0.906708894,0.906708894,0,0.97862151,0.97862151,0,0.930592973,0.930592973,0
VisualCogA_Task-2.mat,A,Task-2,32,L,0,-1,1.58044263,10.6480277,35.1267691,0.386093072,21.587719,0.33984375,-13.5390501,0.43359375,-53.3887457,378.015275,-10.0032565,8.78471209,30.6623421,-2.51046814,8.38537788,0.25390625,-22.2769642,0.5,-68.481447,418.21213,-10.9454668,8.35206394,29.0469298,-2.73524901,6.75068426,0.3359375,-22.2962456,0.4296875,-62.7174873,266.323732,-0.942210336,5.91326414,23.6907368,-0.224780867,8.47204399,0.3046875,-15.2186928,0.2578125,5.76395974,299.728897,29.0061374,31.3012098,94.8001738,10.2080339,84.4004898,0.6484375,-10.399684,0.8125,-197.692908,651.051828,13.022193,35.0775573,108.221889,4.70772652,75.0307541,0.6484375,-33.1911354,0.8984375,-215.558824,670.193919,16.4340918,35.7314277,112.691059,5.84793815,87.1567688,0.6484375,-25.5342903,0.82421875,-232.372808,758.809919,3.41189878,8.22416998,32.094264,1.14021162,19.2742434,0.55078125,-12.8200207,0.8203125,-16.8139836,433.508039,13.4997588,0.612013032,-0.189645142,0.188781323,-1.74730785,0.0555200159,-3.35270773,0.0333606781,4.55473472,0.54164158,2.82660571,0.256630812,-2.68873805,0.053350046,2.19502533,0.0403923244,7.7355205,0.658766573,5.33063087,0.184127125,-6.46497071,0.0377065016,-6.30032138,0.0137924849,3.18078578,0.117124993,2.50402516,-0.0725036869,-3.77623266,-0.0156435444,-8.49534671,-0.0265998395,0.78945248,0.78945248,0,0.93724632,0.950565818,3.90625,0.762987037,0.762987037,0,0.973826667,0.973826667,0,0.990442135,0.990442135,0,0.973188539,0.973188539,0,0.915289735,0.915289735,0,0.980197619,0.980197619,0,0.920646589,0.920646589,0
VisualCogA_Task-2.mat,A,Task-2,34,L,0,-1,18.9975747,17.5733963,64.0219927,4.73694098,53.3780975,0.5,-10.6438951,0.25390625,224.195067,489.646529,91.7027776,42.8072687,146.79023,22.8870005,174.556229,0.5,27.7659988,0.25390625,571.868445,644.69339,18.8517499,21.1052652,72.0932417,4.70709355,56.2774925,0.5,-15.8157492,0.25390625,274.032021,524.794052,-72.8510277,22.4677112,75.274045,-18.1799069,-43.0046911,0.28515625,-118.278736,0.5,-297.836424,414.527671,218.152166,34.8737707,130.159073,76.1346774,252.721039,0.75,122.561966,0.55078125,159.669325,746.016503,355.792352,34.6541052,127.788116,124.016631,390.514465,0.70703125,262.726349,0.55078125,73.9894448,800.168013,290.853973,53.9867225,194.518158,101.521207,347.177551,0.8125,152.659393,0.55078125,294.798498,979.694566,-64.9383791,26.3549617,82.3549957,-22.4954243,-31.1753845,0.8203125,-113.53038,0.578125,220.809053,492.396199,11.2344541,0.871393407,6.64938752,0.0578156386,-1.83837677,0.00558586418,-0.0949284898,0.0064284516,10.6739586,0.904689516,9.59485896,0.0362554986,-3.93276496,0.00385058584,-0.892262187,0.00337255152,10.9923775,0.872976839,12.3149037,0.059669353,2.13908976,0.00431854934,0.0934555862,0.00422343152,0.318418859,-0.0317126765,2.72004478,0.0234138543,6.07185472,0.000467963499,0.985717773,0.000850880001,0.979301579,0.979301579,0,0.990410037,0.990410037,0,0.981282438,0.981282438,0,0.95697657,0.95697657,0,0.984944171,0.984944171,0,0.914255037,0.914255037,0,0.984789134,0.984789134,0,0.998505021,0.998505021,0,0.979357803,0.979357803,0
VisualCogA_Task-2.mat,A,Task-2,35,L,0,-1,7.94412996,7.57375864,28.6186352,2.02164846,21.548708,0.3671875,-7.06992722,0.25,-29.0094514,516.092394,13.4940116,7.00216627,23.9623227,3.41323122,23.84729,0.4140625,-0.115032703,0.4921875,-0.212298646,352.200445,12.5125407,7.05699507,26.0656677,3.1497935,26.289917,0.2734375,0.224249303,0.4375,-56.4547143,461.01252,-0.981470886,8.79656215,37.8331952,-0.263437724,20.5237327,0.27734375,-17.3094625,0.4140625,-56.2424157,421.313637,24.0521012,34.9713445,129.334116,8.37098773,105.172615,0.57421875,-24.1615009,0.8984375,-315.652755,641.415534,19.5096001,41.4058446,164.155041,6.78668309,118.891273,0.57421875,-45.2637672,0.8984375,-367.685664,733.704551,22.4562942,38.962165,132.825451,7.78588359,109.413826,0.57421875,-23.4116249,0.85546875,-355.106085,656.155655,2.94669408,10.4170069,42.0616891,0.999200499,27.7591343,0.8984375,-14.3025548,0.8125,12.5795791,474.210178,16.0697968,0.437790499,16.7937493,0.328305572,7.1881021,0.0797282615,-2.79560894,0.0349393501,22.7743418,0.347336502,22.3884014,0.439232435,10.1639697,0.0804342279,-3.81509313,0.0137381644,14.0253055,0.452852789,16.1819225,0.332888465,7.23035036,0.0704895729,-3.33886184,0.0251262042,-8.74903633,0.105516288,-6.20647883,-0.106343971,-2.93361932,-0.00994465493,0.47623129,0.0113880398,0.548386076,-0.675072792,78.125,0.859544954,0.859544954,0,0.217062944,-0.638821198,-78.125,0.98799907,0.98799907,0,0.991364241,0.991364241,0,0.968218893,0.968218893,0,0.945575785,0.945575785,0,0.977464779,0.977464779,0,0.942065374,0.942065374,0
VisualCogA_Task-2.mat,A,Task-2,36,R,1,-1,2.7688573,5.91623444,22.4415064,0.717497358,13.7732811,0.4609375,-8.66822529,0.25,16.6989017,357.628596,-0.0709257982,4.25226537,17.5310326,-0.0165448355,8.54434013,0.390625,-8.98669243,0.33203125,-5.42536466,317.471345,0.0319072941,5.84628526,21.9386177,0.0276728402,11.0015545,0.27734375,-10.9370632,0.3359375,9.38927926,353.180283,0.102833092,4.93715464,17.9105343,0.0442176757,10.7789826,0.46875,-7.13155162,0.3671875,14.8146439,312.497164,18.5497563,27.4875619,87.2719278,6.54312222,72.7865067,0.6875,-14.4854212,0.63671875,33.585183,733.582044,17.0745888,26.9913051,81.3443136,6.01960696,66.3301163,0.6875,-15.0141973,0.640625,37.9696431,681.963932,24.6642935,30.1432118,91.4261055,8.68624476,81.7465668,0.69140625,-9.67953873,0.5859375,34.4716993,731.199315,7.58970464,6.72814774,24.9478862,2.6666378,21.8123512,0.72265625,-3.135535,0.8828125,-3.49794381,333.070241,11.3065295,0.360661724,1.37738852,0.284388552,-2.02568422,0.182355027,-3.92637134,0.0723536231,2.20449521,0.528935848,2.48329375,0.215863719,-4.834961,0.0641468133,-2.38401872,0.111029844,11.1253719,0.39603518,-0.274255228,0.19409637,-0.118467155,0.248662701,-4.19387474,0.0776653569,8.92087665,-0.132900668,-2.75754898,-0.0217673489,4.71649384,0.184515887,-1.80985602,-0.033364487,0.555986643,-0.611837256,-46.875,0.93484019,0.93484019,0,0.560848053,-0.586724963,50.78125,0.986947407,0.986947407,0,0.995091059,0.995091059,0,0.978285856,0.978285856,0,0.962326398,0.962326398,0,0.985784042,0.985784042,0,0.950482757,0.950482757,0
VisualCogA_Task-2.mat,A,Task-2,37,R,1,-1,67.8877191,45.0168121,121.984743,16.9724411,140.113876,0.44921875,18.1291332,0.3203125,548.000012,689.69371,143.676134,63.9959604,168.801949,35.9333929,239.455902,0.4453125,70.6539536,0.25,819.420944,850.975983,78.9525148,53.2479781,142.289783,19.7630142,165.612961,0.44921875,23.3231773,0.25,664.846414,759.706589,-64.7236192,11.68509,40.175045,-16.1703787,-47.3307762,0.25,-87.5058212,0.5,-154.574531,315.613205,106.541994,41.4296205,141.049335,37.1483504,190.344269,0.65234375,49.2949333,0.89453125,-310.306988,767.737305,222.264482,37.7448685,123.81366,77.406218,293.399597,0.65625,169.585938,0.8984375,-259.243412,698.949745,142.986251,49.4276166,167.47683,49.8607591,242.586853,0.65234375,75.1100235,0.8671875,-351.202111,941.229679,-79.2782308,13.6261055,56.5001144,-27.5454589,-47.8394165,0.64453125,-104.339531,0.8671875,-91.9586994,501.403924,-2.31535059,0.533813281,7.75009428,0.350218854,6.85505703,0.0620302974,2.7754264,0.0198563597,-3.88724711,0.704997473,6.70726586,0.233180534,8.62656711,0.0222232408,2.5619373,0.0099258132,-3.12359355,0.567528869,8.264795,0.353189901,8.05367596,0.0440468497,1.96531345,0.00786009854,0.763653556,-0.137468605,1.55752914,0.120009367,-0.572891153,0.0218236089,-0.59662385,-0.00206571467,0.99132798,0.99132798,0,0.995499042,0.995499042,0,0.996915444,0.996915444,0,0.980368028,0.980368028,0,0.995428716,0.995428716,0,0.986818417,0.986818417,0,0.946548809,0.946548809,0,0.990875584,0.990875584,0,0.967542406,0.967542406,0
VisualCogA_Task-2.mat,A,Task-2,38,L,0,-1,-2.38265387,13.4125013,55.6732159,-0.541284595,32.266613,0.31640625,-23.4066029,0.25,-41.3028085,582.324903,-4.52900825,7.64218916,34.2823381,-1.10464636,14.530385,0.31640625,-19.7519531,0.46484375,-52.4694563,469.607801,4.54217397,11.8288135,46.7326708,1.18619422,36.6177521,0.31640625,-10.1149187,0.25,-73.9429863,496.512339,9.07118222,6.70505501,23.5895638,2.29084058,22.2700996,0.3203125,-1.31946421,0.375,-21.47353,354.388346,44.1077757,42.2895291,131.283384,15.5477679,118.862732,0.6796875,-12.4206524,0.8984375,-193.162308,888.956121,38.1237979,38.0592177,119.256297,13.4565523,103.27961,0.671875,-15.9766874,0.55078125,-155.303895,776.415164,55.5094462,49.9796839,159.537639,19.5306489,148.388657,0.640625,-11.148982,0.8984375,-263.64845,951.752683,17.3856483,14.5134853,54.6174855,6.07409661,46.941246,0.640625,-7.67623949,0.84375,-108.344555,428.967391,11.3075109,0.666719198,5.77730001,0.197099802,-2.28860265,0.0302810757,-0.794734629,0.025339239,7.0687596,0.701295067,4.01566147,0.172562636,-6.82348467,0.0143829415,-0.377429077,0.0249847781,13.4348131,0.718120184,8.68928677,0.156692527,-1.1917289,0.0235914883,-2.09184092,0.0186331384,6.36605348,0.0168251166,4.67362529,-0.0158701095,5.63175577,0.00920854675,-1.71441184,-0.00635163972,0.792541554,0.792541554,0,0.937769736,0.937769736,0,0.848282431,0.848282431,0,0.99322691,0.99322691,0,0.991668577,0.991668577,0,0.981982918,0.981982918,0,0.981984049,0.981984049,0,0.990187149,0.990187149,0,0.977724966,0.977724966,0
VisualCogA_Task-2.mat,A,Task-2,40,L,0,-1,18.1554492,8.39597924,27.6918521,4.53461515,31.6715565,0.41015625,3.97970438,0.30859375,64.1003462,395.759594,49.7394271,9.53069963,36.8004818,12.4389327,66.6108627,0.25,29.8103809,0.37890625,-75.51997,444.986809,42.7400322,7.22915705,25.4121895,10.686901,54.0330811,0.44921875,28.6208916,0.37890625,42.384204,401.500687,-6.9993949,9.41370918,35.0246449,-1.75203169,10.8806705,0.5,-24.1439743,0.2890625,117.904174,271.954628,27.9153252,6.30386859,25.8421926,9.69498043,37.7617989,0.8203125,11.9196062,0.7890625,-18.5975803,391.201304,15.1293008,13.0664892,43.6699343,5.2530272,38.6159973,0.609375,-5.05393696,0.84765625,-118.51408,401.19884,46.2102893,7.92298245,30.0004482,16.0563035,57.8664093,0.60546875,27.8659611,0.8515625,-60.0427697,354.024162,31.0809885,7.06137428,26.6130033,10.8032763,45.33635,0.87890625,18.7233467,0.61328125,58.47131,292.198895,6.97404172,0.619069249,5.43330827,0.135053051,1.98012845,0.0779189324,7.20893977,0.0985041828,-9.79892762,0.697703667,-0.322689602,0.121398927,0.72592701,0.047662909,2.49547056,0.0758131385,-0.709236516,0.630219363,2.40431195,0.120774901,-1.64356602,0.072801816,4.93849207,0.106414817,9.0896911,-0.0674843033,2.72700155,-0.000624025303,-2.36949303,0.025138907,2.44302151,0.0306016789,0.298524587,-0.518252476,50.78125,0.960110345,0.960110345,0,0.395340181,-0.481457027,-50.78125,0.556045832,0.556045832,0,0.759977906,0.759977906,0,0.886948964,0.886948964,0,0.55581302,0.55581302,0,0.947767853,0.947767853,0,0.663112834,0.663112834,0
VisualCogA_Task-2.mat,A,Task-2,42,L,0,-1,-2.73473472,30.2659889,110.590586,-0.833497834,83.0376892,0.5,-27.5528965,0.35546875,255.166021,699.993412,-39.8901649,26.8687315,99.7664337,-10.1096452,35.427742,0.5,-64.3386917,0.39453125,234.950451,658.622986,-15.5881974,31.0257871,115.567387,-4.05830754,73.2189636,0.5,-42.348423,0.35546875,253.425397,755.481865,24.3019675,6.60163054,21.4440346,6.0513377,37.7912216,0.5,16.347187,0.359375,18.4749465,383.359291,-0.620390463,14.9934032,76.397831,-0.313164368,45.5349121,0.55078125,-30.8629189,0.77734375,-57.8897251,605.536393,-38.297443,29.3932202,91.7059913,-13.4869525,6.32524633,0.8984375,-85.3807449,0.64453125,138.116983,725.141814,1.61136761,14.8457912,72.0041466,0.490525537,39.1196976,0.55078125,-32.884449,0.77734375,-110.755383,525.968223,39.9088106,34.2121049,101.332613,13.977478,92.0630102,0.65625,-9.26960301,0.88671875,-248.872366,578.905804,18.0830327,0.47527375,15.8936642,0.35435971,9.82321573,0.0386939672,-2.34722766,0.0102295824,16.971671,0.550351287,23.5678937,0.305705522,4.51875132,0.0147851772,-0.0551213437,0.0107780421,20.3685983,0.484572901,22.3601209,0.335860463,10.2294168,0.0532338126,-1.71134982,0.0106014817,3.39692729,-0.0657783865,-1.2077728,0.0301549404,5.71066552,0.0384486354,-1.65622847,-0.00017656035,0.989327416,0.989327416,0,0.99807128,0.99807128,0,0.984225245,0.984225245,0,0.517475275,0.517475275,0,0.765263845,0.765263845,0,-0.0986663589,-0.597614131,39.0625,0.765157402,0.765157402,0,0.933426488,0.933426488,0,0.588923138,0.588923138,0
VisualCogA_Task-2.mat,A,Task-2,43,L,0,-1,-55.8001075,10.229098,40.9184189,-13.9710153,-35.6393585,0.2734375,-76.5577774,0.41015625,-106.067579,390.322464,-53.8165223,8.31282053,31.2172241,-13.4664373,-40.4488831,0.27734375,-71.6661072,0.41015625,-93.3310173,314.634827,-54.8807118,13.6245833,51.2069836,-13.7330714,-30.8164921,0.26953125,-82.0234756,0.40625,-158.789832,461.060532,-1.0641895,6.0473101,24.0844231,-0.266634107,12.255764,0.265625,-11.8286591,0.40234375,-65.4588151,270.6875,57.828573,16.5826644,92.2026606,20.2478328,77.7952499,0.7109375,-14.4074106,0.55078125,80.9481078,464.508693,8.91125078,17.435485,57.162199,3.18627098,36.9466629,0.60546875,-20.2155361,0.83984375,-142.36081,462.617623,93.4983275,26.5367015,124.915484,32.688227,116.986885,0.75390625,-7.92859936,0.55078125,188.527825,613.409572,84.5870767,36.2965562,120.704454,29.501956,126.424538,0.84375,5.72008324,0.55078125,330.888635,569.277248,18.7848636,0.806936488,11.8700228,0.0955837903,0.631768258,0.0148695227,0.959693684,0.00652831814,9.41528002,0.720949534,8.25239931,0.151061487,-0.215045804,0.0222761566,0.119941561,0.0113725777,19.9175583,0.811738215,16.6072991,0.0959507986,3.02822628,0.0107643992,-1.24840217,0.00536769768,10.5022783,0.0907886811,8.35489977,-0.0551106883,3.24327209,-0.0115117574,-1.36834373,-0.00600488001,0.930995866,0.930995866,0,0.967404203,0.967404203,0,0.963114823,0.963114823,0,-0.0213418104,-0.556750401,-46.875,0.943289757,0.943289757,0,-0.334191185,-0.71521891,35.15625,0.892586977,0.903529616,11.71875,0.992370994,0.992370994,0,0.842112727,0.866296341,-23.4375
VisualCogA_Task-2.mat,A,Task-2,44,L,0,-1,-40.8015123,7.9742408,34.743,-10.174525,-26.8691216,0.43359375,-61.6121216,0.5,1.68849293,416.886047,-37.7281432,6.51270397,25.905098,-9.42413705,-21.9243088,0.43359375,-47.8294067,0.48828125,-7.50700831,492.218338,-63.4403209,6.6242349,29.9113922,-15.8264237,-54.5615616,0.421875,-84.4729538,0.5,1.07425465,381.667358,-25.7121777,5.3786115,23.9024048,-6.40228666,-17.3065796,0.40234375,-41.2089844,0.5,8.58126295,406.116806,32.4267586,45.327242,152.117367,11.2967878,99.4323883,0.8984375,-52.6849785,0.58984375,423.195849,780.237085,36.0431264,38.1394145,122.797089,12.5932062,75.5523987,0.8984375,-47.2446899,0.5859375,285.019916,805.663448,48.0019027,72.3137057,233.360527,16.7062564,157.098999,0.8984375,-76.261528,0.58984375,698.852175,874.804051,11.9587763,44.6277102,132.676719,4.11305026,92.348259,0.8828125,-40.3284601,0.64453125,413.832259,700.968769,15.1539109,0.610718267,7.20109256,0.1828169,1.92178875,0.0953763931,-4.84958006,0.0203836838,11.4493455,0.67132616,-0.00557835097,0.121620276,0.329785897,0.103976909,-1.41104221,0.0384184515,9.89172594,0.673765061,6.88724639,0.141796464,3.55175873,0.0888024122,-4.19095027,0.0171819543,-1.55761952,0.00243890103,6.89282474,0.0201761876,3.22197283,-0.0151744967,-2.77990807,-0.0212364972,0.795861594,0.795861594,0,0.900371413,0.900371413,0,0.664859807,0.664859807,0,0.911937069,0.911937069,0,0.989398794,0.989398794,0,0.85066178,0.85066178,0,0.946411957,0.946411957,0,0.989817177,0.989817177,0,0.928089528,0.928089528,0
VisualCogA_Task-2.mat,A,Task-2,46,L,0,-1,-21.9150164,7.4455206,30.2341909,-5.43786887,-11.3090982,0.375,-41.5432892,0.25390625,29.0800911,394.44194,-31.9720323,6.27833148,25.9480247,-7.97007561,-20.1282959,0.37109375,-46.0763206,0.25,32.5701819,451.705551,-28.8088004,5.41653239,24.0198803,-7.17651861,-19.8330135,0.37109375,-43.8528938,0.2578125,27.3730655,297.083328,3.16323189,3.65412321,13.9983349,0.793556996,11.2144756,0.47265625,-2.78385925,0.4140625,-5.19711634,302.717911,12.5321055,33.1684144,116.426842,4.44625149,81.8716125,0.76171875,-34.5552292,0.5625,188.217144,667.850898,5.62596749,35.1438273,123.295975,2.05032695,79.1539917,0.76171875,-44.141983,0.5625,208.728781,750.51682,19.6918598,39.2328464,131.784088,6.94523943,101.88372,0.765625,-29.9003677,0.56640625,232.145648,731.148207,14.0658923,8.03701988,27.6640272,4.89491247,29.1683197,0.8203125,1.50429249,0.70703125,23.4168668,465.988023,-12.4275024,0.223860602,-1.67916849,0.195117708,0.211846985,0.339913399,-0.220855673,0.150863831,-10.4660637,0.432673142,-6.77986185,0.0968362213,-2.15459913,0.217105402,0.862885916,0.179115892,-11.8272875,0.406516633,-3.57705926,0.168832494,-0.832936299,0.229033417,0.540716652,0.12313475,-1.36122384,-0.0261565089,3.20280259,0.0719962726,1.32166283,0.0119280147,-0.322169263,-0.0559811421,0.86682711,0.86682711,0,0.934061374,0.934061374,0,0.814597021,0.814597021,0,0.989661281,0.989661281,0,0.994887526,0.994887526,0,0.982639296,0.982639296,0,0.976368794,0.976368794,0,0.985374682,0.985374682,0,0.955216468,0.955216468,0
VisualCogA_Task-2.mat,A,Task-2,47,L,0,-1,-1.90937436,11.9751159,45.6010571,-0.425295177,15.6397133,0.35546875,-29.9613438,0.26171875,76.9371149,330.266678,-8.34492075,10.5069683,41.4437037,-2.03619061,10.7658339,0.35546875,-30.6778698,0.265625,42.185738,392.659945,-7.74191028,12.8027214,49.0477729,-1.8975235,6.73255301,0.3828125,-42.3152199,0.26171875,106.37366,365.898149,0.603010466,6.89362028,29.9483417,0.138667105,17.9035515,0.5,-12.0447903,0.26171875,64.1879219,336.619541,10.5846628,7.05405332,27.5769675,3.6663739,26.2988472,0.77734375,-1.27812028,0.56640625,46.7360816,372.198987,18.8880855,14.9102951,50.4395447,6.54090654,48.9015617,0.8984375,-1.53798294,0.64453125,132.114795,413.441686,17.455191,14.1933819,59.8479099,6.03496615,50.7328873,0.8984375,-9.11502266,0.5703125,127.066826,361.787273,-1.43289456,7.80432947,32.0655646,-0.505940382,14.6216025,0.73828125,-17.4439621,0.796875,-5.04796898,407.596083,4.78538074,0.488642967,6.16410067,0.243122023,2.6526644,0.058526341,2.15442909,0.0997297347,-0.208916215,0.354781827,2.56858496,0.284248881,0.64387406,0.097667987,0.657754308,0.163630005,11.0570297,0.501703607,7.57453965,0.219341123,1.69075576,0.0710045086,3.77941535,0.0956280195,11.2659459,0.146921781,5.00595469,-0.0649077582,1.0468817,-0.0266634783,3.12166104,-0.0680019854,0.956593583,0.956593583,0,0.947320113,0.947320113,0,0.842951928,0.842951928,0,0.811990427,0.811990427,0,0.841763398,0.841763398,0,0.857311572,0.857311572,0,0.854178025,0.854178025,0,0.927949266,0.927949266,0,0.892954256,0.892954256,0
VisualCogA_Task-2.mat,A,Task-2,48,L,0,-1,3.38148115,8.37579501,32.0299568,0.869086013,20.3116131,0.44140625,-11.7183437,0.28125,67.4969348,322.698797,-1.15865135,15.8759259,50.2369499,-0.271143968,21.6531334,0.44140625,-28.5838165,0.28125,203.582636,323.426967,2.28448817,8.38603844,35.8987312,0.582289984,22.6967144,0.4375,-13.2020168,0.28515625,67.3488918,353.476046,3.44313952,10.6588453,37.44803,0.853433953,18.8342743,0.2734375,-18.6137557,0.47265625,-136.233745,335.406222,29.6294173,32.6849822,115.900281,10.3724425,104.116592,0.734375,-11.7836885,0.61328125,125.280171,869.626755,64.4002179,37.0865975,119.046862,22.4751411,135.022705,0.734375,15.9758434,0.61328125,178.248457,714.773695,28.6890138,33.3611943,120.714414,10.0501203,106.97113,0.73046875,-13.7432833,0.61328125,102.254722,828.136815,-35.7112041,9.31451289,32.0040081,-12.4250207,-20.2235119,0.55078125,-52.22752,0.83203125,-75.9937342,314.471591,7.49916714,0.513889761,0.477663958,0.162283831,7.1764727,0.154376691,-0.406338684,0.0743935107,-5.94418938,0.713239284,-0.614171169,0.11167469,0.800330921,0.0790907206,-3.19826727,0.0400470528,1.2376811,0.452282715,2.11366776,0.160862992,3.59053834,0.183604646,1.95707395,0.112227048,7.18187049,-0.260956569,2.72783893,0.0491883015,2.79020742,0.104513925,5.15534122,0.0721799951,0.799142615,0.805392442,-3.90625,0.969562107,0.969562107,0,0.784008403,0.784757469,3.90625,0.982749908,0.982749908,0,0.99221071,0.99221071,0,0.970547046,0.970547046,0,0.884771258,0.884771258,0,0.991207935,0.991207935,0,0.881632525,0.881632525,0
VisualCogA_Task-2.mat,A,Task-2,49,R,1,-1,22.7541999,10.4041654,41.1459258,5.72295493,38.9216156,0.4140625,-2.22431016,0.2578125,49.5008635,458.63246,1.7260179,7.33911787,33.4652624,0.456699473,19.1097965,0.41015625,-14.3554659,0.2578125,9.37647462,490.334003,51.1990185,11.9417746,43.6857929,12.854737,74.1961212,0.4140625,30.5103283,0.26171875,51.0063252,476.184097,49.4730006,8.02333254,27.1717833,12.3980375,60.9863043,0.3515625,33.8145211,0.2890625,41.6298506,364.248079,58.7999215,25.9559418,100.916523,20.5617513,122.22422,0.71875,21.3076973,0.89453125,53.8095565,817.660239,23.7305651,30.2955048,115.243156,8.38087221,94.7010498,0.72265625,-20.5421066,0.89453125,0.177203988,798.22076,54.1866845,26.2751457,115.270347,18.9432105,119.92852,0.71484375,4.65817308,0.89453125,-14.375466,792.832081,30.4561194,11.4723739,45.9650587,10.5623383,50.1010755,0.59375,4.13601685,0.7421875,-14.5526699,600.692723,8.0669633,0.588502632,-0.236495637,0.177502922,-5.91615211,0.060359993,1.96620267,0.110891601,-13.1984159,0.426159971,1.64331173,0.260927005,1.47525563,0.0735116965,3.55344219,0.171885542,-12.8488423,0.410916396,-2.35535045,0.26855627,-5.55455171,0.0981948373,0.96307462,0.150273688,0.349573577,-0.0152435754,-3.99866218,0.0076292648,-7.02980734,0.0246831408,-2.59036757,-0.0216118537,0.83840892,0.83840892,0,0.877068937,0.887584582,-3.90625,0.753603457,0.795803082,-3.90625,0.945903569,0.945903569,0,0.946233661,0.946233661,0,0.927481565,0.927481565,0,0.826506386,0.826506386,0,0.756778026,0.756778026,0,0.841900162,0.841900162,0
VisualCogA_Task-2.mat,A,Task-2,50,R,1,-1,32.078429,9.31377069,30.793807,8.04976233,45.1382179,0.32421875,14.3444109,0.4765625,-111.712893,225.538746,144.381555,27.0753054,96.3913956,36.1722603,183.529404,0.28515625,87.1380081,0.5,-355.406449,487.253143,82.8596689,14.3330738,46.1907158,20.7972208,104.725174,0.328125,58.5344582,0.48046875,-52.7582819,403.405472,-61.5218864,24.7956141,84.3358345,-15.3750395,-23.9316978,0.5,-108.267532,0.28125,302.648167,493.078751,20.8401607,22.3121604,80.4414363,7.2843297,74.6845398,0.796875,-5.7568965,0.71875,101.901866,620.239578,-54.005624,45.8864736,188.207306,-18.8281698,53.608963,0.55078125,-134.598343,0.8984375,-395.162668,852.337649,20.047452,25.9405778,99.6993179,6.99442081,68.8837204,0.79296875,-30.8155975,0.8984375,-77.330259,766.373826,74.0530761,33.5922673,108.680447,25.8225906,113.284988,0.8046875,4.60454178,0.55078125,317.832409,354.180148,3.13861208,0.645155812,0.0780236462,0.13374678,1.21260429,0.110735836,-5.06231992,0.075930615,8.75436257,0.916445604,8.14238359,0.0250923605,3.05037578,0.0103130915,-3.01689926,0.00453525497,6.89032259,0.811708022,2.09806087,0.0903387171,4.79515736,0.0283005163,-3.22470116,0.0228386637,-1.86403998,-0.104737582,-6.04432272,0.0652463566,1.74478157,0.0179874249,-0.207801896,0.0183034087,0.926747924,0.926747924,0,0.666839911,0.683003812,-7.8125,0.417044254,0.603283379,-39.0625,-0.0408648536,-0.540900162,78.125,0.684991381,0.684991381,0,0.693107459,0.693107459,0,0.356854625,0.356854625,0,0.626661768,0.626661768,0,0.817124732,0.817124732,0
VisualCogA_Task-2.mat,A,Task-2,51,L,0,-1,95.1317533,15.2457108,61.3954391,23.7937823,124.562767,0.453125,63.1673279,0.25390625,172.767752,603.846588,221.936304,11.7827839,53.4514618,55.5143613,242.235214,0.44921875,188.783752,0.25,138.469399,412.957153,246.59106,20.0145425,81.4727631,61.6864699,279.509186,0.453125,198.036423,0.25390625,242.61858,660.404968,24.6547558,9.32447592,32.3821564,6.17210868,38.312149,0.45703125,5.92999268,0.26171875,104.14918,385.26947,116.99449,79.4741517,256.18877,40.7634281,238.396332,0.59765625,-17.7924385,0.8984375,-766.134375,1096.42568,176.030139,110.35004,352.834821,61.289616,340.330109,0.59375,-12.5047121,0.8984375,-1073.11198,1318.03462,228.241388,110.273905,353.968781,79.4471184,393.719086,0.59375,39.7503052,0.8984375,-1071.32882,1394.39975,52.2112491,6.65692377,30.9136429,18.1575023,69.6500168,0.78125,38.7363739,0.8125,1.78315333,467.722774,6.07539819,0.692857441,9.6649481,0.177609108,7.11479114,0.0221595612,3.85581685,0.0162452678,-1.06758627,0.656061511,7.05898787,0.224855154,7.15825138,0.0212892029,-2.10081259,0.0109874858,4.84475933,0.710251418,11.5562478,0.177514468,5.56014609,0.0190300869,3.31509129,0.0146636065,5.9123456,0.0541899069,4.49725995,-0.0473406853,-1.59810529,-0.00225911595,5.41590388,0.00367612075,0.917111625,0.917111625,0,0.936168428,0.936168428,0,0.959326118,0.959326118,0,0.997379079,0.997379079,0,0.998378625,0.998378625,0,0.998179398,0.998179398,0,0.899502333,0.899502333,0,0.961030126,0.961030126,0,0.950384947,0.950384947,0
VisualCogA_Task-2.mat,A,Task-2,52,R,1,-1,-33.703566,12.8704797,62.0727806,-8.53852379,9.51279068,0.5,-52.5599899,0.40625,1.05616483,552.385727,-19.8935863,20.3982802,88.5329628,-5.10540261,50.0011673,0.5,-38.5317955,0.40625,170.091618,587.053726,-32.2135633,12.6849445,65.2507763,-8.16232801,20.3378544,0.5,-44.9129219,0.29296875,82.2850799,502.283722,-12.319977,9.58404367,34.6564484,-3.0569254,-1.14984894,0.26171875,-35.8062973,0.484375,-87.8065382,307.783646,96.450225,14.3660568,60.3652077,33.5916293,113.407074,0.83203125,53.0418663,0.55078125,121.265525,360.140855,123.581239,7.71882745,38.9984207,43.0076476,139.134445,0.66796875,100.136024,0.55078125,32.711983,427.224368,154.270636,28.409239,109.888634,53.7265114,188.803726,0.8671875,78.9150925,0.55078125,266.84553,438.367385,30.6893972,24.8899065,89.0758667,10.7188638,67.8549347,0.86328125,-21.220932,0.55078125,234.133547,522.054753,12.6713547,0.761824272,13.7838719,0.113583205,-0.639641781,0.0290454507,-2.73368383,0.010647434,6.33900517,0.79084017,11.3345696,0.105657636,0.851651921,0.011404106,0.650464633,0.00690201405,8.23289328,0.809152088,15.7971862,0.084308391,0.604116679,0.0205356552,-0.848469215,0.00785299979,1.89388811,0.0183119188,4.46261656,-0.0213492452,-0.247535242,0.00913154927,-1.49893385,0.000950985741,0.762064337,0.762064337,0,0.85979823,0.85979823,0,0.937472051,0.937472051,0,0.693632045,0.693632045,0,0.954026528,0.954026528,0,0.563551015,0.563551015,0,0.975306305,0.975306305,0,0.988134047,0.988134047,0,0.977531607,0.977531607,0
VisualCogA_Task-2.mat,A,Task-2,53,R,1,-1,6.489378,15.0291295,53.5469208,1.60210698,35.2479668,0.375,-18.298954,0.32421875,-27.6451876,760.308123,8.95152129,11.9380024,43.5138226,2.21513202,27.8133125,0.375,-15.70051,0.3203125,35.6840372,593.329285,-4.36248158,12.2556225,40.1209717,-1.10541094,17.9988537,0.375,-22.122118,0.32421875,-30.1768085,619.807602,-13.3140029,6.75464738,23.4495993,-3.32054295,-3.62639046,0.25,-27.0759897,0.5,-65.8608457,316.517549,54.8535364,42.9873783,144.572605,19.168729,123.340881,0.5859375,-21.2317238,0.89453125,-404.618364,850.217159,93.463523,28.0020372,103.997002,32.5581862,147.568237,0.5859375,43.5712357,0.82421875,-252.266755,812.479909,58.5288093,49.1178729,162.496243,20.4701453,134.867569,0.5859375,-27.6286736,0.89453125,-461.906608,968.025391,-34.9347137,23.4981164,73.9989147,-12.0880409,-1.34441376,0.6328125,-75.3433285,0.8984375,-209.639852,440.85455,14.5189418,0.525442443,8.03107518,0.212808105,6.31029946,0.1512516,-1.27748989,0.0113161337,15.0835536,0.620094121,7.89697532,0.187482981,4.91955061,0.0927100464,-2.81735624,0.00633219714,16.7208156,0.584143694,9.49890804,0.214882303,6.62336727,0.0933995741,-2.70386576,0.00779088062,1.63726192,-0.035950427,1.60193272,0.027399322,1.70381667,0.000689527772,0.113490486,0.00145868349,0.903707852,0.903707852,0,0.980717257,0.980717257,0,0.844422426,0.844422426,0,0.979695597,0.979695597,0,0.994721675,0.994721675,0,0.961362907,0.961362907,0,0.879236675,0.879236675,0,0.990646947,0.990646947,0,0.895513341,0.895513341,0
VisualCogA_Task-2.mat,A,Task-2,54,L,0,-1,-11.2280353,7.15469671,24.7818024,-2.82276348,2.99825597,0.359375,-21.7835464,0.4765625,-55.9194232,304.81981,6.02214351,6.01289719,24.8277907,1.48168349,19.2934914,0.359375,-5.53429937,0.4453125,-10.0530468,406.370285,-16.1495802,8.65235405,31.4099877,-4.05356069,-0.248135269,0.25,-31.658123,0.4765625,-88.2818024,323.196092,-22.1717237,8.1594128,28.9732978,-5.53524418,-9.06192327,0.33203125,-38.0352211,0.5,-78.2287556,376.308974,129.619663,19.1721815,95.0502968,45.1777029,154.106415,0.859375,59.056118,0.55078125,157.57316,591.692295,111.631111,14.1393112,57.5977402,38.9235941,137.809326,0.58984375,80.211586,0.55078125,-100.730909,562.906272,155.2639,31.3194017,138.481636,54.1329105,192.025436,0.85546875,53.5438004,0.55078125,271.899626,657.112908,43.6327894,39.2401305,130.166428,15.2093164,98.5741806,0.8515625,-31.592247,0.5625,372.630536,536.066845,22.7314399,0.749588306,11.0298489,0.135762237,2.80822334,0.0192065335,-3.25397111,0.00659192386,10.7733944,0.711514691,14.0836544,0.171153777,5.2316622,0.0142283658,-1.21492122,0.00680399491,12.0453324,0.781081388,9.89646437,0.116256114,2.38752138,0.0129929782,-2.15049141,0.00640506398,1.27193803,0.0695666977,-4.18719005,-0.0548976637,-2.84414082,-0.00123538762,-0.935570189,-0.000398930933,0.748484563,0.748484563,0,0.881490511,0.881490511,0,0.427117106,0.427117106,0,-0.304405684,-0.77240135,-27.34375,0.983167713,0.983167713,0,-0.405301059,-0.814964719,27.34375,0.955548909,0.957173804,7.8125,0.994083702,0.994083702,0,0.92453381,0.934288055,-15.625
VisualCogA_Task-2.mat,A,Task-2,55,L,0,-1,17.701713,5.46019527,20.1964169,4.42693248,31.3383198,0.34765625,11.1419029,0.4765625,-31.3595645,341.059162,2.10984721,23.7250764,75.3498116,0.508659045,41.6376114,0.25,-33.7122002,0.484375,-314.8903,403.112137,56.2197311,24.5116012,75.8497372,14.0608988,92.6172943,0.25,16.7675571,0.5,-327.312747,442.64077,54.1098839,4.61370174,18.0533023,13.5522398,62.6117644,0.38671875,44.5584621,0.5,-12.4224463,339.04211,65.933005,30.0654459,106.695381,23.0448793,124.834846,0.69140625,18.1394653,0.55078125,57.2664564,737.763551,21.7173609,34.4589735,122.799652,7.69291343,86.4068375,0.69140625,-36.3928146,0.5546875,97.7807198,848.924064,30.2844639,30.1845532,105.379215,10.6297194,99.0694427,0.6875,-6.30977249,0.86328125,-66.8776779,750.70499,8.56710304,17.6337332,63.9352282,2.93680592,45.4916639,0.55859375,-18.4435643,0.875,-164.658398,352.732431,3.06174499,0.812559,0.752440197,0.0638502444,3.46878796,0.0347872235,2.44057326,0.0421118819,-7.29387261,0.870933315,-4.02032974,0.0497193188,0.021548514,0.0138644732,-1.95882178,0.0150016056,-9.92911203,0.861249047,-5.83230809,0.0505278234,2.84667132,0.0152658348,2.437138,0.0158005995,-2.63523943,-0.00968426828,-1.81197835,0.000808504558,2.8251228,0.00140136162,4.39595978,0.000798993875,0.579505015,0.580799888,39.0625,0.584423065,0.584423065,0,0.982230254,0.982230254,0,0.992835817,0.992835817,0,0.905546448,0.905546448,0,0.859306895,0.859306895,0,0.244709427,0.250708622,-7.8125,-0.226591147,-0.440049737,78.125,0.807201774,0.807201774,0
VisualCogA_Task-2.mat,A,Task-2,56,R,1,-1,-49.7480138,5.45382017,20.0120087,-12.4478641,-38.9009628,0.25390625,-58.9129715,0.48046875,-48.2699147,251.934204,17.0795361,12.2451814,39.1968084,4.26425039,38.4130936,0.49609375,-0.783714831,0.25,162.028558,296.271571,-68.7053088,5.01205422,18.4149323,-17.1948816,-58.8880997,0.2578125,-77.3030319,0.3125,-13.3446315,324.983749,-85.7848448,13.1978358,48.2482819,-21.459132,-58.9852081,0.2578125,-107.23349,0.48828125,-175.37319,243.513868,66.797879,24.2369117,121.451641,23.3574649,103.017349,0.875,-18.4342918,0.55078125,178.309487,774.65343,153.017257,17.0410349,94.0693512,53.329268,178.464081,0.6796875,84.3947296,0.55078125,34.0114634,660.353318,109.007044,45.6485671,190.854977,38.0703692,167.913147,0.875,-22.9418297,0.55078125,400.532264,879.515263,-44.0102133,38.3485159,115.189072,-15.2588989,3.19487,0.87890625,-111.994202,0.56640625,366.5208,440.57423,19.9115558,0.794366144,9.41646771,0.115383178,-3.03825686,0.00735581512,-0.215907411,0.00967487904,2.49168574,0.827703708,6.71185042,0.0924802122,-4.2048227,0.00609415089,-0.355108473,0.00677734983,7.7552372,0.830943586,13.5259578,0.0932095288,3.88329113,0.00496033582,-0.823064537,0.0051108057,5.26355146,0.00323987812,6.81410742,0.000729316605,8.08811383,-0.00113381507,-0.467956064,-0.00166654413,-0.476552426,-0.497880651,-15.625,0.820222422,0.820222422,0,0.00718782487,-0.326136926,66.40625,0.784543519,0.784543519,0,0.954301805,0.954301805,0,0.580782391,0.580782391,0,0.917552777,0.91967548,7.8125,0.991767786,0.991767786,0,0.918039923,0.921711037,-11.71875
VisualCogA_Task-2.mat,A,Task-2,57,R,1,-1,-3.58801424,27.5475284,102.323471,-0.95022725,61.0324326,0.25,-41.2910385,0.49609375,-338.707856,772.199656,1.6003947,26.0287589,100.860867,0.333263114,68.8577881,0.25,-32.0030785,0.49609375,-325.337053,649.232101,-5.00952736,34.9133377,130.456894,-1.30414652,72.5466995,0.25,-57.9101944,0.49609375,-449.121771,811.806511,-6.60992206,9.99723642,38.1232567,-1.63740964,12.2161407,0.296875,-25.9071159,0.49609375,-123.784718,340.830361,-2.5141698,35.2377877,124.567528,-0.889891624,83.5818558,0.8203125,-40.985672,0.6875,240.660155,850.054709,3.80404831,35.082293,121.781212,1.289248,85.6210098,0.81640625,-36.160202,0.68359375,239.682757,864.391356,-26.2192686,39.4058296,139.898552,-9.1289963,69.8021164,0.81640625,-70.0964355,0.70703125,263.262081,928.549921,-30.0233169,8.66876197,31.4296293,-10.4182443,-15.2746735,0.8203125,-46.7043028,0.74609375,23.5793237,535.505177,15.7262119,0.619482325,15.8604955,0.213580711,0.0621955617,0.0254580874,0.594746477,0.0343216568,23.401001,0.605883414,19.4722098,0.23776766,5.62781062,0.0267864152,-1.28314894,0.0197737795,13.8122897,0.645358384,21.5863459,0.202189337,2.97561093,0.0194550243,1.63814806,0.0306389936,-9.58871128,0.0394749698,2.11413609,-0.0355783225,-2.65219969,-0.0073313909,2.921297,0.0108652141,0.994363109,0.994363109,0,0.991177425,0.991177425,0,0.988440728,0.988440728,0,0.992988189,0.992988189,0,0.992539255,0.992539255,0,0.979581687,0.980158679,3.90625,0.993782689,0.993782689,0,0.95762133,0.95762133,0,0.943438417,0.943438417,0
VisualCogA_Task-2.mat,A,Task-2,58,R,1,-1,-33.7468428,11.8312256,44.4264393,-8.44881178,-11.1700153,0.3359375,-55.5964546,0.46875,-130.303578,494.039242,-27.4958927,7.8030869,32.4297476,-6.88589488,-8.54675388,0.3359375,-40.9765015,0.47265625,-62.5709154,417.643784,-50.6469305,9.69259607,35.7644405,-12.6737657,-31.5193958,0.25,-67.2838364,0.46875,-108.782581,453.205635,-23.1510378,4.31793332,18.5422134,-5.78787079,-13.851429,0.25,-32.3936424,0.5,-46.2116652,226.940025,70.0912116,45.5458004,175.388268,24.5191392,123.142426,0.8828125,-52.245842,0.55078125,388.661823,921.015384,67.9508175,32.8172092,129.554718,23.7774637,100.532272,0.6796875,-29.0224457,0.55078125,203.735237,750.053876,93.9282857,66.4974751,245.15918,32.8293843,176.335159,0.8828125,-68.8240204,0.55078125,607.774965,1066.80618,25.9774683,41.4341826,127.224266,9.05192055,87.4226913,0.86328125,-39.8015747,0.55078125,404.039728,466.428519,16.1404754,0.787238156,11.9301463,0.0908904283,11.5081461,0.0360795818,5.5615859,0.0163555896,10.6003563,0.789443106,13.1922731,0.0982098203,12.0880599,0.0301425152,2.48053863,0.0094421571,12.0834542,0.814230452,13.0209969,0.0950636771,11.2821203,0.0167875898,6.9307056,0.00994428498,1.48309793,0.0247873461,-0.171276211,-0.00314614321,-0.805939576,-0.0133549254,4.45016697,0.000502127878,0.933935284,0.933935284,0,0.979031993,0.979031993,0,0.900344632,0.900344632,0,0.928531603,0.928531603,0,0.988739351,0.988739351,0,0.866553306,0.866553306,0,0.977328965,0.977328965,0,0.994820042,0.994820042,0,0.960661104,0.960661104,0
VisualCogA_Task-2.mat,A,Task-2,59,R,1,-1,-39.3516522,6.43090758,26.6130524,-9.8173426,-26.9178162,0.3828125,-53.5308685,0.26171875,45.9972099,396.082382,-13.2377645,16.6243296,53.1511154,-3.33154165,17.6239166,0.48046875,-35.5271988,0.26171875,207.669436,406.167099,-53.4210611,6.79614712,27.5762978,-13.3226702,-43.1045341,0.453125,-70.6808319,0.26171875,56.5441198,404.827347,-40.1832966,14.1955638,55.0987148,-9.9911285,-22.1479607,0.328125,-77.2466755,0.5,-151.125316,387.887659,109.512118,27.6788895,124.943285,38.1965394,143.607162,0.80078125,18.6638775,0.55078125,232.262666,529.288015,174.056485,28.0876171,126.727348,60.6189666,210.549911,0.8515625,83.8225632,0.55078125,247.517281,519.845615,160.047235,49.0849643,203.968217,55.8421698,218.09816,0.80078125,14.1299429,0.55078125,429.774586,758.982929,-14.00925,27.021308,89.7920008,-4.77679677,20.0993805,0.80078125,-69.6926203,0.55078125,182.257304,555.393371,2.86099455,0.766741009,5.10524225,0.124769599,5.11152643,0.0232341696,-3.8222349,0.0084496462,2.06009292,0.817096253,5.54250934,0.094249061,10.0290054,0.0146009775,-3.50354292,0.00605938488,5.24895386,0.790293521,5.4225337,0.118974279,4.94163229,0.0139350546,-3.87680794,0.00398342356,3.18886094,-0.0268027315,-0.119975634,0.0247252179,-5.08737315,-0.000665922897,-0.373265022,-0.00207596133,0.621655198,0.660888545,-7.8125,0.846907965,0.846907965,0,0.535671931,0.63048033,11.71875,0.941350364,0.941350364,0,0.972149531,0.972149531,0,0.89509438,0.89509438,0,0.981859187,0.981859187,0,0.995454489,0.995454489,0,0.973403348,0.973403348,0
VisualCogA_Task-2.mat,A,Task-2,60,R,1,-1,-13.5729218,11.4233909,40.5859375,-3.42950294,10.1885471,0.3203125,-30.3973904,0.41015625,-49.7003663,460.933105,49.7084905,8.68118265,29.8761673,12.3942809,65.0093536,0.5,35.1331863,0.37890625,-21.352505,341.614288,-4.12684257,11.3156115,45.3962002,-1.0748304,21.9108887,0.5,-23.4853115,0.4140625,1.64488293,518.139591,-53.8353331,6.31678963,24.7282791,-13.4691113,-42.8235855,0.49609375,-67.5518646,0.41796875,22.9973879,350.10906,45.7476264,61.4859147,173.825035,16.0640412,122.067268,0.69140625,-51.7577667,0.8984375,-520.885305,750.283916,73.7451677,54.3317412,150.737503,25.7421242,134.39064,0.6484375,-16.3468628,0.8984375,-493.093568,652.702892,85.0082262,81.960362,223.437801,29.7516794,183.602325,0.69140625,-39.8354759,0.8984375,-693.658694,891.346241,11.2630584,30.784779,91.4532032,4.00955514,58.168045,0.67578125,-33.2851582,0.78515625,-200.565126,542.602948,14.6123807,0.818121396,15.9097533,0.0792301558,-3.87012264,0.00761684415,-0.307311849,0.0108715952,7.69277112,0.774918343,5.91593157,0.0982319457,-5.09600056,0.0188099349,-0.0656107735,0.0164420763,17.0529287,0.828856012,16.153057,0.0766818272,3.39619554,0.00654978398,0.326664894,0.00704542115,9.36015756,0.0539376682,10.2371254,-0.0215501185,8.4921961,-0.0122601509,0.392275668,-0.00939665512,0.882651427,0.882651427,0,0.919982651,0.919982651,0,0.83222719,0.83222719,0,0.986056411,0.986056411,0,0.996982772,0.996982772,0,0.979299361,0.979299361,0,0.935317694,0.935317694,0,0.989731753,0.989731753,0,0.922120736,0.922120736,0
VisualCogA_Task-2.mat,A,Task-2,61,L,0,-1,-21.321658,8.17193963,32.7678163,-5.31895656,-2.95230317,0.37890625,-35.7201195,0.30859375,43.1639289,453.905836,-57.6389648,10.4769033,40.4945679,-14.4330972,-37.4547195,0.4921875,-77.9492874,0.3125,97.4899742,371.949249,-39.1425601,5.98599845,24.2421322,-9.7698334,-25.104044,0.375,-49.3461761,0.46484375,-5.39405637,377.933594,18.4964047,10.5448104,43.5023003,4.66326378,42.4845848,0.328125,-1.01771545,0.49609375,-102.884031,365.462555,10.8343714,31.6951936,108.605459,3.90132573,78.7633362,0.63671875,-29.842123,0.55859375,-146.69729,744.999288,-4.12947202,36.8184688,130.9487,-1.25547018,73.4014511,0.6328125,-57.5472488,0.88671875,-213.511791,820.100873,-1.27942271,31.706295,118.631317,-0.339531319,64.8759537,0.63671875,-53.7553635,0.55859375,-80.2597279,797.800238,2.85004931,17.7025871,68.0981874,0.915938862,46.0940237,0.8984375,-22.0041637,0.58984375,133.252063,440.473792,10.2745556,0.54919067,9.87889097,0.212009925,8.98298086,0.0946895781,3.91088109,0.0442821062,5.85513635,0.676927159,5.21561813,0.170875924,4.00331865,0.0535726234,-2.98582486,0.0162900383,3.45560573,0.578932342,7.58272355,0.229261834,7.73737281,0.0639887107,2.62470472,0.0271390401,-2.39953062,-0.0979948164,2.36710542,0.0583859099,3.73405416,0.0104160873,5.61052957,0.0108490018,0.748618382,0.777260282,-3.90625,0.800579884,0.800579884,0,0.274294859,-0.637389915,-70.3125,0.975473622,0.975473622,0,0.950385059,0.950385059,0,0.876968959,0.878515371,-3.90625,0.923756025,0.92438344,3.90625,0.957921673,0.957921673,0,0.869756492,0.881468355,-7.8125
VisualCogA_Task-2.mat,A,Task-2,62,R,1,-1,-39.689845,13.6298816,54.1273479,-9.94232589,-9.80682945,0.25,-63.9341774,0.48828125,-166.408782,427.798729,-123.368305,5.65934113,25.6634674,-30.8623791,-110.585541,0.25,-136.249008,0.4375,-45.6232846,421.896606,-117.525033,19.4023785,72.869545,-29.4255607,-71.6185226,0.25,-144.488068,0.4921875,-254.7545,422.256989,5.8432717,16.0511852,54.5012665,1.43681838,39.1777344,0.2578125,-15.3235321,0.49609375,-209.131216,326.548065,60.8880022,17.0636328,86.4811101,21.3207687,84.4318695,0.75,-2.04924059,0.55078125,94.1443302,549.964582,-26.7738013,9.33314189,48.9761381,-9.20066197,-13.1760645,0.74609375,-62.1522026,0.55078125,-5.47687853,457.814497,23.8678388,26.8852167,118.38913,8.49230928,49.1687546,0.75,-69.2203751,0.55078125,189.994515,569.796383,50.6416401,23.3790016,80.0049934,17.6929712,72.936821,0.875,-7.06817245,0.55078125,195.471393,374.499879,14.5629078,0.713988305,18.4268896,0.16740666,2.9776329,0.019774756,-0.525828189,0.00733451842,2.62442633,0.72852918,12.1129756,0.149707904,0.747428597,0.0201383597,1.36223605,0.0144134519,12.7796044,0.802582433,17.2367603,0.106099481,3.04038907,0.00910366374,-1.41985591,0.00376013339,10.1551781,0.0740532533,5.12378462,-0.0436084225,2.29296047,-0.0110346959,-2.78209196,-0.0106533185,0.760565856,0.760565856,0,0.904761518,0.904761518,0,0.686855468,0.686855468,0,0.729104367,0.729104367,0,0.958956421,0.958956421,0,0.524750877,0.524750877,0,0.937046426,0.940904518,7.8125,0.972787849,0.973003723,-3.90625,0.947982272,0.957966501,-11.71875
VisualCogA_Task-2.mat,A,Task-2,64,L,0,-1,-0.344500749,6.04810921,28.3274918,-0.0783119002,14.6226864,0.3515625,-13.7048054,0.421875,-21.4535435,326.622498,78.8174686,9.78967094,34.1948242,19.7298477,90.6851425,0.35546875,56.4903183,0.25,105.012985,328.307251,7.08173638,6.07875375,23.6082139,1.77949757,18.8187885,0.35546875,-4.78942537,0.25,43.0971628,305.238583,-71.7357322,5.32997986,20.8198234,-17.9503502,-58.6930531,0.26171875,-79.5128765,0.44140625,-61.9158221,224.819639,107.254304,15.040039,91.7644691,37.4294133,135.969025,0.6875,44.2045555,0.55078125,-7.23197135,657.936875,75.6139433,65.8816669,202.041927,26.3777815,177.275696,0.58203125,-24.7662315,0.88671875,-634.963998,797.255322,146.846391,20.5248442,115.36137,51.251564,179.062347,0.68359375,63.7009773,0.55078125,4.39865847,662.392852,71.2324482,66.3221889,211.035255,24.8737825,149.147213,0.875,-61.8880424,0.55078125,639.362656,611.453246,14.591452,0.720773101,16.0844564,0.140210573,6.27370552,0.0409619383,3.98639652,0.00881579869,9.22828979,0.629610585,17.2684146,0.209593369,11.2020056,0.0555198529,3.58121532,0.0126749348,15.2501549,0.762241688,18.1671643,0.129518908,6.9271485,0.0212326822,0.90566837,0.0043272836,6.02186507,0.132631103,0.898749713,-0.0800744602,-4.27485713,-0.0342871707,-2.67554695,-0.00834765119,0.290654089,-0.690279821,78.125,0.595439188,-0.687108674,74.21875,0.877012056,0.877012056,0,0.224318371,0.373146214,23.4375,0.946406998,0.946406998,0,0.134235904,0.428937235,-74.21875,0.254056635,0.510621109,78.125,0.996181675,0.996181675,0,0.258667732,0.541772841,-78.125
VisualCogA_Task-2.mat,A,Task-2,65,R,1,-1,-100.380313,9.46103836,31.8695831,-25.0900383,-85.388588,0.2890625,-117.258171,0.5,-123.528356,264.550781,-59.3949919,5.43380436,21.0458641,-14.8318772,-48.8754845,0.375,-69.9213486,0.25,51.7302167,378.231476,-105.327542,7.33197179,28.2404633,-26.3360797,-90.7721939,0.2890625,-119.012657,0.46875,-88.3476322,287.51358,-45.93255,10.715844,36.8257942,-11.5042025,-25.9874954,0.25,-62.8132896,0.47265625,-140.077849,295.487854,-22.7494954,43.0146992,136.142826,-7.79777446,17.2310753,0.83984375,-118.911751,0.56640625,361.648525,611.743205,36.7645569,36.8743508,120.331718,12.9038805,67.4782257,0.88671875,-52.8534927,0.5625,278.759351,684.382209,3.23462782,59.1828543,179.503723,1.26585283,56.7367935,0.83984375,-122.76693,0.5625,513.277135,663.725959,-33.5299291,26.2601933,67.7269974,-11.6380277,-6.6410408,0.74609375,-74.3680382,0.58203125,234.517784,339.64835,-1.13288846,0.79641716,-7.2209153,0.116090665,-6.87493927,0.00601351229,-2.35753581,0.0139172735,5.37983144,0.78559485,-7.11712029,0.130239861,-5.00504419,0.0108870008,1.38873229,0.0140722508,2.9909031,0.808599928,-6.57676108,0.11235471,-5.91438771,0.0100355491,-2.50106315,0.011306496,-2.38892835,0.0230050778,0.540359213,-0.017885151,-0.909343516,-0.00085145174,-3.88979544,-0.00276575476,-0.478067902,-0.645966807,23.4375,0.951713098,0.951713098,0,-0.395894526,-0.618281262,-27.34375,0.978399091,0.978399091,0,0.994329614,0.994329614,0,0.956026705,0.956026705,0,0.888893957,0.890938336,3.90625,0.991820003,0.991820003,0,0.91941137,0.920358965,-3.90625
VisualCogA_Task-2.mat,A,Task-2,66,L,0,-1,-47.7700785,7.36054414,22.3776054,-11.9307513,-37.1546631,0.36328125,-59.5322685,0.42578125,-73.5431243,261.366653,-96.2667476,12.8732935,42.1290054,-24.0566388,-74.3802795,0.26953125,-116.509285,0.5,-161.581223,352.711395,-60.5315282,11.104695,32.6150398,-15.1395148,-41.3908577,0.26953125,-74.0058975,0.44921875,-141.478668,204.313461,35.7352193,5.00324534,23.2547035,8.917124,49.2004318,0.5,25.9457283,0.36328125,20.1025548,318.481461,69.888491,21.3712327,98.2647597,24.430064,99.1240921,0.8671875,0.859332383,0.55078125,156.53841,590.496282,15.4201562,24.4251096,108.184608,5.49609169,48.4943466,0.86328125,-59.6902618,0.55078125,197.493587,535.657619,82.4931215,28.9998876,123.708818,28.8445014,114.752213,0.86328125,-8.95660591,0.55078125,223.85826,592.136724,67.0729653,7.72317533,30.0655763,23.3484097,80.7513046,0.78125,50.6857283,0.55859375,26.364673,332.752557,24.6199087,0.803845733,12.1903036,0.0964985885,1.67823787,0.0126549692,-0.747014783,0.00933162474,12.4915847,0.799606692,11.8153607,0.097798665,4.59479079,0.0159011969,2.32071119,0.00946948378,21.509046,0.825992878,15.7457604,0.0906090601,-3.59777797,0.00321867351,0.728415716,0.00482486975,9.01746131,0.0263861855,3.93039975,-0.00718960498,-8.19256876,-0.0126825234,-1.59229547,-0.00464461404,0.887459663,0.889940172,3.90625,0.86209769,0.879419888,3.90625,0.923386111,0.923386111,0,0.97388491,0.97388491,0,0.986486062,0.986486062,0,0.972668747,0.972668747,0,0.947575153,0.948203569,-3.90625,0.996049281,0.996049281,0,0.960305431,0.960305431,0
VisualCogA_Task-2.mat,A,Task-2,67,R,1,-1,3.61089904,8.80424234,42.3807697,0.946264534,25.8758583,0.390625,-16.5049114,0.25,19.2296423,432.410233,-28.3258072,10.4226234,32.7900372,-7.03882191,-12.0449581,0.390625,-44.8349953,0.44921875,-90.7908814,441.427505,7.37963458,9.06360609,31.644774,1.87836935,24.9004097,0.390625,-6.74436426,0.5,-61.0333085,398.485085,35.7054418,5.7795607,22.5276358,8.91719126,42.0615387,0.32421875,19.5339029,0.3515625,29.757573,382.416348,87.5108428,37.1581631,128.698706,30.6662564,137.019043,0.78515625,8.3203373,0.55078125,19.6681993,968.048098,-5.45590537,38.095218,125.327721,-1.6641518,33.6841812,0.65234375,-91.6435394,0.875,-175.685011,852.633995,80.0951111,43.4294059,137.730734,28.1576095,134.695923,0.78515625,-3.03481078,0.55078125,-8.6038033,944.166614,85.5510165,20.6725961,66.8628409,29.8217613,116.632699,0.8125,49.7698576,0.55078125,167.081207,348.197356,5.50756794,0.710204876,9.43855322,0.11863829,5.47475509,0.0636472153,1.06227259,0.0304310853,3.16633123,0.632856982,10.8986709,0.184313326,3.67422226,0.0534627115,-1.10307223,0.0283573194,2.34252644,0.721801339,9.80659761,0.131905578,3.46188478,0.0336142264,2.43136858,0.0324575807,-0.823804788,0.0889443562,-1.09207326,-0.0524077476,-0.212337476,-0.0198484851,3.53444081,0.00410026127,0.532032843,-0.538354366,-58.59375,0.732976847,0.732976847,0,0.832975836,0.832975836,0,0.850159763,0.850159763,0,0.992003501,0.992003501,0,0.879445731,0.879445731,0,0.603998772,0.603998772,0,0.961833419,0.961833419,0,0.769434173,0.769434173,0
VisualCogA_Task-2.mat,A,Task-2,68,R,1,-1,-45.8807362,4.2927034,16.6204491,-11.4678256,-38.3598595,0.29296875,-54.9803085,0.44921875,-3.93056047,231.037292,-21.281291,19.8086149,71.8194962,-5.34798708,21.7105293,0.5,-50.1089668,0.25,257.873444,334.605362,-39.3525698,8.31818106,41.0297699,-9.84784009,-16.3550873,0.5,-57.3848572,0.25,91.5057994,275.756195,-18.0712788,13.1049081,38.8782005,-4.499853,-1.32635498,0.2890625,-40.2045555,0.484375,-166.367644,247.126999,130.544627,48.5388188,205.307007,45.652852,184.020691,0.80078125,-21.2863159,0.55078125,371.888232,833.539238,241.009712,58.3812548,234.05481,84.1665688,297.180847,0.80078125,63.1260376,0.55078125,375.797534,963.885973,248.740191,86.8657095,315.350466,86.805409,337.44455,0.8046875,22.0940838,0.55078125,784.999766,1076.98868,7.73047924,42.8571476,131.775963,2.63884019,89.1830139,0.8828125,-42.5929489,0.5859375,409.202233,433.744014,14.993796,0.834162867,7.08865207,0.0795062259,3.11201655,0.018456736,-0.248776306,0.00422007415,19.3469716,0.890936443,5.8705283,0.0504077263,-0.928078304,0.00564811866,-0.450172387,0.00258971289,15.23911,0.87412763,12.5447514,0.0584710887,7.67262322,0.00948977492,-1.34618747,0.00198954065,-4.10786161,-0.0168088127,6.6742231,0.00806336242,8.60070152,0.00384165626,-0.896015081,-0.000600172241,0.0506352654,-0.509956332,-35.15625,0.478296963,-0.597853041,-39.0625,0.879504308,0.879504308,0,0.974919715,0.974919715,0,0.960070474,0.960070474,0,0.898905108,0.898905108,0,0.984774438,0.984774438,0,0.99310367,0.99310367,0,0.981308382,0.981308382,0
VisualCogA_Task-2.mat,A,Task-2,69,L,0,-1,24.1598988,6.80003315,24.5985212,6.05600256,36.0681992,0.3984375,11.4696779,0.4765625,-5.99397453,551.346748,22.2549586,17.2769864,65.178421,5.64273591,39.2591743,0.3046875,-25.9192467,0.25390625,130.401949,620.223244,23.8801757,9.89885462,36.9346519,5.93644907,42.7804604,0.26171875,5.84580851,0.328125,-82.1795515,646.172604,1.62521703,23.8537567,86.9968615,0.293713156,67.8449249,0.2578125,-19.1519365,0.47265625,-212.5815,653.774837,29.5225111,8.26883286,34.7830639,10.2251856,44.3025856,0.62109375,9.51952171,0.828125,-23.491852,494.586047,32.8212576,10.2046035,41.6699386,11.3851442,47.7102051,0.625,6.04026651,0.828125,-63.9103081,433.887133,29.3965587,6.68600084,28.2403107,10.2054404,45.8939972,0.890625,17.6536865,0.68359375,27.8895246,517.117862,-3.4246989,10.7690427,34.2976303,-1.17970379,14.4864578,0.8125,-19.8111725,0.5703125,91.7998328,380.943521,-6.89921456,0.621398129,-6.45875114,0.107255908,-3.40903466,0.0517547867,-1.63889227,0.147524134,-2.76481979,0.718504972,-1.60890316,0.0948578164,-1.6486979,0.0515399064,-4.00855329,0.0599797004,-11.5887988,0.281272278,0.165702251,0.228806427,3.53188399,0.166080369,-0.673357657,0.231054982,-8.82397898,-0.437232694,1.77460541,0.133948611,5.1805819,0.114540463,3.33519564,0.171075282,0.559873312,0.559873312,0,0.359448047,-0.488168063,-23.4375,-0.504378809,-0.582318331,-15.625,0.780663357,0.780663357,0,0.664951959,0.664951959,0,0.240841483,-0.43096214,-62.5,0.932467561,0.932467561,0,0.590543583,0.590543583,0,0.316697789,0.316697789,0
VisualCogA_Task-2.mat,A,Task-2,70,L,0,-1,-28.0860027,6.86460922,25.1924152,-7.01052169,-14.0820675,0.3671875,-39.2744827,0.41015625,-42.7634372,380.722702,41.6052899,13.8250571,45.2391453,10.3960636,65.9879913,0.4921875,20.7488461,0.25390625,175.363105,334.501335,-26.6647964,4.82861746,19.1831017,-6.66986509,-17.0437584,0.359375,-36.22686,0.4140625,7.87475134,312.852142,-68.2700863,12.6403272,36.8620796,-17.0659287,-49.4405537,0.26953125,-86.3026333,0.4921875,-167.488354,228.340218,115.530252,55.9686661,191.178923,40.3294332,173.136688,0.8671875,-18.0422344,0.55078125,507.116698,709.75355,227.626642,54.0582511,193.330078,79.3308527,279.168304,0.8671875,85.8382263,0.55078125,475.562524,682.790994,193.58516,91.6072309,301.454036,67.490155,295.911713,0.8984375,-5.54232311,0.55078125,864.638884,913.110327,-34.0414819,39.8944247,122.607516,-11.8406977,26.3510437,0.8984375,-96.2564719,0.5625,389.076359,392.474822,17.8481183,0.839043833,2.65686943,0.0777172399,-3.44259699,0.00977907022,-2.19993261,0.00978856237,16.147471,0.870893317,3.18635507,0.0619837339,-1.214035,0.00667021428,-2.27182045,0.00816147391,17.9260222,0.879620733,6.60536112,0.0610010733,-7.08511943,0.00349989586,-1.58546449,0.00398899946,1.77855124,0.00872741647,3.41900605,-0.000982660573,-5.87108443,-0.00317031842,0.686355958,-0.00417247445,-0.113369899,-0.456821047,42.96875,0.720283848,0.720283848,0,0.409475936,0.409475936,0,0.996640654,0.996640654,0,0.991559024,0.991559024,0,0.981660482,0.981660482,0,0.970040428,0.970040428,0,0.995900403,0.995900403,0,0.973819875,0.973819875,0
VisualCogA_Task-2.mat,A,Task-2,71,R,1,-1,15.9756763,8.95015609,33.6260741,4.00612652,35.3985481,0.30859375,1.77247405,0.4140625,2.6327897,467.102519,13.3005163,7.34975151,28.7365965,3.31697775,28.4674549,0.5,-0.269141614,0.37890625,22.1682804,424.1125,-1.66231468,5.93349928,22.6728239,-0.408874549,9.96426392,0.3125,-12.70856,0.4140625,15.1721957,381.837296,-14.962831,5.0668154,22.5287083,-3.7258523,-3.37253559,0.37109375,-25.9012439,0.5,-6.99608474,354.468969,35.5964247,44.4968487,149.81316,12.3668026,132.878159,0.578125,-16.9350014,0.890625,-397.194398,713.218883,38.1920175,48.8611549,167.720331,13.2899232,137.3004,0.58203125,-30.4199314,0.890625,-448.212729,692.39223,26.9045449,47.8161619,153.355164,9.29731301,137.229004,0.578125,-16.1261597,0.859375,-411.639005,779.652766,-11.2874726,11.3693864,44.0769854,-3.9926102,21.967865,0.890625,-22.1091204,0.68359375,36.5737244,448.219791,17.947279,0.53648065,12.1089248,0.258413825,9.76509023,0.076714539,6.65426835,0.0133351202,21.1884662,0.605607033,13.4969552,0.242699886,2.86326066,0.0317334174,2.45472921,0.00819448542,20.2249646,0.522258255,14.4258778,0.287133687,9.3616253,0.0695649117,5.57241659,0.00693166829,-0.963501586,-0.0833487776,0.928922565,0.0444338012,6.49836464,0.0378314943,3.11768737,-0.00126281713,0.838761388,0.847879041,3.90625,0.917382516,0.917382516,0,0.728651845,0.728651845,0,0.993903285,0.993903285,0,0.989095759,0.989095759,0,0.972570296,0.972570296,0,0.975584922,0.975584922,0,0.971697447,0.971697447,0,0.96746863,0.96746863,0
VisualCogA_Task-2.mat,A,Task-2,72,R,1,-1,-29.4949939,9.09472414,36.785862,-7.35746672,-3.7947197,0.3359375,-40.5805817,0.48828125,-45.1644815,530.769432,-128.463,12.0753629,46.9115829,-32.1566901,-95.1753006,0.25390625,-142.086884,0.48828125,-136.161449,460.539215,-85.5786266,16.0735856,62.164814,-21.3532032,-53.5184059,0.33203125,-115.68322,0.49609375,-172.950893,548.134552,42.8843733,10.4211678,42.2295609,10.803487,61.157753,0.328125,18.9281921,0.25,-36.7894445,388.117401,-43.7292831,6.57763127,25.03339,-15.2340493,-33.2631416,0.83984375,-58.2965317,0.7734375,21.1513703,509.994459,-153.013016,7.06423323,29.5912781,-53.2079403,-137.239365,0.84765625,-166.830643,0.62109375,35.5153647,487.193776,-123.179513,5.90906544,27.4800262,-42.8664337,-108.24205,0.55078125,-135.722076,0.7734375,-13.7618604,450.330627,29.8335032,7.77813825,34.14991,10.3415067,46.177475,0.55078125,12.027565,0.8515625,-49.2772251,376.353845,6.34394566,0.537300813,2.98078817,0.218244188,3.95298342,0.0866325101,-0.497798723,0.0901853905,12.5666252,0.812648708,1.83592267,0.0566444099,1.02521089,0.049784364,-0.963300393,0.0458860493,6.25737567,0.69917063,1.0440976,0.117298539,8.5882555,0.0944775699,-2.36974541,0.0426457464,-6.30924954,-0.113478077,-0.79182507,0.0606541293,7.56304461,0.0446932058,-1.40644502,-0.0032403029,0.559306557,0.559306557,0,0.826809177,0.826809177,0,0.761417734,0.761417734,0,0.705179114,0.705703881,-3.90625,0.727124324,0.727124324,0,0.29131832,-0.451610104,-23.4375,0.941450536,0.941450536,0,0.945770345,0.945770345,0,0.967470426,0.967470426,0
VisualCogA_Task-2.mat,A,Task-2,73,R,1,-1,-16.0987821,11.1428967,38.7830276,-4.02761299,3.33542633,0.32421875,-35.4476013,0.4375,-98.8445708,426.852917,-2.75860089,7.7758272,26.5288334,-0.682787656,8.99419785,0.34375,-17.5346355,0.265625,26.6830811,406.798328,-30.5569236,8.38662399,29.1636772,-7.64122985,-15.7172852,0.31640625,-44.8809624,0.43359375,-55.1985613,340.290817,-27.7983227,6.7413504,25.204907,-6.95844219,-13.2032394,0.26171875,-38.4081464,0.421875,-81.8816424,257.784981,83.7469412,34.5124934,136.006934,29.3890379,131.773956,0.78515625,-4.23297787,0.55078125,98.5745034,778.971924,88.0387104,24.322513,96.3926792,30.8115619,122.185646,0.78125,25.7929668,0.55078125,19.0793151,579.04473,104.750912,47.0697659,179.911735,36.8027534,169.717316,0.78125,-10.1944189,0.55078125,117.495837,1001.28488,16.7122014,24.1585215,83.7651873,5.99119144,47.7778015,0.8125,-35.9873857,0.55078125,98.4165222,492.360453,11.0498172,0.803277226,8.41749607,0.0882833719,0.370136148,0.0222196287,-4.45463582,0.0101611858,6.75044818,0.798261578,8.55414651,0.0900419839,1.62895773,0.0227779697,-4.99768249,0.0135147409,14.6072041,0.814652698,11.4053828,0.0904108028,4.29489948,0.0178193642,-4.6520538,0.00476460305,7.85675596,0.0163911195,2.85123634,0.000368818887,2.66594175,-0.0049586055,0.345628696,-0.00875013787,0.525805532,-0.53895755,74.21875,0.966137964,0.966137964,0,0.654418792,0.654418792,0,0.968039933,0.968039933,0,0.996679904,0.996679904,0,0.971089504,0.971089504,0,0.970512139,0.973117548,7.8125,0.997078779,0.997078779,0,0.971808225,0.974679905,-7.8125
VisualCogA_Task-2.mat,A,Task-2,74,R,1,-1,-30.6119311,9.41627916,27.1838741,-7.65120841,-16.9643917,0.359375,-44.1482658,0.44921875,-108.562641,281.471222,-5.79442003,5.12852319,19.0831769,-1.44619027,2.78101659,0.36328125,-16.3021603,0.43359375,-44.9794402,237.288139,-42.1000424,11.3604139,32.4063492,-10.5262606,-26.3879051,0.31640625,-58.7942543,0.44921875,-134.211574,375.413071,-36.3056224,7.2128317,23.7609649,-9.08007028,-23.5176444,0.31640625,-47.2786093,0.48046875,-89.2321342,276.481891,72.3838977,26.1806966,115.018755,25.2880843,99.9514694,0.890625,-15.0672855,0.55078125,194.495127,604.437681,81.057796,17.8648602,82.6942711,28.2971715,105.858749,0.6328125,23.1644783,0.55078125,-11.7239171,506.030471,98.0008227,43.235546,175.837767,34.2298987,147.71933,0.88671875,-28.1184368,0.55078125,383.607012,664.456411,16.9430267,40.5364265,122.305307,5.93272722,71.0223923,0.87890625,-51.2829151,0.55078125,395.330929,373.519295,12.1213166,0.757007407,14.7718973,0.130705881,-1.69363575,0.0152329949,0.0784017132,0.0115034504,25.3048565,0.7345197,19.1291512,0.149515116,-1.06476139,0.0181870851,0.0387222394,0.00861759885,14.3283876,0.790434834,15.3606714,0.110667287,-0.823997567,0.0118676339,0.0616725312,0.00840157062,-10.9764689,0.0559151337,-3.76847983,-0.0388478291,0.24076382,-0.00631945123,0.0229502918,-0.00021602823,0.920991166,0.922503979,-3.90625,0.987994725,0.987994725,0,0.886817764,0.899109463,3.90625,0.59520325,0.59520325,0,0.958222235,0.958222235,0,0.352968618,-0.520751641,50.78125,0.952941127,0.953557317,3.90625,0.992056943,0.992056943,0,0.916909492,0.919898513,-7.8125
VisualCogA_Task-2.mat,A,Task-2,75,L,0,-1,-38.2921307,8.83992648,35.0877237,-9.55637163,-15.6397924,0.3515625,-50.7275162,0.41015625,-4.79807071,452.308098,-24.6902909,9.38822476,32.9114871,-6.1722673,-4.14052248,0.3515625,-37.0520096,0.26953125,24.5244194,584.974831,-41.3957385,7.09551642,27.4847775,-10.3239885,-24.0880032,0.34765625,-51.5727806,0.4765625,-21.3658324,387.197937,-16.7054476,5.49781599,20.6950417,-4.15172122,-8.8946228,0.2734375,-29.5896645,0.49609375,-45.8902518,385.227486,19.3388296,36.0940497,111.037905,6.87775565,79.3725433,0.74609375,-31.6653614,0.55859375,131.468916,632.856865,39.1934596,39.1067132,122.996635,13.7812492,101.083267,0.73828125,-21.9133682,0.55859375,152.976673,659.547721,13.2307793,38.346176,119.383179,4.76170758,79.4052429,0.74609375,-39.9779358,0.55078125,122.013865,685.98815,-25.9626803,5.97756453,23.4822741,-9.01954165,-12.3206625,0.61328125,-35.8029366,0.890625,-30.9628086,322.877142,0.493042005,0.711058674,5.24941774,0.12084462,4.04965771,0.0725270563,0.719085705,0.0271613373,1.72497528,0.714467016,1.56905882,0.0903108509,6.64588521,0.0749514813,4.74389587,0.0638780204,0.345963833,0.762079963,2.29944225,0.104477719,1.30747511,0.0489969922,-1.20877987,0.0221403438,-1.37901145,0.0476129475,0.730383434,0.0141668683,-5.3384101,-0.0259544891,-5.95267573,-0.0417376766,0.930526152,0.930526152,0,0.948371924,0.948371924,0,0.812581773,0.820138157,3.90625,0.990088371,0.990088371,0,0.995763078,0.995763078,0,0.988279199,0.988279199,0,0.982676612,0.982676612,0,0.994348368,0.994348368,0,0.977143004,0.977143004,0
VisualCogA_Task-2.mat,A,Task-2,76,L,0,-1,-17.212214,12.0844732,51.2665834,-4.29701211,9.33057117,0.26171875,-41.9360123,0.5,-146.364066,395.369387,-36.664459,8.48372786,27.980135,-9.13683613,-22.2707729,0.3125,-50.2509079,0.45703125,-65.4069543,360.43602,2.73040092,13.8115796,64.28936,0.689444843,33.8903427,0.2578125,-30.3990173,0.5,-171.004849,412.090675,39.3948599,12.5343383,55.6809845,9.82628098,72.9784546,0.25,17.2974701,0.5,-105.597894,485.497185,-18.1970818,16.4018763,59.2337093,-6.32730839,22.0290546,0.84375,-37.2046547,0.6875,117.913628,427.49136,-35.732974,30.0590964,106.681011,-12.4565058,35.2949104,0.85546875,-71.3861008,0.62890625,245.274704,642.036863,-4.13667872,7.25326268,30.4773417,-1.43677947,14.8206673,0.83203125,-15.6566744,0.875,9.72143704,391.429681,31.5962952,28.7249001,103.848223,11.0197264,64.0808172,0.6328125,-39.7674055,0.86328125,-235.553267,613.853504,-10.1717647,0.193391824,-4.53286922,0.460797658,-0.585057737,0.207011616,-8.7786156,0.0390378596,-5.80236757,0.500171025,-2.7281898,0.310008355,-1.47271718,0.0458633325,-6.98953266,0.042063962,-4.59884591,0.35343398,-2.83039018,0.294302632,4.46890735,0.190535684,-4.83493644,0.0606677704,1.20352166,-0.146737045,-0.102200379,-0.0157057231,5.94162454,0.144672352,2.15459622,0.0186038085,0.541102637,0.625208248,-50.78125,0.971949871,0.971949871,0,0.450714404,0.586562606,54.6875,0.937144081,0.942404873,-3.90625,0.574896188,0.664560832,11.71875,0.300512084,0.590366736,31.25,0.863417621,0.865498377,-3.90625,0.710570699,0.728022931,7.8125,0.338999681,0.398047117,19.53125
VisualCogA_Task-2.mat,A,Task-2,77,L,0,-1,-34.4802593,5.45310463,24.5134754,-8.61494332,-22.415102,0.30078125,-46.9285774,0.5,-51.538768,296.17717,-19.6898765,7.81647972,29.9582582,-4.90417292,-6.94645071,0.390625,-36.9047089,0.26953125,20.5091704,379.655514,-39.7025058,8.24475085,30.7282734,-9.91515688,-27.0185757,0.25,-57.7468491,0.5,-86.8329491,394.171837,-20.0126293,11.8666478,46.6143847,-5.01098397,5.55516434,0.2578125,-41.0592203,0.40234375,-107.342119,448.863861,49.4899258,61.1548459,170.652859,17.2565555,116.869812,0.88671875,-53.7830467,0.578125,564.048574,678.798532,49.9736461,46.0343448,136.640926,17.4608952,93.7297821,0.78515625,-42.9111443,0.578125,399.282324,597.015186,68.1877808,84.6442206,235.787552,23.7470751,169.463333,0.88671875,-66.3242188,0.578125,796.167141,897.017029,18.2141347,42.3850222,126.086896,6.28617994,86.9414291,0.89453125,-39.1454673,0.6328125,396.884817,559.567501,6.25808989,0.769050512,4.70639275,0.0827219731,-2.83824829,0.0416769843,-1.82447592,0.0577662923,4.26147121,0.677200426,2.43318203,0.150171586,0.181049312,0.0420615163,-1.17847772,0.0516520033,6.35904759,0.78570932,6.4041162,0.0839869837,0.650957295,0.048444688,2.28555357,0.0363748325,2.09757638,0.108508894,3.97093417,-0.0661846019,0.469907984,0.00638317172,3.46403129,-0.0152771707,0.141615667,-0.496678519,39.0625,0.892274626,0.892274626,0,-0.0911170185,-0.415783902,-70.3125,0.978754536,0.978754536,0,0.996185179,0.996185179,0,0.960764229,0.960764229,0,0.973626401,0.973626401,0,0.99645298,0.99645298,0,0.96089916,0.96089916,0
VisualCogA_Task-2.mat,A,Task-2,78,R,1,-1,-36.0381563,11.7150433,38.9743471,-8.98965169,-15.3212423,0.3046875,-54.2955894,0.5,-119.115226,514.299355,-63.84198,19.381624,67.1862488,-15.9171589,-36.2170563,0.30078125,-103.403305,0.5,-251.199077,436.699142,-39.2114019,10.0202574,33.3142872,-9.7982606,-21.3932056,0.3046875,-54.7074928,0.5,-108.914448,470.541229,24.6305781,11.7963647,39.8980484,6.11889832,48.6958122,0.5,8.79776382,0.28125,142.28463,322.536621,92.4573113,50.180891,171.674635,32.5475006,146.325058,0.72265625,-25.349577,0.55078125,66.8970628,995.116103,38.4141768,41.372777,154.134781,13.6908796,83.1569138,0.671875,-70.9778671,0.55078125,59.0149223,941.291575,114.618428,64.0286725,213.441235,40.3518976,185.209869,0.72265625,-28.2313652,0.55078125,70.2719623,1209.37226,76.2042511,24.9780649,86.7645646,26.661018,110.342041,0.74609375,23.5774764,0.8984375,11.25704,526.907817,31.2132261,0.798160492,16.3423753,0.110949908,8.26798835,0.00920617384,0.0371061174,0.012087255,29.3592036,0.780688236,17.1355924,0.123167535,0.827146447,0.0069849568,-1.1848871,0.010108474,31.9470201,0.810840724,17.281459,0.109243982,8.85970898,0.00680916092,0.810047576,0.00785334289,2.58781657,0.0301524883,0.145866668,-0.0139235526,8.03256253,-0.000175795876,1.99493468,-0.00225513114,0.8749976,0.8749976,0,0.945924146,0.945924146,0,0.867361784,0.867361784,0,0.990510047,0.990510047,0,0.996322735,0.996322735,0,0.979121878,0.979121878,0,0.963776217,0.963776217,0,0.99758806,0.99758806,0,0.955512397,0.955537583,3.90625
VisualCogA_Task-2.mat,A,Task-2,79,L,0,-1,-0.210841881,10.110757,44.7178173,-0.0620275587,18.850769,0.3515625,-25.8670483,0.4609375,-54.9215395,513.548774,5.3591895,9.2127147,38.9565544,1.3604549,18.6397038,0.35546875,-20.3168507,0.46484375,-24.6006487,461.321357,8.58968468,7.65522926,32.4783306,2.12954706,22.0819798,0.35546875,-10.3963509,0.4609375,0.389675144,472.156497,3.23049518,6.8620292,26.2837195,0.769092163,19.5894518,0.4765625,-6.69426775,0.41796875,24.9903239,294.75869,48.2486157,34.2507739,116.39611,16.9253465,113.766243,0.6328125,-2.62986732,0.8984375,-254.839125,791.466777,56.2069927,36.9404006,133.507262,19.7030604,127.901367,0.6328125,-5.60589504,0.8984375,-277.757496,811.330064,59.0707164,41.3611367,128.040617,20.676392,135.105988,0.62109375,7.06537104,0.859375,-317.96186,928.569037,2.86372377,8.91988194,37.5648392,0.973331646,19.2556275,0.89453125,-18.3092117,0.81640625,-40.2043637,507.842073,13.8096214,0.682139726,10.4515753,0.167540533,-3.4722546,0.0161917861,2.79638673,0.0308397504,7.38675075,0.673199755,7.18211125,0.19016314,-3.88750339,0.0142327193,3.21630378,0.0212709809,7.34568714,0.668388105,10.6837843,0.178907575,1.82092084,0.0293543683,2.10297663,0.0235600558,-0.0410636156,-0.00481165068,3.50167305,-0.0112555648,5.70842423,0.015121649,-1.11332715,0.00228907499,0.820609329,0.827926603,-3.90625,0.865428718,0.866192958,3.90625,0.683364742,0.731080402,3.90625,0.989812759,0.989812759,0,0.985585472,0.985585472,0,0.980358169,0.980358169,0,0.980959035,0.980959035,0,0.984658862,0.984658862,0,0.978729022,0.978729022,0
VisualCogA_Task-2.mat,A,Task-2,81,L,0,-1,-169.6157,15.6817916,57.8781128,-42.4028762,-135.980698,0.26953125,-193.85881,0.5,-192.435822,672.477356,-286.389828,12.6318084,52.6723022,-71.6260471,-260.580475,0.26953125,-313.252777,0.45703125,-119.839911,699.740356,-248.407893,24.8555168,87.2743683,-62.1126264,-199.423508,0.265625,-286.697876,0.5,-325.039652,626.52356,37.9819352,16.5249521,63.1557312,9.51342064,65.3134155,0.2578125,2.15768433,0.5,-205.199741,442.391602,-78.5008033,55.1036644,181.154194,-27.1796561,-16.503231,0.8984375,-197.657425,0.55078125,487.110257,773.303974,-160.088004,53.8586413,185.08651,-55.5256324,-100.815224,0.8984375,-285.901733,0.55078125,470.983988,759.773767,-126.405022,79.7888205,256.737226,-43.8256114,-28.7268543,0.8984375,-285.464081,0.55078125,731.423907,845.515466,33.6829821,27.6528681,86.6957912,11.700021,72.0883694,0.8984375,-14.6074219,0.6015625,260.439919,370.164364,0.281143667,0.818279951,-5.57596053,0.0852151594,-10.129881,0.00952887821,1.66338502,0.0280705961,4.76138915,0.867149394,-5.35758338,0.0480594547,-6.78127851,0.0160780209,1.76649475,0.0173078946,2.75905921,0.864879528,-4.82831216,0.0572102926,-6.83406369,0.00941066031,2.64633207,0.0133224734,-2.00232994,-0.00226986636,0.529271219,0.00915083785,-0.0527851762,-0.00666736064,0.879837318,-0.00398542114,0.883902182,0.883902182,0,0.977151399,0.977151399,0,0.803078406,0.803078406,0,0.996864752,0.996864752,0,0.994837981,0.994837981,0,0.989259937,0.989259937,0,0.971130819,0.971130819,0,0.986493564,0.986493564,0,0.949282602,0.949282602,0
VisualCogA_Task-2.mat,A,Task-2,82,R,1,-1,119.949078,20.3062801,94.3627548,29.8505641,193.171509,0.5,98.808754,0.4453125,123.339593,668.110443,99.80035,22.1745945,101.870384,24.7963178,178.893524,0.5,77.02314,0.40234375,128.639747,724.055084,132.537447,22.2099564,105.784126,32.9800187,215.733459,0.5,109.949333,0.44140625,126.216363,666.300415,32.7370966,5.03069704,18.302681,8.18370096,43.5908356,0.39453125,25.2881546,0.28515625,-2.4233844,314.673492,41.7436543,59.9683449,206.278038,14.3220312,177.166794,0.55078125,-29.1112442,0.81640625,-529.140536,837.93318,20.0777357,59.9101193,208.672829,6.75860138,159.743118,0.55078125,-48.9297104,0.81640625,-507.476749,901.586844,55.9624826,63.0661218,222.98407,19.2628405,203.553268,0.55078125,-19.4308014,0.8125,-560.802442,842.717367,35.8847469,8.06841214,33.1418819,12.5042391,46.41576,0.73828125,13.2738781,0.8984375,-53.3256928,340.144895,14.1128006,0.609991827,20.561627,0.255139801,13.8978094,0.0264630575,2.50312986,0.00794963455,8.00031963,0.596190686,10.5111619,0.261761615,7.46319781,0.026057617,2.08499959,0.00882470996,12.6484157,0.596278632,21.6830047,0.270727689,7.23532208,0.024735276,0.262146279,0.00534973739,4.64809605,8.79458039e-05,11.1718428,0.00896607485,-0.227875728,-0.00132234095,-1.82285332,-0.00347497257,0.973726185,0.973726185,0,0.995748892,0.995748892,0,0.974307789,0.974307789,0,0.996062286,0.996062286,0,0.998513531,0.998513531,0,0.992703208,0.992703208,0,0.983727481,0.983727481,0,0.996727502,0.996727502,0,0.971428948,0.971428948,0
VisualCogA_Task-2.mat,A,Task-2,83,R,1,-1,-43.7459963,10.0257419,43.5862713,-10.8780872,-25.2842731,0.3046875,-68.8705444,0.49609375,-56.7971799,540.122177,-65.4191432,10.4972581,39.2991486,-16.3314908,-47.2056198,0.3046875,-86.5047684,0.484375,-85.2143329,533.786499,-55.5898888,11.2327036,49.2675438,-13.8523506,-35.2795296,0.3046875,-84.5470734,0.49609375,-120.063667,483.537796,9.82925444,6.14890049,23.9036522,2.47914017,20.4022865,0.32421875,-3.50136566,0.5,-34.8493338,379.754105,64.5598225,19.4044179,107.451617,22.612346,93.7738876,0.83984375,-13.6777296,0.55078125,140.354075,838.321923,-3.01642642,12.1885583,53.4390469,-0.971081096,16.9121456,0.60546875,-36.5269012,0.55078125,-20.5727967,771.864106,92.6621899,33.3726174,149.683325,32.4340365,127.183578,0.8359375,-22.4997463,0.55078125,275.444693,810.843591,95.6786163,35.8945389,118.934702,33.4051176,132.961857,0.81640625,14.0271549,0.55078125,296.01749,601.737033,15.1888395,0.636468063,13.602466,0.236413534,7.59429902,0.0186082403,0.737717263,0.0158825653,16.4500585,0.567353878,16.0601935,0.276066059,7.33591519,0.0237510099,3.22357129,0.0307586326,15.5300385,0.722351173,13.1212012,0.174550959,4.76610229,0.0113652014,-2.12515945,0.00695263447,-0.92001992,0.154997296,-2.93899232,-0.101515101,-2.5698129,-0.0123858085,-5.34873074,-0.0238059981,0.835596028,0.838840369,3.90625,0.880638537,0.880638537,0,0.841967268,0.841967268,0,0.232713364,-0.422292952,-27.34375,0.954994322,0.954994322,0,-0.0321136677,-0.477374731,27.34375,0.906810858,0.906810858,0,0.991419675,0.991419675,0,0.87247023,0.873086534,-3.90625
VisualCogA_Task-2.mat,A,Task-2,84,L,0,-1,-31.6526175,10.5722285,39.4471779,-7.89761901,-11.6821899,0.2734375,-51.1293678,0.5,-127.179522,449.571907,-19.1294401,9.04056707,35.5352628,-4.77133287,-3.11477304,0.26953125,-38.6500359,0.5,-107.424793,413.661631,-38.3093106,12.6271363,46.4283895,-9.56494346,-15.3186769,0.26953125,-61.7470665,0.5,-157.667701,430.495178,-19.1798705,4.69929412,13.9823773,-4.79361058,-12.2039039,0.26953125,-26.1862812,0.42578125,-50.2429081,206.189367,40.9788452,36.7269469,132.718155,14.3402922,86.8011627,0.8203125,-45.9169922,0.55078125,320.308011,758.154604,43.3719006,29.2080957,112.2792,15.1848563,81.8722687,0.8203125,-30.4069309,0.55078125,242.839508,676.238429,50.5466501,43.4808217,151.977478,17.6913441,97.4123459,0.8203125,-54.5651321,0.55078125,370.862219,747.361954,7.17474949,14.9680553,57.4709072,2.50648778,32.2913666,0.8984375,-25.1795406,0.578125,128.022711,283.710274,22.1807524,0.78520959,12.9927548,0.0903863805,4.53878321,0.0121085263,-0.784009772,0.0478207942,15.0574803,0.770342472,13.1181435,0.102310003,11.0499699,0.0133097277,-0.969636452,0.0421747603,20.8955212,0.803694742,10.8225423,0.0948635823,2.88737348,0.0090322509,-0.921687352,0.0274777201,5.83804091,0.03335227,-2.29560117,-0.0074464202,-8.16259642,-0.00427747677,0.0479490996,-0.0146970402,0.972806305,0.972806305,0,0.989646647,0.989646647,0,0.95961733,0.95961733,0,0.9928141,0.9928141,0,0.99566975,0.99566975,0,0.991995236,0.991995236,0,0.995956083,0.995956083,0,0.997551922,0.997551922,0,0.995039227,0.995039227,0
VisualCogA_Task-2.mat,A,Task-2,85,R,1,-1,-31.4641759,11.4010298,55.5132904,-7.97156668,11.1592369,0.5,-44.3540535,0.44921875,13.0757015,487.697212,-100.376944,12.33725,61.876236,-25.2121135,-52.449173,0.5,-114.325409,0.3984375,17.4118535,509.015442,-56.7745287,11.8264224,56.3229723,-14.305484,-15.9138365,0.5,-72.2368088,0.44921875,-14.7820449,507.163898,43.602415,5.16142532,22.1657372,10.9066295,55.7015877,0.359375,33.5358505,0.453125,-32.1938983,352.764759,115.689194,10.6467763,52.563179,40.2922515,135.514725,0.83203125,82.9515457,0.55078125,70.3233708,427.070466,48.6310235,8.9140093,44.5971966,16.9502472,67.50383,0.83203125,22.9066334,0.55078125,67.8105618,417.859622,121.437986,16.7878905,69.5372772,42.2991362,142.996002,0.796875,73.458725,0.55078125,138.636612,406.91889,72.8069623,9.51204169,42.1617756,25.348889,92.7138672,0.80078125,50.5520916,0.55078125,70.8260502,375.414474,18.5436464,0.79239005,17.4569464,0.109347068,6.50864851,0.00410079755,6.03907634,0.00863819853,10.2848293,0.804405714,15.787445,0.102637365,8.95820135,0.00227936062,7.07171547,0.00707397187,17.6577983,0.799308256,17.0216722,0.104972359,8.5848671,0.00539031287,1.87113142,0.00621893757,7.37296906,-0.00509745734,1.23422718,0.0023349936,-0.373334253,0.00311095225,-5.20058405,-0.000855034305,0.946057366,0.946057366,0,0.975240257,0.975240257,0,0.909601211,0.909601211,0,0.926863346,0.926863346,0,0.927263534,0.927263534,0,0.904839878,0.904839878,0,0.972725432,0.972725432,0,0.996480988,0.996480988,0,0.980056294,0.980056294,0
VisualCogA_Task-2.mat,A,Task-2,87,L,0,-1,8.34226186,18.6187411,68.4849167,2.10525424,35.5888138,0.5,-32.8961029,0.26171875,213.360877,568.832313,-45.2568674,15.1255906,54.8096619,-11.3084156,-19.3371506,0.5,-74.1468124,0.25,151.562699,542.343582,-5.71921335,9.93931099,38.1743956,-1.39546313,8.47417545,0.375,-29.7002201,0.2578125,38.9508056,526.70561,39.537654,10.4124285,38.6979613,9.91295249,56.8636775,0.33203125,18.1657162,0.5,-112.611893,316.566109,56.1320041,35.3611219,120.932241,19.4594109,115.060341,0.8984375,-5.87190008,0.6015625,325.688715,603.076262,-66.4095963,13.3104849,49.4819183,-23.1412659,-45.2527237,0.8046875,-94.734642,0.609375,58.7032494,510.951062,48.3662459,50.073123,149.129513,16.8027468,116.233994,0.8984375,-32.8955193,0.59765625,473.614797,602.151814,114.775842,42.6060831,134.837216,39.9440127,175.310326,0.859375,40.4731092,0.55078125,414.911547,453.063293,2.63464586,0.478214892,-3.19963248,0.253795551,-8.02881747,0.0711996886,-1.39274673,0.100404364,-4.93432362,0.535315201,-3.3575931,0.246656718,-7.76376927,0.0554232927,-0.334900474,0.0595931071,-3.09003036,0.40895061,3.27332494,0.292908501,-6.76039148,0.0826897639,-2.22365794,0.123104712,1.84429326,-0.126364592,6.63091805,0.0462517833,1.00337779,0.0272664712,-1.88875747,0.0635116044,0.942042054,0.942042054,0,0.731036155,0.731036155,0,0.72887361,0.72887361,0,0.721015972,0.721015972,0,0.990222796,0.990222796,0,0.652071667,0.657410651,3.90625,-0.038518364,-0.340192993,78.125,0.940659259,0.940659259,0,-0.0900481935,-0.400376067,-78.125
VisualCogA_Task-2.mat,A,Task-2,88,R,1,-1,24.6423272,12.9501237,68.8171191,6.09611137,75.5553207,0.5,6.73820162,0.25,94.9422567,559.268309,166.090583,26.9847472,128.047783,41.4657182,244.687958,0.5,116.640175,0.25,336.294375,659.423798,81.579703,27.2278534,128.493553,20.3060447,168.580032,0.5,40.0864792,0.25,330.585969,664.824677,-84.5108803,4.62785265,18.4510422,-21.1596735,-76.1079254,0.5,-94.5589676,0.43359375,-5.70840642,299.296387,123.894375,38.6753716,137.096779,43.2400496,169.886734,0.71484375,32.7899551,0.8984375,-264.116664,629.769422,262.006383,35.6746623,128.451614,91.1986972,299.046906,0.55859375,170.595291,0.8984375,-312.988605,558.028485,265.376716,56.8243611,188.52327,92.5344858,334.502838,0.71875,145.979568,0.8984375,-321.126529,812.413185,3.37033234,31.7433691,99.8112946,1.33578864,47.1630554,0.7265625,-52.6482391,0.55078125,-8.13792395,620.734419,9.69700045,0.72689266,14.1396403,0.149740405,12.4048785,0.0281852774,1.92307877,0.007662361,8.44126431,0.765502501,15.2755867,0.131693587,16.9048806,0.0171532093,1.73849064,0.00652609688,4.54993985,0.837361557,11.878457,0.0794110926,10.7323499,0.00895263307,1.84053406,0.00307382565,-3.89132445,0.0718590554,-3.39712966,-0.0522824949,-6.17253079,-0.00820057627,0.102043419,-0.00345227123,0.822348769,0.822348769,0,0.843187324,0.843187324,0,0.985465597,0.985465597,0,0.935274086,0.935274086,0,0.982876612,0.982876612,0,0.861795946,0.861795946,0,0.925067592,0.926398304,3.90625,0.98561709,0.98561709,0,0.950593122,0.951308665,-3.90625
VisualCogA_Task-2.mat,A,Task-2,89,L,0,-1,-46.270469,12.141357,56.1672754,-11.6392201,-8.63306332,0.5,-64.8003387,0.42578125,46.3869002,451.340183,-53.2601145,16.7352188,72.4789799,-13.4055085,1.98066604,0.5,-70.4983139,0.42578125,128.775365,622.087398,-77.8532373,12.8054688,60.5236931,-19.5555063,-34.9165077,0.5,-95.4402008,0.4296875,27.0866021,415.718948,-24.5931228,8.06554897,29.8391933,-6.14999776,-9.34325409,0.2578125,-39.1824474,0.47265625,-101.688763,303.086083,73.8499967,9.19716829,36.6068268,25.6892346,92.6974182,0.8671875,56.0905914,0.55078125,61.978725,413.403397,61.3879709,6.29265339,25.522995,21.3271995,76.0255508,0.8984375,50.5025558,0.8125,32.0395687,449.225531,90.174444,19.7889559,76.5205002,31.3823474,124.185555,0.86328125,47.6650543,0.55078125,179.961894,396.107202,28.7864731,16.5971289,58.8539658,10.0551479,52.2359543,0.859375,-6.61801147,0.55078125,147.922325,395.454398,11.5602946,0.803238575,14.512682,0.100402603,-0.484676435,0.00770201773,0.366314689,0.00463607148,8.17876695,0.788610892,14.1830446,0.113527976,-2.37940083,0.00263616369,5.37690954,0.00869050371,12.8270402,0.829710186,15.5303433,0.0851809345,1.39466172,0.00381926161,-0.994378157,0.0019343192,4.64827326,0.0410992946,1.34729869,-0.0283470419,3.77406255,0.00118309792,-6.37128769,-0.00675618451,0.930766785,0.930766785,0,0.962768829,0.962768829,0,0.884251965,0.884251965,0,0.832386309,0.832386309,0,0.87477341,0.87477341,0,0.625318312,0.625318312,0,0.991880701,0.991880701,0,0.993022718,0.993022718,0,0.977410845,0.977410845,0
VisualCogA_Task-2.mat,A,Task-2,90,L,0,-1,4.55530923,8.39376645,28.0789967,1.18074841,16.0756721,0.3359375,-12.0033245,0.47265625,-39.1389039,449.422851,24.2545126,24.0655646,71.453989,6.13203117,51.3136635,0.3046875,-20.1403255,0.49609375,-297.869086,535.707787,91.6116081,12.4678674,38.2365112,22.9566566,105.739166,0.33984375,67.502655,0.4765625,-128.597732,392.204224,67.3570955,13.083273,42.8117943,16.8246254,91.1897011,0.5,48.3779068,0.28515625,169.271354,329.001411,112.440572,30.7181297,131.136078,39.2090267,149.310394,0.89453125,18.1743164,0.55078125,220.543097,742.834972,10.9545483,22.0691478,80.0905151,3.89652622,45.6337128,0.609375,-34.4568024,0.8671875,-159.54443,620.509213,190.150991,32.4216802,138.794266,66.2512664,228.586823,0.71484375,89.7925568,0.55078125,201.433867,791.030504,179.196442,38.5414111,139.10445,62.3547402,235.867765,0.890625,96.7633157,0.55078125,360.978297,482.307546,12.2354723,0.737005245,9.48205405,0.127469582,8.48465603,0.0266529735,7.2552638,0.0291959831,-2.691881,0.621876425,7.73905431,0.20073716,5.15083841,0.0375719483,3.49205372,0.0415048204,8.88399214,0.752649573,13.8193183,0.130500297,4.72805234,0.015422054,4.4352336,0.0193959092,11.5758731,0.130773149,6.08026399,-0.0702368624,-0.422786069,-0.0221498943,0.943179881,-0.0221089112,0.692925451,0.698073217,3.90625,0.846479656,0.846479656,0,0.938900335,0.938900335,0,-0.0834278186,-0.651148799,-50.78125,0.986826384,0.986826384,0,0.0368769193,-0.576591589,50.78125,-0.328582417,-0.373076383,-58.59375,0.970622299,0.970622299,0,-0.301373964,-0.444977039,78.125
VisualCogA_Task-2.mat,A,Task-2,91,L,0,-1,-17.6731402,7.95625927,31.2994454,-4.40554554,-1.71288371,0.3828125,-33.0123291,0.30078125,31.0067858,448.819693,-23.0297164,5.95569916,23.2132711,-5.76550369,-10.900136,0.42578125,-34.1134071,0.296875,50.2316579,334.530602,0.0350334282,6.49401964,29.0034828,0.0306013228,14.7690954,0.3828125,-14.2343874,0.48828125,0.298275727,530.002508,23.0647499,6.34535509,28.6855202,5.79610501,32.9581766,0.37890625,4.27265644,0.48828125,-49.9333822,355.728901,-1.04159619,15.4427683,65.2423058,-0.40833797,32.6852303,0.55859375,-32.5570755,0.8671875,-130.536742,527.77675,13.3748977,17.6952779,64.2872715,4.62063315,46.6053314,0.55859375,-17.6819401,0.8359375,-160.847816,450.546568,-13.2449079,14.9652823,69.2137585,-4.66813381,25.1045246,0.5546875,-44.1092339,0.8671875,-123.278642,544.649554,-26.6198056,8.54617876,34.3553524,-9.28876696,-4.11309242,0.828125,-38.4684448,0.734375,37.5691742,343.861498,14.9163025,0.291941428,12.8343314,0.435053327,9.3757656,0.106197561,-3.35571838,0.0673646483,3.37442447,0.543940125,11.5431155,0.229205915,4.09469606,0.0787131562,-3.12062363,0.0498461601,-4.29764653,0.131880541,9.60361092,0.372315723,2.48398542,0.243405383,-2.65845217,0.167948579,-7.672071,-0.412059584,-1.93950455,0.143109808,-1.61071064,0.164692227,0.462171457,0.118102418,0.694746205,0.694746205,0,0.838080875,0.838080875,0,0.48322861,-0.531377067,-78.125,0.939585478,0.939585478,0,0.951770422,0.951770422,0,0.876169518,0.876169518,0,0.863893941,0.863893941,0,0.466104974,0.469801628,3.90625,0.0939695512,-0.495239059,-78.125
VisualCogA_Task-2.mat,A,Task-2,92,L,0,-1,26.1703461,18.2730086,63.9593716,6.57481174,49.3563652,0.4296875,-14.6030064,0.26171875,223.282031,491.199284,159.5314,44.9357704,155.470467,39.9109565,227.834869,0.5,72.3644028,0.2578125,601.611212,701.852631,76.1505984,37.2908365,116.937073,19.0594045,126.164047,0.5,9.22697449,0.265625,494.699038,620.790031,-83.3808019,10.0010124,40.4558868,-20.851552,-61.2149353,0.25390625,-101.670822,0.5,-106.912174,344.533867,116.350751,56.5285002,148.321617,40.4942742,183.125473,0.78515625,34.8038559,0.6328125,504.23752,692.849686,263.787472,39.2268775,146.538483,91.9327192,333.296051,0.734375,186.757568,0.8984375,-23.3086194,806.88685,247.14159,70.4894366,185.422836,86.0000049,328.802368,0.8046875,143.379532,0.625,634.538732,793.599631,-16.6458817,69.7545043,220.707733,-5.93271422,119.300964,0.8984375,-101.406769,0.62109375,657.847351,734.662482,16.3042722,0.637229925,-2.93705795,0.0690053039,13.6661727,0.168428952,-0.356127551,0.0691526649,11.1935769,0.903269719,-5.65763741,0.0193759865,8.79376677,0.0257913427,-1.70799513,0.0104842863,6.95752343,0.83505225,5.88517337,0.0396792926,10.3747898,0.0683801257,-0.0357930336,0.0177262254,-4.23605345,-0.0682174684,11.5428108,0.0203033062,1.58102298,0.042588783,1.6722021,0.00724193915,0.959951689,0.959951689,0,0.963646098,0.963646098,0,0.987594611,0.987594611,0,0.289777722,-0.545961351,-78.125,0.996639134,0.996639134,0,0.296884254,0.532962401,-58.59375,0.805745363,0.843204149,46.875,0.981001207,0.981001207,0,0.881618787,0.899278966,-27.34375
VisualCogA_Task-2.mat,A,Task-2,93,R,1,-1,-25.2564334,7.23417815,27.9358892,-6.29539525,-13.6918459,0.41796875,-41.6277351,0.30078125,59.2842479,343.325829,-41.3544797,9.81984984,35.2574501,-10.3490284,-26.1330605,0.421875,-61.3905106,0.296875,73.1104654,419.451187,-33.3060476,7.19589388,25.8610897,-8.30108618,-21.3276806,0.33984375,-47.1887703,0.5,-15.7293527,317.448196,8.04843216,10.1494901,33.6434689,2.04794226,25.1641407,0.33984375,-8.47932816,0.5,-88.839818,320.270508,55.0781915,60.0334773,192.089859,19.2962206,125.745621,0.859375,-66.3442383,0.56640625,544.005543,793.372718,24.1423693,38.1779588,124.596722,8.50987611,65.9845505,0.86328125,-58.6121712,0.5625,305.968106,694.099398,71.2598133,80.0804395,237.516235,24.9516435,158.112473,0.85546875,-79.4037628,0.5625,740.19513,839.057145,47.117444,46.0402568,128.492573,16.4417674,104.858368,0.84375,-23.6342049,0.59765625,434.227023,581.950173,7.94284698,0.470144102,14.0896562,0.285059298,5.28473478,0.114466435,-4.55700317,0.0303999166,10.4206953,0.536248408,12.6672332,0.247893826,2.08184581,0.0763023911,-4.5901821,0.0369557075,10.975824,0.667489606,15.6833044,0.199292362,3.38788723,0.0341720975,-3.24190113,0.0174574483,0.555128732,0.131241198,3.01607117,-0.0486014641,1.30604143,-0.0421302936,1.34828097,-0.0194982592,0.89656044,0.910827375,-3.90625,0.511360938,0.618692857,11.71875,0.319816926,-0.712245241,-54.6875,0.966316914,0.966316914,0,0.99460291,0.99460291,0,0.940488922,0.940488922,0,0.966835383,0.966835383,0,0.988197511,0.988197511,0,0.950145618,0.950145618,0
VisualCogA_Task-2.mat,A,Task-2,94,L,0,-1,-88.6743028,17.7785103,60.7660065,-22.1535768,-55.1301498,0.328125,-115.896156,0.5,-194.721434,459.454407,-295.12578,50.6325262,165.448273,-73.8338498,-198.986023,0.25,-364.434296,0.5,-682.379026,692.84082,-123.84125,33.6560583,114.088501,-30.9447236,-70.7877655,0.25,-184.876266,0.5,-437.501446,593.056702,171.28453,21.3834499,68.7057037,42.8891262,193.64621,0.46875,124.940506,0.265625,244.87758,456.953003,-6.9623902,39.7321113,170.857533,-2.33394703,56.3040886,0.8984375,-114.553444,0.55078125,321.73777,896.864614,-232.8332,51.258301,215.665756,-80.8874899,-139.957657,0.8984375,-355.623413,0.55078125,461.151918,849.338176,-58.6463296,55.0958439,225.095779,-20.3077106,33.1521301,0.8984375,-191.943649,0.55078125,508.870575,841.740094,174.18687,10.7467124,38.7595534,60.5797794,196.826753,0.84375,158.0672,0.61328125,47.7186573,485.819668,11.4434646,0.747680445,8.60074425,0.119948137,-0.865513439,0.0506598232,1.90844106,0.00681546066,4.17658045,0.899752243,4.9136805,0.0383049142,-1.65601646,0.00689590861,-0.195588084,0.00173128465,8.5866222,0.796919038,13.6815002,0.0968151163,5.4146713,0.029255603,0.290468872,0.00416982287,4.41004175,-0.102833206,8.76781974,0.0585102021,7.07068776,0.0223596943,0.486056956,0.00243853822,0.814929214,0.814929214,0,0.942838167,0.942838167,0,0.950398353,0.950398353,0,0.974724051,0.974724051,0,0.963081897,0.963081897,0,0.982159909,0.982159909,0,0.610061703,0.61154672,-3.90625,0.86042773,0.86042773,0,0.88526176,0.88526176,0
VisualCogA_Task-2.mat,A,Task-2,95,L,0,-1,-58.4016264,13.1225413,51.7841015,-14.6714794,-30.1490955,0.25,-81.933197,0.4375,-136.380631,430.535988,-99.0978668,11.3138952,56.6016884,-24.8670302,-56.7771187,0.5,-113.378807,0.26953125,98.218172,515.479233,-100.03454,12.666167,46.2941666,-25.0755094,-76.1990356,0.25,-122.493202,0.4375,-126.263944,410.962372,-0.936672915,16.7572526,61.2532234,-0.208479233,28.4000549,0.2734375,-32.8531685,0.5,-224.482116,329.998428,63.0148587,12.043793,77.7263622,21.9542624,89.9092789,0.8984375,12.1829166,0.55078125,68.2607615,647.311266,69.0189717,13.9076619,86.6467247,24.0320216,102.833282,0.8984375,16.1865578,0.55078125,93.5705563,632.491869,81.3154212,25.5352281,127.935499,28.3533906,123.887665,0.8984375,-4.04783392,0.55078125,231.172425,621.001968,12.2964494,15.5588835,56.0272536,4.32136896,35.7928619,0.77734375,-20.2343917,0.55078125,137.601869,340.295255,17.8433622,0.799761171,11.0902237,0.0995761948,6.86241104,0.00679181675,5.03763867,0.00635748079,5.1945056,0.835509353,11.4570883,0.0774695812,1.55549078,0.00214363419,3.30593109,0.00622573498,11.9723963,0.818405878,10.0621362,0.0916846341,5.63494619,0.00417006117,5.62361479,0.00343410236,6.77789068,-0.0171034758,-1.39495208,0.0142150528,4.07945541,0.00202642698,2.3176837,-0.00279163261,-0.00496726599,-0.657143933,-50.78125,0.990198162,0.990198162,0,0.0266235168,-0.62879935,50.78125,0.93943716,0.93943716,0,0.823935503,0.823935503,0,0.849524177,0.849524177,0,0.963220352,0.963220352,0,0.991059252,0.991059252,0,0.967973775,0.967973775,0
VisualCogA_Task-2.mat,A,Task-2,96,L,0,-1,-21.655323,9.79521163,33.9827342,-5.43178694,-4.23424196,0.31640625,-38.2169762,0.43359375,-110.976012,421.787006,15.7131178,5.62993143,22.6613636,3.91834159,25.1113205,0.359375,2.44995689,0.43359375,-28.5225035,413.304836,-14.5004279,8.13896872,29.4358057,-3.63946501,-0.914131701,0.31640625,-30.3499374,0.4296875,-90.3605751,330.595464,-30.2135458,5.35456272,18.8086643,-7.5578066,-21.8538017,0.26171875,-40.662466,0.4140625,-61.8380716,261.086603,2.80939769,38.7607094,127.906815,0.941978549,85.1421585,0.56640625,-42.7646561,0.8984375,-348.281535,532.92766,2.37787428,63.3720587,210.131516,0.78568175,126.907738,0.5625,-83.2237778,0.8984375,-604.366997,663.734199,-5.86322761,53.4696408,164.679039,-2.08160365,95.9586945,0.56640625,-68.7203445,0.8984375,-496.178617,634.082536,-8.24110189,12.1577333,47.1974182,-2.8672854,15.1156921,0.88671875,-32.0817261,0.55859375,108.188381,371.066383,28.8446817,0.533566419,19.7699905,0.305571358,6.80629764,0.0196432414,3.49199398,0.0200233283,22.2231592,0.508832701,17.390619,0.32858679,8.68250269,0.0230260259,2.89988173,0.0198503568,30.054146,0.528303298,20.4437623,0.321171311,7.91870559,0.0151626008,0.845560134,0.0127756737,7.83098675,0.0194705974,3.05314331,-0.00741547973,-0.763797104,-0.00786342516,-2.0543216,-0.00707468307,0.772037158,0.772037158,0,0.950667574,0.950667574,0,0.755836127,0.765878157,3.90625,0.984405858,0.984405858,0,0.992905462,0.992905462,0,0.992658569,0.992658569,0,0.842050928,0.842050928,0,0.951600425,0.951600425,0,0.956149871,0.956149871,0
VisualCogA_Task-2.mat,A,Task-2,97,L,0,-1,12.1753178,19.3262572,92.1696157,2.94804085,82.0336227,0.5,-10.135993,0.265625,182.654094,593.484345,3.938594,23.9607019,102.686581,0.87461208,80.6108704,0.5,-22.0757103,0.2734375,267.608414,645.106819,15.4074025,20.7893182,98.7091863,3.72923697,95.5541153,0.5,-3.15507102,0.265625,198.074682,605.709208,11.4688085,6.99570861,25.5723104,2.85462489,24.3058996,0.36328125,-1.26641083,0.47265625,-69.5337313,348.076485,36.804824,43.2802052,132.408081,12.6999931,125.781403,0.57421875,-6.62667847,0.734375,-374.996662,728.618047,32.9801137,39.8124387,135.222919,11.4046325,117.379044,0.57421875,-17.8438759,0.8671875,-347.439654,780.765798,43.7824406,57.1882704,165.141205,15.0903873,152.670486,0.58203125,-12.4707184,0.8125,-501.322369,748.020553,10.8023269,21.0814486,72.5915275,3.68575474,50.2591629,0.59765625,-22.3323646,0.796875,-153.882714,435.87563,26.5498735,0.620181671,30.8505324,0.238254141,6.42554327,0.0181262587,-0.123296353,0.0127634947,18.3039053,0.683392299,16.9054933,0.1883686,8.1938341,0.0125406151,1.63660089,0.0117638781,24.3305196,0.648589524,30.3737623,0.217899372,8.65093149,0.0174739267,-1.28915948,0.00624927666,6.02661434,-0.0348027755,13.468269,0.0295307717,0.457097388,0.00493331161,-2.92576037,-0.00551460144,0.959928953,0.959928953,0,0.98788391,0.98788391,0,0.960971508,0.960971508,0,0.981526102,0.981526102,0,0.992052935,0.992052935,0,0.968704396,0.968704396,0,0.981249394,0.981249394,0,0.991068091,0.991068091,0,0.968566444,0.968566444,0
VisualCogA_Task-2.mat,A,Task-2,98,L,0,-1,-31.8602855,11.5407577,37.642725,-7.98833195,-11.8110523,0.49609375,-49.4537773,0.27734375,32.700168,472.007439,-88.9981961,11.884429,50.1278229,-22.2564307,-65.5899658,0.5,-115.717789,0.2734375,129.66444,365.795197,-74.9611399,9.51759806,32.4746666,-18.7817222,-60.3608894,0.25390625,-92.835556,0.44140625,-48.2183608,399.458374,14.0370561,14.7506365,54.1381416,3.47470847,48.691082,0.2578125,-5.44705963,0.43359375,-177.8828,340.389465,45.867926,49.7932729,154.978647,16.202092,130.723282,0.67578125,-24.2553654,0.55078125,-159.89326,891.603598,8.94122948,36.933678,140.221863,3.30670667,77.94207,0.671875,-62.2797928,0.55078125,-76.9761225,794.115941,28.1530622,64.3310901,199.348595,10.1203159,129.104446,0.67578125,-70.2441483,0.55078125,-179.61782,1089.74592,19.2118327,30.341258,95.1410999,6.8136092,72.6674347,0.703125,-22.4736652,0.8984375,-102.641698,558.539652,13.3576746,0.743313117,3.54996349,0.160063199,1.55092219,0.0230733246,-0.600220549,0.0114949049,4.95979424,0.798969093,9.20393695,0.11574011,7.77126708,0.010674257,-3.39211536,0.00829858023,17.2609201,0.802784157,6.31336026,0.112420163,1.3058391,0.0191710282,2.81914983,0.00566121334,12.3011258,0.00381506419,-2.89057669,-0.00331994652,-6.46542799,0.00849677115,6.21126519,-0.00263736689,0.682737432,0.682737432,0,0.745856958,0.745856958,0,0.0629603696,-0.46535747,-78.125,0.975191765,0.975191765,0,0.994779435,0.994779435,0,0.96423087,0.96423087,0,0.950033938,0.950033938,0,0.980095125,0.980241312,-3.90625,0.944901193,0.947301256,-7.8125
VisualCogA_Task-2.mat,A,Task-2,99,L,0,-1,-2.61202743,9.18766569,32.2045898,-0.622476516,13.2343674,0.30078125,-18.9702225,0.48828125,-54.8115508,462.583221,-24.0709881,11.2150444,42.8686028,-5.99830621,-5.78421783,0.296875,-48.6528206,0.48828125,-128.512997,406.318943,-11.3185991,12.5127599,46.9605379,-2.79279393,11.754735,0.296875,-35.2058029,0.5,-127.606931,450.846048,12.752389,5.50346593,21.4488478,3.20551229,21.9571829,0.41796875,0.508335114,0.36328125,0.906065573,341.870604,11.2808928,35.6751742,124.369587,4.05179066,85.4950562,0.609375,-38.8745308,0.85546875,-300.266905,726.577102,-33.5669359,35.0942367,108.616985,-11.5752806,40.4604301,0.6015625,-68.1565552,0.85546875,-291.455305,636.024249,-8.47308199,41.3395805,142.026031,-2.83775743,74.1435318,0.60546875,-67.8824997,0.85546875,-367.522677,759.218328,25.0938539,10.8726214,36.9105816,8.73752316,37.1586666,0.78515625,0.248085022,0.8515625,-76.0673716,293.036839,20.9892009,0.405327612,9.69016117,0.399560599,2.81937536,0.0623898655,-3.14399485,0.0222113357,5.19383042,0.291983209,17.8842293,0.451616793,10.4674675,0.101039405,-2.75536174,0.0302519196,16.6767773,0.43210772,11.6133863,0.378052942,3.28827395,0.0554075034,-0.743832904,0.0201936573,11.4829469,0.140124511,-6.27084301,-0.0735638516,-7.17919352,-0.0456319016,2.01152884,-0.0100582622,0.80224999,0.80224999,0,0.896493464,0.896493464,0,0.898083676,0.898083676,0,0.977298115,0.977298115,0,0.992476588,0.992476588,0,0.972701057,0.972701057,0,0.753084481,0.753084481,0,0.912381361,0.912381361,0,0.91189128,0.91189128,0
VisualCogA_Task-2.mat,A,Task-2,100,L,0,-1,-13.6266447,10.2226977,35.7491207,-3.40167208,2.9802494,0.25390625,-32.7688713,0.5,-92.7335028,367.261879,2.39159761,7.78277878,23.9554491,0.597682377,12.3258018,0.26171875,-11.6296473,0.46875,-57.6431119,336.442507,-22.4567131,12.0535838,48.1695426,-5.61535941,1.9304297,0.25,-46.2391129,0.5,-152.535791,329.426194,-24.8483107,7.87275548,35.2555701,-6.21304179,-7.10127997,0.25,-42.35685,0.49609375,-94.8926791,273.733326,85.8783498,39.7232477,169.894512,30.0310929,142.834869,0.86328125,-27.0596428,0.55078125,327.079384,944.158455,65.4080969,23.5563113,109.916896,22.8827504,96.5404282,0.8671875,-13.3764677,0.55078125,161.676596,657.899631,120.62052,60.6886007,243.084839,42.1782913,198.753479,0.86328125,-44.3313599,0.55078125,509.006172,1158.64256,55.212423,39.0420719,136.980489,19.2955409,106.025597,0.85546875,-30.9548922,0.55078125,347.329575,659.705088,13.0071658,0.728440565,7.62018996,0.159200644,-0.967181118,0.0109918983,-0.400123793,0.0233851869,5.11367976,0.673329468,7.45023798,0.172087448,6.05852991,0.0520825401,2.36324175,0.023875475,36.4167888,0.786653032,16.8127447,0.125020343,-0.194825793,0.00613450247,-2.19494925,0.0111019102,31.3031091,0.113323564,9.36250671,-0.0470671046,-6.25335571,-0.0459480376,-4.55819101,-0.0127735648,0.930407238,0.930407238,0,0.871846963,0.871846963,0,0.766867455,0.766867455,0,0.959711664,0.959711664,0,0.995094272,0.995094272,0,0.949119858,0.949119858,0,0.986975284,0.986975284,0,0.996317267,0.996317267,0,0.979382631,0.979382631,0
VisualCogB_Task-1.mat,B,Task-1,1,L,0,-1,8.83573476,5.46475051,22.5325806,2.21610423,19.7438545,0.30078125,-2.78872609,0.40234375,-31.4982217,462.831546,-59.9438893,14.1585293,55.568161,-14.9487285,-33.9591446,0.30078125,-89.5273056,0.49609375,-170.717872,477.293076,-12.4475143,8.71371502,33.5069494,-3.13883404,5.2475462,0.2578125,-28.2594032,0.40625,-48.8977595,580.311688,47.496375,14.3385865,52.3894739,11.8098945,77.2478409,0.49609375,24.858367,0.30859375,121.820112,598.058219,36.2945898,38.9951747,126.393091,12.7295567,117.860268,0.7421875,-8.53282356,0.59765625,125.739259,755.152284,-56.6094408,36.5777587,116.421825,-19.588067,16.0364342,0.7421875,-100.385391,0.64453125,126.965472,675.24774,-0.875108918,39.946435,129.860031,-0.203574668,92.0009689,0.73828125,-37.8590622,0.59375,59.7858722,848.126536,55.7343318,10.7406631,36.897727,19.3844923,75.9950008,0.73828125,39.0972738,0.82421875,-67.1795996,402.625708,-0.405488805,0.627088091,3.00542245,0.129544356,2.31540616,0.0492005354,-2.48244653,0.13989832,6.29238254,0.659160599,7.17889095,0.130688888,7.20283427,0.0966142334,-4.42330086,0.0531716137,0.777275736,0.473093336,0.29605876,0.154032105,5.12700161,0.153561341,-1.93344554,0.169185933,-5.5151068,-0.186067262,-6.88283219,0.0233432171,-2.07583266,0.0569471081,2.48985532,0.11601432,0.628730641,0.628730641,0,0.698959539,0.698959539,0,0.286924593,0.511839329,46.875,0.99359133,0.99359133,0,0.978893982,0.978893982,0,0.964406875,0.964406875,0,0.620915029,0.620915029,0,0.858324593,0.858324593,0,0.843307007,0.843307007,0
VisualCogB_Task-1.mat,B,Task-1,2,L,0,-1,2.80512231,8.36649676,33.7898006,0.735541507,21.3048286,0.375,-12.484972,0.4765625,-32.4918744,418.269067,17.9802681,6.86685125,26.8536835,4.47095553,32.796978,0.41796875,5.94329453,0.35546875,19.9979891,793.880249,3.85812137,7.05632183,29.6723442,0.998785066,19.3201542,0.375,-10.35219,0.2578125,10.4575678,453.880785,-14.1221468,8.00664507,32.457273,-3.47217046,-0.213766575,0.35546875,-32.6710396,0.25,-9.54042132,577.591357,-12.130838,7.24552857,29.604448,-4.25946047,1.74714053,0.6640625,-27.8573074,0.7890625,-12.8607878,503.822652,4.81826697,12.4660237,61.971674,1.64708143,29.6638012,0.69140625,-32.3078728,0.78515625,-30.3543456,887.29678,2.68793354,10.9045558,40.3050852,0.917852238,24.7827892,0.76171875,-15.522296,0.828125,7.89253252,673.870315,-2.13033343,19.0274752,66.7336993,-0.729229191,35.2609296,0.7890625,-31.4727697,0.58984375,38.2468781,755.852225,3.02187592,0.250010959,2.60076278,0.25526335,-4.82234494,0.181926931,-0.989241007,0.248584423,-4.6621614,0.093905753,-3.19721107,0.0550901674,-3.65894963,0.0575217333,-0.414342864,0.757714689,5.79970249,0.175460939,1.80310342,0.147271331,-2.92090716,0.251700713,-0.980329986,0.358356092,10.4618639,0.0815551859,5.00031449,0.0921811632,0.738042478,0.19417898,-0.565987122,-0.399358597,0.126962131,-0.398231546,23.4375,0.834717471,0.834717471,0,0.338862382,0.379505767,3.90625,0.424464231,-0.535374429,-54.6875,0.54154622,-0.579298991,58.59375,-0.322701255,-0.584349188,19.53125,0.513392322,0.513392322,0,0.506301853,0.506301853,0,0.0239656183,-0.368314417,23.4375
VisualCogB_Task-1.mat,B,Task-1,3,R,1,-1,-4.41053866,6.02586508,24.5576887,-1.10079908,10.1537991,0.3671875,-14.4038897,0.453125,-13.3643103,492.358814,-16.4413216,7.63052218,29.7511148,-4.10979096,0.0824441835,0.37109375,-29.6686707,0.40625,-36.4331429,605.798466,-20.0765813,5.92463108,22.9941959,-5.01924084,-9.61449623,0.3671875,-32.6086922,0.45703125,-8.82477908,514.083099,-3.63525974,6.16371071,21.6796255,-0.909449881,7.15914726,0.4921875,-14.5204782,0.28515625,27.6083638,545.415394,-15.873543,10.0130027,39.3511453,-5.54802867,7.59675264,0.8671875,-31.7543926,0.71875,45.6944292,444.197427,-29.3184009,12.2551768,47.9209371,-10.2271413,-7.11631727,0.8828125,-55.0372543,0.71875,62.8663672,423.669225,-26.0549836,7.13795148,29.6933761,-9.07857792,-7.91659403,0.859375,-37.6099701,0.8046875,22.2858571,485.052249,3.26341733,8.81501482,34.4510717,1.14856335,22.2393188,0.6640625,-12.2117529,0.8984375,-40.5805101,441.017702,0.0763015177,0.283568872,-0.6002369,0.195186985,-9.03719958,0.146039532,-5.08580178,0.2881365,3.14205948,0.26236622,0.384473077,0.160607468,-1.89966304,0.206555371,-1.45360257,0.28807917,-2.87224555,0.113186877,-3.46900054,0.194262356,-6.24891965,0.25021646,-1.5593514,0.370395881,-6.01430503,-0.149179343,-3.85347362,0.0336548878,-4.34925661,0.0436610899,-0.10574883,0.0823167113,0.831026492,0.831026492,0,0.924275432,0.924275432,0,0.612001827,0.612001827,0,0.911921857,0.911921857,0,0.873426582,0.873426582,0,0.705530738,0.705530738,0,0.82654025,0.82654025,0,0.782506401,0.782506401,0,0.797540558,0.797540558,0
VisualCogB_Task-1.mat,B,Task-1,4,L,0,-1,3.69109534,10.6214747,36.6209412,0.94660214,18.8085117,0.40234375,-17.8124294,0.484375,6.77849338,440.952808,2.34100143,9.05983381,36.1069508,0.613546612,20.7017612,0.35546875,-15.4051895,0.484375,-0.334548642,421.2355,-5.74218718,10.5912046,35.33464,-1.39519111,7.42958975,0.328125,-27.9050503,0.25,24.4159267,463.358997,-8.0831886,7.6215163,25.3049884,-2.00873772,4.34841657,0.30859375,-20.9565718,0.359375,24.7504753,402.320803,1.87775255,9.30973833,42.9068317,0.585479267,23.3881855,0.8984375,-19.5186462,0.6328125,-8.33850507,591.155133,10.961347,5.60260135,25.8998415,3.78849961,26.7033291,0.61328125,0.803487599,0.80078125,-24.4950534,497.576678,-3.93809629,8.78422492,36.2537785,-1.41998357,14.3803959,0.8984375,-21.8733826,0.6328125,1.3915574,573.067992,-14.8994433,9.31101966,34.8039737,-5.20848318,3.88460493,0.87890625,-30.9193687,0.83984375,25.8866108,478.318932,-0.311892561,0.0638577071,2.80773374,0.458485191,-2.18125143,0.21634161,-4.87123352,0.172492074,1.63330096,0.256150462,1.92621363,0.383470177,-1.41821463,0.0966925231,-5.52191566,0.152932233,6.39946389,0.0835589199,2.26055709,0.312359801,-1.94925734,0.369271536,-5.85455778,0.128873807,4.76616294,-0.172591542,0.334343455,-0.0711103761,-0.531042711,0.272579013,-0.33264212,-0.0240584258,0.915156147,0.915156147,0,0.839459083,0.839459083,0,0.709537421,0.709537421,0,0.43481199,0.43481199,0,0.826932815,0.826932815,0,0.222055061,0.390175919,46.875,0.515710139,0.515710139,0,0.82919612,0.82919612,0,0.416897547,0.416897547,0
VisualCogB_Task-1.mat,B,Task-1,5,R,1,-1,-26.0777298,8.83733744,30.1416655,-6.56011343,-10.4403276,0.29296875,-40.5819931,0.40234375,-88.3520037,535.324322,-8.84886595,5.38534723,28.224721,-2.24324276,5.56948185,0.5,-22.6552391,0.40234375,6.33737279,449.816171,2.22354524,6.20185208,22.5469179,0.528073617,13.2613745,0.296875,-9.28554344,0.40234375,-53.3288966,494.340621,11.0724112,5.09983118,18.1048589,2.77131638,19.3938069,0.26171875,1.28894806,0.44921875,-59.6662694,187.518742,-35.9825246,8.80416945,45.5915298,-12.439742,-20.3328781,0.5859375,-65.924408,0.5546875,-1.36414778,467.087353,-9.37191619,6.69118474,36.0420742,-3.23309281,3.09374428,0.58203125,-32.9483299,0.55859375,14.1130141,450.765523,1.77894589,8.99824505,45.5592108,0.700114896,13.4105215,0.72265625,-32.1486893,0.55859375,2.94966939,370.536426,11.1508621,6.25193019,29.9772472,3.9332077,23.8529949,0.73046875,-6.12425232,0.8984375,-11.1633447,368.148064,-3.15405691,0.132220367,1.27292302,0.116476975,5.43693393,0.416743029,4.54681682,0.257851052,-0.560032952,0.0717837731,3.09933526,0.173733781,6.91785759,0.322868916,3.91100131,0.350001999,-7.81271526,0.160890322,-1.22706583,0.113006941,3.60686948,0.382565074,3.63918228,0.265423055,-7.25268231,0.0891065491,-4.3264011,-0.0607268405,-3.31098811,0.0596961571,-0.271819031,-0.0845789445,0.577828055,0.577828055,0,0.944263477,0.944263477,0,0.620624846,0.620624846,0,0.875169858,0.875169858,0,0.859800696,0.859800696,0,0.719608791,0.719608791,0,0.385262745,-0.415023271,54.6875,0.578837988,0.578837988,0,0.746235087,0.746235087,0
VisualCogB_Task-1.mat,B,Task-1,6,R,1,-1,98.2573305,27.2504046,106.926174,24.5475518,156.016296,0.5,49.0901222,0.25,362.677072,513.144577,-173.411809,35.5197043,114.437782,-43.4480061,-107.753685,0.2578125,-222.191467,0.4609375,-453.49672,654.571136,-152.845228,50.6598197,148.39917,-38.2149884,-75.2504425,0.26171875,-223.649612,0.5,-684.091099,656.605499,20.566581,19.1458269,82.1583481,5.23301771,45.490593,0.31640625,-36.6677551,0.5,-230.594379,494.359497,122.301343,28.7677306,101.24321,42.5643578,171.323532,0.57421875,70.0803223,0.8984375,-274.980964,522.493987,-78.3410755,60.922653,217.37466,-27.2364591,30.5240746,0.8984375,-186.850586,0.55078125,594.067005,731.863914,-132.070194,78.2808814,234.265318,-45.9682074,-1.3237021,0.8984375,-235.58902,0.55078125,758.01786,770.725657,-53.7291185,24.0980799,73.9996424,-18.7317483,-11.5705938,0.86328125,-85.5702362,0.6953125,163.950855,503.899594,17.8461573,0.826467101,3.05256942,0.0339298076,-3.9980916,0.059074271,-0.506035766,0.0277084468,13.4475583,0.872230739,10.2145754,0.0404397581,-1.09522353,0.0178736864,2.34140111,0.0206173739,12.4707137,0.883865709,4.89603351,0.0291823473,-2.87173068,0.0270787875,-0.644141285,0.0139811139,-0.976844551,0.0116349694,-5.31854185,-0.0112574108,-1.77650714,0.00920510111,-2.98554239,-0.00663625996,-0.850408384,-0.850408384,0,-0.938294554,-0.938294554,0,0.961837854,0.961837854,0,-0.934785157,-0.934785157,0,-0.953420717,-0.953420717,0,0.970706151,0.970706151,0,-0.538305265,-0.651594943,78.125,-0.856322808,-0.861356718,23.4375,0.837235265,0.840423032,-11.71875
VisualCogB_Task-1.mat,B,Task-1,7,R,1,-1,7.25048284,6.85404614,32.4057956,1.83903117,25.610424,0.296875,-6.79537153,0.5,-60.7943257,316.568192,-10.2501682,9.4732317,36.144083,-2.54962016,9.02039719,0.29296875,-27.1236858,0.5,-89.444098,452.823648,7.24840206,8.46116728,36.5436268,1.81675729,28.2179813,0.296875,-8.32564545,0.4765625,-91.4452459,398.169929,17.4985703,5.8270264,20.3799475,4.36637745,27.2891192,0.421875,6.90917176,0.390625,-2.00114793,368.207585,12.429486,10.2644203,39.1741219,4.31788707,33.5937576,0.890625,-5.58036423,0.60546875,27.5497122,637.613729,-22.3080023,10.5666205,47.0886626,-7.78417739,6.22182608,0.89453125,-40.8668365,0.60546875,66.0647656,490.611546,-0.795630271,9.77883733,36.6375198,-0.283857418,16.8722439,0.7734375,-19.765276,0.71875,-18.1481277,644.340211,21.512372,10.0345,33.1444368,7.50031997,33.8945751,0.6953125,0.750138283,0.86328125,-84.2128934,351.340761,10.5120475,0.286655735,1.03043236,0.128694716,-2.98250272,0.246753924,0.508351202,0.255596301,17.4609271,0.406010874,2.18523856,0.121527806,0.0297317258,0.243407527,-1.46706989,0.15356069,9.23242094,0.334825188,-1.31985856,0.12234199,-5.73446321,0.12392889,0.0178424888,0.339072026,-8.22850619,-0.0711856855,-3.50509712,0.000814183996,-5.76419494,-0.119478637,1.48491238,0.185511336,0.844296645,0.844296645,0,0.91592995,0.91592995,0,0.794584696,0.794584696,0,0.801695743,0.801695743,0,0.848733649,0.848733649,0,0.515768408,-0.610448012,42.96875,0.22812674,-0.328455806,50.78125,0.643738385,0.643738385,0,0.562465457,0.576497457,-3.90625
VisualCogB_Task-1.mat,B,Task-1,8,L,0,-1,0.456666029,7.51600384,31.8702965,0.130776723,13.6716232,0.43359375,-18.1986732,0.3984375,20.6027927,470.224335,7.46281285,6.14060011,23.5491171,1.89474104,18.9495411,0.4296875,-4.599576,0.5,-3.87094763,374.922179,-13.9874071,4.97249061,24.4868968,-3.50251838,-2.70445037,0.328125,-27.1913471,0.3984375,-13.7074035,400.42782,-21.45022,5.04805465,17.6872187,-5.39725942,-11.1176891,0.5,-28.8049078,0.4296875,-9.83645586,290.36402,-4.53877782,8.09294772,29.577919,-1.58221324,10.01087,0.625,-19.567049,0.875,-17.4283154,461.001078,3.08675507,7.47603392,28.2057743,1.04625289,16.2358246,0.8125,-11.9699497,0.65234375,-2.63852237,404.159949,-12.3780301,7.57437817,33.4598783,-4.29907672,1.9885534,0.84765625,-31.4713249,0.7734375,-5.56962419,472.15075,-15.4647852,9.60764248,36.2497044,-5.34532961,3.30877399,0.859375,-32.9409304,0.55078125,-2.93110182,403.917301,2.24615997,0.165075759,-1.91137567,0.114143677,-0.494481748,0.35148478,3.5304208,0.313336644,8.20925263,0.330124828,1.63382331,0.177818378,4.05970171,0.243482135,0.112380655,0.163347036,-2.48066648,0.0891005116,-7.85521968,0.0435870998,-7.09708368,0.226573988,4.02128188,0.600330685,-10.6899191,-0.241024316,-9.48904299,-0.134231278,-11.1567854,-0.0169081467,3.90890122,0.436983649,0.755727486,0.755727486,0,0.773564857,0.773564857,0,0.60505804,0.60505804,0,0.574178159,0.604539531,3.90625,0.675897926,0.719780403,-3.90625,0.185033198,-0.710081043,31.25,0.717600913,0.717600913,0,0.666462816,0.666462816,0,0.295448445,-0.415457332,31.25
VisualCogB_Task-1.mat,B,Task-1,9,L,0,-1,-0.149984763,10.9299057,34.4301224,-0.0332987682,15.5042439,0.37890625,-18.9258785,0.34765625,100.978611,415.801811,-3.55354144,21.7278602,55.7757931,-0.871093744,22.7057629,0.42578125,-33.0700302,0.33984375,246.010692,495.896591,11.3085737,7.25543238,28.9174218,2.8308618,22.5299168,0.375,-6.38750505,0.46484375,-53.3928078,428.004128,14.8621151,23.7564485,65.5127358,3.70195554,48.0050735,0.26953125,-17.5076623,0.46875,-299.4035,481.105026,-6.96412715,6.90018346,29.7204838,-2.42805184,10.7415199,0.60546875,-18.9789639,0.6640625,-22.0925948,444.688287,-8.12946048,7.69279086,35.2461348,-2.83569086,9.12769413,0.6015625,-26.1184406,0.7578125,-45.0434215,460.516016,1.14053859,6.18794766,26.423275,0.395627561,15.0687542,0.609375,-11.3545208,0.66796875,10.8848223,476.552681,9.26999907,8.64692409,31.7195842,3.23131842,24.0923622,0.7578125,-7.62722206,0.671875,55.9282439,464.951895,0.929489778,0.356448731,-1.39101264,0.132545408,12.632369,0.236443105,3.77949465,0.237939691,9.79513198,0.602655908,11.4166767,0.152622501,7.88704563,0.112460024,4.30611734,0.0901383128,5.62149144,0.195878197,-3.17384287,0.0744833569,6.92350657,0.320471522,3.76923614,0.357209112,-4.17364054,-0.406777711,-14.5905196,-0.0781391446,-0.963539062,0.208011498,-0.536881204,0.267070799,0.950112889,0.950112889,0,0.14165225,-0.625421307,-78.125,-0.125686302,-0.546107758,-46.875,0.76109186,0.781900431,3.90625,0.746155268,0.775728778,-3.90625,0.238436948,-0.405384415,-66.40625,0.808998494,0.820002585,3.90625,0.281339582,-0.359521326,-70.3125,-0.293652129,-0.574949021,-74.21875
VisualCogB_Task-1.mat,B,Task-1,10,L,0,-1,-6.98732334,7.73577,33.7668037,-1.70156093,4.10171318,0.41015625,-29.6650906,0.25,64.8735817,354.958595,19.6297741,11.0646067,48.0058279,4.9727634,35.7823677,0.41015625,-12.2234602,0.25,95.2912837,403.0359,28.6195698,9.26406548,34.0523138,7.22363451,42.2998352,0.34765625,8.2475214,0.25,12.2371664,436.621113,8.98979566,7.07350448,28.6100764,2.25087111,23.7644725,0.26171875,-4.84560394,0.48828125,-83.0541172,303.031483,16.0245709,37.8374014,120.222473,5.57013136,96.3913574,0.82421875,-23.8311157,0.59765625,295.792353,806.303282,31.6572919,35.2440806,113.55298,11.0021062,101.153,0.8203125,-12.3999805,0.71484375,259.178221,716.996487,1.76362273,26.0000265,99.4293499,0.637662634,69.1525726,0.82421875,-30.2767773,0.8984375,96.0500412,889.020206,-29.8936692,18.1825766,68.1121922,-10.3644435,-2.48320389,0.55859375,-70.595396,0.8984375,-163.12818,452.441014,2.60390648,0.317724604,0.1950369,0.230245323,-1.05939928,0.158614143,0.917443263,0.213928061,16.3671908,0.48666859,6.58465147,0.194318547,-1.13523774,0.103344801,1.22424167,0.143230555,17.7215921,0.639583798,6.52302847,0.111105521,-1.23198702,0.0859822947,1.57144906,0.105462057,1.35440136,0.152915208,-0.0616229955,-0.0832130257,-0.0967492848,-0.0173625064,0.34720739,-0.0377684976,0.965518792,0.965518792,0,0.818154692,0.818154692,0,0.771751036,0.771751036,0,0.985117633,0.987874688,3.90625,0.848634032,0.856265293,3.90625,0.866233234,0.866233234,0,0.938038714,0.938997281,3.90625,0.440741568,0.446444388,3.90625,0.511047884,0.511047884,0
VisualCogB_Task-1.mat,B,Task-1,11,R,1,-1,2.15124751,5.9219838,22.7568121,0.525945593,13.6183853,0.32421875,-9.13842678,0.3515625,-42.8345536,421.307873,-12.3909847,5.34238263,25.2607965,-3.08056778,2.20439434,0.328125,-23.0564022,0.2734375,-16.5870036,403.170929,-2.61688862,6.2654996,25.029561,-0.66931255,9.46221256,0.328125,-15.5673485,0.44921875,-61.1539253,402.296879,9.77409605,6.19563296,19.8981563,2.41125523,22.2651101,0.2734375,2.36695385,0.4375,-44.5669217,331.580747,3.37928796,6.62724839,28.2852421,1.19853923,14.7479715,0.796875,-13.5372705,0.67578125,-8.28980669,462.822158,-26.3107957,14.5768362,47.9245296,-9.18081377,-6.1055913,0.86328125,-54.0301208,0.67578125,45.5042951,428.281297,4.72187765,11.3954013,40.1012802,1.68867801,23.0545292,0.69921875,-17.046751,0.88671875,-26.7666811,407.513412,31.0326733,23.2831745,66.0528831,10.8694918,62.044836,0.6953125,-4.0080471,0.8671875,-72.2709762,419.986851,0.709998612,0.128949448,1.18266072,0.194914419,-2.01358641,0.330416616,-0.251185689,0.258259543,-1.00024341,0.303160929,-1.9443146,0.170326466,-4.09743281,0.254118599,0.890109944,0.204802189,13.0328744,0.455450302,-7.60587973,0.0451301714,-2.43971245,0.180237133,-1.03826285,0.253654425,14.0331178,0.152289373,-5.66156514,-0.125196295,1.65772037,-0.0738814656,-1.92837279,0.0488522368,0.498126447,0.545966567,-3.90625,0.75390281,0.75390281,0,0.43933822,0.488005211,42.96875,0.509921403,0.511342732,-3.90625,0.270678708,-0.340782105,-27.34375,-0.601313031,-0.869408292,-27.34375,0.428925525,0.428925525,0,0.610021287,0.610021287,0,-0.270667801,-0.622749552,-50.78125
VisualCogB_Task-1.mat,B,Task-1,12,L,0,-1,-12.5225429,5.53053654,21.6399778,-3.14237363,0.750539124,0.3203125,-20.8894386,0.3828125,0.278417881,507.084388,-5.95243991,4.65439297,20.5021453,-1.47681656,2.33036566,0.3203125,-18.1717796,0.47265625,-24.3675582,412.272236,-22.4909114,5.8778305,24.2498407,-5.6480509,-7.97112942,0.5,-32.2209702,0.2890625,15.6224195,515.847179,-16.5384715,5.53989552,24.0268049,-4.17123434,-3.76110506,0.5,-27.78791,0.29296875,39.9899776,340.886719,12.5359457,35.9436415,108.774092,4.34047831,86.762085,0.8359375,-22.0120068,0.56640625,297.728075,590.25702,15.2990512,36.1628681,100.746237,5.28603935,82.2682266,0.83984375,-18.4780102,0.5703125,313.630705,447.008574,7.61498163,37.55399,118.114283,2.64006973,87.0250854,0.8359375,-31.0891972,0.63671875,308.392255,689.37974,-7.68406957,5.88950448,25.9807487,-2.64596961,5.32025909,0.8359375,-20.6604896,0.7421875,-5.23844966,411.152292,-0.153584889,0.161234556,5.73912419,0.205383456,-6.59456482,0.218515853,-2.05854142,0.346503617,-2.81781592,0.137821717,5.31660162,0.352153518,-0.415297065,0.260523872,-3.86508109,0.144144663,18.1995041,0.387919949,1.38672431,0.0820009719,-4.13113695,0.208140927,-1.34264409,0.262262589,21.0173201,0.250098232,-3.92987731,-0.270152546,-3.71583989,-0.0523829452,2.522437,0.118117926,0.555371622,0.555371622,0,0.907712013,0.907712013,0,0.466446232,0.466446232,0,0.992757634,0.992757634,0,0.997771759,0.997771759,0,0.987941975,0.987941975,0,0.977631246,0.977631246,0,0.982054936,0.982054936,0,0.943469729,0.943469729,0
VisualCogB_Task-1.mat,B,Task-1,13,R,1,-1,-5.78890669,11.7190476,40.9725313,-1.46633412,14.502635,0.32421875,-26.4698963,0.40234375,-110.193707,528.802217,7.64999833,14.3981765,43.994875,1.89307072,28.8184414,0.265625,-15.1764336,0.44140625,-160.429567,528.038987,3.46325484,9.60534819,31.7272444,0.878412769,19.8981876,0.36328125,-11.8290567,0.4921875,-100.180718,507.990751,-4.18674349,7.90515269,31.3789486,-1.01465795,10.0387806,0.4296875,-21.340168,0.26171875,60.2488484,306.950323,16.3943208,32.7604959,111.677349,5.78100048,80.8432007,0.75390625,-30.8341484,0.6796875,182.157481,808.441947,22.6482733,32.6543499,112.17205,7.96386708,88.0896225,0.75,-24.082428,0.640625,170.340569,757.82845,24.5140637,37.0483938,125.971813,8.60003236,104.563705,0.75,-21.4081078,0.6796875,185.333271,921.092161,1.86579043,8.8532855,32.8165696,0.636165288,19.5150757,0.76171875,-13.3014939,0.5859375,14.9927025,400.133301,4.42844266,0.279313502,-2.46515051,0.302573946,-0.805334904,0.0881844034,4.7969586,0.283614934,12.1437691,0.557494366,7.79643429,0.110333744,6.8937298,0.156740794,-1.36989034,0.12334374,1.91921976,0.432891899,-2.84494939,0.132254679,-1.29345559,0.0790191858,7.21704865,0.337060921,-10.2245493,-0.124602467,-10.6413837,0.0219209357,-8.18718539,-0.0777216084,8.58693899,0.213717181,0.949886892,0.949886892,0,0.802878837,0.828240093,-3.90625,0.857120829,0.879110051,-3.90625,0.977063857,0.978538333,3.90625,0.984530759,0.984530759,0,0.975585439,0.975585439,0,0.949450308,0.954561038,3.90625,0.965441284,0.965441284,0,0.931424782,0.931424782,0
VisualCogB_Task-1.mat,B,Task-1,15,L,0,-1,-2.05151032,14.3476587,56.2455406,-0.553080667,31.873497,0.359375,-24.3720436,0.43359375,-84.1603484,670.237162,10.2977327,9.94389401,45.2884216,2.53389545,32.957386,0.35546875,-12.3310356,0.4765625,-66.9096878,571.25788,-8.2014061,10.8093404,43.9605942,-2.09048647,15.9903412,0.359375,-27.970253,0.4765625,-67.2794615,644.338868,-18.4991388,5.31117001,21.8495245,-4.62438192,-7.67748928,0.5,-29.5270138,0.25,-0.369773706,385.135986,-6.8444731,11.1252168,47.8266239,-2.40764925,20.2587872,0.75,-27.5678368,0.78125,14.3074325,703.101496,-0.4792875,15.603497,58.9900398,-0.166049586,31.9282475,0.80859375,-27.0617924,0.6484375,102.921683,731.502993,-3.00563836,11.161487,47.6658659,-1.07938187,15.5803099,0.55078125,-32.085556,0.78125,-57.7020522,677.168566,-2.52635086,18.292577,61.2479591,-0.91333228,31.2437468,0.5546875,-30.0042124,0.8203125,-160.623735,380.791327,-5.43527836,0.0493387717,8.31851569,0.566441197,3.77293894,0.198452702,0.580707596,0.0944900794,-2.72934363,0.244083501,7.93624578,0.291763188,12.812637,0.231269339,0.47386169,0.168286124,2.94991056,0.239563993,9.40767246,0.381130524,3.59334298,0.186435542,1.06331584,0.0842022117,5.6792542,-0.00451950721,1.47142668,0.0893673353,-9.21929403,-0.0448337971,0.589454147,-0.0840839125,0.909340164,0.909340164,0,0.97132694,0.97132694,0,0.872265734,0.872265734,0,0.726679039,0.726679039,0,0.710490561,0.710490561,0,0.095974608,-0.511738723,27.34375,0.67965759,0.67965759,0,0.732828576,0.732828576,0,0.098478014,-0.484047925,50.78125
VisualCogB_Task-1.mat,B,Task-1,16,R,1,-1,-2.53503552,9.29888034,35.2917061,-0.624765195,18.3015766,0.328125,-16.9901295,0.4921875,-23.2759462,583.197793,4.31103177,6.77595584,28.3090477,1.08798168,19.7023773,0.32421875,-8.60667038,0.4921875,-24.7120909,530.32495,16.2880246,13.0162929,51.2795162,4.11222957,41.0513039,0.33203125,-10.2282124,0.4921875,-46.952299,585.866961,11.9769929,9.5946217,33.2393091,3.02424789,27.9041414,0.34375,-5.33516765,0.5,-22.2402081,327.316215,14.58991,24.6971249,75.0505257,5.08890572,58.8012581,0.8125,-16.2492676,0.55078125,211.383065,493.996651,21.3214426,25.4487911,74.0758052,7.39175805,67.9677429,0.8046875,-6.10806227,0.640625,205.268625,562.492659,27.2690999,27.7682089,82.9417,9.4969108,75.4660721,0.81640625,-7.4756279,0.64453125,240.887415,485.523285,5.94765723,6.95055968,24.3949018,2.10515275,19.1562324,0.7421875,-5.2386694,0.6171875,35.6187901,337.372807,5.21800695,0.159242839,-0.0596848387,0.210073067,0.333045822,0.306781849,1.85888338,0.227349922,6.16130947,0.196834097,-3.53818306,0.181935971,-5.94496438,0.21121104,0.0430840928,0.318388951,3.88373419,0.390703224,2.26507328,0.160715081,2.52534669,0.253774891,1.30130365,0.10088553,-2.27757528,0.193869127,5.80325634,-0.0212208897,8.47031107,0.0425638509,1.25821956,-0.217503421,0.880524858,0.887017707,3.90625,0.840570242,0.840570242,0,0.698887369,0.701297951,-3.90625,0.974044111,0.974044111,0,0.993141286,0.993141286,0,0.969624618,0.969624618,0,0.924857688,0.924857688,0,0.951937978,0.951937978,0,0.882889337,0.882889337,0
VisualCogB_Task-1.mat,B,Task-1,17,L,0,-1,35.5555673,7.810321,33.6014166,8.87046942,43.3435898,0.5,9.74217319,0.28515625,46.6224767,443.069267,-119.160736,39.3203003,128.675007,-29.8129737,-48.9890709,0.25,-177.664078,0.5,-521.066399,724.527115,-38.1973336,25.8184797,91.4805329,-9.52316564,0.96760869,0.25390625,-90.5129242,0.5,-341.39804,554.796458,80.9634024,15.6331866,59.6243422,20.2898081,109.333775,0.45703125,49.7094324,0.25,179.668359,514.079125,41.0574164,11.6867705,53.4757576,14.2538962,70.7107468,0.55078125,17.2349892,0.88671875,-86.8660578,440.936639,-194.29509,46.1173163,164.245003,-67.7429267,-80.1580887,0.8984375,-244.403091,0.63671875,402.398928,652.956702,-81.6621435,18.0035555,59.1071358,-28.4982317,-49.0746651,0.8984375,-108.181801,0.70703125,110.907507,535.380245,112.632947,31.4749317,120.878857,39.244695,151.96228,0.55859375,31.0834236,0.8984375,-291.491421,546.485033,8.49171057,0.396269955,8.84660682,0.196049375,6.23898481,0.189123439,1.44524784,0.123957094,14.7290713,0.897228521,3.88440502,0.0264468601,8.77368371,0.0247076917,1.88786644,0.0179922039,15.2767352,0.617857909,4.36399568,0.143520761,6.90459013,0.121930423,-0.260591184,0.0720507944,0.547663912,-0.279370611,0.479590656,0.117073901,-1.86909358,0.0972227312,-2.14845762,0.0540585905,-0.247767174,-0.469682079,23.4375,-0.272773337,-0.401935967,-23.4375,0.969415902,0.969415902,0,-0.579745515,-0.579745515,0,-0.179188812,-0.398429828,-27.34375,0.879384771,0.879384771,0,-0.756653161,-0.780455259,-27.34375,-0.634240179,-0.737117789,-39.0625,0.967653956,0.967653956,0
VisualCogB_Task-1.mat,B,Task-1,18,L,0,-1,20.5871452,6.99930768,29.5546312,5.14157077,37.1160965,0.30859375,7.56146526,0.4453125,-45.539669,447.878189,-58.4711327,7.21742539,29.9478416,-14.6262907,-42.811367,0.48046875,-72.7592087,0.28125,64.7967126,404.423706,-17.9940436,7.34524255,28.4780648,-4.52926214,-1.93293452,0.30859375,-30.4109993,0.36328125,-46.9649897,470.593035,40.4770891,9.23194505,31.3253508,10.0970286,57.7584372,0.26953125,26.4330864,0.4765625,-111.761702,281.343504,9.84116683,10.7885377,51.8477478,3.46847992,29.4708252,0.75390625,-22.3769226,0.8984375,-39.7240725,621.292874,6.34328146,25.1554225,86.1000748,2.27197161,48.2414398,0.8515625,-37.8586349,0.55078125,227.333058,508.673592,23.4283415,21.2717975,76.2590694,8.18286843,66.3228149,0.86328125,-9.9362545,0.56640625,178.549149,679.114836,17.08506,11.6738317,53.0540867,5.91089681,36.1279297,0.87109375,-16.926157,0.83203125,-48.7839095,537.700191,-5.59958249,0.283664435,1.36551056,0.13584069,0.14970401,0.284632797,-4.35050541,0.209962568,3.18713094,0.794203512,-5.16780841,0.0327770229,-2.28969337,0.0595144055,-5.05330014,0.0599377341,-1.10086993,0.576377581,1.42059591,0.100464338,-2.01903921,0.133235228,-3.99924044,0.107798299,-4.28800087,-0.217825931,6.58840432,0.0676873152,0.270654162,0.073720823,1.0540597,0.0478605648,0.246320139,-0.593030603,-31.25,0.851652328,0.851652328,0,0.196317104,-0.448829193,27.34375,-0.0492988724,-0.383163477,42.96875,0.112132723,-0.429797267,31.25,0.886754284,0.891650957,-3.90625,-0.410161024,-0.561692666,42.96875,-0.164992056,-0.476978883,31.25,0.884183667,0.886471469,-3.90625
VisualCogB_Task-1.mat,B,Task-1,19,R,1,-1,13.0037282,12.0003804,42.1240406,3.20527743,34.4068871,0.26171875,-7.71715355,0.3984375,-5.11078648,692.800079,-6.43264498,10.3983322,45.4876537,-1.63153367,21.8929977,0.25,-23.594656,0.390625,-59.6311899,632.505304,-11.4740551,10.3146138,39.3056908,-2.90565635,11.9428005,0.26171875,-27.3628902,0.3984375,-52.6466472,653.676666,-5.04141016,5.55411767,28.2290068,-1.27412269,12.5982513,0.5,-15.6307554,0.25,6.98454262,481.771671,4.25496252,8.73764084,36.861393,1.46637136,26.7372665,0.7578125,-10.1241264,0.67578125,-20.7826726,559.337477,-48.3013074,8.90663201,36.611351,-16.8193063,-27.937767,0.7578125,-64.549118,0.671875,49.1985576,535.52403,-20.0502747,12.0588227,48.8442945,-7.02047656,8.70806789,0.55078125,-40.1362267,0.78515625,-77.6740862,539.328908,28.2510327,14.4205959,46.9747753,9.79882969,52.8659229,0.5546875,5.89114761,0.80859375,-126.872644,350.053191,4.60985052,0.118603394,3.0595248,0.232804564,1.88774206,0.347813808,2.58988702,0.215793186,11.0737079,0.60358431,6.94741593,0.15562738,0.320186154,0.0874731483,2.19070803,0.0610971001,-2.40722997,0.192001356,2.55147475,0.159520769,-0.212067095,0.311780263,2.89608088,0.271501723,-13.4809379,-0.411582954,-4.39594118,0.00389338903,-0.532253249,0.224307115,0.705372849,0.210404623,0.774444395,0.774444395,0,0.903635643,0.903635643,0,0.856224523,0.856224523,0,0.595202655,0.595202655,0,0.724658017,0.724658017,0,0.0781618491,-0.67736554,31.25,0.529277461,0.535369378,3.90625,0.725967245,0.725967245,0,0.631653223,0.632446852,-3.90625
VisualCogB_Task-1.mat,B,Task-1,20,L,0,-1,35.5469466,7.19431859,26.6065292,8.90784884,49.9116631,0.46875,23.3051338,0.33203125,47.2308787,458.947838,-156.763286,17.5786637,65.9947433,-39.2422803,-111.275017,0.25,-177.26976,0.41796875,-189.00305,476.556732,-62.480343,20.4522482,76.7100334,-15.6005665,-29.1142082,0.25390625,-105.824242,0.5,-265.874397,584.988739,94.2829428,11.6398685,42.3291512,23.6417138,112.069874,0.34765625,69.7407227,0.49609375,-76.8713473,384.8237,19.5642759,16.8410143,63.6827364,6.68362317,56.7027016,0.5546875,-6.98003483,0.84765625,-129.690281,532.079826,-73.9099081,60.2352593,219.273319,-25.7968303,61.7334785,0.8984375,-157.539841,0.55078125,583.856086,695.055379,-85.7801013,18.3385099,111.029578,-30.0157858,-4.52912283,0.8984375,-115.558701,0.640625,93.2489049,637.417021,-11.8701933,50.9890857,166.358896,-4.21895556,89.7330627,0.55078125,-76.6258335,0.8828125,-490.607181,543.945473,1.6436215,0.413647397,-0.182706909,0.112096899,0.806000549,0.296101599,-2.90162827,0.101890459,15.593779,0.893634843,5.37671562,0.0238109085,3.6381247,0.0245625664,-3.05041417,0.0147215538,9.95922768,0.518777369,2.02486912,0.121057573,2.86238047,0.22900377,-0.940258702,0.0827471256,-5.63455129,-0.374857474,-3.3518465,0.0972466646,-0.775744231,0.204441204,2.11015546,0.0680255719,-0.0961084528,-0.570163906,35.15625,-0.2188628,-0.583990472,-23.4375,0.823058633,0.823058633,0,-0.670952944,-0.807889805,-19.53125,0.0767306036,-0.627300142,-39.0625,0.61772125,0.61772125,0,-0.752859577,-0.804979931,-19.53125,-0.30405651,-0.614806628,-66.40625,0.347915158,0.510235442,-78.125
VisualCogB_Task-1.mat,B,Task-1,21,R,1,-1,-1.73517756,8.51845092,34.5269737,-0.413114312,10.5126743,0.41015625,-24.0142994,0.47265625,-48.1678636,369.553047,-10.3598162,7.65292498,31.9525309,-2.58137316,-1.22048092,0.41015625,-33.1730118,0.46875,-59.669414,426.965925,-20.3451947,11.7065852,43.1731248,-5.06803409,-6.33508062,0.328125,-49.5082054,0.4765625,-122.948828,421.949837,-9.98537852,7.85483715,36.6055517,-2.48666093,5.83837032,0.25,-30.7671814,0.5,-63.2794143,371.649649,-4.79654152,10.8280919,43.4882145,-1.7096891,20.9415741,0.5546875,-22.5466404,0.6328125,-23.4978722,642.104523,-16.5294701,12.1466681,48.8976748,-5.82049552,3.3452456,0.55078125,-45.5524292,0.73046875,-32.5260848,482.239311,-23.0229128,12.9738156,55.5934041,-8.03841599,3.45906568,0.83984375,-52.1343384,0.625,31.6731091,778.109003,-6.4934427,17.6355402,63.9079753,-2.21792047,28.1766911,0.73828125,-35.7312843,0.58984375,64.1991939,625.140996,-0.0941559663,0.0429365149,1.3458939,0.485084851,4.16883583,0.216131214,4.18221464,0.153720194,3.93140538,0.134794484,1.13204851,0.399796062,6.96117817,0.233892029,0.659578936,0.116143641,10.7048469,0.165979396,5.61626805,0.318978938,4.34622283,0.271143428,4.45388465,0.131921049,6.7734415,0.0311849119,4.48421955,-0.0808171245,-2.61495534,0.0372513992,3.79430571,0.0157774084,0.681505428,0.764448771,7.8125,0.861999307,0.861999307,0,0.747368575,0.830492003,-7.8125,0.570077054,0.570077054,0,0.742631157,0.756036101,3.90625,0.0153854977,-0.562069127,-31.25,0.603770205,0.608574016,3.90625,0.768296992,0.768655972,3.90625,0.241182234,-0.318975191,-62.5
VisualCogB_Task-1.mat,B,Task-1,22,R,1,-1,-4.59670339,9.04485643,34.5436964,-1.17797371,14.3555937,0.359375,-20.1881027,0.46484375,-61.2404814,518.764231,1.18833901,7.49067181,29.9938841,0.307575601,15.9507456,0.3984375,-14.0431385,0.4296875,-53.9622559,441.188038,-9.85640787,9.26048325,33.2928438,-2.49588498,10.6080351,0.25390625,-22.6848087,0.30078125,-48.8509807,547.436642,-11.0447469,8.87783021,31.4071646,-2.80346058,5.10698795,0.2578125,-26.3001766,0.30859375,5.11127516,468.999603,27.5531564,30.1528632,98.1852121,9.68295114,89.2970734,0.67578125,-8.88813877,0.58984375,-40.5602839,672.254558,21.6018377,24.2825326,75.4768462,7.6047102,69.1253967,0.67578125,-6.35144949,0.58984375,-40.627704,546.481087,25.1230754,43.0961394,135.40056,8.89860364,111.408112,0.671875,-23.9924488,0.88671875,-143.717552,805.145305,3.5212377,20.5872431,65.6322932,1.29389344,43.6810989,0.66796875,-21.9511943,0.859375,-103.089848,384.481296,19.49618,0.65551343,-1.22866329,0.189855494,-6.7367062,0.0444396456,0.529031177,0.0425287407,19.354886,0.633653899,0.735256236,0.115744507,-7.05069419,0.0703331161,3.44479433,0.109753906,18.4145061,0.672348469,3.03389558,0.170438156,-4.36497724,0.0557526357,-0.96435868,0.0324078937,-0.940379978,0.0386945709,2.29863935,0.0546936486,2.68571695,-0.0145804804,-4.40915301,-0.0773460126,0.737596733,0.74248669,-3.90625,0.90606558,0.90606558,0,0.454471335,0.454471335,0,0.993027329,0.993027329,0,0.961432773,0.964749854,3.90625,0.966610662,0.970737868,3.90625,0.96002123,0.96002123,0,0.964375727,0.969054805,3.90625,0.930567427,0.934640238,3.90625
VisualCogB_Task-1.mat,B,Task-1,24,R,1,-1,38.2887023,26.9034117,85.0340281,9.61982204,70.9417343,0.47265625,-14.0922937,0.2578125,335.517478,579.069622,-124.788629,10.443594,41.3365707,-31.1861534,-105.285515,0.31640625,-146.622086,0.49609375,-113.579493,385.583252,-79.5456585,8.77789103,36.1515503,-19.86805,-58.0960312,0.31640625,-94.2475815,0.36328125,-25.9493225,560.447235,45.2429707,8.05998324,35.8052902,11.3181034,61.2612762,0.5,25.455986,0.25,87.6301701,359.248108,82.1421001,19.93221,80.311142,28.6089281,112.885391,0.734375,32.5742493,0.8984375,-146.635236,572.748661,-64.0469525,38.5339479,125.111084,-22.2470131,-5.24992418,0.82421875,-130.361008,0.6015625,363.951198,820.315635,-12.7688045,25.6526288,86.1411667,-4.41006635,19.7510376,0.77734375,-66.3901291,0.6015625,218.249689,626.509885,51.278148,15.9058,60.8834085,17.8369468,76.7819443,0.55859375,15.8985357,0.890625,-145.701509,427.021371,8.11451872,0.721242681,11.3983377,0.0919000148,14.529428,0.0821158529,1.59499898,0.0279209304,6.22675462,0.837017717,3.02251009,0.0477540966,5.21029859,0.0360260577,2.83409166,0.0375043987,13.76691,0.678416643,11.5585864,0.105801525,11.5963433,0.105581002,1.33051616,0.0428973939,7.54015542,-0.158601074,8.53607628,0.0580474283,6.38604467,0.0695549442,-1.5035755,0.00539299511,-0.52707512,-0.62502991,-46.875,0.168422661,-0.61881893,-50.78125,0.660810998,0.660810998,0,-0.557436576,-0.662684521,66.40625,-0.32050124,-0.687115049,74.21875,0.955960368,0.955960368,0,-0.155920178,-0.542371204,78.125,0.267000004,0.628578328,-78.125,0.900143472,0.900590788,3.90625
VisualCogB_Task-1.mat,B,Task-1,26,R,1,-1,-2.57829919,7.83659268,31.2387018,-0.633925635,12.3764772,0.328125,-18.8622246,0.4609375,-37.1848055,483.819335,-8.93918939,15.944505,50.3913832,-2.21457454,11.8283758,0.33203125,-38.5630074,0.4609375,-185.299897,480.151112,-7.29238664,15.9387954,54.3088045,-1.79487793,13.9680071,0.28125,-40.3407974,0.4609375,-174.739396,464.090397,1.64680275,3.72502316,14.6088312,0.41969661,8.44652367,0.48828125,-6.1623075,0.25,10.5605017,234.568227,13.5520797,8.67918637,36.6598492,4.70972496,33.5226746,0.8671875,-3.13717461,0.55078125,61.1123525,417.124179,-65.2991497,15.8821749,58.1047268,-22.7245437,-31.3028431,0.56640625,-89.4075699,0.83203125,-145.709226,393.85774,-112.061614,36.8347101,112.321075,-39.0241712,-44.8708344,0.5625,-157.19191,0.83984375,-344.370603,488.717104,-46.7624645,21.5025031,63.8823853,-16.2996275,-6.70843506,0.55078125,-70.5908203,0.8828125,-198.661378,321.3063,-0.4790257,0.333382283,-1.59624291,0.145355356,-1.97707384,0.199463618,1.05512172,0.232717014,15.6328724,0.667117762,2.62617795,0.0882077528,3.24784518,0.0914514499,2.58661941,0.1104732,15.672372,0.732606975,1.98537521,0.0756221995,3.89994543,0.0813244978,2.444642,0.0776254461,0.0394995131,0.0654892127,-0.640802741,-0.0125855534,0.65210025,-0.0101269521,-0.141977409,-0.0328477544,0.759861259,0.760715377,3.90625,0.778342142,0.792001113,3.90625,0.972700141,0.972700141,0,-0.479399158,-0.542128553,23.4375,-0.516832664,-0.516832664,0,0.980044191,0.980044191,0,-0.61465478,-0.709161316,39.0625,-0.687564964,-0.720442889,31.25,0.977962474,0.977962474,0
VisualCogB_Task-1.mat,B,Task-1,27,R,1,-1,-35.9414555,8.38618497,36.563467,-8.9883938,-16.8377361,0.2890625,-53.4012032,0.41015625,-45.3566106,530.317558,-43.4317045,8.45188606,35.0143528,-10.8761765,-25.583437,0.2890625,-60.5977898,0.40625,-43.3925681,568.664948,-35.5361017,7.06021594,31.6197681,-8.8862414,-20.8757725,0.2890625,-52.4955406,0.41015625,-41.4635138,458.811127,7.8956028,3.47837107,14.771656,1.98993513,14.5738106,0.30859375,-0.197845459,0.33203125,1.92905423,302.817398,-8.78279597,31.0388908,98.6121902,-3.01815739,56.0200043,0.796875,-42.592186,0.69921875,232.875271,686.962209,-14.5575998,31.6185833,107.54039,-5.0053077,54.1151848,0.796875,-53.4252052,0.55078125,248.367713,678.421524,-6.70996262,32.0586251,101.535114,-2.29115616,58.4304771,0.796875,-43.1046371,0.69921875,238.82737,685.185825,7.84763722,6.01448026,25.0113983,2.71415154,16.9372292,0.56640625,-8.07416916,0.70703125,-9.54034251,328.499861,-10.0800388,0.202242101,-1.47655285,0.310681171,-2.16888268,0.25389471,0.042610319,0.144325755,-11.6414384,0.176178943,1.24547312,0.325968176,-1.8199537,0.172944449,-0.0569319148,0.225503782,-9.46770839,0.339864451,-2.30526176,0.26366966,-5.11460766,0.189221178,-0.14533454,0.133654565,2.17373005,0.163685508,-3.55073487,-0.0622985158,-3.29465396,0.0162767289,-0.0884026252,-0.0918492169,0.946576468,0.946576468,0,0.982057297,0.982057297,0,0.914848709,0.914848709,0,0.989436274,0.989436274,0,0.995806047,0.995806047,0,0.982252061,0.982252061,0,0.974092598,0.974092598,0,0.994389207,0.994389207,0,0.961028452,0.961028452,0
VisualCogB_Task-1.mat,B,Task-1,28,R,1,-1,28.727472,9.7529451,37.6612582,7.19026693,45.1153717,0.3515625,7.45411348,0.26171875,36.449551,560.462334,-21.0187746,13.70037,42.0761074,-5.25197448,-1.43291438,0.3515625,-43.5090218,0.4296875,-167.626243,428.085252,-96.9911281,20.0979935,62.7114563,-24.2398755,-69.9620056,0.29296875,-132.673462,0.4296875,-238.848523,603.506226,-75.9723534,7.78029423,28.5807571,-18.987901,-60.583683,0.33203125,-89.1644402,0.4296875,-71.2222802,387.567858,69.174352,35.2870996,116.853033,24.1367153,138.669922,0.75390625,21.8168888,0.6328125,188.308733,721.135248,-8.9685988,33.8691956,107.783279,-3.01213935,59.8540154,0.73828125,-47.9292641,0.6328125,132.303637,766.247882,-120.423395,33.2818952,111.627201,-41.7957795,-46.9926109,0.75,-158.619812,0.6328125,100.380249,770.749671,-111.454797,7.85762152,33.7751007,-38.7836401,-93.2038765,0.578125,-126.978977,0.8125,-31.9233883,311.972678,-0.579056866,0.47624094,2.79788018,0.212356345,-3.8728831,0.0901060868,-0.364257608,0.154090797,5.83322115,0.723415976,-0.546182068,0.102112107,-11.9459191,0.0108991918,-1.69479542,0.138577774,-3.92771302,0.760730992,5.11427703,0.0877814888,-4.36382257,0.0415745547,1.11291073,0.0877715277,-9.76093417,0.0373150156,5.6604591,-0.0143306178,7.58209649,0.0306753629,2.80770615,-0.0508062468,0.121089122,-0.332576542,-78.125,0.228995988,-0.451564523,-78.125,0.96440277,0.96440277,0,0.977432734,0.977432734,0,0.958413048,0.958413048,0,0.972766322,0.972766322,0,0.490795763,0.490795763,0,-0.229685836,-0.495640703,78.125,0.691327054,0.691327054,0
VisualCogB_Task-1.mat,B,Task-1,29,R,1,-1,-18.4800416,4.80713522,20.7903605,-4.63660537,-5.87092495,0.5,-26.6612854,0.48046875,-3.81512892,436.013302,-15.4170635,9.4191159,41.6644382,-3.90389624,11.0774269,0.5,-30.5870113,0.33984375,72.597657,342.846832,-24.0822276,7.98883671,29.1595888,-6.03496446,-10.6876822,0.31640625,-39.847271,0.48046875,-73.5649735,461.798286,-8.66516413,12.942208,46.5428219,-2.13106822,10.4867592,0.32421875,-36.0560627,0.484375,-146.162631,361.568207,26.0229856,29.1961564,107.663874,9.18328813,90.5441895,0.66796875,-17.1196842,0.55859375,-23.0960034,653.847525,34.1258248,28.791088,102.689901,12.0114081,94.8667984,0.671875,-7.82310295,0.5546875,-52.0356573,649.145305,21.792822,36.5109375,139.768204,7.73080421,107.725883,0.66796875,-32.0423203,0.5625,-29.6814871,844.408167,-12.3330027,12.132092,48.5090055,-4.28060384,15.3169708,0.66015625,-33.1920347,0.58203125,22.3541701,583.433045,9.99702894,0.715475661,5.60838525,0.12313319,0.801531936,0.0490224712,1.57661993,0.0628426484,12.0659734,0.666277219,12.0632194,0.177263193,-0.0115203639,0.0696263281,0.534142838,0.0497919018,11.7979434,0.720032867,8.14441711,0.139475105,6.84871324,0.0504282537,4.47956992,0.0383872359,-0.26803003,0.053755648,-3.91880226,-0.0377880882,6.8602336,-0.0191980744,3.94542709,-0.0114046658,0.460996729,0.460996729,0,0.700203295,0.700203295,0,-0.0994015476,-0.648808488,46.875,0.98302155,0.98302155,0,0.984364515,0.984364515,0,0.958336927,0.958336927,0,0.971451628,0.972316866,3.90625,0.969562173,0.969562173,0,0.909701974,0.909701974,0
VisualCogB_Task-1.mat,B,Task-1,30,L,0,-1,32.4451215,7.83967435,28.357275,8.13977023,49.6918068,0.28515625,21.3345318,0.4375,-21.2591702,578.439865,-61.7368391,6.13203791,24.8098373,-15.40191,-50.813797,0.37109375,-75.6236343,0.5,-26.3932575,508.893921,0.203195686,7.87360025,26.7403355,0.0709401908,15.7482042,0.28515625,-10.9921312,0.33203125,6.47037592,521.619161,61.9400348,6.37425148,25.3378183,15.4728502,75.1861502,0.49609375,49.8483319,0.41796875,32.8636334,323.488104,56.1840025,29.099856,112.79386,19.6819203,119.975021,0.66015625,7.1811614,0.8984375,-129.253211,873.772457,-33.6593385,26.7509698,94.9091911,-11.5855005,26.5647774,0.66015625,-68.3444138,0.58203125,-87.7386445,798.61654,24.6479177,33.7713167,126.910379,8.73093954,94.97332,0.66015625,-31.9370594,0.8984375,-185.618534,855.025055,58.3072562,11.2790117,47.3135309,20.31644,78.201026,0.62109375,30.887495,0.8984375,-97.8798897,338.426958,7.99836393,0.554583059,4.15465793,0.190027174,7.4377206,0.091005041,4.513813,0.0803922557,-2.4545188,0.608799659,3.79764698,0.184677378,4.49376764,0.0644807758,-0.207424083,0.0607920078,10.1349789,0.516246715,7.42471079,0.242639667,7.2113924,0.0894487285,5.65337517,0.0679631886,12.5894977,-0.0925529439,3.62706381,0.0579622895,2.71762476,0.0249679527,5.86079925,0.00717118076,0.742672365,0.742672365,0,0.929031708,0.929031708,0,0.610634879,-0.620901573,31.25,0.977920235,0.977920235,0,0.983588939,0.983588939,0,0.956868774,0.956868774,0,0.789939983,0.789939983,0,0.979981967,0.979981967,0,0.809908619,0.809908619,0
VisualCogB_Task-1.mat,B,Task-1,31,R,1,-1,12.5685265,6.80285438,25.7771277,3.14223965,21.1388035,0.40234375,-4.63832426,0.44921875,-27.7222418,351.47979,27.56082,9.64316959,36.7749414,6.89742834,40.4513435,0.37109375,3.67640209,0.4453125,-98.3612521,476.631252,5.09257889,7.64885341,27.4582224,1.28443132,15.7518187,0.33203125,-11.7064037,0.453125,-24.9155854,363.157268,-22.4682411,8.27369082,28.8360373,-5.61299702,-9.45960188,0.5,-38.2956392,0.27734375,73.4456667,464.506323,36.6909974,22.8386014,81.5601025,12.8111674,88.3937225,0.6640625,6.83362007,0.81640625,-88.2329518,846.172037,26.4663021,25.9285759,92.0563698,9.28499887,76.1645355,0.65625,-15.8918343,0.875,-166.123481,782.228738,17.2190584,27.5656226,99.04146,6.04268306,79.6268692,0.6640625,-19.4145908,0.87109375,-146.466603,814.444351,-9.24724365,8.51353988,36.6383691,-3.24231581,10.8830566,0.67578125,-25.7553124,0.73828125,19.656878,439.656511,4.65999289,0.658238738,1.93308505,0.0977044274,-2.08324777,0.051881812,-0.573466867,0.102705343,5.55335196,0.606789906,9.01419454,0.12995156,-0.837039044,0.0614796458,0.495489174,0.103638335,9.72192537,0.563918857,1.36875835,0.155143876,0.956302452,0.0811632379,-0.570576791,0.0958796537,4.16857341,-0.0428710496,-7.64543619,0.0251923157,1.7933415,0.019683592,-1.06606596,-0.00775868131,0.73270649,0.763530359,3.90625,0.94228252,0.94228252,0,0.562924551,0.703536108,-15.625,0.927827987,0.927827987,0,0.979005836,0.979005836,0,0.951170566,0.951170566,0,0.661013077,0.661280718,3.90625,0.893851298,0.893851298,0,0.79418544,0.79418544,0
VisualCogB_Task-1.mat,B,Task-1,32,L,0,-1,3.04518786,7.69445388,30.5398903,0.773461456,18.9171753,0.2734375,-11.622715,0.44140625,-27.1579028,549.274086,1.16534367,7.38560255,29.1536388,0.310542062,15.6298828,0.26953125,-13.523756,0.44140625,-65.181517,446.932638,1.01835906,7.17611867,27.1105022,0.273437714,17.5253563,0.27734375,-9.58514595,0.44140625,-41.9476763,459.396616,-0.146984607,6.56446493,21.6291911,-0.037104348,8.91881676,0.41796875,-12.7103744,0.3359375,23.2338407,365.858618,-5.30589537,9.77101754,42.4501915,-1.83656276,14.8539028,0.65625,-27.5962887,0.7109375,-25.9792656,532.226215,-32.2737252,11.8235217,47.5891476,-11.2259103,-12.3706799,0.55078125,-59.9598274,0.7109375,-50.6506657,552.308215,-13.0330247,16.3927987,65.1600876,-4.50510914,20.5307312,0.65625,-44.6293564,0.8671875,-124.576454,603.291672,19.2407006,15.1199097,46.9420872,6.72080116,43.7705975,0.6484375,-3.17148972,0.85546875,-73.9257882,430.437617,-2.87969823,0.0795740802,-2.10436632,0.0960004571,-0.291651347,0.586861967,1.86585355,0.173959069,4.38607501,0.583212699,-0.294596788,0.0766474802,-2.52733091,0.124874831,4.23884147,0.170597513,-7.06178116,0.0661087079,-1.34331277,0.110047849,0.741472208,0.559415505,0.991786795,0.172553474,-11.4478562,-0.517103991,-1.04871599,0.0334003692,3.26880312,0.434540674,-3.24705468,0.0019559614,0.695904071,0.753098121,3.90625,0.893092334,0.894249307,-3.90625,0.593883504,0.698423713,-7.8125,0.772864343,0.772864343,0,0.673628246,0.673628246,0,0.464109173,0.464109173,0,0.584116274,0.584116274,0,0.696226332,0.696226332,0,0.65138319,0.65138319,0
VisualCogB_Task-1.mat,B,Task-1,33,L,0,-1,1.95634722,8.03166517,25.9766159,0.494438686,14.3295898,0.28515625,-11.6470261,0.421875,-88.3750081,384.004908,2.94577846,6.33703631,24.9815245,0.759522135,12.9116106,0.359375,-12.0699139,0.48828125,-53.6713543,361.680608,2.51362292,10.4489674,36.4996052,0.639590463,22.8344936,0.28515625,-13.6651115,0.484375,-132.953304,308.596854,-0.432155539,7.31838392,24.9293342,-0.119931672,13.6416302,0.2734375,-11.287704,0.43359375,-79.28195,236.269105,33.145198,36.131089,121.826586,11.6427661,108.285965,0.6015625,-13.5406208,0.875,-282.296016,879.83481,26.5916023,37.3550997,122.055025,9.35887202,101.149704,0.6015625,-20.9053211,0.82421875,-300.554518,797.275335,31.2697387,41.1837129,139.667999,10.9818677,118.086075,0.6015625,-21.5819244,0.87109375,-333.560865,913.08109,4.67813635,5.97404313,21.6960516,1.62299569,17.4760437,0.58203125,-4.2200079,0.734375,-33.0063471,251.462974,13.9877325,0.583593844,18.1101935,0.226830268,2.14754076,0.0338254662,2.86885542,0.0474164787,15.5428433,0.554162096,19.0872399,0.262202333,4.19044067,0.0214018447,3.650641,0.0534926027,13.1572839,0.59231039,17.6676693,0.233570536,2.55886161,0.0290235297,3.20630355,0.0343400918,-2.38555942,0.0381482943,-1.4195706,-0.0286317965,-1.63157907,0.00762168499,-0.444337454,-0.0191525109,0.81211871,0.81211871,0,0.923829573,0.923829573,0,0.723246261,0.723246261,0,0.996903705,0.996903705,0,0.993722411,0.993722411,0,0.993164776,0.993164776,0,0.982753138,0.982753138,0,0.978253743,0.978253743,0,0.971264926,0.971264926,0
VisualCogB_Task-1.mat,B,Task-1,34,R,1,-1,-22.056911,10.0571447,35.9275327,-5.50067795,-4.70704603,0.3359375,-40.6345787,0.46875,-74.0410497,437.013958,4.61204582,9.22149419,30.6969032,1.17077376,22.1418438,0.35546875,-8.55505943,0.25390625,-55.2821856,521.176842,-6.05329723,10.2410179,37.1046467,-1.49519549,13.0820847,0.33203125,-24.022562,0.46875,-91.569859,416.309374,-10.665343,5.27813282,19.6810417,-2.66596925,-0.695383549,0.421875,-20.3764253,0.4765625,-36.2876734,451.285424,14.0086422,42.1020143,125.933044,4.92757615,92.6940079,0.81640625,-33.2390366,0.55859375,343.208486,615.867747,26.5933469,33.8799012,101.681027,9.30960447,96.6370544,0.796875,-5.04397249,0.6328125,230.038906,670.731824,24.7193595,39.9395047,124.374603,8.66840534,107.556503,0.8046875,-16.8181,0.55859375,297.253437,722.389228,-1.87398736,8.02756752,31.514492,-0.641199132,13.5039215,0.84375,-18.0105705,0.6015625,67.2145315,352.737857,9.49898083,0.330441684,2.23868134,0.174647958,1.25748698,0.219462042,0.527558867,0.201848594,-4.70069216,0.149770365,3.44840437,0.205111568,-0.222971207,0.157840585,3.38526705,0.432609369,4.90596659,0.401357127,5.87787605,0.198647821,-1.23803427,0.141032242,-1.09026295,0.183429909,9.60665876,0.251586762,2.42947168,-0.00646374716,-1.01506306,-0.0168083432,-4.47553,-0.249179461,0.898808878,0.908485641,3.90625,0.966250497,0.966250497,0,0.858005235,0.861759238,-3.90625,0.971996309,0.973765824,3.90625,0.989923281,0.989923281,0,0.989756081,0.989756081,0,0.964346138,0.969174902,3.90625,0.986265069,0.986265069,0,0.981733335,0.981733335,0
VisualCogB_Task-1.mat,B,Task-1,35,L,0,-1,25.537055,10.0164415,35.5390843,6.41201963,36.2010918,0.5,0.662007511,0.25,101.327816,457.499578,-38.4440891,14.6861313,46.3549633,-9.59312255,-18.032938,0.265625,-64.3879013,0.48046875,-188.953466,350.14817,-39.1259463,13.5820348,51.5143528,-9.76280839,-16.5867367,0.26953125,-68.1010895,0.48046875,-162.713576,513.314011,-0.681857153,3.9372771,17.9682388,-0.169685837,7.52958679,0.42578125,-10.438652,0.296875,26.2398895,276.366768,56.9717787,10.4280214,40.3535614,19.8126791,72.0609055,0.78125,31.7073441,0.59375,75.1467668,462.632165,-88.5353352,11.1589635,48.5575104,-30.8037799,-61.4743195,0.55078125,-110.03183,0.8828125,-93.6234177,475.724192,-72.3163624,6.71009392,25.7115593,-25.1394387,-59.6618843,0.640625,-85.3734436,0.75390625,-20.3906636,416.462013,16.2189727,9.28785424,35.8723297,5.6643412,27.5133209,0.79296875,-8.35900879,0.55859375,73.2327541,270.13233,-7.26654767,0.580771718,3.25162061,0.107937609,-1.58542951,0.0980601538,-0.138420803,0.156410378,-8.39261609,0.818171555,-3.40297784,0.0459988284,3.76366158,0.0468338839,-2.16299685,0.0514091207,-4.03979091,0.745573658,-0.108469935,0.0534598537,-4.2415266,0.0381150224,0.768318188,0.105795197,4.35282518,-0.0725978967,3.29450791,0.00746102534,-8.00518818,-0.00871886146,2.93131504,0.0543860761,-0.48812077,-0.649736982,-58.59375,-0.350509343,-0.598324867,-62.5,0.964196878,0.964196878,0,-0.368297376,-0.646229479,-31.25,0.394947036,-0.5317834,-58.59375,0.556130855,0.556130855,0,-0.928111479,-0.928111479,0,-0.875292321,-0.875292321,0,0.97914674,0.97914674,0
VisualCogB_Task-1.mat,B,Task-1,37,L,0,-1,-4.07569221,8.47997278,28.6258478,-1.00288483,8.64983845,0.33203125,-19.9760094,0.26171875,42.7665861,423.108504,-64.5097899,22.72896,72.0591087,-16.1163705,-31.3159294,0.25,-103.375038,0.5,-297.005571,516.125565,58.2062985,10.760195,41.2115974,14.5797258,78.9006805,0.328125,37.6890831,0.44921875,-86.8721122,485.853409,122.716088,16.0749924,54.4043121,30.6960963,145.396431,0.49609375,90.9921188,0.26171875,210.133459,283.723328,30.8421484,34.3052382,121.535696,10.8623011,111.641945,0.68359375,-9.89375114,0.6171875,-45.2290966,858.730355,-57.4154695,34.8921123,128.627624,-19.8644489,8.34841061,0.68359375,-120.279213,0.61328125,139.239597,787.321876,40.378426,37.2641648,139.74561,14.1649879,128.155014,0.68359375,-11.5905962,0.8984375,-148.952919,933.529653,97.7938955,29.8596745,112.590707,34.0294367,151.191589,0.578125,38.6008825,0.8984375,-288.192516,451.315015,1.94868086,0.617525721,3.72947532,0.15061569,-0.44896198,0.110940251,-0.351373034,0.0633097262,0.16063163,0.807710186,7.62576001,0.0830719832,5.24372358,0.03263052,-0.391808712,0.0260525641,-3.21095048,0.588990621,2.9371741,0.142081953,-0.887821391,0.144168369,0.797111114,0.0576884478,-3.37158211,-0.218719566,-4.68858591,0.0590099695,-6.13154497,0.111537849,1.18891983,0.0316358837,-0.124037452,-0.368532382,-66.40625,0.517603211,0.53801568,3.90625,0.764576673,0.764576673,0,0.840386238,0.840386238,0,0.951298324,0.951298324,0,0.659300029,0.659300029,0,0.0225034818,-0.477358691,78.125,0.530629905,0.534539054,3.90625,0.322080438,0.327647483,-3.90625
VisualCogB_Task-1.mat,B,Task-1,38,L,0,-1,-35.1876232,7.59565154,37.4237404,-8.75629222,-16.5406952,0.47265625,-53.9644356,0.25,52.6339158,477.916901,15.8631067,8.08512437,41.8544874,4.01236699,32.8301277,0.46875,-9.0243597,0.25,82.9967869,422.3671,-9.80458629,9.7133208,46.285574,-2.4120477,12.7351589,0.47265625,-33.550415,0.25,110.301972,396.511959,-25.667693,4.38868946,17.7552371,-6.42441469,-15.3617463,0.484375,-33.1169834,0.36328125,27.3051849,224.43195,-28.9896918,9.39317019,35.1270247,-10.0979305,-8.8850832,0.65625,-44.0121078,0.609375,39.2968631,603.213291,23.5149999,8.607869,34.0992479,8.12608151,43.2043915,0.89453125,9.10514355,0.75,24.8624714,553.749693,13.3258587,12.7661664,45.0733962,4.64684533,37.2959785,0.7265625,-7.77741766,0.6015625,64.9795659,710.825491,-10.1891411,12.7860707,49.4584789,-3.47923617,17.1671658,0.72265625,-32.2913132,0.890625,40.1170945,483.794555,-16.0939988,0.0488631506,-4.97943612,0.152517891,1.48249333,0.532378085,-0.961269393,0.192628107,-10.6824751,0.413574006,-10.2533623,0.0821652275,-3.03765357,0.231225651,-1.59623813,0.216494147,-6.68658958,0.25287266,-7.33434439,0.128758325,-0.0140140647,0.414112991,-3.05263962,0.143900089,3.99588549,-0.160701346,2.91901787,0.0465930975,3.0236395,0.182887341,-1.4564015,-0.0725940581,0.856783399,0.856783399,0,0.872518049,0.872518049,0,0.894251553,0.894251553,0,0.660803989,0.660803989,0,0.875528196,0.875528196,0,0.334821872,0.334821872,0,0.625251744,0.631588655,3.90625,0.700026116,0.704292555,3.90625,0.840142213,0.840142213,0
VisualCogB_Task-1.mat,B,Task-1,39,R,1,-1,1.86970822,13.7630939,58.7849598,0.487408225,36.1197929,0.3125,-22.6651669,0.484375,-146.242759,559.84198,44.696524,5.28061877,22.9283333,11.1952896,54.1807404,0.3125,31.2524071,0.25,19.227788,361.047684,24.7372152,8.70693538,37.3972678,6.19048231,44.088665,0.3125,6.69139719,0.25,51.4851403,551.991064,-19.9593089,5.98746586,22.695612,-5.00480725,-7.68782806,0.5,-30.38344,0.36328125,32.2573523,355.450727,-1.63516472,29.2693943,101.624798,-0.493151536,64.7178726,0.7109375,-36.9069252,0.8828125,-1.2251923,758.161483,104.897434,36.0004972,116.506245,36.5706163,166.698944,0.7109375,50.1926994,0.609375,182.463409,692.921952,83.8142087,36.0142453,123.72212,29.2114843,155.4599,0.71484375,31.7377796,0.5859375,171.909861,774.583414,-21.0832249,6.10159164,24.8776588,-7.35913201,-9.27053452,0.609375,-34.1481934,0.83984375,-10.553548,539.21886,12.1751785,0.475398402,1.63457791,0.18744615,-6.55654106,0.13493805,0.325523655,0.147314296,5.30605741,0.778624979,4.61501973,0.0876246367,-7.86232016,0.0256796076,0.956890556,0.0596098558,2.39876156,0.575832567,-0.228628181,0.139211731,-5.39205022,0.116673404,-1.17285633,0.111067658,-2.90729584,-0.202792412,-4.84364791,0.0515870945,2.47026994,0.0909937969,-2.12974689,0.0514578022,0.274810681,-0.513325605,58.59375,0.205346053,-0.494421488,35.15625,0.737808315,0.737808315,0,0.845501362,0.845501362,0,0.867812096,0.867812096,0,0.98564275,0.98564275,0,0.338269076,0.341301835,-3.90625,0.3735334,0.37372481,-3.90625,0.985787727,0.985787727,0
VisualCogB_Task-1.mat,B,Task-1,40,R,1,-1,-25.2835366,14.0883376,49.569768,-6.30273391,2.02083302,0.48046875,-47.5489349,0.265625,93.6900153,621.923218,1.13599543,10.9582286,38.6044064,0.2872237,15.2145367,0.48046875,-23.3898697,0.38671875,-22.9351745,582.214911,14.5491438,9.770838,32.7422845,3.66587285,32.967144,0.35546875,0.224859506,0.41796875,10.1762288,698.129989,13.4131484,6.24028965,21.5892647,3.37864915,24.7380691,0.390625,3.14880434,0.26953125,33.1114033,287.963793,8.56138108,11.3590734,60.2919044,3.0466571,22.2525291,0.859375,-38.0393753,0.55078125,68.5075802,593.502424,-6.45503186,7.09978028,32.1853037,-2.20891042,9.55159283,0.6953125,-22.6337109,0.55078125,-8.81609136,567.20995,16.6960984,10.051545,40.4475508,5.85357324,35.9827805,0.6015625,-4.46477032,0.55078125,-57.5896615,595.446016,23.1511302,7.80958171,28.6362603,8.06248366,37.1336057,0.60546875,8.49734545,0.765625,-48.7735701,402.892764,-8.38326,0.334143128,-0.969724542,0.231171577,-3.73976746,0.16786282,3.34512867,0.187773215,-11.140877,0.116180163,0.516647133,0.348439372,-3.38939614,0.156237055,-0.0400120872,0.295928114,-3.23254192,0.294201178,-4.31759512,0.127123751,-5.65813615,0.172826046,5.63130573,0.332437497,7.90833503,0.178021015,-4.83424225,-0.221315622,-2.26874001,0.0165889906,5.67131781,0.0365093827,0.734041909,0.740849439,3.90625,0.85279772,0.85279772,0,0.82473643,0.82473643,0,0.457008867,0.457008867,0,0.247766661,-0.628787497,-31.25,0.633731107,0.633731107,0,0.113138854,-0.38330024,-78.125,0.703646768,0.703646768,0,0.523312865,0.523312865,0
VisualCogB_Task-1.mat,B,Task-1,41,L,0,-1,10.2755407,8.58299217,36.4230089,2.57976658,24.9091644,0.27734375,-11.5138445,0.41015625,-81.0923844,465.012338,8.82878185,8.7736909,31.8191361,2.2012511,24.3630943,0.27734375,-7.45604181,0.4140625,-89.5926303,488.596352,1.32796848,7.52566342,35.4255342,0.333496211,13.4710855,0.33984375,-21.9544487,0.40625,-30.4229422,403.63843,-7.50081337,7.7587366,30.9678485,-1.86775489,9.27242923,0.45703125,-21.6954193,0.3984375,59.1696882,371.980325,35.6511821,32.3215484,109.303112,12.4698457,106.235016,0.7265625,-3.06809592,0.58203125,97.6934196,897.132505,30.5524586,33.3354057,124.407948,10.7099515,111.32991,0.7265625,-13.0780373,0.58203125,96.3817442,887.222617,39.8275332,34.7342563,112.549581,13.9369953,110.424393,0.72265625,-2.12518811,0.640625,114.556535,919.593756,9.27507452,8.28051298,34.9200995,3.22704385,27.3286743,0.78125,-7.59142518,0.640625,18.1747912,458.528508,8.55399676,0.583099915,-0.883913518,0.0820612225,0.788694432,0.139453596,0.82856665,0.13312676,1.01531132,0.572214049,-1.2981336,0.140027259,-1.40417446,0.116944174,-0.111264485,0.117093747,-1.94229826,0.523691081,-1.89868126,0.101502812,5.50983425,0.146401318,2.30646818,0.161009764,-2.95760957,-0.0485229673,-0.600547658,-0.0385244473,6.91400871,0.0294571436,2.41773266,0.0439160171,0.874169997,0.874169997,0,0.813198529,0.826441873,3.90625,0.555941729,0.594524475,3.90625,0.982523032,0.982523032,0,0.995901143,0.995901143,0,0.971236189,0.971236189,0,0.975341104,0.975341104,0,0.979367421,0.979367421,0,0.94288778,0.94288778,0
VisualCogB_Task-1.mat,B,Task-1,42,R,1,-1,65.4000581,9.97547061,39.9725037,16.3722888,80.6188812,0.4921875,40.6463776,0.25,88.613304,562.621063,-99.0614818,23.345802,68.7561569,-24.777815,-61.489357,0.265625,-130.245514,0.41796875,-302.296361,502.62796,-23.0041681,18.451538,57.073503,-5.72951066,4.12490988,0.26953125,-52.9485931,0.4765625,-234.256636,608.663211,76.0573137,8.03083547,29.0125966,19.0483043,88.0171204,0.44140625,59.0045238,0.25,68.0397249,270.791052,79.7264465,43.6011805,159.796232,27.8130598,175.82959,0.64453125,16.0333576,0.8984375,-303.438981,942.640466,-46.9559871,35.5912132,139.571606,-16.2561933,-1.89534342,0.64453125,-141.466949,0.578125,238.07078,825.603095,-8.07678345,28.4889206,129.490192,-2.7451073,57.6994057,0.6484375,-71.7907867,0.578125,35.4442266,779.23832,38.8792037,21.4258778,63.992836,13.511086,72.2867241,0.55078125,8.29388809,0.8984375,-202.626553,297.978274,16.8201907,0.645380431,9.80494059,0.131279545,1.62377791,0.0951158371,-0.0712489133,0.0656515973,12.802203,0.773013801,14.6655004,0.100590852,5.90337694,0.0333309002,4.092041,0.0282610162,21.2941774,0.673868897,11.8494107,0.128647346,-0.963805012,0.0685209614,-1.46244828,0.0467544197,8.49197438,-0.099144904,-2.8160897,0.0280564944,-6.86718196,0.0351900612,-5.55448928,0.0184934036,-0.423992408,-0.43336341,-15.625,-0.356851162,-0.464243794,-19.53125,0.952943706,0.952943706,0,0.0324693639,-0.683867132,74.21875,0.604613844,0.610321256,-3.90625,0.798499153,0.798499153,0,-0.220473567,-0.604483609,78.125,0.119543745,-0.436842782,78.125,0.831416058,0.832121161,-3.90625
VisualCogB_Task-1.mat,B,Task-1,43,R,1,-1,-14.6968651,8.77153325,37.3588745,-3.67619697,0.397959918,0.2578125,-36.9609146,0.484375,-82.7431833,440.691388,-37.6853267,7.20038986,25.1816463,-9.41344131,-29.120821,0.37890625,-54.3024673,0.484375,-6.38549781,444.312698,-16.6839832,6.40729858,24.1935487,-4.19576422,-4.86394644,0.25390625,-29.0574951,0.48046875,-31.7527124,441.973436,21.0013435,6.22823235,21.0667963,5.21767708,31.0131483,0.5,9.94635201,0.4375,-25.3672146,338.318148,8.76357301,37.6471176,141.14241,3.23779441,83.3418503,0.640625,-57.80056,0.8984375,-242.341327,823.345404,11.8219344,30.918997,115.608967,4.29495419,75.1043396,0.63671875,-40.5046272,0.55078125,-148.951664,736.262573,31.9155375,38.9464057,142.359138,11.3073151,108.687279,0.640625,-33.6718597,0.89453125,-225.442425,887.657115,20.0936031,9.95491497,39.7608318,7.01236093,35.239666,0.60546875,-4.52116585,0.890625,-76.4907608,348.616441,4.74780303,0.588803428,3.0660839,0.222478239,-2.1918132,0.0482931831,-1.09543373,0.0319968927,10.4258799,0.629514809,1.76647444,0.220705322,-4.96592805,0.0272492928,-1.64483122,0.027116609,16.0551446,0.659134952,6.36879111,0.175377845,0.85822298,0.0492592505,-0.822149712,0.0210074224,5.6292647,0.029620143,4.60231668,-0.0453274772,5.82415103,0.0220099578,0.822681508,-0.00610918669,0.668130473,0.668130473,0,0.847363695,0.847363695,0,0.58641113,0.58641113,0,0.972578275,0.972578275,0,0.991476716,0.991476716,0,0.985608077,0.985608077,0,0.888082574,0.888082574,0,0.926940904,0.926940904,0,0.968868333,0.968868333,0
VisualCogB_Task-1.mat,B,Task-1,44,R,1,-1,-4.91688395,9.67315587,40.1087322,-1.21938791,15.7063332,0.28515625,-24.4023991,0.4765625,-73.6092884,604.297861,10.611386,8.30724195,30.1010609,2.62718212,26.6021843,0.28515625,-3.49887657,0.4765625,-44.5663696,579.998779,6.56475716,10.2831619,43.6401844,1.64966291,26.7637787,0.28125,-16.8764057,0.4765625,-83.4084119,622.895636,-4.04662887,5.21011461,18.5324354,-0.977519216,3.67595005,0.40234375,-14.8564854,0.5,-38.8420423,282.876718,27.1751451,33.3514104,116.2874,9.60975529,100.591316,0.640625,-15.696084,0.55078125,-126.899258,853.579689,46.3185426,35.2402259,128.474264,16.2996154,116.595825,0.6328125,-11.8784389,0.8984375,-173.446032,833.8992,43.6178818,37.5571862,129.897468,15.3334453,127.012146,0.640625,-2.88532162,0.55078125,-136.280136,910.760326,-2.70066072,9.6419122,38.4701223,-0.966170089,17.1427317,0.890625,-21.3273907,0.59375,37.1658964,416.634984,19.4704053,0.57764398,14.1780562,0.163367891,6.27072155,0.0973199347,7.58454926,0.0725471529,16.6774828,0.59937776,5.20032689,0.180801646,3.21967519,0.0655886896,9.89996632,0.069552084,23.0070919,0.597948416,9.22297926,0.148968354,4.80099384,0.102863625,6.2215446,0.0601048572,6.32960909,-0.00142934434,4.02265236,-0.0318332927,1.58131865,0.0372749357,-3.67842172,-0.00944722685,0.918725319,0.918725319,0,0.981052968,0.981052968,0,0.863967737,0.863967737,0,0.973474387,0.973474387,0,0.997143893,0.997143893,0,0.966907217,0.966907217,0,0.975395316,0.975395316,0,0.984844936,0.984844936,0,0.966782966,0.966782966,0
VisualCogB_Task-1.mat,B,Task-1,45,R,1,-1,-8.24080188,6.2076989,24.561636,-2.06519503,6.09023666,0.26171875,-18.4713993,0.4453125,-65.7994686,322.585196,-15.978989,10.6521802,37.8714108,-3.98793696,5.38209581,0.26171875,-32.489315,0.44140625,-139.835109,297.082108,-28.0401461,7.51438781,26.7616472,-7.02929878,-12.4854231,0.2578125,-39.2470703,0.4453125,-62.2244132,437.957275,-12.0611571,7.94664768,28.0593128,-3.04136182,2.52575302,0.5,-25.5335598,0.33984375,77.6106953,380.062142,-4.85997661,7.54332685,27.7829208,-1.63462572,7.20551491,0.74609375,-20.5774059,0.89453125,21.066385,374.647265,-21.3261684,9.17052183,34.1988983,-7.38632227,-7.29877853,0.796875,-41.4976768,0.5703125,65.8765277,349.410036,-19.3985967,8.82485546,32.2412133,-6.69436084,-5.83946371,0.74609375,-38.080677,0.55078125,61.4529278,390.989507,1.92757174,4.96525726,17.6861148,0.691961437,10.7071395,0.86328125,-6.9789753,0.6328125,-4.42359992,328.483311,5.30781902,0.390754476,1.9738617,0.109536992,-1.6487929,0.164882433,0.111390777,0.26745621,10.9652323,0.663706039,6.8160662,0.0832942973,-5.46835104,0.045546351,1.70840982,0.146549585,8.91263276,0.546241705,1.68274225,0.0739266901,3.75109408,0.13627831,2.22887557,0.183698434,-2.05259959,-0.117464334,-5.13332396,-0.00936760719,9.21944512,0.0907319587,0.520465748,0.0371488484,0.865642603,0.865642603,0,0.907050917,0.920037734,3.90625,0.667039,0.674165291,3.90625,0.801453104,0.801453104,0,0.781377123,0.781377123,0,0.848419992,0.848419992,0,0.83438155,0.83438155,0,0.877234097,0.877234097,0,0.76144035,0.76144035,0
VisualCogB_Task-1.mat,B,Task-1,47,L,0,-1,-30.9602243,13.1130703,46.2081046,-7.70341942,-3.75406122,0.296875,-49.9621658,0.5,-118.215785,486.232204,22.19381,8.19356376,31.9118948,5.5791732,38.5053825,0.30859375,6.59348774,0.265625,-32.3299091,365.135868,181.276368,12.6501669,53.1477814,45.3815538,200.410553,0.31640625,147.262772,0.26171875,33.3284267,474.165039,159.082558,7.8008869,29.6183701,39.8023806,169.710974,0.4375,140.092604,0.25,65.6583358,279.994816,3.04926697,34.1932181,117.060589,1.18363913,71.1473541,0.703125,-45.9132347,0.59375,50.5001125,822.537279,52.5690191,35.9478907,109.855109,18.4174244,120.608292,0.68359375,10.7531824,0.8984375,-19.7246061,761.740062,187.980231,42.0140343,148.355843,65.4930059,273.148376,0.69921875,124.792534,0.8984375,-183.918575,917.654824,135.411212,17.4902695,57.5414124,47.0755814,164.659231,0.5703125,107.117819,0.859375,-164.193969,390.813951,12.7983945,0.617356717,6.69587363,0.108105271,5.48500542,0.161569903,7.29696332,0.0584372417,13.0759313,0.613212917,6.21056894,0.141632002,4.06854322,0.124413704,5.92058594,0.0556339452,0.353759068,0.764435359,2.70765056,0.0656842724,3.09784823,0.0786010229,3.77550692,0.0278708272,-12.7221723,0.151222442,-3.50291838,-0.0759477293,-0.970694989,-0.0458126814,-2.14507902,-0.027763118,0.857765046,0.857765046,0,0.589180673,-0.60754933,46.875,0.802254971,0.806094934,-3.90625,0.972218646,0.972218646,0,0.814847287,0.816048116,3.90625,0.910908894,0.910908894,0,0.878784303,0.884284128,3.90625,0.406255792,0.422133386,7.8125,0.765233524,0.766266906,3.90625
VisualCogB_Task-1.mat,B,Task-1,48,R,1,-1,34.3951693,16.8263044,57.8107195,8.63519577,64.9082947,0.33203125,7.09757519,0.484375,-187.398225,520.921551,-35.327773,11.0713619,41.0702057,-8.81330231,-13.9928627,0.3359375,-55.0630684,0.4375,-103.196952,525.376633,-126.204381,10.0723862,40.7117233,-31.5832668,-101.824059,0.5,-142.535782,0.39453125,90.5063996,536.28006,-90.8766077,16.2512147,60.9761543,-22.7699645,-53.4721413,0.5,-114.448296,0.30859375,193.703351,401.470825,60.0074738,48.8642027,173.94899,21.0228277,177.357361,0.6484375,3.40837121,0.87109375,-262.061152,1039.2579,16.2508092,42.8129967,150.104076,5.8249842,116.938805,0.65234375,-33.1652718,0.55078125,-191.32243,987.423414,62.7519013,48.3662651,212.095943,22.0458796,161.82486,0.65234375,-50.2710838,0.55078125,78.3933237,1005.76688,46.501092,29.6114561,101.215008,16.2208954,82.2039413,0.8984375,-19.0110664,0.55859375,269.715754,493.505832,16.0389374,0.715922086,11.4159707,0.119920743,6.60272316,0.0545957133,-2.68656923,0.0250760779,12.9690232,0.746435048,10.6748246,0.126433884,4.46435233,0.0260172363,-2.47988027,0.0247031721,8.35458141,0.86868769,9.5214611,0.0504813408,9.11343503,0.0179547568,-2.49315627,0.00958346459,-4.61444178,0.122252642,-1.15336347,-0.0759525432,4.6490827,-0.0080624795,-0.0132760031,-0.0151197075,0.942812709,0.942812709,0,-0.384336579,-0.526171817,-54.6875,-0.179679636,-0.662947856,-58.59375,0.991158486,0.991158486,0,0.73151557,0.73151557,0,0.795721833,0.795721833,0,0.889875447,0.889875447,0,0.548787791,0.557084977,-7.8125,0.767557698,0.7678133,-3.90625
VisualCogB_Task-1.mat,B,Task-1,49,R,1,-1,-8.7789907,4.81829547,22.0360255,-2.19577521,4.40981436,0.4140625,-17.6262112,0.4375,-15.5327446,438.583975,-15.1055087,13.0718693,42.4864626,-3.79394742,9.71494007,0.41015625,-32.7715225,0.28515625,133.173985,553.506583,-2.39487204,12.3224527,36.9050999,-0.601421935,15.5118027,0.265625,-21.3932972,0.46875,-148.083389,482.944521,12.7106367,22.9831771,57.2729306,3.19252548,39.0848064,0.3203125,-18.1881242,0.4609375,-281.257374,414.746182,-9.78937381,6.3622402,23.9269807,-3.4051957,3.46010375,0.80078125,-20.466877,0.55078125,40.939542,322.041318,-12.5954621,4.38528375,16.6360667,-4.38103284,-3.68876052,0.87890625,-20.3248272,0.62890625,14.542785,293.546278,-9.10624938,5.94008485,28.0348108,-3.15426393,2.18366408,0.87890625,-25.8511467,0.55078125,43.1346015,283.778783,3.4892127,5.44581071,28.2415787,1.22676892,14.0970894,0.8984375,-14.1444893,0.55078125,28.5918165,264.783622,-5.02983413,0.160949987,0.381379325,0.174372379,0.871335061,0.247861232,-1.27537145,0.32594961,-2.47258621,0.263394799,4.43510527,0.228469957,8.23588837,0.161995561,-0.246039318,0.246822175,7.13117402,0.596887986,4.60954506,0.0816261974,-0.515204766,0.0781119818,-1.20771891,0.167075232,9.60376023,0.333493187,0.174439793,-0.14684376,-8.75109314,-0.0838835796,-0.961679594,-0.0797469428,0.259465089,-0.387564687,-23.4375,0.539010314,0.539010314,0,-0.637922229,-0.884769784,19.53125,0.793256637,0.793256637,0,0.808114307,0.808114307,0,0.477148986,0.477148986,0,0.340014491,-0.383685507,54.6875,0.623346356,0.623346356,0,-0.439364084,-0.657893925,-50.78125
VisualCogB_Task-1.mat,B,Task-1,51,R,1,-1,-15.0395552,7.62670569,32.6608692,-3.77490096,0.0335575044,0.25,-32.6273117,0.46484375,-62.8139482,561.3679,-5.0454353,4.7189123,16.9204769,-1.28185254,5.41922665,0.2890625,-11.5012503,0.40234375,0.799174489,380.021823,-14.9113031,5.91847448,24.3330979,-3.75321605,-3.32388067,0.4296875,-27.6569786,0.26953125,25.4890804,538.506811,-9.86586779,4.05819314,16.2494941,-2.47136351,-3.08751059,0.33984375,-19.3370047,0.26953125,24.6899059,248.001966,-27.9115536,10.4468101,57.5621691,-9.74726082,9.02702045,0.8984375,-48.5351486,0.6015625,72.6387627,576.121843,14.8230793,12.7331421,69.3042622,5.11470625,57.0376015,0.8984375,-12.2666607,0.6015625,105.09005,624.037702,0.0321723862,14.509964,68.4881611,-0.0270294611,42.2318611,0.8984375,-26.2563,0.59765625,126.67975,562.6076,-14.7909069,6.42644268,24.4074373,-5.14173571,-1.91842651,0.83203125,-26.3258638,0.640625,21.5897004,436.187829,13.173658,0.665385592,1.54398365,0.0729544043,-1.57316362,0.0749199511,-0.127915239,0.12405045,2.97934947,0.702090183,6.39831527,0.120163429,-6.45455988,0.0217949983,-1.05125542,0.0997132081,6.86799438,0.599507702,-0.263310119,0.100179405,-1.54550137,0.110295198,-1.13087195,0.1244406,3.88864491,-0.102582481,-6.66162539,-0.0199840237,4.90905851,0.0885001997,-0.0796165301,0.0247273924,0.507265193,0.507265193,0,0.498874124,-0.543492953,-23.4375,0.730922872,0.730922872,0,0.894239209,0.894239209,0,0.907970682,0.907970682,0,0.896777985,0.896777985,0,0.704696816,0.704696816,0,0.807708262,0.807708262,0,0.946348076,0.946348076,0
VisualCogB_Task-1.mat,B,Task-1,52,L,0,-1,9.63088591,10.9338669,39.3293171,2.43434738,29.7990971,0.48046875,-9.53022003,0.265625,96.6875185,477.196265,-20.8281915,7.20771672,27.9670286,-5.148087,-8.24864674,0.375,-36.2156754,0.5,29.2926821,471.157188,-9.89204023,10.9498792,35.361413,-2.45862631,10.8742514,0.3671875,-24.4871616,0.3046875,72.2088795,527.934631,10.9361512,7.95454719,31.1802025,2.68946069,28.698576,0.49609375,-2.48162651,0.30078125,42.9161974,407.050041,43.145625,36.1857971,134.267745,15.156705,133.783081,0.75,-0.484664023,0.8984375,117.405653,857.100007,14.0087031,38.7128172,125.291538,4.98117116,98.7026215,0.75,-26.5889168,0.63671875,193.699766,746.915555,25.3693679,37.9191754,132.777009,8.96298942,119.927658,0.75,-12.8493509,0.55078125,151.277116,889.363745,11.3606648,6.57959441,25.5745392,3.98181826,21.2250366,0.75,-4.34950256,0.828125,-42.42265,360.230825,5.11419622,0.302486042,5.78641754,0.177919199,7.61433924,0.335947781,0.433071834,0.0698635077,-3.96717276,0.376233101,-2.36790301,0.179128883,-0.0440044123,0.20346862,1.84445215,0.152326916,9.50025305,0.33907635,5.73900209,0.149861068,4.4285618,0.342738125,2.98824746,0.0600715462,13.4674258,-0.0371567506,8.10690509,-0.0292678149,4.47256622,0.139269505,1.1437953,-0.0922553701,0.791338947,0.809120053,3.90625,0.924171537,0.924171537,0,0.687856207,0.694500992,-3.90625,0.97158596,0.97158596,0,0.99395828,0.99395828,0,0.985469205,0.985469205,0,0.961587283,0.961587283,0,0.967743022,0.967743022,0,0.963904955,0.963904955,0
VisualCogB_Task-1.mat,B,Task-1,53,R,1,-1,-2.5126578,11.4154444,47.812212,-0.589034061,22.121294,0.3203125,-25.690918,0.2578125,-14.7989423,663.805245,-8.60961664,10.1556895,42.8739204,-2.15852615,10.1960564,0.32421875,-32.6778641,0.44921875,-67.1189897,615.522623,1.25956195,11.0727777,49.7934456,0.362721924,21.6889725,0.32421875,-28.1044731,0.26171875,39.5045233,575.655206,9.86917859,9.99795965,40.0619388,2.52124808,26.3260512,0.4453125,-13.7358875,0.25,106.623513,301.711309,5.60932505,6.74774984,25.7607074,1.95781009,17.7774239,0.76953125,-7.98328352,0.5546875,53.0378312,256.315432,3.64590442,6.73768841,26.5895615,1.27253227,14.302146,0.875,-12.2874155,0.5625,50.217218,265.771003,4.71900214,5.83471707,22.1071763,1.63991442,14.596714,0.765625,-7.51046228,0.66796875,40.4374158,261.042647,1.07309772,4.91100763,18.897163,0.367382155,11.0299879,0.56640625,-7.8671751,0.87109375,-9.77980219,331.957331,14.2255906,0.133819384,9.38200015,0.309053073,5.73104058,0.345492197,-0.261666211,0.129364211,10.3480168,0.306669348,1.44850668,0.236060305,3.75587933,0.198899536,2.27956494,0.190611303,3.29094105,0.200418822,7.76036567,0.314682766,3.02923407,0.291864409,-2.28900058,0.105298539,-7.05707571,-0.106250526,6.31185899,0.0786224611,-0.726645264,0.0929648734,-4.56856552,-0.0853127634,0.806826266,0.806826266,0,0.901459187,0.901459187,0,0.559285659,0.559285659,0,0.883058985,0.883058985,0,0.919949492,0.919949492,0,0.703623079,0.703623079,0,0.807008756,0.807008756,0,0.913539954,0.913539954,0,0.555926611,0.555926611,0
VisualCogB_Task-1.mat,B,Task-1,55,R,1,-1,25.0659118,14.4624301,55.0735641,6.27491616,50.499485,0.2578125,-4.57407904,0.4921875,-176.065376,497.602626,15.8852535,26.064602,82.2240906,3.98619585,54.1920776,0.46875,-28.0320129,0.25,344.87741,482.109528,-11.1056119,4.80030938,22.0784814,-2.77767604,0.326312751,0.46484375,-21.7521687,0.296875,7.08680553,392.776052,-26.9908654,25.1393566,84.3483276,-6.76387189,19.0734921,0.25,-65.2748356,0.49609375,-337.790605,360.238941,22.3834766,32.5426864,122.812675,7.89823934,97.5230942,0.7109375,-25.2895813,0.89453125,-82.1706798,798.955436,123.143061,29.6927527,102.356789,42.9316973,184.480118,0.70703125,82.1233292,0.55078125,86.1831604,709.254696,67.3396548,47.4079943,165.825119,23.6134088,171.039413,0.70703125,5.21429396,0.55078125,35.6443849,974.048385,-55.8034066,21.3720141,67.7640038,-19.3182885,-13.4407043,0.70703125,-81.2047081,0.88671875,-50.5387755,433.799362,6.12982015,0.725611,1.89129834,0.0360068965,5.95287005,0.102784434,-1.57756129,0.0812205615,4.27377116,0.888887474,3.88272917,0.0248550106,4.06285409,0.0145807219,1.55645637,0.026846282,15.6482487,0.869857343,2.01243653,0.0302297078,0.49296095,0.0336901781,-3.10365104,0.0310905322,11.3744776,-0.0190301312,-1.87029264,0.0053746972,-3.56989314,0.0191094562,-4.66010741,0.00424425018,-0.765580894,-0.765580894,0,0.321473189,-0.417760491,-31.25,0.281410786,0.283175102,3.90625,0.838526798,0.838526798,0,0.928163379,0.928163379,0,0.94923071,0.95092886,3.90625,0.0986271554,-0.178547576,78.125,0.492840964,0.492840964,0,0.851504369,0.851504369,0
VisualCogB_Task-1.mat,B,Task-1,56,L,0,-1,-4.94228676,10.8319197,37.086339,-1.20710044,11.1479559,0.31640625,-25.9383831,0.45703125,-88.5863345,398.075526,7.69173686,5.92567469,19.4544833,1.94231229,17.695322,0.34375,-1.75916123,0.484375,-37.0699586,265.32777,1.59294325,9.26532206,33.9421997,0.40657803,12.5733261,0.29296875,-21.3688736,0.453125,-64.5220328,386.991574,-6.09879361,6.84526374,28.245707,-1.53573426,5.3940649,0.4140625,-22.8516421,0.453125,-27.4520742,383.129621,12.6298006,32.1018573,96.9670982,4.50246886,76.9128265,0.6640625,-20.0542717,0.8359375,-85.5942517,700.386713,35.9598744,23.7214074,81.9386479,12.5977892,80.3741302,0.6640625,-1.56451762,0.5703125,26.7228518,580.064325,49.4365288,41.8514866,143.796041,17.3138698,138.121216,0.6640625,-5.67482519,0.578125,-53.2908259,908.936794,13.4766544,22.2051795,71.6952667,4.71608059,59.3248291,0.65625,-12.3704376,0.80078125,-80.0136777,516.341248,19.3243275,0.66865633,8.53793856,0.116396637,-4.71294769,0.0936840628,-1.54748975,0.0319064473,12.1726334,0.699089141,5.94957281,0.115219571,-8.75496921,0.0290207908,1.46188003,0.0845947211,15.1749579,0.715282515,8.92500268,0.123804812,-0.102918421,0.0624068308,-2.2463159,0.0186223452,3.00232445,0.0161933743,2.97542987,0.00858524125,8.65205079,0.03338604,-3.70819593,-0.0659723759,0.79354282,0.805906686,-3.90625,0.954630441,0.958425468,3.90625,0.674842849,0.705830243,7.8125,0.908715436,0.908715436,0,0.973242199,0.973242199,0,0.917216876,0.924755174,3.90625,0.875686387,0.880706763,-3.90625,0.925476894,0.928904394,3.90625,0.94378568,0.954607442,7.8125
VisualCogB_Task-1.mat,B,Task-1,57,R,1,-1,-17.3615307,9.40621517,29.8241839,-4.29283818,-5.42501116,0.33203125,-35.2491951,0.2578125,36.219961,406.992233,-3.3645578,9.1711546,37.7638369,-0.790329378,8.4829855,0.32421875,-29.2808514,0.5,-82.9437794,380.973377,8.67993235,9.92962557,36.4251347,2.23943804,24.1703529,0.3359375,-12.2547817,0.5,-18.8694044,451.316759,12.0444901,7.02257574,29.2832575,3.02976742,25.9954462,0.4375,-3.28781128,0.25390625,64.074375,331.165358,52.849341,37.9107061,140.481552,18.504423,123.551567,0.6875,-16.929985,0.55859375,201.855618,795.068115,-16.9649282,34.450907,136.843517,-5.74466796,62.6642342,0.6875,-74.1792831,0.8984375,-122.935697,754.042157,-6.47967481,45.7380101,185.350258,-2.07722302,97.2065201,0.6875,-88.1437378,0.89453125,-225.250075,1005.2249,10.4852533,14.0888751,57.6311569,3.66744494,37.8758545,0.6953125,-19.7553024,0.8828125,-102.314379,418.920098,11.0138889,0.693599259,7.20241459,0.100672551,-0.893495548,0.0956879844,0.715069492,0.0362386877,14.2748357,0.714277164,8.15578709,0.124455803,-2.9010073,0.0171071659,2.99614698,0.0542426712,4.83165742,0.514602781,7.84448169,0.153530591,-0.447429658,0.155953485,2.11206629,0.0725166878,-9.44317829,-0.199674383,-0.311305405,0.0290747879,2.45357764,0.138846319,-0.884080686,0.0182740166,0.413962444,-0.502882156,-46.875,0.891482145,0.891482145,0,0.732385185,0.732385185,0,0.571143469,-0.601924073,-78.125,0.454383506,-0.605640258,-78.125,0.977439554,0.977439554,0,0.00190130303,-0.332750792,-78.125,0.110863046,-0.423292789,-78.125,0.857683522,0.857683522,0
VisualCogB_Task-1.mat,B,Task-1,58,R,1,-1,149.60756,15.4753044,77.2211151,37.3416833,192.33934,0.25,115.118225,0.3125,-26.6759377,869.220703,65.4336457,23.6214208,100.370995,16.3032937,129.729279,0.25,29.358284,0.5,-232.361997,890.406281,1.28554468,33.1304927,155.548298,0.269279914,92.3988953,0.25,-63.1494026,0.5,-390.826969,995.951923,-64.1481011,15.4429346,57.8886299,-16.0340138,-37.3303833,0.25,-95.2190132,0.4921875,-158.464973,628.930115,103.629097,8.50613834,45.0203629,35.9568728,131.129944,0.55078125,86.109581,0.70703125,10.9606008,512.401817,-48.2539932,19.9709142,91.7347498,-16.8769058,10.7923136,0.55078125,-80.9424362,0.81640625,-158.100884,707.336588,-119.305015,15.080805,71.1362076,-41.6108959,-73.8774948,0.55078125,-145.013702,0.703125,57.8698513,584.8398,-71.0510222,23.9557867,77.3001289,-24.7339901,-32.2688675,0.88671875,-109.568996,0.6484375,215.970735,555.658957,1.26800591,0.536279293,3.06713577,0.226187472,0.538037837,0.0394547272,0.325159661,0.0928781903,14.2935339,0.745816855,7.88968139,0.105138935,1.76858193,0.0180458518,-5.53048662,0.0496700678,13.8881705,0.8028075,6.30217707,0.0801293213,0.721330906,0.0194355814,-0.142690141,0.0241285951,-0.405363437,0.0569906451,-1.58750432,-0.0250096135,-1.04725102,0.00138972961,5.38779648,-0.0255414727,0.71672505,0.71672505,0,0.580502937,0.580502937,0,0.90540263,0.90540263,0,0.40736165,0.40736165,0,0.685467075,0.685467075,0,0.0869726067,-0.643371173,-70.3125,0.833280386,0.836142426,3.90625,0.752149779,0.834515532,50.78125,0.95855506,0.961966095,7.8125
VisualCogB_Task-1.mat,B,Task-1,59,R,1,-1,-17.912659,8.1098589,32.9302741,-4.45322802,-1.7426995,0.27734375,-34.6729736,0.5,-79.425717,468.675204,-9.64667358,6.52445053,26.1303763,-2.40260071,2.1073432,0.359375,-24.0230331,0.3828125,44.3650179,483.075487,-27.3241811,6.58204106,27.9365873,-6.82330221,-12.9095736,0.27734375,-40.8461609,0.46875,-33.5223207,508.038895,-17.6775076,8.03347315,30.4124575,-4.42070149,-3.66671467,0.28125,-34.0791721,0.46484375,-77.8873386,328.010408,-42.2052507,11.9918565,43.7946234,-14.6984016,-14.39013,0.6171875,-58.1847534,0.859375,-104.081731,400.238089,-5.8372798,12.0434708,36.8431911,-2.04972115,13.3768806,0.5546875,-23.4663105,0.88671875,-100.780845,344.487336,-18.4809317,8.39096211,28.9879429,-6.43512686,-2.55567241,0.8984375,-31.5436153,0.66015625,41.1375406,430.479385,-12.6436519,18.2976744,55.203721,-4.38540571,12.8569565,0.84765625,-42.3467646,0.55078125,141.918385,527.56153,-7.83429403,0.11208831,-1.92727749,0.195279566,-2.51378477,0.316047345,-0.423315738,0.32469415,-5.92575989,0.309613528,-3.76156971,0.0825790241,-0.452011662,0.250885566,-0.850202813,0.297762925,-7.32525838,0.162861866,0.576095542,0.143965697,-1.08874134,0.334016833,-0.885554326,0.288779806,-1.39949848,-0.146751662,4.33766525,0.0613866732,-0.636729678,0.0831312676,-0.0353515133,-0.00898311904,0.103404301,-0.577950084,-31.25,0.79397331,0.79397331,0,0.248636925,-0.598482592,27.34375,0.821998051,0.821998051,0,-0.144086168,-0.523979,-78.125,-0.590519564,-0.605264287,11.71875,0.355711351,0.355711351,0,0.103521907,-0.322450101,-78.125,-0.00340497111,-0.324482664,23.4375
VisualCogB_Task-1.mat,B,Task-1,60,R,1,-1,11.8825237,6.70753867,30.0193944,2.97063824,23.1100693,0.37890625,-6.90932512,0.44921875,-30.0410025,587.406159,13.9628528,9.18874677,28.9129904,3.50433775,29.1726341,0.46875,0.259643734,0.25,82.3808941,580.401399,14.0535793,6.69999322,28.2893431,3.52664869,25.5029602,0.37890625,-2.78638291,0.44921875,-30.101221,550.685568,0.0907264379,8.66212308,30.4754035,0.0223109362,15.4651096,0.296875,-15.010294,0.5,-112.482115,244.538377,-1.48317539,7.79892798,27.5503273,-0.500914345,12.9150476,0.82421875,-14.6352797,0.66015625,3.41604154,448.54365,-1.45703079,7.10863219,38.832799,-0.55683796,23.0825996,0.55078125,-15.7501993,0.66015625,-11.5430369,347.044298,7.49108836,8.1619494,31.8404822,2.63643069,25.3846302,0.82421875,-6.45585203,0.578125,33.5362454,428.402849,8.94811916,9.63237778,45.0087104,3.19326865,21.3978267,0.8359375,-23.6108837,0.5546875,45.0792823,401.427849,-2.16714478,0.2178883,-8.39845368,0.178186107,-5.13484287,0.287279547,-2.20028014,0.227508723,-1.29411878,0.546680963,-4.18783015,0.116438282,-7.17901212,0.0521390851,3.11971756,0.198356754,-2.62799318,0.331795601,-6.46371886,0.138308732,-7.56921206,0.207853944,-3.18523734,0.239416283,-1.33387441,-0.214885362,-2.27588872,0.0218704498,-0.390199942,0.155714859,-6.3049549,0.0410595298,0.468027787,0.468027787,0,0.933732445,0.933732445,0,0.440924265,-0.539321397,-70.3125,0.477973253,0.477973253,0,0.85893766,0.85893766,0,0.209990032,-0.22736107,-78.125,0.586842494,0.586842494,0,0.830204889,0.830204889,0,0.216446651,-0.284977646,-66.40625
VisualCogB_Task-1.mat,B,Task-1,61,L,0,-1,-18.9479552,9.56325588,34.2594004,-4.6913612,-4.77893353,0.3203125,-39.0383339,0.27734375,-3.89823111,527.736034,26.3594342,11.3340121,37.9693391,6.62937201,38.8135796,0.36328125,0.844240427,0.27734375,126.044224,387.530201,-17.7876479,10.7926539,40.6293871,-4.39827335,-2.26391578,0.43359375,-42.8933029,0.2734375,30.010733,567.583525,-44.147082,10.2393142,37.0570769,-11.0276454,-30.6143022,0.328125,-67.6713791,0.484375,-96.0334906,444.543049,-14.4387921,29.5743352,102.872242,-4.91105558,50.4534035,0.625,-52.4188385,0.890625,-179.366145,702.522757,61.7048904,28.128564,104.342009,21.5961163,127.918129,0.62890625,23.5761204,0.55859375,-137.49975,776.276367,15.8987066,25.2179532,96.3686314,5.62444707,74.730896,0.625,-21.6377354,0.5625,-104.480732,689.242397,-45.8061838,6.62629451,30.9192001,-15.9716693,-25.149448,0.8984375,-56.0686481,0.73828125,33.0190189,428.370269,7.8617719,0.395414209,8.65902699,0.332250872,6.26184786,0.120817514,-2.91641652,0.0447114537,12.4289418,0.485217989,15.2976997,0.322312881,2.00808852,0.0627861716,-4.66471538,0.0273757132,0.790854685,0.447880875,9.56358037,0.32146711,8.1940959,0.0923739408,-1.93464849,0.0409159063,-11.6380872,-0.037337114,-5.73411934,-0.000845770503,6.18600738,0.0295877692,2.73006689,0.0135401931,0.439509646,0.458914865,-3.90625,0.945675853,0.945675853,0,0.572649577,0.579797965,3.90625,0.976495976,0.976495976,0,0.968556395,0.968556395,0,0.975021934,0.975021934,0,0.496267834,0.496267834,0,0.71145218,0.71145218,0,0.891718569,0.891718569,0
VisualCogB_Task-1.mat,B,Task-1,62,L,0,-1,10.8702404,9.52934415,32.0247097,2.71596327,27.3105869,0.31640625,-4.71412277,0.46484375,-113.541629,360.037764,-14.151995,23.2309265,84.1664505,-3.55235409,32.2309227,0.4921875,-51.9355278,0.25,312.352828,399.686752,108.604087,42.5737262,141.16642,27.1399616,182.018692,0.5,40.852272,0.25,578.223404,586.950287,122.756082,19.8497457,60.8181458,30.6923157,151.037216,0.5,90.2190704,0.27734375,265.870575,268.075145,-24.2585261,9.69638422,43.2433069,-8.41052233,-3.51210618,0.59765625,-46.7554131,0.89453125,-67.8503617,454.951352,64.8600263,8.23817837,36.6453743,22.6286225,77.9034958,0.82421875,41.2581215,0.55078125,29.9731326,453.616343,220.610922,14.8813223,54.4562988,76.803216,244.243088,0.75,189.786789,0.890625,4.10579454,547.748727,155.750896,11.6352061,46.5962677,54.1745934,174.52803,0.71875,127.931763,0.87890625,-25.8673381,431.152969,1.22647015,0.559250116,-0.574583249,0.0706771109,-1.55119384,0.186744794,-0.300826357,0.126155323,5.09960956,0.892905256,5.78536662,0.0270068878,1.83568233,0.0155291247,-2.16188642,0.0115173686,2.87449169,0.91712976,3.08746661,0.0181039365,1.33801273,0.0135335113,-0.318987275,0.00622150855,-2.22511787,0.0242245034,-2.6979,-0.0089029513,-0.497669608,-0.0019956134,1.84289915,-0.00529586009,-0.798164553,-0.798164553,0,-0.831068409,-0.831068409,0,0.989955532,0.989955532,0,0.220759571,-0.591333204,35.15625,0.266200683,-0.447110921,42.96875,0.627853216,0.627853216,0,-0.890440246,-0.905702601,19.53125,-0.847949167,-0.875748936,35.15625,0.943570776,0.951363718,23.4375
VisualCogB_Task-1.mat,B,Task-1,63,R,1,-1,-2.54864357,9.48150903,40.084589,-0.648800094,19.3162537,0.25,-20.7683353,0.39453125,-109.124933,348.059771,6.49675822,4.79320239,18.5023913,1.60901205,13.5606346,0.4609375,-4.94175673,0.390625,15.3954888,333.958237,6.64173535,5.0434441,26.6718011,1.64227793,19.4030533,0.25,-7.26874781,0.39453125,-25.1348825,306.027422,0.144977134,4.97822199,16.7876452,0.0332658825,8.89440286,0.265625,-7.89324236,0.47265625,-40.5303713,235.922526,-9.52094592,37.7788512,107.453312,-3.30576067,56.6478882,0.578125,-50.8054237,0.8671875,-333.601942,550.170531,28.5769787,34.6384734,96.9829803,9.94964774,90.9864578,0.60546875,-5.99652243,0.80859375,-298.184402,552.914197,31.608518,34.3740066,99.6896014,11.0010116,92.708252,0.578125,-6.98134947,0.8671875,-292.416192,593.173333,3.03153929,6.98276625,29.0698929,1.05136386,20.5233555,0.8125,-8.5465374,0.70703125,5.76821042,433.867963,-1.85268053,0.352663432,12.2734501,0.353368367,1.76135504,0.111884336,1.12462524,0.0645350361,15.39619,0.48228802,19.8992156,0.271647641,8.7671222,0.0832434928,2.07024111,0.0578215186,9.25871284,0.477727825,18.9122515,0.29114447,3.19562002,0.076235199,-0.0456056165,0.0491424285,-6.13747715,-0.00456019474,-0.986964134,0.0194968282,-5.57150218,-0.00700829382,-2.11584673,-0.00867909009,0.158499162,-0.26358807,66.40625,0.783081153,0.783081153,0,0.488710611,-0.538519733,-62.5,0.989493793,0.989493793,0,0.994371296,0.994371296,0,0.979553796,0.979553796,0,0.689881497,0.689881497,0,0.673611553,0.673611553,0,0.971521419,0.971521419,0
VisualCogB_Task-1.mat,B,Task-1,64,L,0,-1,-10.2155036,15.7250943,83.2173023,-2.65948271,52.052803,0.5,-31.1644993,0.27734375,78.4300335,831.894941,10.3899917,17.7498087,89.6002893,2.47439135,81.0451736,0.5,-8.5551157,0.27734375,134.627497,856.540986,-22.7819831,13.8181317,71.2185726,-5.78098209,29.7687855,0.5,-41.4497871,0.27734375,59.1079575,782.940201,-33.1719748,11.1150504,38.9603996,-8.25537344,-12.7142677,0.3125,-51.6746674,0.49609375,-75.5195398,521.431683,-1.97804523,18.6306473,81.2107182,-0.7739832,50.8301849,0.55078125,-30.3805332,0.86328125,-161.487179,548.881597,8.68967651,22.9538135,97.2359734,2.91314235,77.0566177,0.55078125,-20.1793556,0.8671875,-201.761848,506.64944,-16.1437366,18.043345,79.9397202,-5.71542215,36.9484787,0.55078125,-42.9912415,0.859375,-140.660635,624.492599,-24.8334131,10.1658315,41.7016206,-8.6285645,-2.64423275,0.78125,-44.3458533,0.74609375,61.1012128,522.450323,15.4651127,0.35682247,19.7690902,0.366871736,7.86508135,0.138390543,0.814568121,0.0236708484,10.5912262,0.40639192,14.8432464,0.369416154,5.6585838,0.0885711983,-1.35990351,0.0186908573,11.43306,0.348195692,13.897756,0.358272696,7.14599616,0.150545954,2.10124601,0.0283947439,0.841833747,-0.0581962276,-0.94549044,-0.0111434577,1.48741236,0.0619747552,3.46114951,0.00970388658,0.890903056,0.890903056,0,0.965048218,0.965048218,0,0.779657894,0.779657894,0,0.95757649,0.95757649,0,0.965172754,0.965172754,0,0.90434766,0.90434766,0,0.945585501,0.947010613,3.90625,0.962466184,0.962466184,0,0.879802049,0.885772046,-3.90625
VisualCogB_Task-1.mat,B,Task-1,65,L,0,-1,20.5308572,8.8568959,33.6600132,5.08316277,41.0266151,0.328125,7.36660194,0.44140625,-34.197179,780.671345,-15.921517,10.7905913,43.6432881,-4.06345568,7.10378313,0.25,-36.539505,0.4453125,-92.1922608,688.824965,-10.6420087,14.8253678,50.3616772,-2.68471797,16.6765156,0.25,-33.6851616,0.4453125,-160.954206,769.699738,5.27950822,9.91791958,48.6440697,1.37873771,19.4936981,0.46484375,-29.1503716,0.5,-68.761945,480.248016,29.8832273,27.330442,121.173231,10.2492845,113.342422,0.55078125,-7.83080816,0.78125,-213.684931,688.474272,0.173532316,27.9668054,120.388893,-0.119522838,83.5010071,0.55078125,-36.887886,0.77734375,-185.024417,643.870721,-47.6770748,33.0410847,140.197128,-16.7606754,52.8119354,0.55078125,-87.3851929,0.77734375,-252.132269,688.04829,-47.8506071,9.55983353,44.2659497,-16.6411526,-24.1913147,0.5625,-68.4572644,0.88671875,-67.1078529,346.813257,16.4737041,0.372251942,15.8139027,0.307199059,11.4442995,0.152689376,0.469289292,0.0519258774,19.0447472,0.399660609,16.9974581,0.364391247,6.64661852,0.0904563075,-1.20845195,0.0232705532,7.74223166,0.237652346,12.8665246,0.365860328,8.46000931,0.186063801,0.385425306,0.0912425807,-11.3025155,-0.162008263,-4.13093347,0.00146908147,1.81339079,0.0956074938,1.59387726,0.0679720275,0.687911574,0.687911574,0,0.753672315,0.753672315,0,0.743441252,0.743441252,0,0.955095469,0.955095469,0,0.989779821,0.989779821,0,0.964481439,0.964481439,0,0.91915176,0.91915176,0,0.499469058,0.499469058,0,0.534828814,0.534828814,0
VisualCogB_Task-1.mat,B,Task-1,66,L,0,-1,-138.359262,11.4303389,39.2956543,-34.5563894,-121.98587,0.37890625,-161.281525,0.484375,-127.29145,493.050537,-54.5060923,10.8650353,45.1428013,-13.5728879,-29.2926617,0.41796875,-74.435463,0.49609375,-36.5839747,836.595505,43.7111329,19.6171903,74.729409,10.9880359,71.3302078,0.41796875,-3.39920115,0.25390625,222.767797,646.207623,98.2172251,19.9122062,73.2985899,24.5609238,133.34343,0.49609375,60.0448396,0.25,259.351772,546.084536,-149.583334,37.6468433,133.67775,-52.1501753,-55.9471436,0.890625,-189.624893,0.63671875,293.9073,619.936875,-82.4818269,34.4644167,123.186123,-28.8163468,4.18053818,0.88671875,-119.005585,0.640625,216.136782,967.008795,44.9383434,22.852964,87.8692188,15.4921755,105.917831,0.89453125,18.0486126,0.73046875,122.499037,517.944665,127.42017,13.7633847,58.7762389,44.3085223,156.521111,0.609375,97.7448716,0.87890625,-93.637745,635.495306,-7.59971433,0.757696003,-8.43285107,0.0688550166,-3.27977547,0.0180262084,1.04575622,0.106215689,-7.16511728,0.465623627,-7.17930119,0.0620020998,-2.46368791,0.0730451741,-0.496478342,0.340862863,-2.37487242,0.847171626,-9.02302893,0.0352713391,-2.59694153,0.0152242961,-1.77629498,0.0563394062,4.79024487,0.381547999,-1.84372774,-0.0267307607,-0.133253624,-0.057820878,-1.27981664,-0.284523457,0.707915977,0.707915977,0,-0.378933596,-0.647300732,23.4375,0.24956944,-0.344113303,66.40625,0.956923101,0.956923101,0,0.939613791,0.939613791,0,0.965335228,0.965335228,0,0.841719441,0.841719441,0,-0.457092039,-0.585660439,-54.6875,-0.0675854193,-0.311339618,-58.59375
VisualCogB_Task-1.mat,B,Task-1,67,R,1,-1,5.06275181,10.5257085,45.5729809,1.24909513,25.5533161,0.40625,-20.0196648,0.47265625,-42.4873569,570.32268,-13.3909017,8.17096078,32.0938556,-3.3493252,-2.74512982,0.41015625,-34.8389854,0.47265625,-56.0826126,442.553337,-12.5260959,12.47404,47.8205986,-3.14307317,6.74932861,0.40625,-41.07127,0.47265625,-100.940406,597.689921,0.864805851,6.67080626,24.419641,0.206252034,16.2442078,0.39453125,-8.17543316,0.4453125,-44.8577937,361.128291,30.4132204,33.544339,106.029204,10.5992559,101.185333,0.8203125,-4.84387112,0.58984375,275.002794,612.34383,-11.3057971,28.9877198,99.7450676,-3.90223899,53.9778214,0.8203125,-45.7672462,0.6796875,193.110187,666.600528,0.639920533,32.6048059,106.275434,0.255750856,74.7381363,0.81640625,-31.5372982,0.5859375,254.985398,637.159166,11.9457176,9.16595675,29.2126217,4.15798985,24.2341328,0.765625,-4.97848892,0.578125,61.8752115,229.820269,-12.4314399,0.0709976799,2.2404067,0.284478901,7.64985631,0.381550338,1.32440396,0.181387475,10.2048799,0.384311527,4.3571955,0.183059463,1.91973079,0.171083066,2.48820172,0.18911028,1.54017174,0.254670557,6.5526244,0.235581047,9.20159466,0.28107131,2.68370298,0.151567977,-8.66470821,-0.12964097,2.1954289,0.0525215839,7.28186387,0.109988244,0.195501264,-0.0375423028,0.872406232,0.872406232,0,0.932638003,0.932638003,0,0.872537684,0.881029108,3.90625,0.966267609,0.966267609,0,0.990805845,0.990805845,0,0.96247565,0.963841744,3.90625,0.723493155,0.723493155,0,0.912719663,0.912719663,0,0.897880494,0.901409053,3.90625
VisualCogB_Task-1.mat,B,Task-1,68,R,1,-1,5.13490696,6.57713407,23.817091,1.27584738,13.5630569,0.33984375,-10.254034,0.4765625,-59.1121988,419.709914,14.4045847,3.73075061,14.0634751,3.61183556,22.0199585,0.38671875,7.95648336,0.421875,-5.92605271,267.24575,-8.40247229,6.3497894,25.7273319,-2.11895318,2.50800204,0.33984375,-23.2193298,0.41796875,-4.69462193,506.221352,-22.807057,6.51516004,25.6825252,-5.73078874,-7.27530432,0.34375,-32.9578295,0.40625,1.23143078,423.293328,19.1462994,27.5220801,103.044361,6.70792358,90.9767532,0.67578125,-12.0676079,0.59375,-54.7518857,808.277102,39.0868993,18.2366104,79.0703211,13.6411192,87.526619,0.67578125,8.45629787,0.59375,-15.1841398,561.327582,33.0567186,41.2072038,138.316168,11.6058123,128.281342,0.67578125,-10.0348263,0.59375,-65.0220863,998.175313,-6.03018066,24.8226616,79.5100431,-2.03530695,44.9950981,0.70703125,-34.514945,0.78515625,-49.8379465,646.902719,8.90399222,0.450266094,5.83537007,0.143802152,2.57615844,0.216392756,-0.84888496,0.127101181,6.29198632,0.580600742,11.3186829,0.125415324,5.70713328,0.12018319,-2.0137863,0.0995288806,4.79915467,0.597279439,6.01608053,0.152566627,2.59487953,0.129319103,-0.582613478,0.0736441392,-1.49283166,0.0166786965,-5.30260234,0.0271513026,-3.11225375,0.00913591307,1.43117282,-0.0258847414,0.423069868,-0.464406248,31.25,0.71875558,0.71875558,0,0.248866056,-0.690640139,-27.34375,0.941883046,0.941883046,0,0.990715493,0.990715493,0,0.941105285,0.941105285,0,0.743040944,0.743040944,0,0.932384444,0.932384444,0,0.865065383,0.865065383,0
VisualCogB_Task-1.mat,B,Task-1,69,L,0,-1,43.9022182,6.58240732,28.0008411,10.9879773,58.4702034,0.3984375,30.4693623,0.30859375,42.3246319,474.862946,78.5515103,7.23438615,30.1618347,19.668944,94.3009491,0.39453125,64.1391144,0.30078125,45.449476,386.968689,-42.3348708,12.0771846,41.0471764,-10.579393,-22.4221306,0.27734375,-63.4693069,0.5,-133.30189,566.566048,-120.886381,14.7251246,51.9576397,-30.2483371,-89.4997425,0.25,-141.457382,0.44140625,-178.751366,424.448982,72.7995215,10.0989955,41.2633553,25.3328554,89.2920761,0.859375,48.0287209,0.5625,64.5371513,393.693392,73.3751239,11.0616546,38.4393387,25.5456759,89.3885498,0.62109375,50.9492111,0.8828125,-75.6085256,378.426736,-59.1567721,6.01648623,26.8812294,-20.5684111,-44.5856133,0.859375,-71.4668427,0.58984375,33.8633003,310.096504,-132.531896,12.6524911,40.6436081,-46.114087,-107.953381,0.8828125,-148.596989,0.61328125,109.471826,295.015515,-6.79027457,0.517124855,-1.41434761,0.0504055412,2.18127923,0.215405422,2.76994036,0.155616005,-7.37608395,0.757081851,-5.24717769,0.0301832852,0.794853334,0.0647368268,1.87410522,0.0966140272,-3.82593688,0.438187314,-0.469269264,0.0760606709,3.26412196,0.19518831,5.29691131,0.218823932,3.55014707,-0.318894537,4.77790843,0.0458773857,2.46926863,0.130451483,3.4228061,0.122209905,0.742268364,0.832788635,7.8125,0.106181615,-0.676714024,31.25,-0.106640419,-0.560249972,23.4375,0.0312519268,-0.58341369,-78.125,0.898723606,0.898723606,0,-0.0114738506,-0.421924496,27.34375,0.780930499,0.780930499,0,-0.713731434,-0.804260357,-27.34375,-0.627986424,-0.762268378,-35.15625
VisualCogB_Task-1.mat,B,Task-1,70,L,0,-1,-32.5475735,16.0256583,53.5109036,-8.1225559,1.59675336,0.2890625,-51.9141502,0.47265625,-179.63475,596.148874,41.6521803,8.28021691,37.1529007,10.4401386,55.0899963,0.34375,17.9370956,0.2578125,26.8912809,498.69593,11.2133317,9.26972035,37.7777176,2.81539821,29.8908634,0.29296875,-7.88685417,0.25390625,8.61468422,568.696027,-30.4388485,5.24072295,16.6768774,-7.62474038,-22.3056087,0.296875,-38.9824861,0.39453125,-18.2765967,288.777408,-46.1741427,7.40957978,34.1356182,-16.0414528,-31.7631626,0.640625,-65.8987808,0.7890625,-16.8205078,467.709544,27.312046,9.90861045,39.4573898,9.45739938,41.9480286,0.640625,2.49063873,0.7890625,-41.5497365,451.112661,36.5297743,11.4955252,38.8617048,12.7741882,54.0523834,0.69140625,15.1906786,0.8828125,-73.3375106,456.876256,9.21772821,12.1905458,46.1098328,3.31678884,21.3943634,0.6875,-24.7154694,0.55078125,-31.7877741,365.111572,-4.90269467,0.298732143,1.36511614,0.333672439,-8.38800135,0.0401837762,6.08417216,0.2459074,-1.62514911,0.644801552,2.41489365,0.149910624,-7.36427443,0.0117429737,6.51507952,0.105738677,2.12084559,0.609129704,2.57476124,0.154667228,-3.72530423,0.0641360987,3.15759029,0.0758889734,3.7459947,-0.0356718486,0.159867588,0.00475660401,3.6389702,0.052393125,-3.35748923,-0.0298497039,0.299049872,0.319123431,-3.90625,0.491081244,0.493342979,-3.90625,0.827464281,0.827464281,0,0.797351524,0.797351524,0,0.635504076,0.635504076,0,0.358713324,0.627539877,-74.21875,-0.326383864,-0.444949309,27.34375,-0.492938696,-0.699702318,-78.125,0.553361314,0.561795029,-66.40625
VisualCogB_Task-1.mat,B,Task-1,71,R,1,-1,-7.41035061,16.4773851,68.7203884,-1.92028987,28.0518169,0.5,-40.6685715,0.41015625,-69.5348395,643.015171,14.3582244,15.4380757,78.0905688,3.4899896,75.2955017,0.5,-2.79506707,0.40625,89.8634789,517.318153,16.2007146,15.7565164,67.5948973,3.9926797,55.1306343,0.5,-12.464263,0.41015625,-41.4231331,623.456907,1.84249016,11.6776977,37.0890322,0.502690105,16.9241648,0.3125,-20.1648674,0.5,-131.286612,305.205567,-5.26032842,21.3533905,85.9487801,-1.92416284,56.6647797,0.55859375,-29.2840004,0.69921875,-162.931865,585.803803,28.9719275,16.2278644,65.910264,9.99066105,73.3141098,0.55859375,7.40384579,0.69921875,-108.38396,575.933561,23.2056844,21.6770285,85.081167,7.96914901,87.0039673,0.55859375,1.9228003,0.87890625,-166.1179,619.08165,-5.76624306,9.40418664,34.3372838,-2.02151204,13.6898575,0.55859375,-20.6474264,0.87890625,-57.7339393,385.656446,11.5684485,0.439327356,15.5332368,0.352622791,-5.12458607,0.034020292,5.56506038,0.0488782534,9.31386786,0.502082935,14.0755457,0.301096666,-2.28902775,0.0335407807,8.51980101,0.0474471973,12.0359559,0.450549834,16.3718846,0.36159239,-6.03824682,0.0253916925,3.20047499,0.0353541559,2.72208803,-0.051533101,2.29633899,0.0604957237,-3.74921908,-0.00814908827,-5.31932602,-0.0120930414,0.670363288,0.670363288,0,0.980705877,0.980705877,0,0.719903276,0.719903276,0,0.948912082,0.948912082,0,0.992916355,0.992916355,0,0.916500805,0.916500805,0,0.706200202,0.71199368,3.90625,0.915219407,0.915219407,0,0.879261376,0.881522337,-3.90625
VisualCogB_Task-1.mat,B,Task-1,72,R,1,-1,-35.9679833,18.005071,63.2337589,-9.0026304,-14.1696148,0.265625,-77.4033737,0.4296875,-197.986072,637.096497,102.962857,9.5323535,45.621376,25.7646083,123.566856,0.3515625,77.9454803,0.4296875,-26.0623338,596.016571,85.9908026,13.1195326,49.3961372,21.50138,113.204803,0.48828125,63.8086662,0.42578125,121.158468,619.725067,-16.9720542,11.5380564,39.5425262,-4.26322839,7.71686554,0.4921875,-31.8256607,0.265625,147.220802,275.163422,-37.0816696,22.6173175,84.5096712,-12.8030322,9.57385731,0.6875,-74.9358139,0.55859375,49.9882902,528.477566,86.5077454,20.2345062,77.3954849,30.1383334,128.342468,0.6875,50.9469833,0.87109375,-91.1242803,488.015109,118.660116,34.5118048,114.726425,41.3848172,194.484512,0.69140625,79.7580872,0.87109375,-75.6603575,676.977704,32.1523705,17.0446881,62.7889938,11.2464838,69.1062164,0.69921875,6.3172226,0.5546875,15.4639228,445.143621,9.83140963,0.695597496,10.9341486,0.095215909,9.01190584,0.104436721,2.67772606,0.0644301054,-0.67522037,0.700504935,1.09640224,0.0770481156,4.61800047,0.0949606954,0.800073095,0.0821149506,-0.486272229,0.688548027,7.48870942,0.121660732,6.13479802,0.0932477397,1.38456622,0.057652867,0.188948141,-0.0119569077,6.39230718,0.0446126164,1.51679755,-0.00171295564,0.584493121,-0.0244620836,0.682894714,0.682894714,0,-0.124170046,-0.456288785,-58.59375,0.519195312,0.519195312,0,0.754583096,0.754583096,0,0.888660885,0.888660885,0,0.937937493,0.937937493,0,-0.155042899,-0.515813105,78.125,-0.31513593,-0.54714039,-78.125,0.713859877,0.713859877,0
VisualCogB_Task-1.mat,B,Task-1,73,L,0,-1,-8.48317024,7.92214115,38.5713158,-2.18095057,18.3297558,0.5,-20.24156,0.3828125,-11.4356591,458.864621,6.36436285,7.56104152,44.0825124,1.53987902,40.9700775,0.5,-3.11243486,0.41796875,37.1502102,393.072002,-2.74364584,7.19283796,37.4037228,-0.742415898,24.4592094,0.5,-12.9445133,0.4375,-1.51979825,406.852499,-9.1080087,3.81487143,17.5156025,-2.28229492,1.0047344,0.25,-16.5108681,0.5,-38.6700084,228.923669,6.63838509,26.0168448,90.1769352,2.22964582,62.2151718,0.5703125,-27.9617634,0.859375,-216.732422,668.466221,24.4356208,30.7366828,112.519789,8.42444129,90.0279922,0.5546875,-22.4917965,0.85546875,-280.172809,602.001404,12.4822032,25.0047546,91.6759453,4.21467604,70.7412643,0.55078125,-20.9346809,0.765625,-172.388838,597.201227,-11.9534176,15.0656283,48.4871881,-4.20976525,22.8485279,0.8984375,-25.6386602,0.73046875,107.783971,319.340916,5.72409908,0.523374899,12.0950387,0.305630606,7.99342563,0.0256898366,-2.29979387,0.0217578091,12.7426826,0.55218315,17.192524,0.301204992,0.511345089,0.01198295,-1.72626837,0.0160370011,3.38435138,0.515957173,9.75271252,0.332248787,2.64908497,0.0150260005,-1.70678484,0.0137056089,-9.3583312,-0.0362259767,-7.43981151,0.0310437948,2.13773988,0.00304305047,0.0194835326,-0.00233139213,0.814609431,0.814609431,0,0.94792515,0.94792515,0,0.867448945,0.867448945,0,0.975210462,0.975210462,0,0.939723371,0.939723371,0,0.873713604,0.873713604,0,0.953097922,0.953097922,0,0.959077505,0.959077505,0,0.910953611,0.910953611,0
VisualCogB_Task-1.mat,B,Task-1,74,L,0,-1,-2.71253682,12.9158117,48.0566883,-0.670614737,16.4573002,0.3125,-31.5993881,0.44140625,-79.8459906,456.842141,8.59620071,13.5121825,45.9294081,2.21255605,30.7794247,0.3203125,-15.1499834,0.26171875,-19.6986657,435.773248,-12.0511305,11.1904418,39.7233443,-3.02710959,7.51290274,0.3046875,-32.2104416,0.44140625,-128.504717,324.881336,-20.6473312,14.4356562,55.0229357,-5.23966565,14.0844344,0.25,-40.9385014,0.3671875,-108.806051,382.785024,-4.41816054,7.90012981,35.776926,-1.50732218,9.96800232,0.65625,-25.8089237,0.82421875,1.22706536,489.780166,-0.409335867,6.62867596,28.4103813,-0.0992289175,10.5936356,0.66015625,-17.8167458,0.55078125,-4.32753015,435.404345,-6.05027846,6.19456002,25.9676313,-2.06623452,5.56419277,0.65234375,-20.4034386,0.828125,9.32325572,455.177768,-5.64094259,7.01989721,30.10326,-1.9670056,11.6295454,0.77734375,-18.4737146,0.67578125,13.6507859,367.434711,-2.48788637,0.255217485,-6.94299384,0.136615164,4.40718399,0.436840436,0.025605391,0.0792719653,0.729464771,0.546715074,1.82279451,0.152587806,10.7509963,0.155299507,1.03164916,0.0425811361,7.02453132,0.559586511,-8.99349841,0.0579951048,0.355477062,0.232687309,-0.395663789,0.0736902651,6.29506655,0.012871438,-10.8162929,-0.094592701,-10.3955192,0.0773878018,-1.42731295,0.031109129,0.792478345,0.792602727,-3.90625,0.751898714,0.774146325,7.8125,0.328743721,0.62629032,46.875,0.727601066,0.727601066,0,0.804809313,0.804809313,0,0.40223538,-0.488604319,46.875,0.496310621,0.496310621,0,0.677458092,0.686885227,3.90625,-0.213597035,-0.706045478,-58.59375
VisualCogB_Task-1.mat,B,Task-1,75,R,1,-1,-18.8121265,3.52771164,13.8352051,-4.70087309,-12.13307,0.36328125,-25.9682751,0.484375,-16.2771975,287.541306,19.0532501,5.09404785,18.9181194,4.76070362,29.0922546,0.5,10.1741352,0.30078125,52.438348,279.932549,53.1993043,3.93923977,16.2377396,13.3135609,60.3936272,0.36328125,44.1558876,0.48828125,-1.82479346,253.340179,34.1460542,5.4393454,20.4972916,8.55285726,40.7090302,0.34375,20.2117386,0.5,-54.2631415,267.368156,12.0036851,29.8659859,108.263718,4.32240353,73.5338669,0.6796875,-34.7298508,0.8984375,-45.2299364,824.73703,60.651128,30.0594468,107.060728,21.2328468,125.183258,0.6796875,18.12253,0.8984375,-43.7309302,744.638425,71.5276334,33.6607796,128.887445,25.0321702,137.38179,0.6796875,8.49434471,0.8984375,-119.071539,825.359655,10.8765054,8.92491673,32.5760946,3.79932347,22.1455421,0.55078125,-10.4305525,0.89453125,-75.340609,303.759321,12.0822036,0.710770421,0.337578876,0.124152957,-12.1739734,0.0520723593,0.0592844014,0.0617356929,7.50358938,0.751864813,2.38034417,0.123635122,-8.62365486,0.0361773405,-1.35721388,0.0406295167,2.29569494,0.670436043,6.26787451,0.140006939,-9.59591198,0.0630692339,1.71238032,0.0701737121,-5.20789444,-0.0814287697,3.88753034,0.0163718168,-0.972257118,0.0268918934,3.06959421,0.0295441955,0.216367237,-0.38337389,54.6875,0.773181381,0.773181381,0,0.296024492,0.492230821,39.0625,0.994889346,0.994889346,0,0.973151633,0.973151633,0,0.967047375,0.967047375,0,0.899558597,0.899558597,0,0.871833285,0.871833285,0,0.903021585,0.903021585,0
VisualCogB_Task-1.mat,B,Task-1,76,L,0,-1,50.4980246,18.8949042,65.3425608,12.639871,76.7381668,0.47265625,11.395606,0.265625,245.125552,425.229958,-132.12339,17.8479095,61.8944397,-33.0551045,-97.0362701,0.25,-158.93071,0.44921875,-233.626141,446.460632,-91.7651595,31.4852741,110.009396,-22.8978601,-47.8784981,0.25,-157.887894,0.5,-413.627672,563.754471,40.3582308,15.8898727,57.7704773,10.1572445,54.6735382,0.328125,-3.09693909,0.5,-180.001531,298.077988,108.814474,51.9248008,160.408237,38.0568744,191.985794,0.6640625,31.5775566,0.8984375,-353.554213,816.080352,-24.7253486,41.0155928,174.972189,-8.438515,22.4645596,0.8984375,-152.507629,0.55078125,311.31113,754.32518,-111.857754,30.1129337,125.672924,-38.7900615,-56.5768623,0.6640625,-182.249786,0.55078125,15.1560383,755.56825,-87.1324051,31.5338996,100.038572,-30.3515465,-29.742157,0.55078125,-129.780729,0.8046875,-296.155092,441.707713,9.3741133,0.747598887,13.1415337,0.144821087,4.19688465,0.0401050512,-3.19505607,0.0170062496,16.9020659,0.81997216,12.2158151,0.089514426,2.32159418,0.0144996756,-0.646467002,0.00655775754,17.9998916,0.756919099,17.8321376,0.131456841,3.26071478,0.0124880478,-2.89495557,0.00853448658,1.09782572,-0.063053061,5.61632256,0.0419424147,0.939120608,-0.0020116278,-2.24848857,0.00197672904,-0.863751972,-0.863751972,0,-0.838716203,-0.838716203,0,0.940821447,0.940821447,0,-0.0776924804,-0.602733262,78.125,0.638169909,0.638169909,0,0.645567577,0.645567577,0,0.183081938,0.484853958,-78.125,-0.468540775,-0.6446057,78.125,0.303300864,0.360164849,-42.96875
VisualCogB_Task-1.mat,B,Task-1,77,L,0,-1,5.28081062,7.15609035,26.4833765,1.33075692,19.7989273,0.3203125,-6.6844492,0.49609375,-31.3748664,413.521081,15.130566,5.18265497,19.9764309,3.78602903,24.1952972,0.34375,4.21886635,0.26953125,12.2990418,275.147362,-1.3420551,6.18200829,23.3044853,-0.337349782,11.6520786,0.32421875,-11.6524067,0.390625,-9.44140296,421.383286,-16.4726211,5.55880016,20.2119083,-4.12337882,-8.70642662,0.421875,-28.918335,0.38671875,-21.7404447,295.10273,42.3855261,38.1861608,133.625029,14.9608253,114.047981,0.62890625,-19.5770473,0.8984375,-152.156161,1145.91353,55.1917314,43.0245347,151.370966,19.419471,132.141708,0.62890625,-19.2292576,0.82421875,-221.753438,1303.45948,33.466601,42.1397588,144.370735,11.8584605,111.412743,0.65625,-32.9579926,0.8984375,-215.669768,1035.6802,-21.7251304,6.53418869,33.9493237,-7.56101051,-4.30014992,0.828125,-38.2494736,0.75,6.08367052,448.781934,13.1735565,0.602675097,19.9319604,0.207690653,6.11983174,0.0771944937,6.73847998,0.0281143893,10.4472361,0.666620132,15.1280951,0.196051835,7.26933939,0.0319585654,2.8907067,0.0184247292,19.2532875,0.602171588,17.9196666,0.222055983,7.30671691,0.0716157146,7.39890589,0.0263196903,8.80605138,-0.0644485435,2.79157148,0.0260041477,0.037377527,0.0396571492,4.50819919,0.00789496115,0.667185245,0.667185245,0,0.916867839,0.916867839,0,0.533360114,0.533360114,0,0.986259984,0.986259984,0,0.985054515,0.985054515,0,0.988441316,0.988441316,0,0.983419239,0.983419239,0,0.981187336,0.981187336,0,0.975241646,0.975241646,0
VisualCogB_Task-1.mat,B,Task-1,79,R,1,-1,-6.29990096,6.00707395,25.0240147,-1.56179954,3.19422269,0.2890625,-21.829792,0.484375,-29.663072,562.260654,-34.2439809,5.91573365,23.7260799,-8.55972733,-22.8438969,0.2890625,-46.5699768,0.48046875,-39.8947897,566.983871,-31.9779671,6.73646114,27.6726837,-7.97720811,-21.4196396,0.28515625,-49.0923233,0.484375,-55.2543906,496.613419,2.26601381,3.72824045,16.6322784,0.582519218,12.1761017,0.3515625,-4.45617676,0.4921875,-15.3596009,252.135681,28.2010323,34.5747952,114.52282,9.97831952,94.1549072,0.640625,-20.3679123,0.8984375,-199.810219,720.266855,11.9655643,29.9639812,112.66922,4.33670182,70.2573776,0.64453125,-42.4118423,0.55078125,-125.005857,713.914803,-2.73178554,36.7802908,120.43116,-0.787564283,69.9475327,0.63671875,-50.4836273,0.8984375,-224.690565,749.220264,-14.6973498,11.016131,32.9964237,-5.1242661,4.45026016,0.62890625,-28.5461636,0.88671875,-99.684708,236.891152,23.5445322,0.64242882,4.36668527,0.213128879,-1.79322798,0.020303842,-1.02272928,0.0376445449,6.0537102,0.687001041,4.94209218,0.182035194,-2.95710275,0.0147236399,-1.01812446,0.0323812981,6.86362412,0.644538184,5.80150575,0.209837378,-4.51949132,0.0223058986,-1.91416447,0.0286698638,0.809913917,-0.0424628561,0.859413575,0.0278021836,-1.56238857,0.00758225873,-0.896040012,-0.0037114343,0.886874156,0.886874156,0,0.895329867,0.895329867,0,0.83405502,0.83405502,0,0.980445696,0.980445696,0,0.995184913,0.995184913,0,0.966022068,0.966022068,0,0.955797632,0.956279539,-3.90625,0.980398307,0.980398307,0,0.930827159,0.933794207,3.90625
VisualCogB_Task-1.mat,B,Task-1,80,L,0,-1,-0.506757418,10.2744914,37.9047031,-0.110797827,14.3773632,0.25,-23.5273399,0.5,-106.346159,365.178642,-0.228928001,6.03856717,30.9159012,-0.0688945335,14.7100906,0.25,-16.2058105,0.4375,-48.3498416,379.555798,2.85954477,11.6252624,39.6902695,0.736895764,18.6589203,0.3203125,-21.0313492,0.5,-131.090924,362.386697,3.08847277,9.79586021,36.7659067,0.805790297,20.1189481,0.3203125,-16.6469586,0.484375,-82.7410825,397.677758,19.4675039,36.7117036,121.069057,6.8691264,94.7120056,0.6953125,-26.3570518,0.578125,5.62028596,908.117238,23.8284752,35.2484694,117.550734,8.3988264,86.2931366,0.69140625,-31.257597,0.58203125,70.1397691,793.169253,22.8621912,40.5179132,135.662138,8.06032175,113.569939,0.6953125,-22.0921993,0.578125,-23.722585,1037.44408,-0.96628397,14.9547213,53.016592,-0.338504652,27.5534363,0.6953125,-25.4631557,0.859375,-93.8623542,584.545032,16.0089868,0.730467378,4.7039486,0.0999589437,-2.77420008,0.0385448977,-0.879107029,0.0576744929,11.7816888,0.64469564,3.47519703,0.179723394,1.38383935,0.0391082215,1.16599988,0.0686957741,19.1867849,0.769060287,5.51290782,0.0725887901,-3.65060427,0.0453625378,-0.288934232,0.0420016165,7.40509602,0.124364647,2.03771079,-0.107134604,-5.03444362,0.00625431632,-1.45493411,-0.0266941576,0.698717841,0.698717841,0,0.946423669,0.946423669,0,0.538833469,0.621000153,-35.15625,0.968719839,0.968719839,0,0.983303225,0.983303225,0,0.931425075,0.931425075,0,0.953133884,0.953133884,0,0.981126425,0.981126425,0,0.914853128,0.914853128,0
VisualCogB_Task-1.mat,B,Task-1,81,L,0,-1,16.1934756,6.61530986,27.4104953,4.05420827,31.8222466,0.359375,4.41175127,0.4765625,-45.756857,319.147091,-39.3171885,9.10079936,34.0978928,-9.84744071,-20.1524849,0.359375,-54.2503777,0.4453125,-79.9556713,345.583031,-12.5902176,7.33078472,27.1863098,-3.14085362,-0.37594229,0.31640625,-27.562252,0.48046875,-77.4927553,344.261877,26.7269709,6.51735617,22.8481421,6.70658709,37.4590683,0.44921875,14.6109262,0.3671875,2.46291603,338.95601,32.7285544,29.5379899,101.671025,11.4322502,91.3964233,0.64453125,-10.2746019,0.85546875,-202.042118,650.597083,4.99936501,22.2176669,81.3589878,1.79483968,51.2453499,0.6484375,-30.1136379,0.5703125,-59.7423416,618.595691,8.3068114,29.8358059,106.703789,2.95858906,72.959465,0.64453125,-33.7443237,0.8515625,-174.447313,767.71279,3.30744639,13.7621436,47.8031473,1.16374937,23.6519084,0.55078125,-24.1512389,0.8984375,-114.704971,399.605456,8.29337977,0.672472938,2.6835628,0.119910551,-4.47306567,0.0526965604,-3.35308201,0.0585911931,6.35387317,0.701726353,4.76546836,0.109572769,-1.85933725,0.0471469887,-1.5628771,0.0486077907,15.524832,0.689136911,1.62592114,0.124678919,-4.78611187,0.0478858562,-4.24303116,0.0494485024,9.17095885,-0.0125894417,-3.13954723,0.0151061503,-2.92677462,0.000738867493,-2.68015406,0.000840711674,0.872298442,0.872298442,0,0.834924425,0.834924425,0,0.705145848,0.705426633,3.90625,0.86244926,0.86244926,0,0.987486555,0.987486555,0,0.90091709,0.90091709,0,0.681215371,0.681215371,0,0.946270205,0.946270205,0,0.791816672,0.791816672,0
VisualCogB_Task-1.mat,B,Task-1,82,R,1,-1,-29.3067823,11.9238387,44.3895521,-7.27648581,-7.38620472,0.375,-51.7757568,0.28515625,12.6047728,645.101501,-34.9035895,15.534692,51.6078243,-8.66800305,-11.1372929,0.375,-62.7451172,0.2890625,126.071904,582.658661,-26.1954432,15.1819911,49.6850119,-6.50535338,-6.77473545,0.3359375,-56.4597473,0.4765625,-129.145388,605.299568,8.70814639,21.0859168,63.1887665,2.16264967,42.2530785,0.33984375,-20.935688,0.48046875,-255.217292,532.521111,6.68242532,44.9337759,145.824833,2.47768916,100.87529,0.75,-44.949543,0.578125,228.554306,904.043133,3.56949846,42.4409119,141.213448,1.37941127,93.0261002,0.75,-48.1873474,0.6484375,188.183728,861.05488,-10.415725,47.2828317,150.991486,-3.45859021,87.3485413,0.75,-63.6429443,0.57421875,238.937506,916.661817,-13.9852234,7.49691571,26.6626196,-4.83800148,-1.6271677,0.86328125,-28.2897873,0.55078125,50.7537785,335.273481,-6.07457615,0.504735864,-10.5793113,0.208523588,-11.7108221,0.026425241,2.00536211,0.180072274,-6.3857683,0.483255472,-9.46409832,0.249926542,-8.93548393,0.028330062,5.16610367,0.129941334,-6.57010491,0.694397763,-13.1382973,0.106323037,-10.4605329,0.0349524707,-0.981704752,0.0948530498,-0.184336605,0.211142291,-3.674199,-0.143603504,-1.52504898,0.00662240864,-6.14780842,-0.0350882844,0.764150026,0.764150026,0,0.672197799,0.685020404,3.90625,0.0576720497,-0.721812126,-54.6875,0.991742244,0.991742244,0,0.999280792,0.999280792,0,0.991837563,0.991837563,0,0.967791703,0.967791703,0,0.932741344,0.932741344,0,0.854203895,0.854203895,0
VisualCogB_Task-1.mat,B,Task-1,83,L,0,-1,-14.8016184,5.09837004,23.6441031,-3.7290729,0.818051338,0.5,-22.8260517,0.37890625,28.9201713,298.580215,-36.9139156,7.63527859,29.5649166,-9.23312243,-19.3279209,0.28515625,-48.8928375,0.48046875,-84.6626009,328.473961,-6.65882741,5.98469074,20.1561012,-1.6957364,3.72951698,0.2890625,-16.4265842,0.3828125,-36.7938923,269.311687,30.2550882,6.13256023,22.7445043,7.53738603,44.7920259,0.5,22.0475216,0.37109375,47.8687086,251.0025,50.8893188,40.1786138,119.60868,17.7912927,115.263,0.7265625,-4.34567976,0.625,177.923802,703.487371,-42.6878887,32.0931049,99.8599319,-14.7732433,23.8519669,0.6953125,-76.0079651,0.87109375,-18.1353097,734.418506,32.5178722,40.3688944,120.63984,11.423223,108.724854,0.703125,-11.9149866,0.625,57.0414284,785.531823,75.2057608,11.8804365,48.1010823,26.1964663,96.5949154,0.75390625,48.4938331,0.55078125,75.1767381,264.459432,4.62102189,0.686050934,4.48451391,0.138220325,-1.91068601,0.0590309059,1.18359716,0.0934922902,4.44251108,0.745836978,5.41766633,0.114219275,-2.67213785,0.0266846363,3.50978305,0.0522663488,18.4425575,0.602537753,3.47122295,0.201030859,2.65629058,0.0935565511,-1.39430236,0.0507506379,14.0000464,-0.143299225,-1.94644338,0.0868115836,5.32842843,0.0668719149,-4.90408541,-0.00151571088,-0.00188496256,-0.467780644,78.125,0.591691252,-0.647859473,78.125,0.618294978,0.618294978,0,0.858164431,0.86367737,3.90625,0.946244234,0.946244234,0,0.971959653,0.971959653,0,0.103765237,-0.268658005,78.125,0.928166222,0.930554918,3.90625,0.198842999,-0.288693217,78.125
VisualCogB_Task-1.mat,B,Task-1,84,L,0,-1,-5.18263364,7.66529032,29.6897421,-1.27668604,12.3532343,0.3046875,-17.3365078,0.4140625,-35.2388783,460.3703,-3.7728587,7.08065859,29.2084742,-0.923343496,12.0388136,0.3046875,-17.1696606,0.4609375,-37.3748782,440.781448,-12.8750774,6.39078086,26.0517881,-3.19533199,1.04561591,0.30078125,-25.0061722,0.25,-2.23155276,403.371069,-9.10221866,3.62174606,15.0968568,-2.27198849,-2.38198471,0.4609375,-17.4788415,0.2734375,35.1433255,221.205078,29.2647138,25.0599639,91.1479506,10.2853146,88.5608215,0.66015625,-2.58712912,0.55078125,-59.3090105,590.196439,19.5492005,29.2301581,98.5090618,6.89796949,83.4072113,0.66015625,-15.1018505,0.8671875,-131.470527,596.641354,21.0837665,29.3643844,101.365533,7.45074201,91.5113449,0.66015625,-9.85418797,0.8984375,-84.314057,719.045679,1.53456597,7.07598015,26.5482273,0.55277252,13.615366,0.83984375,-12.9328613,0.625,47.1564698,309.345193,6.31756851,0.690904321,2.62303927,0.112262729,1.28936136,0.0813721929,0.24818665,0.0421662988,3.58993781,0.665950675,4.20277874,0.125231519,2.00737197,0.0889209392,-1.21277603,0.0380861574,7.35547929,0.665093159,4.67188663,0.127932161,3.240882,0.0944214809,0.792032316,0.0394474398,3.76554148,-0.00085751603,0.469107885,0.00270064116,1.23351002,0.00550054176,2.00480835,0.00136128239,0.950521784,0.950521784,0,0.901926145,0.901926145,0,0.860322085,0.860322085,0,0.96195781,0.96195781,0,0.995576033,0.995576033,0,0.970843536,0.970843536,0,0.944720687,0.947667515,3.90625,0.987600106,0.987600106,0,0.962542449,0.965813838,-3.90625
VisualCogB_Task-1.mat,B,Task-1,85,R,1,-1,-15.1794459,9.25823846,29.9012768,-3.78826919,-1.86146808,0.2734375,-31.7627449,0.44921875,-112.922357,306.429037,14.7876721,6.41334516,22.9389219,3.70638361,26.4625702,0.359375,3.52364826,0.4375,-45.8654237,309.391582,49.3613197,13.12357,42.1028366,12.3757702,66.534668,0.32421875,24.4318314,0.48828125,-148.819997,381.650337,34.5736476,8.78184024,30.6506653,8.66938663,45.0419922,0.29296875,14.3913269,0.484375,-102.954573,336.861958,27.1846119,30.2990365,113.975487,9.58009115,91.8874893,0.6484375,-22.0879974,0.55078125,-27.3238601,711.729421,31.9946848,39.4714309,139.217609,11.2737343,116.236519,0.64453125,-22.9810905,0.8984375,-224.392689,797.277951,12.5866932,63.00692,228.707016,4.59254239,123.522995,0.64453125,-105.184021,0.8984375,-491.942071,972.450832,-19.4079916,28.3276511,93.554409,-6.68119189,11.3514786,0.60546875,-82.2029305,0.8984375,-267.549382,325.736216,30.4761963,0.707646125,12.1209857,0.131731661,12.6908001,0.0568254955,1.15907364,0.0219444708,18.3649284,0.653396706,13.0232546,0.158412552,12.0781431,0.0648950663,3.77992833,0.0343001281,2.93893483,0.583002167,12.7195176,0.204960043,15.2973157,0.0730689812,1.16100923,0.0279872781,-15.4259936,-0.0703945383,-0.303736955,0.0465474912,3.2191726,0.00817391489,-2.6189191,-0.00631285,0.816670581,0.816670581,0,0.936167651,0.936167651,0,0.809343398,0.809343398,0,0.862697309,0.862697309,0,0.672391605,0.681490081,7.8125,0.95003232,0.95003232,0,0.800474369,0.811729833,7.8125,0.22334041,-0.419386063,-78.125,0.690735746,0.690735746,0
VisualCogB_Task-1.mat,B,Task-1,86,L,0,-1,0.927082216,10.2783433,35.3006897,0.251521403,23.9856853,0.34375,-11.3150043,0.26953125,-22.2436683,438.482409,10.1957791,9.46201974,38.0331573,2.55915016,23.2467918,0.34765625,-14.7863655,0.265625,82.6318596,340.070608,-2.57292048,8.87243812,35.9696751,-0.627679856,17.6485882,0.34375,-18.3210869,0.48046875,-40.5751085,444.76903,-12.7686995,9.97191756,38.2533283,-3.18683002,4.30311203,0.265625,-33.9502163,0.48046875,-123.206968,367.269333,23.5176062,43.9879013,138.417278,8.17510684,97.6139832,0.58984375,-40.8032951,0.8671875,-397.137596,787.782914,34.8175538,38.77033,125.09938,12.1102534,106.38372,0.58203125,-18.7156601,0.87109375,-364.296171,596.247834,22.7478903,48.966657,160.201363,7.85654639,114.024063,0.5859375,-46.1772995,0.859375,-435.832964,912.745634,-12.0696635,14.5286602,57.5193834,-4.253707,21.6505075,0.8984375,-35.868876,0.8515625,-71.5367937,476.586708,16.7801503,0.598298929,8.62832755,0.239347362,1.03657552,0.0312224094,-2.00457565,0.013334003,24.0367688,0.611451146,10.768414,0.244761927,1.92785576,0.0220020735,-4.01609575,0.0114036888,21.840379,0.577744722,11.5238664,0.267989964,1.85328427,0.0183868811,0.801512481,0.0189828856,-2.19638972,-0.0337064242,0.755452456,0.023228037,-0.0745714877,-0.00361519238,4.81760823,0.00757919681,0.551546453,-0.788589091,66.40625,0.897244996,0.897244996,0,0.409826473,-0.721256206,-70.3125,0.976796061,0.976796061,0,0.989985824,0.992470384,3.90625,0.971788383,0.971788383,0,0.956384396,0.956384396,0,0.987271317,0.988994025,3.90625,0.954685361,0.954685361,0
VisualCogB_Task-1.mat,B,Task-1,87,L,0,-1,-6.78428246,4.46507488,17.6194196,-1.68689005,2.08689547,0.3046875,-15.5325241,0.45703125,-38.9368811,284.798334,-2.17605166,5.78725013,23.5876565,-0.531164241,7.08626032,0.265625,-16.5013962,0.5,-69.8206061,244.168382,-12.4466836,4.76689146,16.8898306,-3.11210439,-2.8256197,0.4765625,-19.7154503,0.453125,5.9115677,335.00576,-10.270632,7.38591115,29.990746,-2.58094015,8.08540726,0.5,-21.9053388,0.25390625,75.7321738,242.211418,-14.3735086,7.76084151,33.5608533,-5.01815612,-0.891581237,0.8046875,-34.4524345,0.87890625,-11.363009,530.369458,-13.5884942,7.91201073,31.3706341,-4.72104419,4.40499115,0.8046875,-26.9656429,0.609375,13.1763659,516.680513,-13.1220384,9.42402951,42.9736352,-4.57693355,4.17160654,0.6328125,-38.8020287,0.87890625,-54.7564937,489.939915,0.46645583,9.51955959,34.3203184,0.144110641,14.8784611,0.734375,-19.4418573,0.80859375,-67.9328596,415.978063,-6.36231457,0.360127397,-1.46223611,0.214654534,0.375746631,0.170522096,0.68201006,0.187563609,0.553776943,0.585988166,-1.59856663,0.182487326,-2.35312516,0.0550628436,4.01539683,0.089062574,-12.8627743,0.133752569,1.68248967,0.350285979,-5.17326208,0.190540496,-1.55888568,0.248656909,-13.4165512,-0.452235597,3.2810563,0.167798653,-2.82013692,0.135477652,-5.57428251,0.159594335,0.70942315,0.70942315,0,0.554546461,0.560583229,3.90625,0.0301559268,0.447755919,39.0625,0.875518562,0.875518562,0,0.666689213,0.666689213,0,0.407643287,-0.442191013,-42.96875,0.882969572,0.882969572,0,0.601989273,0.601989273,0,0.320254383,0.324325478,3.90625
VisualCogB_Task-1.mat,B,Task-1,89,L,0,-1,89.1238076,23.9624738,78.9662285,22.3219395,117.157104,0.48828125,38.190876,0.26171875,291.18383,414.14328,-159.478265,24.258967,75.1910706,-39.8830766,-118.540634,0.25,-193.731705,0.49609375,-324.632451,407.513245,-115.699813,24.5270211,70.3790054,-28.9235487,-82.6353073,0.25,-153.014313,0.4453125,-308.395902,549.399628,43.7784522,6.45698923,23.619957,10.9595279,54.617363,0.3671875,30.997406,0.26171875,16.2365492,317.151093,113.091623,48.1831361,177.460987,39.4481559,210.860123,0.6796875,33.3991356,0.8671875,-321.432363,1033.93107,-55.1407266,60.2099471,193.919817,-19.0856343,20.1509113,0.8984375,-173.768906,0.5546875,521.089118,939.277998,-47.0656257,56.3247973,172.17458,-16.2716572,16.2532845,0.6875,-155.921295,0.55078125,451.462951,968.804155,8.07510085,11.2005652,39.3750124,2.81397709,32.6847887,0.6953125,-6.69022369,0.63671875,-69.6261665,373.630355,-3.00618006,0.779797951,-10.278398,0.065132413,0.807622647,0.0667895444,-2.14856556,0.029775327,1.03429852,0.895330434,-10.1881566,0.0344865411,-5.00814808,0.0118597027,-3.90875788,0.0076239849,-1.00040506,0.853154117,-9.86159389,0.0402292671,2.71497365,0.0448123491,-0.949289337,0.0128061692,-2.03470359,-0.0421763166,0.32656272,0.00574272608,7.72312173,0.0329526464,2.95946855,0.00518218428,-0.819176263,-0.819176263,0,-0.676850104,-0.676850104,0,0.965024502,0.965024502,0,-0.25026786,-0.671262673,78.125,-0.127997801,-0.672391107,78.125,0.983729271,0.983729271,0,-0.251485265,-0.535532862,78.125,-0.26598106,-0.586189698,78.125,0.972220403,0.972220403,0
VisualCogB_Task-1.mat,B,Task-1,90,L,0,-1,-3.22006444,8.72282258,35.9756536,-0.830919873,14.0414438,0.3984375,-21.9342098,0.46484375,-15.5295764,530.379131,22.1479538,8.71042492,31.0443616,5.50275637,38.7383804,0.5,7.69401884,0.44140625,-9.68987184,436.433941,28.1620988,8.62506555,33.150424,7.02790887,46.1054344,0.3984375,12.9550104,0.46484375,9.03244772,510.526459,6.01414496,6.20629151,24.6714287,1.5251525,21.9973907,0.4296875,-2.67403793,0.48046875,18.7223196,312.298241,15.9200434,38.0961158,118.410307,5.51870802,89.621727,0.5859375,-28.7885799,0.8828125,-349.530809,575.77709,42.3470372,42.0018116,145.27071,14.7349612,124.318321,0.578125,-20.9523888,0.88671875,-395.689891,636.649603,42.8352722,40.3185306,126.060921,14.8451081,123.393471,0.58203125,-2.66745019,0.85546875,-361.88746,647.205184,0.488235087,10.2741577,45.3579054,0.110146927,31.8504009,0.8984375,-13.5075045,0.78125,33.8024316,463.52375,10.2700302,0.533790644,17.6015632,0.321584239,6.32142263,0.0163456972,0.113652693,0.0167460373,11.3049692,0.558702885,16.6878974,0.297899226,3.70372439,0.0229118404,-3.68235951,0.00933023309,10.8606395,0.500675463,14.9971076,0.357130179,-0.262773581,0.0138318926,1.0334268,0.0202349348,-0.444329722,-0.0580274221,-1.69078976,0.0592309527,-3.96649797,-0.0090799478,4.71578632,0.0109047018,0.870276626,0.893250263,3.90625,0.93054184,0.93054184,0,0.743698919,0.791610796,-3.90625,0.986753344,0.986753344,0,0.993897708,0.993897708,0,0.969669963,0.969669963,0,0.972358912,0.972358912,0,0.96784069,0.96784069,0,0.966045165,0.966045165,0
VisualCogB_Task-1.mat,B,Task-1,91,R,1,-1,3.12143431,8.43174897,29.1268034,0.810322524,13.7391853,0.26953125,-15.3876181,0.484375,-103.830124,309.884227,5.28687388,7.13661027,22.521091,1.36134245,16.7286568,0.37109375,-5.79243422,0.25,-50.884238,325.630671,3.68113151,10.2559859,34.2454338,0.953179847,18.2887115,0.26953125,-15.9567223,0.484375,-124.856711,368.716699,-1.60574237,7.32262571,31.5480828,-0.408162599,19.3397446,0.26171875,-12.2083383,0.49609375,-73.9724734,321.214405,-1.9259379,8.54468491,36.3175745,-0.668230949,12.6620684,0.73046875,-23.6555061,0.85546875,-22.9866925,414.389674,2.0020377,6.04662161,26.5286827,0.709621971,13.1427135,0.734375,-13.3859692,0.85546875,-3.13202223,417.178322,-0.666147329,10.8077475,42.3442345,-0.240222758,17.1611958,0.73046875,-25.1830387,0.57421875,34.719719,505.698488,-2.66818503,8.25801104,38.1296846,-0.94984473,14.3812163,0.8984375,-23.7484683,0.578125,37.8517413,321.080929,-1.0004488,0.435657776,2.80005955,0.185799285,-0.562085345,0.132878241,1.88416241,0.149942334,-1.20370149,0.384655053,0.495420517,0.298028914,2.32670487,0.0848648214,-0.94095929,0.115682184,1.62331375,0.506045522,0.797739921,0.130330409,2.32343808,0.126124015,4.17790611,0.145511301,2.82701524,0.121390469,0.302319403,-0.167698505,-0.00326679166,0.0412591937,5.1188654,0.0298291173,0.716423724,0.725529863,-3.90625,0.96757179,0.96757179,0,0.700173798,0.717164581,3.90625,0.773691843,0.773691843,0,0.792297456,0.795485419,3.90625,0.651674244,0.651674244,0,0.824742719,0.824742719,0,0.909951773,0.909951773,0,0.761800077,0.761800077,0
VisualCogB_Task-1.mat,B,Task-1,93,L,0,-1,-5.6100675,12.5923696,48.8901443,-1.36627987,24.0566826,0.34765625,-24.8334618,0.4453125,-31.5636293,576.58816,-5.08707597,9.8453082,38.1390457,-1.25805728,17.7396145,0.34765625,-20.3994312,0.26171875,7.87448371,437.401224,-7.26956138,11.0409038,43.3356857,-1.77483605,20.9949379,0.34765625,-22.3407478,0.265625,-11.2523109,588.829182,-2.18248541,4.28924686,23.346952,-0.516778769,4.54572105,0.43359375,-18.8012309,0.5,-19.1267946,292.375799,20.0632656,33.9053984,127.129066,7.15912403,95.4253311,0.703125,-31.7037354,0.55078125,13.2975978,1164.69987,19.6798287,32.1289187,120.566767,7.01522793,93.0060806,0.69140625,-27.5606861,0.890625,-7.96927662,952.975799,20.1531557,37.9693244,144.631105,7.19941858,113.023399,0.703125,-31.6077061,0.55078125,-9.57885634,1198.95295,0.47332697,8.79190187,39.1848392,0.184190654,24.6047974,0.70703125,-14.5800419,0.62890625,-1.60957971,481.496083,12.7075866,0.548409985,1.60478015,0.132003889,1.65625751,0.156390815,1.31577454,0.0962569527,12.3740065,0.552795512,9.71957763,0.153927834,11.5601146,0.156902451,-2.42262235,0.0737844927,6.6693695,0.560516138,-1.02887263,0.100678555,-0.938972832,0.136368101,3.40367997,0.137932963,-5.70463703,0.00772062577,-10.7484503,-0.0532492787,-12.4990874,-0.0205343499,5.82630232,0.0641484699,0.950775504,0.950775504,0,0.940824854,0.940824854,0,0.92195024,0.92195024,0,0.986536866,0.986536866,0,0.987993066,0.987993066,0,0.982299071,0.982299071,0,0.981084642,0.981084642,0,0.984730866,0.984730866,0,0.971279481,0.971279481,0
VisualCogB_Task-1.mat,B,Task-1,94,R,1,-1,-25.9619671,8.22057581,32.477706,-6.44095646,-11.2214441,0.328125,-43.6991501,0.25,-4.82238061,536.094467,-20.1124125,7.45961559,33.1609776,-5.00215118,-2.44173312,0.32421875,-35.6027107,0.25,10.9143306,496.735781,-27.2575684,7.78288057,29.5523033,-6.76414577,-14.6966019,0.35546875,-44.2489052,0.25,-17.4543685,502.724709,-7.14515594,5.28731242,18.6968918,-1.76199459,0.551935196,0.36328125,-18.1449566,0.49609375,-28.3686991,308.220827,-33.4064929,9.18903235,42.7683725,-11.6011648,-6.84008694,0.578125,-49.6084595,0.71875,-7.68361836,593.041449,-35.989649,13.1974687,48.6839452,-12.5191681,-6.35402632,0.578125,-55.0379715,0.70703125,-60.0641166,462.536706,-30.8324803,10.3092221,33.2390347,-10.7078657,-14.5670261,0.76953125,-47.8060608,0.71875,39.0371402,642.88183,5.15716872,16.9530503,61.4615898,1.81130245,28.0166969,0.765625,-33.4448929,0.609375,99.1012568,534.448698,-10.6119168,0.183822443,-1.75915859,0.17154674,-2.27514239,0.270914615,1.72277292,0.293304639,-8.57022742,0.309602001,-3.64967926,0.176415613,-3.10337112,0.191840528,0.96666434,0.236416433,-10.7363156,0.214717066,-2.19320727,0.192252137,-1.4021493,0.262388781,1.92630071,0.248992319,-2.16608815,-0.0948849347,1.45647199,0.0158365247,1.70122181,0.0705482538,0.959636371,0.012575886,0.872664913,0.872664913,0,0.964264933,0.964264933,0,0.760140639,0.760140639,0,0.650275167,0.650275167,0,0.698309845,0.698309845,0,-0.0255508464,-0.313106872,-31.25,0.785911371,0.785911371,0,0.837392182,0.837392182,0,0.379409925,0.379409925,0
VisualCogB_Task-1.mat,B,Task-1,95,L,0,-1,1.05893336,8.78885367,30.8053885,0.26785025,17.6944218,0.28125,-13.1109667,0.4296875,-47.8622355,553.386416,2.57264131,8.80836966,28.8166647,0.647182586,16.7427406,0.4921875,-12.0739241,0.421875,4.43609242,534.973686,-3.95445005,7.49752076,26.0099249,-0.973591385,10.0498238,0.27734375,-15.9601011,0.4296875,-35.9505033,542.108844,-6.52709136,5.61596492,23.6535469,-1.62077397,3.74676239,0.31640625,-19.9067845,0.48046875,-40.3865957,349.939764,26.7584301,27.3149613,93.6987514,9.41810865,83.9830322,0.6796875,-9.71571922,0.89453125,-77.8858337,644.911747,29.5596234,28.6467221,100.502592,10.4002072,90.0740585,0.671875,-10.4285336,0.89453125,-97.0572089,626.099068,23.7508098,28.3086912,101.245118,8.37208647,86.9391174,0.68359375,-14.3060007,0.890625,-81.5523854,684.013238,-5.80881361,5.27944551,21.3614368,-2.0281207,7.07618713,0.80859375,-14.2852497,0.7578125,15.5048235,349.405845,19.5335216,0.593504888,11.7505603,0.151735693,3.98739037,0.128982748,3.53795939,0.0715896781,9.18118386,0.54882567,11.9387211,0.196099728,3.27112194,0.134122392,0.955014586,0.0713048012,26.8897148,0.605101026,8.52630283,0.137592424,5.94899896,0.141531237,3.40166245,0.0527447845,17.7085309,0.0562753557,-3.41241825,-0.0585073037,2.67787702,0.00740884473,2.44664786,-0.0185600167,0.849809753,0.849809753,0,0.958117171,0.958117171,0,0.774225354,0.774225354,0,0.989864315,0.989864315,0,0.993174866,0.993174866,0,0.982885358,0.982885358,0,0.983022621,0.983022621,0,0.984534563,0.984534563,0,0.958594139,0.958594139,0
VisualCogB_Task-1.mat,B,Task-1,96,R,1,-1,12.6316734,10.1616159,37.5672407,3.18339395,32.7886276,0.33984375,-4.77861309,0.48828125,-36.2982473,452.535843,2.92500526,8.30850954,28.9952717,0.749951691,20.1156502,0.375,-8.87962151,0.4921875,-21.1170279,429.779427,-1.40258776,7.94110155,25.5417919,-0.333519409,13.2295265,0.33984375,-12.3122654,0.28515625,9.12602537,409.273546,-4.32759302,3.34095692,12.4586493,-1.0834711,0.92108202,0.5,-11.5375673,0.2734375,30.2430532,219.307364,37.6516298,34.4631873,112.030703,13.2058941,102.414368,0.62890625,-9.61633492,0.88671875,-279.756902,635.911664,40.7984324,28.522091,92.2363667,14.2980496,97.9838562,0.62890625,5.74748945,0.88671875,-207.391582,609.391652,42.5895646,30.3445311,97.6502147,14.9186404,104.802803,0.6328125,7.15258837,0.88671875,-207.822926,715.729067,1.79113217,3.48234666,11.7499409,0.620590803,7.70253754,0.640625,-4.04740334,0.71484375,-0.431344343,201.602694,12.090432,0.563719839,9.61040397,0.267861227,-2.0872695,0.0285994264,-4.68065432,0.0206378222,7.06888643,0.594188956,8.95907394,0.240095992,-0.00600010504,0.0298268676,-2.15285272,0.0216653959,15.2926866,0.609715747,8.89321987,0.231563007,-1.45648392,0.029793962,-3.05219067,0.0208026536,8.22380022,0.0155267912,-0.0658540673,-0.00853298479,-1.45048381,-3.29055672e-05,-0.899337951,-0.000862742332,0.945736532,0.945736532,0,0.919185742,0.919185742,0,0.916435141,0.916435141,0,0.988957013,0.988957013,0,0.977776817,0.977776817,0,0.994913023,0.994913023,0,0.952870382,0.952870382,0,0.936301796,0.936301796,0,0.987878371,0.987878371,0
VisualCogB_Task-1.mat,B,Task-1,97,L,0,-1,-7.68986744,16.0125977,52.8718987,-1.91520477,19.635807,0.44921875,-33.2360916,0.2890625,192.809451,509.20587,11.8691989,13.7085201,50.8410511,3.03227586,30.9284248,0.3515625,-19.9126263,0.5,-147.864655,564.061079,-3.198902,14.8356271,62.023035,-0.752992867,24.1361561,0.3515625,-37.886879,0.5,-144.381717,507.168147,-15.0681009,6.24517745,21.5606561,-3.78526873,-2.82127523,0.25,-24.3819313,0.40625,3.48293797,375.208503,103.568799,62.8085456,176.383905,36.0461095,187.790222,0.79296875,11.4063168,0.55078125,589.946449,771.858722,-124.432651,43.1324629,157.991188,-43.2617757,-45.3921432,0.5546875,-203.383331,0.8828125,-383.659143,848.880322,-162.009237,51.1226522,180.024368,-56.3465815,-70.1777496,0.55859375,-250.202118,0.8828125,-485.525712,764.592872,-37.5765862,13.1160387,48.2733612,-13.0848058,-18.6335297,0.61328125,-66.9068909,0.78515625,-101.866569,362.594178,0.514195274,0.609855659,1.53707039,0.122488825,1.40556433,0.109243772,4.25322769,0.0988248402,14.1965417,0.869942223,-2.37359256,0.0332910548,-1.33986328,0.0109883838,2.4709388,0.0400076813,6.60427942,0.863099282,2.82347667,0.0310948156,4.06916904,0.0308085042,6.21480233,0.0277677363,-7.59226229,-0.00684294032,5.19706923,-0.00219623927,5.40903232,0.0198201204,3.74386353,-0.012239945,-0.503207605,-0.717872212,-27.34375,-0.330005233,-0.685218075,-39.0625,0.907235488,0.907235488,0,-0.736994213,-0.736994213,0,-0.84772969,-0.84772969,0,0.975468233,0.975468233,0,-0.903516566,-0.903516566,0,-0.927358991,-0.927358991,0,0.994360143,0.994360143,0
VisualCogB_Task-1.mat,B,Task-1,98,R,1,-1,11.1937267,10.221628,38.1794643,2.8464948,28.198988,0.359375,-9.98047638,0.4921875,-64.0089955,330.382618,4.04361675,7.38990435,23.4555082,1.04120559,16.3785763,0.36328125,-7.07693195,0.46484375,-14.9669995,278.408387,-5.08841943,9.86724997,36.7541265,-1.23253162,13.0965567,0.359375,-23.6575699,0.484375,-46.787443,353.441518,-9.13203617,4.45909572,19.295855,-2.2737372,0.306921959,0.3125,-18.9889331,0.484375,-31.8204435,250.800425,30.2576584,30.8690165,120.731457,10.618573,100.507278,0.640625,-20.2241783,0.86328125,-184.919923,800.969393,24.353955,30.765892,116.805134,8.56537142,94.7389603,0.63671875,-22.0661736,0.859375,-182.166265,809.003302,30.5053744,29.9277132,117.900824,10.7007086,104.140503,0.640625,-13.7603207,0.86328125,-135.755252,835.592019,6.15141941,6.29532307,23.8784907,2.13533713,15.4250255,0.89453125,-8.45346522,0.57421875,46.4110126,247.561559,15.7597408,0.584276415,9.49603586,0.166968844,1.0915825,0.115617946,-0.749597591,0.0276042678,13.2093293,0.554577862,8.21581441,0.190590075,4.98877411,0.106721009,-0.631333454,0.0407076691,14.1639015,0.613653877,10.3806476,0.15878126,-0.605955495,0.103550489,-2.84421542,0.0205378603,0.954572191,0.059076015,2.16483321,-0.0318088153,-5.59472961,-0.00317051955,-2.21288196,-0.0201698089,0.881053448,0.881053448,0,0.986073713,0.986073713,0,0.90574147,0.90574147,0,0.991574136,0.991574136,0,0.978658583,0.978658583,0,0.978860477,0.978860477,0,0.958461488,0.958461488,0,0.948963377,0.948963377,0,0.928205524,0.928205524,0
VisualCogB_Task-1.mat,B,Task-1,99,R,1,-1,-16.5970168,8.24222203,30.3319704,-4.12366144,0.674480617,0.3125,-29.6574898,0.4140625,-17.6451461,460.953851,-20.232787,8.09093768,28.5428891,-5.05560909,-4.0060153,0.4765625,-32.5489044,0.27734375,49.5880621,431.632683,-25.2009089,7.3980063,28.7273808,-6.2873785,-9.02952003,0.3125,-37.7569008,0.4140625,-46.3061125,413.186935,-4.96812194,7.48361441,28.5626974,-1.23176941,9.06607437,0.26953125,-19.496623,0.49609375,-95.8941747,249.114628,9.12405436,25.5431679,86.8339939,3.22528425,61.8675346,0.76953125,-24.9664593,0.6484375,129.177164,765.338815,10.249439,23.5421077,77.917841,3.6117472,60.6704788,0.76953125,-17.2473621,0.65234375,111.352942,688.187479,8.90859242,29.5513327,98.8457375,3.16673508,73.1689911,0.7734375,-25.6767464,0.6484375,161.329108,788.384124,-1.3408466,8.70722087,33.5457792,-0.445012113,16.1405869,0.79296875,-17.4051924,0.6015625,49.9761662,399.24011,-11.1133317,0.309721996,-10.1351638,0.216309168,0.591614025,0.175448982,1.28345848,0.198568004,-11.6862865,0.410472442,-12.7185584,0.193908028,-5.80615238,0.0713652746,2.71556075,0.229176795,-12.7399041,0.324215582,-12.9917298,0.201254405,-1.82475009,0.147686824,-0.0191984526,0.241807673,-1.05361759,-0.0862568602,-0.273171419,0.00734637693,3.98140229,0.076321549,-2.7347592,0.0126308781,0.76784595,0.76784595,0,0.912165586,0.912165586,0,0.536190346,0.536190346,0,0.97142279,0.97142279,0,0.990037932,0.990037932,0,0.971464085,0.973575381,-3.90625,0.96454812,0.96454812,0,0.974056329,0.974056329,0,0.936640976,0.940221085,-3.90625
VisualCogB_Task-1.mat,B,Task-1,100,R,1,-1,-28.8984402,6.73920369,23.4916391,-7.22216139,-15.7474508,0.3046875,-39.23909,0.4765625,-44.0891969,522.566933,33.4475688,7.85353918,31.4315815,8.36364863,48.7137108,0.25,17.2821293,0.5,-85.2166649,508.53643,91.0890231,9.92892517,40.5002213,22.8115517,107.801628,0.44921875,67.3014069,0.2734375,83.8377911,496.514404,57.6414543,13.6000989,51.4227009,14.4479031,75.7457714,0.453125,24.3230705,0.25,169.054456,383.643684,0.46358799,22.9902897,84.856041,0.191053761,48.1191139,0.58984375,-36.736927,0.87109375,-204.866295,626.534732,21.6707746,38.4255013,130.513439,7.55973144,99.3506165,0.58984375,-31.1628227,0.87109375,-359.597253,660.826897,102.180946,39.8887533,133.488785,35.553536,172.814926,0.58984375,39.3261414,0.875,-375.587609,693.782227,80.5101715,6.06854509,25.6486931,27.9938046,95.9378738,0.66796875,70.2891808,0.875,-15.9903561,366.089185,12.8014402,0.487655146,16.8707839,0.278045873,9.38258921,0.0888306745,0.0844924108,0.0327277091,-3.82922006,0.344908171,13.7216735,0.399640073,8.73965724,0.100253402,-1.40998689,0.0355740981,9.50296712,0.550924849,14.7760847,0.265342717,8.12229942,0.0669782211,-0.5679957,0.0260146352,13.3321872,0.206016678,1.05441124,-0.134297357,-0.617357814,-0.0332751805,0.841991192,-0.00955946291,0.813212365,0.813212365,0,0.222122314,-0.661622441,35.15625,-0.158386408,-0.687419867,39.0625,0.979284145,0.979284145,0,0.986986317,0.986986317,0,0.988684965,0.988684965,0,0.571690382,0.571690382,0,0.660266028,0.6620947,3.90625,0.519772699,0.520597161,-3.90625
VisualCogB_Task-2.mat,B,Task-2,1,L,0,-1,6.61829559,9.22539737,34.8053217,1.66780725,22.8908577,0.29296875,-11.914464,0.453125,-97.0716497,370.689045,24.5370233,17.4788272,58.4336143,6.17463879,50.9484978,0.29296875,-7.48511648,0.5,-220.577682,460.69445,22.493725,13.3934838,44.8917854,5.65319124,41.8023338,0.29296875,-3.08945155,0.5,-170.806423,338.852468,-2.04329834,4.91836436,15.4330187,-0.521447548,5.39467716,0.4375,-10.0383415,0.26953125,49.7712593,232.516223,-2.0146468,26.4130604,84.4326477,-0.631027223,50.9949951,0.7890625,-33.4376526,0.63671875,128.483823,602.820507,-50.842752,23.7551178,81.3663812,-17.6200451,-5.50115728,0.76171875,-86.8675385,0.8984375,8.00467355,622.116312,-28.691506,23.7835298,80.2794113,-9.94193086,19.2827339,0.76171875,-60.9966774,0.63671875,42.238361,723.231731,22.151246,8.44872395,35.5756989,7.67811425,42.5221786,0.671875,6.9464798,0.58984375,34.2336875,513.21779,1.00117118,0.587005143,-0.465628184,0.105670945,0.943563516,0.181077233,-0.339940623,0.0728124437,4.55142422,0.826329839,2.4412689,0.0353556532,5.67218268,0.0693501152,0.0170828076,0.0173233613,2.99131408,0.858899391,-0.171596108,0.0366474151,-5.57632658,0.0155622488,0.12598119,0.0388837092,-1.56011014,0.0325695524,-2.61286501,0.00129176195,-11.2485093,-0.0537878665,0.108898382,0.0215603479,0.924703747,0.924703747,0,0.910896475,0.910896475,0,0.983980775,0.983980775,0,0.85324336,0.85324336,0,0.922372246,0.922372246,0,0.93682957,0.93682957,0,0.610062075,0.610062075,0,0.721985721,0.721985721,0,0.971724377,0.971724377,0
VisualCogB_Task-2.mat,B,Task-2,2,L,0,-1,-9.40723229,8.1472038,24.586112,-2.34143505,1.69413471,0.3515625,-22.8919773,0.5,-84.9120515,319.601606,-25.0560787,8.43049699,26.494442,-6.25300942,-12.1922607,0.31640625,-38.6867027,0.5,-80.6117419,396.585167,-6.47730777,8.66013032,31.4921722,-1.60014616,6.88205719,0.3515625,-24.6101151,0.5,-86.9333696,353.672693,18.578771,3.09092543,14.2724848,4.65286327,24.5634661,0.421875,10.2909813,0.48828125,-6.32162764,218.26822,6.17639207,34.3706832,115.569149,2.22868607,72.7013855,0.6015625,-42.8677635,0.890625,-302.034007,873.73508,-6.44958328,35.0850802,115.755035,-2.15165258,65.5602036,0.59765625,-50.1948318,0.89453125,-303.5451,808.955958,7.60016948,36.2023189,116.847359,2.71164172,73.5237579,0.609375,-43.3236008,0.890625,-314.116096,908.320524,14.0497528,8.83414766,31.4304867,4.8632943,27.7481508,0.66015625,-3.68233585,0.70703125,-10.5709961,654.392414,10.4389214,0.525043526,14.1332188,0.286237813,6.98359829,0.0475138331,-2.84371766,0.0203362608,11.6961074,0.497498197,17.9148665,0.301773019,13.1931257,0.057755011,-1.75321245,0.0225420484,8.82164916,0.497090994,9.48635321,0.320670403,2.26180409,0.0418536916,-2.27814744,0.0173982413,-2.87445822,-0.0004072024,-8.42851332,0.0188973835,-10.9313216,-0.0159013194,-0.524934987,-0.00514380706,0.959544939,0.959544939,0,0.938915104,0.938915104,0,0.934932253,0.934932253,0,0.990194667,0.990194667,0,0.988511048,0.988511048,0,0.969770003,0.969770003,0,0.967814396,0.967814396,0,0.980284417,0.980284417,0,0.959341062,0.959341062,0
VisualCogB_Task-2.mat,B,Task-2,3,L,0,-1,-8.88325266,9.06278894,30.3355165,-2.20461712,7.40748453,0.3203125,-22.9280319,0.46484375,-86.9745108,346.741783,-10.3245481,6.29346364,18.7671009,-2.5635298,0.438224375,0.31640625,-18.3288765,0.4609375,-41.1269611,296.032757,-15.7147075,5.85021317,19.097301,-3.91442583,-5.82290125,0.3203125,-24.9202023,0.46875,-62.300501,230.531944,-5.39015936,3.74285401,12.6684589,-1.35089602,0.948915482,0.28125,-11.7195435,0.44140625,-21.1735398,215.364586,46.6423716,40.0775969,122.070723,16.4353699,105.816536,0.69140625,-16.2541866,0.5625,10.4806004,722.200537,52.3388836,38.010351,118.657326,18.3940859,111.835693,0.69140625,-6.82163239,0.5625,18.2322423,717.246309,54.4697454,45.4975936,131.783766,19.1872676,115.065353,0.69921875,-16.7184124,0.55078125,46.257543,788.350274,2.13086182,10.1043901,39.4084504,0.793181642,27.0392075,0.7578125,-12.3692429,0.8984375,28.0253007,356.791835,21.3406169,0.834116193,6.44180889,0.07399742,-4.04076841,0.0239947918,-3.92503477,0.0108817689,29.1439395,0.847704439,7.38662567,0.0665224504,2.15419168,0.0190061822,-3.73540183,0.0112646754,19.078017,0.860871095,4.76448863,0.0722421185,-9.04315511,0.00749542947,-6.72768456,0.00448262014,-10.0659225,0.0131666554,-2.62213705,0.0057196681,-11.1973468,-0.0115107527,-2.99228273,-0.00678205529,0.935685066,0.935685066,0,0.939485001,0.939485001,0,0.812422644,0.812422644,0,0.995652484,0.995652484,0,0.992594726,0.992594726,0,0.986688897,0.986688897,0,0.990128621,0.990128621,0,0.991920087,0.991920087,0,0.988883651,0.988883651,0
VisualCogB_Task-2.mat,B,Task-2,4,R,1,-1,-13.9718058,7.21129496,27.1381497,-3.50730519,3.06726694,0.5,-24.0708828,0.37890625,73.2458014,229.854959,-6.22334292,12.7209365,46.3090935,-1.58408686,23.9155979,0.5,-22.3934956,0.26953125,161.75117,318.20417,-14.4605281,12.3080118,40.7640448,-3.6398116,12.2716188,0.49609375,-28.4924259,0.25,151.626402,299.066507,-8.23718521,3.73761745,16.4557266,-2.05572474,0.924656868,0.34375,-15.5310698,0.31640625,-10.1247679,309.486572,85.0306295,24.5877968,88.2070389,29.6454447,134.954208,0.62109375,46.7471695,0.55078125,-103.644477,793.427317,150.59651,21.2402121,103.802467,52.4478238,181.148026,0.875,77.3455582,0.55078125,110.224061,709.545361,137.021432,25.7066288,111.734665,47.7268566,181.668854,0.62109375,69.9341888,0.55078125,21.2690714,951.632374,-13.5750781,14.3328923,52.1786804,-4.72096713,13.4976654,0.625,-38.681015,0.78125,-88.9549891,655.855886,15.8801406,0.790315896,12.8427111,0.117903379,2.64477505,0.00447519002,-2.35123325,0.00984519352,12.5263407,0.824160882,14.9140795,0.0928572324,4.73573008,0.00517200344,0.000260480143,0.00762751526,14.5966485,0.813512462,14.9469456,0.10272286,1.60246865,0.00370010748,-1.09035957,0.00758539467,2.07030772,-0.0106484203,0.0328660806,0.00986562783,-3.13326143,-0.00147189596,-1.09062005,-4.21205877e-05,0.902867701,0.902867701,0,0.924133265,0.924133265,0,0.955932404,0.955932404,0,0.521540193,0.521540193,0,0.845524176,0.845524176,0,0.830148274,0.830148274,0,0.964473778,0.964473778,0,0.984178647,0.984178647,0,0.992509815,0.992509815,0
VisualCogB_Task-2.mat,B,Task-2,5,L,0,-1,9.38494445,9.21927944,32.4863439,2.36012927,25.1406193,0.43359375,-7.34572458,0.47265625,29.3718626,454.632879,24.672244,6.61639586,26.7879581,6.17920286,37.8982925,0.4296875,11.1103344,0.25390625,61.1020954,322.950916,16.8736963,10.1357036,37.8893304,4.23810384,33.9127007,0.4375,-3.97662973,0.25,56.4259726,532.355599,-7.7985477,6.47273022,22.1107559,-1.94109903,3.14089966,0.3125,-18.9698563,0.47265625,-4.6761227,437.549042,37.7137962,33.1020371,117.797338,13.1883752,105.345901,0.65234375,-12.451437,0.87109375,-173.98901,757.171428,59.8526701,34.3340904,123.147678,20.9082743,140.157059,0.6484375,17.0093803,0.87109375,-145.74222,811.735017,49.5236752,33.285055,116.478283,17.291881,120.519707,0.6640625,4.04142332,0.87109375,-168.338514,781.372671,-10.3289949,8.96993828,34.8950062,-3.61639326,5.19674492,0.57421875,-29.6982613,0.74609375,-22.5962932,429.264701,3.5148947,0.504022857,8.40610799,0.0990234702,2.24575363,0.260244246,-5.99586753,0.0460259259,2.31029818,0.591962076,8.98350923,0.135641814,2.3021462,0.135429308,-5.23183453,0.0608262379,4.82805863,0.555733088,10.7754263,0.0978178102,4.71288593,0.209046383,-3.59642023,0.055025379,2.51776045,-0.0362289875,1.79191707,-0.0378240039,2.41073974,0.0736170747,1.6354143,-0.00580085889,0.707566251,0.723356893,3.90625,0.960882753,0.960882753,0,0.779973863,0.779973863,0,0.979956807,0.979956807,0,0.98509113,0.98509113,0,0.96527893,0.96527893,0,0.958849219,0.958849219,0,0.977850596,0.977850596,0,0.967328235,0.967328235,0
VisualCogB_Task-2.mat,B,Task-2,6,R,1,-1,26.2135145,8.68308622,34.6692295,6.58206831,45.6766281,0.47265625,11.0073986,0.25,31.6109539,478.077324,55.8441862,8.38096406,35.8356781,14.023663,65.6120071,0.3671875,29.776329,0.5,-82.5271711,321.775009,71.1616414,6.77836736,26.62146,17.8130421,85.4267578,0.47265625,58.8052979,0.25,38.2104669,412.429413,15.3174552,11.487938,40.7732925,3.78937908,42.154213,0.5,1.38092041,0.3515625,120.737638,315.251663,52.9490819,32.0183001,111.668489,18.5318931,122.167801,0.6875,10.4993114,0.89453125,-78.7710606,840.307351,26.9751692,37.3526255,131.164299,9.48718767,99.2901764,0.68359375,-31.8741226,0.8984375,-210.582046,749.537896,87.9206391,41.6450579,157.663904,30.6919546,181.247803,0.6875,23.5838985,0.890625,-185.123017,1013.85476,60.9454699,10.7815975,44.8236694,21.204767,84.9839401,0.6953125,40.1602707,0.65234375,25.4590291,576.56858,-1.64440031,0.447360335,-1.15471896,0.313608766,-1.11656346,0.114165546,2.57157731,0.078792946,-6.06606511,0.719636417,0.484078626,0.109240506,-3.88667774,0.0640834146,0.232506543,0.0223755089,-7.84208829,0.548077308,-5.12872952,0.169027945,1.84748221,0.131162378,5.64635974,0.110921892,-1.77602318,-0.171559109,-5.61280814,0.0597874393,5.73415995,0.0670789629,5.41385319,0.0885463832,-0.12690031,0.476692954,-78.125,0.924452606,0.924452606,0,-0.138937733,-0.547833338,23.4375,0.917728354,0.917728354,0,0.969759286,0.969759286,0,0.968558476,0.968558476,0,0.531932754,0.536609089,3.90625,0.936255389,0.936255389,0,0.70123987,0.70123987,0
VisualCogB_Task-2.mat,B,Task-2,7,R,1,-1,-45.7115724,10.1643064,30.7391071,-11.4273086,-27.8936749,0.34375,-58.632782,0.48046875,-92.2392136,360.985947,-77.1707361,11.0258949,38.0353355,-19.2788327,-58.7425499,0.34375,-96.7778854,0.5,-105.054416,416.80603,-55.3687571,13.270935,39.5103912,-13.8542819,-35.2245636,0.3046875,-74.7349548,0.4765625,-158.972682,353.916,21.801979,5.76059821,21.705246,5.42455078,31.6810532,0.27734375,9.97580719,0.4375,-53.9182663,288.116837,31.1474186,55.6520969,156.116211,10.8992864,92.81604,0.79296875,-63.3001709,0.55078125,516.592108,574.832558,-21.1931478,45.5195631,132.062992,-7.27446893,30.835186,0.7890625,-101.227806,0.55078125,405.209827,529.362298,32.234176,72.6535465,203.190002,11.2736507,117.756859,0.890625,-85.4331436,0.55078125,689.283111,680.174179,53.4273238,29.4368013,92.8590164,18.5481196,104.723091,0.89453125,11.8640747,0.56640625,284.073283,332.416083,14.2176356,0.745257827,6.5031671,0.0683735469,1.03177697,0.0851444895,3.37073184,0.0585275938,8.18218409,0.747775041,2.74211796,0.0719033707,15.4670153,0.0686370047,4.07276052,0.0540098419,8.47040634,0.828534907,3.87164443,0.0565833673,0.93215756,0.047004062,5.56958894,0.0256454318,0.288222254,0.0807598657,1.12952647,-0.0153200034,-14.5348578,-0.0216329426,1.49682841,-0.0283644101,0.969835849,0.969835849,0,0.92166207,0.92166207,0,0.903828834,0.903828834,0,0.991223239,0.991223239,0,0.996887647,0.996887647,0,0.980304505,0.980304505,0,0.956373028,0.956373028,0,0.98983442,0.98983442,0,0.960980927,0.960980927,0
VisualCogB_Task-2.mat,B,Task-2,8,R,1,-1,-6.23608453,6.86286009,34.036562,-1.58348841,15.604578,0.5,-18.4319839,0.4453125,39.4826976,425.920888,40.0655802,13.2106192,54.2360821,9.98496262,75.2303238,0.5,20.9942417,0.25,165.041365,397.254753,-10.1773239,6.67856114,29.8216057,-2.56019028,6.9815712,0.5,-22.8400345,0.38671875,20.3310461,483.966631,-50.2429041,11.6218118,36.8094535,-12.5451529,-31.4392991,0.2890625,-68.2487526,0.5,-144.710319,313.717689,110.555642,42.9301671,162.646701,38.5448033,169.819412,0.85546875,7.17271137,0.55078125,394.19257,720.727361,173.700604,34.9214138,151.752571,60.5058303,223.737747,0.85546875,71.9851761,0.55078125,302.907907,821.038909,143.024249,58.6577738,201.59038,49.8654621,209.119598,0.8515625,7.52921867,0.55078125,548.018215,715.182546,-30.6763559,27.0840327,79.9179363,-10.6403682,4.85926819,0.80859375,-75.0586681,0.5703125,245.110308,605.248118,13.017528,0.775969506,6.26081877,0.0901230061,5.8247637,0.0417294112,1.90970798,0.0367756564,3.2804996,0.789145719,6.62470936,0.100625973,6.36010282,0.0272933905,4.85756835,0.0319033632,16.2662263,0.817071668,13.4171635,0.085452596,-0.889158883,0.0208670765,1.50220965,0.0222505165,12.9857267,0.0279259493,6.79245412,-0.0151733772,-7.2492617,-0.00642631397,-3.3553587,-0.00965284675,0.671138923,0.671138923,0,0.892771118,0.892771118,0,0.476363496,0.476363496,0,0.982551781,0.982551781,0,0.992008115,0.992008115,0,0.958472707,0.958472707,0,0.97306287,0.97306287,0,0.997407365,0.997407365,0,0.961931339,0.961931339,0
VisualCogB_Task-2.mat,B,Task-2,9,R,1,-1,-8.25177457,5.97529601,20.8915498,-2.0875939,2.75172973,0.31640625,-18.1398201,0.375,-9.75582792,430.346901,-18.067619,8.58956252,33.9234309,-4.55317988,3.97621489,0.4921875,-29.947216,0.29296875,89.5789022,372.126936,-14.2861547,6.12126478,19.8572197,-3.58695563,-4.13702583,0.40625,-23.9942455,0.33984375,30.4086255,369.828295,3.78146426,7.9425775,31.8671384,0.966224251,15.7699952,0.41015625,-16.0971432,0.48828125,-59.1702767,325.000271,34.5873826,30.419233,97.5462751,12.0628939,82.9294434,0.72265625,-14.6168318,0.58203125,143.747968,699.764576,72.9104842,40.3929712,121.900242,25.4486242,125.97538,0.72265625,4.07513809,0.57421875,266.09718,597.050319,41.8252668,33.5052586,104.799757,14.5861154,92.1695251,0.6953125,-12.6302319,0.5859375,169.693902,709.746801,-31.0852174,11.5976127,47.8454415,-10.8625088,-5.08976972,0.55078125,-52.9352112,0.83203125,-96.4032781,385.498961,5.4833976,0.570571721,0.581195074,0.142855358,-0.292806578,0.0875461382,1.97686726,0.154914733,5.63590324,0.81074432,3.67741535,0.09484449,3.32828483,0.0303877614,0.724473881,0.0435171211,0.778899163,0.692639025,-4.14028858,0.0886436991,-3.38276966,0.0815205698,1.11936947,0.0908529184,-4.85700408,-0.118105295,-7.81770392,-0.00620079096,-6.71105449,0.0511328083,0.394895589,0.0473357974,0.226979582,0.230164611,3.90625,0.811132809,0.811132809,0,0.458034022,0.458034022,0,0.961209629,0.961209629,0,0.990293397,0.990293397,0,0.967834521,0.967834521,0,0.946581759,0.946581759,0,0.985840125,0.985840125,0,0.958710561,0.958710561,0
VisualCogB_Task-2.mat,B,Task-2,11,R,1,-1,-2.70490596,6.80512219,26.5750408,-0.687138992,10.586565,0.44921875,-15.9884758,0.4765625,18.9389278,412.408468,62.6296608,9.27087748,27.5590744,15.6691659,76.9659729,0.4453125,49.4068985,0.25,91.3857377,308.970703,-2.62928164,7.61568604,30.623785,-0.671600522,10.0971756,0.4140625,-20.5266094,0.4765625,8.28194373,520.665125,-65.2589424,7.25387152,30.1887647,-16.3407664,-48.6975421,0.25390625,-78.8863068,0.48046875,-83.1037939,317.816438,79.8272969,59.6200181,164.100496,27.7779415,161.623947,0.859375,-2.47654891,0.55078125,568.501601,637.479534,142.426257,48.4467523,132.113602,49.5727856,203.672363,0.8515625,71.5587616,0.59765625,445.765119,610.521045,97.8385631,73.7713915,202.685973,34.0315437,202.162811,0.86328125,-0.523161888,0.55078125,707.095303,705.280327,-44.5876942,28.5737643,82.2853764,-15.5412419,8.39950562,0.87109375,-73.8858708,0.5546875,261.330185,390.377202,-1.99562371,0.557168603,-3.22489123,0.0841583697,-5.45716107,0.110836076,2.08089935,0.195802674,3.57849394,0.704298493,1.01478181,0.0992569234,-5.29569989,0.0397613496,0.170413588,0.114054524,-1.37204326,0.598278208,-1.05542499,0.0763567866,-3.10274708,0.112923129,2.66592411,0.158729728,-4.9505372,-0.106020285,-2.07020681,-0.0229001368,2.19295281,0.0731617792,2.49551053,0.0446752042,0.716088931,0.716088931,0,0.95778044,0.95778044,0,0.646769813,0.646769813,0,0.98598726,0.98598726,0,0.997478374,0.997478374,0,0.975500361,0.975500361,0,0.941166028,0.941166028,0,0.997992039,0.997992039,0,0.939880584,0.939880584,0
VisualCogB_Task-2.mat,B,Task-2,12,R,1,-1,13.5979236,7.50025416,28.1574129,3.41456378,26.8216095,0.3984375,-1.33580339,0.484375,-59.7260756,468.341525,35.1985142,8.19306041,30.3831863,8.83525971,46.6943207,0.33984375,16.3111343,0.48828125,-59.5618181,260.759117,25.1710988,8.14385939,34.2518616,6.32445907,43.251358,0.3984375,8.99949646,0.48828125,-53.6384184,517.445084,-10.0274154,7.56084438,30.1666679,-2.51080064,7.09421158,0.40234375,-23.0724564,0.33203125,5.92339975,474.266396,27.4157137,31.1849006,110.936054,9.57578058,91.8907013,0.73828125,-19.0453529,0.6171875,155.643555,741.811808,48.5889809,31.6270931,106.002071,16.9884238,113.364677,0.734375,7.36260605,0.6171875,129.531015,641.278721,39.8630309,28.9656519,103.098048,13.8981585,100.067451,0.7421875,-3.03059626,0.61328125,145.669131,731.779881,-8.72595,8.65841739,37.1602726,-3.09026528,8.01510811,0.8984375,-29.1451645,0.78515625,16.1381164,489.949927,13.4248738,0.571942633,4.99637196,0.171470898,-7.54657351,0.0658656923,-6.92276577,0.132180353,7.2288014,0.799867754,-0.627887937,0.0526796633,-2.55555012,0.026085615,-5.97325702,0.0623324322,11.6125521,0.517645153,3.74647204,0.125237296,-4.67431492,0.121701988,-4.33225939,0.169753682,4.38375065,-0.282222601,4.37435997,0.0725576331,-2.1187648,0.0956163734,1.64099763,0.10742125,0.741470539,0.741470539,0,0.920507231,0.920507231,0,0.571633216,0.571633216,0,0.969882037,0.969882037,0,0.994021871,0.994021871,0,0.96294893,0.96294893,0,0.956343196,0.956343196,0,0.986351413,0.986351413,0,0.947537216,0.947537216,0
VisualCogB_Task-2.mat,B,Task-2,13,R,1,-1,-2.54259777,8.27465736,36.7014847,-0.660498166,19.3593044,0.2578125,-17.3421803,0.41015625,-65.8071519,377.041883,30.37382,3.9236275,13.915308,7.59741175,36.3383179,0.4375,22.4230099,0.40234375,18.5408871,234.87587,9.00691922,6.67768431,25.1397352,2.22962985,21.3542786,0.2578125,-3.78545666,0.41015625,-10.7483179,392.439885,-21.3669008,6.35991922,21.7970726,-5.3677819,-8.04013062,0.25,-29.8372032,0.3125,-29.289205,280.909451,61.0288712,23.3535859,76.0352592,21.2266041,100.175438,0.60546875,24.1401787,0.83203125,-197.510885,613.956131,79.3528873,30.8787047,85.0014229,27.5859412,121.92878,0.56640625,36.9273567,0.83984375,-283.338054,529.941329,96.2906325,22.2743026,77.8595848,33.5059608,140.872833,0.61328125,63.0132484,0.77734375,-156.590591,640.251909,16.9377452,15.1575673,62.9192429,5.92001962,42.2066422,0.8671875,-20.7126007,0.55078125,126.747463,369.143642,14.1936242,0.652208385,15.403279,0.180807997,5.77819231,0.0533248676,4.89026114,0.0131960767,11.4028,0.697813521,13.3731576,0.158561032,6.16448884,0.0366459597,1.49573229,0.0123330797,23.7919432,0.70417993,14.7794171,0.158849427,1.92539317,0.0332977111,5.50770802,0.00767964688,12.3891432,0.00636640829,1.40625955,0.000288394663,-4.23909567,-0.00334824854,4.01197573,-0.00465343277,0.172829121,-0.520437599,-27.34375,0.850219286,0.850219286,0,0.372847174,-0.63462115,31.25,0.97670767,0.97670767,0,0.953463764,0.953463764,0,0.886801582,0.886801582,0,0.93973038,0.943069074,3.90625,0.97862595,0.97862595,0,0.918763938,0.922704394,-7.8125
VisualCogB_Task-2.mat,B,Task-2,15,R,1,-1,6.06008225,5.84257603,23.5133629,1.53590382,14.6429949,0.34765625,-8.870368,0.25390625,19.286235,368.337,40.0305873,7.68192461,31.7606335,10.0318152,53.9125366,0.34375,22.1519032,0.4765625,-68.7518278,289.63974,2.49779648,5.15799571,25.121767,0.645039145,11.9445028,0.41015625,-13.1772642,0.25,14.8481823,306.678377,-37.5327908,7.14011113,30.078876,-9.38677601,-21.5773044,0.5,-51.6561804,0.25,83.6000101,234.854458,21.6673996,25.4746608,76.1199646,7.57530146,68.0705872,0.71875,-8.04937744,0.60546875,45.705665,530.788799,8.07587941,24.1397629,81.9148579,2.84478147,53.5081978,0.71875,-28.4066601,0.83984375,-86.3277085,510.538884,14.9569598,29.5226728,92.075367,5.2688609,73.6086197,0.73828125,-18.4667473,0.83984375,0.715824183,621.209423,6.88108044,12.4777782,46.5112311,2.42407944,28.5264549,0.7421875,-17.9847761,0.56640625,87.0435327,253.205938,-5.37628754,0.532824198,0.806535507,0.176529638,-6.96721948,0.0351487323,4.5439075,0.168035197,-2.41080052,0.740352352,-3.58826748,0.063890959,-5.13535862,0.0459320023,6.22941462,0.0923230669,-0.128593432,0.565512843,9.55835861,0.216925941,-2.73441807,0.0344314377,2.06898567,0.0879404145,2.28220709,-0.17483951,13.1466261,0.153034982,2.40094055,-0.0115005646,-4.16042896,-0.00438265241,0.514180492,-0.60748592,-74.21875,0.917102794,0.917102794,0,0.437061889,-0.667944026,74.21875,0.841699113,0.841699113,0,0.975480772,0.975480772,0,0.911095478,0.911095478,0,0.181537108,-0.581280527,-78.125,0.970045487,0.970045487,0,0.279424253,-0.528688433,78.125
VisualCogB_Task-2.mat,B,Task-2,17,L,0,-1,-26.0170792,8.60237565,40.0608101,-6.43689477,-11.0290222,0.3046875,-51.0898323,0.25,-30.2830539,468.338684,55.8018839,12.9740648,60.7856007,14.0081965,73.9436874,0.46875,13.1580868,0.25,155.119087,396.733864,0.390917381,8.40403773,43.2566795,0.156618303,12.7093792,0.4609375,-30.5473003,0.25,61.2095103,409.575068,-55.4109666,7.84581676,24.7090983,-13.8515782,-43.3242922,0.30859375,-68.0333905,0.4765625,-93.9095771,225.665248,109.76465,27.3109246,121.829241,38.3355729,143.435959,0.74609375,21.6067181,0.55078125,171.035112,567.047495,180.098655,27.2186326,94.8764801,62.8366927,215.380936,0.65234375,120.504456,0.55078125,-111.979186,629.971493,188.627617,43.1857301,165.957607,65.7896603,228.068207,0.7734375,62.1105995,0.55078125,336.20096,622.768686,8.52896148,46.0966067,146.282883,2.95296755,81.6875381,0.8984375,-64.5953445,0.58203125,448.180145,550.894828,17.6621993,0.754021136,8.07340572,0.136658448,-3.10558202,0.0263064458,-0.565553941,0.00429450876,14.7533451,0.786935661,12.5074519,0.120420536,1.29200083,0.0142599929,-0.214378188,0.00293891544,13.5830753,0.805856906,10.6980229,0.108231671,-3.51231849,0.0137782115,-0.116431117,0.0025785034,-1.17026983,0.0189212447,-1.80942898,-0.0121888648,-4.80431932,-0.000481781417,0.0979470711,-0.000360412039,0.196839776,-0.54817276,27.34375,0.664010167,0.664010167,0,0.813491686,0.813491686,0,0.424471132,-0.551348228,-74.21875,0.965258388,0.965258388,0,0.204586085,-0.631215659,70.3125,0.926869184,0.946840207,19.53125,0.992573151,0.992573151,0,0.930382344,0.948363723,-23.4375
VisualCogB_Task-2.mat,B,Task-2,18,R,1,-1,-11.9768291,10.077122,34.7491665,-2.96546815,8.89787292,0.37890625,-25.8512936,0.26953125,49.1604114,389.387764,-37.2001277,12.2084888,40.8184834,-9.29067314,-19.9897518,0.390625,-60.8082352,0.265625,138.862378,367.540245,-33.5480266,9.45670069,32.5203629,-8.36085888,-12.4626617,0.375,-44.9830246,0.265625,38.815641,394.260239,3.65210106,8.44451254,28.3852692,0.929814257,16.3726349,0.3046875,-12.0126343,0.4765625,-100.046737,363.180748,19.1102852,36.2574021,116.428465,6.78326532,91.3670731,0.734375,-25.0613918,0.55078125,120.031379,751.53339,14.0201315,36.507089,125.177383,5.0198417,87.5453186,0.73046875,-37.6320648,0.55078125,141.926231,695.919623,6.25449474,40.5277434,131.905525,2.33436092,85.67453,0.734375,-46.2309952,0.55078125,151.815439,804.139306,-7.76563675,5.20065228,21.4376554,-2.68548078,3.90016937,0.75,-17.5374861,0.87890625,9.88920844,268.509199,19.3855626,0.751627298,-0.44486006,0.090360402,-6.95714095,0.0256747288,3.10912182,0.052805229,2.83522158,0.818219284,4.33114146,0.0649929636,-3.98739768,0.0166600855,2.11933215,0.0388350426,15.3898778,0.804879225,-0.1005191,0.0671823646,-8.53052612,0.012962463,5.1781347,0.044963975,12.5546562,-0.0133400581,-4.43166056,0.00218940104,-4.54312843,-0.00369762249,3.05880255,0.00612893239,0.787000549,0.804383,-3.90625,0.962958661,0.962958661,0,0.723965627,0.746525177,3.90625,0.99482532,0.99482532,0,0.997098946,0.997098946,0,0.996322827,0.996322827,0,0.953213871,0.953213871,0,0.994673535,0.994673535,0,0.968376868,0.968376868,0
VisualCogB_Task-2.mat,B,Task-2,19,R,1,-1,-9.93208662,9.47392719,29.7015448,-2.51544251,4.9465189,0.29296875,-24.7550259,0.37890625,-92.3661002,313.738213,-16.4756119,4.19142233,15.4557276,-4.14288979,-9.09853077,0.5,-24.5542583,0.3828125,-2.10967361,220.15675,-11.9928379,6.37145627,20.5436959,-3.03196935,-1.18786001,0.25390625,-21.7315559,0.46484375,-59.8111787,270.36175,4.48277403,6.08558835,23.3779774,1.11092044,15.3835201,0.3125,-7.99445724,0.47265625,-57.7015051,329.317455,52.2056423,38.3241813,117.15999,18.2740909,124.506569,0.63671875,7.34657907,0.81640625,-295.252546,757.861512,69.198172,17.2894609,77.0959396,24.1384945,111.516609,0.6328125,34.4206696,0.55078125,-87.6002798,601.13481,83.7951799,48.1467959,148.619144,29.2680101,173.06015,0.63671875,24.4410057,0.81640625,-366.34208,906.422018,14.5970079,33.1881589,90.4219418,5.1295156,67.2919998,0.6640625,-23.1299419,0.8203125,-278.7418,436.567306,13.159875,0.731753027,3.84303029,0.155499877,-0.313688383,0.0178784791,-4.06906904,0.00685363512,12.6092505,0.789054326,17.2356913,0.111479965,-3.38426868,0.00954144657,-1.38882096,0.0101324905,12.6123623,0.763642141,8.3804541,0.138029945,-0.328140052,0.00725031589,-3.58153617,0.00327500367,0.00311184493,-0.0254121845,-8.8552372,0.0265499798,3.05612863,-0.00229113067,-2.19271521,-0.00685748687,0.367401458,0.667841934,39.0625,0.915577968,0.917476657,3.90625,0.395594897,0.625019932,-31.25,0.91696513,0.91696513,0,0.994859984,0.994859984,0,0.910335775,0.910335775,0,0.895021795,0.895485651,-3.90625,0.986836899,0.986836899,0,0.934776665,0.935225977,3.90625
VisualCogB_Task-2.mat,B,Task-2,20,L,0,-1,-103.046172,9.39586317,42.9979095,-25.7989334,-79.5088196,0.5,-122.506729,0.34765625,74.279498,432.596558,-29.2570088,21.2203545,76.771347,-7.34798757,17.1632271,0.5,-59.60812,0.25390625,257.578673,552.816864,-66.6913342,15.9537921,64.2683945,-16.6958206,-28.6724396,0.5,-92.940834,0.25,192.035419,510.053711,-37.4343254,13.0075574,44.0614882,-9.34783308,-15.7823982,0.2890625,-59.8438864,0.48046875,-65.5432545,583.772224,77.8478902,24.4110159,93.8205805,27.1269211,109.450081,0.76953125,15.6295004,0.55078125,202.637913,505.729396,132.408856,10.536917,36.9270859,46.0793632,148.675354,0.75,111.748268,0.55078125,0.0615817571,367.55291,172.540221,34.3377073,125.143684,60.071839,213.468887,0.76953125,88.3252029,0.55078125,300.259258,639.6065,40.131365,31.6949122,106.411232,13.9924758,82.9211426,0.8984375,-23.4900894,0.5546875,300.197677,596.423631,-0.284216251,0.822172724,-1.64949088,0.0903827346,-0.748237589,0.00730781223,1.53778709,0.00746022998,-3.31463049,0.789679615,-2.95033957,0.102850511,-2.17076544,0.0129708487,2.55368327,0.0122240235,-1.20504679,0.82000601,-2.33814797,0.0931612187,2.37296254,0.010613302,2.79904542,0.00355225761,2.1095837,0.0303263953,0.612191606,-0.00968929228,4.54372798,-0.00235754667,0.245362142,-0.00867176594,0.636613817,0.636613817,0,0.848389497,0.848389497,0,0.791076787,0.791076787,0,0.48459298,0.487602055,3.90625,0.99109642,0.99109642,0,0.394591752,0.423355563,-66.40625,0.933702522,0.941112804,27.34375,0.979406567,0.979406567,0,0.97203819,0.97203819,0
VisualCogB_Task-2.mat,B,Task-2,21,R,1,-1,-54.3388915,11.0845424,41.2896328,-13.6149321,-26.8464146,0.3046875,-68.1360474,0.3671875,-23.5194727,642.270981,-0.262230112,13.9055362,63.1635246,-0.086345699,35.8817139,0.5,-27.2818108,0.25390625,164.51728,431.537375,-60.1102769,10.3147986,50.3119907,-15.0695354,-28.9683361,0.5,-79.2803268,0.26953125,73.4161288,551.746437,-59.8480468,7.58736685,32.4715948,-14.9831897,-44.002903,0.25,-76.4744978,0.4765625,-91.1011509,296.175194,98.112774,37.1387482,138.255246,34.2545039,139.521866,0.79296875,1.26661992,0.55078125,309.25455,559.191924,195.29084,37.3320369,138.938049,68.0480568,235.83429,0.79296875,96.8962402,0.55078125,310.22716,540.420075,172.94244,60.7317881,213.118401,60.2892771,237.323853,0.8984375,24.205452,0.55078125,564.178805,720.201523,-22.3484,26.176678,95.3250504,-7.75877967,22.6342621,0.87890625,-72.6907883,0.55078125,253.951645,402.598161,23.2976553,0.823812718,8.33508487,0.0475294562,4.08934296,0.0479644286,1.49336322,0.0159566473,9.56478813,0.874143663,13.18392,0.041964123,3.4046384,0.0152297875,0.48440195,0.00778873571,9.12843028,0.868574002,13.7471097,0.0482299228,2.29081839,0.0143903141,0.095493626,0.00728535014,-0.436357852,-0.00556966177,0.563189707,0.00626579985,-1.11382001,-0.000839473487,-0.388908324,-0.000503385571,0.33018491,-0.404776676,42.96875,0.747984167,0.747984167,0,0.844265965,0.844265965,0,0.99631684,0.99631684,0,0.973454941,0.973454941,0,0.96963929,0.96963929,0,0.970118462,0.970118462,0,0.992285379,0.992285379,0,0.98173376,0.98173376,0
VisualCogB_Task-2.mat,B,Task-2,22,R,1,-1,4.48757131,4.56374207,21.7826233,1.11108104,17.3714142,0.3125,-4.41120911,0.36328125,-5.8959848,285.299766,36.0450717,8.02615573,30.6035461,8.9922784,54.1238403,0.49609375,23.5202942,0.26171875,89.3228066,281.559799,14.8289016,8.61191345,30.5293956,3.69234531,31.5474091,0.5,1.01801348,0.36328125,89.4743873,333.11034,-21.2161701,2.8255624,10.926429,-5.29993309,-16.3245983,0.42578125,-27.2510273,0.3671875,0.15158072,154.133213,49.0211623,25.2487677,104.076631,17.1371756,108.184959,0.66015625,4.10832882,0.5625,12.5831176,651.302407,107.851911,27.0557907,112.028301,37.6016751,162.644958,0.66015625,50.6166573,0.55078125,66.6885337,630.661177,135.187419,38.943963,134.691265,47.1035459,179.00148,0.66015625,44.310215,0.55078125,273.28211,729.742528,27.335508,21.2970017,72.4903336,9.50187086,63.3475876,0.88671875,-9.14274597,0.56640625,206.593576,304.443403,2.6349472,0.691385985,5.47655785,0.174054026,-0.583089198,0.0368333149,-1.99582576,0.0380915054,5.94197445,0.780802673,5.98378583,0.136777,0.425056155,0.0211544307,-1.35827178,0.0190726424,5.74900193,0.840795939,7.48844141,0.0899348698,1.26745348,0.014551486,-1.12347726,0.0136864973,-0.192972517,0.0599932663,1.50465558,-0.0468421301,0.842397324,-0.00660294469,0.234794513,-0.00538614507,0.399558624,0.399558624,0,0.541304116,0.541304116,0,0.944729246,0.944729246,0,0.970753158,0.970753158,0,0.732403659,0.732403659,0,0.85183374,0.85183374,0,0.95000726,0.95000726,0,0.908840436,0.908840436,0,0.971691268,0.971691268,0
VisualCogB_Task-2.mat,B,Task-2,24,L,0,-1,-14.9342215,12.3386654,48.3427935,-3.78152429,10.1511736,0.25,-38.1916199,0.41796875,-90.3844175,449.439573,-29.9435759,12.5524896,60.3619123,-7.55725307,4.21032,0.25,-56.1515923,0.41796875,-98.3088793,444.843264,-52.0055977,12.2291546,43.8167667,-13.0357549,-30.0850964,0.25,-73.9018631,0.37109375,-99.5887042,384.161308,-22.0620218,8.13534576,31.5868721,-5.47850179,-8.37837219,0.328125,-39.9652443,0.375,-1.2798249,434.124903,16.5425079,39.6189406,130.368877,5.82046556,99.5483475,0.77734375,-30.8205299,0.62109375,286.775193,643.834056,19.3398714,41.7501181,129.407925,6.80949724,98.7846222,0.77734375,-30.6233025,0.5859375,315.259969,683.568776,-16.9857883,48.138789,158.416901,-5.82303063,79.9754486,0.7734375,-78.441452,0.61328125,333.891278,812.204137,-36.3256596,11.924034,49.0243587,-12.6325279,-8.55448151,0.8046875,-57.5788403,0.86328125,18.6313081,635.784433,3.0695923,0.682437289,2.36432504,0.167453255,-6.25976612,0.0150251656,3.95110761,0.0441947253,-0.443167893,0.725571748,-0.307506204,0.128877628,-1.35190972,0.0222653227,-2.1169508,0.030700236,4.27065066,0.674028522,5.21379025,0.171885264,-4.30252198,0.0254755009,5.49221321,0.0334613857,4.71381856,-0.0515432259,5.52129645,0.0430076355,-2.95061226,0.00321017816,7.60916401,0.00276114973,0.884054745,0.884054745,0,0.953765578,0.953765578,0,0.784766848,0.784766848,0,0.983133785,0.983133785,0,0.99592471,0.99592471,0,0.974781704,0.974781704,0,0.963704738,0.964302927,3.90625,0.972531203,0.972531203,0,0.917711258,0.918314453,-3.90625
VisualCogB_Task-2.mat,B,Task-2,25,L,0,-1,-10.4013302,28.76623,100.25301,-2.72177802,63.7743034,0.5,-36.4787064,0.3828125,274.719416,546.124886,-69.9776638,28.7713882,97.5096961,-17.6186562,0.683783591,0.5,-96.8259125,0.390625,261.086584,528.256161,-80.4766398,29.9710312,107.6349,-20.2696854,0.87081629,0.5,-106.764084,0.3671875,248.28317,542.834278,-10.4989759,3.75604423,17.9617443,-2.65102921,0.1870327,0.5,-17.7747116,0.36328125,-12.8034142,228.083733,93.2868054,11.9130567,44.2031555,32.4442703,111.88401,0.84375,67.6808548,0.6015625,106.260205,369.062741,-0.800860921,7.68779381,28.1523714,-0.306728021,16.645731,0.87890625,-11.5066404,0.68359375,42.4841134,362.007832,65.9520265,22.9237871,74.8426456,22.9722362,95.4367218,0.84765625,20.5940762,0.5546875,213.456868,388.170284,66.7528874,20.8804351,74.6338711,23.2789642,89.5346661,0.8203125,14.900795,0.5546875,170.972754,358.129899,8.95170037,0.778608475,15.9841769,0.129604469,-2.31640391,0.00675721653,-1.48713479,0.00714801461,9.58123467,0.737492419,15.9302503,0.155854149,7.28727366,0.0102516844,1.5550763,0.00903037878,7.25577171,0.828454187,14.1744715,0.095528095,-0.831205112,0.00523102178,-1.3545825,0.00432481897,-2.32546296,0.0909617677,-1.75577881,-0.0603260543,-8.11847877,-0.0050206626,-2.9096588,-0.00470555981,0.996953935,0.996953935,0,0.988306497,0.988306497,0,0.992654178,0.992654178,0,0.602325611,0.633738394,-7.8125,0.956890371,0.956890371,0,0.421627407,0.632665623,46.875,0.926130836,0.926130836,0,0.98071428,0.98071428,0,0.928519894,0.928519894,0
VisualCogB_Task-2.mat,B,Task-2,26,R,1,-1,-46.9825832,8.04922452,30.8224545,-11.7729134,-31.3504505,0.31640625,-62.172905,0.4296875,-78.3596113,356.56076,-3.85101147,13.2042658,41.1533966,-0.992587367,18.6164284,0.25,-22.5369682,0.484375,-169.663593,328.708466,-54.1865462,12.871848,42.3183937,-13.5782278,-34.0792503,0.3125,-76.397644,0.4296875,-149.113653,439.252716,-50.3355347,4.99296383,21.1058273,-12.5856405,-37.0628891,0.48828125,-58.1687164,0.33203125,20.549939,363.031651,70.1007833,18.5241753,63.6738853,24.4240181,98.8011246,0.76953125,35.1272392,0.55078125,151.248325,568.58946,41.6475676,15.1318121,68.1740561,14.5021356,72.4831772,0.5625,4.30912113,0.890625,-127.409216,541.866872,66.0216102,25.5543563,79.2120819,23.0043408,98.9314651,0.78125,19.7193832,0.55078125,230.319399,527.801538,24.3740426,36.7129578,122.912599,8.50220515,78.5556192,0.8984375,-44.3569794,0.55078125,357.728615,389.434699,14.292779,0.720960806,15.9149262,0.143409722,11.6466031,0.0372733501,-2.57741079,0.00595939876,8.49314581,0.593523035,22.7574406,0.231139501,7.20868677,0.0556279567,2.13639051,0.0101338197,8.23406399,0.732588703,12.6745862,0.139224321,10.1263939,0.0311014583,-0.789970357,0.00649894158,-0.259081817,0.139065668,-10.0828543,-0.0919151808,2.91770713,-0.0245264984,-2.92636087,-0.0036348781,0.876162626,0.880593791,-3.90625,0.950310725,0.950310725,0,0.926986632,0.926986632,0,-0.448631154,-0.605684299,-27.34375,0.977770171,0.977770171,0,-0.602358442,-0.666044743,19.53125,0.753535838,0.768652019,11.71875,0.986063931,0.986063931,0,0.724286244,0.759628788,-19.53125
VisualCogB_Task-2.mat,B,Task-2,27,L,0,-1,-33.8053619,12.2102908,42.8379898,-8.44061152,-15.5399551,0.34765625,-58.3779449,0.45703125,-141.43145,440.559761,-146.130089,26.3278489,86.5315018,-36.5515469,-103.534004,0.28125,-190.065506,0.45703125,-344.015698,570.559326,-34.9140377,29.0870967,90.6584892,-8.68329722,-0.454868376,0.2890625,-91.1133575,0.5,-379.845812,503.380967,111.216052,10.9723897,39.7949982,27.8682497,125.293091,0.41015625,85.4980927,0.5,-35.8301139,363.368741,-33.6843095,29.0194552,90.1952639,-11.5624803,13.2320528,0.671875,-76.9632111,0.89453125,-90.8956007,621.8125,-135.637915,27.4390222,96.4988937,-47.0169846,-102.972816,0.67578125,-199.47171,0.5703125,108.758288,565.211552,-108.148192,33.5122798,107.863529,-37.4744947,-54.0910454,0.6640625,-161.954575,0.890625,-196.882199,612.657457,27.4897221,31.3020786,98.3444061,9.54248989,79.6894531,0.55078125,-18.654953,0.88671875,-305.640487,329.249583,-2.84975299,0.642828908,-5.7993573,0.168549801,-5.66319758,0.0543215579,-3.81439744,0.0428542458,-0.644347498,0.791898226,-4.94067671,0.0890845341,-5.83613531,0.0279143614,0.864209669,0.024404789,-2.11455416,0.770843494,-5.47526176,0.104697281,-5.20923078,0.0254421957,-4.34087338,0.0138951374,-1.47020666,-0.0210547314,-0.534585052,0.0156127471,0.626904531,-0.00247216575,-5.20508305,-0.0105096516,0.910377794,0.910377794,0,0.935779368,0.935779368,0,0.926364725,0.926364725,0,0.736827716,0.736827716,0,0.947015438,0.947015438,0,0.48728094,-0.564012331,-78.125,0.486305589,0.486305589,0,0.545234253,0.545234253,0,0.594741601,0.601214997,-11.71875
VisualCogB_Task-2.mat,B,Task-2,28,L,0,-1,-5.47379566,9.90768957,39.8557434,-1.36481332,16.3419552,0.375,-23.5137882,0.41796875,18.6918997,534.865682,-16.1243419,12.7780524,42.2665288,-4.02471566,2.24477363,0.37109375,-40.0217552,0.46875,-129.833191,498.88776,-5.85121051,10.8383026,44.6380386,-1.45048637,16.3400574,0.37109375,-28.2979813,0.41796875,12.8003903,562.639165,10.2731314,12.6421439,43.9456791,2.57422929,38.5295162,0.47265625,-5.41616297,0.25390625,142.633581,408.846879,30.099876,37.4022074,132.788044,10.6238285,113.267494,0.6640625,-19.5205498,0.55859375,-83.9354169,767.518161,-4.30734032,37.8057653,127.974731,-1.40025417,84.1525497,0.6640625,-43.8221817,0.5625,-87.457738,845.262498,32.3164326,39.9253187,140.493479,11.4121915,119.049225,0.6640625,-21.4442539,0.55859375,-89.7629284,780.677157,36.6237729,10.0325615,36.1707559,12.8124456,52.0094681,0.69140625,15.8387122,0.8984375,-2.30519047,397.114996,18.1374235,0.580474865,5.80787898,0.206563426,3.91142266,0.0768091068,3.08967119,0.0576835771,8.93433775,0.552716389,4.84432007,0.199110828,4.32237138,0.0920111129,4.74544462,0.0671471667,17.5456905,0.608509208,8.85541287,0.194425717,9.05011388,0.0902890816,1.02508143,0.0395333593,8.61135274,0.0557928183,4.0110928,-0.00468511178,4.7277425,-0.00172203132,-3.72036318,-0.0276138074,0.486669102,0.486669102,0,0.952439584,0.954424721,3.90625,0.436571343,0.436571343,0,0.980280233,0.980280233,0,0.996307351,0.996307351,0,0.968146508,0.968436963,-3.90625,0.831011353,0.831011353,0,0.988518874,0.988518874,0,0.802450662,0.805951285,-3.90625
VisualCogB_Task-2.mat,B,Task-2,29,L,0,-1,-42.6991187,12.5870115,47.8409443,-10.67511,-20.3970394,0.25,-68.2379837,0.4921875,-132.289471,487.318642,-55.0420473,11.1595428,40.1382294,-13.7757255,-34.0761337,0.25,-74.2143631,0.48828125,-120.211033,467.670563,-88.8165264,14.6888581,56.8924103,-22.1748579,-68.4985275,0.25,-125.390938,0.49609375,-169.853775,470.001862,-33.7744791,7.23833493,31.0483093,-8.39913245,-24.8557739,0.296875,-55.9040833,0.5,-49.6427415,404.774689,48.9726383,25.8430173,111.105564,17.105526,88.4985733,0.875,-22.6069908,0.55078125,233.687702,788.33991,11.3181503,15.8637396,74.3042374,3.98378107,36.1564369,0.89453125,-38.1478004,0.55078125,111.844791,575.48192,30.2901022,37.1065139,144.03186,10.6373477,79.7201767,0.87890625,-64.3116837,0.55078125,350.741085,712.036781,18.9719519,27.2354221,78.0899973,6.65356665,51.9261141,0.8046875,-26.1638832,0.55078125,238.896293,453.539585,13.4595086,0.680632184,4.32616174,0.170788592,-0.755735324,0.0311948977,1.30969622,0.0237343804,-0.312246662,0.690652496,-2.04920961,0.162876196,-1.82158792,0.0223824745,0.620511022,0.0266232723,11.58929,0.711019541,13.4610723,0.152411923,4.22261104,0.0303128869,2.67040863,0.0178441815,11.9015366,0.0203670452,15.5102819,-0.010464273,6.04419896,0.00793041244,2.04989761,-0.00877909077,0.964840207,0.964840207,0,0.938653335,0.938653335,0,0.878180829,0.878180829,0,0.853157902,0.853157902,0,0.973728803,0.973728803,0,0.753237318,0.753237318,0,0.929524624,0.929524624,0,0.992030295,0.992030295,0,0.910943713,0.910943713,0
VisualCogB_Task-2.mat,B,Task-2,30,R,1,-1,-49.8839455,3.83092702,14.9120445,-12.4636313,-41.6463127,0.36328125,-56.5583572,0.4921875,-1.58839461,263.877914,-25.9671624,8.38666468,29.1856995,-6.47708994,-13.7629623,0.46875,-42.9486618,0.28125,97.0300809,275.130188,7.26391765,13.5296201,48.9507275,1.8278993,28.6877899,0.5,-20.2629375,0.25,177.39109,350.220416,33.23108,7.31258078,29.3491344,8.30498924,48.6175232,0.5,19.2683887,0.25,80.3610093,336.369029,-32.5927226,8.1375771,31.9329033,-11.3140387,-22.0250015,0.796875,-53.9579048,0.578125,29.0745654,363.173499,-1.55774965,6.36607416,27.1748958,-0.531976249,7.7669158,0.703125,-19.40798,0.58203125,18.8078369,349.66927,73.7673044,13.4444709,48.7834587,25.6927278,89.4275055,0.80078125,40.6440468,0.55078125,100.777589,280.893116,75.3250541,9.47541266,39.6963382,26.2247041,88.7815862,0.81640625,49.085248,0.55078125,81.9697523,198.490892,-16.2023671,0.480839189,-21.835713,0.106429809,-12.6128783,0.198185283,-3.36498454,0.129967826,-11.864856,0.70452111,-22.9696878,0.0584209585,-13.2411673,0.113151836,-4.12271104,0.0641385249,0.715113972,0.897816762,-20.4137461,0.0253360407,-18.5248003,0.00848084129,-4.29006252,0.0186810148,12.57997,0.193295651,2.55594172,-0.0330849178,-5.28363302,-0.104670994,-0.167351482,-0.0454575101,0.439654008,-0.525113899,62.5,0.155874177,-0.540123257,70.3125,0.880919046,0.880919046,0,0.955326475,0.955326475,0,0.836298055,0.836298055,0,0.768194644,0.768194644,0,0.820821064,0.826048369,3.90625,0.775640003,0.800811961,15.625,0.975277735,0.975277735,0
VisualCogB_Task-2.mat,B,Task-2,31,R,1,-1,-13.6830079,8.1259527,25.8826259,-3.42111333,-1.70400965,0.31640625,-27.5866356,0.44140625,-84.6975229,350.75822,32.2313038,5.99435496,22.7701797,8.059976,43.7523384,0.375,20.9821587,0.44140625,3.18363778,385.560547,-2.30116927,5.34180374,20.2199879,-0.572954662,8.9230051,0.37109375,-11.2969828,0.3984375,-21.925452,392.152227,-34.5324731,4.62306032,15.3024521,-8.63293066,-26.4536495,0.2734375,-41.7561016,0.4765625,-25.1090897,313.98033,91.2717512,17.7507374,70.8622742,31.8197155,113.723862,0.72265625,42.8615875,0.55078125,74.0835335,498.807365,104.635143,15.3220476,53.2207108,36.4513572,136.754852,0.625,83.5341415,0.89453125,-79.4158836,445.407545,149.779273,23.7093684,94.6745605,52.1926601,175.980164,0.72265625,81.305603,0.55078125,155.795814,497.037658,45.1441298,24.8094889,81.6653519,15.7413028,75.8753967,0.88671875,-5.78995514,0.55078125,235.211697,266.3838,9.20114511,0.811947935,3.89124547,0.0821432139,-5.9255423,0.0136306061,-0.542573779,0.00899364983,7.02908527,0.79870501,2.60026048,0.0912372581,-7.46343038,0.0105643108,-2.13930981,0.0130038038,9.43961612,0.822332051,5.81743104,0.0804326415,-2.93098519,0.0125436364,0.93189026,0.00649283875,2.41053085,0.0236270416,3.21717056,-0.0108046167,4.53244519,0.00197932561,3.07120007,-0.00651096504,0.52498061,0.554198775,-3.90625,0.792224297,0.793962289,3.90625,0.672916508,0.707457609,3.90625,0.539098057,0.546832264,3.90625,0.93522754,0.93522754,0,0.249656617,-0.732091469,58.59375,0.9399069,0.945632998,11.71875,0.993326292,0.993326292,0,0.941995229,0.945765166,-11.71875
VisualCogB_Task-2.mat,B,Task-2,32,R,1,-1,-16.9849629,8.07809274,33.4629838,-4.22827537,2.8504293,0.27734375,-30.6125546,0.44921875,-89.9061974,376.163656,-84.6064168,13.6867684,46.0503807,-21.156138,-57.1669731,0.2734375,-103.217354,0.4453125,-175.063203,366.773346,-55.7405116,12.9058987,45.6498661,-13.9254804,-30.5786724,0.27734375,-76.2285385,0.453125,-164.716525,397.638443,28.8659053,5.16469744,22.4837494,7.23065762,39.5305252,0.38671875,17.0467758,0.32421875,10.3466783,362.74353,45.8421318,48.4523132,143.998535,16.1437426,103.750702,0.6953125,-40.2478333,0.87890625,-336.597903,718.612639,-29.6385777,39.338945,120.832468,-10.1130444,17.6476307,0.73046875,-103.184837,0.8828125,-237.121943,624.861582,-3.07692063,64.4440713,182.380714,-0.846150207,73.706871,0.65625,-108.673843,0.87890625,-492.938874,842.140894,26.5616571,33.2350709,92.9702093,9.26689416,73.7519256,0.65625,-19.2182837,0.76953125,-255.816931,501.211492,18.7099142,0.773332757,7.19055313,0.105682967,2.83619857,0.0299320446,-2.80726282,0.0124078569,9.78238098,0.78138229,7.42294427,0.108981402,-2.26072305,0.0179009149,-2.50206777,0.0111771955,11.9589863,0.775116559,10.87259,0.111086916,7.11060378,0.0235127996,-1.69739195,0.00762567014,2.17660531,-0.00626573099,3.44964571,0.00210551342,9.37132683,0.00561188469,0.80467582,-0.00355152539,0.908205179,0.919933436,3.90625,0.937601295,0.937601295,0,0.926221877,0.926221877,0,0.968421143,0.968421143,0,0.981329035,0.981329035,0,0.906455167,0.909215335,3.90625,0.851790533,0.855771643,-3.90625,0.927344379,0.928440256,3.90625,0.882565524,0.896056211,11.71875
VisualCogB_Task-2.mat,B,Task-2,33,R,1,-1,-72.9941078,10.5491337,42.1048622,-18.3184114,-48.3222389,0.5,-90.4271011,0.42578125,-65.3868356,521.408951,-52.4765621,15.5259944,79.5281234,-13.1953083,4.3271575,0.5,-75.2009659,0.3203125,152.770136,580.010015,-150.036521,9.50295562,50.0660019,-37.5947452,-113.397896,0.5,-163.463898,0.31640625,6.11101091,480.886566,-97.5599586,11.6642059,45.2468886,-24.3994369,-72.4781647,0.25390625,-117.725053,0.5,-146.659125,287.935858,67.941865,24.7675509,100.545547,23.6756956,118.595016,0.86328125,18.049469,0.55078125,228.360975,500.467499,118.785949,30.0175024,106.483604,41.3115783,175.949905,0.859375,69.466301,0.5546875,284.82979,479.113874,70.9153382,46.3601667,177.780704,24.7321658,149.565369,0.8671875,-28.2153358,0.55078125,448.480834,605.113336,-47.870611,17.8121062,77.9777489,-16.5794125,-19.7266235,0.87890625,-97.7043724,0.55078125,163.651044,336.060569,7.01633727,0.771033462,18.0724841,0.120570179,3.25693388,0.0162777912,-6.15580234,0.00450281186,-2.64891108,0.784830933,7.52737785,0.112560224,3.05822722,0.014223623,-4.4103707,0.00397121833,2.80220766,0.828701541,11.3707827,0.0828083705,2.89274615,0.00932283763,-5.23321581,0.0026419309,5.45111874,0.0438706077,3.84340488,-0.0297518539,-0.165481078,-0.00490078534,-0.822845108,-0.00132928743,0.266746622,-0.584537537,-58.59375,0.83315167,0.83315167,0,0.661872085,0.661872085,0,0.986821447,0.986821447,0,0.979789913,0.979789913,0,0.98196757,0.98196757,0,0.961848036,0.961848036,0,0.994994634,0.994994634,0,0.959242575,0.959242575,0
VisualCogB_Task-2.mat,B,Task-2,34,R,1,-1,6.13438418,7.60016277,25.9711971,1.55138697,19.7455673,0.390625,-6.22562981,0.4765625,-69.1946196,349.5467,-8.67237889,6.29770693,21.1019962,-2.15576733,3.8881042,0.390625,-17.213892,0.4765625,-17.8086924,400.478806,-41.0863779,8.67149636,26.4330368,-10.2704514,-27.8230553,0.28515625,-54.2560921,0.4765625,-104.334777,252.712112,-32.413999,6.95579625,23.8287573,-8.11468404,-17.8934679,0.25,-41.7222252,0.45703125,-86.5260849,224.541089,5.0240404,7.23316562,30.9667139,1.77199343,21.6998596,0.6484375,-9.26685429,0.7109375,8.95230146,462.734784,6.38054598,10.6520158,34.8917103,2.23088901,20.6677914,0.859375,-14.2239189,0.55078125,90.0720814,459.108015,-31.8590575,10.522231,40.5226536,-11.0595594,-12.7142162,0.765625,-53.2368698,0.62109375,70.5763766,460.757022,-38.2396035,4.94409968,23.5139971,-13.2904484,-23.7594328,0.75390625,-47.2734299,0.859375,-19.4957048,263.546447,6.0267004,0.524217128,5.29177668,0.128389816,3.84139234,0.123298112,-1.17155326,0.156458517,-2.30251034,0.644574104,1.7994931,0.0890364983,1.65404221,0.0941703182,-0.137455725,0.102738514,1.79114266,0.812296072,2.76508437,0.0557268395,3.23820952,0.0333709155,-2.83665743,0.054298157,4.09365299,0.167721968,0.965591274,-0.0333096588,1.58416731,-0.0607994027,-2.6992017,-0.0484403567,0.815282001,0.815282001,0,0.915289839,0.928370956,3.90625,0.608608311,0.624812548,3.90625,0.57018713,0.57018713,0,0.760641809,0.760641809,0,0.89103038,0.89103038,0,0.834165755,0.834165755,0,0.952705008,0.952705008,0,0.872552462,0.872552462,0
VisualCogB_Task-2.mat,B,Task-2,35,L,0,-1,3.57286848,7.08073263,28.5333948,0.893610802,15.3029118,0.2578125,-13.2304831,0.44140625,-74.3926971,262.852755,-62.539088,9.34138948,40.3040695,-15.6489876,-41.2054443,0.25390625,-81.5095139,0.44140625,-107.832808,398.267334,3.69887689,5.85708968,22.2937746,0.929096387,11.1904287,0.4140625,-11.1033459,0.4453125,-44.9645185,267.594385,66.2379649,7.18580517,33.5642152,16.578084,80.7368383,0.4140625,47.1726232,0.25,62.8682894,364.519067,21.1713244,31.1645467,108.043287,7.39119552,78.3316498,0.58984375,-29.7116375,0.828125,-269.345284,741.287499,-30.6784666,22.3998612,79.0810833,-10.6154383,13.0273876,0.58203125,-66.0536957,0.83203125,-178.470367,620.827401,29.208477,32.7340981,113.628021,10.1797264,90.5467529,0.58984375,-23.0812683,0.828125,-287.761261,759.283704,59.8869436,12.2216162,46.9622345,20.7951647,89.3558502,0.55078125,42.3936157,0.828125,-109.290894,381.477417,8.38050593,0.476450474,16.5904886,0.294680364,6.8695286,0.0908304114,-0.0609921303,0.0237928647,0.565191993,0.517707223,12.2939365,0.253503598,6.52177411,0.0946182775,-0.174608743,0.026761098,9.79870162,0.542977166,15.4861686,0.285373913,2.39561472,0.0444223881,-0.641719199,0.0157887735,9.23350962,0.0252699423,3.1922321,0.0318703142,-4.1261594,-0.0501958894,-0.467110456,-0.0109723244,0.881801741,0.88263308,3.90625,0.899330109,0.923791288,-3.90625,0.639069381,0.689892979,-7.8125,0.983393904,0.983393904,0,0.994365787,0.994365787,0,0.970970287,0.970970287,0,0.739529361,0.743313933,-3.90625,0.965956975,0.965956975,0,0.648583317,0.657631637,3.90625
VisualCogB_Task-2.mat,B,Task-2,36,R,1,-1,8.07478283,7.87333768,41.35955,1.9802552,37.2337952,0.5,-4.12575483,0.2734375,62.2921083,411.908898,59.6527659,11.2836252,54.8079224,14.8965358,90.0436783,0.5,35.2357559,0.26171875,124.587817,378.703842,46.7107336,10.1855268,49.1904411,11.6479442,78.1740036,0.5,28.9835625,0.27734375,116.14996,362.988968,-12.9420323,4.69020165,18.0030327,-3.24859159,-2.40306854,0.26171875,-20.4061012,0.4765625,-8.43785744,352.270996,141.385477,24.2591446,110.836327,49.3295047,161.672806,0.86328125,50.8364792,0.55078125,144.565279,568.133054,175.303785,15.1665494,75.9452286,61.0708484,199.09581,0.65625,123.150581,0.55078125,6.97150655,530.776312,228.570464,33.2008203,142.425652,79.7051536,251.669571,0.86328125,109.243919,0.55078125,222.366325,649.649996,53.2666792,25.2349468,96.6800842,18.6343052,82.7734222,0.8203125,-13.906662,0.55078125,215.394818,441.614466,8.56624427,0.805684786,7.85841623,0.0877762091,1.44824822,0.019444958,2.82263162,0.01762957,10.299244,0.820419957,4.3790509,0.0799862988,0.803754257,0.015849916,0.62696249,0.0107204943,11.9932706,0.833013642,12.8325076,0.0840792542,6.48208663,0.00732766898,0.490958799,0.00929381681,1.69402655,0.0125936849,8.45345674,0.00409295536,5.67833237,-0.00852224706,-0.136003691,-0.00142667748,0.858548211,0.858548211,0,0.912245737,0.912245737,0,0.909543933,0.909543933,0,0.803638797,0.803638797,0,0.97295902,0.97295902,0,0.690623934,0.690623934,0,0.973339315,0.973339315,0,0.994090632,0.994090632,0,0.981266718,0.981266718,0
VisualCogB_Task-2.mat,B,Task-2,37,L,0,-1,0.400840041,6.39250961,24.3015909,0.0848064891,11.1819048,0.5,-13.1196861,0.43359375,15.6793472,453.004187,-2.06498616,6.07820344,25.5355759,-0.526541791,9.98137665,0.30078125,-15.5541992,0.43359375,-17.9082983,419.616109,-2.41036428,6.23167512,28.6930475,-0.621250264,9.56677341,0.30078125,-19.1262741,0.4375,-38.4322579,447.536877,-0.345378122,2.61047925,11.2148092,-0.0947084726,5.72490168,0.25,-5.48990749,0.46875,-20.5239595,207.439445,30.3997727,36.4996649,110.305685,10.6267915,86.7411041,0.6171875,-23.5645809,0.828125,-316.24511,674.138389,-9.48025128,39.5769139,120.411797,-3.2529779,53.8460922,0.59765625,-66.5657043,0.87890625,-370.893982,589.78836,30.0115886,54.3127316,156.971092,10.548961,116.724205,0.625,-40.2468872,0.875,-472.037681,837.599719,39.4918399,18.4754406,65.3353329,13.8019389,81.4950657,0.6484375,16.1597328,0.55078125,-101.143698,491.472308,14.3792721,0.698876877,12.7136186,0.150596639,3.93116521,0.0283726928,-2.78463661,0.0235924874,6.26575361,0.589921178,4.14634478,0.187864385,-0.204611952,0.0423684507,-1.54872734,0.0656900864,14.5573469,0.69801879,20.6518028,0.173605425,1.58746531,0.0135223003,-2.66900244,0.0127374017,8.2915933,0.108097612,16.5054581,-0.0142589602,1.79207726,-0.0288461503,-1.1202751,-0.0529526847,0.894660037,0.894660037,0,0.767888835,0.767888835,0,0.910354852,0.910354852,0,0.973012869,0.973012869,0,0.994758846,0.994758846,0,0.97111053,0.97111053,0,0.713342667,0.715052852,3.90625,0.976662893,0.976662893,0,0.804070473,0.807163617,-3.90625
VisualCogB_Task-2.mat,B,Task-2,38,L,0,-1,10.7727463,29.5201955,122.956404,2.53078002,98.8554916,0.5,-24.1009121,0.375,211.15513,723.540101,69.8214009,27.0706707,104.375637,17.3183174,151.769608,0.5,47.3939705,0.41015625,230.057959,603.767578,-1.60458594,33.606948,134.218895,-0.576274414,95.2195663,0.5,-38.9993286,0.375,245.728026,789.577776,-71.4259868,8.73237509,34.3362846,-17.8945919,-56.5500412,0.5,-90.8863258,0.3671875,15.6700672,366.263001,112.179721,8.51452456,40.4764328,39.0425854,135.651367,0.6171875,95.1749344,0.8359375,-48.4090977,490.440024,103.880259,24.2725278,90.8283272,36.1424009,147.793716,0.61328125,56.9653893,0.8984375,-226.597123,520.43242,132.640707,7.50241288,34.9860535,46.1695098,149.820053,0.6171875,114.834,0.55078125,-22.8016593,531.013584,28.7604484,22.1242639,86.4768181,10.0271089,64.7388725,0.8984375,-21.7379456,0.55078125,203.795464,477.488358,12.1285167,0.791108775,9.02584592,0.103311088,0.143333794,0.0104117333,-2.25043624,0.0128167475,17.0530003,0.681124261,8.05653763,0.170250314,2.62559012,0.0299864825,-3.52486627,0.0161738549,14.8197857,0.823567832,11.5230404,0.0841004384,-0.00365521494,0.00747785592,-2.232969,0.00623245788,-2.23321455,0.142443571,3.46650277,-0.0861498758,-2.62924533,-0.0225086266,1.29189728,-0.00994139699,0.978362452,0.978362452,0,0.996183293,0.996183293,0,0.981571317,0.981571317,0,0.704403581,0.719212424,3.90625,0.893688291,0.893688291,0,0.428216885,0.503452593,-39.0625,0.813467871,0.847684648,35.15625,0.995687891,0.995687891,0,0.764462807,0.829601894,-42.96875
VisualCogB_Task-2.mat,B,Task-2,39,R,1,-1,-21.2692502,6.53960826,27.1097908,-5.27240732,-9.38978195,0.34765625,-36.4995728,0.5,-1.13259005,496.53949,16.3179962,9.45163224,45.7595377,4.14101262,34.0736008,0.46484375,-11.6859369,0.25390625,78.9810021,546.490421,-16.3001899,8.01022544,26.4914243,-4.04198711,-3.35289788,0.4765625,-29.8443222,0.25390625,64.3864588,428.941565,-32.6181861,7.77698645,28.890367,-8.18299973,-15.9593186,0.3671875,-44.8496857,0.30078125,-14.5945433,465.288338,10.9935085,28.8310573,104.374268,3.87525538,74.0317535,0.7265625,-30.342514,0.62890625,87.4258209,750.714205,71.1011534,33.3569269,115.119833,24.8256503,138.36998,0.72265625,23.2501469,0.625,126.697777,748.257417,31.5104933,31.6775242,114.259361,10.9838765,100.066467,0.72265625,-14.192894,0.6328125,120.221448,854.688669,-39.5906601,12.4707493,62.4654026,-13.8417739,0.676494598,0.8984375,-61.788908,0.8359375,-6.47632938,602.136747,0.0757310644,0.482272036,4.2135566,0.0928346525,2.15032735,0.210800761,2.24641146,0.161673018,-1.0194397,0.558209431,2.71596582,0.0839459488,5.11009344,0.137254375,5.89152665,0.159940094,1.48388017,0.658193704,1.54499895,0.0541159408,4.91747828,0.152575549,-1.45720978,0.0826786768,2.50331987,0.0999842729,-1.17096687,-0.029830008,-0.192615152,0.0153211738,-7.34873644,-0.0772614172,0.501267477,0.501267477,0,0.737683436,0.737683436,0,0.614290766,0.614290766,0,0.974085026,0.974085026,0,0.97734138,0.97734138,0,0.927744737,0.927744737,0,0.856379755,0.856379755,0,0.953667544,0.953667544,0,0.932137051,0.932137051,0
VisualCogB_Task-2.mat,B,Task-2,40,R,1,-1,-35.9605021,29.636893,92.7564507,-9.07204738,26.7330894,0.4609375,-66.0233612,0.33984375,298.351016,635.405891,-64.6967942,39.5817961,106.95912,-16.2782471,11.6231976,0.48828125,-95.3359222,0.39453125,430.825002,592.727348,-61.9497152,30.87681,93.4726949,-15.5560169,4.37668657,0.46484375,-89.0960083,0.33984375,299.299532,659.107197,2.74707898,11.6973646,47.8393478,0.72223027,20.7767181,0.3125,-27.0626297,0.4921875,-131.525469,440.913441,41.4411012,30.5923459,101.449222,14.3921403,90.9413071,0.89453125,-10.5079145,0.58984375,280.462428,602.88579,10.4216715,19.6220175,71.9308167,3.60775743,44.1249695,0.84375,-27.8058472,0.58984375,182.490758,483.937659,51.4641519,47.1997993,151.797791,17.9272404,117.712074,0.8984375,-34.0857162,0.56640625,435.496051,694.343937,41.0424804,29.3136687,102.466413,14.319483,79.1465073,0.8984375,-23.3199053,0.5546875,253.005293,521.394116,8.71137739,0.518440624,6.57783386,0.296727713,-1.15409325,0.0580410481,-1.34050733,0.0507898767,4.0774476,0.600975279,12.6505351,0.27384651,8.54179757,0.0316354483,-5.90227535,0.010668099,7.13680978,0.523625438,9.60255655,0.339352193,-0.049902296,0.0389106493,1.34090287,0.0483219457,3.05936217,-0.0773498413,-3.04797852,0.0655056824,-8.59169986,0.00727520101,7.24317822,0.0376538467,0.980904181,0.980904181,0,0.987939707,0.987939707,0,0.975023084,0.975023084,0,0.961069413,0.961069413,0,0.979746236,0.979746236,0,0.946684361,0.946684361,0,0.953080986,0.953080986,0,0.985033526,0.985033526,0,0.921546072,0.921546072,0
VisualCogB_Task-2.mat,B,Task-2,41,R,1,-1,49.0898824,7.99135665,31.5815392,12.3090335,61.9897537,0.39453125,30.4082146,0.26171875,34.8067496,344.387711,99.9793374,9.20892017,37.051918,25.0335415,117.705986,0.390625,80.654068,0.46875,-32.5113471,537.734406,100.460485,11.1227128,40.5461502,25.1673614,113.608032,0.328125,73.061882,0.2578125,92.5964388,379.879333,0.481147649,13.1569515,42.9340744,0.133819982,24.5792847,0.46484375,-18.3547897,0.28125,125.107786,575.858612,96.8680634,37.8420553,136.689678,33.830679,181.070419,0.64453125,44.3807411,0.875,-236.556191,897.393247,121.718565,46.4171982,168.624363,42.5002264,215.540253,0.63671875,46.9158897,0.875,-339.477557,972.393105,158.187554,40.4502004,137.459557,55.1574061,243.421982,0.6484375,105.962425,0.87109375,-248.770475,929.429314,36.4689892,15.0456722,56.8013687,12.6571797,62.4955215,0.8984375,5.69415283,0.62890625,90.707082,687.521682,5.68647694,0.68749503,3.57720442,0.189220323,-6.50962668,0.0215358602,-2.21858974,0.0120547273,1.59078662,0.636161889,4.68993174,0.207764572,0.952188059,0.0337729443,0.0387888769,0.0231243803,6.16827232,0.731687663,7.85319427,0.161507669,-6.16309276,0.019376242,-0.365132211,0.0105920718,4.5774857,0.0955257731,3.16326253,-0.0462569031,-7.11528082,-0.0143967023,-0.403921088,-0.0125323085,0.514069149,0.537487152,3.90625,0.902104904,0.902104904,0,0.172870303,0.429360553,-39.0625,0.973218774,0.973218774,0,0.989898664,0.989898664,0,0.949198787,0.949198787,0,0.910059141,0.910059141,0,0.964332381,0.964332381,0,0.881459653,0.881459653,0
VisualCogB_Task-2.mat,B,Task-2,42,L,0,-1,-49.5435264,10.5081525,34.2125816,-12.4032993,-32.8558083,0.26171875,-67.0683899,0.4296875,-91.6506418,507.095566,-28.7567969,6.49105007,23.1507664,-7.2018268,-19.0540638,0.5,-42.2048302,0.296875,44.4972695,360.365685,-95.5717127,15.4324699,54.7135544,-23.9227695,-66.8207855,0.2578125,-121.53434,0.4765625,-190.552656,493.385315,-66.8149158,17.4660947,60.0719948,-16.7209427,-35.9861488,0.25390625,-96.0581436,0.48046875,-235.049926,304.515053,55.2709118,28.1430713,135.736301,19.3033634,100.589188,0.8984375,-35.1471138,0.55078125,236.326051,642.191395,100.437533,25.6313554,147.976208,34.9836682,157.546967,0.8984375,9.57075882,0.55078125,194.397183,633.958293,52.3476487,51.1234515,194.200104,18.3377204,113.932014,0.8984375,-80.2680893,0.55078125,462.767272,778.893917,-48.0898839,31.9510388,93.7614861,-16.6459479,-9.11477661,0.7578125,-102.876263,0.5703125,268.370089,493.594666,9.06569066,0.708696357,10.2331776,0.129282992,8.96733406,0.0473619949,6.91653941,0.0306620831,5.18610994,0.7648799,9.12334326,0.117058156,11.8216899,0.0262834931,5.31455234,0.0142306201,8.64992577,0.794055143,11.749236,0.0945963393,7.47538674,0.0193030601,5.42305968,0.018221177,3.46381583,0.0291752439,2.62589278,-0.0224618171,-4.34630315,-0.00698043303,0.108507337,0.00399055689,0.287073162,-0.522177609,-39.0625,0.886281935,0.886281935,0,-0.123634228,-0.505659138,31.25,0.947135317,0.947135317,0,0.970098832,0.970098832,0,0.858427848,0.858427848,0,0.962454071,0.962454071,0,0.985627777,0.985627777,0,0.917936983,0.917936983,0
VisualCogB_Task-2.mat,B,Task-2,44,R,1,-1,-30.6694875,6.97615238,29.7483711,-7.67461308,-18.3497238,0.375,-48.0980949,0.44140625,-39.4287153,388.985786,-25.4519852,5.26700225,21.9408693,-6.36055559,-14.7703581,0.27734375,-36.7112274,0.4453125,-41.0895743,294.731461,-54.2092673,10.3698297,34.6738358,-13.5861787,-40.1295624,0.25,-74.8033981,0.4375,-108.603973,331.065079,-28.7572821,6.6952824,29.5966911,-7.22562309,-10.086113,0.25,-39.6828041,0.43359375,-67.5143982,270.015015,80.7299349,16.474117,82.5175362,28.1659462,110.019684,0.859375,27.5021477,0.55078125,116.878007,629.602342,52.6363324,8.44715725,44.4273529,18.3618985,69.0476761,0.66796875,24.6203232,0.55078125,20.5891554,512.997235,93.2748359,24.734151,113.369804,32.5248321,132.356674,0.85546875,18.9868698,0.55078125,218.769087,586.240717,40.6385036,20.6057701,79.2815132,14.1629336,73.6480598,0.88671875,-5.63345337,0.55078125,198.179931,370.456131,17.6387341,0.77511885,11.1491058,0.113912446,-4.10374966,0.0120946676,2.30937079,0.0139611083,16.6333739,0.759853697,15.7299895,0.119921087,-3.31811932,0.0150967723,0.846539712,0.0183854534,18.9629997,0.79833659,12.7198141,0.101451869,-3.56689704,0.0106671924,3.61650488,0.00650182485,2.32962577,0.0384828935,-3.01017539,-0.018469218,-0.248777724,-0.00442957996,2.76996517,-0.0118836285,0.851920436,0.860166644,3.90625,0.808338385,0.841590255,7.8125,0.828005538,0.85787446,7.8125,0.809216796,0.809216796,0,0.94063385,0.94063385,0,0.618702174,0.618702174,0,0.988358291,0.988358291,0,0.993555368,0.993555368,0,0.974899279,0.974899279,0
VisualCogB_Task-2.mat,B,Task-2,45,L,0,-1,19.7181056,5.12858411,17.8790016,4.95418067,28.9986439,0.33984375,11.1196423,0.25,-3.55243255,298.898945,80.5555087,9.28107518,34.7071342,20.1709919,93.8570862,0.453125,59.1499519,0.25,96.6821319,342.8535,97.4230382,9.3381393,32.7271423,24.3844103,107.479774,0.4609375,74.7526321,0.25,104.576186,255.983368,16.8675295,4.50532058,18.6956863,4.2134184,26.1694641,0.4765625,7.47377777,0.4140625,7.89405381,294.277084,50.060687,35.7458698,111.807313,17.4290552,126.765869,0.8203125,14.9585562,0.65625,286.892198,601.970983,88.5161433,23.9305607,87.51651,30.8284969,150.723007,0.8203125,63.2064972,0.703125,112.825215,638.829266,115.631644,25.8266182,100.355034,40.2315244,183.856934,0.81640625,83.5018997,0.73046875,124.231483,644.183001,27.1155002,6.31314287,29.895256,9.40302745,42.5355225,0.890625,12.6402664,0.7265625,11.4062683,387.858058,-11.9632259,0.331129995,-9.15324775,0.194940247,-2.58759867,0.113779978,-4.77716571,0.265102607,3.66054273,0.806461246,-11.9175311,0.0345777107,-3.15458948,0.0397794326,-3.25377387,0.0704672712,-0.516329999,0.813761194,-9.33092526,0.0604565015,-3.23483032,0.0359322299,-6.83372479,0.0410170526,-4.17687272,0.00729994764,2.58660582,0.0258787908,-0.0802408442,-0.00384720273,-3.57995092,-0.0294502186,0.544445102,-0.672324426,78.125,0.475121507,-0.516200484,78.125,0.882917204,0.882917204,0,0.888715624,0.888715624,0,0.895504529,0.895504529,0,0.97066499,0.97066499,0,0.760611137,0.760651094,3.90625,0.77508888,0.77508888,0,0.978851067,0.978851067,0
VisualCogB_Task-2.mat,B,Task-2,46,L,0,-1,-22.6941887,9.17142345,37.9638791,-5.67842731,-4.40294981,0.26953125,-42.3668289,0.47265625,-105.468091,488.574818,-3.57542318,5.48999389,22.6247768,-0.895032481,7.59600544,0.2734375,-15.0287714,0.46875,-31.7454603,453.748407,-30.6972069,8.20899499,30.9585257,-7.68000838,-15.7494936,0.26953125,-46.7080193,0.47265625,-92.8293572,443.137039,-27.1217837,5.47336804,21.4455037,-6.7849759,-15.2393589,0.25,-36.6848626,0.5,-61.0838969,339.798733,94.7835109,43.788663,152.411864,33.1539488,138.007202,0.73828125,-14.4046621,0.55078125,349.602715,877.779426,89.4890859,30.3988132,119.228758,31.3034657,120.848427,0.734375,1.61966884,0.55078125,196.409361,707.580139,124.477678,60.8508263,209.349459,43.4966981,188.834778,0.83203125,-20.5146809,0.55078125,527.154036,990.39006,34.9885918,34.7327827,114.57925,12.1932323,83.1767654,0.83203125,-31.4024849,0.56640625,330.744674,623.85458,10.1217298,0.827221016,12.4797993,0.0763034027,9.02719452,0.0154749101,7.91837606,0.0174828217,7.1768614,0.802886867,0.552542141,0.093554682,-4.01504499,0.0096980276,7.5634134,0.0308425738,3.49650165,0.844997031,4.74211564,0.0754545837,9.15600269,0.00710179746,4.57230203,0.0120009261,-3.68035974,0.0421101637,4.1895735,-0.0181000983,13.1710477,-0.00259623013,-2.99111137,-0.0188416477,0.815869684,0.815869684,0,0.968625266,0.968625266,0,0.749654688,0.785178111,3.90625,0.958772697,0.958772697,0,0.987137864,0.987137864,0,0.924575043,0.924575043,0,0.985967985,0.985967985,0,0.99580052,0.99580052,0,0.979480231,0.979783281,-3.90625
VisualCogB_Task-2.mat,B,Task-2,47,R,1,-1,-9.67523962,7.78127599,35.1904755,-2.36970409,5.44620895,0.33203125,-29.7442665,0.5,-29.0542332,395.470551,-28.5663018,7.24777364,27.189393,-7.12759542,-13.5221968,0.4453125,-40.7115898,0.39453125,67.7378646,380.887627,2.86568488,12.646746,48.9326782,0.779822684,22.9518566,0.33203125,-25.9808216,0.5,-119.628824,379.165968,31.4319866,16.8344143,53.2164459,7.90741811,54.8494587,0.3203125,1.63301277,0.484375,-187.366688,467.920315,8.97209239,40.2977344,110.581675,3.06399278,82.3595581,0.8828125,-28.2221165,0.6796875,350.996728,580.551369,2.32448531,45.2784471,126.367737,0.747758044,86.1714325,0.859375,-40.1963043,0.578125,396.463893,558.694698,16.6317465,44.0961873,122.217787,5.72896612,97.7646027,0.8671875,-24.4531841,0.5703125,383.280689,610.867323,14.3072612,5.05065487,20.0874416,4.98120808,26.0591631,0.70703125,5.97172153,0.76171875,-13.1832037,270.763146,5.9104615,0.36579463,0.377357592,0.181827573,7.46827773,0.254162286,-1.19542124,0.103954928,-1.05881949,0.50536684,3.21404224,0.205939878,0.227092171,0.14967142,-3.86210318,0.0598324923,12.7792389,0.556195904,-1.09399752,0.137537473,6.90366051,0.140981235,3.04441612,0.070484824,13.8380584,0.0508290635,-4.30803976,-0.0684024056,6.67656834,-0.00869018493,6.9065193,0.0106523318,0.151525187,-0.713522903,46.875,0.833999096,0.833999096,0,-0.386900045,-0.758428887,-39.0625,0.993877925,0.993877925,0,0.996501413,0.996501413,0,0.993961912,0.993961912,0,0.94867574,0.94867574,0,0.963335987,0.963335987,0,0.850312033,0.850312033,0
VisualCogB_Task-2.mat,B,Task-2,48,L,0,-1,-38.0648663,13.1800006,45.6779613,-9.53945452,-18.0058537,0.27734375,-63.683815,0.4609375,-146.508238,439.300896,-47.6455563,14.8771264,49.5592632,-11.9214768,-25.1635456,0.27734375,-74.7228088,0.45703125,-180.464283,373.210518,-63.9884684,13.8625506,47.5072327,-16.0138961,-42.0570679,0.25,-89.5643005,0.46484375,-172.267528,356.791504,-16.3429121,3.57428122,14.5390835,-4.09241929,-9.44470978,0.44921875,-23.9837933,0.3046875,8.19675459,287.554848,54.7208357,35.9779839,146.118431,19.1467144,96.3755341,0.8984375,-49.742897,0.55078125,259.300701,728.664304,45.086924,37.5565182,147.533665,15.8011257,86.5018158,0.8984375,-61.0318489,0.55078125,290.226221,733.488051,58.2054667,52.526976,209.327026,20.3658739,129.491806,0.8984375,-79.8352203,0.55078125,460.814955,774.933067,13.1185427,20.1314671,68.4050236,4.56474818,43.8844376,0.89453125,-24.520586,0.62109375,170.588734,594.608338,12.0377109,0.743625836,6.8863243,0.115127569,0.183209395,0.0591750578,-0.251050762,0.00806969545,9.36353099,0.776542574,9.67545351,0.101541275,2.01543382,0.0414246881,0.359455489,0.00828176259,8.215897,0.794552669,9.04405343,0.0988877273,2.5941248,0.0302122275,-0.791102369,0.00527070743,-1.147634,0.0180100948,-0.631400087,-0.00265354819,0.578690983,-0.0112124606,-1.15055786,-0.00301105516,0.9738283,0.9738283,0,0.970928267,0.970928267,0,0.97152247,0.97152247,0,0.976497898,0.976497898,0,0.956213715,0.956213715,0,0.954083598,0.954083598,0,0.985102173,0.985102173,0,0.984794612,0.984794612,0,0.984114323,0.984114323,0
VisualCogB_Task-2.mat,B,Task-2,49,R,1,-1,-37.7637465,10.17003,46.0213108,-9.52017153,-8.09918022,0.5,-54.120491,0.44140625,13.6842839,645.023521,-105.951698,13.1042133,58.128273,-26.6015881,-72.574852,0.5,-130.703125,0.4453125,-50.9870706,724.013031,-75.5568601,11.1448435,60.0953064,-18.9951262,-33.6800461,0.5,-93.7753525,0.44140625,-20.8906406,495.555557,30.3948375,6.65809119,25.4289207,7.60646193,43.3544769,0.35546875,17.9255562,0.25,30.09643,415.162827,71.7961746,11.9456195,46.2194672,24.9991729,96.1893692,0.80859375,49.969902,0.55078125,66.7406674,595.424245,-20.7435304,12.1426355,44.2243584,-7.20586271,0.493656904,0.87109375,-43.7307014,0.6953125,96.8993549,413.378631,64.192467,13.4736087,55.8126297,22.3687873,89.2283478,0.80859375,33.4157181,0.55078125,86.620716,613.849522,84.9359974,10.0233139,35.7689692,29.57465,104.223038,0.7109375,68.4540685,0.87890625,-10.2786389,431.351294,9.71678596,0.739497632,14.724782,0.138364003,1.59497143,0.0133264371,5.08840209,0.0166820393,6.31466974,0.700908466,5.2312042,0.149110145,1.74846778,0.0428170409,2.0311534,0.0145307113,4.98976171,0.770553951,5.25424097,0.12749824,-0.200380919,0.00860413265,0.198467626,0.00399552759,-1.32490803,0.0696454849,0.0230367741,-0.0216119049,-1.9488487,-0.0342129083,-1.83268577,-0.0105351837,0.849339651,0.849339651,0,0.836532907,0.836532907,0,0.86137419,0.86137419,0,0.761706703,0.761706703,0,0.956291733,0.956291733,0,0.698373341,0.698373341,0,0.883489491,0.883489491,0,0.990990718,0.990990718,0,0.920710404,0.920710404,0
VisualCogB_Task-2.mat,B,Task-2,51,L,0,-1,-64.4653897,11.9655039,44.7506142,-16.1872156,-40.6883888,0.25,-85.439003,0.453125,-106.760093,437.986481,-108.874626,12.1504382,48.8346252,-27.3030334,-81.8139038,0.5,-130.648529,0.39453125,-38.1766155,442.605286,-120.790638,13.9847114,57.8704376,-30.2845502,-87.9230804,0.25,-145.793518,0.453125,-132.270984,455.498718,-11.9160122,11.0351366,38.9210815,-2.98151684,11.2922668,0.3671875,-27.6288147,0.44921875,-94.0943684,403.474365,51.6068421,13.2525033,49.1107216,18.0006769,66.222229,0.796875,17.1115074,0.578125,85.9478795,429.084599,27.3187469,15.2400229,55.3258572,9.5629649,45.4727135,0.79296875,-9.85314369,0.55078125,124.329936,375.944959,17.1130135,19.1136567,71.0691586,5.99447628,41.1198692,0.8984375,-29.9492893,0.55078125,156.765095,483.739461,-10.2057334,7.22924308,33.2221661,-3.56848862,10.1303139,0.8984375,-23.0918522,0.58203125,32.4351583,321.492787,23.4563211,0.806552773,7.36479655,0.0868299079,0.782111675,0.00679483836,0.231927273,0.0169186188,6.23788119,0.833923848,6.53450044,0.0721903779,9.61320031,0.0107534634,0.399024322,0.00762993141,8.78057919,0.819036293,11.4206435,0.0831853072,-1.45610093,0.00362154548,0.409734132,0.0137461944,2.542698,-0.0148875544,4.88614311,0.0109949294,-11.0693012,-0.00713191793,0.0107098104,0.00611626302,0.752658802,0.752658802,0,0.966135377,0.966135377,0,0.651573023,0.651573023,0,0.936654329,0.936654329,0,0.942944576,0.942944576,0,0.936048974,0.936048974,0,0.991844015,0.991844015,0,0.985119056,0.985119056,0,0.981834442,0.981834442,0
VisualCogB_Task-2.mat,B,Task-2,52,L,0,-1,-22.9490219,8.04001665,30.6504831,-5.74137613,-8.76167202,0.296875,-39.4121552,0.44921875,-71.4471182,445.704765,5.10085067,6.792954,24.228054,1.26665651,17.3885593,0.296875,-6.83949471,0.4453125,-34.8485755,503.159823,-43.3562576,9.83821881,32.6184425,-10.8468445,-28.5926743,0.296875,-61.2111168,0.453125,-106.769519,426.177063,-48.4571083,5.85085496,30.3289101,-12.113501,-33.4913347,0.25,-63.8202448,0.5,-71.9209431,269.506426,81.3117594,13.2429414,63.9922409,28.3515796,95.2134247,0.81640625,31.2211838,0.55078125,73.7941295,458.481215,81.5150935,11.019579,43.5606003,28.3833962,108.562721,0.609375,65.002121,0.55078125,-66.2287164,415.582624,89.4706131,22.9178031,93.5836334,31.2027739,114.217789,0.81640625,20.6341553,0.55078125,196.397,410.254235,7.95551959,27.8101262,85.7800293,2.81937771,41.4120636,0.84765625,-44.3679657,0.55078125,262.625716,370.442108,13.5770816,0.758687174,6.77711453,0.119267936,0.520802402,0.0118181549,5.69438495,0.0239619845,14.1164185,0.726610955,12.7464966,0.141175684,-0.29969272,0.0106211467,3.44173412,0.028470348,13.4404283,0.781778211,11.9255524,0.11595619,-1.17970654,0.00397219423,5.86595888,0.0135763486,-0.675990214,0.0551672554,-0.820944276,-0.0252194937,-0.880013818,-0.00664895244,2.42422476,-0.0148939994,0.913134007,0.913134007,0,0.958371319,0.958371319,0,0.81326759,0.81326759,0,0.243752472,-0.710559941,-50.78125,0.865371503,0.865371503,0,-0.250938502,-0.853399411,46.875,0.961278495,0.961278495,0,0.989233629,0.989233629,0,0.916711487,0.921205093,-11.71875
VisualCogB_Task-2.mat,B,Task-2,53,R,1,-1,-28.2160082,8.99262158,41.555336,-7.09609825,-1.45803452,0.5,-43.0133705,0.2734375,44.8633312,419.939789,-8.35906298,15.5791111,70.3980751,-2.12897355,33.9486923,0.5,-36.4493828,0.26953125,194.725442,451.470034,-16.8719979,11.3685099,51.9155235,-4.26519298,18.7033119,0.5,-33.2122116,0.2734375,87.0297945,451.007416,-8.51293491,9.66948275,32.8084202,-2.13621943,6.51655388,0.30078125,-26.2918663,0.42578125,-107.695648,282.771496,81.2612935,72.9595584,211.908417,28.493865,163.617905,0.6875,-48.2905121,0.87890625,-590.504442,895.98533,102.050103,56.2687238,166.240443,35.6540743,170.150299,0.6875,3.90985584,0.87109375,-466.273941,687.190539,133.883571,87.6995194,249.702925,46.8450016,228.233002,0.69140625,-21.469923,0.875,-699.805761,1067.95592,31.8334684,32.5338639,97.3302999,11.1909272,71.5954437,0.73828125,-25.7348561,0.87890625,-233.53182,531.66942,19.0507911,0.819980738,18.6752923,0.087686339,-3.7544783,0.00540823769,2.36442594,0.00484623037,9.14450884,0.823860517,13.0136733,0.0874366462,-3.16215917,0.00673497098,2.95027247,0.00456413784,12.6795953,0.82259158,12.9663431,0.0873534688,-3.73350979,0.00586512669,-1.32591543,0.00259583401,3.53508643,-0.00126893654,-0.0473301821,-8.31773456e-05,-0.571350621,-0.000869844292,-4.2761879,-0.00196830383,0.663936535,0.663936535,0,0.958474894,0.958474894,0,0.786095682,0.786095682,0,0.997228546,0.997228546,0,0.998338169,0.998338169,0,0.992850952,0.992850952,0,0.971701407,0.971701407,0,0.991753668,0.991753668,0,0.987710924,0.988399651,-3.90625
VisualCogB_Task-2.mat,B,Task-2,55,R,1,-1,1.32068886,5.53983912,24.5040798,0.319946512,17.2830505,0.28515625,-7.22102928,0.48046875,-46.8012845,387.088449,32.8002316,6.04036748,21.4184303,8.19052152,44.1473885,0.33203125,22.7289581,0.40625,-32.1544049,429.223846,44.5813393,4.45454437,17.7109146,11.149922,53.0271034,0.2890625,35.3161888,0.25,13.3286728,386.103882,11.7811077,6.63173181,22.7254658,2.95940048,22.781908,0.296875,0.0564422607,0.25,45.4830776,347.511383,68.2686904,39.3442333,125.878684,23.9325578,132.944183,0.65234375,7.06549931,0.890625,-258.534186,716.880931,91.6305656,34.1551643,112.753944,32.0468148,150.453995,0.62890625,37.7000504,0.89453125,-213.341277,673.996269,124.611121,51.8691561,161.154945,43.5455699,208.779694,0.6484375,47.6247482,0.890625,-376.569638,865.572288,32.980555,19.4650734,58.5554733,11.4987552,64.025589,0.6640625,5.47011566,0.87890625,-163.228361,310.597876,14.6218673,0.742191275,14.2438584,0.152913067,1.33472669,0.011052502,-0.738471456,0.0123381087,14.2755217,0.737638167,13.1421257,0.143809432,6.4571265,0.018208016,0.271045571,0.0150795523,26.5468092,0.763069783,13.9963715,0.143185622,-1.21685798,0.00490236152,-0.329447944,0.00806895438,12.2712875,0.0254316166,0.854245799,-0.000623810817,-7.67398449,-0.0133056545,-0.600493515,-0.00701059793,0.505819916,0.544332325,3.90625,0.469679636,-0.601176802,23.4375,0.229477443,0.548470803,42.96875,0.993819236,0.993819236,0,0.992507998,0.992507998,0,0.981625763,0.981625763,0,0.978295322,0.978295322,0,0.984616699,0.984616699,0,0.983762839,0.983762839,0
VisualCogB_Task-2.mat,B,Task-2,58,L,0,-1,-7.75295183,17.3993363,93.3236752,-2.07120743,62.6763268,0.5,-30.6473484,0.36328125,103.475084,778.35358,2.05438721,13.6876351,72.0637474,0.419425681,54.8560219,0.5,-17.2077255,0.421875,45.626467,610.443943,-61.2226236,21.1973524,107.384321,-15.4787243,20.0807705,0.5,-87.3035507,0.421875,78.3183728,895.708412,-63.2770108,8.21967633,38.8570127,-15.89815,-34.7752514,0.5,-73.6322641,0.36328125,32.6919058,396.622094,94.669151,13.3277014,71.3583145,33.0271712,119.450874,0.80078125,48.0925598,0.8984375,-24.0692245,635.666235,20.6575285,13.3859639,54.0620046,7.17589879,49.1784782,0.55078125,-4.88352633,0.8984375,-61.4873203,564.935005,73.467967,15.1379057,79.824213,25.6879453,92.1392746,0.80078125,12.3150616,0.8984375,-72.564114,600.250642,52.8104385,14.5571248,64.2039115,18.5120465,74.7164504,0.71484375,10.5125389,0.55078125,-11.0767937,495.699709,23.5325544,0.717897741,2.38003148,0.132940358,-0.271003963,0.03997365,1.56476455,0.0172104609,4.828439,0.468944665,7.22573972,0.324611427,1.29102285,0.0591974443,-0.853938396,0.0277983887,13.0304744,0.748766479,7.48316477,0.126874493,0.686601643,0.0235891113,0.861228998,0.00867021958,8.20203541,0.279821814,0.257425051,-0.197736934,-0.604421207,-0.035608333,1.71516739,-0.0191281691,0.950093061,0.950093061,0,0.972548368,0.972548368,0,0.980755562,0.980755562,0,0.574658436,0.574658436,0,0.910842806,0.910842806,0,0.484688953,0.484688953,0,0.697226403,0.710552868,7.8125,0.983849065,0.983849065,0,0.659462632,0.693717588,-15.625
VisualCogB_Task-2.mat,B,Task-2,59,L,0,-1,-75.4808695,11.4528411,49.0231171,-18.9260119,-46.197113,0.5,-95.2202301,0.45703125,-39.1189378,646.150757,-121.642793,9.67589412,39.298027,-30.4621349,-94.8883743,0.5,-134.186401,0.3359375,-7.60886734,635.46106,-96.9119068,12.1583734,49.1712723,-24.3000392,-66.753952,0.5,-115.925224,0.453125,-75.8100013,569.807831,24.7308859,6.33957992,22.0237274,6.16209577,36.4640427,0.3359375,14.4403152,0.4453125,-68.201134,267.052765,77.9014445,78.1055021,234.320686,27.0646969,177.041183,0.6640625,-57.2795029,0.8203125,-547.286997,1425.09987,33.1643794,70.5911354,212.219421,11.491698,132.561172,0.671875,-79.6582489,0.8125,-441.493053,1377.33809,67.2897218,83.4786283,251.499901,23.3424337,172.993103,0.66015625,-78.5067978,0.8203125,-621.477018,1461.68928,34.1253424,20.6674547,69.8702126,11.8507357,68.5376854,0.56640625,-1.33252716,0.82421875,-179.983965,526.092473,14.55221,0.789744865,15.2948284,0.105399105,-0.144720574,0.0123936964,6.06271871,0.00605203606,26.9004973,0.810217637,14.3156412,0.0896579496,7.65493513,0.0120475694,9.97945309,0.00665142911,19.6680775,0.778463353,19.2817071,0.117367352,0.212674695,0.0109489337,2.76807453,0.00300028662,-7.23241984,-0.0317542839,4.96606587,0.0277094022,-7.44226044,-0.00109863572,-7.21137856,-0.00365114249,0.948377027,0.948377027,0,0.946914918,0.946914918,0,0.855378002,0.855378002,0,0.989250145,0.989250145,0,0.992656499,0.992656499,0,0.977849754,0.977849754,0,0.988118092,0.988118092,0,0.996166643,0.996166643,0,0.984949208,0.984949208,0
VisualCogB_Task-2.mat,B,Task-2,60,L,0,-1,-21.8091839,12.4338505,38.9981441,-5.45270714,-3.64282417,0.28125,-42.6409683,0.4296875,-139.692443,381.020058,-37.7455252,13.8207729,42.9155674,-9.44602418,-18.1140919,0.27734375,-61.0296593,0.4296875,-165.894686,374.084114,-27.0933348,16.8990048,49.485851,-6.77269156,-1.42911172,0.28515625,-50.9149628,0.4765625,-213.177102,376.342577,10.6521905,5.95118938,25.2629957,2.67333262,25.1983824,0.328125,-0.0646133423,0.48046875,-47.2824159,344.168703,65.5024307,52.7749187,156.987778,22.8844783,117.150215,0.7890625,-39.8375626,0.55078125,466.758704,591.569714,20.9921635,38.206314,116.248512,7.41194945,54.7655029,0.7890625,-61.4830093,0.55078125,291.520781,569.10988,72.6277206,71.6728155,202.636703,25.3613555,145.037247,0.8984375,-57.5994568,0.5546875,660.519557,622.853987,51.635557,38.3393134,105.738392,17.949406,105.127247,0.87109375,-0.61114502,0.5859375,368.998776,398.838083,8.35149272,0.839690305,2.31352815,0.0583222884,4.28466585,0.0318137197,-1.21531566,0.0249907319,9.2945062,0.822468508,4.52302466,0.0695322915,1.91437414,0.0350407185,-1.97221479,0.0192390563,9.52066471,0.863327345,5.95816927,0.0641225804,1.90237704,0.0110164292,-0.196331765,0.017324933,0.226158512,0.040858837,1.43514461,-0.00540971102,-0.0119971,-0.0240242893,1.77588302,-0.00191412332,0.96833977,0.96833977,0,0.95793681,0.95793681,0,0.944465143,0.944465143,0,0.966716069,0.966716069,0,0.99363945,0.99363945,0,0.936111945,0.936111945,0,0.945078132,0.945078132,0,0.99032588,0.99032588,0,0.94605962,0.94605962,0
VisualCogB_Task-2.mat,B,Task-2,61,L,0,-1,-16.6235833,19.6350975,87.6773415,-4.27008342,39.7551651,0.5,-47.9221764,0.3359375,156.910407,788.816521,-3.45147357,26.9680754,111.324108,-0.988861697,76.3806763,0.5,-34.9434319,0.28125,286.929642,786.555523,-43.4437053,23.9243272,105.131069,-11.0046062,34.7664452,0.5,-70.364624,0.33203125,184.763506,798.855713,-39.9922318,10.0964406,40.8516321,-10.0157445,-15.5864639,0.27734375,-56.438096,0.44921875,-102.166136,397.324537,96.4320173,11.9035587,43.5501709,33.5162005,119.577751,0.8984375,76.0275803,0.6796875,83.2083331,509.932672,84.1052381,8.94428457,34.473526,29.2346047,102.609383,0.57421875,68.1358566,0.73046875,-39.7012494,366.840722,124.733522,23.6632998,92.6216354,43.4012838,165.259766,0.84765625,72.6381302,0.55078125,224.02204,468.397187,40.628284,27.6440773,91.8311691,14.1666791,77.2506943,0.890625,-14.5804749,0.55078125,263.723289,416.47259,11.6102824,0.774683753,3.39505192,0.109092315,2.60940391,0.0204754155,0.904853251,0.0196800619,13.240103,0.778169809,10.2780223,0.0942233498,4.64319972,0.0212800484,3.36270589,0.0244380072,7.0779181,0.82567343,6.53886726,0.0778494004,5.86337348,0.0155009551,1.21495368,0.00494772881,-6.16218494,0.047503621,-3.73915508,-0.0163739494,1.22017376,-0.00577909333,-2.14775221,-0.0194902784,0.88101897,0.88101897,0,0.947016388,0.947016388,0,0.928181412,0.928181412,0,0.187543067,-0.714039091,78.125,0.830228855,0.830228855,0,-0.293508787,-0.593229671,-74.21875,0.952188268,0.953923179,3.90625,0.990130998,0.990130998,0,0.930870019,0.936442126,-11.71875
VisualCogB_Task-2.mat,B,Task-2,62,R,1,-1,-18.9720516,7.09850621,29.0094538,-4.752978,-7.74637127,0.26953125,-36.755825,0.453125,-55.9872813,371.140266,-21.2969517,10.3183179,35.9037271,-5.33434533,-4.7405715,0.33203125,-40.6442986,0.453125,-107.381279,414.252903,-24.0775339,9.30497247,35.037528,-6.03893118,-12.1238909,0.328125,-47.1614189,0.45703125,-86.1812041,374.792038,-2.78058221,4.25841212,14.468668,-0.70458585,5.57221222,0.41796875,-8.89645576,0.33984375,21.2000753,359.802948,73.0423819,60.4354874,182.087961,25.7190076,151.23053,0.66796875,-30.8574314,0.88671875,-339.333896,1194.34818,42.8857461,44.5882998,141.65406,15.1178058,103.800636,0.640625,-37.8534241,0.8515625,-312.459725,865.532163,97.5382379,76.8468716,231.964787,34.3243203,189.447006,0.66796875,-42.5177803,0.890625,-454.265268,1311.4292,54.6524917,36.8834674,123.396179,19.2065145,109.341644,0.75390625,-14.0545349,0.89453125,-141.805543,811.218572,19.8600811,0.815566591,9.0238092,0.0853078277,5.60953729,0.0141186454,3.04689265,0.0115182551,19.8451569,0.806795253,8.68332718,0.0863757075,6.58193254,0.00941030531,1.54702066,0.0121195926,22.200899,0.824955103,18.6790311,0.0841237102,11.4114531,0.00857475947,2.63502193,0.00574822103,2.35574208,0.0181598498,9.99570387,-0.00225199728,4.82952054,-0.00083554584,1.08800126,-0.00637137159,0.913864207,0.913864207,0,0.940363194,0.941880871,-3.90625,0.910910799,0.910910799,0,0.965726992,0.965726992,0,0.991551667,0.991551667,0,0.953337606,0.953337606,0,0.975904384,0.97982055,3.90625,0.995204895,0.995204895,0,0.970123489,0.974522313,-7.8125
VisualCogB_Task-2.mat,B,Task-2,63,L,0,-1,-48.7773451,8.38774352,28.7765045,-12.2106307,-34.4008713,0.32421875,-63.1773758,0.46484375,-57.0500274,421.157013,-52.970596,12.134538,38.2023354,-13.2411571,-34.8311958,0.3125,-73.0335312,0.43359375,-129.603682,434.852448,-75.8125517,10.3057321,33.7411232,-18.9930751,-60.0097542,0.328125,-93.7508774,0.46484375,-80.4314865,442.580734,-22.8419557,7.16361887,34.3562279,-5.75191797,-0.827377319,0.5,-35.1836052,0.37890625,49.1721952,418.707565,96.6574623,16.3329734,86.7860107,33.7326475,130.925308,0.71484375,44.1392975,0.55078125,26.1448944,796.645804,59.8252248,14.7167593,67.9302368,20.9308417,92.0041122,0.7109375,24.0738754,0.55078125,-31.9766146,713.4626,101.261547,15.8577457,88.8955002,35.3301333,129.279404,0.71875,40.3839035,0.55078125,63.5207338,764.881979,41.4363223,13.0581279,53.4806538,14.3992916,69.7906818,0.8984375,16.3100281,0.55078125,95.4973484,437.942224,17.2758491,0.773670783,9.89769999,0.123548504,-7.17783101,0.00672542289,-3.36695743,0.00743287069,11.36712,0.729548025,10.4221339,0.158482636,-3.10689887,0.00838525622,-1.43744404,0.0085515144,16.2446702,0.774375136,15.6255297,0.125407554,-3.0460155,0.00529849641,-1.9504865,0.00414220286,4.87755029,0.0448271111,5.20339589,-0.0330750813,0.0608833726,-0.00308675981,-0.513042464,-0.00440931154,0.789034963,0.79653286,-3.90625,0.968361466,0.968361466,0,0.808193234,0.821919374,3.90625,0.880848192,0.880848192,0,0.902071701,0.902071701,0,0.637465187,0.637465187,0,0.988218949,0.988218949,0,0.99560758,0.99560758,0,0.984431132,0.984431132,0
VisualCogB_Task-2.mat,B,Task-2,64,L,0,-1,5.86442707,17.5199579,86.1321678,1.34513795,65.1277008,0.5,-21.004467,0.4375,-2.21391776,532.368217,-36.1885181,24.6579747,77.3820479,-9.16642191,-1.52263808,0.5,-78.904686,0.44140625,-216.249175,634.035558,-6.31170156,21.1499222,83.4955406,-1.71347052,42.2545395,0.5,-41.2410011,0.4375,-128.17547,604.478558,29.8768166,7.87055168,28.2768929,7.45295139,43.7771776,0.5,15.5002847,0.28515625,88.0737057,331.159553,-3.54401801,54.7784777,159.931797,-1.36723365,97.5085373,0.58984375,-62.4232597,0.79296875,-484.203996,815.754592,-81.1766834,38.3546806,131.282118,-28.3779989,0.646177113,0.55078125,-130.635941,0.79296875,-319.817932,726.648198,-35.9902392,67.8498178,193.701706,-12.6689455,96.1778946,0.58984375,-97.5238113,0.73046875,-580.807569,851.385007,45.1864442,31.1646215,106.454021,15.7090534,114.118237,0.59375,7.66421509,0.8984375,-260.989637,649.732921,13.4591173,0.592435445,19.4228116,0.262006078,-0.237432156,0.0137051016,-2.69194955,0.00759886109,3.26022449,0.47745749,11.1548316,0.375833305,1.14750296,0.0236621838,-2.80097486,0.00893690414,9.72791411,0.576636358,20.105311,0.276864864,-1.73258659,0.00992238034,-0.41817205,0.00797536148,6.46768961,0.0991788678,8.95047947,-0.0989684406,-2.88008955,-0.0137398034,2.38280281,-0.000961542662,0.758048733,0.758048733,0,0.894890207,0.894890207,0,0.952408634,0.952408634,0,0.984237134,0.984237134,0,0.994062179,0.994062179,0,0.980542548,0.980542548,0,0.670793891,0.676588997,7.8125,0.946134044,0.946134044,0,0.8511517,0.855947775,-7.8125
VisualCogB_Task-2.mat,B,Task-2,65,R,1,-1,7.26927991,23.1712222,67.0794563,1.84675436,34.1966286,0.3359375,-32.8828278,0.48828125,-279.51025,474.303902,26.5204046,41.1858229,116.906265,6.66701132,74.1964417,0.25,-42.7098236,0.48828125,-540.428272,616.246483,42.5897903,37.4411458,105.409153,10.7020167,81.820694,0.328125,-23.588459,0.5,-482.373195,535.093979,16.0693857,5.88746777,22.1390839,4.0350054,27.5470428,0.3984375,5.40795898,0.27734375,58.0550762,320.476706,26.7916234,16.0756608,77.6079979,9.43949606,43.6610603,0.5859375,-33.9469376,0.8984375,-116.46265,478.93028,-38.638332,30.5276592,103.895576,-13.4000023,11.0657797,0.5703125,-92.8297958,0.8984375,-293.345998,425.875602,9.02007146,37.6455925,159.673592,3.34312702,47.6411514,0.59375,-112.03244,0.8984375,-319.429005,665.034436,47.6584035,20.6309736,91.1228714,16.7431293,71.9202271,0.78515625,-19.2026443,0.8984375,-26.0830067,511.838436,7.51905333,0.568260169,16.0715872,0.234874444,9.69069169,0.0698690918,-3.39358829,0.0103922655,2.00392536,0.651925068,12.2352234,0.201159604,16.3954873,0.0416313349,-1.18556551,0.015027081,3.4613436,0.647876496,15.2022204,0.217174081,2.90916631,0.0240469843,-3.3246979,0.00611777151,1.45741825,-0.00404857211,2.96699694,0.0160144769,-13.486321,-0.0175843505,-2.13913239,-0.00890930948,0.974142543,0.974142543,0,0.980061649,0.980061649,0,0.993307693,0.993307693,0,0.741418808,0.741418808,0,0.963857464,0.963857464,0,0.836859678,0.836859678,0,0.404997016,0.404997016,0,0.652399153,0.652399153,0,0.903558638,0.903558638,0
VisualCogB_Task-2.mat,B,Task-2,66,R,1,-1,-37.4223567,13.7651726,52.6868138,-9.35758245,-7.25046873,0.3828125,-59.9372826,0.328125,0.197498071,703.989002,-131.487129,18.2865803,63.9165497,-32.8856421,-98.1270294,0.25,-162.043579,0.453125,-210.811875,621.933228,-122.729226,16.3547801,61.8420334,-30.715528,-87.7309952,0.25,-149.573029,0.46875,-152.882443,670.609406,8.75790335,10.0268834,35.7676849,2.17011403,23.4272461,0.4453125,-12.3404388,0.29296875,57.9294319,583.362335,-9.91033747,43.6448974,144.982063,-3.32141952,73.9659348,0.73828125,-71.0161285,0.58203125,262.079489,812.334983,-130.853107,40.4974658,129.590858,-45.3924479,-56.5601425,0.73828125,-186.151001,0.65234375,248.227671,779.614949,-91.2407051,55.9315112,176.507908,-31.5819095,4.82625198,0.73828125,-171.681656,0.56640625,378.35559,885.317569,39.6124015,18.3625453,66.2456608,13.8105384,75.3606815,0.78125,9.11502075,0.5703125,130.127918,488.46582,17.0537637,0.490896246,3.71934939,0.157283647,-3.028941,0.149434751,1.64578754,0.122867813,-2.69165662,0.794054392,-0.178434172,0.0511971232,0.176866837,0.0570844292,3.4747203,0.0401577741,0.826178444,0.787132536,4.1178289,0.0704074899,-3.30347068,0.0345102563,0.120956856,0.0436022014,3.51783506,-0.00692185667,4.29626307,0.0192103667,-3.48033751,-0.0225741729,-3.35376344,0.00344442738,0.440278749,-0.54327532,-78.125,0.677256454,0.677256454,0,0.83815567,0.83815567,0,0.983954401,0.983954401,0,0.992473355,0.992473355,0,0.978152401,0.978152401,0,0.56791475,0.56791475,0,0.851963808,0.851963808,0,0.877876402,0.877876402,0
VisualCogB_Task-2.mat,B,Task-2,67,R,1,-1,-28.2186608,14.2986647,51.5571091,-7.07643131,1.43945241,0.2578125,-50.1176567,0.28515625,-84.1044022,869.236087,-40.5184858,13.151473,52.94203,-10.1591723,-11.7508564,0.33203125,-64.6928864,0.28515625,-13.2501,842.06916,25.5094056,13.044701,48.1191547,6.38008426,45.0041885,0.41796875,-3.11496615,0.28125,130.469719,784.918028,66.0278914,12.9444104,47.0289574,16.5392566,86.739563,0.484375,39.7106056,0.25,143.719819,551.779411,1.02692405,32.3070782,121.742306,0.452259823,79.6001663,0.6640625,-42.1421394,0.60546875,-28.4153565,985.295717,16.22545,33.3879737,129.597073,5.74391296,95.4067001,0.6640625,-34.1903725,0.5625,33.8461805,880.931719,89.2043324,37.3331489,127.710457,31.1320891,176.305313,0.6640625,48.5948563,0.6015625,-63.390314,1017.55671,72.9788823,12.0820018,43.8485441,25.3881761,90.9111938,0.5546875,47.0626497,0.8984375,-97.2364945,502.883127,6.39759354,0.433009941,12.6267557,0.101198248,10.7071171,0.225411206,6.91505139,0.161556891,0.912913952,0.524208023,1.52546364,0.0975679302,10.0696973,0.217887068,2.15583458,0.0914744364,8.06373472,0.652348986,-1.40251302,0.0759422518,3.43071863,0.114656868,6.26752612,0.111088293,7.15082077,0.128140964,-2.92797666,-0.0216256784,-6.63897868,-0.103230201,4.11169154,0.0196138561,0.897249478,0.897249478,0,0.237153759,-0.566991609,50.78125,0.511689038,-0.540838904,54.6875,0.969960371,0.969960371,0,0.988233975,0.988233975,0,0.947688471,0.947688471,0,0.893296433,0.893296433,0,0.741714448,0.741714448,0,0.898674353,0.898674353,0
VisualCogB_Task-2.mat,B,Task-2,68,R,1,-1,-22.2351666,8.1828144,28.8450727,-5.53520101,-9.00154209,0.34375,-37.8466148,0.5,-83.8409612,299.92276,44.6504713,6.00420014,23.1659813,11.2015559,54.4008293,0.37890625,31.234848,0.26171875,18.802613,283.26931,10.7074255,8.74461969,32.7795725,2.702011,24.8883228,0.34765625,-7.89124966,0.5,-93.3333029,349.795858,-33.9430458,8.70145186,30.8280253,-8.49954491,-15.0445633,0.25,-45.8725886,0.49609375,-112.135916,272.596251,84.6459526,33.097695,151.096439,29.5478413,129.436584,0.8984375,-21.6598549,0.55078125,250.583599,763.304611,103.367292,25.4462238,82.021347,36.0729544,137.360809,0.6328125,55.3394623,0.55078125,-137.205835,627.129499,144.561437,44.059153,186.171792,50.4108964,198.42572,0.8984375,12.2539282,0.55078125,368.985259,703.091844,41.1941444,51.595821,165.050816,14.337942,118.104958,0.89453125,-46.945858,0.56640625,506.191093,522.254562,6.14381273,0.763786369,12.7887432,0.136263147,5.68959018,0.0101755811,-2.33876783,0.00631497224,0.190919281,0.695586792,10.9556546,0.187862973,12.0723005,0.0188793768,-3.50134234,0.00671516873,4.62186053,0.775989858,11.3954675,0.130928237,5.39455828,0.00705801449,-0.383450143,0.0058781889,4.43094124,0.0804030657,0.439812953,-0.0569347355,-6.67774224,-0.0118213623,3.1178922,-0.000836979828,0.423305926,-0.691548685,78.125,0.989805268,0.989805268,0,0.350480108,-0.661543884,-78.125,0.109504846,-0.583612256,-70.3125,0.98487058,0.98487058,0,-0.0327387902,-0.636598783,62.5,0.796917033,0.848926624,54.6875,0.990983493,0.990983493,0,0.802002778,0.856644038,-54.6875
VisualCogB_Task-2.mat,B,Task-2,69,L,0,-1,13.5176577,9.81787005,36.1585469,3.41202327,29.1820736,0.33203125,-6.97647333,0.48046875,-89.8681855,328.059765,28.4971314,8.21772464,29.7774925,7.16649837,42.6335182,0.33203125,12.8560257,0.48828125,-59.4169292,300.47258,27.2284069,6.62351433,23.5418053,6.83335449,37.561657,0.328125,14.0198517,0.484375,-40.3313207,288.412842,-1.2687245,3.29227936,11.220623,-0.333143882,5.34774971,0.43359375,-5.87287331,0.2734375,19.0856085,207.146141,31.462626,26.9332593,87.4904058,11.0624528,84.0371552,0.66796875,-3.45325065,0.8984375,-98.9679621,534.651099,51.5199843,24.8075768,85.6884708,18.0400931,101.489029,0.66796875,15.8005581,0.55078125,-72.2323145,590.940183,61.1760988,31.3077495,99.1350231,21.4185002,120.201874,0.6875,21.0668507,0.8984375,-105.654987,588.215135,9.65611449,7.95039728,33.773962,3.37840714,28.6575165,0.69140625,-5.11644554,0.890625,-33.4226725,402.051505,6.07003995,0.705878264,7.37350013,0.104476992,0.848594712,0.0804365309,-6.27291515,0.0217830423,3.52849824,0.749960071,7.73015682,0.100404693,-2.79823712,0.0340235657,-5.86279238,0.0305339484,3.6159444,0.748248325,7.55945339,0.105936999,6.86595276,0.0555656669,-5.4367086,0.0141076608,0.0874461638,-0.00171174637,-0.170703422,0.00553230634,9.66418988,0.0215421013,0.426083788,-0.0164262875,0.941443136,0.941443136,0,0.94984034,0.94984034,0,0.923777661,0.923777661,0,0.992901474,0.992901474,0,0.992220975,0.992220975,0,0.986508692,0.986508692,0,0.964476576,0.964476576,0,0.949911731,0.949911731,0,0.982861854,0.982861854,0
VisualCogB_Task-2.mat,B,Task-2,70,L,0,-1,62.9749033,32.4228678,99.3428249,15.8612191,127.41481,0.30859375,28.0719852,0.5,-276.510882,807.545662,66.6665301,39.5819842,127.904621,16.8070189,145.340744,0.30859375,17.4361229,0.5,-377.804673,934.848221,73.4335611,37.438029,118.582394,18.497651,146.261795,0.30859375,27.6794014,0.5,-345.197697,892.831589,6.76703104,3.06512356,10.903923,1.69063213,10.7625198,0.41015625,-0.141403198,0.31640625,32.6069765,132.551468,7.75177349,6.24370206,27.1878924,2.6711101,21.6710148,0.703125,-5.51687765,0.796875,-26.9137837,401.730193,-20.6374502,9.1254222,38.3535835,-7.22681321,0.539202869,0.55078125,-37.8143806,0.734375,-59.4134503,406.779138,-3.57624316,8.65268454,32.1662712,-1.26339275,11.7489986,0.6171875,-20.4172726,0.796875,-63.6516318,432.200966,17.061207,5.02837858,24.8196397,5.96342045,31.504869,0.73828125,6.6852293,0.8984375,-4.23818152,293.528324,11.4638343,0.633148405,11.871642,0.22077821,5.28167682,0.0339852707,3.06556833,0.0182871488,20.4881765,0.621323709,16.1105747,0.243877147,9.18643479,0.037435185,0.940511815,0.011744374,15.8822872,0.656514435,13.4967484,0.209137442,7.94181624,0.0288361484,2.95916674,0.0151527344,-4.60588932,0.0351907253,-2.61382625,-0.0347397044,-1.24461855,-0.00859903658,2.01865492,0.00340836035,0.992852372,0.992852372,0,0.99686625,0.99686625,0,0.998380953,0.998380953,0,0.75694966,0.75694966,0,0.868874428,0.868874428,0,0.84130382,0.84130382,0,0.936836504,0.936836504,0,0.980340392,0.980340392,0,0.980481028,0.980481028,0
VisualCogB_Task-2.mat,B,Task-2,71,R,1,-1,-76.8289524,8.26703909,31.3384705,-19.2176745,-60.2245331,0.296875,-91.5630035,0.44140625,-98.0848745,299.944519,-75.1456029,5.73990346,27.014904,-18.8033306,-61.2233543,0.296875,-88.2382584,0.44140625,-55.3453195,390.24292,-89.4437138,11.3716947,40.9764404,-22.3661775,-70.332077,0.296875,-111.308517,0.4453125,-138.317535,377.104553,-14.298111,6.93094387,25.7971954,-3.56284697,-2.02127838,0.27734375,-27.8184738,0.453125,-82.9722156,327.218262,38.997032,24.4784764,119.279572,13.6794919,71.2972488,0.78515625,-47.9823227,0.55078125,164.769232,892.806827,26.143793,15.0835765,78.7774487,9.18143345,47.217617,0.69140625,-31.5598316,0.55078125,40.3550538,835.022477,60.3848359,35.9468027,163.635506,21.1602271,102.405487,0.78515625,-61.2300186,0.55078125,286.431789,883.194084,34.241043,26.739797,97.0087128,11.9787936,66.4850178,0.80078125,-30.523695,0.5546875,246.076735,423.60334,16.9386412,0.787779881,6.65264326,0.114269194,-0.90697589,0.0116868439,0.69317927,0.0085526543,13.2982082,0.772462039,8.69362791,0.120107822,0.759404606,0.0128261212,3.80322643,0.0129432251,16.2541028,0.79932673,11.6148924,0.106586763,7.18331666,0.0120563254,0.447949402,0.00577329537,2.95589452,0.0268646909,2.92126448,-0.0135210593,6.42391205,-0.000769795733,-3.35527702,-0.00716992974,0.921786139,0.921786139,0,0.984132239,0.984132239,0,0.874978526,0.890859557,-3.90625,0.855473898,0.855473898,0,0.977070295,0.977070295,0,0.742033142,0.742033142,0,0.985577414,0.985577414,0,0.996293958,0.996293958,0,0.971350345,0.971350345,0
VisualCogB_Task-2.mat,B,Task-2,72,R,1,-1,-78.2659653,7.69795353,22.7365952,-19.5578778,-69.0212402,0.39453125,-91.7578354,0.3359375,87.2872903,217.381378,-87.8383791,24.8661103,74.1838188,-21.9450153,-54.4788094,0.5,-128.662628,0.25,332.717914,335.106186,-131.208145,17.7709528,54.0689926,-32.815827,-101.677696,0.5,-155.746689,0.33203125,233.53553,332.360138,-43.3697654,8.24020372,30.2498322,-10.8708117,-25.0150299,0.25,-55.2648621,0.4609375,-99.182384,231.877914,54.7398823,46.1258736,157.258041,19.2872811,100.693275,0.76171875,-56.5647659,0.55078125,325.809511,722.958161,86.3332157,47.8666655,168.690598,30.257669,134.404999,0.76171875,-34.2855988,0.55078125,358.530246,717.530657,78.9211657,67.1893738,236.46257,27.7629366,154.590607,0.82421875,-81.8719635,0.55078125,546.739372,927.190989,-7.41205009,21.3589084,75.2754345,-2.49473243,26.7311325,0.82421875,-48.544302,0.55859375,188.209126,369.725805,6.37278873,0.852039752,5.79520603,0.0734478125,5.41403936,0.0126676615,-4.00596801,0.00780998669,-0.55792807,0.894548189,4.73844588,0.0531063337,2.24317782,0.00500582801,-2.91900697,0.00609416869,1.9348275,0.893011923,5.46270408,0.0542820757,1.80830617,0.00463690749,-1.64445042,0.00448196756,2.49275557,-0.0015362661,0.724258193,0.00117574198,-0.434871644,-0.000368920516,1.27455655,-0.00161220113,0.916346894,0.916346894,0,0.914748543,0.914748543,0,0.980131345,0.980131345,0,0.995632667,0.995632667,0,0.981457463,0.981457463,0,0.987121808,0.987121808,0,0.97702536,0.97702536,0,0.994862828,0.994862828,0,0.984741713,0.984741713,0
VisualCogB_Task-2.mat,B,Task-2,73,R,1,-1,19.2146734,7.2689233,36.4696503,4.83353871,41.0440559,0.4765625,4.57440567,0.25,39.1073003,536.055115,36.853006,8.07199793,32.9766712,9.26675459,51.914341,0.42578125,18.9376698,0.25,67.2031286,437.558014,21.6228806,8.86116544,40.2818165,5.42645675,45.5020485,0.4765625,5.22023201,0.328125,60.0680685,581.857075,-15.2301255,10.0465832,33.0771542,-3.84029784,2.20317459,0.48828125,-30.8739796,0.328125,-7.13506015,507.036297,83.5372692,52.1981682,169.196532,29.292417,161.734573,0.66796875,-7.46195889,0.8984375,-328.09668,974.742854,91.5221712,43.0548231,137.96834,31.9749805,155.695496,0.671875,17.7271557,0.87890625,-306.608198,716.902552,96.1892977,63.9261487,198.381824,33.7371988,185.819153,0.6640625,-12.5626707,0.8984375,-423.090671,1012.1097,4.66712647,22.2843595,67.7440519,1.76221825,36.348938,0.70703125,-31.3951139,0.8984375,-116.482473,520.56179,20.1563742,0.782919516,0.0444348215,0.0857163683,-1.73299261,0.0418097019,4.44605229,0.0305038507,12.9007559,0.745038512,1.48490145,0.120142194,0.102523719,0.029039621,2.76786147,0.0314791558,21.9597029,0.795763491,5.99987304,0.0732952613,2.42751021,0.0477188055,4.66232369,0.0230571852,9.05894704,0.0507249797,4.51497159,-0.0468469328,2.32498649,0.0186791844,1.89446222,-0.00842197059,0.326473982,0.568119133,62.5,0.909004616,0.909004616,0,0.298791961,0.644641334,-62.5,0.989720497,0.989720497,0,0.994397371,0.994397371,0,0.988922028,0.988922028,0,0.98267408,0.98267408,0,0.994426396,0.994426396,0,0.98083008,0.98083008,0
VisualCogB_Task-2.mat,B,Task-2,74,L,0,-1,-32.6698396,9.82912779,28.2843132,-8.17059319,-17.7676239,0.2734375,-46.0519371,0.3671875,-100.607491,383.50383,-52.1336541,8.6272828,27.8471298,-13.0509325,-39.6958389,0.2578125,-67.5429688,0.3671875,-66.9195604,364.648682,-55.0943859,11.8008339,36.2577896,-13.7912828,-34.2623138,0.25390625,-70.5201035,0.453125,-134.240816,386.041458,-2.96073186,6.30084883,19.5329094,-0.740350254,6.36058044,0.2734375,-13.1723289,0.44140625,-67.3212559,240.870071,6.6458273,22.4840298,76.8281231,2.40012968,56.176178,0.609375,-20.6519451,0.8984375,-162.486509,553.438955,0.598984278,20.5989525,68.0118618,0.295853967,45.2223167,0.61328125,-22.7895451,0.55078125,-129.703785,594.452078,-15.9604136,23.9841638,79.3609238,-5.46931888,39.175705,0.60546875,-40.1852188,0.80078125,-165.163177,566.441664,-16.5593979,6.16858519,27.5506334,-5.76517285,-1.4981041,0.59765625,-29.0487375,0.80859375,-35.4593912,346.06821,6.92941499,0.624096974,2.6509897,0.249667298,-7.72521421,0.0200131728,-3.77887278,0.0157438552,7.82314287,0.720582237,2.76273774,0.167724515,-4.83451975,0.0230545178,-2.08070357,0.0101767531,8.76771683,0.65297939,5.05177271,0.225209343,-6.26702381,0.0178797422,-0.337397987,0.0139739389,0.944573957,-0.0676028471,2.28903497,0.0574848282,-1.43250406,-0.00517477563,1.74330559,0.00379718575,0.948291439,0.948291439,0,0.958330274,0.958330274,0,0.85448619,0.85448619,0,0.983696906,0.983696906,0,0.990331626,0.990331626,0,0.973087885,0.973087885,0,0.964520675,0.964520675,0,0.959506264,0.959506264,0,0.950352688,0.950352688,0
VisualCogB_Task-2.mat,B,Task-2,75,L,0,-1,-45.8911819,15.7411859,52.2564468,-11.4583877,-22.4371109,0.265625,-74.6935577,0.4765625,-196.221839,457.433395,-66.4458589,28.4888568,86.8957233,-16.5861879,-26.8972683,0.265625,-113.792992,0.4765625,-365.609301,477.804626,-52.0447637,21.1551196,70.1911469,-12.9942712,-19.4152908,0.26171875,-89.6064377,0.48046875,-274.693487,504.344666,14.4010952,11.0027959,36.8936729,3.59191668,32.0049438,0.44140625,-4.8887291,0.375,90.9158141,411.153748,6.80582123,19.7212072,92.9376831,2.45810398,47.7164345,0.86328125,-45.2212486,0.55078125,87.1562373,826.045009,-83.4324471,27.9899368,103.869083,-28.9966455,-30.2085228,0.5859375,-134.077606,0.71875,-115.715321,800.492495,24.3522742,24.1956751,133.28064,8.58948002,72.5693817,0.86328125,-60.7112579,0.55078125,176.975201,785.345256,107.784721,37.4010413,123.69342,37.5861255,142.99382,0.8671875,19.3003998,0.55078125,292.690522,585.039953,21.7736137,0.621452512,24.8064298,0.222449713,-0.507045404,0.015585203,2.16630424,0.0303611191,4.78630041,0.410998839,14.1602816,0.400154327,2.37126816,0.030739354,4.24169214,0.0296643727,12.3116577,0.679178772,16.9204553,0.188972335,2.15043378,0.0171416985,2.50674712,0.0167911203,7.52535734,0.268179934,2.7601737,-0.211181992,-0.220834381,-0.0135976555,-1.73494502,-0.0128732524,0.976641221,0.976641221,0,0.970248027,0.970248027,0,0.944184943,0.944184943,0,0.479750597,0.520094352,7.8125,0.85520549,0.85520549,0,-0.022127189,-0.373442649,31.25,0.246814499,0.246814499,0,0.96475371,0.96475371,0,0.13120801,-0.177955855,-78.125
VisualCogB_Task-2.mat,B,Task-2,76,R,1,-1,-67.548567,8.98063752,35.9439621,-16.9036682,-49.0447845,0.25,-84.9887466,0.48828125,-83.2364383,452.195343,-125.154531,9.27318602,34.6351318,-31.2870144,-109.566055,0.26953125,-144.201187,0.4921875,-108.680553,439.561676,-152.417938,14.5895989,60.4984055,-38.1381899,-116.81823,0.25,-177.316635,0.48828125,-183.350299,480.051849,-27.2634067,6.93447532,30.0397797,-6.85117558,-5.10951233,0.25,-35.149292,0.44921875,-74.6697453,312.742493,-32.1229462,31.3114878,115.146442,-11.0346467,37.4979057,0.69140625,-77.6485367,0.55859375,26.60563,885.634206,-81.2468875,29.6608154,113.302853,-28.1430497,-18.2845039,0.6953125,-131.587357,0.55078125,90.1247452,784.31983,-109.511805,39.4345452,139.564863,-37.9155339,-31.8277607,0.69140625,-171.392624,0.55859375,116.585208,970.894432,-28.2649177,11.4810776,42.3301582,-9.7724842,-3.19120407,0.72265625,-45.5213623,0.8984375,26.4604625,426.415313,6.42669342,0.759548886,7.12089658,0.053767599,2.4664881,0.0737932196,2.03482162,0.0519442222,4.7279224,0.845953271,6.2240968,0.0368099659,4.80648062,0.0283129371,1.83356342,0.0370454762,5.52941948,0.872472494,7.51861143,0.0331582506,2.15931505,0.0220886311,2.62327105,0.0245840567,0.801497075,0.0265192228,1.29451463,-0.00365171531,-2.64716557,-0.00622430598,0.789707636,-0.0124614195,0.890790697,0.890790697,0,0.858868444,0.858868444,0,0.926741076,0.926741076,0,0.965890729,0.965890729,0,0.968868053,0.968868053,0,0.984487234,0.984487234,0,0.943090578,0.943090578,0,0.895203471,0.895203471,0,0.961949737,0.961949737,0
VisualCogB_Task-2.mat,B,Task-2,77,R,1,-1,-3.18588596,10.1692531,36.1309576,-0.786361795,13.2535315,0.4453125,-22.8774261,0.33203125,77.988222,505.847248,-8.15738138,7.49742726,26.4927661,-2.03537513,2.92930675,0.4609375,-23.5634594,0.3359375,61.5525188,300.946798,-0.279448312,8.65860111,36.1086988,-0.0437191633,15.2649546,0.4453125,-20.8437443,0.5,30.5800727,517.572124,7.87793307,5.61620888,23.9929895,1.99165596,15.8482533,0.33984375,-8.14473629,0.5,-30.9724461,505.196913,46.6823921,34.0788238,106.547159,16.4129993,88.1495361,0.83203125,-18.3976231,0.55078125,203.184191,652.178513,13.3041586,22.5569566,74.9167976,4.76785741,41.3666649,0.66015625,-33.5501328,0.56640625,98.592293,533.097298,55.4057633,46.9066414,149.164505,19.4718385,115.049339,0.83203125,-34.1151657,0.5859375,291.181185,840.624934,42.1016048,27.7283031,87.7731476,14.7039811,76.1591415,0.83203125,-11.614006,0.58984375,192.588892,587.469832,9.92848543,0.413429721,3.38844305,0.333489341,2.76188269,0.0878657266,2.18489867,0.0638626571,6.2731297,0.441303158,6.41074868,0.354647383,-3.11910066,0.0593464376,-0.978033641,0.037319704,11.9818967,0.522426041,7.04241483,0.23744789,6.40168153,0.0674359954,5.10821943,0.0674368665,5.70876697,0.0811228829,0.631666146,-0.117199493,9.5207822,0.0080895578,6.08625307,0.0301171624,0.94131664,0.94131664,0,0.8564677,0.8564677,0,0.767446358,0.772984065,3.90625,0.956750929,0.956750929,0,0.989681911,0.989681911,0,0.916852633,0.920372973,-3.90625,0.847286047,0.847286047,0,0.975155956,0.975155956,0,0.775949682,0.779173961,-3.90625
VisualCogB_Task-2.mat,B,Task-2,78,L,0,-1,18.8104751,7.17480926,26.9692121,4.68459929,34.4283485,0.44921875,7.45913649,0.28515625,65.05312,364.296757,55.535915,18.5704927,62.2748947,13.8500163,89.3456879,0.5,27.0707932,0.28515625,244.241436,381.736877,29.155052,8.03942577,28.7757225,7.29230306,45.124485,0.4453125,16.3487625,0.28125,85.6958013,397.421539,-26.380863,12.6872279,42.8987694,-6.55771324,-6.52727127,0.29296875,-49.4260406,0.5,-158.545635,358.440475,59.7533823,9.15944671,41.1644402,20.716384,89.498558,0.8984375,48.3341179,0.6015625,44.286531,467.820258,108.71541,7.02009127,28.2598343,37.7902157,121.526611,0.78515625,93.266777,0.8203125,-23.2040858,390.797424,84.1275199,16.3348405,69.6338387,29.1786519,126.202499,0.8984375,56.5686607,0.59765625,132.804,505.830122,-24.5878897,18.6987192,67.8512306,-8.61156377,13.9588852,0.88671875,-53.8923454,0.59765625,156.008086,416.778792,9.61102288,0.579026347,3.38396866,0.170434571,-4.27758372,0.0942728898,3.11685112,0.0755558296,7.64349476,0.868427816,-1.40507606,0.0383735221,-8.10403814,0.0223127647,-1.42052292,0.0266397246,12.148125,0.610432527,6.90023896,0.150266974,-2.60944083,0.0958141968,2.29966192,0.0643417864,4.50463025,-0.257995289,8.30531502,0.111893452,5.49459731,0.0735014322,3.72018484,0.0377020618,0.788944505,0.788944505,0,0.892253765,0.896579058,3.90625,0.832338616,0.832338616,0,0.204369666,-0.414505341,-78.125,0.86094691,0.86094691,0,-0.146214359,-0.493172608,39.0625,0.949191622,0.949191622,0,0.983114639,0.983114639,0,0.925035009,0.925035009,0
VisualCogB_Task-2.mat,B,Task-2,79,L,0,-1,8.25888088,36.2556981,115.18214,2.06235453,72.3813934,0.265625,-42.8007469,0.4921875,-480.652645,566.086472,-2.22044489,43.5637553,137.268551,-0.562617917,74.6362,0.265625,-62.6323509,0.48828125,-579.789672,639.271988,18.4447621,44.2944831,136.953339,4.60888258,93.6948395,0.26171875,-43.2584991,0.4921875,-592.968199,620.287598,20.665207,2.58914251,11.4816952,5.1715005,28.2163486,0.3203125,16.7346535,0.5,-13.178527,171.148132,-4.68083812,32.3259271,105.391872,-1.65646716,65.1645889,0.8359375,-40.2272835,0.58984375,255.658732,599.037384,-42.7069459,31.7063631,99.165226,-14.8828921,29.1150093,0.83984375,-70.0502167,0.58984375,230.218361,663.950737,-20.9863529,32.542765,99.1752586,-7.3277649,51.6659164,0.83984375,-47.5093422,0.75390625,227.383125,613.018426,21.720593,3.24502543,13.7693176,7.55512722,27.198082,0.640625,13.4287643,0.78125,-2.83523546,211.074242,16.2819476,0.558446745,16.063841,0.28159803,-0.0410294986,0.033338283,2.96179247,0.0228149699,8.47853701,0.589861203,15.7025459,0.265447082,1.44731682,0.0324775944,2.84667144,0.0152221059,10.8869729,0.582888595,20.0714512,0.275577233,3.20394797,0.0258683271,2.56303653,0.0154801487,2.40843585,-0.00697260865,4.3689053,0.010130151,1.75663115,-0.00660926724,-0.283634907,0.000258042837,0.998247962,0.998247962,0,0.998147247,0.998147247,0,0.99840133,0.99840133,0,0.991192072,0.991192072,0,0.986908724,0.986908724,0,0.995236237,0.995236237,0,0.906654543,0.906654543,0,0.934165316,0.934165316,0,0.991648155,0.991648155,0
VisualCogB_Task-2.mat,B,Task-2,80,L,0,-1,-46.6535153,5.34231953,23.7576561,-11.6680057,-35.6485176,0.3515625,-59.4061737,0.46484375,-38.3060701,269.612015,-34.181836,4.60449757,19.9175529,-8.54418671,-23.1612854,0.35546875,-43.0788383,0.46484375,-17.4795665,240.819458,-55.9524504,5.09445586,21.013855,-13.9980933,-48.1472473,0.3515625,-69.1611023,0.4609375,-46.5014896,256.883408,-21.7706144,3.81230886,14.7669353,-5.45390659,-13.2440033,0.29296875,-28.0109386,0.375,-29.0219231,210.379669,81.1096579,27.5716362,133.571056,28.3426841,117.848389,0.8828125,-15.7226677,0.55078125,219.732532,655.207152,66.9920494,15.7586887,84.0425036,23.4076101,88.0042725,0.65234375,3.96176887,0.55078125,48.3928963,546.894159,111.796773,43.9601564,195.709476,39.0519534,169.514633,0.87890625,-26.1948433,0.55078125,391.177007,785.242023,44.8047235,35.34062,122.657024,15.6443433,92.500412,0.87890625,-30.1566122,0.55078125,342.784111,418.742768,-0.369370107,0.771317018,-3.89240733,0.116695085,-3.55852687,0.019910144,-0.238032137,0.0116422276,-2.15394792,0.756790427,-4.58548381,0.130450684,-3.78517846,0.0196732942,-3.51072847,0.00734261995,0.0702790394,0.787462819,-3.20119314,0.111814675,-3.52039708,0.0171564549,-1.58267908,0.00802068094,2.22422696,0.0306723929,1.38429067,-0.0186360089,0.264781374,-0.00251683928,1.92804939,0.00067806099,0.869885346,0.87341701,-3.90625,0.903433567,0.903433567,0,0.695327831,0.69949545,3.90625,0.802904457,0.802904457,0,0.979456908,0.979456908,0,0.672584807,0.672584807,0,0.983662105,0.983662105,0,0.99596448,0.99596448,0,0.965667564,0.965667564,0
VisualCogB_Task-2.mat,B,Task-2,81,R,1,-1,13.9812059,7.74248212,23.2864597,3.47255254,25.8529549,0.26171875,2.56649518,0.42578125,-5.91503728,467.0198,29.9851525,5.4545881,18.2034664,7.47688419,39.2989235,0.34765625,21.0954571,0.41796875,-2.03613695,434.056931,10.9481217,8.2741303,29.9153351,2.70064184,28.3538113,0.48046875,-1.5615238,0.31640625,31.5048534,498.661551,-19.0370307,5.22987134,23.5252482,-4.77624235,-8.34658432,0.48828125,-31.8718325,0.3125,33.5409904,291.889153,55.9255052,31.1451508,106.453552,19.4390213,117.100395,0.578125,10.646843,0.79296875,-273.642624,829.084335,75.0291111,34.8640756,117.576895,26.0951507,145.662445,0.58203125,28.0855503,0.79296875,-309.030936,862.283006,66.0064928,34.1822662,111.162828,22.9410409,128.703659,0.578125,17.5408306,0.79296875,-301.565391,792.811842,-9.02261823,5.22378916,21.8996429,-3.15410982,4.5193634,0.66796875,-17.3802795,0.58203125,7.46554467,287.299443,13.8247775,0.617065565,8.14718074,0.204324572,14.0549232,0.0539460216,1.43157733,0.0192617988,15.6507783,0.63673056,11.8524357,0.21828418,7.50989394,0.0232308297,1.86327788,0.0143472552,16.7399459,0.669278037,7.16239581,0.178632021,11.5749332,0.0350959645,2.43596531,0.0168683077,1.08916751,0.0325474772,-4.69003989,-0.0396521596,4.06503922,0.0118651347,0.572687434,0.00252105247,0.912008146,0.912008146,0,0.876467791,0.876467791,0,0.785055528,0.785055528,0,0.99330041,0.99330041,0,0.995613703,0.995613703,0,0.988746176,0.988746176,0,0.990401006,0.990401006,0,0.992015166,0.992015166,0,0.981404474,0.981404474,0
VisualCogB_Task-2.mat,B,Task-2,83,R,1,-1,-8.63171791,16.8486329,77.2730446,-2.20242883,41.1168938,0.5,-36.1561508,0.25390625,97.3811504,737.251023,14.7079076,14.6884429,66.3983023,3.60720131,63.7363853,0.5,-2.66191697,0.26171875,113.680664,608.411599,-5.78366889,18.8360863,92.9387245,-1.51478762,58.0956879,0.5,-34.8430367,0.25390625,95.7885209,839.55618,-20.4915764,8.16612512,32.3707561,-5.12198893,-5.64069748,0.5,-38.0114536,0.453125,-17.8921427,393.758007,106.654036,36.7015858,139.088679,37.2673888,135.48407,0.67578125,-3.60460901,0.8984375,-264.29492,686.335505,99.6585002,32.9064891,119.877861,34.7265899,139.956665,0.58203125,20.078804,0.8984375,-296.612222,454.409081,142.047239,48.2940542,184.053482,49.6561941,181.368103,0.75390625,-2.68537903,0.8984375,-312.216275,813.617583,42.3887384,24.433697,100.627518,14.9296042,77.8633347,0.7578125,-22.764183,0.8984375,-15.6040526,565.772669,22.7517097,0.712296424,9.69802102,0.169165704,3.81766351,0.0126768676,2.60353533,0.00998883045,18.7471139,0.713688885,17.6146981,0.167300098,-1.51049112,0.0111699111,1.08531737,0.0088818519,25.7818287,0.737472345,9.90190934,0.147732194,2.92485469,0.0156379639,1.83142575,0.0058801913,7.03471475,0.02378346,-7.71278872,-0.0195679037,4.43534582,0.00446805276,0.746108379,-0.00300166061,0.920654475,0.920654475,0,0.981278567,0.981278567,0,0.910575492,0.910575492,0,0.933577464,0.933577464,0,0.991080041,0.991080041,0,0.886662735,0.886662735,0,0.979379919,0.981070067,3.90625,0.997622543,0.997622543,0,0.96911732,0.972323709,-7.8125
VisualCogB_Task-2.mat,B,Task-2,84,L,0,-1,1.86078341,10.1791973,42.5971785,0.476996933,28.3672447,0.35546875,-14.2299337,0.28515625,38.2058043,524.963787,29.4717037,10.8267255,39.2315798,7.35418187,46.5265007,0.3515625,7.29492092,0.2890625,103.847947,533.389618,-1.42776574,7.70973675,33.1675987,-0.348321887,17.6810493,0.35546875,-15.4865494,0.28515625,21.7791195,339.036942,-30.8994694,7.76229132,25.0808927,-7.70250376,-19.4350452,0.296875,-44.5159379,0.453125,-82.0688274,298.140105,65.2775862,44.3261692,145.980654,22.8639794,134.559555,0.66015625,-11.4210987,0.86328125,-288.141053,926.853274,91.5772221,36.570595,110.456017,31.9847243,142.481232,0.66015625,32.0252151,0.86328125,-265.634423,747.65072,82.6271382,60.3414346,193.587987,28.9616586,180.949112,0.66015625,-12.638875,0.86328125,-383.615302,1146.03763,-8.95008383,26.2397594,84.007328,-3.02306568,38.8142548,0.66796875,-45.1930733,0.859375,-117.980879,646.976974,14.826408,0.702514539,5.76363705,0.146053824,-6.37788492,0.0397228949,-0.665988219,0.0240665792,8.49516846,0.709330356,4.53597247,0.124130469,-1.55210971,0.0615212395,0.0217428599,0.0271001872,19.4623388,0.758933837,10.4436006,0.1342078,-8.28501752,0.0141385356,-2.18409689,0.0095585184,10.9671704,0.0496034813,5.90762815,0.0100773313,-6.73290781,-0.0473827039,-2.20583975,-0.0175416688,0.797060167,0.797060167,0,0.951456614,0.951456614,0,0.697275554,0.698766868,3.90625,0.986402598,0.986402598,0,0.990363298,0.990363298,0,0.972023629,0.972023629,0,0.976183389,0.977136932,3.90625,0.992693718,0.992693718,0,0.967003261,0.967991443,-3.90625
VisualCogB_Task-2.mat,B,Task-2,86,R,1,-1,-16.3690784,10.0269969,40.6455438,-4.07487671,3.97667098,0.26171875,-36.6688728,0.5,-104.325331,571.521613,-22.2074393,6.57706875,24.0758018,-5.54892313,-8.649086,0.2578125,-32.7248878,0.5,-59.266032,490.979736,-27.6280908,9.47419137,35.5020885,-6.89263082,-9.58347511,0.26171875,-45.0855637,0.5,-97.5071716,596.564766,-5.42065147,3.95080424,14.4568682,-1.34370769,2.09619236,0.26953125,-12.3606758,0.5,-38.2411396,281.078156,53.7608934,47.0819289,134.394249,18.7447398,106.791656,0.7890625,-27.6025925,0.6015625,423.181429,678.118899,42.5031205,37.4031902,112.43067,14.8441838,85.7515945,0.7890625,-26.6790752,0.609375,289.759566,665.773344,67.7255321,65.4778021,187.719479,23.5986181,147.90004,0.859375,-39.8194389,0.6015625,616.165812,717.290017,25.2224117,34.363436,96.9963112,8.75443432,78.4580994,0.859375,-18.5382118,0.59375,326.406247,429.877304,15.757185,0.615954724,12.0713142,0.0672603434,3.21702524,0.17491429,0.270328208,0.0955502948,17.813152,0.694431957,12.5867367,0.0640103287,2.06620868,0.100542266,1.38646224,0.100819912,12.6760203,0.701526937,4.99105576,0.0629954398,2.63961913,0.11891036,-0.534985202,0.0762213633,-5.13713174,0.00709497933,-7.59568097,-0.00101488887,0.573410447,0.0183680934,-1.92144744,-0.0245985485,0.929737343,0.929737343,0,0.969425939,0.969425939,0,0.942101943,0.942101943,0,0.960830878,0.960830878,0,0.990893259,0.990893259,0,0.919834774,0.919834774,0,0.979867425,0.979867425,0,0.993558574,0.993558574,0,0.960414627,0.960414627,0
VisualCogB_Task-2.mat,B,Task-2,87,L,0,-1,-40.103139,17.6522371,66.0826864,-10.0799976,-13.3050013,0.27734375,-79.3876877,0.47265625,-188.121569,806.422096,-36.8158986,22.0247081,77.3494248,-9.25545623,-7.40416861,0.27734375,-84.7535934,0.47265625,-257.837028,858.862019,-58.7717117,20.9298171,77.9265213,-14.7565356,-23.7404938,0.27734375,-101.667015,0.47265625,-238.087397,842.678604,-21.9558131,4.27580848,16.1329327,-5.50107936,-14.9297867,0.48046875,-31.0627193,0.296875,19.7496317,423.5443,-18.0851825,53.9455035,152.878609,-6.24157691,51.1106873,0.6796875,-101.767921,0.87109375,-472.261676,686.828451,-63.6948263,49.6446782,140.236557,-22.1570068,2.20356774,0.55078125,-138.03299,0.87109375,-466.667515,723.366848,-36.1477845,63.150292,179.646072,-12.5003294,48.3284149,0.67578125,-131.317657,0.8671875,-544.405469,752.781269,27.5470418,19.2128943,63.3402138,9.65667744,65.919384,0.66796875,2.57917023,0.85546875,-77.737954,516.019074,18.8826379,0.563617979,10.8876131,0.227412806,5.97279824,0.0766809485,1.8992426,0.0273571626,13.1507278,0.356959112,9.67138568,0.375454997,10.3191396,0.109862232,3.57266998,0.0440213864,20.4880419,0.616081853,12.6581761,0.196816382,3.31034146,0.0627635132,0.736524699,0.02306287,7.33731417,0.259122741,2.98679042,-0.178638615,-7.00879813,-0.0470987187,-2.83614528,-0.0209585164,0.981244272,0.981244272,0,0.988917064,0.988917064,0,0.981469904,0.981469904,0,0.977839816,0.977839816,0,0.998438903,0.998438903,0,0.970218631,0.970218631,0,0.79240632,0.79240632,0,0.993669862,0.993669862,0,0.821258649,0.821258649,0
VisualCogB_Task-2.mat,B,Task-2,88,R,1,-1,11.1247812,5.70487935,22.1517388,2.80669438,20.7196941,0.3828125,-1.43204463,0.4921875,-40.319095,444.045972,40.4395171,14.9459673,47.454236,10.1500317,58.5278397,0.2734375,11.0736036,0.5,-183.652957,476.86272,54.335038,4.98066579,23.0554848,13.6078101,63.5727386,0.41796875,40.5172539,0.4921875,-16.7466699,358.847122,13.8955209,13.7936513,40.3491096,3.45777841,38.3063583,0.4609375,-2.04275131,0.26953125,166.906287,373.632298,64.3673652,58.0052107,166.220006,22.3289425,155.478012,0.8984375,-10.7419939,0.578125,529.440622,805.677695,48.8084547,40.2384191,105.327112,16.968212,98.9800186,0.74609375,-6.34709358,0.65625,324.675128,715.546843,110.656163,67.4773464,189.759109,38.3993158,214.798294,0.8984375,25.0391846,0.66015625,617.65079,851.177954,61.8477083,32.452716,97.4218302,21.4311038,122.67128,0.8984375,25.2494497,0.625,292.975662,432.508758,-1.94897051,0.594443897,-1.54737689,0.054259946,0.326666943,0.172618711,2.01516128,0.119718839,-0.0803598785,0.817976607,3.52630875,0.0471572232,-0.815466232,0.0359619914,7.29771668,0.0370374275,-5.75911583,0.568276409,2.25439559,0.0884564683,3.1659347,0.127649477,2.31773385,0.143149019,-5.67875595,-0.249700198,-1.27191316,0.0412992451,3.98140093,0.0916874859,-4.97998283,0.106111592,0.731483294,0.731483294,0,0.787404081,0.787404081,0,0.389061524,0.389061524,0,0.961138292,0.961138292,0,0.996205429,0.996205429,0,0.94268899,0.94268899,0,0.855134981,0.855134981,0,0.989393858,0.989393858,0,0.842173365,0.842173365,0
VisualCogB_Task-2.mat,B,Task-2,89,L,0,-1,-121.378494,8.72268489,35.6236191,-30.3638709,-99.9002762,0.3671875,-135.523895,0.41796875,-6.53362824,466.589813,-156.441394,6.1146304,24.2634888,-39.1347541,-142.204346,0.3671875,-166.467834,0.42578125,-22.4095454,391.506836,-231.373188,18.5378359,62.6190948,-57.8767424,-196.681381,0.25,-259.300476,0.421875,-214.211824,529.906555,-74.9317934,14.9411275,46.6363525,-18.7419883,-49.1644287,0.2734375,-95.8007812,0.49609375,-191.802278,282.391174,21.9199761,47.1968555,189.843918,7.8874482,72.4581375,0.81640625,-117.38578,0.55078125,353.526926,911.180653,-21.1002817,40.5301562,168.880583,-7.14287496,24.0374279,0.83984375,-144.843155,0.55078125,321.479141,793.03933,-55.7024911,65.6739913,249.915833,-19.0232575,16.3119812,0.81640625,-233.603851,0.55078125,525.940556,998.747103,-34.6022095,27.7664293,90.6475201,-11.8803825,1.88682365,0.8046875,-88.7606964,0.55078125,204.461415,480.747027,5.39580326,0.792965167,11.1155356,0.0949115752,1.69181621,0.0345582618,-0.0810601129,0.0104653547,-2.49607881,0.821804319,3.47671957,0.0878136827,0.643532133,0.016211253,-0.227003532,0.0105689101,6.91292546,0.844207737,11.0545649,0.0692348279,6.04434501,0.0197180161,0.757856381,0.00473856963,9.40900427,0.0224034186,7.57784534,-0.0185788548,5.40081287,0.00350676311,0.984859913,-0.00583034048,0.872268946,0.872268946,0,0.551701929,0.551701929,0,0.696073968,0.696073968,0,0.985310855,0.985310855,0,0.991235039,0.991235039,0,0.973934303,0.973934303,0,0.996093692,0.996093692,0,0.954326182,0.955264076,-3.90625,0.953440037,0.953440037,0
VisualCogB_Task-2.mat,B,Task-2,90,R,1,-1,-36.3597187,9.80945848,42.8020811,-9.12552733,-11.1735392,0.25,-53.9756203,0.42578125,-69.6096794,592.184841,-10.4010358,8.75703164,36.4762712,-2.61698955,7.33597612,0.34375,-29.140295,0.421875,-54.6440158,483.226814,-19.9478155,7.99448325,33.3205252,-5.01373285,-1.08533955,0.25,-34.4058647,0.41796875,-55.2703851,462.939301,-9.54677964,3.72897942,13.2218838,-2.39674329,-2.07352448,0.4296875,-15.2954082,0.484375,-0.626369305,241.266529,74.204574,47.3319265,148.1273,25.9056163,121.99218,0.8359375,-26.1351204,0.5625,423.556876,705.651899,80.9034338,36.9958442,124.695927,28.2328652,122.327446,0.8359375,-2.3684814,0.55859375,329.924962,611.659913,116.091088,56.4785467,175.973507,40.4990449,169.23909,0.734375,-6.73441744,0.55859375,498.796632,783.317623,35.1876544,20.2309544,65.6825899,12.2661798,59.5940399,0.73828125,-6.08855,0.55078125,168.87167,358.981154,14.2585064,0.798409732,5.48258434,0.0489336833,6.76547844,0.056885043,1.89953644,0.0389327408,17.6793246,0.803347534,3.82385796,0.0535929668,7.66317388,0.0428836175,-0.451335771,0.0366294524,14.4340719,0.848327009,8.51838571,0.0559963177,4.06996806,0.0262441722,0.588492977,0.0149858724,-3.24525265,0.0449794755,4.69452775,0.00240335096,-3.59320582,-0.0166394453,1.03982875,-0.0216435801,0.912475594,0.912475594,0,0.960970995,0.960970995,0,0.904840744,0.904840744,0,0.995794782,0.995794782,0,0.998156014,0.998156014,0,0.992889155,0.992889155,0,0.992510841,0.992510841,0,0.996844935,0.996844935,0,0.995011559,0.995011559,0
VisualCogB_Task-2.mat,B,Task-2,91,L,0,-1,-146.443327,8.48156148,44.8795853,-36.6899596,-115.179543,0.5,-160.059128,0.4296875,-28.903934,483.062225,-206.57137,7.26121475,40.5762787,-51.6884852,-183.073639,0.5,-223.649918,0.42578125,-1.69512897,435.100952,-208.740281,10.9399626,48.4727936,-52.2790977,-176.44368,0.5,-224.916473,0.43359375,-62.5681241,531.591675,-2.16891151,9.35818101,35.5526428,-0.590612531,15.4592438,0.2578125,-20.093399,0.46484375,-60.8729951,442.339844,-62.8379534,34.2980665,111.56348,-21.8462502,11.7883949,0.6171875,-99.7750854,0.859375,-275.113653,800.004213,-124.001574,25.4574883,85.7915955,-43.0720593,-67.3831177,0.6171875,-153.174713,0.8046875,-191.616594,799.442218,-132.243233,42.1827699,126.596428,-46.0228965,-47.1680069,0.61328125,-173.764435,0.765625,-336.615098,783.630069,-8.24165891,19.2770838,67.9722824,-2.95083715,28.5663528,0.6015625,-39.4059296,0.83984375,-144.998503,657.274666,10.1543351,0.748061414,15.5553004,0.141830521,-0.866274249,0.00712921596,-1.94340424,0.00946740592,1.53838062,0.745283552,8.74858132,0.136183515,-2.62608207,0.00772747292,2.54716591,0.0166005772,5.68032952,0.730219715,11.0251181,0.162447916,1.37891514,0.00697690176,-3.12859023,0.00523013584,4.14194891,-0.0150638374,2.27653679,0.0262644003,4.00499721,-0.000750571158,-5.67575614,-0.0113704414,0.680951244,0.680951244,0,0.959521075,0.959521075,0,0.533957877,0.533957877,0,0.977329724,0.977329724,0,0.988459607,0.989927253,3.90625,0.957224271,0.961992684,3.90625,0.971904295,0.971904295,0,0.958003388,0.958003388,0,0.898021944,0.898021944,0
VisualCogB_Task-2.mat,B,Task-2,92,L,0,-1,35.8769322,6.74631236,29.6049175,8.99576491,47.7574883,0.47265625,18.1525707,0.28515625,41.7757006,530.742882,83.2368849,8.91963315,37.1113548,20.8415053,95.2548904,0.47265625,58.1435356,0.28515625,84.0268617,491.545593,67.3462501,7.27158626,33.8337212,16.8781643,80.8015213,0.47265625,46.9678001,0.25,62.511482,478.314438,-15.8906348,5.67358991,22.4916992,-3.96334098,-4.93043137,0.28125,-27.4221306,0.328125,-21.5153797,400.854172,26.0482354,22.5934919,84.5095325,8.94421107,81.6223755,0.89453125,-2.88715696,0.8125,81.9074964,577.250858,2.80014567,36.5474757,127.705162,0.828401518,67.1681213,0.55078125,-60.5370407,0.8125,-256.456427,634.115399,38.2105607,23.3973375,77.4354303,13.1843997,74.4032211,0.8671875,-3.03220916,0.8125,-46.7258208,679.496087,35.410415,22.9964388,77.5257902,12.3559981,73.9179411,0.85546875,-3.60784912,0.55078125,209.730606,491.729865,4.59935611,0.50460528,-2.20295178,0.132298809,-1.9076629,0.0666940295,2.69795814,0.214675233,11.7070704,0.838320492,2.12809883,0.0441969421,3.6741676,0.0168753027,4.41779634,0.0429513034,7.80412497,0.739007113,-1.57717143,0.0684033019,-3.31155084,0.0350339665,3.03650301,0.0934720803,-3.90294548,-0.0993133796,-3.70527025,0.0242063598,-6.98571844,0.0181586638,-1.38129333,0.0505207769,0.854931995,0.854931995,0,0.810684285,0.810684285,0,0.77279049,0.77279049,0,0.370224322,-0.498810938,78.125,0.821722141,0.821722141,0,0.791893115,0.791893115,0,0.391343062,0.409129122,-11.71875,0.814649832,0.814649832,0,0.75638451,0.75638451,0
VisualCogB_Task-2.mat,B,Task-2,93,R,1,-1,3.28430877,13.6718671,47.0682678,0.832630255,28.1843262,0.3671875,-18.8839417,0.27734375,88.5078319,613.040611,-20.8055668,9.80192249,34.2461352,-5.1625807,-6.60500383,0.375,-40.8511391,0.2578125,31.7920957,481.507187,0.442010684,11.3800675,41.4373665,0.122306705,21.0498962,0.3671875,-20.3874702,0.4140625,55.9836448,570.094437,21.2475774,6.89059732,27.6968651,5.2848874,35.086195,0.4921875,7.38932991,0.421875,24.1915491,425.005469,33.4223669,46.4462573,139.431967,11.6697962,115.908302,0.59375,-23.5236645,0.87109375,-415.269815,784.303896,9.1722099,38.7558573,121.469406,3.22434372,79.4520187,0.59765625,-42.0173874,0.86328125,-337.75427,840.072387,37.8152884,55.9831187,168.650475,13.2037016,138.481323,0.59765625,-30.1691513,0.875,-500.979297,865.467804,28.6430785,19.4334319,67.6875229,9.97935785,60.6919327,0.58203125,-6.99559021,0.88671875,-163.225027,574.817962,19.2553826,0.587893281,17.3045809,0.211565774,6.72298994,0.0677123017,0.858694293,0.0225414599,14.6333272,0.563976758,16.376303,0.254227578,1.2909636,0.0376899362,1.10890384,0.032911961,27.4028166,0.628042181,18.1194609,0.207086548,10.7975624,0.042008439,-0.0546459004,0.0129324544,12.7694894,0.0640654234,1.74315788,-0.0471410297,9.50659876,0.00431850278,-1.16354974,-0.0199795065,0.806881213,0.825779872,3.90625,0.976516312,0.976516312,0,0.798336238,0.818072299,-3.90625,0.98756169,0.98756169,0,0.996745426,0.996745426,0,0.981361313,0.981361313,0,0.968575581,0.968575581,0,0.993577817,0.993577817,0,0.964686327,0.96473291,3.90625
VisualCogB_Task-2.mat,B,Task-2,94,L,0,-1,-16.327706,21.9856139,100.649647,-4.19662894,56.7820702,0.5,-43.8675766,0.328125,200.913411,720.81646,-12.0516846,21.3568968,88.8142166,-3.11769386,57.7129364,0.5,-31.1012802,0.328125,216.472622,606.111397,-37.7440272,23.3668334,107.093998,-9.57967857,44.6649284,0.5,-62.4290695,0.328125,155.725358,809.214905,-25.6923426,8.78582849,33.794775,-6.46198472,-7.9507618,0.26953125,-41.7455368,0.4296875,-60.7472639,413.856079,110.759115,10.3835171,48.157341,38.5269199,139.883286,0.859375,91.7259445,0.69921875,55.0247832,630.065638,79.5291358,14.0895826,58.3657951,27.6062729,113.832161,0.859375,55.4663658,0.69921875,78.2273735,696.648152,107.174217,10.2990041,51.6050262,37.3291899,125.973633,0.63671875,74.3686066,0.8984375,-44.3137884,563.302844,27.6450809,17.5270416,65.1183395,9.72291704,47.2104187,0.6171875,-17.9079208,0.8984375,-122.541162,439.801813,19.8574212,0.744069886,7.25566021,0.123928187,-2.27571903,0.0339235945,2.2599274,0.0105721175,15.3594542,0.701122702,8.11590138,0.159619324,-1.56248043,0.0301733208,-2.58282925,0.0134802238,22.4156388,0.757905143,11.0347155,0.125652251,-1.79701857,0.0205852173,3.95635577,0.00546870581,7.05618468,0.0567824415,2.91881411,-0.0339670731,-0.23453814,-0.0095881035,6.53918503,-0.00801151798,0.974259946,0.974259946,0,0.969403727,0.969403727,0,0.926708791,0.926708791,0,0.762200447,0.762200447,0,0.408615511,-0.560026536,58.59375,-0.00899795241,-0.424077089,58.59375,0.986061536,0.986061536,0,0.988167619,0.988167619,0,0.961303696,0.961303696,0
VisualCogB_Task-2.mat,B,Task-2,95,R,1,-1,-26.3939007,31.9495106,111.48991,-6.71280222,50.7822227,0.49609375,-60.7076874,0.3984375,294.55075,747.009995,-39.2717485,30.741365,108.412788,-9.94519726,36.1211624,0.49609375,-72.291626,0.39453125,283.695446,779.426041,-42.9541912,35.0258023,124.547318,-10.8870531,47.5535278,0.5,-76.9937897,0.3984375,300.478638,728.920349,-3.68244272,6.19370507,27.2913132,-0.941855888,13.0980682,0.5,-14.1932449,0.421875,16.7831921,394.889069,38.386964,45.8274711,158.421074,13.5242686,85.4354706,0.69921875,-72.9856033,0.8984375,-333.063322,878.338549,3.58515123,32.5123911,111.761375,1.36413363,41.5272217,0.74609375,-70.2341537,0.8984375,-217.354577,722.184977,42.8836258,61.8241592,201.428818,15.1351289,102.873131,0.69921875,-98.555687,0.8984375,-482.24033,933.97924,39.2984746,32.2879423,112.016534,13.7709953,83.5592208,0.671875,-28.4573135,0.89453125,-264.885752,500.567491,16.8729977,0.711904516,15.6819374,0.152546719,1.4644857,0.0383180616,2.44400689,0.0194622823,11.5866714,0.640801158,8.17176885,0.201828815,-1.39583516,0.0368579685,2.03170885,0.0286153511,23.1064314,0.788121441,15.5891325,0.109231887,-0.152616299,0.0172726085,3.7802466,0.0109423182,11.51976,0.147320282,7.41736362,-0.0925969278,1.24321886,-0.01958536,1.74853775,-0.017673033,0.992884203,0.992884203,0,0.993237679,0.993237679,0,0.990710124,0.990710124,0,0.976590795,0.976590795,0,0.991846843,0.991846843,0,0.954396319,0.954396319,0,0.961312916,0.961312916,0,0.992255444,0.992255444,0,0.949612951,0.949612951,0
VisualCogB_Task-2.mat,B,Task-2,96,R,1,-1,-74.8812227,16.4001074,53.9118004,-18.7068125,-46.174839,0.30078125,-100.086639,0.47265625,-203.369311,512.980164,-164.169663,31.7553554,102.541565,-41.0709052,-109.929169,0.26171875,-212.470734,0.44140625,-410.925274,648.108795,-106.224675,19.2313694,57.1835251,-26.5324066,-77.4352951,0.265625,-134.61882,0.47265625,-251.749078,447.341278,57.9449881,13.880385,55.0204773,14.5384986,84.2633057,0.4453125,29.2428284,0.25,159.176196,399.586487,-96.0593369,7.81626943,32.6223755,-33.3974461,-76.7056885,0.78515625,-109.328064,0.65234375,-0.880881127,550.885643,-158.764141,20.8569011,79.8382492,-55.1752494,-124.396492,0.8984375,-204.234741,0.5546875,188.745592,603.045931,-128.463102,8.06929457,32.4894028,-44.6533392,-110.43615,0.78515625,-142.925552,0.5546875,46.4241858,485.920163,30.301039,16.8540586,57.0896301,10.5219102,63.0008774,0.58984375,5.91124725,0.8984375,-142.321406,382.474565,-10.4708618,0.461663572,-4.08438624,0.171918452,-0.521006232,0.159441171,-0.469952981,0.172405633,-2.47318344,0.866432372,-6.21923002,0.0325930372,-1.74967015,0.0283250116,0.630169253,0.0316409328,-7.11012699,0.740682558,-6.53255174,0.0670415803,-2.57090275,0.079636222,-0.314011124,0.0776169878,-4.63694355,-0.125749814,-0.313321719,0.0344485431,-0.821232604,0.0513112103,-0.944180377,0.0459760551,0.966810461,0.971640802,3.90625,0.979260894,0.979260894,0,0.970677155,0.970677155,0,0.168456004,0.208013644,50.78125,0.755430337,0.755430337,0,0.64190116,0.64190116,0,0.885737034,0.885737034,0,0.981322678,0.981322678,0,0.937836043,0.937836043,0
VisualCogB_Task-2.mat,B,Task-2,97,L,0,-1,32.7172263,8.6331114,30.9379463,8.22040803,47.4752998,0.38671875,16.5373535,0.26953125,29.4212744,513.390404,35.1567087,8.02919341,26.224205,8.79760288,49.5549889,0.359375,23.3307838,0.25,39.6972335,394.762589,35.1026224,8.29012012,30.1967983,8.81056497,46.6388969,0.37109375,16.4420986,0.26953125,41.9593964,486.539948,-0.054086245,5.14404459,24.8150311,0.012962088,9.28733635,0.4375,-15.5276947,0.5,2.26216286,306.620392,106.477431,57.1970126,168.86562,37.2166883,182.744614,0.67578125,13.878994,0.88671875,-430.466533,827.281212,109.261989,37.125808,114.541336,38.1503008,156.647308,0.66796875,42.1059723,0.89453125,-284.728352,572.75305,118.794674,81.2074229,236.407773,41.5626578,227.243271,0.67578125,-9.16450214,0.88671875,-615.038783,1081.63455,9.53268497,45.7331185,136.913759,3.41235693,79.5042725,0.69921875,-57.4094868,0.875,-330.310432,629.698561,6.39542243,0.751285179,6.81177467,0.107073374,4.69554015,0.0381194234,4.07611051,0.0232346443,4.70820531,0.765365224,8.89385094,0.102357113,1.7124265,0.0287207509,3.7240229,0.0197901381,7.73657587,0.791986272,9.30095856,0.0950689478,4.99756659,0.0244501326,1.8669828,0.0114863182,3.02837057,0.026621048,0.407107624,-0.00728816477,3.28514008,-0.00427061834,-1.8570401,-0.00830381988,0.814201051,0.814201051,0,0.956323436,0.956323436,0,0.801743305,0.803230744,3.90625,0.984201195,0.984201195,0,0.998154684,0.998154684,0,0.975400546,0.975400546,0,0.972280279,0.972280279,0,0.990709851,0.990709851,0,0.936858096,0.936858096,0
VisualCogB_Task-2.mat,B,Task-2,98,L,0,-1,-22.0636831,13.248775,47.8696012,-5.55142048,8.61571026,0.27734375,-39.253891,0.328125,-85.4497288,568.340721,-18.2764176,11.1508855,42.7011657,-4.60661198,1.05028677,0.28515625,-41.6508789,0.33203125,8.51832993,561.203481,-31.482802,11.8277441,38.8029599,-7.91242151,-6.09836149,0.2734375,-44.9013214,0.40625,-98.3211198,392.65987,-13.2063845,10.820339,36.7020941,-3.30580953,7.71378613,0.2578125,-28.988308,0.421875,-106.83945,437.921126,46.0216385,47.9188751,168.223045,16.2538601,132.083817,0.65625,-36.1392288,0.55078125,-145.687654,929.382228,46.5783598,39.0751824,144.19243,16.4180907,117.041176,0.65234375,-27.1512547,0.55078125,-116.05195,843.159392,58.0351773,61.0242049,187.227957,20.484069,156.231873,0.65625,-30.9960842,0.55078125,-233.025643,1080.10347,11.4568175,25.3235414,87.3542156,4.06597826,60.524704,0.6953125,-26.8295116,0.87890625,-116.973693,559.690122,26.8581851,0.696256525,13.9579407,0.167982602,9.10738068,0.0644261148,-0.487387518,0.00969300669,12.2985992,0.647436323,12.0179463,0.195355703,9.45180767,0.0710557077,0.00167466528,0.0195245408,32.9472236,0.790474304,17.7868487,0.119927647,13.9379591,0.0262623326,-2.01072999,0.00421564327,20.6486244,0.143037981,5.76890232,-0.0754280551,4.48615138,-0.044793375,-2.01240465,-0.0153088976,0.746645815,0.756745316,-3.90625,0.938611049,0.944441432,3.90625,0.557882487,-0.732559262,66.40625,0.991693421,0.991693421,0,0.988723663,0.988723663,0,0.966550634,0.966550634,0,0.98227499,0.98227499,0,0.989056228,0.989056228,0,0.969969905,0.969969905,0
VisualCogB_Task-2.mat,B,Task-2,99,R,1,-1,-6.31090443,12.7602652,55.9205074,-1.57437726,20.7453785,0.36328125,-35.1751289,0.484375,-81.8544018,599.070769,5.06925464,9.49126868,38.3068838,1.25900964,22.4459286,0.359375,-15.8609552,0.484375,-73.7107132,568.608149,-8.95262713,8.12545637,33.4717388,-2.24269033,5.20311165,0.36328125,-28.2686272,0.48828125,-36.8777359,537.608002,-14.0218818,4.78751837,17.1501207,-3.50169997,-4.55188847,0.46875,-21.7020092,0.39453125,36.8329773,339.361875,67.7550137,40.2089841,123.072956,23.7944667,116.651527,0.70703125,-6.4214282,0.5625,53.9498446,702.987842,64.9818057,31.2337325,101.195597,22.8084073,100.904037,0.79296875,-0.29155913,0.5625,25.0874488,659.339188,96.7007254,54.2125343,167.18309,33.967896,164.133957,0.7578125,-3.04913354,0.5546875,55.0598721,957.03775,31.7189197,24.6889512,71.8634835,11.1594887,66.1656494,0.75,-5.69783413,0.55078125,29.9724233,561.241491,10.6199695,0.758050938,10.3483736,0.0906097614,2.57899747,0.0439959206,-0.868657763,0.0324182433,7.887153,0.741484444,9.832294,0.0904013949,3.04125502,0.0494859812,2.65425322,0.0410826435,11.2625246,0.818223475,8.65710061,0.0811785815,-0.326659926,0.0183877117,-1.16882278,0.020236623,3.37537158,0.0767390304,-1.1751934,-0.00922281336,-3.36791494,-0.0310982695,-3.823076,-0.0208460205,0.943556738,0.943556738,0,0.891732535,0.891732535,0,0.863494256,0.879366921,-3.90625,0.978562994,0.978562994,0,0.995120041,0.995120041,0,0.97592839,0.97592839,0,0.986744653,0.986744653,0,0.992009824,0.992009824,0,0.98340147,0.98340147,0
VisualCogB_Task-2.mat,B,Task-2,100,L,0,-1,10.7531015,37.090729,107.687115,2.67118052,78.0039215,0.45703125,-29.6831932,0.25,427.942546,649.350559,32.9455182,46.2817645,128.821734,8.19290416,118.374992,0.4609375,-10.4467421,0.25,544.051182,705.076542,5.75561852,39.181319,115.807949,1.43068697,78.898735,0.4609375,-36.909214,0.25390625,454.450871,756.365471,-27.1898997,9.75858396,40.062582,-6.76221719,-6.21495628,0.3125,-46.2775383,0.5,-89.6003111,396.14937,-16.5718953,13.1716693,50.559576,-5.85590177,13.7712421,0.55078125,-36.7883339,0.765625,-39.0053331,468.048321,0.371454338,20.2418141,67.7185822,0.0255944314,43.3063393,0.55078125,-24.4122429,0.7109375,-100.825337,495.266761,-5.01775166,10.3908299,46.3354836,-1.80990977,27.3635235,0.88671875,-18.9719601,0.6171875,67.2511365,448.717473,-5.389206,22.8291025,67.0800202,-1.8355042,17.2330105,0.6875,-49.8470097,0.61328125,168.076474,477.530457,14.5828081,0.589145115,10.9515174,0.273198871,2.64125559,0.0224041442,1.53633081,0.0104921352,16.6072098,0.63385985,18.3948324,0.236966301,10.3984902,0.0200674925,1.10906186,0.0102438637,16.7497703,0.503681277,14.6991097,0.343263915,1.5310155,0.0295197955,3.9875679,0.00995971656,0.142560495,-0.130178573,-3.69572269,0.106297614,-8.86747472,0.00945230304,2.87850605,-0.000284147163,0.990620452,0.990620452,0,0.996792851,0.996792851,0,0.987643621,0.987643621,0,0.92462566,0.92462566,0,0.32633677,0.32633677,0,-0.00824311421,-0.352565984,-62.5,0.975007793,0.975007793,0,0.902789538,0.902789538,0,0.852576196,0.852576196,0
