file_name,subject,task,direction,channel,n_trials,time_s,fitted_amplitude,ci95_low_pointwise,ci95_high_pointwise
VisualCogA_Task-1.mat,A,Task-1,L,Fz,43,-0.5,-2.2779875,-6.9597354,2.0264771
VisualCogA_Task-1.mat,A,Task-1,L,Fz,43,-0.49609375,-0.95211828,-5.0503686,3.0852345
VisualCogA_Task-1.mat,A,Task-1,L,Fz,43,-0.4921875,0.20580693,-3.7192316,3.9401012
VisualCogA_Task-1.mat,A,Task-1,L,Fz,43,-0.48828125,1.2051865,-2.5902103,4.7034421
VisualCogA_Task-1.mat,A,Task-1,L,Fz,43,-0.484375,2.0554188,-1.5644132,5.3828619
VisualCogA_Task-1.mat,A,Task-1,L,Fz,43,-0.48046875,2.7659021,-0.72896155,5.9763138
VisualCogA_Task-1.mat,A,Task-1,L,Fz,43,-0.4765625,3.3460349,-0.044737679,6.3774471
VisualCogA_Task-1.mat,A,Task-1,L,Fz,43,-0.47265625,3.8052154,0.66225691,6.6669304
VisualCogA_Task-1.mat,A,Task-1,L,Fz,43,-0.46875,4.1528421,0.91494289,6.9630993
VisualCogA_Task-1.mat,A,Task-1,L,Fz,43,-0.46484375,4.3983133,1.3604795,7.1961188
VisualCogA_Task-1.mat,A,Task-1,L,Fz,43,-0.4609375,4.5510274,1.491679,7.2630607
VisualCogA_Task-1.mat,A,Task-1,L,Fz,43,-0.45703125,4.6203826,1.6152559,7.3478521
VisualCogA_Task-1.mat,A,Task-1,L,Fz,43,-0.453125,4.6157775,1.6194067,7.3654359
VisualCogA_Task-1.mat,A,Task-1,L,Fz,43,-0.44921875,4.5466102,1.6062509,7.3582029
VisualCogA_Task-1.mat,A,Task-1,L,Fz,43,-0.4453125,4.4222793,1.5093738,7.3020604
VisualCogA_Task-1.mat,A,Task-1,L,Fz,43,-0.44140625,4.252183,1.267747,7.2158391
VisualCogA_Task-1.mat,A,Task-1,L,Fz,43,-0.4375,4.1503667,1.1663619,7.1080396
VisualCogA_Task-1.mat,A,Task-1,L,Fz,43,-0.43359375,3.9681677,1.028853,6.9388451
VisualCogA_Task-1.mat,A,Task-1,L,Fz,43,-0.4296875,3.7436617,0.78040646,6.7437767
VisualCogA_Task-1.mat,A,Task-1,L,Fz,43,-0.42578125,3.4910842,0.44508469,6.4974696
VisualCogA_Task-1.mat,A,Task-1,L,Fz,43,-0.421875,3.2347282,0.20916725,6.2213894
VisualCogA_Task-1.mat,A,Task-1,L,Fz,43,-0.41796875,3.0026576,-0.010652973,6.0846682
VisualCogA_Task-1.mat,A,Task-1,L,Fz,43,-0.4140625,2.8231813,-0.10640491,5.9346558
VisualCogA_Task-1.mat,A,Task-1,L,Fz,43,-0.41015625,2.7012212,-0.21753313,5.7408272
VisualCogA_Task-1.mat,A,Task-1,L,Fz,43,-0.40625,2.6221284,-0.35482886,5.637777
VisualCogA_Task-1.mat,A,Task-1,L,Fz,43,-0.40234375,2.5669046,-0.3905213,5.5431875
VisualCogA_Task-1.mat,A,Task-1,L,Fz,43,-0.3984375,2.5531351,-0.29558481,5.53603
VisualCogA_Task-1.mat,A,Task-1,L,Fz,43,-0.39453125,2.5806523,-0.27760549,5.6108392
VisualCogA_Task-1.mat,A,Task-1,L,Fz,43,-0.390625,2.6435372,-0.26615204,5.6073282
VisualCogA_Task-1.mat,A,Task-1,L,Fz,43,-0.38671875,2.72595,-0.14783018,5.5643295
VisualCogA_Task-1.mat,A,Task-1,L,Fz,43,-0.3828125,2.8170322,-0.007577286,5.5170328
VisualCogA_Task-1.mat,A,Task-1,L,Fz,43,-0.37890625,2.8868192,0.11743848,5.5232483
VisualCogA_Task-1.mat,A,Task-1,L,Fz,43,-0.375,2.9150776,0.23320407,5.4817965
VisualCogA_Task-1.mat,A,Task-1,L,Fz,43,-0.37109375,2.900401,0.24302864,5.3780293
VisualCogA_Task-1.mat,A,Task-1,L,Fz,43,-0.3671875,2.8542096,0.26054236,5.2692879
VisualCogA_Task-1.mat,A,Task-1,L,Fz,43,-0.36328125,2.7796857,0.28841397,5.1438742
VisualCogA_Task-1.mat,A,Task-1,L,Fz,43,-0.359375,2.6827465,0.21661909,4.9789792
VisualCogA_Task-1.mat,A,Task-1,L,Fz,43,-0.35546875,2.5531352,0.22105978,4.8375909
VisualCogA_Task-1.mat,A,Task-1,L,Fz,43,-0.3515625,2.4018287,0.13946607,4.7479058
VisualCogA_Task-1.mat,A,Task-1,L,Fz,43,-0.34765625,2.2373406,-0.12871056,4.6534664
VisualCogA_Task-1.mat,A,Task-1,L,Fz,43,-0.34375,2.042791,-0.41174986,4.6120699
VisualCogA_Task-1.mat,A,Task-1,L,Fz,43,-0.33984375,1.8126711,-0.77897403,4.4164401
VisualCogA_Task-1.mat,A,Task-1,L,Fz,43,-0.3359375,1.5431074,-1.0902517,4.1535986
VisualCogA_Task-1.mat,A,Task-1,L,Fz,43,-0.33203125,1.2498816,-1.3553896,3.8396645
VisualCogA_Task-1.mat,A,Task-1,L,Fz,43,-0.328125,0.95448384,-1.6810315,3.5664722
VisualCogA_Task-1.mat,A,Task-1,L,Fz,43,-0.32421875,0.6876772,-2.0132898,3.3628442
VisualCogA_Task-1.mat,A,Task-1,L,Fz,43,-0.3203125,0.47095085,-2.3123067,3.1930063
VisualCogA_Task-1.mat,A,Task-1,L,Fz,43,-0.31640625,0.29194356,-2.5656273,2.994806
VisualCogA_Task-1.mat,A,Task-1,L,Fz,43,-0.3125,0.13803975,-2.8110174,2.7627744
VisualCogA_Task-1.mat,A,Task-1,L,Fz,43,-0.30859375,0.026100631,-2.9459729,2.6310863
VisualCogA_Task-1.mat,A,Task-1,L,Fz,43,-0.3046875,-0.051189047,-3.0297985,2.6773099
VisualCogA_Task-1.mat,A,Task-1,L,Fz,43,-0.30078125,-0.098906782,-3.044192,2.7012602
VisualCogA_Task-1.mat,A,Task-1,L,Fz,43,-0.296875,-0.14167131,-3.0325299,2.7267072
VisualCogA_Task-1.mat,A,Task-1,L,Fz,43,-0.29296875,-0.19237702,-2.9207045,2.5916951
VisualCogA_Task-1.mat,A,Task-1,L,Fz,43,-0.2890625,-0.25310931,-2.8838605,2.5020943
VisualCogA_Task-1.mat,A,Task-1,L,Fz,43,-0.28515625,-0.29340519,-2.8266204,2.3864373
VisualCogA_Task-1.mat,A,Task-1,L,Fz,43,-0.28125,-0.29499982,-2.7631543,2.3339765
VisualCogA_Task-1.mat,A,Task-1,L,Fz,43,-0.27734375,-0.28181651,-2.7744205,2.3329778
VisualCogA_Task-1.mat,A,Task-1,L,Fz,43,-0.2734375,-0.27143472,-2.6824845,2.4592817
VisualCogA_Task-1.mat,A,Task-1,L,Fz,43,-0.26953125,-0.25818878,-2.6433362,2.5705393
VisualCogA_Task-1.mat,A,Task-1,L,Fz,43,-0.265625,-0.24026021,-2.5372828,2.6367962
VisualCogA_Task-1.mat,A,Task-1,L,Fz,43,-0.26171875,-0.21764798,-2.4920782,2.5552384
VisualCogA_Task-1.mat,A,Task-1,L,Fz,43,-0.2578125,-0.18482062,-2.2702231,2.4902321
VisualCogA_Task-1.mat,A,Task-1,L,Fz,43,-0.25390625,-0.1269254,-2.1153218,2.432282
VisualCogA_Task-1.mat,A,Task-1,L,Fz,43,-0.25,-0.053862235,-1.9763491,2.2582957
VisualCogA_Task-1.mat,A,Task-1,L,Fz,43,-0.24609375,0.028633304,-1.8104055,2.3395088
VisualCogA_Task-1.mat,A,Task-1,L,Fz,43,-0.2421875,0.10172343,-1.6480432,2.4367571
VisualCogA_Task-1.mat,A,Task-1,L,Fz,43,-0.23828125,0.18110328,-1.5233497,2.3715551
VisualCogA_Task-1.mat,A,Task-1,L,Fz,43,-0.234375,0.25559972,-1.4062297,2.4121598
VisualCogA_Task-1.mat,A,Task-1,L,Fz,43,-0.23046875,0.33257905,-1.3687366,2.4899167
VisualCogA_Task-1.mat,A,Task-1,L,Fz,43,-0.2265625,0.39836189,-1.4006489,2.56426
VisualCogA_Task-1.mat,A,Task-1,L,Fz,43,-0.22265625,0.44704149,-1.2546788,2.5695468
VisualCogA_Task-1.mat,A,Task-1,L,Fz,43,-0.21875,0.48297443,-1.2412177,2.5690952
VisualCogA_Task-1.mat,A,Task-1,L,Fz,43,-0.21484375,0.51584921,-1.2410425,2.6024342
VisualCogA_Task-1.mat,A,Task-1,L,Fz,43,-0.2109375,0.56583387,-1.156016,2.6044379
VisualCogA_Task-1.mat,A,Task-1,L,Fz,43,-0.20703125,0.63225557,-1.0763048,2.5966786
VisualCogA_Task-1.mat,A,Task-1,L,Fz,43,-0.203125,0.69612908,-1.0205815,2.6661619
VisualCogA_Task-1.mat,A,Task-1,L,Fz,43,-0.19921875,0.74806047,-1.0014782,2.6610434
VisualCogA_Task-1.mat,A,Task-1,L,Fz,43,-0.1953125,0.7766633,-0.88733274,2.6763694
VisualCogA_Task-1.mat,A,Task-1,L,Fz,43,-0.19140625,0.81363548,-0.89450007,2.6301403
VisualCogA_Task-1.mat,A,Task-1,L,Fz,43,-0.1875,0.82117517,-0.81352884,2.4768327
VisualCogA_Task-1.mat,A,Task-1,L,Fz,43,-0.18359375,0.7968756,-0.79719483,2.3561922
VisualCogA_Task-1.mat,A,Task-1,L,Fz,43,-0.1796875,0.74186431,-0.86044765,2.2774182
VisualCogA_Task-1.mat,A,Task-1,L,Fz,43,-0.17578125,0.67627789,-0.94661526,2.2943276
VisualCogA_Task-1.mat,A,Task-1,L,Fz,43,-0.171875,0.60302163,-1.0057845,2.1382384
VisualCogA_Task-1.mat,A,Task-1,L,Fz,43,-0.16796875,0.52653718,-1.0733735,2.0342139
VisualCogA_Task-1.mat,A,Task-1,L,Fz,43,-0.1640625,0.42325165,-1.133841,1.811553
VisualCogA_Task-1.mat,A,Task-1,L,Fz,43,-0.16015625,0.29059592,-1.1968351,1.6880731
VisualCogA_Task-1.mat,A,Task-1,L,Fz,43,-0.15625,0.14306908,-1.3171702,1.546046
VisualCogA_Task-1.mat,A,Task-1,L,Fz,43,-0.15234375,0.023833151,-1.3875219,1.3944709
VisualCogA_Task-1.mat,A,Task-1,L,Fz,43,-0.1484375,-0.062065054,-1.5726849,1.2687389
VisualCogA_Task-1.mat,A,Task-1,L,Fz,43,-0.14453125,-0.11462692,-1.6272013,1.1556918
VisualCogA_Task-1.mat,A,Task-1,L,Fz,43,-0.140625,-0.13920857,-1.7302445,1.1237961
VisualCogA_Task-1.mat,A,Task-1,L,Fz,43,-0.13671875,-0.14035256,-1.6837865,1.1373275
VisualCogA_Task-1.mat,A,Task-1,L,Fz,43,-0.1328125,-0.12197736,-1.6098535,1.0969294
VisualCogA_Task-1.mat,A,Task-1,L,Fz,43,-0.12890625,-0.092835135,-1.512431,1.2030267
VisualCogA_Task-1.mat,A,Task-1,L,Fz,43,-0.125,-0.062240987,-1.4312795,1.1720238
VisualCogA_Task-1.mat,A,Task-1,L,Fz,43,-0.12109375,-0.019658989,-1.3414757,1.1695198
VisualCogA_Task-1.mat,A,Task-1,L,Fz,43,-0.1171875,0.008810258,-1.2488589,1.1993903
VisualCogA_Task-1.mat,A,Task-1,L,Fz,43,-0.11328125,0.042599492,-1.2687075,1.2675178
VisualCogA_Task-1.mat,A,Task-1,L,Fz,43,-0.109375,0.075876758,-1.1847777,1.3447551
VisualCogA_Task-1.mat,A,Task-1,L,Fz,43,-0.10546875,0.11540888,-1.1250412,1.4885324
VisualCogA_Task-1.mat,A,Task-1,L,Fz,43,-0.1015625,0.17736753,-1.0690406,1.6330727
VisualCogA_Task-1.mat,A,Task-1,L,Fz,43,-0.09765625,0.26653645,-1.0409301,1.7416614
VisualCogA_Task-1.mat,A,Task-1,L,Fz,43,-0.09375,0.39118593,-1.0177031,1.9788062
VisualCogA_Task-1.mat,A,Task-1,L,Fz,43,-0.08984375,0.52033053,-0.94416695,2.1451034
VisualCogA_Task-1.mat,A,Task-1,L,Fz,43,-0.0859375,0.64128585,-0.90506252,2.2629057
VisualCogA_Task-1.mat,A,Task-1,L,Fz,43,-0.08203125,0.72701155,-0.88628442,2.4061638
VisualCogA_Task-1.mat,A,Task-1,L,Fz,43,-0.078125,0.77583199,-0.88758164,2.4808032
VisualCogA_Task-1.mat,A,Task-1,L,Fz,43,-0.07421875,0.77428145,-0.92554438,2.565752
VisualCogA_Task-1.mat,A,Task-1,L,Fz,43,-0.0703125,0.73067721,-0.94755859,2.6229
VisualCogA_Task-1.mat,A,Task-1,L,Fz,43,-0.06640625,0.66586167,-0.97115108,2.3964246
VisualCogA_Task-1.mat,A,Task-1,L,Fz,43,-0.0625,0.58312305,-0.9806047,2.2717914
VisualCogA_Task-1.mat,A,Task-1,L,Fz,43,-0.05859375,0.49175723,-0.97651496,2.1398949
VisualCogA_Task-1.mat,A,Task-1,L,Fz,43,-0.0546875,0.38800175,-1.0944563,1.9296963
VisualCogA_Task-1.mat,A,Task-1,L,Fz,43,-0.05078125,0.26594233,-1.1853515,1.7768207
VisualCogA_Task-1.mat,A,Task-1,L,Fz,43,-0.046875,0.13919143,-1.2467411,1.6052675
VisualCogA_Task-1.mat,A,Task-1,L,Fz,43,-0.04296875,0.020085853,-1.3598349,1.4722386
VisualCogA_Task-1.mat,A,Task-1,L,Fz,43,-0.0390625,-0.098425969,-1.4449969,1.3521634
VisualCogA_Task-1.mat,A,Task-1,L,Fz,43,-0.03515625,-0.2064155,-1.5923382,1.3058777
VisualCogA_Task-1.mat,A,Task-1,L,Fz,43,-0.03125,-0.31598825,-1.7821878,1.3157601
VisualCogA_Task-1.mat,A,Task-1,L,Fz,43,-0.02734375,-0.42652061,-1.9098018,1.2408607
VisualCogA_Task-1.mat,A,Task-1,L,Fz,43,-0.0234375,-0.52893089,-2.0727603,1.1242872
VisualCogA_Task-1.mat,A,Task-1,L,Fz,43,-0.01953125,-0.61073977,-2.1726873,1.0365259
VisualCogA_Task-1.mat,A,Task-1,L,Fz,43,-0.015625,-0.66459457,-2.2089157,0.97678376
VisualCogA_Task-1.mat,A,Task-1,L,Fz,43,-0.01171875,-0.70560501,-2.3656584,1.0072118
VisualCogA_Task-1.mat,A,Task-1,L,Fz,43,-0.0078125,-0.73587067,-2.5239117,1.0718889
VisualCogA_Task-1.mat,A,Task-1,L,Fz,43,-0.00390625,-0.77482617,-2.688045,1.2110052
VisualCogA_Task-1.mat,A,Task-1,L,Fz,43,0,-0.82904176,-2.7936092,1.271438
VisualCogA_Task-1.mat,A,Task-1,L,Fz,43,0.00390625,-0.8815421,-2.9634591,1.3355766
VisualCogA_Task-1.mat,A,Task-1,L,Fz,43,0.0078125,-0.92605321,-3.1399481,1.4070716
VisualCogA_Task-1.mat,A,Task-1,L,Fz,43,0.01171875,-0.94173753,-3.220163,1.4448778
VisualCogA_Task-1.mat,A,Task-1,L,Fz,43,0.015625,-0.91794276,-3.3698647,1.559965
VisualCogA_Task-1.mat,A,Task-1,L,Fz,43,0.01953125,-0.86707078,-3.3493155,1.7351435
VisualCogA_Task-1.mat,A,Task-1,L,Fz,43,0.0234375,-0.81764741,-3.5184184,2.0180789
VisualCogA_Task-1.mat,A,Task-1,L,Fz,43,0.02734375,-0.77974368,-3.5868795,2.2710072
VisualCogA_Task-1.mat,A,Task-1,L,Fz,43,0.03125,-0.75328248,-3.6358917,2.323715
VisualCogA_Task-1.mat,A,Task-1,L,Fz,43,0.03515625,-0.74724485,-3.6653197,2.2999351
VisualCogA_Task-1.mat,A,Task-1,L,Fz,43,0.0390625,-0.74732453,-3.6477678,2.235844
VisualCogA_Task-1.mat,A,Task-1,L,Fz,43,0.04296875,-0.7563784,-3.7834805,2.2663806
VisualCogA_Task-1.mat,A,Task-1,L,Fz,43,0.046875,-0.75711375,-3.7954249,2.2220739
VisualCogA_Task-1.mat,A,Task-1,L,Fz,43,0.05078125,-0.74359318,-3.8651584,2.1963443
VisualCogA_Task-1.mat,A,Task-1,L,Fz,43,0.0546875,-0.71406022,-3.785468,2.1406485
VisualCogA_Task-1.mat,A,Task-1,L,Fz,43,0.05859375,-0.66966028,-3.7386139,2.28767
VisualCogA_Task-1.mat,A,Task-1,L,Fz,43,0.0625,-0.63003154,-3.7810787,2.278032
VisualCogA_Task-1.mat,A,Task-1,L,Fz,43,0.06640625,-0.6122764,-3.7953625,2.4429793
VisualCogA_Task-1.mat,A,Task-1,L,Fz,43,0.0703125,-0.61578331,-3.7225322,2.469792
VisualCogA_Task-1.mat,A,Task-1,L,Fz,43,0.07421875,-0.66129887,-3.8328623,2.4399034
VisualCogA_Task-1.mat,A,Task-1,L,Fz,43,0.078125,-0.74793638,-4.0601892,2.3536086
VisualCogA_Task-1.mat,A,Task-1,L,Fz,43,0.08203125,-0.86796338,-4.361549,2.1814851
VisualCogA_Task-1.mat,A,Task-1,L,Fz,43,0.0859375,-1.0083007,-4.623129,2.104306
VisualCogA_Task-1.mat,A,Task-1,L,Fz,43,0.08984375,-1.142938,-4.7479367,2.0101239
VisualCogA_Task-1.mat,A,Task-1,L,Fz,43,0.09375,-1.2652569,-4.8083343,1.8425546
VisualCogA_Task-1.mat,A,Task-1,L,Fz,43,0.09765625,-1.372413,-4.9885328,1.7479112
VisualCogA_Task-1.mat,A,Task-1,L,Fz,43,0.1015625,-1.4682244,-5.1176423,1.7235824
VisualCogA_Task-1.mat,A,Task-1,L,Fz,43,0.10546875,-1.5685023,-5.2745744,1.8345639
VisualCogA_Task-1.mat,A,Task-1,L,Fz,43,0.109375,-1.6912477,-5.5599661,1.7148662
VisualCogA_Task-1.mat,A,Task-1,L,Fz,43,0.11328125,-1.825895,-5.7271517,1.4764617
VisualCogA_Task-1.mat,A,Task-1,L,Fz,43,0.1171875,-1.9588276,-5.7240797,1.4917206
VisualCogA_Task-1.mat,A,Task-1,L,Fz,43,0.12109375,-2.0782352,-5.8842727,1.394994
VisualCogA_Task-1.mat,A,Task-1,L,Fz,43,0.125,-2.1503981,-5.9741806,1.3505119
VisualCogA_Task-1.mat,A,Task-1,L,Fz,43,0.12890625,-2.1652598,-5.9969111,1.4180625
VisualCogA_Task-1.mat,A,Task-1,L,Fz,43,0.1328125,-2.1375452,-5.9601749,1.516892
VisualCogA_Task-1.mat,A,Task-1,L,Fz,43,0.13671875,-2.0968027,-5.9325693,1.6155124
VisualCogA_Task-1.mat,A,Task-1,L,Fz,43,0.140625,-2.071583,-5.9758886,1.6522095
VisualCogA_Task-1.mat,A,Task-1,L,Fz,43,0.14453125,-2.0615915,-6.1793216,1.6817311
VisualCogA_Task-1.mat,A,Task-1,L,Fz,43,0.1484375,-2.0570976,-6.2252617,1.6525163
VisualCogA_Task-1.mat,A,Task-1,L,Fz,43,0.15234375,-2.000728,-6.1959337,1.7887092
VisualCogA_Task-1.mat,A,Task-1,L,Fz,43,0.15625,-1.9114936,-6.0714906,1.8062819
VisualCogA_Task-1.mat,A,Task-1,L,Fz,43,0.16015625,-1.800998,-6.1062628,1.993927
VisualCogA_Task-1.mat,A,Task-1,L,Fz,43,0.1640625,-1.6642335,-5.902573,2.0441455
VisualCogA_Task-1.mat,A,Task-1,L,Fz,43,0.16796875,-1.509613,-5.7322747,2.1593457
VisualCogA_Task-1.mat,A,Task-1,L,Fz,43,0.171875,-1.345748,-5.5249119,2.2838136
VisualCogA_Task-1.mat,A,Task-1,L,Fz,43,0.17578125,-1.1939541,-5.3824475,2.4082186
VisualCogA_Task-1.mat,A,Task-1,L,Fz,43,0.1796875,-1.0705124,-5.2504697,2.4693328
VisualCogA_Task-1.mat,A,Task-1,L,Fz,43,0.18359375,-0.99903055,-5.0835485,2.5699833
VisualCogA_Task-1.mat,A,Task-1,L,Fz,43,0.1875,-0.97854546,-4.9871728,2.5433265
VisualCogA_Task-1.mat,A,Task-1,L,Fz,43,0.19140625,-1.0067205,-4.859846,2.5297493
VisualCogA_Task-1.mat,A,Task-1,L,Fz,43,0.1953125,-1.072633,-4.8039065,2.3416575
VisualCogA_Task-1.mat,A,Task-1,L,Fz,43,0.19921875,-1.1659365,-5.0315296,2.3085824
VisualCogA_Task-1.mat,A,Task-1,L,Fz,43,0.203125,-1.2638946,-5.19735,2.1883145
VisualCogA_Task-1.mat,A,Task-1,L,Fz,43,0.20703125,-1.3453552,-5.207353,2.0008441
VisualCogA_Task-1.mat,A,Task-1,L,Fz,43,0.2109375,-1.4076301,-5.2004642,1.9675108
VisualCogA_Task-1.mat,A,Task-1,L,Fz,43,0.21484375,-1.4446512,-5.1601372,1.8694048
VisualCogA_Task-1.mat,A,Task-1,L,Fz,43,0.21875,-1.4589809,-5.2618484,1.8194652
VisualCogA_Task-1.mat,A,Task-1,L,Fz,43,0.22265625,-1.4643971,-5.2930433,1.8501544
VisualCogA_Task-1.mat,A,Task-1,L,Fz,43,0.2265625,-1.4693529,-5.3994421,1.7982042
VisualCogA_Task-1.mat,A,Task-1,L,Fz,43,0.23046875,-1.4586991,-5.2873626,1.9075648
VisualCogA_Task-1.mat,A,Task-1,L,Fz,43,0.234375,-1.433443,-5.1756972,2.1073769
VisualCogA_Task-1.mat,A,Task-1,L,Fz,43,0.23828125,-1.395592,-5.1724614,2.1793647
VisualCogA_Task-1.mat,A,Task-1,L,Fz,43,0.2421875,-1.3270717,-5.0759058,2.3483884
VisualCogA_Task-1.mat,A,Task-1,L,Fz,43,0.24609375,-1.2260376,-4.9137008,2.4559478
VisualCogA_Task-1.mat,A,Task-1,L,Fz,43,0.25,-1.1093235,-4.7091497,2.5879053
VisualCogA_Task-1.mat,A,Task-1,L,Fz,43,0.25390625,-0.9898101,-4.5396739,2.7522471
VisualCogA_Task-1.mat,A,Task-1,L,Fz,43,0.2578125,-0.86586467,-4.4092063,2.9436167
VisualCogA_Task-1.mat,A,Task-1,L,Fz,43,0.26171875,-0.72254082,-4.3522736,3.1144799
VisualCogA_Task-1.mat,A,Task-1,L,Fz,43,0.265625,-0.54071122,-4.1156489,3.3909817
VisualCogA_Task-1.mat,A,Task-1,L,Fz,43,0.26953125,-0.30989553,-3.8683174,3.7715154
VisualCogA_Task-1.mat,A,Task-1,L,Fz,43,0.2734375,-0.073382864,-3.7754972,4.0752399
VisualCogA_Task-1.mat,A,Task-1,L,Fz,43,0.27734375,0.20018282,-3.6482275,4.3307923
VisualCogA_Task-1.mat,A,Task-1,L,Fz,43,0.28125,0.53295869,-3.5039675,4.7378349
VisualCogA_Task-1.mat,A,Task-1,L,Fz,43,0.28515625,0.91067152,-3.1722183,5.1870833
VisualCogA_Task-1.mat,A,Task-1,L,Fz,43,0.2890625,1.3100033,-2.8929738,5.6296442
VisualCogA_Task-1.mat,A,Task-1,L,Fz,43,0.29296875,1.7182985,-2.6359996,6.0469839
VisualCogA_Task-1.mat,A,Task-1,L,Fz,43,0.296875,2.1115989,-2.3149033,6.4339408
VisualCogA_Task-1.mat,A,Task-1,L,Fz,43,0.30078125,2.4633453,-2.0145635,6.8477899
VisualCogA_Task-1.mat,A,Task-1,L,Fz,43,0.3046875,2.7788416,-1.5926021,7.1231059
VisualCogA_Task-1.mat,A,Task-1,L,Fz,43,0.30859375,3.0605683,-1.3392086,7.320055
VisualCogA_Task-1.mat,A,Task-1,L,Fz,43,0.3125,3.3036741,-1.0884557,7.4311145
VisualCogA_Task-1.mat,A,Task-1,L,Fz,43,0.31640625,3.5016117,-0.85363508,7.4378261
VisualCogA_Task-1.mat,A,Task-1,L,Fz,43,0.3203125,3.6551052,-0.62175229,7.4466002
VisualCogA_Task-1.mat,A,Task-1,L,Fz,43,0.32421875,3.7696542,-0.29671276,7.4571051
VisualCogA_Task-1.mat,A,Task-1,L,Fz,43,0.328125,3.8412061,-0.0059513375,7.3953389
VisualCogA_Task-1.mat,A,Task-1,L,Fz,43,0.33203125,3.8723668,0.30309777,7.3764271
VisualCogA_Task-1.mat,A,Task-1,L,Fz,43,0.3359375,3.8713289,0.48499662,7.267525
VisualCogA_Task-1.mat,A,Task-1,L,Fz,43,0.33984375,3.8418106,0.39796084,7.3414246
VisualCogA_Task-1.mat,A,Task-1,L,Fz,43,0.34375,3.781953,0.37410313,7.2828511
VisualCogA_Task-1.mat,A,Task-1,L,Fz,43,0.34765625,3.7032835,0.35934607,7.2035254
VisualCogA_Task-1.mat,A,Task-1,L,Fz,43,0.3515625,3.5797356,0.27203204,7.2069431
VisualCogA_Task-1.mat,A,Task-1,L,Fz,43,0.35546875,3.3989311,0.071185722,7.0177727
VisualCogA_Task-1.mat,A,Task-1,L,Fz,43,0.359375,3.1653804,-0.19944219,6.7994719
VisualCogA_Task-1.mat,A,Task-1,L,Fz,43,0.36328125,2.8852596,-0.52240426,6.5153459
VisualCogA_Task-1.mat,A,Task-1,L,Fz,43,0.3671875,2.5433355,-0.88925552,6.185582
VisualCogA_Task-1.mat,A,Task-1,L,Fz,43,0.37109375,2.1599378,-1.2481689,5.8097931
VisualCogA_Task-1.mat,A,Task-1,L,Fz,43,0.375,1.7678771,-1.6221364,5.4739097
VisualCogA_Task-1.mat,A,Task-1,L,Fz,43,0.37890625,1.3792898,-2.0283054,5.2001676
VisualCogA_Task-1.mat,A,Task-1,L,Fz,43,0.3828125,1.011798,-2.4215048,4.9545433
VisualCogA_Task-1.mat,A,Task-1,L,Fz,43,0.38671875,0.67661403,-2.7141335,4.7232453
VisualCogA_Task-1.mat,A,Task-1,L,Fz,43,0.390625,0.36280919,-2.9370643,4.5026858
VisualCogA_Task-1.mat,A,Task-1,L,Fz,43,0.39453125,0.070037596,-3.2288391,4.1798329
VisualCogA_Task-1.mat,A,Task-1,L,Fz,43,0.3984375,-0.22550374,-3.5110886,3.8051959
VisualCogA_Task-1.mat,A,Task-1,L,Fz,43,0.40234375,-0.54862325,-3.8239921,3.5142283
VisualCogA_Task-1.mat,A,Task-1,L,Fz,43,0.40625,-0.90332065,-4.1391224,3.1562367
VisualCogA_Task-1.mat,A,Task-1,L,Fz,43,0.41015625,-1.2646992,-4.5200352,2.7969739
VisualCogA_Task-1.mat,A,Task-1,L,Fz,43,0.4140625,-1.6377704,-4.8441662,2.3665095
VisualCogA_Task-1.mat,A,Task-1,L,Fz,43,0.41796875,-2.0238957,-5.2610158,1.9613193
VisualCogA_Task-1.mat,A,Task-1,L,Fz,43,0.421875,-2.405212,-5.5973133,1.6434746
VisualCogA_Task-1.mat,A,Task-1,L,Fz,43,0.42578125,-2.7487833,-5.903907,1.3357896
VisualCogA_Task-1.mat,A,Task-1,L,Fz,43,0.4296875,-3.0729333,-6.2637197,1.004771
VisualCogA_Task-1.mat,A,Task-1,L,Fz,43,0.43359375,-3.3716392,-6.5959381,0.72633798
VisualCogA_Task-1.mat,A,Task-1,L,Fz,43,0.4375,-3.6311862,-6.9606898,0.49100041
VisualCogA_Task-1.mat,A,Task-1,L,Fz,43,0.44140625,-3.8345765,-7.1960763,0.20751523
VisualCogA_Task-1.mat,A,Task-1,L,Fz,43,0.4453125,-3.9934648,-7.4393758,0.0049864639
VisualCogA_Task-1.mat,A,Task-1,L,Fz,43,0.44921875,-4.0931794,-7.5923891,-0.058043446
VisualCogA_Task-1.mat,A,Task-1,L,Fz,43,0.453125,-4.1333886,-7.6054308,-0.13883148
VisualCogA_Task-1.mat,A,Task-1,L,Fz,43,0.45703125,-4.1285937,-7.5916786,-0.20356381
VisualCogA_Task-1.mat,A,Task-1,L,Fz,43,0.4609375,-4.078261,-7.4764384,-0.12369635
VisualCogA_Task-1.mat,A,Task-1,L,Fz,43,0.46484375,-4.0071029,-7.2788624,-0.17781642
VisualCogA_Task-1.mat,A,Task-1,L,Fz,43,0.46875,-3.9478489,-7.0806791,-0.17623716
VisualCogA_Task-1.mat,A,Task-1,L,Fz,43,0.47265625,-3.9039361,-6.9364297,-0.19497885
VisualCogA_Task-1.mat,A,Task-1,L,Fz,43,0.4765625,-3.8838264,-6.8509865,-0.29913985
VisualCogA_Task-1.mat,A,Task-1,L,Fz,43,0.48046875,-3.8805372,-6.8384762,-0.48883151
VisualCogA_Task-1.mat,A,Task-1,L,Fz,43,0.484375,-3.8791303,-6.7747586,-0.54693001
VisualCogA_Task-1.mat,A,Task-1,L,Fz,43,0.48828125,-3.874522,-6.7973782,-0.66003394
VisualCogA_Task-1.mat,A,Task-1,L,Fz,43,0.4921875,-3.8554562,-6.7396113,-0.74904806
VisualCogA_Task-1.mat,A,Task-1,L,Fz,43,0.49609375,-3.8251653,-6.6752807,-0.7505258
VisualCogA_Task-1.mat,A,Task-1,L,Fz,43,0.5,-3.7932466,-6.6647047,-0.71782893
VisualCogA_Task-1.mat,A,Task-1,L,Fz,43,0.50390625,-3.7763849,-6.6573448,-0.6960384
VisualCogA_Task-1.mat,A,Task-1,L,Fz,43,0.5078125,-3.7916507,-6.7402703,-0.73603443
VisualCogA_Task-1.mat,A,Task-1,L,Fz,43,0.51171875,-3.8503298,-6.9588175,-0.61988046
VisualCogA_Task-1.mat,A,Task-1,L,Fz,43,0.515625,-3.9339729,-7.1949208,-0.5599969
VisualCogA_Task-1.mat,A,Task-1,L,Fz,43,0.51953125,-3.9983153,-7.2506844,-0.59498228
VisualCogA_Task-1.mat,A,Task-1,L,Fz,43,0.5234375,-4.0465358,-7.3233892,-0.61026062
VisualCogA_Task-1.mat,A,Task-1,L,Fz,43,0.52734375,-4.0629469,-7.3466787,-0.57626539
VisualCogA_Task-1.mat,A,Task-1,L,Fz,43,0.53125,-4.0527707,-7.2258888,-0.47186629
VisualCogA_Task-1.mat,A,Task-1,L,Fz,43,0.53515625,-4.0126095,-7.2398634,-0.43061295
VisualCogA_Task-1.mat,A,Task-1,L,Fz,43,0.5390625,-3.9448749,-7.2163394,-0.42053712
VisualCogA_Task-1.mat,A,Task-1,L,Fz,43,0.54296875,-3.8637483,-7.1555064,-0.46904603
VisualCogA_Task-1.mat,A,Task-1,L,Fz,43,0.546875,-3.7843238,-7.116091,-0.36865432
VisualCogA_Task-1.mat,A,Task-1,L,Fz,43,0.55078125,-3.6975899,-7.0895284,-0.33180376
VisualCogA_Task-1.mat,A,Task-1,L,Fz,43,0.5546875,-3.6029442,-7.0060138,-0.31252292
VisualCogA_Task-1.mat,A,Task-1,L,Fz,43,0.55859375,-3.503379,-6.8975043,-0.20893317
VisualCogA_Task-1.mat,A,Task-1,L,Fz,43,0.5625,-3.4043538,-6.8811545,-0.12816167
VisualCogA_Task-1.mat,A,Task-1,L,Fz,43,0.56640625,-3.2861139,-6.7910736,0.077080892
VisualCogA_Task-1.mat,A,Task-1,L,Fz,43,0.5703125,-3.1442123,-6.6910543,0.19946709
VisualCogA_Task-1.mat,A,Task-1,L,Fz,43,0.57421875,-2.9909467,-6.622304,0.22858134
VisualCogA_Task-1.mat,A,Task-1,L,Fz,43,0.578125,-2.8399994,-6.4774394,0.38620869
VisualCogA_Task-1.mat,A,Task-1,L,Fz,43,0.58203125,-2.7145702,-6.4183017,0.62827524
VisualCogA_Task-1.mat,A,Task-1,L,Fz,43,0.5859375,-2.6378327,-6.4211299,0.69271414
VisualCogA_Task-1.mat,A,Task-1,L,Fz,43,0.58984375,-2.6258771,-6.4827891,0.83238995
VisualCogA_Task-1.mat,A,Task-1,L,Fz,43,0.59375,-2.6773996,-6.7327023,0.83848724
VisualCogA_Task-1.mat,A,Task-1,L,Fz,43,0.59765625,-2.760949,-6.9905817,0.96664993
VisualCogA_Task-1.mat,A,Task-1,L,Fz,43,0.6015625,-2.8700045,-7.0529234,1.0701665
VisualCogA_Task-1.mat,A,Task-1,L,Fz,43,0.60546875,-2.9901559,-7.1858537,0.92607324
VisualCogA_Task-1.mat,A,Task-1,L,Fz,43,0.609375,-3.1165993,-7.3384361,0.9246707
VisualCogA_Task-1.mat,A,Task-1,L,Fz,43,0.61328125,-3.2201957,-7.4096895,0.89233143
VisualCogA_Task-1.mat,A,Task-1,L,Fz,43,0.6171875,-3.3047861,-7.3793227,0.91801136
VisualCogA_Task-1.mat,A,Task-1,L,Fz,43,0.62109375,-3.3716937,-7.5753776,0.93820122
VisualCogA_Task-1.mat,A,Task-1,L,Fz,43,0.625,-3.439382,-7.650652,0.73779827
VisualCogA_Task-1.mat,A,Task-1,L,Fz,43,0.62890625,-3.493403,-7.7305583,0.71309913
VisualCogA_Task-1.mat,A,Task-1,L,Fz,43,0.6328125,-3.5072912,-7.7329147,0.60049957
VisualCogA_Task-1.mat,A,Task-1,L,Fz,43,0.63671875,-3.4778927,-7.7663967,0.53116481
VisualCogA_Task-1.mat,A,Task-1,L,Fz,43,0.640625,-3.447283,-7.4834827,0.46688263
VisualCogA_Task-1.mat,A,Task-1,L,Fz,43,0.64453125,-3.4063433,-7.5451365,0.3409055
VisualCogA_Task-1.mat,A,Task-1,L,Fz,43,0.6484375,-3.3720489,-7.6300536,0.29977816
VisualCogA_Task-1.mat,A,Task-1,L,Fz,43,0.65234375,-3.3649481,-7.527158,0.34839935
VisualCogA_Task-1.mat,A,Task-1,L,Fz,43,0.65625,-3.3901928,-7.4564283,0.25249146
VisualCogA_Task-1.mat,A,Task-1,L,Fz,43,0.66015625,-3.4356972,-7.4727826,0.070550416
VisualCogA_Task-1.mat,A,Task-1,L,Fz,43,0.6640625,-3.4566491,-7.3743006,0.16992668
VisualCogA_Task-1.mat,A,Task-1,L,Fz,43,0.66796875,-3.4394019,-7.335094,0.14721393
VisualCogA_Task-1.mat,A,Task-1,L,Fz,43,0.671875,-3.3574939,-7.3440865,0.28123902
VisualCogA_Task-1.mat,A,Task-1,L,Fz,43,0.67578125,-3.1745825,-7.0552355,0.44436592
VisualCogA_Task-1.mat,A,Task-1,L,Fz,43,0.6796875,-2.8875593,-6.7536026,0.73434225
VisualCogA_Task-1.mat,A,Task-1,L,Fz,43,0.68359375,-2.4925877,-6.4541867,1.1538968
VisualCogA_Task-1.mat,A,Task-1,L,Fz,43,0.6875,-2.0254951,-6.102537,1.7396239
VisualCogA_Task-1.mat,A,Task-1,L,Fz,43,0.69140625,-1.5251814,-5.6488944,2.2703221
VisualCogA_Task-1.mat,A,Task-1,L,Fz,43,0.6953125,-1.0039018,-5.300249,2.9816669
VisualCogA_Task-1.mat,A,Task-1,L,Fz,43,0.69921875,-0.53421148,-4.9920853,3.7842563
VisualCogA_Task-1.mat,A,Task-1,L,Fz,43,0.703125,-0.14145119,-4.6735669,4.6114507
VisualCogA_Task-1.mat,A,Task-1,L,Fz,43,0.70703125,0.19628499,-4.4795457,5.0553014
VisualCogA_Task-1.mat,A,Task-1,L,Fz,43,0.7109375,0.49097641,-4.2457985,5.5737023
VisualCogA_Task-1.mat,A,Task-1,L,Fz,43,0.71484375,0.78945233,-4.219806,6.394445
VisualCogA_Task-1.mat,A,Task-1,L,Fz,43,0.71875,1.1003549,-4.0701892,7.4346976
VisualCogA_Task-1.mat,A,Task-1,L,Fz,43,0.72265625,1.4654376,-3.880658,8.3222561
VisualCogA_Task-1.mat,A,Task-1,L,Fz,43,0.7265625,1.9020678,-3.5201443,9.1317034
VisualCogA_Task-1.mat,A,Task-1,L,Fz,43,0.73046875,2.42525,-3.204199,9.8954343
VisualCogA_Task-1.mat,A,Task-1,L,Fz,43,0.734375,2.9804317,-2.9371922,10.842211
VisualCogA_Task-1.mat,A,Task-1,L,Fz,43,0.73828125,3.5219027,-2.4492576,11.984188
VisualCogA_Task-1.mat,A,Task-1,L,Fz,43,0.7421875,4.0647955,-2.1418566,13.095044
VisualCogA_Task-1.mat,A,Task-1,L,Fz,43,0.74609375,4.5505879,-1.8167223,14.079031
VisualCogA_Task-1.mat,A,Task-1,L,Fz,43,0.75,5.0057323,-1.4908383,14.793765
VisualCogA_Task-1.mat,A,Task-1,L,Fz,43,0.75390625,5.3984069,-1.1582041,15.514753
VisualCogA_Task-1.mat,A,Task-1,L,Fz,43,0.7578125,5.6943902,-0.94118013,16.118049
VisualCogA_Task-1.mat,A,Task-1,L,Fz,43,0.76171875,5.8877434,-0.76693145,16.679907
VisualCogA_Task-1.mat,A,Task-1,L,Fz,43,0.765625,5.9848951,-0.68220076,17.043173
VisualCogA_Task-1.mat,A,Task-1,L,Fz,43,0.76953125,6.0443063,-0.66731353,16.963727
VisualCogA_Task-1.mat,A,Task-1,L,Fz,43,0.7734375,6.0762164,-0.59560852,16.814506
VisualCogA_Task-1.mat,A,Task-1,L,Fz,43,0.77734375,6.1057411,-0.61637035,16.52484
VisualCogA_Task-1.mat,A,Task-1,L,Fz,43,0.78125,6.1381131,-0.44599359,16.324553
VisualCogA_Task-1.mat,A,Task-1,L,Fz,43,0.78515625,6.1729157,-0.31683897,16.383541
VisualCogA_Task-1.mat,A,Task-1,L,Fz,43,0.7890625,6.177177,-0.15964972,16.070245
VisualCogA_Task-1.mat,A,Task-1,L,Fz,43,0.79296875,6.1440973,-0.0099086185,15.817435
VisualCogA_Task-1.mat,A,Task-1,L,Fz,43,0.796875,6.0429564,0.15037079,15.423822
VisualCogA_Task-1.mat,A,Task-1,L,Fz,43,0.80078125,5.877091,0.20675287,14.612469
VisualCogA_Task-1.mat,A,Task-1,L,Fz,43,0.8046875,5.5809392,0.16210467,13.996141
VisualCogA_Task-1.mat,A,Task-1,L,Fz,43,0.80859375,5.1758052,-0.03812469,13.267684
VisualCogA_Task-1.mat,A,Task-1,L,Fz,43,0.8125,4.7130462,-0.29906359,12.298826
VisualCogA_Task-1.mat,A,Task-1,L,Fz,43,0.81640625,4.1802922,-0.65825559,11.590689
VisualCogA_Task-1.mat,A,Task-1,L,Fz,43,0.8203125,3.6611356,-1.0485941,10.937312
VisualCogA_Task-1.mat,A,Task-1,L,Fz,43,0.82421875,3.1975818,-1.4466737,9.9413772
VisualCogA_Task-1.mat,A,Task-1,L,Fz,43,0.828125,2.8128522,-1.7304143,9.1251827
VisualCogA_Task-1.mat,A,Task-1,L,Fz,43,0.83203125,2.5463773,-1.9477495,8.8519855
VisualCogA_Task-1.mat,A,Task-1,L,Fz,43,0.8359375,2.3768246,-2.1158455,8.4333532
VisualCogA_Task-1.mat,A,Task-1,L,Fz,43,0.83984375,2.2829819,-2.2177336,8.1632932
VisualCogA_Task-1.mat,A,Task-1,L,Fz,43,0.84375,2.2312272,-2.3568816,7.8714293
VisualCogA_Task-1.mat,A,Task-1,L,Fz,43,0.84765625,2.1903435,-2.3914521,7.743522
VisualCogA_Task-1.mat,A,Task-1,L,Fz,43,0.8515625,2.1454688,-2.4307685,7.8249364
VisualCogA_Task-1.mat,A,Task-1,L,Fz,43,0.85546875,2.1100333,-2.3660388,7.7171489
VisualCogA_Task-1.mat,A,Task-1,L,Fz,43,0.859375,2.1191937,-2.3328081,7.5569762
VisualCogA_Task-1.mat,A,Task-1,L,Fz,43,0.86328125,2.1116417,-2.3430514,7.4829046
VisualCogA_Task-1.mat,A,Task-1,L,Fz,43,0.8671875,2.121293,-2.3388512,7.3455446
VisualCogA_Task-1.mat,A,Task-1,L,Fz,43,0.87109375,2.0846183,-2.3158385,7.2276392
VisualCogA_Task-1.mat,A,Task-1,L,Fz,43,0.875,2.0109455,-2.2892811,7.0201462
VisualCogA_Task-1.mat,A,Task-1,L,Fz,43,0.87890625,1.9128129,-2.2921305,6.7193258
VisualCogA_Task-1.mat,A,Task-1,L,Fz,43,0.8828125,1.8155284,-2.2507601,6.5187935
VisualCogA_Task-1.mat,A,Task-1,L,Fz,43,0.88671875,1.7571551,-2.3336665,6.3940721
VisualCogA_Task-1.mat,A,Task-1,L,Fz,43,0.890625,1.7132915,-2.4273808,6.4569745
VisualCogA_Task-1.mat,A,Task-1,L,Fz,43,0.89453125,1.6781249,-2.5653135,6.3357347
VisualCogA_Task-1.mat,A,Task-1,L,Fz,43,0.8984375,1.6479578,-2.601685,6.4525728
VisualCogA_Task-1.mat,A,Task-1,L,Fz,43,0.90234375,1.6085195,-2.6783148,6.3763815
VisualCogA_Task-1.mat,A,Task-1,L,Fz,43,0.90625,1.5055452,-2.866957,6.1332391
VisualCogA_Task-1.mat,A,Task-1,L,Fz,43,0.91015625,1.3552168,-3.012675,5.9489702
VisualCogA_Task-1.mat,A,Task-1,L,Fz,43,0.9140625,1.1710116,-3.1982613,5.7808366
VisualCogA_Task-1.mat,A,Task-1,L,Fz,43,0.91796875,0.97842101,-3.4486206,5.5876239
VisualCogA_Task-1.mat,A,Task-1,L,Fz,43,0.921875,0.74984946,-3.5732634,5.46705
VisualCogA_Task-1.mat,A,Task-1,L,Fz,43,0.92578125,0.56189007,-3.5984509,5.4593034
VisualCogA_Task-1.mat,A,Task-1,L,Fz,43,0.9296875,0.43298746,-3.7589575,5.5546644
VisualCogA_Task-1.mat,A,Task-1,L,Fz,43,0.93359375,0.33621673,-3.8447741,5.561197
VisualCogA_Task-1.mat,A,Task-1,L,Fz,43,0.9375,0.26076718,-3.8437336,5.7129021
VisualCogA_Task-1.mat,A,Task-1,L,Fz,43,0.94140625,0.23848729,-3.7770351,5.8804224
VisualCogA_Task-1.mat,A,Task-1,L,Fz,43,0.9453125,0.21888117,-3.8298937,5.9846407
VisualCogA_Task-1.mat,A,Task-1,L,Fz,43,0.94921875,0.19830548,-3.9276403,6.1340726
VisualCogA_Task-1.mat,A,Task-1,L,Fz,43,0.953125,0.17311686,-4.1138624,6.506543
VisualCogA_Task-1.mat,A,Task-1,L,Fz,43,0.95703125,0.13967196,-4.1175414,6.5110027
VisualCogA_Task-1.mat,A,Task-1,L,Fz,43,0.9609375,0.094327414,-4.1918078,6.9661532
VisualCogA_Task-1.mat,A,Task-1,L,Fz,43,0.96484375,0.033439871,-4.3104635,7.3203324
VisualCogA_Task-1.mat,A,Task-1,L,Fz,43,0.96875,-0.046634025,-4.6112795,7.671583
VisualCogA_Task-1.mat,A,Task-1,L,Fz,43,0.97265625,-0.14953763,-4.7982131,7.8630452
VisualCogA_Task-1.mat,A,Task-1,L,Fz,43,0.9765625,-0.2789143,-4.8733155,7.8239648
VisualCogA_Task-1.mat,A,Task-1,L,Fz,43,0.98046875,-0.43840739,-5.055522,7.6681694
VisualCogA_Task-1.mat,A,Task-1,L,Fz,43,0.984375,-0.63166025,-5.3655991,7.5115471
VisualCogA_Task-1.mat,A,Task-1,L,Fz,43,0.98828125,-0.86231624,-5.9597651,7.2782416
VisualCogA_Task-1.mat,A,Task-1,L,Fz,43,0.9921875,-1.1340187,-6.4676576,7.1076766
VisualCogA_Task-1.mat,A,Task-1,L,Fz,43,0.99609375,-1.4504111,-7.16816,6.8313983
VisualCogA_Task-1.mat,A,Task-1,L,F3,43,-0.5,3.0563324,-4.3880582,11.471319
VisualCogA_Task-1.mat,A,Task-1,L,F3,43,-0.49609375,3.6404058,-3.434391,11.640222
VisualCogA_Task-1.mat,A,Task-1,L,F3,43,-0.4921875,4.157947,-2.7133562,11.605563
VisualCogA_Task-1.mat,A,Task-1,L,F3,43,-0.48828125,4.6121984,-2.0286154,11.424521
VisualCogA_Task-1.mat,A,Task-1,L,F3,43,-0.484375,5.0064026,-1.4587089,11.487951
VisualCogA_Task-1.mat,A,Task-1,L,F3,43,-0.48046875,5.3438022,-1.0669766,11.324669
VisualCogA_Task-1.mat,A,Task-1,L,F3,43,-0.4765625,5.6276395,-0.57431097,11.45546
VisualCogA_Task-1.mat,A,Task-1,L,F3,43,-0.47265625,5.861157,-0.1659159,11.62858
VisualCogA_Task-1.mat,A,Task-1,L,F3,43,-0.46875,6.0475974,0.14798903,11.755626
VisualCogA_Task-1.mat,A,Task-1,L,F3,43,-0.46484375,6.1902031,0.43856654,11.67286
VisualCogA_Task-1.mat,A,Task-1,L,F3,43,-0.4609375,6.2922165,0.69572834,11.542606
VisualCogA_Task-1.mat,A,Task-1,L,F3,43,-0.45703125,6.3568803,0.73166015,11.644
VisualCogA_Task-1.mat,A,Task-1,L,F3,43,-0.453125,6.3874369,0.90418886,11.45084
VisualCogA_Task-1.mat,A,Task-1,L,F3,43,-0.44921875,6.3871288,1.099758,11.347574
VisualCogA_Task-1.mat,A,Task-1,L,F3,43,-0.4453125,6.3591985,1.3055608,11.195864
VisualCogA_Task-1.mat,A,Task-1,L,F3,43,-0.44140625,6.3068885,1.361104,11.184742
VisualCogA_Task-1.mat,A,Task-1,L,F3,43,-0.4375,6.2709948,1.3630357,11.136023
VisualCogA_Task-1.mat,A,Task-1,L,F3,43,-0.43359375,6.1972429,1.35347,10.957584
VisualCogA_Task-1.mat,A,Task-1,L,F3,43,-0.4296875,6.0821689,1.2606886,10.655634
VisualCogA_Task-1.mat,A,Task-1,L,F3,43,-0.42578125,5.9607317,1.1064832,10.384554
VisualCogA_Task-1.mat,A,Task-1,L,F3,43,-0.421875,5.8219489,0.95035148,10.189418
VisualCogA_Task-1.mat,A,Task-1,L,F3,43,-0.41796875,5.6925896,0.87027065,9.9382135
VisualCogA_Task-1.mat,A,Task-1,L,F3,43,-0.4140625,5.5746132,0.89562188,9.8580838
VisualCogA_Task-1.mat,A,Task-1,L,F3,43,-0.41015625,5.4703618,0.94140552,9.5499542
VisualCogA_Task-1.mat,A,Task-1,L,F3,43,-0.40625,5.3751459,0.9236066,9.4289179
VisualCogA_Task-1.mat,A,Task-1,L,F3,43,-0.40234375,5.3018781,0.97128397,9.386291
VisualCogA_Task-1.mat,A,Task-1,L,F3,43,-0.3984375,5.2627587,1.0014,9.2741909
VisualCogA_Task-1.mat,A,Task-1,L,F3,43,-0.39453125,5.249999,1.0077869,9.2324387
VisualCogA_Task-1.mat,A,Task-1,L,F3,43,-0.390625,5.2397622,1.0901467,9.2551163
VisualCogA_Task-1.mat,A,Task-1,L,F3,43,-0.38671875,5.2196309,1.1099515,9.1444678
VisualCogA_Task-1.mat,A,Task-1,L,F3,43,-0.3828125,5.1639684,1.0392393,9.0399425
VisualCogA_Task-1.mat,A,Task-1,L,F3,43,-0.37890625,5.0601373,0.97499714,8.8617102
VisualCogA_Task-1.mat,A,Task-1,L,F3,43,-0.375,4.918229,0.88381252,8.6400496
VisualCogA_Task-1.mat,A,Task-1,L,F3,43,-0.37109375,4.7439987,0.74019533,8.437432
VisualCogA_Task-1.mat,A,Task-1,L,F3,43,-0.3671875,4.5368244,0.56741471,8.219793
VisualCogA_Task-1.mat,A,Task-1,L,F3,43,-0.36328125,4.3114022,0.32532016,7.8958335
VisualCogA_Task-1.mat,A,Task-1,L,F3,43,-0.359375,4.0822526,-0.01435417,7.7063698
VisualCogA_Task-1.mat,A,Task-1,L,F3,43,-0.35546875,3.8523967,-0.25836434,7.5681926
VisualCogA_Task-1.mat,A,Task-1,L,F3,43,-0.3515625,3.6201566,-0.52243045,7.3859306
VisualCogA_Task-1.mat,A,Task-1,L,F3,43,-0.34765625,3.3773318,-0.81535947,7.1431409
VisualCogA_Task-1.mat,A,Task-1,L,F3,43,-0.34375,3.1225888,-1.1456184,7.0007223
VisualCogA_Task-1.mat,A,Task-1,L,F3,43,-0.33984375,2.861051,-1.437919,6.749806
VisualCogA_Task-1.mat,A,Task-1,L,F3,43,-0.3359375,2.5919357,-1.5972314,6.4307744
VisualCogA_Task-1.mat,A,Task-1,L,F3,43,-0.33203125,2.3308639,-1.7622714,6.0988127
VisualCogA_Task-1.mat,A,Task-1,L,F3,43,-0.328125,2.0816573,-1.961774,5.7601981
VisualCogA_Task-1.mat,A,Task-1,L,F3,43,-0.32421875,1.8500517,-2.1133548,5.472168
VisualCogA_Task-1.mat,A,Task-1,L,F3,43,-0.3203125,1.6282818,-2.2344967,5.2581014
VisualCogA_Task-1.mat,A,Task-1,L,F3,43,-0.31640625,1.4205575,-2.4083602,4.9643267
VisualCogA_Task-1.mat,A,Task-1,L,F3,43,-0.3125,1.2294502,-2.6111001,4.663553
VisualCogA_Task-1.mat,A,Task-1,L,F3,43,-0.30859375,1.0984025,-2.7066868,4.378199
VisualCogA_Task-1.mat,A,Task-1,L,F3,43,-0.3046875,1.0067017,-2.7937195,4.1748433
VisualCogA_Task-1.mat,A,Task-1,L,F3,43,-0.30078125,0.95674992,-2.8447235,4.0431839
VisualCogA_Task-1.mat,A,Task-1,L,F3,43,-0.296875,0.91283004,-2.7785346,3.8634923
VisualCogA_Task-1.mat,A,Task-1,L,F3,43,-0.29296875,0.87575559,-2.5877053,3.6751353
VisualCogA_Task-1.mat,A,Task-1,L,F3,43,-0.2890625,0.83173274,-2.4718994,3.4794952
VisualCogA_Task-1.mat,A,Task-1,L,F3,43,-0.28515625,0.80797375,-2.3906329,3.4141832
VisualCogA_Task-1.mat,A,Task-1,L,F3,43,-0.28125,0.79700691,-2.4102723,3.4813343
VisualCogA_Task-1.mat,A,Task-1,L,F3,43,-0.27734375,0.78050196,-2.2702371,3.5614845
VisualCogA_Task-1.mat,A,Task-1,L,F3,43,-0.2734375,0.78750658,-2.2725238,3.6408074
VisualCogA_Task-1.mat,A,Task-1,L,F3,43,-0.26953125,0.80227487,-2.0458433,3.6778443
VisualCogA_Task-1.mat,A,Task-1,L,F3,43,-0.265625,0.81244049,-1.8075803,3.6591424
VisualCogA_Task-1.mat,A,Task-1,L,F3,43,-0.26171875,0.83672166,-1.7431116,3.6840531
VisualCogA_Task-1.mat,A,Task-1,L,F3,43,-0.2578125,0.88104091,-1.8677913,3.7929075
VisualCogA_Task-1.mat,A,Task-1,L,F3,43,-0.25390625,0.94483278,-2.0858271,3.8479424
VisualCogA_Task-1.mat,A,Task-1,L,F3,43,-0.25,1.0196993,-2.0134288,4.0276181
VisualCogA_Task-1.mat,A,Task-1,L,F3,43,-0.24609375,1.0975604,-2.0779901,4.2524489
VisualCogA_Task-1.mat,A,Task-1,L,F3,43,-0.2421875,1.1650356,-2.109238,4.3235337
VisualCogA_Task-1.mat,A,Task-1,L,F3,43,-0.23828125,1.2102317,-2.0762356,4.4135615
VisualCogA_Task-1.mat,A,Task-1,L,F3,43,-0.234375,1.2405187,-2.0798321,4.4792985
VisualCogA_Task-1.mat,A,Task-1,L,F3,43,-0.23046875,1.2674379,-2.0432464,4.5498306
VisualCogA_Task-1.mat,A,Task-1,L,F3,43,-0.2265625,1.2824348,-1.958569,4.5627215
VisualCogA_Task-1.mat,A,Task-1,L,F3,43,-0.22265625,1.2684144,-2.0302983,4.4695952
VisualCogA_Task-1.mat,A,Task-1,L,F3,43,-0.21875,1.2251604,-2.0746567,4.3802261
VisualCogA_Task-1.mat,A,Task-1,L,F3,43,-0.21484375,1.1820778,-2.0589295,4.2485309
VisualCogA_Task-1.mat,A,Task-1,L,F3,43,-0.2109375,1.1347286,-2.0272074,4.074463
VisualCogA_Task-1.mat,A,Task-1,L,F3,43,-0.20703125,1.0951912,-1.9617714,3.8641429
VisualCogA_Task-1.mat,A,Task-1,L,F3,43,-0.203125,1.0492734,-1.9242533,3.6391611
VisualCogA_Task-1.mat,A,Task-1,L,F3,43,-0.19921875,0.9984271,-1.8217085,3.4359442
VisualCogA_Task-1.mat,A,Task-1,L,F3,43,-0.1953125,0.94827283,-1.8148523,3.1951113
VisualCogA_Task-1.mat,A,Task-1,L,F3,43,-0.19140625,0.89808234,-1.6999067,3.0267524
VisualCogA_Task-1.mat,A,Task-1,L,F3,43,-0.1875,0.83390248,-1.5879709,2.9182515
VisualCogA_Task-1.mat,A,Task-1,L,F3,43,-0.18359375,0.73871359,-1.4813641,2.7359951
VisualCogA_Task-1.mat,A,Task-1,L,F3,43,-0.1796875,0.6345179,-1.464175,2.5992828
VisualCogA_Task-1.mat,A,Task-1,L,F3,43,-0.17578125,0.52378898,-1.4385252,2.392447
VisualCogA_Task-1.mat,A,Task-1,L,F3,43,-0.171875,0.39305762,-1.4018713,2.1913715
VisualCogA_Task-1.mat,A,Task-1,L,F3,43,-0.16796875,0.26706706,-1.5056674,2.0454993
VisualCogA_Task-1.mat,A,Task-1,L,F3,43,-0.1640625,0.15042189,-1.5774656,1.8483447
VisualCogA_Task-1.mat,A,Task-1,L,F3,43,-0.16015625,0.0606035,-1.6641716,1.751234
VisualCogA_Task-1.mat,A,Task-1,L,F3,43,-0.15625,-0.00077580172,-1.7576433,1.6217734
VisualCogA_Task-1.mat,A,Task-1,L,F3,43,-0.15234375,-0.044675112,-1.751209,1.5960746
VisualCogA_Task-1.mat,A,Task-1,L,F3,43,-0.1484375,-0.052308431,-1.7380879,1.5919371
VisualCogA_Task-1.mat,A,Task-1,L,F3,43,-0.14453125,0.0034807972,-1.6441873,1.6484437
VisualCogA_Task-1.mat,A,Task-1,L,F3,43,-0.140625,0.10553522,-1.5398521,1.7467309
VisualCogA_Task-1.mat,A,Task-1,L,F3,43,-0.13671875,0.23187202,-1.4657158,1.9037922
VisualCogA_Task-1.mat,A,Task-1,L,F3,43,-0.1328125,0.35796341,-1.3784541,2.0695134
VisualCogA_Task-1.mat,A,Task-1,L,F3,43,-0.12890625,0.45287832,-1.2732847,2.1571883
VisualCogA_Task-1.mat,A,Task-1,L,F3,43,-0.125,0.50443764,-1.2146367,2.1590337
VisualCogA_Task-1.mat,A,Task-1,L,F3,43,-0.12109375,0.52513835,-1.081627,2.1334147
VisualCogA_Task-1.mat,A,Task-1,L,F3,43,-0.1171875,0.53028956,-1.0340082,2.0676685
VisualCogA_Task-1.mat,A,Task-1,L,F3,43,-0.11328125,0.53442563,-0.96497477,1.9553195
VisualCogA_Task-1.mat,A,Task-1,L,F3,43,-0.109375,0.53819103,-0.83232148,1.9394111
VisualCogA_Task-1.mat,A,Task-1,L,F3,43,-0.10546875,0.55154282,-0.74672749,1.9023686
VisualCogA_Task-1.mat,A,Task-1,L,F3,43,-0.1015625,0.58611061,-0.66368784,1.8843384
VisualCogA_Task-1.mat,A,Task-1,L,F3,43,-0.09765625,0.65983572,-0.58210858,1.9925484
VisualCogA_Task-1.mat,A,Task-1,L,F3,43,-0.09375,0.75289066,-0.53585802,2.0619538
VisualCogA_Task-1.mat,A,Task-1,L,F3,43,-0.08984375,0.83844693,-0.4804182,2.2102132
VisualCogA_Task-1.mat,A,Task-1,L,F3,43,-0.0859375,0.90175679,-0.49647761,2.315807
VisualCogA_Task-1.mat,A,Task-1,L,F3,43,-0.08203125,0.9170813,-0.550439,2.3317517
VisualCogA_Task-1.mat,A,Task-1,L,F3,43,-0.078125,0.88721495,-0.68052617,2.424993
VisualCogA_Task-1.mat,A,Task-1,L,F3,43,-0.07421875,0.82193642,-0.78420157,2.4257594
VisualCogA_Task-1.mat,A,Task-1,L,F3,43,-0.0703125,0.72206855,-0.9797129,2.4451847
VisualCogA_Task-1.mat,A,Task-1,L,F3,43,-0.06640625,0.5808885,-1.1541482,2.4026852
VisualCogA_Task-1.mat,A,Task-1,L,F3,43,-0.0625,0.39765419,-1.316154,2.2589476
VisualCogA_Task-1.mat,A,Task-1,L,F3,43,-0.05859375,0.18907957,-1.5237912,2.0721632
VisualCogA_Task-1.mat,A,Task-1,L,F3,43,-0.0546875,-0.025995437,-1.732775,1.8012675
VisualCogA_Task-1.mat,A,Task-1,L,F3,43,-0.05078125,-0.22354219,-1.960292,1.6729192
VisualCogA_Task-1.mat,A,Task-1,L,F3,43,-0.046875,-0.38510997,-2.1497091,1.568005
VisualCogA_Task-1.mat,A,Task-1,L,F3,43,-0.04296875,-0.52632728,-2.3519627,1.3780526
VisualCogA_Task-1.mat,A,Task-1,L,F3,43,-0.0390625,-0.6585689,-2.6449008,1.2169994
VisualCogA_Task-1.mat,A,Task-1,L,F3,43,-0.03515625,-0.77653584,-2.8339346,1.1786628
VisualCogA_Task-1.mat,A,Task-1,L,F3,43,-0.03125,-0.88044181,-2.8518122,1.1907409
VisualCogA_Task-1.mat,A,Task-1,L,F3,43,-0.02734375,-0.97829588,-2.9780962,1.0840836
VisualCogA_Task-1.mat,A,Task-1,L,F3,43,-0.0234375,-1.0855536,-3.1448861,1.0324517
VisualCogA_Task-1.mat,A,Task-1,L,F3,43,-0.01953125,-1.2069932,-3.2762044,0.99267867
VisualCogA_Task-1.mat,A,Task-1,L,F3,43,-0.015625,-1.3256344,-3.4045117,0.85251539
VisualCogA_Task-1.mat,A,Task-1,L,F3,43,-0.01171875,-1.4399184,-3.5667234,0.89500455
VisualCogA_Task-1.mat,A,Task-1,L,F3,43,-0.0078125,-1.5220007,-3.7380821,0.95096659
VisualCogA_Task-1.mat,A,Task-1,L,F3,43,-0.00390625,-1.5563318,-3.8936222,1.0026492
VisualCogA_Task-1.mat,A,Task-1,L,F3,43,0,-1.5640305,-3.9838718,1.0605362
VisualCogA_Task-1.mat,A,Task-1,L,F3,43,0.00390625,-1.5467091,-3.9864606,1.1862108
VisualCogA_Task-1.mat,A,Task-1,L,F3,43,0.0078125,-1.4862773,-4.028044,1.3730616
VisualCogA_Task-1.mat,A,Task-1,L,F3,43,0.01171875,-1.4047322,-4.1199625,1.5707068
VisualCogA_Task-1.mat,A,Task-1,L,F3,43,0.015625,-1.3098848,-4.2900545,1.752676
VisualCogA_Task-1.mat,A,Task-1,L,F3,43,0.01953125,-1.1970014,-4.4328453,1.9460062
VisualCogA_Task-1.mat,A,Task-1,L,F3,43,0.0234375,-1.0803162,-4.4386697,2.1941469
VisualCogA_Task-1.mat,A,Task-1,L,F3,43,0.02734375,-0.97263114,-4.4191769,2.4796049
VisualCogA_Task-1.mat,A,Task-1,L,F3,43,0.03125,-0.86017197,-4.4386099,2.7739638
VisualCogA_Task-1.mat,A,Task-1,L,F3,43,0.03515625,-0.77130833,-4.3591113,3.0221308
VisualCogA_Task-1.mat,A,Task-1,L,F3,43,0.0390625,-0.70806743,-4.2531517,3.1627779
VisualCogA_Task-1.mat,A,Task-1,L,F3,43,0.04296875,-0.67150807,-4.188524,3.3618091
VisualCogA_Task-1.mat,A,Task-1,L,F3,43,0.046875,-0.66346856,-4.2491877,3.545484
VisualCogA_Task-1.mat,A,Task-1,L,F3,43,0.05078125,-0.69084719,-4.413516,3.6726639
VisualCogA_Task-1.mat,A,Task-1,L,F3,43,0.0546875,-0.73272051,-4.4987645,3.7293422
VisualCogA_Task-1.mat,A,Task-1,L,F3,43,0.05859375,-0.75713393,-4.5497663,3.7979444
VisualCogA_Task-1.mat,A,Task-1,L,F3,43,0.0625,-0.7810802,-4.6539348,3.9268047
VisualCogA_Task-1.mat,A,Task-1,L,F3,43,0.06640625,-0.82750883,-4.5756705,4.0281339
VisualCogA_Task-1.mat,A,Task-1,L,F3,43,0.0703125,-0.91708285,-4.6348163,3.9073308
VisualCogA_Task-1.mat,A,Task-1,L,F3,43,0.07421875,-1.0656847,-4.7383969,3.7763847
VisualCogA_Task-1.mat,A,Task-1,L,F3,43,0.078125,-1.2712967,-5.0055252,3.570669
VisualCogA_Task-1.mat,A,Task-1,L,F3,43,0.08203125,-1.5245508,-5.3838145,3.3838736
VisualCogA_Task-1.mat,A,Task-1,L,F3,43,0.0859375,-1.7916164,-5.7939894,3.2172955
VisualCogA_Task-1.mat,A,Task-1,L,F3,43,0.08984375,-2.0379596,-6.0354077,2.8556928
VisualCogA_Task-1.mat,A,Task-1,L,F3,43,0.09375,-2.2539503,-6.3311399,2.5843249
VisualCogA_Task-1.mat,A,Task-1,L,F3,43,0.09765625,-2.4178036,-6.5768248,2.3753024
VisualCogA_Task-1.mat,A,Task-1,L,F3,43,0.1015625,-2.5206861,-6.6764127,2.1912646
VisualCogA_Task-1.mat,A,Task-1,L,F3,43,0.10546875,-2.5798981,-6.6441941,1.9778468
VisualCogA_Task-1.mat,A,Task-1,L,F3,43,0.109375,-2.6022952,-6.6721421,1.8994773
VisualCogA_Task-1.mat,A,Task-1,L,F3,43,0.11328125,-2.6099941,-6.5271057,1.9323315
VisualCogA_Task-1.mat,A,Task-1,L,F3,43,0.1171875,-2.6102528,-6.4407239,1.973765
VisualCogA_Task-1.mat,A,Task-1,L,F3,43,0.12109375,-2.5645141,-6.3434205,1.9794326
VisualCogA_Task-1.mat,A,Task-1,L,F3,43,0.125,-2.4589411,-6.3804407,1.9574948
VisualCogA_Task-1.mat,A,Task-1,L,F3,43,0.12890625,-2.308524,-6.358334,2.0103916
VisualCogA_Task-1.mat,A,Task-1,L,F3,43,0.1328125,-2.1033534,-6.2573648,2.2968382
VisualCogA_Task-1.mat,A,Task-1,L,F3,43,0.13671875,-1.8498418,-6.1075296,2.6595465
VisualCogA_Task-1.mat,A,Task-1,L,F3,43,0.140625,-1.570036,-5.8859086,2.9541182
VisualCogA_Task-1.mat,A,Task-1,L,F3,43,0.14453125,-1.2873568,-5.6796593,3.1695875
VisualCogA_Task-1.mat,A,Task-1,L,F3,43,0.1484375,-1.0198733,-5.3879963,3.4478576
VisualCogA_Task-1.mat,A,Task-1,L,F3,43,0.15234375,-0.78685003,-5.0672716,3.7360682
VisualCogA_Task-1.mat,A,Task-1,L,F3,43,0.15625,-0.56988004,-4.8743769,3.9858867
VisualCogA_Task-1.mat,A,Task-1,L,F3,43,0.16015625,-0.37219531,-4.7147624,4.1527785
VisualCogA_Task-1.mat,A,Task-1,L,F3,43,0.1640625,-0.18863818,-4.5586442,4.2895103
VisualCogA_Task-1.mat,A,Task-1,L,F3,43,0.16796875,-0.034345239,-4.3828559,4.3237285
VisualCogA_Task-1.mat,A,Task-1,L,F3,43,0.171875,0.084405758,-4.2945937,4.3757869
VisualCogA_Task-1.mat,A,Task-1,L,F3,43,0.17578125,0.15238308,-4.232304,4.4012335
VisualCogA_Task-1.mat,A,Task-1,L,F3,43,0.1796875,0.15259203,-4.2754302,4.3307675
VisualCogA_Task-1.mat,A,Task-1,L,F3,43,0.18359375,0.072260871,-4.3395824,4.1815235
VisualCogA_Task-1.mat,A,Task-1,L,F3,43,0.1875,-0.095813994,-4.4804563,4.0294081
VisualCogA_Task-1.mat,A,Task-1,L,F3,43,0.19140625,-0.31688171,-4.6782551,4.0495851
VisualCogA_Task-1.mat,A,Task-1,L,F3,43,0.1953125,-0.56960033,-4.9500527,3.9586721
VisualCogA_Task-1.mat,A,Task-1,L,F3,43,0.19921875,-0.82356155,-5.3078346,3.8348807
VisualCogA_Task-1.mat,A,Task-1,L,F3,43,0.203125,-1.04906,-5.3656442,3.7632267
VisualCogA_Task-1.mat,A,Task-1,L,F3,43,0.20703125,-1.2396091,-5.6692048,3.6887825
VisualCogA_Task-1.mat,A,Task-1,L,F3,43,0.2109375,-1.4049426,-6.0164734,3.6016397
VisualCogA_Task-1.mat,A,Task-1,L,F3,43,0.21484375,-1.5337825,-6.2504174,3.5562263
VisualCogA_Task-1.mat,A,Task-1,L,F3,43,0.21875,-1.6297254,-6.3480526,3.5379482
VisualCogA_Task-1.mat,A,Task-1,L,F3,43,0.22265625,-1.6938094,-6.4122341,3.5103413
VisualCogA_Task-1.mat,A,Task-1,L,F3,43,0.2265625,-1.7234078,-6.4704745,3.5267077
VisualCogA_Task-1.mat,A,Task-1,L,F3,43,0.23046875,-1.7118415,-6.5612479,3.6440045
VisualCogA_Task-1.mat,A,Task-1,L,F3,43,0.234375,-1.6432071,-6.5886168,3.8486077
VisualCogA_Task-1.mat,A,Task-1,L,F3,43,0.23828125,-1.5113356,-6.6653679,4.0663792
VisualCogA_Task-1.mat,A,Task-1,L,F3,43,0.2421875,-1.3275691,-6.638177,4.3066811
VisualCogA_Task-1.mat,A,Task-1,L,F3,43,0.24609375,-1.0947977,-6.5089271,4.5051666
VisualCogA_Task-1.mat,A,Task-1,L,F3,43,0.25,-0.82850281,-6.2837678,4.802163
VisualCogA_Task-1.mat,A,Task-1,L,F3,43,0.25390625,-0.53932969,-5.9954296,5.0469716
VisualCogA_Task-1.mat,A,Task-1,L,F3,43,0.2578125,-0.25398747,-5.6445792,5.1853933
VisualCogA_Task-1.mat,A,Task-1,L,F3,43,0.26171875,0.017058547,-5.3080826,5.2505823
VisualCogA_Task-1.mat,A,Task-1,L,F3,43,0.265625,0.2841134,-5.003934,5.4694253
VisualCogA_Task-1.mat,A,Task-1,L,F3,43,0.26953125,0.55010415,-4.7984553,5.780601
VisualCogA_Task-1.mat,A,Task-1,L,F3,43,0.2734375,0.8363821,-4.5382555,5.9682111
VisualCogA_Task-1.mat,A,Task-1,L,F3,43,0.27734375,1.1274276,-4.2753706,6.21175
VisualCogA_Task-1.mat,A,Task-1,L,F3,43,0.28125,1.4132238,-4.0636979,6.5152121
VisualCogA_Task-1.mat,A,Task-1,L,F3,43,0.28515625,1.6812777,-3.8820367,6.8289651
VisualCogA_Task-1.mat,A,Task-1,L,F3,43,0.2890625,1.9160286,-3.6954713,7.1361326
VisualCogA_Task-1.mat,A,Task-1,L,F3,43,0.29296875,2.116634,-3.6190687,7.4384902
VisualCogA_Task-1.mat,A,Task-1,L,F3,43,0.296875,2.2803929,-3.6062815,7.5908262
VisualCogA_Task-1.mat,A,Task-1,L,F3,43,0.30078125,2.4101955,-3.5887604,7.807191
VisualCogA_Task-1.mat,A,Task-1,L,F3,43,0.3046875,2.5008428,-3.503228,8.0268655
VisualCogA_Task-1.mat,A,Task-1,L,F3,43,0.30859375,2.5674563,-3.4801534,8.2445916
VisualCogA_Task-1.mat,A,Task-1,L,F3,43,0.3125,2.5996649,-3.6884006,8.329117
VisualCogA_Task-1.mat,A,Task-1,L,F3,43,0.31640625,2.591306,-3.8016744,8.3538775
VisualCogA_Task-1.mat,A,Task-1,L,F3,43,0.3203125,2.5346561,-3.8608771,8.3369264
VisualCogA_Task-1.mat,A,Task-1,L,F3,43,0.32421875,2.4372879,-3.9802411,8.187945
VisualCogA_Task-1.mat,A,Task-1,L,F3,43,0.328125,2.3109092,-4.0570646,8.009841
VisualCogA_Task-1.mat,A,Task-1,L,F3,43,0.33203125,2.1709882,-4.2603151,7.9055591
VisualCogA_Task-1.mat,A,Task-1,L,F3,43,0.3359375,2.0320407,-4.4651037,7.8992664
VisualCogA_Task-1.mat,A,Task-1,L,F3,43,0.33984375,1.9044315,-4.5981543,7.8566734
VisualCogA_Task-1.mat,A,Task-1,L,F3,43,0.34375,1.7888589,-4.7309961,7.8386132
VisualCogA_Task-1.mat,A,Task-1,L,F3,43,0.34765625,1.6798423,-4.804086,7.8611128
VisualCogA_Task-1.mat,A,Task-1,L,F3,43,0.3515625,1.5675649,-4.8973929,7.7563583
VisualCogA_Task-1.mat,A,Task-1,L,F3,43,0.35546875,1.4434284,-5.1619014,7.621238
VisualCogA_Task-1.mat,A,Task-1,L,F3,43,0.359375,1.3026505,-5.253541,7.4082994
VisualCogA_Task-1.mat,A,Task-1,L,F3,43,0.36328125,1.1414298,-5.3469272,7.2621209
VisualCogA_Task-1.mat,A,Task-1,L,F3,43,0.3671875,0.96408893,-5.3649007,7.2441475
VisualCogA_Task-1.mat,A,Task-1,L,F3,43,0.37109375,0.76553651,-5.3672227,6.98957
VisualCogA_Task-1.mat,A,Task-1,L,F3,43,0.375,0.5606568,-5.5765137,6.7856855
VisualCogA_Task-1.mat,A,Task-1,L,F3,43,0.37890625,0.35208992,-5.8740988,6.7180981
VisualCogA_Task-1.mat,A,Task-1,L,F3,43,0.3828125,0.1478057,-6.0250456,6.6524588
VisualCogA_Task-1.mat,A,Task-1,L,F3,43,0.38671875,-0.051000934,-6.2513468,6.5530443
VisualCogA_Task-1.mat,A,Task-1,L,F3,43,0.390625,-0.25453494,-6.2472529,6.326465
VisualCogA_Task-1.mat,A,Task-1,L,F3,43,0.39453125,-0.47729105,-6.3680747,6.1575725
VisualCogA_Task-1.mat,A,Task-1,L,F3,43,0.3984375,-0.72527099,-6.5122583,5.9734714
VisualCogA_Task-1.mat,A,Task-1,L,F3,43,0.40234375,-1.0045143,-6.8297763,5.6797659
VisualCogA_Task-1.mat,A,Task-1,L,F3,43,0.40625,-1.3165539,-7.1282888,5.3197143
VisualCogA_Task-1.mat,A,Task-1,L,F3,43,0.41015625,-1.6562014,-7.3737292,4.9971502
VisualCogA_Task-1.mat,A,Task-1,L,F3,43,0.4140625,-2.0052631,-7.8504865,4.6857951
VisualCogA_Task-1.mat,A,Task-1,L,F3,43,0.41796875,-2.3488087,-8.3944739,4.3136523
VisualCogA_Task-1.mat,A,Task-1,L,F3,43,0.421875,-2.6813708,-8.7967935,3.9459387
VisualCogA_Task-1.mat,A,Task-1,L,F3,43,0.42578125,-2.9876471,-9.2175989,3.5087673
VisualCogA_Task-1.mat,A,Task-1,L,F3,43,0.4296875,-3.2730906,-9.4307216,3.1157515
VisualCogA_Task-1.mat,A,Task-1,L,F3,43,0.43359375,-3.5343275,-9.5870928,2.7863359
VisualCogA_Task-1.mat,A,Task-1,L,F3,43,0.4375,-3.7663892,-9.7928687,2.482042
VisualCogA_Task-1.mat,A,Task-1,L,F3,43,0.44140625,-3.9447332,-9.8292598,2.1730851
VisualCogA_Task-1.mat,A,Task-1,L,F3,43,0.4453125,-4.065355,-9.8847481,1.9255066
VisualCogA_Task-1.mat,A,Task-1,L,F3,43,0.44921875,-4.1115395,-9.9066199,1.8417679
VisualCogA_Task-1.mat,A,Task-1,L,F3,43,0.453125,-4.0597569,-9.9214115,1.9532831
VisualCogA_Task-1.mat,A,Task-1,L,F3,43,0.45703125,-3.9168282,-9.7981236,2.1428638
VisualCogA_Task-1.mat,A,Task-1,L,F3,43,0.4609375,-3.7059974,-9.6152798,2.2831729
VisualCogA_Task-1.mat,A,Task-1,L,F3,43,0.46484375,-3.4663601,-9.2734205,2.396069
VisualCogA_Task-1.mat,A,Task-1,L,F3,43,0.46875,-3.2180915,-8.9536093,2.5377132
VisualCogA_Task-1.mat,A,Task-1,L,F3,43,0.47265625,-2.9773127,-8.691414,2.8543643
VisualCogA_Task-1.mat,A,Task-1,L,F3,43,0.4765625,-2.7531284,-8.5539105,3.1830605
VisualCogA_Task-1.mat,A,Task-1,L,F3,43,0.48046875,-2.5518995,-8.3611522,3.4458776
VisualCogA_Task-1.mat,A,Task-1,L,F3,43,0.484375,-2.3670775,-8.2171928,3.7014949
VisualCogA_Task-1.mat,A,Task-1,L,F3,43,0.48828125,-2.2060765,-8.1124837,4.022231
VisualCogA_Task-1.mat,A,Task-1,L,F3,43,0.4921875,-2.0587391,-8.0703494,4.3952784
VisualCogA_Task-1.mat,A,Task-1,L,F3,43,0.49609375,-1.9405773,-7.9011639,4.6696985
VisualCogA_Task-1.mat,A,Task-1,L,F3,43,0.5,-1.835972,-7.8266309,4.8406794
VisualCogA_Task-1.mat,A,Task-1,L,F3,43,0.50390625,-1.7369819,-7.8755032,4.9627234
VisualCogA_Task-1.mat,A,Task-1,L,F3,43,0.5078125,-1.6806723,-7.928952,5.0879783
VisualCogA_Task-1.mat,A,Task-1,L,F3,43,0.51171875,-1.6533993,-8.076889,5.1999138
VisualCogA_Task-1.mat,A,Task-1,L,F3,43,0.515625,-1.66233,-8.2070838,5.2498671
VisualCogA_Task-1.mat,A,Task-1,L,F3,43,0.51953125,-1.7144997,-8.3070596,5.1781607
VisualCogA_Task-1.mat,A,Task-1,L,F3,43,0.5234375,-1.7996174,-8.5526648,5.0695325
VisualCogA_Task-1.mat,A,Task-1,L,F3,43,0.52734375,-1.9095317,-8.722879,4.9585546
VisualCogA_Task-1.mat,A,Task-1,L,F3,43,0.53125,-2.0258329,-9.0418096,4.8961815
VisualCogA_Task-1.mat,A,Task-1,L,F3,43,0.53515625,-2.1324909,-9.4020743,4.6774513
VisualCogA_Task-1.mat,A,Task-1,L,F3,43,0.5390625,-2.2650732,-9.7337071,4.4970246
VisualCogA_Task-1.mat,A,Task-1,L,F3,43,0.54296875,-2.4112298,-9.9473082,4.253603
VisualCogA_Task-1.mat,A,Task-1,L,F3,43,0.546875,-2.5851963,-10.162713,4.2062568
VisualCogA_Task-1.mat,A,Task-1,L,F3,43,0.55078125,-2.7703323,-10.355522,3.9474389
VisualCogA_Task-1.mat,A,Task-1,L,F3,43,0.5546875,-2.9609062,-10.572764,3.6842115
VisualCogA_Task-1.mat,A,Task-1,L,F3,43,0.55859375,-3.1306651,-10.857773,3.5686983
VisualCogA_Task-1.mat,A,Task-1,L,F3,43,0.5625,-3.2757184,-10.952148,3.4266899
VisualCogA_Task-1.mat,A,Task-1,L,F3,43,0.56640625,-3.3779772,-10.966942,3.1203348
VisualCogA_Task-1.mat,A,Task-1,L,F3,43,0.5703125,-3.4422961,-11.043195,3.0514685
VisualCogA_Task-1.mat,A,Task-1,L,F3,43,0.57421875,-3.4955335,-11.030542,3.1623232
VisualCogA_Task-1.mat,A,Task-1,L,F3,43,0.578125,-3.5496333,-10.904682,3.5966182
VisualCogA_Task-1.mat,A,Task-1,L,F3,43,0.58203125,-3.6148542,-10.874408,3.5419322
VisualCogA_Task-1.mat,A,Task-1,L,F3,43,0.5859375,-3.6806756,-11.110434,3.5192312
VisualCogA_Task-1.mat,A,Task-1,L,F3,43,0.58984375,-3.7386653,-11.267601,3.5317622
VisualCogA_Task-1.mat,A,Task-1,L,F3,43,0.59375,-3.7902892,-11.305228,3.5912728
VisualCogA_Task-1.mat,A,Task-1,L,F3,43,0.59765625,-3.8303869,-11.267613,3.7165658
VisualCogA_Task-1.mat,A,Task-1,L,F3,43,0.6015625,-3.8472368,-11.259654,3.7055812
VisualCogA_Task-1.mat,A,Task-1,L,F3,43,0.60546875,-3.8405302,-11.132882,3.6679229
VisualCogA_Task-1.mat,A,Task-1,L,F3,43,0.609375,-3.80505,-11.168963,3.6829022
VisualCogA_Task-1.mat,A,Task-1,L,F3,43,0.61328125,-3.6988745,-11.117023,3.7429688
VisualCogA_Task-1.mat,A,Task-1,L,F3,43,0.6171875,-3.568097,-10.954913,3.7894733
VisualCogA_Task-1.mat,A,Task-1,L,F3,43,0.62109375,-3.426169,-10.752128,3.9190933
VisualCogA_Task-1.mat,A,Task-1,L,F3,43,0.625,-3.2650768,-10.49298,3.9308763
VisualCogA_Task-1.mat,A,Task-1,L,F3,43,0.62890625,-3.0904283,-10.265707,4.0493355
VisualCogA_Task-1.mat,A,Task-1,L,F3,43,0.6328125,-2.9098068,-9.9706017,4.4491112
VisualCogA_Task-1.mat,A,Task-1,L,F3,43,0.63671875,-2.7383858,-9.676165,4.8470128
VisualCogA_Task-1.mat,A,Task-1,L,F3,43,0.640625,-2.6056138,-9.4302016,4.9742487
VisualCogA_Task-1.mat,A,Task-1,L,F3,43,0.64453125,-2.5052614,-9.3571061,5.0605375
VisualCogA_Task-1.mat,A,Task-1,L,F3,43,0.6484375,-2.4351305,-9.2928931,5.1590167
VisualCogA_Task-1.mat,A,Task-1,L,F3,43,0.65234375,-2.4101717,-9.2031019,5.1833498
VisualCogA_Task-1.mat,A,Task-1,L,F3,43,0.65625,-2.4553334,-9.2623197,5.2358745
VisualCogA_Task-1.mat,A,Task-1,L,F3,43,0.66015625,-2.5459835,-9.2887567,5.2130781
VisualCogA_Task-1.mat,A,Task-1,L,F3,43,0.6640625,-2.6452518,-9.3505547,5.2093851
VisualCogA_Task-1.mat,A,Task-1,L,F3,43,0.66796875,-2.7217129,-9.415541,5.1513077
VisualCogA_Task-1.mat,A,Task-1,L,F3,43,0.671875,-2.7843429,-9.5494873,5.154578
VisualCogA_Task-1.mat,A,Task-1,L,F3,43,0.67578125,-2.7971324,-9.5912147,5.2952057
VisualCogA_Task-1.mat,A,Task-1,L,F3,43,0.6796875,-2.7157994,-9.478461,5.5412578
VisualCogA_Task-1.mat,A,Task-1,L,F3,43,0.68359375,-2.5493645,-9.3545284,6.0532871
VisualCogA_Task-1.mat,A,Task-1,L,F3,43,0.6875,-2.2916194,-9.266991,6.4573222
VisualCogA_Task-1.mat,A,Task-1,L,F3,43,0.69140625,-1.951416,-9.1493185,6.9321203
VisualCogA_Task-1.mat,A,Task-1,L,F3,43,0.6953125,-1.5352922,-8.663179,7.4402904
VisualCogA_Task-1.mat,A,Task-1,L,F3,43,0.69921875,-1.072214,-8.1540549,8.0179042
VisualCogA_Task-1.mat,A,Task-1,L,F3,43,0.703125,-0.57846329,-7.7827714,8.6924058
VisualCogA_Task-1.mat,A,Task-1,L,F3,43,0.70703125,-0.065444573,-7.424248,9.2367056
VisualCogA_Task-1.mat,A,Task-1,L,F3,43,0.7109375,0.44580776,-6.9743975,9.7356535
VisualCogA_Task-1.mat,A,Task-1,L,F3,43,0.71484375,0.97913611,-6.2146798,9.9364771
VisualCogA_Task-1.mat,A,Task-1,L,F3,43,0.71875,1.5510803,-5.665889,10.29182
VisualCogA_Task-1.mat,A,Task-1,L,F3,43,0.72265625,2.1813684,-5.1445711,11.146322
VisualCogA_Task-1.mat,A,Task-1,L,F3,43,0.7265625,2.8850759,-4.5504985,11.924029
VisualCogA_Task-1.mat,A,Task-1,L,F3,43,0.73046875,3.6557298,-3.8116589,12.601232
VisualCogA_Task-1.mat,A,Task-1,L,F3,43,0.734375,4.4493297,-2.9644439,13.571649
VisualCogA_Task-1.mat,A,Task-1,L,F3,43,0.73828125,5.2789313,-2.217315,14.730221
VisualCogA_Task-1.mat,A,Task-1,L,F3,43,0.7421875,6.1252576,-1.5421008,15.848777
VisualCogA_Task-1.mat,A,Task-1,L,F3,43,0.74609375,6.9254464,-0.95276799,16.878804
VisualCogA_Task-1.mat,A,Task-1,L,F3,43,0.75,7.6590416,-0.68702725,17.96133
VisualCogA_Task-1.mat,A,Task-1,L,F3,43,0.75390625,8.273853,-0.51912025,18.931718
VisualCogA_Task-1.mat,A,Task-1,L,F3,43,0.7578125,8.7534674,-0.12018532,19.564486
VisualCogA_Task-1.mat,A,Task-1,L,F3,43,0.76171875,9.1120159,0.17467496,19.779214
VisualCogA_Task-1.mat,A,Task-1,L,F3,43,0.765625,9.3580073,0.20219425,20.181624
VisualCogA_Task-1.mat,A,Task-1,L,F3,43,0.76953125,9.5043237,0.23271009,20.435933
VisualCogA_Task-1.mat,A,Task-1,L,F3,43,0.7734375,9.5719301,0.2621756,20.422353
VisualCogA_Task-1.mat,A,Task-1,L,F3,43,0.77734375,9.5852057,0.16197456,20.538282
VisualCogA_Task-1.mat,A,Task-1,L,F3,43,0.78125,9.583137,-0.046065846,20.523097
VisualCogA_Task-1.mat,A,Task-1,L,F3,43,0.78515625,9.5277911,0.014122322,20.277704
VisualCogA_Task-1.mat,A,Task-1,L,F3,43,0.7890625,9.4034949,0.087630764,19.97441
VisualCogA_Task-1.mat,A,Task-1,L,F3,43,0.79296875,9.2210615,0.016356607,19.575859
VisualCogA_Task-1.mat,A,Task-1,L,F3,43,0.796875,8.9792792,-0.1344569,19.115603
VisualCogA_Task-1.mat,A,Task-1,L,F3,43,0.80078125,8.6499277,-0.4507385,18.470303
VisualCogA_Task-1.mat,A,Task-1,L,F3,43,0.8046875,8.2642548,-0.72331374,18.088184
VisualCogA_Task-1.mat,A,Task-1,L,F3,43,0.80859375,7.8297436,-1.1188306,17.214542
VisualCogA_Task-1.mat,A,Task-1,L,F3,43,0.8125,7.3785043,-1.4864757,16.822249
VisualCogA_Task-1.mat,A,Task-1,L,F3,43,0.81640625,6.9155905,-2.045238,16.367297
VisualCogA_Task-1.mat,A,Task-1,L,F3,43,0.8203125,6.4833691,-2.5861995,15.888797
VisualCogA_Task-1.mat,A,Task-1,L,F3,43,0.82421875,6.0785128,-3.0609051,15.397963
VisualCogA_Task-1.mat,A,Task-1,L,F3,43,0.828125,5.7229021,-3.4396621,14.751224
VisualCogA_Task-1.mat,A,Task-1,L,F3,43,0.83203125,5.4270335,-3.7855065,14.311335
VisualCogA_Task-1.mat,A,Task-1,L,F3,43,0.8359375,5.1967939,-4.0040563,13.833292
VisualCogA_Task-1.mat,A,Task-1,L,F3,43,0.83984375,4.9981409,-4.214816,13.617176
VisualCogA_Task-1.mat,A,Task-1,L,F3,43,0.84375,4.8282814,-4.4037708,13.697139
VisualCogA_Task-1.mat,A,Task-1,L,F3,43,0.84765625,4.6941932,-4.596939,13.487645
VisualCogA_Task-1.mat,A,Task-1,L,F3,43,0.8515625,4.5957786,-4.8226753,13.304252
VisualCogA_Task-1.mat,A,Task-1,L,F3,43,0.85546875,4.5289423,-4.9000812,13.20488
VisualCogA_Task-1.mat,A,Task-1,L,F3,43,0.859375,4.497532,-4.7481102,13.072197
VisualCogA_Task-1.mat,A,Task-1,L,F3,43,0.86328125,4.489011,-4.6736143,12.917029
VisualCogA_Task-1.mat,A,Task-1,L,F3,43,0.8671875,4.4655947,-4.6024958,12.850147
VisualCogA_Task-1.mat,A,Task-1,L,F3,43,0.87109375,4.4103637,-4.5745729,12.710863
VisualCogA_Task-1.mat,A,Task-1,L,F3,43,0.875,4.3255765,-4.6439509,12.642534
VisualCogA_Task-1.mat,A,Task-1,L,F3,43,0.87890625,4.2234728,-4.7530053,12.583423
VisualCogA_Task-1.mat,A,Task-1,L,F3,43,0.8828125,4.1310018,-5.024868,12.572101
VisualCogA_Task-1.mat,A,Task-1,L,F3,43,0.88671875,4.0701448,-4.9986884,12.447318
VisualCogA_Task-1.mat,A,Task-1,L,F3,43,0.890625,4.0502619,-4.9871842,12.314754
VisualCogA_Task-1.mat,A,Task-1,L,F3,43,0.89453125,4.0860689,-4.8828784,12.258567
VisualCogA_Task-1.mat,A,Task-1,L,F3,43,0.8984375,4.12346,-4.5985846,12.290563
VisualCogA_Task-1.mat,A,Task-1,L,F3,43,0.90234375,4.1419142,-4.6983343,12.661192
VisualCogA_Task-1.mat,A,Task-1,L,F3,43,0.90625,4.1063765,-4.8408106,12.640417
VisualCogA_Task-1.mat,A,Task-1,L,F3,43,0.91015625,4.014489,-4.9688506,12.538716
VisualCogA_Task-1.mat,A,Task-1,L,F3,43,0.9140625,3.8949655,-5.0487602,12.472556
VisualCogA_Task-1.mat,A,Task-1,L,F3,43,0.91796875,3.8138193,-5.072211,12.384185
VisualCogA_Task-1.mat,A,Task-1,L,F3,43,0.921875,3.8270078,-4.7558623,12.700147
VisualCogA_Task-1.mat,A,Task-1,L,F3,43,0.92578125,3.9412459,-4.5042786,13.075814
VisualCogA_Task-1.mat,A,Task-1,L,F3,43,0.9296875,4.1487869,-4.3645222,13.677427
VisualCogA_Task-1.mat,A,Task-1,L,F3,43,0.93359375,4.4246156,-3.9985848,14.297907
VisualCogA_Task-1.mat,A,Task-1,L,F3,43,0.9375,4.6811181,-3.811424,14.558634
VisualCogA_Task-1.mat,A,Task-1,L,F3,43,0.94140625,4.8983415,-3.9171263,15.349946
VisualCogA_Task-1.mat,A,Task-1,L,F3,43,0.9453125,5.1198912,-3.7862568,16.205205
VisualCogA_Task-1.mat,A,Task-1,L,F3,43,0.94921875,5.3421058,-3.7855093,17.034839
VisualCogA_Task-1.mat,A,Task-1,L,F3,43,0.953125,5.5613237,-3.6329938,17.632555
VisualCogA_Task-1.mat,A,Task-1,L,F3,43,0.95703125,5.7738834,-3.4466401,17.918459
VisualCogA_Task-1.mat,A,Task-1,L,F3,43,0.9609375,5.9761234,-3.2235634,18.453302
VisualCogA_Task-1.mat,A,Task-1,L,F3,43,0.96484375,6.1643822,-3.0098317,18.967708
VisualCogA_Task-1.mat,A,Task-1,L,F3,43,0.96875,6.3349984,-3.1069567,19.682191
VisualCogA_Task-1.mat,A,Task-1,L,F3,43,0.97265625,6.4843104,-3.2972607,20.308155
VisualCogA_Task-1.mat,A,Task-1,L,F3,43,0.9765625,6.6086567,-3.3783398,20.695296
VisualCogA_Task-1.mat,A,Task-1,L,F3,43,0.98046875,6.7043758,-3.5484039,20.541897
VisualCogA_Task-1.mat,A,Task-1,L,F3,43,0.984375,6.7678062,-3.7555957,20.336135
VisualCogA_Task-1.mat,A,Task-1,L,F3,43,0.98828125,6.7952865,-3.9372694,20.430919
VisualCogA_Task-1.mat,A,Task-1,L,F3,43,0.9921875,6.783155,-4.3606816,20.340105
VisualCogA_Task-1.mat,A,Task-1,L,F3,43,0.99609375,6.7277504,-5.2278768,20.345451
VisualCogA_Task-1.mat,A,Task-1,L,F4,43,-0.5,-0.8328874,-6.9612375,4.7830363
VisualCogA_Task-1.mat,A,Task-1,L,F4,43,-0.49609375,0.38925935,-5.0311769,5.64443
VisualCogA_Task-1.mat,A,Task-1,L,F4,43,-0.4921875,1.4361595,-3.7737879,6.396472
VisualCogA_Task-1.mat,A,Task-1,L,F4,43,-0.48828125,2.3183601,-2.4967224,7.3376018
VisualCogA_Task-1.mat,A,Task-1,L,F4,43,-0.484375,3.0464079,-1.4811073,8.1588289
VisualCogA_Task-1.mat,A,Task-1,L,F4,43,-0.48046875,3.6308499,-0.81334183,8.6305246
VisualCogA_Task-1.mat,A,Task-1,L,F4,43,-0.4765625,4.082233,-0.33503464,9.1165213
VisualCogA_Task-1.mat,A,Task-1,L,F4,43,-0.47265625,4.4111041,0.025380103,9.3036187
VisualCogA_Task-1.mat,A,Task-1,L,F4,43,-0.46875,4.62801,0.18624623,9.4305727
VisualCogA_Task-1.mat,A,Task-1,L,F4,43,-0.46484375,4.7434978,0.33907243,9.4453858
VisualCogA_Task-1.mat,A,Task-1,L,F4,43,-0.4609375,4.7681142,0.38554458,9.4358586
VisualCogA_Task-1.mat,A,Task-1,L,F4,43,-0.45703125,4.7124063,0.31513881,9.3948177
VisualCogA_Task-1.mat,A,Task-1,L,F4,43,-0.453125,4.5869209,0.19626088,9.1932187
VisualCogA_Task-1.mat,A,Task-1,L,F4,43,-0.44921875,4.4022048,-0.03493959,8.9529267
VisualCogA_Task-1.mat,A,Task-1,L,F4,43,-0.4453125,4.1688052,-0.44634852,8.6273915
VisualCogA_Task-1.mat,A,Task-1,L,F4,43,-0.44140625,3.8972687,-0.76496912,8.371283
VisualCogA_Task-1.mat,A,Task-1,L,F4,43,-0.4375,3.6699718,-1.1080137,8.1442765
VisualCogA_Task-1.mat,A,Task-1,L,F4,43,-0.43359375,3.3779388,-1.4377607,7.9361319
VisualCogA_Task-1.mat,A,Task-1,L,F4,43,-0.4296875,3.0844771,-1.8150142,7.6194113
VisualCogA_Task-1.mat,A,Task-1,L,F4,43,-0.42578125,2.8059476,-2.1716103,7.4207945
VisualCogA_Task-1.mat,A,Task-1,L,F4,43,-0.421875,2.5611781,-2.457673,7.1679383
VisualCogA_Task-1.mat,A,Task-1,L,F4,43,-0.41796875,2.3833065,-2.6793753,6.9665652
VisualCogA_Task-1.mat,A,Task-1,L,F4,43,-0.4140625,2.2526175,-2.9158204,6.700656
VisualCogA_Task-1.mat,A,Task-1,L,F4,43,-0.41015625,2.1647696,-2.9980861,6.605943
VisualCogA_Task-1.mat,A,Task-1,L,F4,43,-0.40625,2.1172607,-3.095454,6.5895259
VisualCogA_Task-1.mat,A,Task-1,L,F4,43,-0.40234375,2.0874164,-3.1792916,6.6411339
VisualCogA_Task-1.mat,A,Task-1,L,F4,43,-0.3984375,2.091868,-3.198414,6.6622121
VisualCogA_Task-1.mat,A,Task-1,L,F4,43,-0.39453125,2.1273346,-3.060906,6.6502133
VisualCogA_Task-1.mat,A,Task-1,L,F4,43,-0.390625,2.2012831,-2.7836494,6.6927611
VisualCogA_Task-1.mat,A,Task-1,L,F4,43,-0.38671875,2.3031767,-2.6387061,6.7768189
VisualCogA_Task-1.mat,A,Task-1,L,F4,43,-0.3828125,2.4092903,-2.5994807,6.9043532
VisualCogA_Task-1.mat,A,Task-1,L,F4,43,-0.37890625,2.5059661,-2.5361277,6.8476937
VisualCogA_Task-1.mat,A,Task-1,L,F4,43,-0.375,2.5835996,-2.3877197,6.913154
VisualCogA_Task-1.mat,A,Task-1,L,F4,43,-0.37109375,2.6274763,-2.2348607,6.7440206
VisualCogA_Task-1.mat,A,Task-1,L,F4,43,-0.3671875,2.6256977,-2.0675334,6.667838
VisualCogA_Task-1.mat,A,Task-1,L,F4,43,-0.36328125,2.5928437,-1.9733503,6.6342159
VisualCogA_Task-1.mat,A,Task-1,L,F4,43,-0.359375,2.5360386,-1.8982112,6.6681996
VisualCogA_Task-1.mat,A,Task-1,L,F4,43,-0.35546875,2.459947,-1.8902118,6.6412244
VisualCogA_Task-1.mat,A,Task-1,L,F4,43,-0.3515625,2.3843405,-1.9286141,6.5862802
VisualCogA_Task-1.mat,A,Task-1,L,F4,43,-0.34765625,2.301687,-2.0208575,6.5404696
VisualCogA_Task-1.mat,A,Task-1,L,F4,43,-0.34375,2.1774822,-2.2041726,6.4140535
VisualCogA_Task-1.mat,A,Task-1,L,F4,43,-0.33984375,1.9967041,-2.4173932,6.3394785
VisualCogA_Task-1.mat,A,Task-1,L,F4,43,-0.3359375,1.7556694,-2.7069332,6.1050614
VisualCogA_Task-1.mat,A,Task-1,L,F4,43,-0.33203125,1.4796336,-2.7678897,5.8773512
VisualCogA_Task-1.mat,A,Task-1,L,F4,43,-0.328125,1.191918,-3.0124218,5.5616217
VisualCogA_Task-1.mat,A,Task-1,L,F4,43,-0.32421875,0.91965583,-3.2259387,5.3093608
VisualCogA_Task-1.mat,A,Task-1,L,F4,43,-0.3203125,0.67330463,-3.4037774,5.0488688
VisualCogA_Task-1.mat,A,Task-1,L,F4,43,-0.31640625,0.45881653,-3.6158598,4.84239
VisualCogA_Task-1.mat,A,Task-1,L,F4,43,-0.3125,0.30680004,-3.7394885,4.6163532
VisualCogA_Task-1.mat,A,Task-1,L,F4,43,-0.30859375,0.18774481,-3.9196901,4.4013257
VisualCogA_Task-1.mat,A,Task-1,L,F4,43,-0.3046875,0.094501133,-3.9462215,4.1663379
VisualCogA_Task-1.mat,A,Task-1,L,F4,43,-0.30078125,-0.0074394748,-4.0071362,3.964514
VisualCogA_Task-1.mat,A,Task-1,L,F4,43,-0.296875,-0.1121796,-3.9662931,3.8513921
VisualCogA_Task-1.mat,A,Task-1,L,F4,43,-0.29296875,-0.24660906,-4.0252827,3.7259155
VisualCogA_Task-1.mat,A,Task-1,L,F4,43,-0.2890625,-0.39214917,-4.0992657,3.6333916
VisualCogA_Task-1.mat,A,Task-1,L,F4,43,-0.28515625,-0.52552403,-4.209444,3.5130755
VisualCogA_Task-1.mat,A,Task-1,L,F4,43,-0.28125,-0.62831026,-4.1328,3.3539435
VisualCogA_Task-1.mat,A,Task-1,L,F4,43,-0.27734375,-0.70314401,-4.0877654,3.2199256
VisualCogA_Task-1.mat,A,Task-1,L,F4,43,-0.2734375,-0.76140579,-4.0865565,3.1055841
VisualCogA_Task-1.mat,A,Task-1,L,F4,43,-0.26953125,-0.81660394,-4.0039673,2.9283421
VisualCogA_Task-1.mat,A,Task-1,L,F4,43,-0.265625,-0.86961923,-4.00983,2.8140027
VisualCogA_Task-1.mat,A,Task-1,L,F4,43,-0.26171875,-0.91144641,-4.0492183,2.7348648
VisualCogA_Task-1.mat,A,Task-1,L,F4,43,-0.2578125,-0.9288783,-4.0423139,2.6436793
VisualCogA_Task-1.mat,A,Task-1,L,F4,43,-0.25390625,-0.92345002,-3.9876391,2.5707832
VisualCogA_Task-1.mat,A,Task-1,L,F4,43,-0.25,-0.90041959,-3.8352288,2.5774989
VisualCogA_Task-1.mat,A,Task-1,L,F4,43,-0.24609375,-0.84117746,-3.7466934,2.5502106
VisualCogA_Task-1.mat,A,Task-1,L,F4,43,-0.2421875,-0.7556465,-3.736169,2.4988774
VisualCogA_Task-1.mat,A,Task-1,L,F4,43,-0.23828125,-0.65433704,-3.5898463,2.5599506
VisualCogA_Task-1.mat,A,Task-1,L,F4,43,-0.234375,-0.54331023,-3.467102,2.5381117
VisualCogA_Task-1.mat,A,Task-1,L,F4,43,-0.23046875,-0.45491121,-3.3819003,2.6045961
VisualCogA_Task-1.mat,A,Task-1,L,F4,43,-0.2265625,-0.42272407,-3.2999095,2.61845
VisualCogA_Task-1.mat,A,Task-1,L,F4,43,-0.22265625,-0.41643388,-3.2949575,2.670931
VisualCogA_Task-1.mat,A,Task-1,L,F4,43,-0.21875,-0.4372283,-3.2795584,2.6314896
VisualCogA_Task-1.mat,A,Task-1,L,F4,43,-0.21484375,-0.46820156,-3.3783372,2.5902275
VisualCogA_Task-1.mat,A,Task-1,L,F4,43,-0.2109375,-0.47233989,-3.3755018,2.5865212
VisualCogA_Task-1.mat,A,Task-1,L,F4,43,-0.20703125,-0.43939153,-3.3670291,2.491001
VisualCogA_Task-1.mat,A,Task-1,L,F4,43,-0.203125,-0.37030048,-3.262078,2.5065614
VisualCogA_Task-1.mat,A,Task-1,L,F4,43,-0.19921875,-0.2883575,-3.1042179,2.5915701
VisualCogA_Task-1.mat,A,Task-1,L,F4,43,-0.1953125,-0.19959774,-2.8313905,2.6111024
VisualCogA_Task-1.mat,A,Task-1,L,F4,43,-0.19140625,-0.12258884,-2.6627951,2.5911727
VisualCogA_Task-1.mat,A,Task-1,L,F4,43,-0.1875,-0.079233707,-2.617913,2.5948151
VisualCogA_Task-1.mat,A,Task-1,L,F4,43,-0.18359375,-0.071809405,-2.537406,2.5916547
VisualCogA_Task-1.mat,A,Task-1,L,F4,43,-0.1796875,-0.074844832,-2.4285555,2.5622623
VisualCogA_Task-1.mat,A,Task-1,L,F4,43,-0.17578125,-0.07603622,-2.4381177,2.4866947
VisualCogA_Task-1.mat,A,Task-1,L,F4,43,-0.171875,-0.049295711,-2.3485415,2.4086193
VisualCogA_Task-1.mat,A,Task-1,L,F4,43,-0.16796875,-0.020466876,-2.2940845,2.3144867
VisualCogA_Task-1.mat,A,Task-1,L,F4,43,-0.1640625,-0.0075961462,-2.2216558,2.2191574
VisualCogA_Task-1.mat,A,Task-1,L,F4,43,-0.16015625,-0.0080196568,-2.2000452,2.1278871
VisualCogA_Task-1.mat,A,Task-1,L,F4,43,-0.15625,-0.010365995,-2.2705241,2.0811086
VisualCogA_Task-1.mat,A,Task-1,L,F4,43,-0.15234375,-0.0050242395,-2.3389868,1.997604
VisualCogA_Task-1.mat,A,Task-1,L,F4,43,-0.1484375,0.028419147,-2.3311608,1.9368484
VisualCogA_Task-1.mat,A,Task-1,L,F4,43,-0.14453125,0.072922611,-2.2136517,1.8933506
VisualCogA_Task-1.mat,A,Task-1,L,F4,43,-0.140625,0.11800311,-2.1641991,1.8656878
VisualCogA_Task-1.mat,A,Task-1,L,F4,43,-0.13671875,0.1629503,-1.9746942,1.857396
VisualCogA_Task-1.mat,A,Task-1,L,F4,43,-0.1328125,0.20911493,-1.7680016,1.7662316
VisualCogA_Task-1.mat,A,Task-1,L,F4,43,-0.12890625,0.27354991,-1.5406714,1.7532034
VisualCogA_Task-1.mat,A,Task-1,L,F4,43,-0.125,0.33350419,-1.3485799,1.7990163
VisualCogA_Task-1.mat,A,Task-1,L,F4,43,-0.12109375,0.38336261,-1.2084239,1.8056766
VisualCogA_Task-1.mat,A,Task-1,L,F4,43,-0.1171875,0.40790033,-1.029394,1.8025057
VisualCogA_Task-1.mat,A,Task-1,L,F4,43,-0.11328125,0.40495812,-0.92944961,1.7425837
VisualCogA_Task-1.mat,A,Task-1,L,F4,43,-0.109375,0.38382909,-0.87400783,1.6830969
VisualCogA_Task-1.mat,A,Task-1,L,F4,43,-0.10546875,0.37126883,-0.82671264,1.7033004
VisualCogA_Task-1.mat,A,Task-1,L,F4,43,-0.1015625,0.37136744,-0.90750589,1.7119969
VisualCogA_Task-1.mat,A,Task-1,L,F4,43,-0.09765625,0.39687973,-0.9211891,1.7537597
VisualCogA_Task-1.mat,A,Task-1,L,F4,43,-0.09375,0.45799617,-0.90006606,1.8651287
VisualCogA_Task-1.mat,A,Task-1,L,F4,43,-0.08984375,0.52489583,-0.90311996,2.1221459
VisualCogA_Task-1.mat,A,Task-1,L,F4,43,-0.0859375,0.58142403,-0.97880848,2.2865207
VisualCogA_Task-1.mat,A,Task-1,L,F4,43,-0.08203125,0.60438485,-1.1190437,2.3731518
VisualCogA_Task-1.mat,A,Task-1,L,F4,43,-0.078125,0.56951048,-1.1880999,2.4227692
VisualCogA_Task-1.mat,A,Task-1,L,F4,43,-0.07421875,0.48158171,-1.3032032,2.4998933
VisualCogA_Task-1.mat,A,Task-1,L,F4,43,-0.0703125,0.36873364,-1.4449853,2.4309005
VisualCogA_Task-1.mat,A,Task-1,L,F4,43,-0.06640625,0.24940617,-1.5917132,2.3861116
VisualCogA_Task-1.mat,A,Task-1,L,F4,43,-0.0625,0.14682453,-1.6372913,2.2448269
VisualCogA_Task-1.mat,A,Task-1,L,F4,43,-0.05859375,0.060930958,-1.7788698,2.1606895
VisualCogA_Task-1.mat,A,Task-1,L,F4,43,-0.0546875,-0.029690477,-1.8491422,2.0122269
VisualCogA_Task-1.mat,A,Task-1,L,F4,43,-0.05078125,-0.13045888,-1.8804534,1.7814679
VisualCogA_Task-1.mat,A,Task-1,L,F4,43,-0.046875,-0.22835592,-2.001863,1.7772958
VisualCogA_Task-1.mat,A,Task-1,L,F4,43,-0.04296875,-0.31558756,-2.1221139,1.6741017
VisualCogA_Task-1.mat,A,Task-1,L,F4,43,-0.0390625,-0.40497845,-2.2907802,1.575961
VisualCogA_Task-1.mat,A,Task-1,L,F4,43,-0.03515625,-0.50187368,-2.4593546,1.549231
VisualCogA_Task-1.mat,A,Task-1,L,F4,43,-0.03125,-0.60283608,-2.685277,1.5194878
VisualCogA_Task-1.mat,A,Task-1,L,F4,43,-0.02734375,-0.71423634,-2.8544138,1.4593242
VisualCogA_Task-1.mat,A,Task-1,L,F4,43,-0.0234375,-0.79426315,-2.9393903,1.3991382
VisualCogA_Task-1.mat,A,Task-1,L,F4,43,-0.01953125,-0.81874548,-3.0711131,1.3840063
VisualCogA_Task-1.mat,A,Task-1,L,F4,43,-0.015625,-0.80889625,-3.1897096,1.5422186
VisualCogA_Task-1.mat,A,Task-1,L,F4,43,-0.01171875,-0.7738313,-3.3238839,1.7356977
VisualCogA_Task-1.mat,A,Task-1,L,F4,43,-0.0078125,-0.73968439,-3.398029,1.9534485
VisualCogA_Task-1.mat,A,Task-1,L,F4,43,-0.00390625,-0.71222063,-3.4751494,2.1631603
VisualCogA_Task-1.mat,A,Task-1,L,F4,43,0,-0.69376763,-3.6492168,2.4588518
VisualCogA_Task-1.mat,A,Task-1,L,F4,43,0.00390625,-0.68197188,-3.7623073,2.696678
VisualCogA_Task-1.mat,A,Task-1,L,F4,43,0.0078125,-0.66510147,-3.8524387,2.917913
VisualCogA_Task-1.mat,A,Task-1,L,F4,43,0.01171875,-0.63506364,-3.9528161,3.046754
VisualCogA_Task-1.mat,A,Task-1,L,F4,43,0.015625,-0.61129186,-4.1748067,3.2774995
VisualCogA_Task-1.mat,A,Task-1,L,F4,43,0.01953125,-0.61319603,-4.2872363,3.5353847
VisualCogA_Task-1.mat,A,Task-1,L,F4,43,0.0234375,-0.63986204,-4.3957835,3.6717038
VisualCogA_Task-1.mat,A,Task-1,L,F4,43,0.02734375,-0.69186828,-4.6410821,3.704593
VisualCogA_Task-1.mat,A,Task-1,L,F4,43,0.03125,-0.77400775,-4.9725923,3.7382284
VisualCogA_Task-1.mat,A,Task-1,L,F4,43,0.03515625,-0.87209328,-5.1729977,3.6087802
VisualCogA_Task-1.mat,A,Task-1,L,F4,43,0.0390625,-0.9764211,-5.2527212,3.4541611
VisualCogA_Task-1.mat,A,Task-1,L,F4,43,0.04296875,-1.0570651,-5.200317,3.27718
VisualCogA_Task-1.mat,A,Task-1,L,F4,43,0.046875,-1.0990689,-5.1471842,3.1483009
VisualCogA_Task-1.mat,A,Task-1,L,F4,43,0.05078125,-1.1245756,-5.2361379,2.9957912
VisualCogA_Task-1.mat,A,Task-1,L,F4,43,0.0546875,-1.128126,-5.2666387,2.8866473
VisualCogA_Task-1.mat,A,Task-1,L,F4,43,0.05859375,-1.1167083,-5.2576387,2.8372385
VisualCogA_Task-1.mat,A,Task-1,L,F4,43,0.0625,-1.1099508,-5.1639278,2.8008399
VisualCogA_Task-1.mat,A,Task-1,L,F4,43,0.06640625,-1.1353414,-5.1676084,2.750367
VisualCogA_Task-1.mat,A,Task-1,L,F4,43,0.0703125,-1.2127779,-5.1922511,2.8247858
VisualCogA_Task-1.mat,A,Task-1,L,F4,43,0.07421875,-1.3443215,-5.2951038,2.7526491
VisualCogA_Task-1.mat,A,Task-1,L,F4,43,0.078125,-1.5223776,-5.4262993,2.5941284
VisualCogA_Task-1.mat,A,Task-1,L,F4,43,0.08203125,-1.7361815,-5.9447977,2.3004408
VisualCogA_Task-1.mat,A,Task-1,L,F4,43,0.0859375,-1.9397558,-6.2145936,2.0592236
VisualCogA_Task-1.mat,A,Task-1,L,F4,43,0.08984375,-2.1176158,-6.3805601,1.9398243
VisualCogA_Task-1.mat,A,Task-1,L,F4,43,0.09375,-2.2431651,-6.6099146,1.9055415
VisualCogA_Task-1.mat,A,Task-1,L,F4,43,0.09765625,-2.3507348,-6.766238,1.9003358
VisualCogA_Task-1.mat,A,Task-1,L,F4,43,0.1015625,-2.4505711,-6.9948659,1.9138101
VisualCogA_Task-1.mat,A,Task-1,L,F4,43,0.10546875,-2.5495973,-7.1567632,1.8900389
VisualCogA_Task-1.mat,A,Task-1,L,F4,43,0.109375,-2.6683228,-7.3685733,1.9327168
VisualCogA_Task-1.mat,A,Task-1,L,F4,43,0.11328125,-2.8039751,-7.6822376,1.9607342
VisualCogA_Task-1.mat,A,Task-1,L,F4,43,0.1171875,-2.9362557,-7.8082796,2.0696284
VisualCogA_Task-1.mat,A,Task-1,L,F4,43,0.12109375,-3.0578173,-7.9925367,2.2472584
VisualCogA_Task-1.mat,A,Task-1,L,F4,43,0.125,-3.1524053,-8.1428621,2.4888544
VisualCogA_Task-1.mat,A,Task-1,L,F4,43,0.12890625,-3.2186267,-8.2372452,2.6075673
VisualCogA_Task-1.mat,A,Task-1,L,F4,43,0.1328125,-3.2618083,-8.3427181,2.6341551
VisualCogA_Task-1.mat,A,Task-1,L,F4,43,0.13671875,-3.2912919,-8.3938027,2.5722422
VisualCogA_Task-1.mat,A,Task-1,L,F4,43,0.140625,-3.3127969,-8.5994685,2.5146947
VisualCogA_Task-1.mat,A,Task-1,L,F4,43,0.14453125,-3.3269776,-8.7010041,2.439017
VisualCogA_Task-1.mat,A,Task-1,L,F4,43,0.1484375,-3.3185481,-8.7335776,2.364724
VisualCogA_Task-1.mat,A,Task-1,L,F4,43,0.15234375,-3.265041,-8.415295,2.2459394
VisualCogA_Task-1.mat,A,Task-1,L,F4,43,0.15625,-3.1635479,-8.2579495,2.2531482
VisualCogA_Task-1.mat,A,Task-1,L,F4,43,0.16015625,-3.0239291,-8.2493269,2.2382939
VisualCogA_Task-1.mat,A,Task-1,L,F4,43,0.1640625,-2.8525766,-8.1055524,2.2530443
VisualCogA_Task-1.mat,A,Task-1,L,F4,43,0.16796875,-2.6536439,-7.9299561,2.3589463
VisualCogA_Task-1.mat,A,Task-1,L,F4,43,0.171875,-2.4283166,-7.5838862,2.521213
VisualCogA_Task-1.mat,A,Task-1,L,F4,43,0.17578125,-2.1942475,-7.1978258,2.8180056
VisualCogA_Task-1.mat,A,Task-1,L,F4,43,0.1796875,-1.986388,-6.9161731,3.1348674
VisualCogA_Task-1.mat,A,Task-1,L,F4,43,0.18359375,-1.8285757,-6.7258109,3.3869501
VisualCogA_Task-1.mat,A,Task-1,L,F4,43,0.1875,-1.7244186,-6.8139281,3.432696
VisualCogA_Task-1.mat,A,Task-1,L,F4,43,0.19140625,-1.668946,-6.7180918,3.4756187
VisualCogA_Task-1.mat,A,Task-1,L,F4,43,0.1953125,-1.6517348,-6.6614228,3.4354808
VisualCogA_Task-1.mat,A,Task-1,L,F4,43,0.19921875,-1.6409786,-6.9390164,3.505441
VisualCogA_Task-1.mat,A,Task-1,L,F4,43,0.203125,-1.5989244,-7.1158964,3.4804466
VisualCogA_Task-1.mat,A,Task-1,L,F4,43,0.20703125,-1.5552101,-7.1771481,3.6895344
VisualCogA_Task-1.mat,A,Task-1,L,F4,43,0.2109375,-1.4935362,-7.0857316,3.9022463
VisualCogA_Task-1.mat,A,Task-1,L,F4,43,0.21484375,-1.4387031,-6.9140873,3.9552947
VisualCogA_Task-1.mat,A,Task-1,L,F4,43,0.21875,-1.3862562,-6.9207152,4.0062443
VisualCogA_Task-1.mat,A,Task-1,L,F4,43,0.22265625,-1.3630508,-7.010258,4.0131026
VisualCogA_Task-1.mat,A,Task-1,L,F4,43,0.2265625,-1.3669401,-6.9261861,3.9263098
VisualCogA_Task-1.mat,A,Task-1,L,F4,43,0.23046875,-1.3730056,-6.8526235,3.9925762
VisualCogA_Task-1.mat,A,Task-1,L,F4,43,0.234375,-1.3668866,-6.7873108,3.9492475
VisualCogA_Task-1.mat,A,Task-1,L,F4,43,0.23828125,-1.3432441,-6.8003946,3.9202755
VisualCogA_Task-1.mat,A,Task-1,L,F4,43,0.2421875,-1.2930874,-6.8333755,3.9099989
VisualCogA_Task-1.mat,A,Task-1,L,F4,43,0.24609375,-1.2133962,-6.8180715,3.9253068
VisualCogA_Task-1.mat,A,Task-1,L,F4,43,0.25,-1.117087,-6.6945385,3.9762768
VisualCogA_Task-1.mat,A,Task-1,L,F4,43,0.25390625,-1.0253378,-6.3826986,3.9991092
VisualCogA_Task-1.mat,A,Task-1,L,F4,43,0.2578125,-0.9320917,-6.1249582,4.0479165
VisualCogA_Task-1.mat,A,Task-1,L,F4,43,0.26171875,-0.83802464,-5.9072241,4.0618749
VisualCogA_Task-1.mat,A,Task-1,L,F4,43,0.265625,-0.71204876,-5.7225168,4.2869498
VisualCogA_Task-1.mat,A,Task-1,L,F4,43,0.26953125,-0.56111768,-5.5500537,4.5556378
VisualCogA_Task-1.mat,A,Task-1,L,F4,43,0.2734375,-0.36564531,-5.4045827,4.8087101
VisualCogA_Task-1.mat,A,Task-1,L,F4,43,0.27734375,-0.12571559,-5.2739499,5.1150398
VisualCogA_Task-1.mat,A,Task-1,L,F4,43,0.28125,0.17178701,-5.04724,5.5911303
VisualCogA_Task-1.mat,A,Task-1,L,F4,43,0.28515625,0.52610462,-4.7234221,5.946322
VisualCogA_Task-1.mat,A,Task-1,L,F4,43,0.2890625,0.92453757,-4.3455109,6.3096994
VisualCogA_Task-1.mat,A,Task-1,L,F4,43,0.29296875,1.3407075,-3.8969438,6.7140316
VisualCogA_Task-1.mat,A,Task-1,L,F4,43,0.296875,1.7508133,-3.5188818,7.132934
VisualCogA_Task-1.mat,A,Task-1,L,F4,43,0.30078125,2.1317208,-3.215435,7.49672
VisualCogA_Task-1.mat,A,Task-1,L,F4,43,0.3046875,2.4671089,-2.97322,7.9051646
VisualCogA_Task-1.mat,A,Task-1,L,F4,43,0.30859375,2.7575741,-2.6947998,8.2418397
VisualCogA_Task-1.mat,A,Task-1,L,F4,43,0.3125,3.0097798,-2.3527056,8.6137241
VisualCogA_Task-1.mat,A,Task-1,L,F4,43,0.31640625,3.2245149,-2.0974442,8.803259
VisualCogA_Task-1.mat,A,Task-1,L,F4,43,0.3203125,3.3777709,-2.0129638,8.9812009
VisualCogA_Task-1.mat,A,Task-1,L,F4,43,0.32421875,3.4683457,-2.0073089,9.0437128
VisualCogA_Task-1.mat,A,Task-1,L,F4,43,0.328125,3.5178782,-1.9421996,9.0588433
VisualCogA_Task-1.mat,A,Task-1,L,F4,43,0.33203125,3.5220078,-1.855704,8.877825
VisualCogA_Task-1.mat,A,Task-1,L,F4,43,0.3359375,3.5145514,-1.8197364,8.6943443
VisualCogA_Task-1.mat,A,Task-1,L,F4,43,0.33984375,3.5237775,-1.7826769,8.701499
VisualCogA_Task-1.mat,A,Task-1,L,F4,43,0.34375,3.4909997,-1.6149132,8.7012753
VisualCogA_Task-1.mat,A,Task-1,L,F4,43,0.34765625,3.4211117,-1.5461634,8.518221
VisualCogA_Task-1.mat,A,Task-1,L,F4,43,0.3515625,3.2907577,-1.866737,8.4503693
VisualCogA_Task-1.mat,A,Task-1,L,F4,43,0.35546875,3.0939003,-1.9678814,8.4049114
VisualCogA_Task-1.mat,A,Task-1,L,F4,43,0.359375,2.8304795,-2.2249087,8.2370553
VisualCogA_Task-1.mat,A,Task-1,L,F4,43,0.36328125,2.4908848,-2.6291089,8.0914171
VisualCogA_Task-1.mat,A,Task-1,L,F4,43,0.3671875,2.0854602,-2.9818354,7.9264103
VisualCogA_Task-1.mat,A,Task-1,L,F4,43,0.37109375,1.6438206,-3.4762737,7.6881842
VisualCogA_Task-1.mat,A,Task-1,L,F4,43,0.375,1.188157,-3.8429864,7.3148281
VisualCogA_Task-1.mat,A,Task-1,L,F4,43,0.37890625,0.7461903,-4.3723382,7.0910355
VisualCogA_Task-1.mat,A,Task-1,L,F4,43,0.3828125,0.35433952,-4.825424,6.7719189
VisualCogA_Task-1.mat,A,Task-1,L,F4,43,0.38671875,0.017353629,-5.1836954,6.492314
VisualCogA_Task-1.mat,A,Task-1,L,F4,43,0.390625,-0.25261234,-5.4070021,6.2743671
VisualCogA_Task-1.mat,A,Task-1,L,F4,43,0.39453125,-0.47501118,-5.6795575,6.0112968
VisualCogA_Task-1.mat,A,Task-1,L,F4,43,0.3984375,-0.70038193,-5.9693936,5.6713239
VisualCogA_Task-1.mat,A,Task-1,L,F4,43,0.40234375,-0.94377105,-6.2839789,5.279543
VisualCogA_Task-1.mat,A,Task-1,L,F4,43,0.40625,-1.2296974,-6.6275782,5.023248
VisualCogA_Task-1.mat,A,Task-1,L,F4,43,0.41015625,-1.5612678,-6.9218513,4.581612
VisualCogA_Task-1.mat,A,Task-1,L,F4,43,0.4140625,-1.9327606,-7.3067529,4.090296
VisualCogA_Task-1.mat,A,Task-1,L,F4,43,0.41796875,-2.3045687,-7.6692321,3.5766257
VisualCogA_Task-1.mat,A,Task-1,L,F4,43,0.421875,-2.6895168,-8.0449459,3.153551
VisualCogA_Task-1.mat,A,Task-1,L,F4,43,0.42578125,-3.0683247,-8.420795,2.7792309
VisualCogA_Task-1.mat,A,Task-1,L,F4,43,0.4296875,-3.4151629,-8.8247509,2.4782301
VisualCogA_Task-1.mat,A,Task-1,L,F4,43,0.43359375,-3.7490442,-9.2191422,2.2653186
VisualCogA_Task-1.mat,A,Task-1,L,F4,43,0.4375,-4.0524494,-9.5482328,2.2200416
VisualCogA_Task-1.mat,A,Task-1,L,F4,43,0.44140625,-4.3094247,-9.986309,2.0952285
VisualCogA_Task-1.mat,A,Task-1,L,F4,43,0.4453125,-4.5173691,-10.399786,2.1181013
VisualCogA_Task-1.mat,A,Task-1,L,F4,43,0.44921875,-4.6653209,-10.633225,2.013083
VisualCogA_Task-1.mat,A,Task-1,L,F4,43,0.453125,-4.7374736,-10.853905,2.1222199
VisualCogA_Task-1.mat,A,Task-1,L,F4,43,0.45703125,-4.780502,-10.996047,2.1918635
VisualCogA_Task-1.mat,A,Task-1,L,F4,43,0.4609375,-4.842249,-11.003303,2.2720696
VisualCogA_Task-1.mat,A,Task-1,L,F4,43,0.46484375,-4.8914012,-11.049041,2.3736632
VisualCogA_Task-1.mat,A,Task-1,L,F4,43,0.46875,-4.969244,-11.184925,2.4158006
VisualCogA_Task-1.mat,A,Task-1,L,F4,43,0.47265625,-5.0673853,-11.424977,2.3213696
VisualCogA_Task-1.mat,A,Task-1,L,F4,43,0.4765625,-5.1842839,-11.622056,2.2695457
VisualCogA_Task-1.mat,A,Task-1,L,F4,43,0.48046875,-5.316652,-11.899549,2.2111948
VisualCogA_Task-1.mat,A,Task-1,L,F4,43,0.484375,-5.4364567,-12.038324,2.1218639
VisualCogA_Task-1.mat,A,Task-1,L,F4,43,0.48828125,-5.5246564,-12.18528,2.0244196
VisualCogA_Task-1.mat,A,Task-1,L,F4,43,0.4921875,-5.572414,-12.276671,1.9783851
VisualCogA_Task-1.mat,A,Task-1,L,F4,43,0.49609375,-5.5699216,-12.241251,1.9192843
VisualCogA_Task-1.mat,A,Task-1,L,F4,43,0.5,-5.543895,-12.142637,1.8856845
VisualCogA_Task-1.mat,A,Task-1,L,F4,43,0.50390625,-5.5166573,-12.200101,1.8088582
VisualCogA_Task-1.mat,A,Task-1,L,F4,43,0.5078125,-5.5282125,-12.315401,1.6813975
VisualCogA_Task-1.mat,A,Task-1,L,F4,43,0.51171875,-5.6169429,-12.456974,1.424426
VisualCogA_Task-1.mat,A,Task-1,L,F4,43,0.515625,-5.782556,-12.415005,1.0357062
VisualCogA_Task-1.mat,A,Task-1,L,F4,43,0.51953125,-5.9827937,-12.591342,0.75431019
VisualCogA_Task-1.mat,A,Task-1,L,F4,43,0.5234375,-6.2085635,-12.944321,0.28695067
VisualCogA_Task-1.mat,A,Task-1,L,F4,43,0.52734375,-6.4172852,-13.08183,0.032163774
VisualCogA_Task-1.mat,A,Task-1,L,F4,43,0.53125,-6.5880856,-13.130013,-0.18406819
VisualCogA_Task-1.mat,A,Task-1,L,F4,43,0.53515625,-6.6940991,-13.196864,-0.29342233
VisualCogA_Task-1.mat,A,Task-1,L,F4,43,0.5390625,-6.7783963,-13.302257,-0.1607627
VisualCogA_Task-1.mat,A,Task-1,L,F4,43,0.54296875,-6.839698,-13.329821,-0.10084726
VisualCogA_Task-1.mat,A,Task-1,L,F4,43,0.546875,-6.877235,-13.398983,-0.23449608
VisualCogA_Task-1.mat,A,Task-1,L,F4,43,0.55078125,-6.9173967,-13.47185,-0.36108576
VisualCogA_Task-1.mat,A,Task-1,L,F4,43,0.5546875,-6.9330297,-13.509964,-0.13221535
VisualCogA_Task-1.mat,A,Task-1,L,F4,43,0.55859375,-6.9185674,-13.487735,0.11894141
VisualCogA_Task-1.mat,A,Task-1,L,F4,43,0.5625,-6.8710083,-13.346882,0.46732994
VisualCogA_Task-1.mat,A,Task-1,L,F4,43,0.56640625,-6.7971936,-13.303506,0.87678183
VisualCogA_Task-1.mat,A,Task-1,L,F4,43,0.5703125,-6.6701037,-13.385854,1.2829087
VisualCogA_Task-1.mat,A,Task-1,L,F4,43,0.57421875,-6.5184301,-13.392169,1.7142987
VisualCogA_Task-1.mat,A,Task-1,L,F4,43,0.578125,-6.354401,-13.461304,2.1028773
VisualCogA_Task-1.mat,A,Task-1,L,F4,43,0.58203125,-6.1963961,-13.501509,2.4039352
VisualCogA_Task-1.mat,A,Task-1,L,F4,43,0.5859375,-6.0764885,-13.477079,2.6050218
VisualCogA_Task-1.mat,A,Task-1,L,F4,43,0.58984375,-5.969706,-13.535113,2.937315
VisualCogA_Task-1.mat,A,Task-1,L,F4,43,0.59375,-5.8809421,-13.532588,3.1458126
VisualCogA_Task-1.mat,A,Task-1,L,F4,43,0.59765625,-5.7996192,-13.640949,3.1853132
VisualCogA_Task-1.mat,A,Task-1,L,F4,43,0.6015625,-5.7122794,-13.663633,3.2360483
VisualCogA_Task-1.mat,A,Task-1,L,F4,43,0.60546875,-5.6169003,-13.74284,3.1811758
VisualCogA_Task-1.mat,A,Task-1,L,F4,43,0.609375,-5.5300141,-13.783832,3.0814803
VisualCogA_Task-1.mat,A,Task-1,L,F4,43,0.61328125,-5.481937,-13.913912,3.157799
VisualCogA_Task-1.mat,A,Task-1,L,F4,43,0.6171875,-5.4903924,-14.01172,3.1627302
VisualCogA_Task-1.mat,A,Task-1,L,F4,43,0.62109375,-5.5388651,-13.97952,3.1319006
VisualCogA_Task-1.mat,A,Task-1,L,F4,43,0.625,-5.6068142,-14.093558,3.0415795
VisualCogA_Task-1.mat,A,Task-1,L,F4,43,0.62890625,-5.6435258,-14.208923,2.8254422
VisualCogA_Task-1.mat,A,Task-1,L,F4,43,0.6328125,-5.6036514,-14.303966,2.7283545
VisualCogA_Task-1.mat,A,Task-1,L,F4,43,0.63671875,-5.4904981,-14.311249,2.9004528
VisualCogA_Task-1.mat,A,Task-1,L,F4,43,0.640625,-5.3482097,-14.131591,3.2111334
VisualCogA_Task-1.mat,A,Task-1,L,F4,43,0.64453125,-5.1481337,-13.91047,3.4374901
VisualCogA_Task-1.mat,A,Task-1,L,F4,43,0.6484375,-4.8982041,-13.66496,3.5326877
VisualCogA_Task-1.mat,A,Task-1,L,F4,43,0.65234375,-4.6293189,-13.275338,3.6963792
VisualCogA_Task-1.mat,A,Task-1,L,F4,43,0.65625,-4.3947585,-13.07001,4.0099283
VisualCogA_Task-1.mat,A,Task-1,L,F4,43,0.66015625,-4.1204447,-12.66954,4.3869108
VisualCogA_Task-1.mat,A,Task-1,L,F4,43,0.6640625,-3.8240329,-12.277677,4.8339558
VisualCogA_Task-1.mat,A,Task-1,L,F4,43,0.66796875,-3.4786703,-12.05075,5.2721418
VisualCogA_Task-1.mat,A,Task-1,L,F4,43,0.671875,-3.0745968,-11.414918,5.858699
VisualCogA_Task-1.mat,A,Task-1,L,F4,43,0.67578125,-2.5863492,-10.857571,6.5715796
VisualCogA_Task-1.mat,A,Task-1,L,F4,43,0.6796875,-2.0261724,-10.286039,7.3634295
VisualCogA_Task-1.mat,A,Task-1,L,F4,43,0.68359375,-1.4132251,-9.7064988,8.5252872
VisualCogA_Task-1.mat,A,Task-1,L,F4,43,0.6875,-0.70721558,-9.1643409,9.6080872
VisualCogA_Task-1.mat,A,Task-1,L,F4,43,0.69140625,0.050809476,-8.6919442,10.461563
VisualCogA_Task-1.mat,A,Task-1,L,F4,43,0.6953125,0.88166965,-8.0668612,11.830371
VisualCogA_Task-1.mat,A,Task-1,L,F4,43,0.69921875,1.7835767,-7.3588944,12.855229
VisualCogA_Task-1.mat,A,Task-1,L,F4,43,0.703125,2.6563143,-6.5782231,14.170557
VisualCogA_Task-1.mat,A,Task-1,L,F4,43,0.70703125,3.4926188,-5.9531339,15.111343
VisualCogA_Task-1.mat,A,Task-1,L,F4,43,0.7109375,4.3244926,-5.5007957,16.365891
VisualCogA_Task-1.mat,A,Task-1,L,F4,43,0.71484375,5.135636,-5.0215796,17.45022
VisualCogA_Task-1.mat,A,Task-1,L,F4,43,0.71875,5.9489141,-4.7600361,18.579133
VisualCogA_Task-1.mat,A,Task-1,L,F4,43,0.72265625,6.7614595,-4.3757488,19.789021
VisualCogA_Task-1.mat,A,Task-1,L,F4,43,0.7265625,7.5947103,-3.8715719,20.933088
VisualCogA_Task-1.mat,A,Task-1,L,F4,43,0.73046875,8.4460796,-3.318647,22.273551
VisualCogA_Task-1.mat,A,Task-1,L,F4,43,0.734375,9.3575129,-2.7530148,23.496003
VisualCogA_Task-1.mat,A,Task-1,L,F4,43,0.73828125,10.322566,-2.135519,24.943017
VisualCogA_Task-1.mat,A,Task-1,L,F4,43,0.7421875,11.320735,-1.3298923,26.142491
VisualCogA_Task-1.mat,A,Task-1,L,F4,43,0.74609375,12.320431,-0.71556258,27.190321
VisualCogA_Task-1.mat,A,Task-1,L,F4,43,0.75,13.255664,0.071130854,28.048695
VisualCogA_Task-1.mat,A,Task-1,L,F4,43,0.75390625,14.077454,0.87380288,29.161753
VisualCogA_Task-1.mat,A,Task-1,L,F4,43,0.7578125,14.76714,1.5588242,29.861562
VisualCogA_Task-1.mat,A,Task-1,L,F4,43,0.76171875,15.347468,1.9237772,30.106488
VisualCogA_Task-1.mat,A,Task-1,L,F4,43,0.765625,15.798634,2.2497353,30.295286
VisualCogA_Task-1.mat,A,Task-1,L,F4,43,0.76953125,16.117389,2.7961585,30.237422
VisualCogA_Task-1.mat,A,Task-1,L,F4,43,0.7734375,16.321633,3.0307898,30.345281
VisualCogA_Task-1.mat,A,Task-1,L,F4,43,0.77734375,16.468309,3.3625543,30.580273
VisualCogA_Task-1.mat,A,Task-1,L,F4,43,0.78125,16.486979,3.5070581,30.008531
VisualCogA_Task-1.mat,A,Task-1,L,F4,43,0.78515625,16.41054,3.7661765,30.03943
VisualCogA_Task-1.mat,A,Task-1,L,F4,43,0.7890625,16.230087,4.2857659,29.534466
VisualCogA_Task-1.mat,A,Task-1,L,F4,43,0.79296875,15.99662,4.6831051,28.430936
VisualCogA_Task-1.mat,A,Task-1,L,F4,43,0.796875,15.644794,4.6487721,27.397684
VisualCogA_Task-1.mat,A,Task-1,L,F4,43,0.80078125,15.18161,4.4240508,26.69609
VisualCogA_Task-1.mat,A,Task-1,L,F4,43,0.8046875,14.64959,4.2414902,26.308773
VisualCogA_Task-1.mat,A,Task-1,L,F4,43,0.80859375,14.045438,3.8861467,25.686238
VisualCogA_Task-1.mat,A,Task-1,L,F4,43,0.8125,13.420584,3.5508438,24.979967
VisualCogA_Task-1.mat,A,Task-1,L,F4,43,0.81640625,12.783656,2.9652369,24.40539
VisualCogA_Task-1.mat,A,Task-1,L,F4,43,0.8203125,12.142766,2.344128,23.535462
VisualCogA_Task-1.mat,A,Task-1,L,F4,43,0.82421875,11.573748,1.8449447,23.073069
VisualCogA_Task-1.mat,A,Task-1,L,F4,43,0.828125,11.092875,1.5804714,22.689071
VisualCogA_Task-1.mat,A,Task-1,L,F4,43,0.83203125,10.675004,1.2618515,22.016112
VisualCogA_Task-1.mat,A,Task-1,L,F4,43,0.8359375,10.324082,0.92914402,21.184582
VisualCogA_Task-1.mat,A,Task-1,L,F4,43,0.83984375,10.052983,0.64294834,20.585212
VisualCogA_Task-1.mat,A,Task-1,L,F4,43,0.84375,9.8530891,0.7017112,20.207874
VisualCogA_Task-1.mat,A,Task-1,L,F4,43,0.84765625,9.6902429,0.5069404,19.91988
VisualCogA_Task-1.mat,A,Task-1,L,F4,43,0.8515625,9.5602719,0.44664139,19.622718
VisualCogA_Task-1.mat,A,Task-1,L,F4,43,0.85546875,9.4466773,0.39224793,19.487777
VisualCogA_Task-1.mat,A,Task-1,L,F4,43,0.859375,9.3351321,0.42813305,19.370807
VisualCogA_Task-1.mat,A,Task-1,L,F4,43,0.86328125,9.2039921,0.39886098,19.388508
VisualCogA_Task-1.mat,A,Task-1,L,F4,43,0.8671875,9.0253646,0.16477096,19.321172
VisualCogA_Task-1.mat,A,Task-1,L,F4,43,0.87109375,8.7942892,-0.092868946,19.17008
VisualCogA_Task-1.mat,A,Task-1,L,F4,43,0.875,8.5217272,-0.34527932,18.787521
VisualCogA_Task-1.mat,A,Task-1,L,F4,43,0.87890625,8.221966,-0.61840996,18.573874
VisualCogA_Task-1.mat,A,Task-1,L,F4,43,0.8828125,7.9473724,-0.7345476,18.200511
VisualCogA_Task-1.mat,A,Task-1,L,F4,43,0.88671875,7.6907682,-0.77061608,17.748582
VisualCogA_Task-1.mat,A,Task-1,L,F4,43,0.890625,7.4053549,-0.81796632,17.333821
VisualCogA_Task-1.mat,A,Task-1,L,F4,43,0.89453125,7.1279494,-1.1002027,17.231411
VisualCogA_Task-1.mat,A,Task-1,L,F4,43,0.8984375,6.8956911,-1.5094961,16.943093
VisualCogA_Task-1.mat,A,Task-1,L,F4,43,0.90234375,6.686273,-1.9553156,17.008521
VisualCogA_Task-1.mat,A,Task-1,L,F4,43,0.90625,6.5158074,-2.3369409,17.088806
VisualCogA_Task-1.mat,A,Task-1,L,F4,43,0.91015625,6.3845366,-2.5908413,17.048387
VisualCogA_Task-1.mat,A,Task-1,L,F4,43,0.9140625,6.2358223,-3.0494793,17.286224
VisualCogA_Task-1.mat,A,Task-1,L,F4,43,0.91796875,6.1406194,-3.3746327,17.662316
VisualCogA_Task-1.mat,A,Task-1,L,F4,43,0.921875,6.1334425,-3.4128887,18.381287
VisualCogA_Task-1.mat,A,Task-1,L,F4,43,0.92578125,6.2243605,-3.5378576,19.025361
VisualCogA_Task-1.mat,A,Task-1,L,F4,43,0.9296875,6.4035734,-3.7903123,19.20474
VisualCogA_Task-1.mat,A,Task-1,L,F4,43,0.93359375,6.6252335,-3.9440346,19.896667
VisualCogA_Task-1.mat,A,Task-1,L,F4,43,0.9375,6.8803521,-4.0166466,20.36376
VisualCogA_Task-1.mat,A,Task-1,L,F4,43,0.94140625,7.223006,-4.0701094,20.92274
VisualCogA_Task-1.mat,A,Task-1,L,F4,43,0.9453125,7.5598663,-4.0563302,21.682573
VisualCogA_Task-1.mat,A,Task-1,L,F4,43,0.94921875,7.8779289,-4.0941058,22.80473
VisualCogA_Task-1.mat,A,Task-1,L,F4,43,0.953125,8.1641899,-4.0467002,23.770489
VisualCogA_Task-1.mat,A,Task-1,L,F4,43,0.95703125,8.4056453,-3.9821012,24.570667
VisualCogA_Task-1.mat,A,Task-1,L,F4,43,0.9609375,8.5892911,-4.0126948,25.047766
VisualCogA_Task-1.mat,A,Task-1,L,F4,43,0.96484375,8.7021233,-4.0070668,25.38189
VisualCogA_Task-1.mat,A,Task-1,L,F4,43,0.96875,8.731138,-4.0906593,25.850115
VisualCogA_Task-1.mat,A,Task-1,L,F4,43,0.97265625,8.6633311,-4.4617335,25.624103
VisualCogA_Task-1.mat,A,Task-1,L,F4,43,0.9765625,8.4856986,-4.7148557,25.04611
VisualCogA_Task-1.mat,A,Task-1,L,F4,43,0.98046875,8.1852367,-5.0039543,24.841053
VisualCogA_Task-1.mat,A,Task-1,L,F4,43,0.984375,7.7489412,-5.3320657,24.500409
VisualCogA_Task-1.mat,A,Task-1,L,F4,43,0.98828125,7.1638082,-6.1602061,23.788791
VisualCogA_Task-1.mat,A,Task-1,L,F4,43,0.9921875,6.4168337,-6.7507579,22.778879
VisualCogA_Task-1.mat,A,Task-1,L,F4,43,0.99609375,5.4950137,-7.5966135,21.811466
VisualCogA_Task-1.mat,A,Task-1,R,Fz,42,-0.5,3.6308547,-0.076320224,7.2483117
VisualCogA_Task-1.mat,A,Task-1,R,Fz,42,-0.49609375,3.4093035,0.46386569,6.5765967
VisualCogA_Task-1.mat,A,Task-1,R,Fz,42,-0.4921875,3.2042323,0.50846012,5.9507443
VisualCogA_Task-1.mat,A,Task-1,R,Fz,42,-0.48828125,3.0148565,0.25029837,5.8062142
VisualCogA_Task-1.mat,A,Task-1,R,Fz,42,-0.484375,2.8403916,0.24751279,5.8054731
VisualCogA_Task-1.mat,A,Task-1,R,Fz,42,-0.48046875,2.6800529,-0.053536413,5.7529162
VisualCogA_Task-1.mat,A,Task-1,R,Fz,42,-0.4765625,2.5330561,-0.28615704,5.8531093
VisualCogA_Task-1.mat,A,Task-1,R,Fz,42,-0.47265625,2.3986165,-0.39687978,5.7040438
VisualCogA_Task-1.mat,A,Task-1,R,Fz,42,-0.46875,2.2759497,-0.55955743,5.5885527
VisualCogA_Task-1.mat,A,Task-1,R,Fz,42,-0.46484375,2.164271,-0.66198463,5.4883483
VisualCogA_Task-1.mat,A,Task-1,R,Fz,42,-0.4609375,2.0627959,-0.74469146,5.3732127
VisualCogA_Task-1.mat,A,Task-1,R,Fz,42,-0.45703125,1.9707399,-0.78386693,5.1444743
VisualCogA_Task-1.mat,A,Task-1,R,Fz,42,-0.453125,1.8873184,-0.82349654,4.9027517
VisualCogA_Task-1.mat,A,Task-1,R,Fz,42,-0.44921875,1.8117469,-0.6593935,4.8007719
VisualCogA_Task-1.mat,A,Task-1,R,Fz,42,-0.4453125,1.743241,-0.67410143,4.7272589
VisualCogA_Task-1.mat,A,Task-1,R,Fz,42,-0.44140625,1.6810159,-0.79017467,4.5345885
VisualCogA_Task-1.mat,A,Task-1,R,Fz,42,-0.4375,1.6868314,-0.85466027,4.5076008
VisualCogA_Task-1.mat,A,Task-1,R,Fz,42,-0.43359375,1.6998533,-0.73634915,4.3929901
VisualCogA_Task-1.mat,A,Task-1,R,Fz,42,-0.4296875,1.6839718,-0.71969087,4.3514264
VisualCogA_Task-1.mat,A,Task-1,R,Fz,42,-0.42578125,1.6380383,-0.7265828,4.3336409
VisualCogA_Task-1.mat,A,Task-1,R,Fz,42,-0.421875,1.5532538,-0.72006781,4.2972384
VisualCogA_Task-1.mat,A,Task-1,R,Fz,42,-0.41796875,1.4595469,-0.78541049,4.1944219
VisualCogA_Task-1.mat,A,Task-1,R,Fz,42,-0.4140625,1.3570202,-0.87267258,4.0363098
VisualCogA_Task-1.mat,A,Task-1,R,Fz,42,-0.41015625,1.2324423,-1.1218764,3.9206261
VisualCogA_Task-1.mat,A,Task-1,R,Fz,42,-0.40625,1.0827264,-1.3211424,3.7058554
VisualCogA_Task-1.mat,A,Task-1,R,Fz,42,-0.40234375,0.9044091,-1.5561705,3.4736687
VisualCogA_Task-1.mat,A,Task-1,R,Fz,42,-0.3984375,0.70462464,-1.9335699,3.307878
VisualCogA_Task-1.mat,A,Task-1,R,Fz,42,-0.39453125,0.49663654,-2.2611698,3.1439076
VisualCogA_Task-1.mat,A,Task-1,R,Fz,42,-0.390625,0.28020596,-2.4977022,2.9888102
VisualCogA_Task-1.mat,A,Task-1,R,Fz,42,-0.38671875,0.087721338,-2.6949862,2.8173103
VisualCogA_Task-1.mat,A,Task-1,R,Fz,42,-0.3828125,-0.060123263,-2.9474648,2.7402076
VisualCogA_Task-1.mat,A,Task-1,R,Fz,42,-0.37890625,-0.15501102,-3.0367109,2.5999233
VisualCogA_Task-1.mat,A,Task-1,R,Fz,42,-0.375,-0.21841518,-3.043729,2.5257974
VisualCogA_Task-1.mat,A,Task-1,R,Fz,42,-0.37109375,-0.26153119,-3.0379872,2.4548369
VisualCogA_Task-1.mat,A,Task-1,R,Fz,42,-0.3671875,-0.28303055,-2.9673903,2.3678951
VisualCogA_Task-1.mat,A,Task-1,R,Fz,42,-0.36328125,-0.29765806,-2.8755353,2.2629608
VisualCogA_Task-1.mat,A,Task-1,R,Fz,42,-0.359375,-0.34705689,-2.940364,2.2789597
VisualCogA_Task-1.mat,A,Task-1,R,Fz,42,-0.35546875,-0.43316726,-3.0275066,2.1874969
VisualCogA_Task-1.mat,A,Task-1,R,Fz,42,-0.3515625,-0.53319382,-3.0609181,2.0592618
VisualCogA_Task-1.mat,A,Task-1,R,Fz,42,-0.34765625,-0.59543006,-3.1389121,2.0383727
VisualCogA_Task-1.mat,A,Task-1,R,Fz,42,-0.34375,-0.5884443,-3.1304084,1.9424294
VisualCogA_Task-1.mat,A,Task-1,R,Fz,42,-0.33984375,-0.51210534,-3.0304307,1.9902294
VisualCogA_Task-1.mat,A,Task-1,R,Fz,42,-0.3359375,-0.3496442,-2.8698759,2.1399492
VisualCogA_Task-1.mat,A,Task-1,R,Fz,42,-0.33203125,-0.13552441,-2.5894868,2.4098834
VisualCogA_Task-1.mat,A,Task-1,R,Fz,42,-0.328125,0.11773035,-2.2402798,2.6924504
VisualCogA_Task-1.mat,A,Task-1,R,Fz,42,-0.32421875,0.3805384,-1.9069556,2.9126106
VisualCogA_Task-1.mat,A,Task-1,R,Fz,42,-0.3203125,0.64407783,-1.5786091,2.991066
VisualCogA_Task-1.mat,A,Task-1,R,Fz,42,-0.31640625,0.88553715,-1.2948271,3.0846471
VisualCogA_Task-1.mat,A,Task-1,R,Fz,42,-0.3125,1.1041304,-0.94618306,3.249219
VisualCogA_Task-1.mat,A,Task-1,R,Fz,42,-0.30859375,1.3131841,-0.72644566,3.4315831
VisualCogA_Task-1.mat,A,Task-1,R,Fz,42,-0.3046875,1.4874643,-0.50212358,3.5600009
VisualCogA_Task-1.mat,A,Task-1,R,Fz,42,-0.30078125,1.6277309,-0.4307932,3.7008265
VisualCogA_Task-1.mat,A,Task-1,R,Fz,42,-0.296875,1.7029794,-0.41374746,3.7528965
VisualCogA_Task-1.mat,A,Task-1,R,Fz,42,-0.29296875,1.7025451,-0.53106689,3.8182014
VisualCogA_Task-1.mat,A,Task-1,R,Fz,42,-0.2890625,1.6314646,-0.82927117,3.8773061
VisualCogA_Task-1.mat,A,Task-1,R,Fz,42,-0.28515625,1.5147059,-1.0192527,3.9582604
VisualCogA_Task-1.mat,A,Task-1,R,Fz,42,-0.28125,1.389903,-1.3148879,3.933935
VisualCogA_Task-1.mat,A,Task-1,R,Fz,42,-0.27734375,1.2808934,-1.4887574,3.9293728
VisualCogA_Task-1.mat,A,Task-1,R,Fz,42,-0.2734375,1.1795462,-1.6847168,3.8495297
VisualCogA_Task-1.mat,A,Task-1,R,Fz,42,-0.26953125,1.1060213,-1.7616228,3.7025944
VisualCogA_Task-1.mat,A,Task-1,R,Fz,42,-0.265625,1.0430455,-1.8058378,3.6917015
VisualCogA_Task-1.mat,A,Task-1,R,Fz,42,-0.26171875,0.97496951,-1.8218363,3.6241958
VisualCogA_Task-1.mat,A,Task-1,R,Fz,42,-0.2578125,0.84183915,-1.8601424,3.4991291
VisualCogA_Task-1.mat,A,Task-1,R,Fz,42,-0.25390625,0.66378169,-2.0079962,3.2665641
VisualCogA_Task-1.mat,A,Task-1,R,Fz,42,-0.25,0.43658583,-2.078999,3.0526916
VisualCogA_Task-1.mat,A,Task-1,R,Fz,42,-0.24609375,0.17339001,-2.2611256,2.7839646
VisualCogA_Task-1.mat,A,Task-1,R,Fz,42,-0.2421875,-0.11032449,-2.5328697,2.4529787
VisualCogA_Task-1.mat,A,Task-1,R,Fz,42,-0.23828125,-0.35710824,-2.7714305,2.091121
VisualCogA_Task-1.mat,A,Task-1,R,Fz,42,-0.234375,-0.53745828,-2.877416,1.7132376
VisualCogA_Task-1.mat,A,Task-1,R,Fz,42,-0.23046875,-0.63926538,-2.9118532,1.4604116
VisualCogA_Task-1.mat,A,Task-1,R,Fz,42,-0.2265625,-0.68173533,-2.9126674,1.3200444
VisualCogA_Task-1.mat,A,Task-1,R,Fz,42,-0.22265625,-0.68195844,-2.759735,1.2523186
VisualCogA_Task-1.mat,A,Task-1,R,Fz,42,-0.21875,-0.64731025,-2.5876918,1.2791722
VisualCogA_Task-1.mat,A,Task-1,R,Fz,42,-0.21484375,-0.57979983,-2.5746754,1.3300889
VisualCogA_Task-1.mat,A,Task-1,R,Fz,42,-0.2109375,-0.49533486,-2.5070504,1.4801496
VisualCogA_Task-1.mat,A,Task-1,R,Fz,42,-0.20703125,-0.39221926,-2.4847381,1.7602104
VisualCogA_Task-1.mat,A,Task-1,R,Fz,42,-0.203125,-0.2619403,-2.3821722,1.90228
VisualCogA_Task-1.mat,A,Task-1,R,Fz,42,-0.19921875,-0.10911848,-2.2575125,2.0070862
VisualCogA_Task-1.mat,A,Task-1,R,Fz,42,-0.1953125,0.067986224,-2.0592989,2.2165339
VisualCogA_Task-1.mat,A,Task-1,R,Fz,42,-0.19140625,0.2424542,-1.900867,2.3931313
VisualCogA_Task-1.mat,A,Task-1,R,Fz,42,-0.1875,0.39234307,-1.7048349,2.5210921
VisualCogA_Task-1.mat,A,Task-1,R,Fz,42,-0.18359375,0.52897825,-1.4253809,2.6677654
VisualCogA_Task-1.mat,A,Task-1,R,Fz,42,-0.1796875,0.62417503,-1.2597887,2.7040103
VisualCogA_Task-1.mat,A,Task-1,R,Fz,42,-0.17578125,0.70797534,-1.0436972,2.654802
VisualCogA_Task-1.mat,A,Task-1,R,Fz,42,-0.171875,0.7959715,-0.82478556,2.6191153
VisualCogA_Task-1.mat,A,Task-1,R,Fz,42,-0.16796875,0.90372635,-0.61418832,2.5627113
VisualCogA_Task-1.mat,A,Task-1,R,Fz,42,-0.1640625,1.0163632,-0.37522056,2.5312698
VisualCogA_Task-1.mat,A,Task-1,R,Fz,42,-0.16015625,1.0988465,-0.40088232,2.6347275
VisualCogA_Task-1.mat,A,Task-1,R,Fz,42,-0.15625,1.1255962,-0.37002836,2.6396905
VisualCogA_Task-1.mat,A,Task-1,R,Fz,42,-0.15234375,1.0882466,-0.49058644,2.7386027
VisualCogA_Task-1.mat,A,Task-1,R,Fz,42,-0.1484375,0.99951796,-0.59007195,2.7040186
VisualCogA_Task-1.mat,A,Task-1,R,Fz,42,-0.14453125,0.88060281,-0.73699596,2.5675282
VisualCogA_Task-1.mat,A,Task-1,R,Fz,42,-0.140625,0.739363,-0.89102219,2.4479806
VisualCogA_Task-1.mat,A,Task-1,R,Fz,42,-0.13671875,0.61959454,-0.94141196,2.3519268
VisualCogA_Task-1.mat,A,Task-1,R,Fz,42,-0.1328125,0.51509553,-1.0429312,2.268326
VisualCogA_Task-1.mat,A,Task-1,R,Fz,42,-0.12890625,0.43191439,-1.033783,2.142863
VisualCogA_Task-1.mat,A,Task-1,R,Fz,42,-0.125,0.35079474,-1.0440433,2.0036452
VisualCogA_Task-1.mat,A,Task-1,R,Fz,42,-0.12109375,0.26486631,-1.0448404,1.8526922
VisualCogA_Task-1.mat,A,Task-1,R,Fz,42,-0.1171875,0.16026414,-1.1317218,1.6671149
VisualCogA_Task-1.mat,A,Task-1,R,Fz,42,-0.11328125,0.029773287,-1.1836944,1.5261823
VisualCogA_Task-1.mat,A,Task-1,R,Fz,42,-0.109375,-0.11702557,-1.2369281,1.3161658
VisualCogA_Task-1.mat,A,Task-1,R,Fz,42,-0.10546875,-0.27700014,-1.3618946,1.1267607
VisualCogA_Task-1.mat,A,Task-1,R,Fz,42,-0.1015625,-0.43063983,-1.5593575,0.9609456
VisualCogA_Task-1.mat,A,Task-1,R,Fz,42,-0.09765625,-0.55279462,-1.8222725,0.98172681
VisualCogA_Task-1.mat,A,Task-1,R,Fz,42,-0.09375,-0.64257645,-2.0701737,0.92506206
VisualCogA_Task-1.mat,A,Task-1,R,Fz,42,-0.08984375,-0.68895991,-2.2815756,0.86716376
VisualCogA_Task-1.mat,A,Task-1,R,Fz,42,-0.0859375,-0.70448638,-2.3904609,0.93357591
VisualCogA_Task-1.mat,A,Task-1,R,Fz,42,-0.08203125,-0.7083358,-2.3660546,0.91465998
VisualCogA_Task-1.mat,A,Task-1,R,Fz,42,-0.078125,-0.6946933,-2.3459399,0.963313
VisualCogA_Task-1.mat,A,Task-1,R,Fz,42,-0.07421875,-0.68822244,-2.4147093,0.96415372
VisualCogA_Task-1.mat,A,Task-1,R,Fz,42,-0.0703125,-0.6870975,-2.4305453,0.9758215
VisualCogA_Task-1.mat,A,Task-1,R,Fz,42,-0.06640625,-0.69208375,-2.439734,0.9346174
VisualCogA_Task-1.mat,A,Task-1,R,Fz,42,-0.0625,-0.70825261,-2.4208265,0.87857326
VisualCogA_Task-1.mat,A,Task-1,R,Fz,42,-0.05859375,-0.71625921,-2.4067372,0.73997963
VisualCogA_Task-1.mat,A,Task-1,R,Fz,42,-0.0546875,-0.72467056,-2.3751242,0.62664079
VisualCogA_Task-1.mat,A,Task-1,R,Fz,42,-0.05078125,-0.7425145,-2.3618854,0.58763048
VisualCogA_Task-1.mat,A,Task-1,R,Fz,42,-0.046875,-0.78257258,-2.2962751,0.54637995
VisualCogA_Task-1.mat,A,Task-1,R,Fz,42,-0.04296875,-0.84089153,-2.3812595,0.49923306
VisualCogA_Task-1.mat,A,Task-1,R,Fz,42,-0.0390625,-0.91272801,-2.4213363,0.49236489
VisualCogA_Task-1.mat,A,Task-1,R,Fz,42,-0.03515625,-0.99249734,-2.4669493,0.45365117
VisualCogA_Task-1.mat,A,Task-1,R,Fz,42,-0.03125,-1.076842,-2.5931811,0.3661497
VisualCogA_Task-1.mat,A,Task-1,R,Fz,42,-0.02734375,-1.1588931,-2.6992761,0.30697036
VisualCogA_Task-1.mat,A,Task-1,R,Fz,42,-0.0234375,-1.2196566,-2.8469328,0.31249717
VisualCogA_Task-1.mat,A,Task-1,R,Fz,42,-0.01953125,-1.2574026,-2.9523596,0.33066906
VisualCogA_Task-1.mat,A,Task-1,R,Fz,42,-0.015625,-1.3061404,-3.1523532,0.34687524
VisualCogA_Task-1.mat,A,Task-1,R,Fz,42,-0.01171875,-1.3625749,-3.3261854,0.34750796
VisualCogA_Task-1.mat,A,Task-1,R,Fz,42,-0.0078125,-1.4255961,-3.5332252,0.35727675
VisualCogA_Task-1.mat,A,Task-1,R,Fz,42,-0.00390625,-1.4758726,-3.6888602,0.44022103
VisualCogA_Task-1.mat,A,Task-1,R,Fz,42,0,-1.5315772,-3.8611171,0.5930526
VisualCogA_Task-1.mat,A,Task-1,R,Fz,42,0.00390625,-1.5926577,-3.9913897,0.76669373
VisualCogA_Task-1.mat,A,Task-1,R,Fz,42,0.0078125,-1.6599396,-4.1775566,0.99191156
VisualCogA_Task-1.mat,A,Task-1,R,Fz,42,0.01171875,-1.726128,-4.4489415,1.1176524
VisualCogA_Task-1.mat,A,Task-1,R,Fz,42,0.015625,-1.7805788,-4.5995433,1.1191619
VisualCogA_Task-1.mat,A,Task-1,R,Fz,42,0.01953125,-1.82405,-4.6909662,1.1550017
VisualCogA_Task-1.mat,A,Task-1,R,Fz,42,0.0234375,-1.8827513,-4.7348059,1.22863
VisualCogA_Task-1.mat,A,Task-1,R,Fz,42,0.02734375,-1.968355,-4.7840714,1.2179367
VisualCogA_Task-1.mat,A,Task-1,R,Fz,42,0.03125,-2.0682314,-4.9551658,1.0385254
VisualCogA_Task-1.mat,A,Task-1,R,Fz,42,0.03515625,-2.1574082,-4.8735826,0.80604791
VisualCogA_Task-1.mat,A,Task-1,R,Fz,42,0.0390625,-2.2089422,-4.8645925,0.66513049
VisualCogA_Task-1.mat,A,Task-1,R,Fz,42,0.04296875,-2.2223426,-4.8743646,0.55637633
VisualCogA_Task-1.mat,A,Task-1,R,Fz,42,0.046875,-2.1951781,-4.7898589,0.50824735
VisualCogA_Task-1.mat,A,Task-1,R,Fz,42,0.05078125,-2.1319284,-4.6978434,0.51351121
VisualCogA_Task-1.mat,A,Task-1,R,Fz,42,0.0546875,-2.0467175,-4.60857,0.52778644
VisualCogA_Task-1.mat,A,Task-1,R,Fz,42,0.05859375,-1.9668323,-4.4176089,0.47988078
VisualCogA_Task-1.mat,A,Task-1,R,Fz,42,0.0625,-1.9070696,-4.2853793,0.39626077
VisualCogA_Task-1.mat,A,Task-1,R,Fz,42,0.06640625,-1.8658416,-4.151038,0.49111782
VisualCogA_Task-1.mat,A,Task-1,R,Fz,42,0.0703125,-1.8529543,-4.0729648,0.55018723
VisualCogA_Task-1.mat,A,Task-1,R,Fz,42,0.07421875,-1.8684849,-4.0655563,0.45711018
VisualCogA_Task-1.mat,A,Task-1,R,Fz,42,0.078125,-1.9141366,-4.1053783,0.31574371
VisualCogA_Task-1.mat,A,Task-1,R,Fz,42,0.08203125,-2.0112981,-4.1827084,0.11836086
VisualCogA_Task-1.mat,A,Task-1,R,Fz,42,0.0859375,-2.1406588,-4.2929016,-0.0036130868
VisualCogA_Task-1.mat,A,Task-1,R,Fz,42,0.08984375,-2.2677711,-4.4276987,-0.043719055
VisualCogA_Task-1.mat,A,Task-1,R,Fz,42,0.09375,-2.4018916,-4.7069421,-0.11253314
VisualCogA_Task-1.mat,A,Task-1,R,Fz,42,0.09765625,-2.5347474,-5.0390526,-0.2773325
VisualCogA_Task-1.mat,A,Task-1,R,Fz,42,0.1015625,-2.7088651,-5.4047254,-0.40104949
VisualCogA_Task-1.mat,A,Task-1,R,Fz,42,0.10546875,-2.88025,-5.7608386,-0.47901806
VisualCogA_Task-1.mat,A,Task-1,R,Fz,42,0.109375,-3.0596592,-5.9439712,-0.57760572
VisualCogA_Task-1.mat,A,Task-1,R,Fz,42,0.11328125,-3.2542623,-6.2499142,-0.61948877
VisualCogA_Task-1.mat,A,Task-1,R,Fz,42,0.1171875,-3.4846674,-6.54408,-0.71599292
VisualCogA_Task-1.mat,A,Task-1,R,Fz,42,0.12109375,-3.7345379,-6.9835559,-0.70744543
VisualCogA_Task-1.mat,A,Task-1,R,Fz,42,0.125,-3.9901551,-7.4253907,-0.88091847
VisualCogA_Task-1.mat,A,Task-1,R,Fz,42,0.12890625,-4.2252178,-7.6937726,-1.0156602
VisualCogA_Task-1.mat,A,Task-1,R,Fz,42,0.1328125,-4.4304182,-7.8980346,-1.1093076
VisualCogA_Task-1.mat,A,Task-1,R,Fz,42,0.13671875,-4.5756423,-8.104617,-1.1930568
VisualCogA_Task-1.mat,A,Task-1,R,Fz,42,0.140625,-4.6615,-8.2635302,-1.2276056
VisualCogA_Task-1.mat,A,Task-1,R,Fz,42,0.14453125,-4.669439,-8.2317053,-1.1983238
VisualCogA_Task-1.mat,A,Task-1,R,Fz,42,0.1484375,-4.5703553,-8.1029741,-1.1878404
VisualCogA_Task-1.mat,A,Task-1,R,Fz,42,0.15234375,-4.3559948,-7.8646154,-1.0800148
VisualCogA_Task-1.mat,A,Task-1,R,Fz,42,0.15625,-4.0501606,-7.507672,-0.85580688
VisualCogA_Task-1.mat,A,Task-1,R,Fz,42,0.16015625,-3.7060963,-7.1318074,-0.57884172
VisualCogA_Task-1.mat,A,Task-1,R,Fz,42,0.1640625,-3.359558,-6.7181111,-0.26956318
VisualCogA_Task-1.mat,A,Task-1,R,Fz,42,0.16796875,-3.0258538,-6.3135874,0.033758473
VisualCogA_Task-1.mat,A,Task-1,R,Fz,42,0.171875,-2.7318898,-6.0732308,0.22153511
VisualCogA_Task-1.mat,A,Task-1,R,Fz,42,0.17578125,-2.4967854,-5.687631,0.4308783
VisualCogA_Task-1.mat,A,Task-1,R,Fz,42,0.1796875,-2.3065062,-5.3761764,0.535688
VisualCogA_Task-1.mat,A,Task-1,R,Fz,42,0.18359375,-2.1559644,-5.1306394,0.5411998
VisualCogA_Task-1.mat,A,Task-1,R,Fz,42,0.1875,-2.0264095,-4.9851127,0.61450535
VisualCogA_Task-1.mat,A,Task-1,R,Fz,42,0.19140625,-1.9043517,-4.7718462,0.82069228
VisualCogA_Task-1.mat,A,Task-1,R,Fz,42,0.1953125,-1.7996199,-4.6956272,1.0397287
VisualCogA_Task-1.mat,A,Task-1,R,Fz,42,0.19921875,-1.7430354,-4.6563844,1.0666306
VisualCogA_Task-1.mat,A,Task-1,R,Fz,42,0.203125,-1.7326867,-4.6154675,1.0814887
VisualCogA_Task-1.mat,A,Task-1,R,Fz,42,0.20703125,-1.7834313,-4.6443747,0.97442974
VisualCogA_Task-1.mat,A,Task-1,R,Fz,42,0.2109375,-1.911245,-4.6786451,0.81942908
VisualCogA_Task-1.mat,A,Task-1,R,Fz,42,0.21484375,-2.0775021,-4.8755495,0.56385867
VisualCogA_Task-1.mat,A,Task-1,R,Fz,42,0.21875,-2.2780262,-5.0388956,0.35274907
VisualCogA_Task-1.mat,A,Task-1,R,Fz,42,0.22265625,-2.4695794,-5.1093678,0.18633846
VisualCogA_Task-1.mat,A,Task-1,R,Fz,42,0.2265625,-2.6464193,-5.2279806,0.0073856944
VisualCogA_Task-1.mat,A,Task-1,R,Fz,42,0.23046875,-2.7946377,-5.3912297,-0.023896166
VisualCogA_Task-1.mat,A,Task-1,R,Fz,42,0.234375,-2.9096782,-5.4849718,-0.050860623
VisualCogA_Task-1.mat,A,Task-1,R,Fz,42,0.23828125,-2.9784317,-5.6056681,-0.10063482
VisualCogA_Task-1.mat,A,Task-1,R,Fz,42,0.2421875,-2.9908628,-5.7732196,-0.12608846
VisualCogA_Task-1.mat,A,Task-1,R,Fz,42,0.24609375,-2.9501511,-5.7677355,0.0095132954
VisualCogA_Task-1.mat,A,Task-1,R,Fz,42,0.25,-2.8429176,-5.7385432,0.10535554
VisualCogA_Task-1.mat,A,Task-1,R,Fz,42,0.25390625,-2.6784093,-5.7807941,0.25810253
VisualCogA_Task-1.mat,A,Task-1,R,Fz,42,0.2578125,-2.4503544,-5.6386804,0.52993512
VisualCogA_Task-1.mat,A,Task-1,R,Fz,42,0.26171875,-2.1411411,-5.4796682,0.91130773
VisualCogA_Task-1.mat,A,Task-1,R,Fz,42,0.265625,-1.7552275,-5.1459933,1.2771718
VisualCogA_Task-1.mat,A,Task-1,R,Fz,42,0.26953125,-1.3091908,-4.744483,1.7371363
VisualCogA_Task-1.mat,A,Task-1,R,Fz,42,0.2734375,-0.82803036,-4.3509678,2.368377
VisualCogA_Task-1.mat,A,Task-1,R,Fz,42,0.27734375,-0.34422313,-3.8691147,2.9982615
VisualCogA_Task-1.mat,A,Task-1,R,Fz,42,0.28125,0.13457862,-3.3442911,3.5984533
VisualCogA_Task-1.mat,A,Task-1,R,Fz,42,0.28515625,0.59722171,-2.8534518,4.2518417
VisualCogA_Task-1.mat,A,Task-1,R,Fz,42,0.2890625,1.035387,-2.4779067,4.8207239
VisualCogA_Task-1.mat,A,Task-1,R,Fz,42,0.29296875,1.462379,-2.0128006,5.2611924
VisualCogA_Task-1.mat,A,Task-1,R,Fz,42,0.296875,1.9209824,-1.5539555,5.7694067
VisualCogA_Task-1.mat,A,Task-1,R,Fz,42,0.30078125,2.385527,-0.98158839,6.2444787
VisualCogA_Task-1.mat,A,Task-1,R,Fz,42,0.3046875,2.8711267,-0.47328861,6.6380862
VisualCogA_Task-1.mat,A,Task-1,R,Fz,42,0.30859375,3.3512326,0.00075358599,7.0492701
VisualCogA_Task-1.mat,A,Task-1,R,Fz,42,0.3125,3.7918818,0.53774229,7.6095517
VisualCogA_Task-1.mat,A,Task-1,R,Fz,42,0.31640625,4.1723988,1.012179,7.9180817
VisualCogA_Task-1.mat,A,Task-1,R,Fz,42,0.3203125,4.4817716,1.3150434,8.2788668
VisualCogA_Task-1.mat,A,Task-1,R,Fz,42,0.32421875,4.7446221,1.6774131,8.3363936
VisualCogA_Task-1.mat,A,Task-1,R,Fz,42,0.328125,4.9816684,1.9372552,8.4727249
VisualCogA_Task-1.mat,A,Task-1,R,Fz,42,0.33203125,5.2217031,2.1856476,8.7016439
VisualCogA_Task-1.mat,A,Task-1,R,Fz,42,0.3359375,5.468827,2.4137205,8.939247
VisualCogA_Task-1.mat,A,Task-1,R,Fz,42,0.33984375,5.6978368,2.6549047,9.093845
VisualCogA_Task-1.mat,A,Task-1,R,Fz,42,0.34375,5.8819448,2.7364862,9.2532787
VisualCogA_Task-1.mat,A,Task-1,R,Fz,42,0.34765625,5.9958078,2.8474009,9.4180632
VisualCogA_Task-1.mat,A,Task-1,R,Fz,42,0.3515625,6.0352202,2.8128174,9.3811922
VisualCogA_Task-1.mat,A,Task-1,R,Fz,42,0.35546875,5.9955331,2.7019373,9.3401333
VisualCogA_Task-1.mat,A,Task-1,R,Fz,42,0.359375,5.874598,2.608223,9.1779484
VisualCogA_Task-1.mat,A,Task-1,R,Fz,42,0.36328125,5.6916907,2.3832398,9.0313445
VisualCogA_Task-1.mat,A,Task-1,R,Fz,42,0.3671875,5.4722625,2.0972755,8.7589602
VisualCogA_Task-1.mat,A,Task-1,R,Fz,42,0.37109375,5.2199677,1.7796312,8.4614321
VisualCogA_Task-1.mat,A,Task-1,R,Fz,42,0.375,4.9903276,1.4610548,8.2934067
VisualCogA_Task-1.mat,A,Task-1,R,Fz,42,0.37890625,4.7287732,0.95659208,7.9072478
VisualCogA_Task-1.mat,A,Task-1,R,Fz,42,0.3828125,4.4384201,0.3443298,7.6567045
VisualCogA_Task-1.mat,A,Task-1,R,Fz,42,0.38671875,4.1226938,-0.20754858,7.2052815
VisualCogA_Task-1.mat,A,Task-1,R,Fz,42,0.390625,3.7543344,-0.64177576,6.8086062
VisualCogA_Task-1.mat,A,Task-1,R,Fz,42,0.39453125,3.3095623,-1.0758606,6.3729593
VisualCogA_Task-1.mat,A,Task-1,R,Fz,42,0.3984375,2.7867882,-1.7232683,5.9152345
VisualCogA_Task-1.mat,A,Task-1,R,Fz,42,0.40234375,2.2052664,-2.3006102,5.5492152
VisualCogA_Task-1.mat,A,Task-1,R,Fz,42,0.40625,1.6009275,-2.7187005,5.1229021
VisualCogA_Task-1.mat,A,Task-1,R,Fz,42,0.41015625,1.0166641,-3.3609666,4.6560737
VisualCogA_Task-1.mat,A,Task-1,R,Fz,42,0.4140625,0.47910349,-3.9366277,4.1685759
VisualCogA_Task-1.mat,A,Task-1,R,Fz,42,0.41796875,-0.0089674816,-4.3865877,3.7414942
VisualCogA_Task-1.mat,A,Task-1,R,Fz,42,0.421875,-0.413134,-4.6994645,3.3043433
VisualCogA_Task-1.mat,A,Task-1,R,Fz,42,0.42578125,-0.74330948,-4.9106901,2.9801463
VisualCogA_Task-1.mat,A,Task-1,R,Fz,42,0.4296875,-1.0039583,-5.0844626,2.6930601
VisualCogA_Task-1.mat,A,Task-1,R,Fz,42,0.43359375,-1.2057399,-5.2466484,2.5144994
VisualCogA_Task-1.mat,A,Task-1,R,Fz,42,0.4375,-1.3732222,-5.456854,2.2372665
VisualCogA_Task-1.mat,A,Task-1,R,Fz,42,0.44140625,-1.5242562,-5.7252645,1.7769227
VisualCogA_Task-1.mat,A,Task-1,R,Fz,42,0.4453125,-1.6744831,-5.7348489,1.4920451
VisualCogA_Task-1.mat,A,Task-1,R,Fz,42,0.44921875,-1.8303073,-5.8514159,1.2668255
VisualCogA_Task-1.mat,A,Task-1,R,Fz,42,0.453125,-1.9871706,-5.9966493,1.1155154
VisualCogA_Task-1.mat,A,Task-1,R,Fz,42,0.45703125,-2.1387977,-6.1628936,1.0309536
VisualCogA_Task-1.mat,A,Task-1,R,Fz,42,0.4609375,-2.2663147,-6.2349615,0.91265549
VisualCogA_Task-1.mat,A,Task-1,R,Fz,42,0.46484375,-2.3676406,-6.3881559,0.93288914
VisualCogA_Task-1.mat,A,Task-1,R,Fz,42,0.46875,-2.4425031,-6.5358269,1.0315094
VisualCogA_Task-1.mat,A,Task-1,R,Fz,42,0.47265625,-2.4978489,-6.5319409,1.0457931
VisualCogA_Task-1.mat,A,Task-1,R,Fz,42,0.4765625,-2.5449528,-6.5474327,1.009964
VisualCogA_Task-1.mat,A,Task-1,R,Fz,42,0.48046875,-2.5822745,-6.6353823,0.91698503
VisualCogA_Task-1.mat,A,Task-1,R,Fz,42,0.484375,-2.6166025,-6.6878144,0.84776321
VisualCogA_Task-1.mat,A,Task-1,R,Fz,42,0.48828125,-2.6436819,-6.6645967,0.84600128
VisualCogA_Task-1.mat,A,Task-1,R,Fz,42,0.4921875,-2.6521414,-6.5946875,0.81286948
VisualCogA_Task-1.mat,A,Task-1,R,Fz,42,0.49609375,-2.6700018,-6.5044841,0.75981033
VisualCogA_Task-1.mat,A,Task-1,R,Fz,42,0.5,-2.6604008,-6.4355518,0.69945382
VisualCogA_Task-1.mat,A,Task-1,R,Fz,42,0.50390625,-2.638373,-6.5500942,0.69172062
VisualCogA_Task-1.mat,A,Task-1,R,Fz,42,0.5078125,-2.6359059,-6.6452309,0.73127256
VisualCogA_Task-1.mat,A,Task-1,R,Fz,42,0.51171875,-2.6595268,-6.709057,0.79262535
VisualCogA_Task-1.mat,A,Task-1,R,Fz,42,0.515625,-2.700157,-6.6278993,0.54595715
VisualCogA_Task-1.mat,A,Task-1,R,Fz,42,0.51953125,-2.7305643,-6.5493173,0.40189659
VisualCogA_Task-1.mat,A,Task-1,R,Fz,42,0.5234375,-2.7299314,-6.4360605,0.28191203
VisualCogA_Task-1.mat,A,Task-1,R,Fz,42,0.52734375,-2.6822456,-6.3824067,0.30355987
VisualCogA_Task-1.mat,A,Task-1,R,Fz,42,0.53125,-2.5774473,-6.1302994,0.32631033
VisualCogA_Task-1.mat,A,Task-1,R,Fz,42,0.53515625,-2.4234025,-5.9624743,0.39220874
VisualCogA_Task-1.mat,A,Task-1,R,Fz,42,0.5390625,-2.2411866,-5.7152472,0.49774945
VisualCogA_Task-1.mat,A,Task-1,R,Fz,42,0.54296875,-2.0651981,-5.4157168,0.70951591
VisualCogA_Task-1.mat,A,Task-1,R,Fz,42,0.546875,-1.8900021,-5.1687651,0.75129186
VisualCogA_Task-1.mat,A,Task-1,R,Fz,42,0.55078125,-1.7438412,-4.9188267,0.8161311
VisualCogA_Task-1.mat,A,Task-1,R,Fz,42,0.5546875,-1.637196,-4.7093105,0.92579897
VisualCogA_Task-1.mat,A,Task-1,R,Fz,42,0.55859375,-1.5719155,-4.5286684,0.86480597
VisualCogA_Task-1.mat,A,Task-1,R,Fz,42,0.5625,-1.5429736,-4.4216749,0.87150832
VisualCogA_Task-1.mat,A,Task-1,R,Fz,42,0.56640625,-1.5430502,-4.3140427,0.77665345
VisualCogA_Task-1.mat,A,Task-1,R,Fz,42,0.5703125,-1.5524187,-4.2964111,0.7405091
VisualCogA_Task-1.mat,A,Task-1,R,Fz,42,0.57421875,-1.5655554,-4.2430992,0.79669345
VisualCogA_Task-1.mat,A,Task-1,R,Fz,42,0.578125,-1.6146364,-4.2793333,0.76265062
VisualCogA_Task-1.mat,A,Task-1,R,Fz,42,0.58203125,-1.7148117,-4.442389,0.64502919
VisualCogA_Task-1.mat,A,Task-1,R,Fz,42,0.5859375,-1.8683096,-4.6440253,0.37773754
VisualCogA_Task-1.mat,A,Task-1,R,Fz,42,0.58984375,-2.076324,-4.8040811,0.10424097
VisualCogA_Task-1.mat,A,Task-1,R,Fz,42,0.59375,-2.3458744,-5.0144391,-0.19192602
VisualCogA_Task-1.mat,A,Task-1,R,Fz,42,0.59765625,-2.6423792,-5.2689802,-0.4227995
VisualCogA_Task-1.mat,A,Task-1,R,Fz,42,0.6015625,-2.9389183,-5.5666021,-0.50988365
VisualCogA_Task-1.mat,A,Task-1,R,Fz,42,0.60546875,-3.2038691,-5.985826,-0.76903385
VisualCogA_Task-1.mat,A,Task-1,R,Fz,42,0.609375,-3.4187634,-6.3379416,-0.79957715
VisualCogA_Task-1.mat,A,Task-1,R,Fz,42,0.61328125,-3.5857391,-6.6038979,-0.84781167
VisualCogA_Task-1.mat,A,Task-1,R,Fz,42,0.6171875,-3.7267201,-6.902602,-0.90626188
VisualCogA_Task-1.mat,A,Task-1,R,Fz,42,0.62109375,-3.8817219,-7.1817684,-1.077621
VisualCogA_Task-1.mat,A,Task-1,R,Fz,42,0.625,-4.0658901,-7.5013225,-1.2539617
VisualCogA_Task-1.mat,A,Task-1,R,Fz,42,0.62890625,-4.2594178,-7.830402,-1.5238763
VisualCogA_Task-1.mat,A,Task-1,R,Fz,42,0.6328125,-4.4188875,-8.1271533,-1.5240369
VisualCogA_Task-1.mat,A,Task-1,R,Fz,42,0.63671875,-4.5137217,-8.2635584,-1.6549073
VisualCogA_Task-1.mat,A,Task-1,R,Fz,42,0.640625,-4.5282924,-8.2113923,-1.6056277
VisualCogA_Task-1.mat,A,Task-1,R,Fz,42,0.64453125,-4.4632206,-8.2205784,-1.3196094
VisualCogA_Task-1.mat,A,Task-1,R,Fz,42,0.6484375,-4.327414,-7.9086593,-1.1526661
VisualCogA_Task-1.mat,A,Task-1,R,Fz,42,0.65234375,-4.1324588,-7.6134303,-0.97716976
VisualCogA_Task-1.mat,A,Task-1,R,Fz,42,0.65625,-3.8732034,-7.2173827,-0.7903107
VisualCogA_Task-1.mat,A,Task-1,R,Fz,42,0.66015625,-3.568117,-6.9230395,-0.40154189
VisualCogA_Task-1.mat,A,Task-1,R,Fz,42,0.6640625,-3.2097815,-6.574157,-0.041350063
VisualCogA_Task-1.mat,A,Task-1,R,Fz,42,0.66796875,-2.8314465,-6.1627344,0.55120945
VisualCogA_Task-1.mat,A,Task-1,R,Fz,42,0.671875,-2.4308017,-5.8688234,1.1263268
VisualCogA_Task-1.mat,A,Task-1,R,Fz,42,0.67578125,-2.054425,-5.3999881,1.484678
VisualCogA_Task-1.mat,A,Task-1,R,Fz,42,0.6796875,-1.728185,-4.9762352,1.8367792
VisualCogA_Task-1.mat,A,Task-1,R,Fz,42,0.68359375,-1.4479645,-4.9435384,1.9655198
VisualCogA_Task-1.mat,A,Task-1,R,Fz,42,0.6875,-1.2121615,-4.8222758,1.994182
VisualCogA_Task-1.mat,A,Task-1,R,Fz,42,0.69140625,-0.97600559,-4.7233983,2.2911354
VisualCogA_Task-1.mat,A,Task-1,R,Fz,42,0.6953125,-0.80737953,-4.6280306,2.6876489
VisualCogA_Task-1.mat,A,Task-1,R,Fz,42,0.69921875,-0.6251955,-4.6556847,3.1352261
VisualCogA_Task-1.mat,A,Task-1,R,Fz,42,0.703125,-0.4135635,-4.5803066,3.7594958
VisualCogA_Task-1.mat,A,Task-1,R,Fz,42,0.70703125,-0.090401974,-4.4272347,4.5414903
VisualCogA_Task-1.mat,A,Task-1,R,Fz,42,0.7109375,0.26667898,-4.2945427,5.4363214
VisualCogA_Task-1.mat,A,Task-1,R,Fz,42,0.71484375,0.62610957,-3.9676418,6.3028403
VisualCogA_Task-1.mat,A,Task-1,R,Fz,42,0.71875,1.0621659,-3.6654025,7.2422668
VisualCogA_Task-1.mat,A,Task-1,R,Fz,42,0.72265625,1.5691249,-3.2068376,8.3168359
VisualCogA_Task-1.mat,A,Task-1,R,Fz,42,0.7265625,2.0681474,-2.9607486,9.2246983
VisualCogA_Task-1.mat,A,Task-1,R,Fz,42,0.73046875,2.631267,-2.6794284,10.721936
VisualCogA_Task-1.mat,A,Task-1,R,Fz,42,0.734375,3.1945531,-2.398016,12.576566
VisualCogA_Task-1.mat,A,Task-1,R,Fz,42,0.73828125,3.7497154,-2.0526415,13.720077
VisualCogA_Task-1.mat,A,Task-1,R,Fz,42,0.7421875,4.3934521,-1.7137196,14.929675
VisualCogA_Task-1.mat,A,Task-1,R,Fz,42,0.74609375,5.1427434,-1.3133041,16.258887
VisualCogA_Task-1.mat,A,Task-1,R,Fz,42,0.75,5.945136,-0.76654457,17.464861
VisualCogA_Task-1.mat,A,Task-1,R,Fz,42,0.75390625,6.7988838,-0.21209221,18.814677
VisualCogA_Task-1.mat,A,Task-1,R,Fz,42,0.7578125,7.7665802,0.36612265,20.627716
VisualCogA_Task-1.mat,A,Task-1,R,Fz,42,0.76171875,8.8427272,0.76499477,22.446279
VisualCogA_Task-1.mat,A,Task-1,R,Fz,42,0.765625,9.9119691,1.2548636,24.093532
VisualCogA_Task-1.mat,A,Task-1,R,Fz,42,0.76953125,11.018437,2.2389111,25.073085
VisualCogA_Task-1.mat,A,Task-1,R,Fz,42,0.7734375,12.15855,2.8336214,26.733532
VisualCogA_Task-1.mat,A,Task-1,R,Fz,42,0.77734375,13.333789,3.4989341,28.562713
VisualCogA_Task-1.mat,A,Task-1,R,Fz,42,0.78125,14.419206,4.2807466,29.682279
VisualCogA_Task-1.mat,A,Task-1,R,Fz,42,0.78515625,15.454991,4.8280229,31.03027
VisualCogA_Task-1.mat,A,Task-1,R,Fz,42,0.7890625,16.417555,5.5771474,31.894899
VisualCogA_Task-1.mat,A,Task-1,R,Fz,42,0.79296875,17.236626,5.6595044,32.303629
VisualCogA_Task-1.mat,A,Task-1,R,Fz,42,0.796875,17.939322,6.0706035,32.713612
VisualCogA_Task-1.mat,A,Task-1,R,Fz,42,0.80078125,18.507765,6.3371273,32.85125
VisualCogA_Task-1.mat,A,Task-1,R,Fz,42,0.8046875,18.959196,6.6531954,32.884873
VisualCogA_Task-1.mat,A,Task-1,R,Fz,42,0.80859375,19.330658,6.8793386,32.766732
VisualCogA_Task-1.mat,A,Task-1,R,Fz,42,0.8125,19.575103,7.2598422,32.800355
VisualCogA_Task-1.mat,A,Task-1,R,Fz,42,0.81640625,19.750388,7.4249388,32.611949
VisualCogA_Task-1.mat,A,Task-1,R,Fz,42,0.8203125,19.80783,7.5774851,32.234944
VisualCogA_Task-1.mat,A,Task-1,R,Fz,42,0.82421875,19.753955,7.7454374,31.955518
VisualCogA_Task-1.mat,A,Task-1,R,Fz,42,0.828125,19.499007,7.9641831,31.581492
VisualCogA_Task-1.mat,A,Task-1,R,Fz,42,0.83203125,19.082799,7.9677823,30.831606
VisualCogA_Task-1.mat,A,Task-1,R,Fz,42,0.8359375,18.598,7.8267225,29.77632
VisualCogA_Task-1.mat,A,Task-1,R,Fz,42,0.83984375,17.987273,7.6602374,28.989713
VisualCogA_Task-1.mat,A,Task-1,R,Fz,42,0.84375,17.253615,7.6430472,27.704364
VisualCogA_Task-1.mat,A,Task-1,R,Fz,42,0.84765625,16.463458,7.491579,26.348851
VisualCogA_Task-1.mat,A,Task-1,R,Fz,42,0.8515625,15.535287,7.0314051,24.942039
VisualCogA_Task-1.mat,A,Task-1,R,Fz,42,0.85546875,14.57406,6.4794929,23.725235
VisualCogA_Task-1.mat,A,Task-1,R,Fz,42,0.859375,13.621208,5.7212736,22.297576
VisualCogA_Task-1.mat,A,Task-1,R,Fz,42,0.86328125,12.646319,5.0552022,20.76682
VisualCogA_Task-1.mat,A,Task-1,R,Fz,42,0.8671875,11.666595,4.6486754,19.467981
VisualCogA_Task-1.mat,A,Task-1,R,Fz,42,0.87109375,10.762236,4.2755176,18.375438
VisualCogA_Task-1.mat,A,Task-1,R,Fz,42,0.875,9.9895114,3.8882717,17.479714
VisualCogA_Task-1.mat,A,Task-1,R,Fz,42,0.87890625,9.2967939,3.4738586,16.58116
VisualCogA_Task-1.mat,A,Task-1,R,Fz,42,0.8828125,8.6545325,2.9494671,15.958281
VisualCogA_Task-1.mat,A,Task-1,R,Fz,42,0.88671875,8.120006,2.5119699,15.032415
VisualCogA_Task-1.mat,A,Task-1,R,Fz,42,0.890625,7.6502808,2.2284179,14.227773
VisualCogA_Task-1.mat,A,Task-1,R,Fz,42,0.89453125,7.2177535,1.9653951,13.420291
VisualCogA_Task-1.mat,A,Task-1,R,Fz,42,0.8984375,6.7496103,1.7715231,12.75698
VisualCogA_Task-1.mat,A,Task-1,R,Fz,42,0.90234375,6.3266529,1.5620996,12.080271
VisualCogA_Task-1.mat,A,Task-1,R,Fz,42,0.90625,5.88762,1.2540886,11.754882
VisualCogA_Task-1.mat,A,Task-1,R,Fz,42,0.91015625,5.4437888,0.85810717,11.51612
VisualCogA_Task-1.mat,A,Task-1,R,Fz,42,0.9140625,5.0266826,0.56077352,11.053356
VisualCogA_Task-1.mat,A,Task-1,R,Fz,42,0.91796875,4.6029245,0.28095736,10.581528
VisualCogA_Task-1.mat,A,Task-1,R,Fz,42,0.921875,4.2079999,-0.23295322,10.113055
VisualCogA_Task-1.mat,A,Task-1,R,Fz,42,0.92578125,3.8346935,-0.71991591,9.5095259
VisualCogA_Task-1.mat,A,Task-1,R,Fz,42,0.9296875,3.471457,-1.1727228,8.9982373
VisualCogA_Task-1.mat,A,Task-1,R,Fz,42,0.93359375,3.0769763,-1.6365061,8.5280554
VisualCogA_Task-1.mat,A,Task-1,R,Fz,42,0.9375,2.6586987,-1.9982291,7.8971065
VisualCogA_Task-1.mat,A,Task-1,R,Fz,42,0.94140625,2.2157292,-2.2882742,7.2602138
VisualCogA_Task-1.mat,A,Task-1,R,Fz,42,0.9453125,1.7801533,-2.7424115,6.6720556
VisualCogA_Task-1.mat,A,Task-1,R,Fz,42,0.94921875,1.3548583,-3.256911,6.1804935
VisualCogA_Task-1.mat,A,Task-1,R,Fz,42,0.953125,0.94273131,-3.6471162,5.7584614
VisualCogA_Task-1.mat,A,Task-1,R,Fz,42,0.95703125,0.54665933,-4.0622741,5.3042543
VisualCogA_Task-1.mat,A,Task-1,R,Fz,42,0.9609375,0.16952955,-4.3243735,4.9046173
VisualCogA_Task-1.mat,A,Task-1,R,Fz,42,0.96484375,-0.18577093,-4.4924635,4.4749448
VisualCogA_Task-1.mat,A,Task-1,R,Fz,42,0.96875,-0.51635499,-4.6515807,4.1749517
VisualCogA_Task-1.mat,A,Task-1,R,Fz,42,0.97265625,-0.81933551,-4.9202184,3.798268
VisualCogA_Task-1.mat,A,Task-1,R,Fz,42,0.9765625,-1.0918254,-5.2096695,3.4186924
VisualCogA_Task-1.mat,A,Task-1,R,Fz,42,0.98046875,-1.3309375,-5.3296853,3.0598685
VisualCogA_Task-1.mat,A,Task-1,R,Fz,42,0.984375,-1.5337847,-5.6498476,3.0000868
VisualCogA_Task-1.mat,A,Task-1,R,Fz,42,0.98828125,-1.6974799,-5.8963508,2.9904821
VisualCogA_Task-1.mat,A,Task-1,R,Fz,42,0.9921875,-1.819136,-6.6143458,3.54815
VisualCogA_Task-1.mat,A,Task-1,R,Fz,42,0.99609375,-1.8958658,-6.9739303,3.9878925
VisualCogA_Task-1.mat,A,Task-1,R,F3,42,-0.5,2.2267857,-3.3849587,7.5946277
VisualCogA_Task-1.mat,A,Task-1,R,F3,42,-0.49609375,2.2785334,-3.277628,7.4978097
VisualCogA_Task-1.mat,A,Task-1,R,F3,42,-0.4921875,2.3303203,-3.4164724,7.9380209
VisualCogA_Task-1.mat,A,Task-1,R,F3,42,-0.48828125,2.3813462,-3.5956105,8.0579983
VisualCogA_Task-1.mat,A,Task-1,R,F3,42,-0.484375,2.4308108,-3.6255224,8.27922
VisualCogA_Task-1.mat,A,Task-1,R,F3,42,-0.48046875,2.4779135,-3.7223128,8.514106
VisualCogA_Task-1.mat,A,Task-1,R,F3,42,-0.4765625,2.5218543,-3.9191517,8.4620101
VisualCogA_Task-1.mat,A,Task-1,R,F3,42,-0.47265625,2.5618325,-3.9515048,8.6825663
VisualCogA_Task-1.mat,A,Task-1,R,F3,42,-0.46875,2.597048,-3.9720125,8.7714935
VisualCogA_Task-1.mat,A,Task-1,R,F3,42,-0.46484375,2.6267002,-3.8605499,8.6663012
VisualCogA_Task-1.mat,A,Task-1,R,F3,42,-0.4609375,2.649989,-3.7024559,8.5256058
VisualCogA_Task-1.mat,A,Task-1,R,F3,42,-0.45703125,2.6661139,-3.5727729,8.3672785
VisualCogA_Task-1.mat,A,Task-1,R,F3,42,-0.453125,2.6742746,-3.5302285,8.1265196
VisualCogA_Task-1.mat,A,Task-1,R,F3,42,-0.44921875,2.6736707,-3.1943667,7.9375607
VisualCogA_Task-1.mat,A,Task-1,R,F3,42,-0.4453125,2.6635019,-2.9544738,7.7542213
VisualCogA_Task-1.mat,A,Task-1,R,F3,42,-0.44140625,2.6429678,-2.8069823,7.4234465
VisualCogA_Task-1.mat,A,Task-1,R,F3,42,-0.4375,2.7192611,-2.7018817,7.3890857
VisualCogA_Task-1.mat,A,Task-1,R,F3,42,-0.43359375,2.7565788,-2.4889723,7.3212298
VisualCogA_Task-1.mat,A,Task-1,R,F3,42,-0.4296875,2.7443499,-2.3933792,7.1084439
VisualCogA_Task-1.mat,A,Task-1,R,F3,42,-0.42578125,2.638474,-2.2241706,6.8261715
VisualCogA_Task-1.mat,A,Task-1,R,F3,42,-0.421875,2.4649746,-2.1042787,6.597163
VisualCogA_Task-1.mat,A,Task-1,R,F3,42,-0.41796875,2.2921817,-2.2141573,6.3832763
VisualCogA_Task-1.mat,A,Task-1,R,F3,42,-0.4140625,2.1057319,-2.3892792,6.2562302
VisualCogA_Task-1.mat,A,Task-1,R,F3,42,-0.41015625,1.9143269,-2.5488179,6.1413815
VisualCogA_Task-1.mat,A,Task-1,R,F3,42,-0.40625,1.6926105,-2.826618,5.9563284
VisualCogA_Task-1.mat,A,Task-1,R,F3,42,-0.40234375,1.4199622,-3.0403502,5.8480541
VisualCogA_Task-1.mat,A,Task-1,R,F3,42,-0.3984375,1.0989602,-3.3876496,5.7175627
VisualCogA_Task-1.mat,A,Task-1,R,F3,42,-0.39453125,0.74067435,-3.7787571,5.571539
VisualCogA_Task-1.mat,A,Task-1,R,F3,42,-0.390625,0.36339087,-4.1902976,5.4653436
VisualCogA_Task-1.mat,A,Task-1,R,F3,42,-0.38671875,0.0052008729,-4.5671432,5.2207333
VisualCogA_Task-1.mat,A,Task-1,R,F3,42,-0.3828125,-0.26961785,-4.9361719,5.0540324
VisualCogA_Task-1.mat,A,Task-1,R,F3,42,-0.37890625,-0.47239877,-5.1513811,4.8058764
VisualCogA_Task-1.mat,A,Task-1,R,F3,42,-0.375,-0.62505841,-5.3625367,4.650914
VisualCogA_Task-1.mat,A,Task-1,R,F3,42,-0.37109375,-0.73190222,-5.5025329,4.6534718
VisualCogA_Task-1.mat,A,Task-1,R,F3,42,-0.3671875,-0.79513312,-5.5249316,4.6559267
VisualCogA_Task-1.mat,A,Task-1,R,F3,42,-0.36328125,-0.83338476,-5.4769008,4.3575518
VisualCogA_Task-1.mat,A,Task-1,R,F3,42,-0.359375,-0.89246443,-5.5022683,4.1732642
VisualCogA_Task-1.mat,A,Task-1,R,F3,42,-0.35546875,-0.98406711,-5.6248379,4.1916037
VisualCogA_Task-1.mat,A,Task-1,R,F3,42,-0.3515625,-1.0837596,-5.8066062,4.2783236
VisualCogA_Task-1.mat,A,Task-1,R,F3,42,-0.34765625,-1.1863621,-6.0110187,4.3061803
VisualCogA_Task-1.mat,A,Task-1,R,F3,42,-0.34375,-1.2551304,-6.1620261,4.3205229
VisualCogA_Task-1.mat,A,Task-1,R,F3,42,-0.33984375,-1.2593477,-6.1553622,4.2423328
VisualCogA_Task-1.mat,A,Task-1,R,F3,42,-0.3359375,-1.1761792,-6.0229126,4.3665984
VisualCogA_Task-1.mat,A,Task-1,R,F3,42,-0.33203125,-1.0175638,-5.7917408,4.5716267
VisualCogA_Task-1.mat,A,Task-1,R,F3,42,-0.328125,-0.80512929,-5.5528569,4.6837081
VisualCogA_Task-1.mat,A,Task-1,R,F3,42,-0.32421875,-0.55941614,-5.2927106,4.8152819
VisualCogA_Task-1.mat,A,Task-1,R,F3,42,-0.3203125,-0.28340078,-4.9409688,4.9696201
VisualCogA_Task-1.mat,A,Task-1,R,F3,42,-0.31640625,0.0081586802,-4.6129488,4.9368495
VisualCogA_Task-1.mat,A,Task-1,R,F3,42,-0.3125,0.29065057,-4.2896261,4.9894694
VisualCogA_Task-1.mat,A,Task-1,R,F3,42,-0.30859375,0.54324028,-3.9481252,4.9978146
VisualCogA_Task-1.mat,A,Task-1,R,F3,42,-0.3046875,0.75088429,-3.7654872,5.0066319
VisualCogA_Task-1.mat,A,Task-1,R,F3,42,-0.30078125,0.88277707,-3.618112,5.0090417
VisualCogA_Task-1.mat,A,Task-1,R,F3,42,-0.296875,0.92930563,-3.5927255,4.9200987
VisualCogA_Task-1.mat,A,Task-1,R,F3,42,-0.29296875,0.8994889,-3.5780526,4.8311071
VisualCogA_Task-1.mat,A,Task-1,R,F3,42,-0.2890625,0.77424013,-3.5496563,4.8852031
VisualCogA_Task-1.mat,A,Task-1,R,F3,42,-0.28515625,0.58813885,-3.7235,4.8100032
VisualCogA_Task-1.mat,A,Task-1,R,F3,42,-0.28125,0.37869395,-3.8785824,4.5181788
VisualCogA_Task-1.mat,A,Task-1,R,F3,42,-0.27734375,0.1796217,-4.003908,4.2137307
VisualCogA_Task-1.mat,A,Task-1,R,F3,42,-0.2734375,0.01388867,-4.0429855,3.9615004
VisualCogA_Task-1.mat,A,Task-1,R,F3,42,-0.26953125,-0.10548615,-4.135557,3.7526869
VisualCogA_Task-1.mat,A,Task-1,R,F3,42,-0.265625,-0.19404981,-4.2088443,3.7659597
VisualCogA_Task-1.mat,A,Task-1,R,F3,42,-0.26171875,-0.28384327,-4.1823029,3.9303472
VisualCogA_Task-1.mat,A,Task-1,R,F3,42,-0.2578125,-0.39595505,-4.2015866,3.722955
VisualCogA_Task-1.mat,A,Task-1,R,F3,42,-0.25390625,-0.53701209,-4.3088467,3.6381997
VisualCogA_Task-1.mat,A,Task-1,R,F3,42,-0.25,-0.66685648,-4.5200857,3.3276425
VisualCogA_Task-1.mat,A,Task-1,R,F3,42,-0.24609375,-0.80418685,-4.7517079,3.3157829
VisualCogA_Task-1.mat,A,Task-1,R,F3,42,-0.2421875,-0.93918103,-4.8964739,3.2006905
VisualCogA_Task-1.mat,A,Task-1,R,F3,42,-0.23828125,-1.0503145,-4.9861482,2.9824372
VisualCogA_Task-1.mat,A,Task-1,R,F3,42,-0.234375,-1.090194,-4.9680759,2.7502857
VisualCogA_Task-1.mat,A,Task-1,R,F3,42,-0.23046875,-1.0720811,-4.9336616,2.739639
VisualCogA_Task-1.mat,A,Task-1,R,F3,42,-0.2265625,-0.97772888,-4.8312863,2.766787
VisualCogA_Task-1.mat,A,Task-1,R,F3,42,-0.22265625,-0.8050276,-4.5085118,2.8657927
VisualCogA_Task-1.mat,A,Task-1,R,F3,42,-0.21875,-0.57496287,-4.0541776,3.0628673
VisualCogA_Task-1.mat,A,Task-1,R,F3,42,-0.21484375,-0.31376729,-3.623261,3.2271135
VisualCogA_Task-1.mat,A,Task-1,R,F3,42,-0.2109375,-0.031712402,-3.3563808,3.3927168
VisualCogA_Task-1.mat,A,Task-1,R,F3,42,-0.20703125,0.28170154,-2.9754945,3.5160167
VisualCogA_Task-1.mat,A,Task-1,R,F3,42,-0.203125,0.6296153,-2.5748652,3.6459242
VisualCogA_Task-1.mat,A,Task-1,R,F3,42,-0.19921875,0.96190906,-2.1477623,3.8288285
VisualCogA_Task-1.mat,A,Task-1,R,F3,42,-0.1953125,1.2528755,-1.7899144,3.8516265
VisualCogA_Task-1.mat,A,Task-1,R,F3,42,-0.19140625,1.496084,-1.3998059,3.8685532
VisualCogA_Task-1.mat,A,Task-1,R,F3,42,-0.1875,1.6884617,-1.0416506,3.8428528
VisualCogA_Task-1.mat,A,Task-1,R,F3,42,-0.18359375,1.8303027,-0.75250491,3.8699892
VisualCogA_Task-1.mat,A,Task-1,R,F3,42,-0.1796875,1.949945,-0.57007109,3.8693106
VisualCogA_Task-1.mat,A,Task-1,R,F3,42,-0.17578125,2.0579487,-0.34456404,3.9240633
VisualCogA_Task-1.mat,A,Task-1,R,F3,42,-0.171875,2.1281726,-0.21774816,3.7521798
VisualCogA_Task-1.mat,A,Task-1,R,F3,42,-0.16796875,2.1692013,-0.060339636,3.7694332
VisualCogA_Task-1.mat,A,Task-1,R,F3,42,-0.1640625,2.1599923,0.015404883,3.8558596
VisualCogA_Task-1.mat,A,Task-1,R,F3,42,-0.16015625,2.0806401,-0.035992528,3.8970448
VisualCogA_Task-1.mat,A,Task-1,R,F3,42,-0.15625,1.9254231,-0.23673974,3.8366059
VisualCogA_Task-1.mat,A,Task-1,R,F3,42,-0.15234375,1.6861169,-0.5404867,3.6251451
VisualCogA_Task-1.mat,A,Task-1,R,F3,42,-0.1484375,1.3732838,-0.8365333,3.4274903
VisualCogA_Task-1.mat,A,Task-1,R,F3,42,-0.14453125,1.0463561,-1.1351366,3.1537089
VisualCogA_Task-1.mat,A,Task-1,R,F3,42,-0.140625,0.74386876,-1.3758504,2.7975719
VisualCogA_Task-1.mat,A,Task-1,R,F3,42,-0.13671875,0.50769882,-1.5541366,2.5605701
VisualCogA_Task-1.mat,A,Task-1,R,F3,42,-0.1328125,0.34382936,-1.6384668,2.3291028
VisualCogA_Task-1.mat,A,Task-1,R,F3,42,-0.12890625,0.21744077,-1.6541898,2.130299
VisualCogA_Task-1.mat,A,Task-1,R,F3,42,-0.125,0.11793775,-1.5741561,2.0091821
VisualCogA_Task-1.mat,A,Task-1,R,F3,42,-0.12109375,0.02945933,-1.5391106,1.8528844
VisualCogA_Task-1.mat,A,Task-1,R,F3,42,-0.1171875,-0.059165739,-1.5801718,1.7413966
VisualCogA_Task-1.mat,A,Task-1,R,F3,42,-0.11328125,-0.14553713,-1.5674986,1.6897863
VisualCogA_Task-1.mat,A,Task-1,R,F3,42,-0.109375,-0.21946076,-1.5584209,1.6703614
VisualCogA_Task-1.mat,A,Task-1,R,F3,42,-0.10546875,-0.30188984,-1.6232695,1.7190962
VisualCogA_Task-1.mat,A,Task-1,R,F3,42,-0.1015625,-0.37807164,-1.6853557,1.6333869
VisualCogA_Task-1.mat,A,Task-1,R,F3,42,-0.09765625,-0.4217801,-1.7058501,1.5483936
VisualCogA_Task-1.mat,A,Task-1,R,F3,42,-0.09375,-0.39025072,-1.6261342,1.5578158
VisualCogA_Task-1.mat,A,Task-1,R,F3,42,-0.08984375,-0.28777569,-1.5381349,1.549156
VisualCogA_Task-1.mat,A,Task-1,R,F3,42,-0.0859375,-0.15505989,-1.3955023,1.5986717
VisualCogA_Task-1.mat,A,Task-1,R,F3,42,-0.08203125,-0.021868547,-1.3868244,1.6771016
VisualCogA_Task-1.mat,A,Task-1,R,F3,42,-0.078125,0.10227653,-1.1818874,1.8156464
VisualCogA_Task-1.mat,A,Task-1,R,F3,42,-0.07421875,0.18967904,-1.177017,1.7678351
VisualCogA_Task-1.mat,A,Task-1,R,F3,42,-0.0703125,0.22470074,-1.1625111,1.7892905
VisualCogA_Task-1.mat,A,Task-1,R,F3,42,-0.06640625,0.20557462,-1.2695299,1.6648566
VisualCogA_Task-1.mat,A,Task-1,R,F3,42,-0.0625,0.13494862,-1.4930268,1.5617053
VisualCogA_Task-1.mat,A,Task-1,R,F3,42,-0.05859375,0.0049641824,-1.6919611,1.5241623
VisualCogA_Task-1.mat,A,Task-1,R,F3,42,-0.0546875,-0.19062573,-1.8870732,1.4882308
VisualCogA_Task-1.mat,A,Task-1,R,F3,42,-0.05078125,-0.46058373,-2.255034,1.375965
VisualCogA_Task-1.mat,A,Task-1,R,F3,42,-0.046875,-0.7819012,-2.6901301,1.2389832
VisualCogA_Task-1.mat,A,Task-1,R,F3,42,-0.04296875,-1.1432155,-3.186082,1.0542531
VisualCogA_Task-1.mat,A,Task-1,R,F3,42,-0.0390625,-1.5176026,-3.7497784,0.88222384
VisualCogA_Task-1.mat,A,Task-1,R,F3,42,-0.03515625,-1.8995105,-4.1408685,0.51923501
VisualCogA_Task-1.mat,A,Task-1,R,F3,42,-0.03125,-2.2764536,-4.6170483,0.27462439
VisualCogA_Task-1.mat,A,Task-1,R,F3,42,-0.02734375,-2.5991825,-5.0109655,0.055915327
VisualCogA_Task-1.mat,A,Task-1,R,F3,42,-0.0234375,-2.8696061,-5.3144618,-0.19841297
VisualCogA_Task-1.mat,A,Task-1,R,F3,42,-0.01953125,-3.1099829,-5.7222926,-0.37417271
VisualCogA_Task-1.mat,A,Task-1,R,F3,42,-0.015625,-3.362757,-6.1215483,-0.42531987
VisualCogA_Task-1.mat,A,Task-1,R,F3,42,-0.01171875,-3.6039144,-6.4714537,-0.36274618
VisualCogA_Task-1.mat,A,Task-1,R,F3,42,-0.0078125,-3.824725,-6.9155068,-0.24101082
VisualCogA_Task-1.mat,A,Task-1,R,F3,42,-0.00390625,-3.9963639,-7.2652556,-0.28035146
VisualCogA_Task-1.mat,A,Task-1,R,F3,42,0,-4.1303578,-7.4928579,-0.14965799
VisualCogA_Task-1.mat,A,Task-1,R,F3,42,0.00390625,-4.2244663,-7.8124104,0.027399676
VisualCogA_Task-1.mat,A,Task-1,R,F3,42,0.0078125,-4.275732,-8.0598902,0.21575897
VisualCogA_Task-1.mat,A,Task-1,R,F3,42,0.01171875,-4.2915848,-8.0642608,0.34837981
VisualCogA_Task-1.mat,A,Task-1,R,F3,42,0.015625,-4.246073,-8.0722426,0.46162681
VisualCogA_Task-1.mat,A,Task-1,R,F3,42,0.01953125,-4.1565919,-8.0263009,0.57720919
VisualCogA_Task-1.mat,A,Task-1,R,F3,42,0.0234375,-4.0316241,-7.9828099,0.64109596
VisualCogA_Task-1.mat,A,Task-1,R,F3,42,0.02734375,-3.8954167,-7.9070553,0.64438668
VisualCogA_Task-1.mat,A,Task-1,R,F3,42,0.03125,-3.7631013,-7.8203116,0.69361307
VisualCogA_Task-1.mat,A,Task-1,R,F3,42,0.03515625,-3.6280663,-7.8133534,0.72000296
VisualCogA_Task-1.mat,A,Task-1,R,F3,42,0.0390625,-3.5050237,-7.793154,0.71990287
VisualCogA_Task-1.mat,A,Task-1,R,F3,42,0.04296875,-3.3959183,-7.7807684,0.7939322
VisualCogA_Task-1.mat,A,Task-1,R,F3,42,0.046875,-3.2849152,-7.7426386,0.94152681
VisualCogA_Task-1.mat,A,Task-1,R,F3,42,0.05078125,-3.1838678,-7.6756159,1.0166522
VisualCogA_Task-1.mat,A,Task-1,R,F3,42,0.0546875,-3.0978972,-7.5526288,0.99453928
VisualCogA_Task-1.mat,A,Task-1,R,F3,42,0.05859375,-3.0496944,-7.4793828,1.0607537
VisualCogA_Task-1.mat,A,Task-1,R,F3,42,0.0625,-3.0398601,-7.4649538,1.109289
VisualCogA_Task-1.mat,A,Task-1,R,F3,42,0.06640625,-3.0839696,-7.4671634,1.0597686
VisualCogA_Task-1.mat,A,Task-1,R,F3,42,0.0703125,-3.172061,-7.5812129,1.0039057
VisualCogA_Task-1.mat,A,Task-1,R,F3,42,0.07421875,-3.3191183,-7.6937157,0.87763789
VisualCogA_Task-1.mat,A,Task-1,R,F3,42,0.078125,-3.527898,-7.9499358,0.73101921
VisualCogA_Task-1.mat,A,Task-1,R,F3,42,0.08203125,-3.798948,-8.329954,0.62187782
VisualCogA_Task-1.mat,A,Task-1,R,F3,42,0.0859375,-4.1151549,-8.5022284,0.30163847
VisualCogA_Task-1.mat,A,Task-1,R,F3,42,0.08984375,-4.4464099,-8.8904934,0.048289299
VisualCogA_Task-1.mat,A,Task-1,R,F3,42,0.09375,-4.812723,-9.4157992,-0.23089511
VisualCogA_Task-1.mat,A,Task-1,R,F3,42,0.09765625,-5.2040099,-9.8746529,-0.49360615
VisualCogA_Task-1.mat,A,Task-1,R,F3,42,0.1015625,-5.5906479,-10.245631,-0.73668072
VisualCogA_Task-1.mat,A,Task-1,R,F3,42,0.10546875,-5.9323882,-10.602641,-0.87592096
VisualCogA_Task-1.mat,A,Task-1,R,F3,42,0.109375,-6.2453053,-11.006339,-1.0261864
VisualCogA_Task-1.mat,A,Task-1,R,F3,42,0.11328125,-6.5366759,-11.40719,-1.2765576
VisualCogA_Task-1.mat,A,Task-1,R,F3,42,0.1171875,-6.8191158,-11.885918,-1.5439783
VisualCogA_Task-1.mat,A,Task-1,R,F3,42,0.12109375,-7.0836262,-12.249745,-1.7826671
VisualCogA_Task-1.mat,A,Task-1,R,F3,42,0.125,-7.3310033,-12.618642,-1.9612837
VisualCogA_Task-1.mat,A,Task-1,R,F3,42,0.12890625,-7.541859,-12.910991,-2.1913596
VisualCogA_Task-1.mat,A,Task-1,R,F3,42,0.1328125,-7.7006792,-13.085064,-2.3444921
VisualCogA_Task-1.mat,A,Task-1,R,F3,42,0.13671875,-7.7957129,-13.151536,-2.4344022
VisualCogA_Task-1.mat,A,Task-1,R,F3,42,0.140625,-7.7983783,-13.139402,-2.4998994
VisualCogA_Task-1.mat,A,Task-1,R,F3,42,0.14453125,-7.7003309,-13.021889,-2.394652
VisualCogA_Task-1.mat,A,Task-1,R,F3,42,0.1484375,-7.5127269,-12.783166,-2.175656
VisualCogA_Task-1.mat,A,Task-1,R,F3,42,0.15234375,-7.2492963,-12.590383,-1.944325
VisualCogA_Task-1.mat,A,Task-1,R,F3,42,0.15625,-6.9405981,-12.415448,-1.559673
VisualCogA_Task-1.mat,A,Task-1,R,F3,42,0.16015625,-6.6104567,-12.222173,-1.1199807
VisualCogA_Task-1.mat,A,Task-1,R,F3,42,0.1640625,-6.2818414,-12.047329,-0.93357733
VisualCogA_Task-1.mat,A,Task-1,R,F3,42,0.16796875,-5.9989242,-11.860526,-0.67888738
VisualCogA_Task-1.mat,A,Task-1,R,F3,42,0.171875,-5.7907206,-11.734875,-0.48508934
VisualCogA_Task-1.mat,A,Task-1,R,F3,42,0.17578125,-5.6736736,-11.649603,-0.28657108
VisualCogA_Task-1.mat,A,Task-1,R,F3,42,0.1796875,-5.609714,-11.589752,-0.11412811
VisualCogA_Task-1.mat,A,Task-1,R,F3,42,0.18359375,-5.610986,-11.696362,-0.12719285
VisualCogA_Task-1.mat,A,Task-1,R,F3,42,0.1875,-5.668281,-11.868718,-0.061733644
VisualCogA_Task-1.mat,A,Task-1,R,F3,42,0.19140625,-5.7542686,-12.10754,-0.03039987
VisualCogA_Task-1.mat,A,Task-1,R,F3,42,0.1953125,-5.8712952,-12.322637,-0.046892889
VisualCogA_Task-1.mat,A,Task-1,R,F3,42,0.19921875,-6.0264074,-12.474762,0.021110758
VisualCogA_Task-1.mat,A,Task-1,R,F3,42,0.203125,-6.2214629,-12.607621,0.03820561
VisualCogA_Task-1.mat,A,Task-1,R,F3,42,0.20703125,-6.4614341,-12.873653,-0.052112697
VisualCogA_Task-1.mat,A,Task-1,R,F3,42,0.2109375,-6.7361805,-13.100689,-0.025379781
VisualCogA_Task-1.mat,A,Task-1,R,F3,42,0.21484375,-7.0091694,-13.367398,-0.046684431
VisualCogA_Task-1.mat,A,Task-1,R,F3,42,0.21875,-7.2512074,-13.652977,-0.19235966
VisualCogA_Task-1.mat,A,Task-1,R,F3,42,0.22265625,-7.4539561,-13.978971,-0.34759629
VisualCogA_Task-1.mat,A,Task-1,R,F3,42,0.2265625,-7.6049739,-14.225876,-0.4647488
VisualCogA_Task-1.mat,A,Task-1,R,F3,42,0.23046875,-7.7019477,-14.27126,-0.60745389
VisualCogA_Task-1.mat,A,Task-1,R,F3,42,0.234375,-7.7480183,-14.392713,-0.66772504
VisualCogA_Task-1.mat,A,Task-1,R,F3,42,0.23828125,-7.748669,-14.346479,-0.61784992
VisualCogA_Task-1.mat,A,Task-1,R,F3,42,0.2421875,-7.707536,-14.401803,-0.74013439
VisualCogA_Task-1.mat,A,Task-1,R,F3,42,0.24609375,-7.612668,-14.294372,-0.66260818
VisualCogA_Task-1.mat,A,Task-1,R,F3,42,0.25,-7.4703916,-14.17911,-0.51956666
VisualCogA_Task-1.mat,A,Task-1,R,F3,42,0.25390625,-7.2724367,-13.908864,-0.3578803
VisualCogA_Task-1.mat,A,Task-1,R,F3,42,0.2578125,-7.0026473,-13.629569,-0.11539884
VisualCogA_Task-1.mat,A,Task-1,R,F3,42,0.26171875,-6.6564495,-13.264389,0.21330935
VisualCogA_Task-1.mat,A,Task-1,R,F3,42,0.265625,-6.250022,-12.72853,0.57896323
VisualCogA_Task-1.mat,A,Task-1,R,F3,42,0.26953125,-5.8018352,-12.41487,0.95977786
VisualCogA_Task-1.mat,A,Task-1,R,F3,42,0.2734375,-5.355376,-12.070948,1.3406238
VisualCogA_Task-1.mat,A,Task-1,R,F3,42,0.27734375,-4.9375425,-11.647596,1.9019173
VisualCogA_Task-1.mat,A,Task-1,R,F3,42,0.28125,-4.5729484,-11.25634,2.4067019
VisualCogA_Task-1.mat,A,Task-1,R,F3,42,0.28515625,-4.2810702,-10.980411,2.7751089
VisualCogA_Task-1.mat,A,Task-1,R,F3,42,0.2890625,-4.0519627,-10.737029,3.0348412
VisualCogA_Task-1.mat,A,Task-1,R,F3,42,0.29296875,-3.813607,-10.532443,3.2278378
VisualCogA_Task-1.mat,A,Task-1,R,F3,42,0.296875,-3.5470785,-10.345426,3.4732662
VisualCogA_Task-1.mat,A,Task-1,R,F3,42,0.30078125,-3.2742478,-10.108522,3.7488629
VisualCogA_Task-1.mat,A,Task-1,R,F3,42,0.3046875,-2.9670163,-9.8299077,3.9847158
VisualCogA_Task-1.mat,A,Task-1,R,F3,42,0.30859375,-2.6367766,-9.5575454,4.2593849
VisualCogA_Task-1.mat,A,Task-1,R,F3,42,0.3125,-2.3236299,-9.3936414,4.5971901
VisualCogA_Task-1.mat,A,Task-1,R,F3,42,0.31640625,-2.0548925,-9.3042933,5.0150416
VisualCogA_Task-1.mat,A,Task-1,R,F3,42,0.3203125,-1.8374165,-9.2523666,5.2817297
VisualCogA_Task-1.mat,A,Task-1,R,F3,42,0.32421875,-1.6601878,-9.2141729,5.621912
VisualCogA_Task-1.mat,A,Task-1,R,F3,42,0.328125,-1.5036889,-9.2466531,5.7646641
VisualCogA_Task-1.mat,A,Task-1,R,F3,42,0.33203125,-1.3450316,-9.2071646,5.9454721
VisualCogA_Task-1.mat,A,Task-1,R,F3,42,0.3359375,-1.161361,-9.1139788,6.0867216
VisualCogA_Task-1.mat,A,Task-1,R,F3,42,0.33984375,-0.96603165,-8.8448076,6.2216414
VisualCogA_Task-1.mat,A,Task-1,R,F3,42,0.34375,-0.79477255,-8.6795758,6.4548667
VisualCogA_Task-1.mat,A,Task-1,R,F3,42,0.34765625,-0.6792327,-8.661439,6.6498177
VisualCogA_Task-1.mat,A,Task-1,R,F3,42,0.3515625,-0.63085939,-8.5435219,6.5453572
VisualCogA_Task-1.mat,A,Task-1,R,F3,42,0.35546875,-0.65396206,-8.4892982,6.518396
VisualCogA_Task-1.mat,A,Task-1,R,F3,42,0.359375,-0.72842658,-8.6337629,6.4616985
VisualCogA_Task-1.mat,A,Task-1,R,F3,42,0.36328125,-0.81872472,-8.6823214,6.3942141
VisualCogA_Task-1.mat,A,Task-1,R,F3,42,0.3671875,-0.89061468,-8.5409585,6.2695724
VisualCogA_Task-1.mat,A,Task-1,R,F3,42,0.37109375,-0.91881818,-8.5064491,6.1289639
VisualCogA_Task-1.mat,A,Task-1,R,F3,42,0.375,-0.91273444,-8.4980078,6.1579012
VisualCogA_Task-1.mat,A,Task-1,R,F3,42,0.37890625,-0.89610402,-8.5652127,6.1829071
VisualCogA_Task-1.mat,A,Task-1,R,F3,42,0.3828125,-0.92023388,-8.727874,6.2140506
VisualCogA_Task-1.mat,A,Task-1,R,F3,42,0.38671875,-1.0149889,-8.8053348,6.1740362
VisualCogA_Task-1.mat,A,Task-1,R,F3,42,0.390625,-1.2002918,-9.1095671,6.1075623
VisualCogA_Task-1.mat,A,Task-1,R,F3,42,0.39453125,-1.4606974,-9.4757411,5.9566153
VisualCogA_Task-1.mat,A,Task-1,R,F3,42,0.3984375,-1.7935873,-9.8792329,5.6723725
VisualCogA_Task-1.mat,A,Task-1,R,F3,42,0.40234375,-2.1761949,-10.370779,5.2707212
VisualCogA_Task-1.mat,A,Task-1,R,F3,42,0.40625,-2.569707,-11.122221,5.0384759
VisualCogA_Task-1.mat,A,Task-1,R,F3,42,0.41015625,-2.9040965,-11.80011,4.8472194
VisualCogA_Task-1.mat,A,Task-1,R,F3,42,0.4140625,-3.2590307,-12.558439,4.6742891
VisualCogA_Task-1.mat,A,Task-1,R,F3,42,0.41796875,-3.5917659,-13.326718,4.479161
VisualCogA_Task-1.mat,A,Task-1,R,F3,42,0.421875,-3.8824749,-13.968674,4.2062278
VisualCogA_Task-1.mat,A,Task-1,R,F3,42,0.42578125,-4.1573594,-14.64427,3.9908683
VisualCogA_Task-1.mat,A,Task-1,R,F3,42,0.4296875,-4.4189832,-15.083368,3.6628081
VisualCogA_Task-1.mat,A,Task-1,R,F3,42,0.43359375,-4.6533476,-15.462264,3.3576799
VisualCogA_Task-1.mat,A,Task-1,R,F3,42,0.4375,-4.8532733,-15.894485,3.110372
VisualCogA_Task-1.mat,A,Task-1,R,F3,42,0.44140625,-5.071598,-16.195396,2.934607
VisualCogA_Task-1.mat,A,Task-1,R,F3,42,0.4453125,-5.288996,-16.548155,2.8031911
VisualCogA_Task-1.mat,A,Task-1,R,F3,42,0.44921875,-5.4863215,-16.991948,2.7534315
VisualCogA_Task-1.mat,A,Task-1,R,F3,42,0.453125,-5.6846272,-17.409752,2.8133483
VisualCogA_Task-1.mat,A,Task-1,R,F3,42,0.45703125,-5.8895805,-17.85279,2.7379061
VisualCogA_Task-1.mat,A,Task-1,R,F3,42,0.4609375,-6.0828472,-18.170653,2.5410848
VisualCogA_Task-1.mat,A,Task-1,R,F3,42,0.46484375,-6.2369106,-18.355189,2.3091883
VisualCogA_Task-1.mat,A,Task-1,R,F3,42,0.46875,-6.3433876,-18.425133,2.116634
VisualCogA_Task-1.mat,A,Task-1,R,F3,42,0.47265625,-6.3987841,-18.369295,2.0271267
VisualCogA_Task-1.mat,A,Task-1,R,F3,42,0.4765625,-6.399735,-18.270505,2.0047368
VisualCogA_Task-1.mat,A,Task-1,R,F3,42,0.48046875,-6.3392653,-18.098915,2.0044693
VisualCogA_Task-1.mat,A,Task-1,R,F3,42,0.484375,-6.2130351,-18.126442,1.9297397
VisualCogA_Task-1.mat,A,Task-1,R,F3,42,0.48828125,-6.0733473,-17.879971,1.8458841
VisualCogA_Task-1.mat,A,Task-1,R,F3,42,0.4921875,-5.9329788,-17.785256,1.8327262
VisualCogA_Task-1.mat,A,Task-1,R,F3,42,0.49609375,-5.7889727,-17.681241,1.8763568
VisualCogA_Task-1.mat,A,Task-1,R,F3,42,0.5,-5.6524023,-17.54521,1.8884983
VisualCogA_Task-1.mat,A,Task-1,R,F3,42,0.50390625,-5.5096019,-17.209035,1.9832769
VisualCogA_Task-1.mat,A,Task-1,R,F3,42,0.5078125,-5.3649451,-16.983266,2.1984876
VisualCogA_Task-1.mat,A,Task-1,R,F3,42,0.51171875,-5.2285621,-16.524416,2.4011907
VisualCogA_Task-1.mat,A,Task-1,R,F3,42,0.515625,-5.1157717,-16.124895,2.4923467
VisualCogA_Task-1.mat,A,Task-1,R,F3,42,0.51953125,-5.0248111,-15.779123,2.5266087
VisualCogA_Task-1.mat,A,Task-1,R,F3,42,0.5234375,-4.9434249,-15.486403,2.575093
VisualCogA_Task-1.mat,A,Task-1,R,F3,42,0.52734375,-4.8603969,-15.300903,2.5586005
VisualCogA_Task-1.mat,A,Task-1,R,F3,42,0.53125,-4.8088816,-15.178202,2.4628428
VisualCogA_Task-1.mat,A,Task-1,R,F3,42,0.53515625,-4.7264919,-15.244813,2.409409
VisualCogA_Task-1.mat,A,Task-1,R,F3,42,0.5390625,-4.6263908,-15.229826,2.5167309
VisualCogA_Task-1.mat,A,Task-1,R,F3,42,0.54296875,-4.5245982,-15.145092,2.5853251
VisualCogA_Task-1.mat,A,Task-1,R,F3,42,0.546875,-4.425607,-15.096384,2.6412362
VisualCogA_Task-1.mat,A,Task-1,R,F3,42,0.55078125,-4.3485533,-15.110068,2.7355359
VisualCogA_Task-1.mat,A,Task-1,R,F3,42,0.5546875,-4.3558095,-15.12139,2.8048437
VisualCogA_Task-1.mat,A,Task-1,R,F3,42,0.55859375,-4.483905,-15.138157,2.9950147
VisualCogA_Task-1.mat,A,Task-1,R,F3,42,0.5625,-4.6793556,-15.453378,3.0878356
VisualCogA_Task-1.mat,A,Task-1,R,F3,42,0.56640625,-4.9233053,-15.900087,2.9564563
VisualCogA_Task-1.mat,A,Task-1,R,F3,42,0.5703125,-5.2138081,-16.388356,2.6438457
VisualCogA_Task-1.mat,A,Task-1,R,F3,42,0.57421875,-5.5156938,-16.83966,2.3425737
VisualCogA_Task-1.mat,A,Task-1,R,F3,42,0.578125,-5.8212957,-17.149256,2.1342776
VisualCogA_Task-1.mat,A,Task-1,R,F3,42,0.58203125,-6.1390227,-17.326319,1.8408002
VisualCogA_Task-1.mat,A,Task-1,R,F3,42,0.5859375,-6.4579075,-17.538249,1.4990187
VisualCogA_Task-1.mat,A,Task-1,R,F3,42,0.58984375,-6.7812897,-17.719222,1.2255669
VisualCogA_Task-1.mat,A,Task-1,R,F3,42,0.59375,-7.0936077,-17.927908,0.90037263
VisualCogA_Task-1.mat,A,Task-1,R,F3,42,0.59765625,-7.3778877,-18.335408,0.57197905
VisualCogA_Task-1.mat,A,Task-1,R,F3,42,0.6015625,-7.6413458,-18.806705,0.34601078
VisualCogA_Task-1.mat,A,Task-1,R,F3,42,0.60546875,-7.8856847,-19.325349,0.15532049
VisualCogA_Task-1.mat,A,Task-1,R,F3,42,0.609375,-8.0806307,-19.56543,-0.15776433
VisualCogA_Task-1.mat,A,Task-1,R,F3,42,0.61328125,-8.2327753,-19.675642,-0.24624617
VisualCogA_Task-1.mat,A,Task-1,R,F3,42,0.6171875,-8.351884,-19.776128,-0.38398246
VisualCogA_Task-1.mat,A,Task-1,R,F3,42,0.62109375,-8.4502464,-19.909013,-0.47864849
VisualCogA_Task-1.mat,A,Task-1,R,F3,42,0.625,-8.5372428,-19.88182,-0.53406681
VisualCogA_Task-1.mat,A,Task-1,R,F3,42,0.62890625,-8.6101687,-20.01016,-0.55204421
VisualCogA_Task-1.mat,A,Task-1,R,F3,42,0.6328125,-8.6662215,-19.918485,-0.61863652
VisualCogA_Task-1.mat,A,Task-1,R,F3,42,0.63671875,-8.6898111,-19.729157,-0.56321501
VisualCogA_Task-1.mat,A,Task-1,R,F3,42,0.640625,-8.6756074,-19.631655,-0.45127203
VisualCogA_Task-1.mat,A,Task-1,R,F3,42,0.64453125,-8.6111824,-19.50945,-0.31245508
VisualCogA_Task-1.mat,A,Task-1,R,F3,42,0.6484375,-8.4924201,-19.269547,-0.16511037
VisualCogA_Task-1.mat,A,Task-1,R,F3,42,0.65234375,-8.3318284,-18.897709,-0.1408587
VisualCogA_Task-1.mat,A,Task-1,R,F3,42,0.65625,-8.139928,-18.596269,-0.014434623
VisualCogA_Task-1.mat,A,Task-1,R,F3,42,0.66015625,-7.9176616,-18.090044,0.36100293
VisualCogA_Task-1.mat,A,Task-1,R,F3,42,0.6640625,-7.6737533,-17.792732,0.60907475
VisualCogA_Task-1.mat,A,Task-1,R,F3,42,0.66796875,-7.4277579,-17.516013,0.86407583
VisualCogA_Task-1.mat,A,Task-1,R,F3,42,0.671875,-7.1635438,-17.238506,1.3750596
VisualCogA_Task-1.mat,A,Task-1,R,F3,42,0.67578125,-6.8886829,-17.065728,1.735681
VisualCogA_Task-1.mat,A,Task-1,R,F3,42,0.6796875,-6.601994,-16.628769,2.1094482
VisualCogA_Task-1.mat,A,Task-1,R,F3,42,0.68359375,-6.3163737,-16.385863,2.4915093
VisualCogA_Task-1.mat,A,Task-1,R,F3,42,0.6875,-6.0279854,-16.401016,3.0063416
VisualCogA_Task-1.mat,A,Task-1,R,F3,42,0.69140625,-5.7351124,-16.091244,3.5355734
VisualCogA_Task-1.mat,A,Task-1,R,F3,42,0.6953125,-5.409961,-15.779371,4.1095768
VisualCogA_Task-1.mat,A,Task-1,R,F3,42,0.69921875,-5.0245617,-15.791766,4.5793864
VisualCogA_Task-1.mat,A,Task-1,R,F3,42,0.703125,-4.5725083,-15.610555,5.2672707
VisualCogA_Task-1.mat,A,Task-1,R,F3,42,0.70703125,-4.0536484,-15.158258,6.457682
VisualCogA_Task-1.mat,A,Task-1,R,F3,42,0.7109375,-3.4848775,-14.784749,7.9651794
VisualCogA_Task-1.mat,A,Task-1,R,F3,42,0.71484375,-2.8857266,-14.588329,9.5091922
VisualCogA_Task-1.mat,A,Task-1,R,F3,42,0.71875,-2.2007466,-14.308606,10.729553
VisualCogA_Task-1.mat,A,Task-1,R,F3,42,0.72265625,-1.4674024,-13.91097,12.345239
VisualCogA_Task-1.mat,A,Task-1,R,F3,42,0.7265625,-0.69607647,-13.47431,14.086634
VisualCogA_Task-1.mat,A,Task-1,R,F3,42,0.73046875,0.162735,-12.985188,15.968123
VisualCogA_Task-1.mat,A,Task-1,R,F3,42,0.734375,1.0947188,-12.619666,17.783681
VisualCogA_Task-1.mat,A,Task-1,R,F3,42,0.73828125,2.0758974,-12.053599,18.938448
VisualCogA_Task-1.mat,A,Task-1,R,F3,42,0.7421875,3.0755926,-11.531836,20.41616
VisualCogA_Task-1.mat,A,Task-1,R,F3,42,0.74609375,4.0843289,-10.786701,21.717383
VisualCogA_Task-1.mat,A,Task-1,R,F3,42,0.75,5.0952812,-10.173733,22.875709
VisualCogA_Task-1.mat,A,Task-1,R,F3,42,0.75390625,6.1135591,-9.5886469,24.385744
VisualCogA_Task-1.mat,A,Task-1,R,F3,42,0.7578125,7.1432843,-8.7924371,25.01432
VisualCogA_Task-1.mat,A,Task-1,R,F3,42,0.76171875,8.1992395,-7.9328094,25.633421
VisualCogA_Task-1.mat,A,Task-1,R,F3,42,0.765625,9.2792936,-7.0965841,26.507339
VisualCogA_Task-1.mat,A,Task-1,R,F3,42,0.76953125,10.362609,-6.2074051,27.321123
VisualCogA_Task-1.mat,A,Task-1,R,F3,42,0.7734375,11.425447,-5.1630185,28.510013
VisualCogA_Task-1.mat,A,Task-1,R,F3,42,0.77734375,12.470642,-4.0728618,29.157893
VisualCogA_Task-1.mat,A,Task-1,R,F3,42,0.78125,13.444248,-3.1435053,30.22949
VisualCogA_Task-1.mat,A,Task-1,R,F3,42,0.78515625,14.328838,-1.993038,31.141732
VisualCogA_Task-1.mat,A,Task-1,R,F3,42,0.7890625,15.101963,-1.1394728,31.967097
VisualCogA_Task-1.mat,A,Task-1,R,F3,42,0.79296875,15.710959,-0.45059645,32.633438
VisualCogA_Task-1.mat,A,Task-1,R,F3,42,0.796875,16.159816,0.67859912,33.266384
VisualCogA_Task-1.mat,A,Task-1,R,F3,42,0.80078125,16.463317,1.033702,33.342128
VisualCogA_Task-1.mat,A,Task-1,R,F3,42,0.8046875,16.658129,1.3125049,33.154325
VisualCogA_Task-1.mat,A,Task-1,R,F3,42,0.80859375,16.753908,1.7332649,33.020214
VisualCogA_Task-1.mat,A,Task-1,R,F3,42,0.8125,16.764097,2.1447038,32.654347
VisualCogA_Task-1.mat,A,Task-1,R,F3,42,0.81640625,16.668135,2.4953328,31.835026
VisualCogA_Task-1.mat,A,Task-1,R,F3,42,0.8203125,16.45042,2.54805,30.76515
VisualCogA_Task-1.mat,A,Task-1,R,F3,42,0.82421875,16.108336,2.6434202,29.874676
VisualCogA_Task-1.mat,A,Task-1,R,F3,42,0.828125,15.64165,2.3683999,28.999301
VisualCogA_Task-1.mat,A,Task-1,R,F3,42,0.83203125,15.087907,2.2220306,28.323397
VisualCogA_Task-1.mat,A,Task-1,R,F3,42,0.8359375,14.500752,2.0689246,27.415922
VisualCogA_Task-1.mat,A,Task-1,R,F3,42,0.83984375,13.817064,1.6495935,26.580006
VisualCogA_Task-1.mat,A,Task-1,R,F3,42,0.84375,13.120224,1.0221373,25.591579
VisualCogA_Task-1.mat,A,Task-1,R,F3,42,0.84765625,12.433879,0.25454305,24.51102
VisualCogA_Task-1.mat,A,Task-1,R,F3,42,0.8515625,11.727661,-0.37807385,23.216987
VisualCogA_Task-1.mat,A,Task-1,R,F3,42,0.85546875,10.987813,-0.88928431,21.845458
VisualCogA_Task-1.mat,A,Task-1,R,F3,42,0.859375,10.229362,-1.4139727,20.626648
VisualCogA_Task-1.mat,A,Task-1,R,F3,42,0.86328125,9.4822547,-1.945701,19.462738
VisualCogA_Task-1.mat,A,Task-1,R,F3,42,0.8671875,8.7670086,-2.4833711,18.501024
VisualCogA_Task-1.mat,A,Task-1,R,F3,42,0.87109375,8.1328005,-2.9886605,17.492572
VisualCogA_Task-1.mat,A,Task-1,R,F3,42,0.875,7.6161884,-3.5500587,16.688039
VisualCogA_Task-1.mat,A,Task-1,R,F3,42,0.87890625,7.217415,-3.892101,15.872184
VisualCogA_Task-1.mat,A,Task-1,R,F3,42,0.8828125,6.9246409,-3.9248527,15.108011
VisualCogA_Task-1.mat,A,Task-1,R,F3,42,0.88671875,6.7105204,-3.600716,14.554082
VisualCogA_Task-1.mat,A,Task-1,R,F3,42,0.890625,6.5553799,-3.389979,14.208154
VisualCogA_Task-1.mat,A,Task-1,R,F3,42,0.89453125,6.4462433,-3.2932913,13.820621
VisualCogA_Task-1.mat,A,Task-1,R,F3,42,0.8984375,6.3428922,-3.1608391,13.473218
VisualCogA_Task-1.mat,A,Task-1,R,F3,42,0.90234375,6.2532678,-3.0088506,13.246418
VisualCogA_Task-1.mat,A,Task-1,R,F3,42,0.90625,6.1686335,-3.0352132,13.093886
VisualCogA_Task-1.mat,A,Task-1,R,F3,42,0.91015625,6.0781187,-3.0827509,12.891632
VisualCogA_Task-1.mat,A,Task-1,R,F3,42,0.9140625,5.9675083,-2.9953146,12.665644
VisualCogA_Task-1.mat,A,Task-1,R,F3,42,0.91796875,5.8344585,-2.8802302,12.510097
VisualCogA_Task-1.mat,A,Task-1,R,F3,42,0.921875,5.681663,-2.8646175,12.324179
VisualCogA_Task-1.mat,A,Task-1,R,F3,42,0.92578125,5.4763261,-3.0404925,12.066264
VisualCogA_Task-1.mat,A,Task-1,R,F3,42,0.9296875,5.2154475,-3.2990333,11.764583
VisualCogA_Task-1.mat,A,Task-1,R,F3,42,0.93359375,4.8886073,-3.5574123,11.448339
VisualCogA_Task-1.mat,A,Task-1,R,F3,42,0.9375,4.5214441,-3.8229828,11.124667
VisualCogA_Task-1.mat,A,Task-1,R,F3,42,0.94140625,4.1155583,-4.0768125,10.600729
VisualCogA_Task-1.mat,A,Task-1,R,F3,42,0.9453125,3.6964706,-4.30705,10.161028
VisualCogA_Task-1.mat,A,Task-1,R,F3,42,0.94921875,3.2688941,-4.5355106,9.8027746
VisualCogA_Task-1.mat,A,Task-1,R,F3,42,0.953125,2.8375419,-4.8572843,9.46147
VisualCogA_Task-1.mat,A,Task-1,R,F3,42,0.95703125,2.4071268,-5.1970939,9.0583167
VisualCogA_Task-1.mat,A,Task-1,R,F3,42,0.9609375,1.9823618,-5.5298449,8.7244633
VisualCogA_Task-1.mat,A,Task-1,R,F3,42,0.96484375,1.5679601,-5.9196972,8.3749024
VisualCogA_Task-1.mat,A,Task-1,R,F3,42,0.96875,1.1686346,-6.2113605,8.119357
VisualCogA_Task-1.mat,A,Task-1,R,F3,42,0.97265625,0.7890983,-6.6222579,8.0063214
VisualCogA_Task-1.mat,A,Task-1,R,F3,42,0.9765625,0.43406418,-6.8527931,8.0823937
VisualCogA_Task-1.mat,A,Task-1,R,F3,42,0.98046875,0.10824525,-7.0701693,8.2852865
VisualCogA_Task-1.mat,A,Task-1,R,F3,42,0.984375,-0.18364546,-7.5407856,8.2962492
VisualCogA_Task-1.mat,A,Task-1,R,F3,42,0.98828125,-0.43689498,-7.9392776,8.4432963
VisualCogA_Task-1.mat,A,Task-1,R,F3,42,0.9921875,-0.64679029,-8.4489532,9.0934041
VisualCogA_Task-1.mat,A,Task-1,R,F3,42,0.99609375,-0.80861839,-9.1448773,9.9984111
VisualCogA_Task-1.mat,A,Task-1,R,F4,42,-0.5,7.7777679,2.2981724,14.111262
VisualCogA_Task-1.mat,A,Task-1,R,F4,42,-0.49609375,7.227536,2.1326592,12.708128
VisualCogA_Task-1.mat,A,Task-1,R,F4,42,-0.4921875,6.7287905,2.0121843,11.835281
VisualCogA_Task-1.mat,A,Task-1,R,F4,42,-0.48828125,6.279508,1.7965837,11.303091
VisualCogA_Task-1.mat,A,Task-1,R,F4,42,-0.484375,5.8776651,1.4532105,10.651826
VisualCogA_Task-1.mat,A,Task-1,R,F4,42,-0.48046875,5.5212382,0.94367152,10.305929
VisualCogA_Task-1.mat,A,Task-1,R,F4,42,-0.4765625,5.2082039,0.36974216,10.092037
VisualCogA_Task-1.mat,A,Task-1,R,F4,42,-0.47265625,4.9365389,-0.10848336,9.9115234
VisualCogA_Task-1.mat,A,Task-1,R,F4,42,-0.46875,4.7042197,-0.34138697,9.8737076
VisualCogA_Task-1.mat,A,Task-1,R,F4,42,-0.46484375,4.5092227,-0.58144894,9.8383797
VisualCogA_Task-1.mat,A,Task-1,R,F4,42,-0.4609375,4.3495247,-0.77547718,9.7161022
VisualCogA_Task-1.mat,A,Task-1,R,F4,42,-0.45703125,4.2231021,-0.9026233,9.6884625
VisualCogA_Task-1.mat,A,Task-1,R,F4,42,-0.453125,4.1279315,-1.1935565,9.5096838
VisualCogA_Task-1.mat,A,Task-1,R,F4,42,-0.44921875,4.0619894,-1.4562547,9.6134671
VisualCogA_Task-1.mat,A,Task-1,R,F4,42,-0.4453125,4.0232525,-1.7403172,9.5452148
VisualCogA_Task-1.mat,A,Task-1,R,F4,42,-0.44140625,4.0096973,-1.874699,9.3923243
VisualCogA_Task-1.mat,A,Task-1,R,F4,42,-0.4375,4.1012431,-1.9575842,9.4284978
VisualCogA_Task-1.mat,A,Task-1,R,F4,42,-0.43359375,4.2256774,-1.8013211,9.4334691
VisualCogA_Task-1.mat,A,Task-1,R,F4,42,-0.4296875,4.3461763,-1.6723891,9.2431654
VisualCogA_Task-1.mat,A,Task-1,R,F4,42,-0.42578125,4.4540741,-1.4401595,9.3057822
VisualCogA_Task-1.mat,A,Task-1,R,F4,42,-0.421875,4.5362998,-1.2308311,9.4211991
VisualCogA_Task-1.mat,A,Task-1,R,F4,42,-0.41796875,4.6005521,-1.1246795,9.4336215
VisualCogA_Task-1.mat,A,Task-1,R,F4,42,-0.4140625,4.6280311,-0.9756366,9.3545282
VisualCogA_Task-1.mat,A,Task-1,R,F4,42,-0.41015625,4.6503196,-1.1158143,9.4346148
VisualCogA_Task-1.mat,A,Task-1,R,F4,42,-0.40625,4.6042889,-1.1328601,9.2901792
VisualCogA_Task-1.mat,A,Task-1,R,F4,42,-0.40234375,4.5129825,-1.1822719,8.9938522
VisualCogA_Task-1.mat,A,Task-1,R,F4,42,-0.3984375,4.3649994,-1.2363492,8.7549055
VisualCogA_Task-1.mat,A,Task-1,R,F4,42,-0.39453125,4.1758367,-1.3500709,8.5949706
VisualCogA_Task-1.mat,A,Task-1,R,F4,42,-0.390625,3.9704111,-1.493324,8.3881293
VisualCogA_Task-1.mat,A,Task-1,R,F4,42,-0.38671875,3.77954,-1.7350319,8.227612
VisualCogA_Task-1.mat,A,Task-1,R,F4,42,-0.3828125,3.6310125,-1.9639407,8.1210531
VisualCogA_Task-1.mat,A,Task-1,R,F4,42,-0.37890625,3.5180901,-2.0666124,8.0469151
VisualCogA_Task-1.mat,A,Task-1,R,F4,42,-0.375,3.3969274,-2.0628896,7.9024484
VisualCogA_Task-1.mat,A,Task-1,R,F4,42,-0.37109375,3.2750363,-2.0855926,7.8684642
VisualCogA_Task-1.mat,A,Task-1,R,F4,42,-0.3671875,3.1524051,-2.0597406,7.7404624
VisualCogA_Task-1.mat,A,Task-1,R,F4,42,-0.36328125,3.0004636,-2.1404417,7.6786556
VisualCogA_Task-1.mat,A,Task-1,R,F4,42,-0.359375,2.7994093,-2.3025357,7.4649211
VisualCogA_Task-1.mat,A,Task-1,R,F4,42,-0.35546875,2.5384858,-2.6354755,7.1895828
VisualCogA_Task-1.mat,A,Task-1,R,F4,42,-0.3515625,2.2654931,-3.0036281,6.9525281
VisualCogA_Task-1.mat,A,Task-1,R,F4,42,-0.34765625,2.0023296,-3.2157956,6.7471345
VisualCogA_Task-1.mat,A,Task-1,R,F4,42,-0.34375,1.8056352,-3.4655058,6.6713422
VisualCogA_Task-1.mat,A,Task-1,R,F4,42,-0.33984375,1.7072571,-3.5876174,6.6157107
VisualCogA_Task-1.mat,A,Task-1,R,F4,42,-0.3359375,1.7118017,-3.6408166,6.487732
VisualCogA_Task-1.mat,A,Task-1,R,F4,42,-0.33203125,1.8047157,-3.5761647,6.5467148
VisualCogA_Task-1.mat,A,Task-1,R,F4,42,-0.328125,1.9749206,-3.4477274,6.8352016
VisualCogA_Task-1.mat,A,Task-1,R,F4,42,-0.32421875,2.1943895,-3.1612897,6.9640924
VisualCogA_Task-1.mat,A,Task-1,R,F4,42,-0.3203125,2.4279367,-2.8807915,7.1561437
VisualCogA_Task-1.mat,A,Task-1,R,F4,42,-0.31640625,2.6583675,-2.5452961,7.3680997
VisualCogA_Task-1.mat,A,Task-1,R,F4,42,-0.3125,2.8597317,-2.1685051,7.3329762
VisualCogA_Task-1.mat,A,Task-1,R,F4,42,-0.30859375,3.0248465,-1.7866997,7.3084465
VisualCogA_Task-1.mat,A,Task-1,R,F4,42,-0.3046875,3.1436982,-1.4227889,7.3015327
VisualCogA_Task-1.mat,A,Task-1,R,F4,42,-0.30078125,3.2108609,-1.1878385,7.2173709
VisualCogA_Task-1.mat,A,Task-1,R,F4,42,-0.296875,3.2249684,-1.1035358,7.2034602
VisualCogA_Task-1.mat,A,Task-1,R,F4,42,-0.29296875,3.2074442,-1.0581447,7.1680102
VisualCogA_Task-1.mat,A,Task-1,R,F4,42,-0.2890625,3.1563307,-1.0251206,7.1601379
VisualCogA_Task-1.mat,A,Task-1,R,F4,42,-0.28515625,3.1111079,-1.0345169,7.0108902
VisualCogA_Task-1.mat,A,Task-1,R,F4,42,-0.28125,3.062445,-1.0865267,6.9581366
VisualCogA_Task-1.mat,A,Task-1,R,F4,42,-0.27734375,3.0117565,-1.0741501,6.8254827
VisualCogA_Task-1.mat,A,Task-1,R,F4,42,-0.2734375,2.9585153,-1.0893064,6.6847346
VisualCogA_Task-1.mat,A,Task-1,R,F4,42,-0.26953125,2.8894321,-1.0829306,6.3895065
VisualCogA_Task-1.mat,A,Task-1,R,F4,42,-0.265625,2.7747259,-1.0440667,6.2507883
VisualCogA_Task-1.mat,A,Task-1,R,F4,42,-0.26171875,2.6057724,-1.0824089,6.0007714
VisualCogA_Task-1.mat,A,Task-1,R,F4,42,-0.2578125,2.3857769,-1.2801513,5.765575
VisualCogA_Task-1.mat,A,Task-1,R,F4,42,-0.25390625,2.1392613,-1.6300645,5.4637654
VisualCogA_Task-1.mat,A,Task-1,R,F4,42,-0.25,1.8832801,-1.880709,5.2299361
VisualCogA_Task-1.mat,A,Task-1,R,F4,42,-0.24609375,1.6195969,-2.1188954,5.0718882
VisualCogA_Task-1.mat,A,Task-1,R,F4,42,-0.2421875,1.3638652,-2.3881368,4.8810609
VisualCogA_Task-1.mat,A,Task-1,R,F4,42,-0.23828125,1.1371769,-2.6957893,4.6971786
VisualCogA_Task-1.mat,A,Task-1,R,F4,42,-0.234375,0.95120213,-2.9170924,4.5092279
VisualCogA_Task-1.mat,A,Task-1,R,F4,42,-0.23046875,0.80708946,-2.9774961,4.3364201
VisualCogA_Task-1.mat,A,Task-1,R,F4,42,-0.2265625,0.70848734,-3.0151744,4.1309961
VisualCogA_Task-1.mat,A,Task-1,R,F4,42,-0.22265625,0.64363987,-3.0767609,4.0160616
VisualCogA_Task-1.mat,A,Task-1,R,F4,42,-0.21875,0.61740131,-3.1419875,3.9750112
VisualCogA_Task-1.mat,A,Task-1,R,F4,42,-0.21484375,0.63265947,-2.971449,3.8292618
VisualCogA_Task-1.mat,A,Task-1,R,F4,42,-0.2109375,0.68937511,-2.9144107,3.8436293
VisualCogA_Task-1.mat,A,Task-1,R,F4,42,-0.20703125,0.76598249,-2.7266622,3.8610551
VisualCogA_Task-1.mat,A,Task-1,R,F4,42,-0.203125,0.8449417,-2.6782525,3.8970433
VisualCogA_Task-1.mat,A,Task-1,R,F4,42,-0.19921875,0.92336725,-2.60798,4.0077709
VisualCogA_Task-1.mat,A,Task-1,R,F4,42,-0.1953125,0.98807948,-2.6049169,4.0101285
VisualCogA_Task-1.mat,A,Task-1,R,F4,42,-0.19140625,1.0482379,-2.4607434,3.9661196
VisualCogA_Task-1.mat,A,Task-1,R,F4,42,-0.1875,1.097885,-2.2854117,3.870723
VisualCogA_Task-1.mat,A,Task-1,R,F4,42,-0.18359375,1.1517097,-2.0721633,3.7583698
VisualCogA_Task-1.mat,A,Task-1,R,F4,42,-0.1796875,1.2152669,-1.818837,3.8167297
VisualCogA_Task-1.mat,A,Task-1,R,F4,42,-0.17578125,1.2754776,-1.5953445,3.8131797
VisualCogA_Task-1.mat,A,Task-1,R,F4,42,-0.171875,1.3300931,-1.2500708,3.7008374
VisualCogA_Task-1.mat,A,Task-1,R,F4,42,-0.16796875,1.3751899,-0.99447725,3.6807206
VisualCogA_Task-1.mat,A,Task-1,R,F4,42,-0.1640625,1.3920364,-0.82245283,3.5971053
VisualCogA_Task-1.mat,A,Task-1,R,F4,42,-0.16015625,1.3481857,-0.71568411,3.5300428
VisualCogA_Task-1.mat,A,Task-1,R,F4,42,-0.15625,1.2380023,-0.82690545,3.3504885
VisualCogA_Task-1.mat,A,Task-1,R,F4,42,-0.15234375,1.084402,-0.91594632,3.0396883
VisualCogA_Task-1.mat,A,Task-1,R,F4,42,-0.1484375,0.90991228,-1.0933843,2.8322156
VisualCogA_Task-1.mat,A,Task-1,R,F4,42,-0.14453125,0.75516577,-1.2696554,2.6043997
VisualCogA_Task-1.mat,A,Task-1,R,F4,42,-0.140625,0.62244504,-1.3167036,2.3145428
VisualCogA_Task-1.mat,A,Task-1,R,F4,42,-0.13671875,0.49284887,-1.2841195,2.1254754
VisualCogA_Task-1.mat,A,Task-1,R,F4,42,-0.1328125,0.35611261,-1.3364221,2.0071549
VisualCogA_Task-1.mat,A,Task-1,R,F4,42,-0.12890625,0.20560608,-1.3939924,1.8601632
VisualCogA_Task-1.mat,A,Task-1,R,F4,42,-0.125,0.03606767,-1.4972274,1.574161
VisualCogA_Task-1.mat,A,Task-1,R,F4,42,-0.12109375,-0.14899443,-1.4936038,1.3838617
VisualCogA_Task-1.mat,A,Task-1,R,F4,42,-0.1171875,-0.34312491,-1.6152322,1.2112307
VisualCogA_Task-1.mat,A,Task-1,R,F4,42,-0.11328125,-0.53837238,-1.7293518,1.0084134
VisualCogA_Task-1.mat,A,Task-1,R,F4,42,-0.109375,-0.72955455,-1.910237,0.695044
VisualCogA_Task-1.mat,A,Task-1,R,F4,42,-0.10546875,-0.91661694,-2.0592828,0.49199662
VisualCogA_Task-1.mat,A,Task-1,R,F4,42,-0.1015625,-1.0887761,-2.266868,0.32772782
VisualCogA_Task-1.mat,A,Task-1,R,F4,42,-0.09765625,-1.2400657,-2.4193047,0.12178149
VisualCogA_Task-1.mat,A,Task-1,R,F4,42,-0.09375,-1.3641658,-2.6108667,-0.013297313
VisualCogA_Task-1.mat,A,Task-1,R,F4,42,-0.08984375,-1.4413709,-2.9126584,-0.012136682
VisualCogA_Task-1.mat,A,Task-1,R,F4,42,-0.0859375,-1.4841331,-2.9626564,0.077808803
VisualCogA_Task-1.mat,A,Task-1,R,F4,42,-0.08203125,-1.4880129,-3.0175479,0.096879102
VisualCogA_Task-1.mat,A,Task-1,R,F4,42,-0.078125,-1.4501144,-3.059695,0.15972798
VisualCogA_Task-1.mat,A,Task-1,R,F4,42,-0.07421875,-1.3718496,-3.0147221,0.24945095
VisualCogA_Task-1.mat,A,Task-1,R,F4,42,-0.0703125,-1.2744449,-2.9505283,0.35326993
VisualCogA_Task-1.mat,A,Task-1,R,F4,42,-0.06640625,-1.1713663,-2.9893656,0.50305551
VisualCogA_Task-1.mat,A,Task-1,R,F4,42,-0.0625,-1.0721038,-2.8431241,0.5852933
VisualCogA_Task-1.mat,A,Task-1,R,F4,42,-0.05859375,-0.96366654,-2.6072396,0.77006178
VisualCogA_Task-1.mat,A,Task-1,R,F4,42,-0.0546875,-0.84354078,-2.4697694,0.871966
VisualCogA_Task-1.mat,A,Task-1,R,F4,42,-0.05078125,-0.71557495,-2.4819828,1.1123872
VisualCogA_Task-1.mat,A,Task-1,R,F4,42,-0.046875,-0.60169372,-2.4580823,1.2284461
VisualCogA_Task-1.mat,A,Task-1,R,F4,42,-0.04296875,-0.51476913,-2.3970407,1.3985539
VisualCogA_Task-1.mat,A,Task-1,R,F4,42,-0.0390625,-0.43976845,-2.2977798,1.5816034
VisualCogA_Task-1.mat,A,Task-1,R,F4,42,-0.03515625,-0.36475407,-2.2684599,1.7269869
VisualCogA_Task-1.mat,A,Task-1,R,F4,42,-0.03125,-0.30194169,-2.3696416,1.9809644
VisualCogA_Task-1.mat,A,Task-1,R,F4,42,-0.02734375,-0.26180511,-2.5557354,2.0753039
VisualCogA_Task-1.mat,A,Task-1,R,F4,42,-0.0234375,-0.2525758,-2.640205,2.2670656
VisualCogA_Task-1.mat,A,Task-1,R,F4,42,-0.01953125,-0.26118155,-2.8849115,2.4713305
VisualCogA_Task-1.mat,A,Task-1,R,F4,42,-0.015625,-0.2662532,-2.9994917,2.6812463
VisualCogA_Task-1.mat,A,Task-1,R,F4,42,-0.01171875,-0.25214173,-3.2687612,2.8772415
VisualCogA_Task-1.mat,A,Task-1,R,F4,42,-0.0078125,-0.21499001,-3.4242543,3.1571111
VisualCogA_Task-1.mat,A,Task-1,R,F4,42,-0.00390625,-0.15984155,-3.5500962,3.291351
VisualCogA_Task-1.mat,A,Task-1,R,F4,42,0,-0.10595388,-3.7320616,3.5133395
VisualCogA_Task-1.mat,A,Task-1,R,F4,42,0.00390625,-0.071737896,-3.9265555,3.7450684
VisualCogA_Task-1.mat,A,Task-1,R,F4,42,0.0078125,-0.050871162,-4.1054886,3.9785126
VisualCogA_Task-1.mat,A,Task-1,R,F4,42,0.01171875,-0.065855304,-4.3773938,4.0711225
VisualCogA_Task-1.mat,A,Task-1,R,F4,42,0.015625,-0.10669735,-4.6565609,4.0981964
VisualCogA_Task-1.mat,A,Task-1,R,F4,42,0.01953125,-0.17348032,-4.7625901,4.1582453
VisualCogA_Task-1.mat,A,Task-1,R,F4,42,0.0234375,-0.22858999,-4.7859967,4.0864413
VisualCogA_Task-1.mat,A,Task-1,R,F4,42,0.02734375,-0.26354246,-4.805851,3.9690064
VisualCogA_Task-1.mat,A,Task-1,R,F4,42,0.03125,-0.28163658,-4.6602469,3.9147066
VisualCogA_Task-1.mat,A,Task-1,R,F4,42,0.03515625,-0.26237697,-4.4891078,3.8404691
VisualCogA_Task-1.mat,A,Task-1,R,F4,42,0.0390625,-0.21806616,-4.3384031,3.7634407
VisualCogA_Task-1.mat,A,Task-1,R,F4,42,0.04296875,-0.15207331,-4.174634,3.7990276
VisualCogA_Task-1.mat,A,Task-1,R,F4,42,0.046875,-0.076548852,-4.0776618,3.7998988
VisualCogA_Task-1.mat,A,Task-1,R,F4,42,0.05078125,-0.0028968412,-3.8840774,3.8185286
VisualCogA_Task-1.mat,A,Task-1,R,F4,42,0.0546875,0.075977606,-3.7400699,3.8774019
VisualCogA_Task-1.mat,A,Task-1,R,F4,42,0.05859375,0.15868563,-3.4990547,3.942576
VisualCogA_Task-1.mat,A,Task-1,R,F4,42,0.0625,0.21479532,-3.3310634,3.9867395
VisualCogA_Task-1.mat,A,Task-1,R,F4,42,0.06640625,0.26560085,-3.3166121,4.1099532
VisualCogA_Task-1.mat,A,Task-1,R,F4,42,0.0703125,0.28003744,-3.3679904,4.240067
VisualCogA_Task-1.mat,A,Task-1,R,F4,42,0.07421875,0.23193609,-3.5216485,4.3751424
VisualCogA_Task-1.mat,A,Task-1,R,F4,42,0.078125,0.11916107,-3.7300857,4.4421558
VisualCogA_Task-1.mat,A,Task-1,R,F4,42,0.08203125,-0.062915816,-3.9793435,4.3469907
VisualCogA_Task-1.mat,A,Task-1,R,F4,42,0.0859375,-0.30161258,-4.3581052,4.2577529
VisualCogA_Task-1.mat,A,Task-1,R,F4,42,0.08984375,-0.57525145,-4.7264555,4.1386744
VisualCogA_Task-1.mat,A,Task-1,R,F4,42,0.09375,-0.85777624,-5.1987145,3.9834848
VisualCogA_Task-1.mat,A,Task-1,R,F4,42,0.09765625,-1.127581,-5.727773,3.8201727
VisualCogA_Task-1.mat,A,Task-1,R,F4,42,0.1015625,-1.3850049,-6.1140306,3.7488364
VisualCogA_Task-1.mat,A,Task-1,R,F4,42,0.10546875,-1.6331687,-6.4719213,3.5774865
VisualCogA_Task-1.mat,A,Task-1,R,F4,42,0.109375,-1.8836364,-6.7858351,3.5826465
VisualCogA_Task-1.mat,A,Task-1,R,F4,42,0.11328125,-2.1553103,-7.2109122,3.4566142
VisualCogA_Task-1.mat,A,Task-1,R,F4,42,0.1171875,-2.4490821,-7.5700182,3.1601863
VisualCogA_Task-1.mat,A,Task-1,R,F4,42,0.12109375,-2.7585219,-8.0042801,2.8161876
VisualCogA_Task-1.mat,A,Task-1,R,F4,42,0.125,-3.0680088,-8.4347689,2.41518
VisualCogA_Task-1.mat,A,Task-1,R,F4,42,0.12890625,-3.3703661,-8.8091161,2.2206549
VisualCogA_Task-1.mat,A,Task-1,R,F4,42,0.1328125,-3.6222269,-9.2649476,2.0693922
VisualCogA_Task-1.mat,A,Task-1,R,F4,42,0.13671875,-3.8004883,-9.4836047,1.9805698
VisualCogA_Task-1.mat,A,Task-1,R,F4,42,0.140625,-3.8758937,-9.6926535,1.9283846
VisualCogA_Task-1.mat,A,Task-1,R,F4,42,0.14453125,-3.8703161,-9.8825472,2.112411
VisualCogA_Task-1.mat,A,Task-1,R,F4,42,0.1484375,-3.7678779,-10.02828,2.2958545
VisualCogA_Task-1.mat,A,Task-1,R,F4,42,0.15234375,-3.5737255,-9.8326481,2.6274319
VisualCogA_Task-1.mat,A,Task-1,R,F4,42,0.15625,-3.3348889,-9.6168998,2.8362355
VisualCogA_Task-1.mat,A,Task-1,R,F4,42,0.16015625,-3.0661029,-9.2767735,3.1747871
VisualCogA_Task-1.mat,A,Task-1,R,F4,42,0.1640625,-2.7836164,-8.9263444,3.3538543
VisualCogA_Task-1.mat,A,Task-1,R,F4,42,0.16796875,-2.4979762,-8.7333312,3.5132892
VisualCogA_Task-1.mat,A,Task-1,R,F4,42,0.171875,-2.2083478,-8.4705189,3.7423189
VisualCogA_Task-1.mat,A,Task-1,R,F4,42,0.17578125,-1.9472096,-8.2648682,3.9109535
VisualCogA_Task-1.mat,A,Task-1,R,F4,42,0.1796875,-1.7234062,-8.0486398,4.2286986
VisualCogA_Task-1.mat,A,Task-1,R,F4,42,0.18359375,-1.5345302,-7.9125139,4.3532717
VisualCogA_Task-1.mat,A,Task-1,R,F4,42,0.1875,-1.4025594,-7.8562003,4.5775185
VisualCogA_Task-1.mat,A,Task-1,R,F4,42,0.19140625,-1.308889,-7.8045997,4.682955
VisualCogA_Task-1.mat,A,Task-1,R,F4,42,0.1953125,-1.284512,-7.7854065,4.6659051
VisualCogA_Task-1.mat,A,Task-1,R,F4,42,0.19921875,-1.3653691,-7.8711472,4.5579578
VisualCogA_Task-1.mat,A,Task-1,R,F4,42,0.203125,-1.514674,-8.0900512,4.5707001
VisualCogA_Task-1.mat,A,Task-1,R,F4,42,0.20703125,-1.7077426,-8.3978259,4.4431947
VisualCogA_Task-1.mat,A,Task-1,R,F4,42,0.2109375,-1.9498558,-8.8215126,4.4287491
VisualCogA_Task-1.mat,A,Task-1,R,F4,42,0.21484375,-2.2256052,-8.834551,4.2524532
VisualCogA_Task-1.mat,A,Task-1,R,F4,42,0.21875,-2.5221585,-9.1756123,4.1043544
VisualCogA_Task-1.mat,A,Task-1,R,F4,42,0.22265625,-2.8020669,-9.4352226,3.8299719
VisualCogA_Task-1.mat,A,Task-1,R,F4,42,0.2265625,-3.0633182,-9.7734951,3.703437
VisualCogA_Task-1.mat,A,Task-1,R,F4,42,0.23046875,-3.2798221,-10.195202,3.4692864
VisualCogA_Task-1.mat,A,Task-1,R,F4,42,0.234375,-3.455511,-10.709155,3.3402092
VisualCogA_Task-1.mat,A,Task-1,R,F4,42,0.23828125,-3.5938371,-11.011125,3.3380201
VisualCogA_Task-1.mat,A,Task-1,R,F4,42,0.2421875,-3.6905948,-11.241498,3.4107538
VisualCogA_Task-1.mat,A,Task-1,R,F4,42,0.24609375,-3.7335393,-11.546202,3.4193053
VisualCogA_Task-1.mat,A,Task-1,R,F4,42,0.25,-3.7216292,-11.62392,3.6050639
VisualCogA_Task-1.mat,A,Task-1,R,F4,42,0.25390625,-3.6510837,-11.604005,3.7726198
VisualCogA_Task-1.mat,A,Task-1,R,F4,42,0.2578125,-3.5042127,-11.551814,3.9575093
VisualCogA_Task-1.mat,A,Task-1,R,F4,42,0.26171875,-3.2997639,-11.440587,4.1700059
VisualCogA_Task-1.mat,A,Task-1,R,F4,42,0.265625,-3.0179678,-11.229183,4.434365
VisualCogA_Task-1.mat,A,Task-1,R,F4,42,0.26953125,-2.6809306,-10.884446,4.8972344
VisualCogA_Task-1.mat,A,Task-1,R,F4,42,0.2734375,-2.327343,-10.545205,5.355131
VisualCogA_Task-1.mat,A,Task-1,R,F4,42,0.27734375,-1.9497478,-10.273474,5.8153364
VisualCogA_Task-1.mat,A,Task-1,R,F4,42,0.28125,-1.5698458,-10.088554,6.2219217
VisualCogA_Task-1.mat,A,Task-1,R,F4,42,0.28515625,-1.200747,-9.8093974,6.3950429
VisualCogA_Task-1.mat,A,Task-1,R,F4,42,0.2890625,-0.85973209,-9.4754568,6.5596125
VisualCogA_Task-1.mat,A,Task-1,R,F4,42,0.29296875,-0.55486853,-9.2097724,6.6824032
VisualCogA_Task-1.mat,A,Task-1,R,F4,42,0.296875,-0.25402145,-8.9765496,6.7415631
VisualCogA_Task-1.mat,A,Task-1,R,F4,42,0.30078125,0.051965734,-8.5792734,6.7823461
VisualCogA_Task-1.mat,A,Task-1,R,F4,42,0.3046875,0.36495557,-8.1197085,6.9109386
VisualCogA_Task-1.mat,A,Task-1,R,F4,42,0.30859375,0.67335557,-7.6428896,6.9797275
VisualCogA_Task-1.mat,A,Task-1,R,F4,42,0.3125,0.92951497,-7.1854462,7.0763842
VisualCogA_Task-1.mat,A,Task-1,R,F4,42,0.31640625,1.1272459,-6.8547717,7.3953552
VisualCogA_Task-1.mat,A,Task-1,R,F4,42,0.3203125,1.2932763,-6.6293425,7.4790565
VisualCogA_Task-1.mat,A,Task-1,R,F4,42,0.32421875,1.4128795,-6.3893573,7.5996995
VisualCogA_Task-1.mat,A,Task-1,R,F4,42,0.328125,1.4883432,-6.1157999,7.8495234
VisualCogA_Task-1.mat,A,Task-1,R,F4,42,0.33203125,1.5540374,-5.8343727,8.0518493
VisualCogA_Task-1.mat,A,Task-1,R,F4,42,0.3359375,1.6377717,-5.8080305,8.1149642
VisualCogA_Task-1.mat,A,Task-1,R,F4,42,0.33984375,1.7290747,-5.6001028,8.3598903
VisualCogA_Task-1.mat,A,Task-1,R,F4,42,0.34375,1.7799436,-5.4312383,8.4120734
VisualCogA_Task-1.mat,A,Task-1,R,F4,42,0.34765625,1.7719932,-5.5505184,8.4364628
VisualCogA_Task-1.mat,A,Task-1,R,F4,42,0.3515625,1.681997,-5.5839497,8.4473955
VisualCogA_Task-1.mat,A,Task-1,R,F4,42,0.35546875,1.5016706,-5.693695,8.435378
VisualCogA_Task-1.mat,A,Task-1,R,F4,42,0.359375,1.2581248,-5.9278821,8.3366193
VisualCogA_Task-1.mat,A,Task-1,R,F4,42,0.36328125,0.9924469,-6.0704257,8.1552432
VisualCogA_Task-1.mat,A,Task-1,R,F4,42,0.3671875,0.7083537,-6.3084038,7.946448
VisualCogA_Task-1.mat,A,Task-1,R,F4,42,0.37109375,0.44329819,-6.4996553,7.7570121
VisualCogA_Task-1.mat,A,Task-1,R,F4,42,0.375,0.20516181,-6.7820763,7.3967897
VisualCogA_Task-1.mat,A,Task-1,R,F4,42,0.37890625,-0.024769464,-7.156302,7.1647195
VisualCogA_Task-1.mat,A,Task-1,R,F4,42,0.3828125,-0.24218883,-7.6436355,6.8871988
VisualCogA_Task-1.mat,A,Task-1,R,F4,42,0.38671875,-0.48987964,-8.0386311,6.6498024
VisualCogA_Task-1.mat,A,Task-1,R,F4,42,0.390625,-0.77825512,-8.541173,6.2938676
VisualCogA_Task-1.mat,A,Task-1,R,F4,42,0.39453125,-1.1330104,-9.0186205,5.9285308
VisualCogA_Task-1.mat,A,Task-1,R,F4,42,0.3984375,-1.5606444,-9.5233903,5.5539013
VisualCogA_Task-1.mat,A,Task-1,R,F4,42,0.40234375,-2.0264492,-10.009724,5.0584577
VisualCogA_Task-1.mat,A,Task-1,R,F4,42,0.40625,-2.4912196,-10.54971,4.7312299
VisualCogA_Task-1.mat,A,Task-1,R,F4,42,0.41015625,-2.9050493,-11.177923,4.1944788
VisualCogA_Task-1.mat,A,Task-1,R,F4,42,0.4140625,-3.2515999,-11.69562,3.7565052
VisualCogA_Task-1.mat,A,Task-1,R,F4,42,0.41796875,-3.5161409,-12.24106,3.6508478
VisualCogA_Task-1.mat,A,Task-1,R,F4,42,0.421875,-3.6889199,-12.821349,3.6081088
VisualCogA_Task-1.mat,A,Task-1,R,F4,42,0.42578125,-3.7855377,-12.892922,3.5969891
VisualCogA_Task-1.mat,A,Task-1,R,F4,42,0.4296875,-3.8298988,-12.957748,3.6550545
VisualCogA_Task-1.mat,A,Task-1,R,F4,42,0.43359375,-3.8592668,-13.279244,3.704485
VisualCogA_Task-1.mat,A,Task-1,R,F4,42,0.4375,-3.8902478,-13.516873,3.5912572
VisualCogA_Task-1.mat,A,Task-1,R,F4,42,0.44140625,-3.9209146,-13.646045,3.3687539
VisualCogA_Task-1.mat,A,Task-1,R,F4,42,0.4453125,-3.9684048,-13.682565,3.0618312
VisualCogA_Task-1.mat,A,Task-1,R,F4,42,0.44921875,-4.0438335,-13.914687,2.8991374
VisualCogA_Task-1.mat,A,Task-1,R,F4,42,0.453125,-4.1524713,-14.128755,2.7656015
VisualCogA_Task-1.mat,A,Task-1,R,F4,42,0.45703125,-4.3365745,-14.305527,2.6351617
VisualCogA_Task-1.mat,A,Task-1,R,F4,42,0.4609375,-4.5493271,-14.523968,2.5287082
VisualCogA_Task-1.mat,A,Task-1,R,F4,42,0.46484375,-4.7800631,-14.733961,2.4141412
VisualCogA_Task-1.mat,A,Task-1,R,F4,42,0.46875,-5.0201834,-14.978019,2.229662
VisualCogA_Task-1.mat,A,Task-1,R,F4,42,0.47265625,-5.2704843,-15.183665,1.9113494
VisualCogA_Task-1.mat,A,Task-1,R,F4,42,0.4765625,-5.5125865,-15.248892,1.5360393
VisualCogA_Task-1.mat,A,Task-1,R,F4,42,0.48046875,-5.7474143,-15.280936,1.1249857
VisualCogA_Task-1.mat,A,Task-1,R,F4,42,0.484375,-5.9899498,-15.415713,0.72508509
VisualCogA_Task-1.mat,A,Task-1,R,F4,42,0.48828125,-6.2087212,-15.438404,0.3810435
VisualCogA_Task-1.mat,A,Task-1,R,F4,42,0.4921875,-6.3854536,-15.45648,0.11457788
VisualCogA_Task-1.mat,A,Task-1,R,F4,42,0.49609375,-6.5292947,-15.527964,-0.087390598
VisualCogA_Task-1.mat,A,Task-1,R,F4,42,0.5,-6.6315565,-15.567743,-0.22747887
VisualCogA_Task-1.mat,A,Task-1,R,F4,42,0.50390625,-6.7123837,-15.63725,-0.3239941
VisualCogA_Task-1.mat,A,Task-1,R,F4,42,0.5078125,-6.7615626,-15.619654,-0.35939033
VisualCogA_Task-1.mat,A,Task-1,R,F4,42,0.51171875,-6.8113474,-15.706686,-0.37639965
VisualCogA_Task-1.mat,A,Task-1,R,F4,42,0.515625,-6.8334202,-15.680915,-0.4083783
VisualCogA_Task-1.mat,A,Task-1,R,F4,42,0.51953125,-6.8125193,-15.597006,-0.36332064
VisualCogA_Task-1.mat,A,Task-1,R,F4,42,0.5234375,-6.7157112,-15.403202,-0.44258543
VisualCogA_Task-1.mat,A,Task-1,R,F4,42,0.52734375,-6.5454958,-15.281872,-0.49904675
VisualCogA_Task-1.mat,A,Task-1,R,F4,42,0.53125,-6.3224955,-15.015461,-0.48337812
VisualCogA_Task-1.mat,A,Task-1,R,F4,42,0.53515625,-6.0484001,-14.672846,-0.27857007
VisualCogA_Task-1.mat,A,Task-1,R,F4,42,0.5390625,-5.728895,-14.180528,0.0087044304
VisualCogA_Task-1.mat,A,Task-1,R,F4,42,0.54296875,-5.4043544,-13.555776,0.089362791
VisualCogA_Task-1.mat,A,Task-1,R,F4,42,0.546875,-5.0879233,-12.95144,0.17595057
VisualCogA_Task-1.mat,A,Task-1,R,F4,42,0.55078125,-4.8052318,-12.390768,0.28724046
VisualCogA_Task-1.mat,A,Task-1,R,F4,42,0.5546875,-4.5782968,-11.806304,0.26999897
VisualCogA_Task-1.mat,A,Task-1,R,F4,42,0.55859375,-4.4165759,-11.448053,0.25624616
VisualCogA_Task-1.mat,A,Task-1,R,F4,42,0.5625,-4.3321808,-11.247034,0.17282741
VisualCogA_Task-1.mat,A,Task-1,R,F4,42,0.56640625,-4.323875,-11.248264,0.15732589
VisualCogA_Task-1.mat,A,Task-1,R,F4,42,0.5703125,-4.3684906,-11.427025,0.07542658
VisualCogA_Task-1.mat,A,Task-1,R,F4,42,0.57421875,-4.5036372,-11.644936,-0.086067644
VisualCogA_Task-1.mat,A,Task-1,R,F4,42,0.578125,-4.7012674,-11.925841,-0.12072102
VisualCogA_Task-1.mat,A,Task-1,R,F4,42,0.58203125,-4.9933454,-12.255575,-0.23423747
VisualCogA_Task-1.mat,A,Task-1,R,F4,42,0.5859375,-5.3705348,-12.544953,-0.50810694
VisualCogA_Task-1.mat,A,Task-1,R,F4,42,0.58984375,-5.8212587,-12.944546,-1.0416912
VisualCogA_Task-1.mat,A,Task-1,R,F4,42,0.59375,-6.3192043,-13.38991,-1.6853548
VisualCogA_Task-1.mat,A,Task-1,R,F4,42,0.59765625,-6.8241868,-13.892891,-2.0794533
VisualCogA_Task-1.mat,A,Task-1,R,F4,42,0.6015625,-7.3031738,-14.408702,-2.6466716
VisualCogA_Task-1.mat,A,Task-1,R,F4,42,0.60546875,-7.7177518,-14.939762,-3.0209779
VisualCogA_Task-1.mat,A,Task-1,R,F4,42,0.609375,-8.0726736,-15.437576,-3.3323046
VisualCogA_Task-1.mat,A,Task-1,R,F4,42,0.61328125,-8.3793915,-15.809874,-3.5535478
VisualCogA_Task-1.mat,A,Task-1,R,F4,42,0.6171875,-8.6339074,-16.085725,-3.6528661
VisualCogA_Task-1.mat,A,Task-1,R,F4,42,0.62109375,-8.8744899,-16.405004,-3.7169136
VisualCogA_Task-1.mat,A,Task-1,R,F4,42,0.625,-9.0852846,-16.715575,-3.8978546
VisualCogA_Task-1.mat,A,Task-1,R,F4,42,0.62890625,-9.2639071,-16.987292,-3.9910534
VisualCogA_Task-1.mat,A,Task-1,R,F4,42,0.6328125,-9.3720437,-17.335877,-3.9716177
VisualCogA_Task-1.mat,A,Task-1,R,F4,42,0.63671875,-9.3933112,-17.532611,-3.782451
VisualCogA_Task-1.mat,A,Task-1,R,F4,42,0.640625,-9.3040112,-17.67772,-3.5984901
VisualCogA_Task-1.mat,A,Task-1,R,F4,42,0.64453125,-9.1305285,-17.633339,-3.3613119
VisualCogA_Task-1.mat,A,Task-1,R,F4,42,0.6484375,-8.8589035,-17.481634,-3.0620202
VisualCogA_Task-1.mat,A,Task-1,R,F4,42,0.65234375,-8.4936262,-17.124291,-2.4637426
VisualCogA_Task-1.mat,A,Task-1,R,F4,42,0.65625,-8.0396068,-16.651942,-1.9048212
VisualCogA_Task-1.mat,A,Task-1,R,F4,42,0.66015625,-7.5190334,-16.174202,-1.3553637
VisualCogA_Task-1.mat,A,Task-1,R,F4,42,0.6640625,-6.9132471,-15.598867,-0.644665
VisualCogA_Task-1.mat,A,Task-1,R,F4,42,0.66796875,-6.2520918,-15.001195,0.29956258
VisualCogA_Task-1.mat,A,Task-1,R,F4,42,0.671875,-5.561595,-14.487894,1.3060255
VisualCogA_Task-1.mat,A,Task-1,R,F4,42,0.67578125,-4.8452369,-14.139945,2.312435
VisualCogA_Task-1.mat,A,Task-1,R,F4,42,0.6796875,-4.1266049,-13.724251,3.2657655
VisualCogA_Task-1.mat,A,Task-1,R,F4,42,0.68359375,-3.4059327,-13.282574,4.0874969
VisualCogA_Task-1.mat,A,Task-1,R,F4,42,0.6875,-2.6908618,-12.857152,4.8135188
VisualCogA_Task-1.mat,A,Task-1,R,F4,42,0.69140625,-2.0431174,-12.416605,5.684451
VisualCogA_Task-1.mat,A,Task-1,R,F4,42,0.6953125,-1.4026932,-11.814763,6.6229515
VisualCogA_Task-1.mat,A,Task-1,R,F4,42,0.69921875,-0.74428901,-11.106416,7.7005565
VisualCogA_Task-1.mat,A,Task-1,R,F4,42,0.703125,-0.054738376,-10.431602,8.5550589
VisualCogA_Task-1.mat,A,Task-1,R,F4,42,0.70703125,0.68890718,-10.057281,9.7072204
VisualCogA_Task-1.mat,A,Task-1,R,F4,42,0.7109375,1.4941794,-9.5160274,10.872672
VisualCogA_Task-1.mat,A,Task-1,R,F4,42,0.71484375,2.3379795,-8.842363,12.196549
VisualCogA_Task-1.mat,A,Task-1,R,F4,42,0.71875,3.2260995,-8.4081902,13.444561
VisualCogA_Task-1.mat,A,Task-1,R,F4,42,0.72265625,4.1349023,-8.1178101,15.028552
VisualCogA_Task-1.mat,A,Task-1,R,F4,42,0.7265625,5.0485424,-7.6203987,16.967228
VisualCogA_Task-1.mat,A,Task-1,R,F4,42,0.73046875,5.9335213,-7.0499571,18.572394
VisualCogA_Task-1.mat,A,Task-1,R,F4,42,0.734375,6.8028835,-6.4749748,19.799848
VisualCogA_Task-1.mat,A,Task-1,R,F4,42,0.73828125,7.7222986,-5.7730832,21.446699
VisualCogA_Task-1.mat,A,Task-1,R,F4,42,0.7421875,8.6867857,-5.2616297,23.276511
VisualCogA_Task-1.mat,A,Task-1,R,F4,42,0.74609375,9.7021998,-4.6566831,25.028108
VisualCogA_Task-1.mat,A,Task-1,R,F4,42,0.75,10.753298,-4.0980655,26.46382
VisualCogA_Task-1.mat,A,Task-1,R,F4,42,0.75390625,11.814521,-3.3804854,27.93002
VisualCogA_Task-1.mat,A,Task-1,R,F4,42,0.7578125,12.889952,-2.5825558,29.225135
VisualCogA_Task-1.mat,A,Task-1,R,F4,42,0.76171875,13.952393,-1.6881732,30.585867
VisualCogA_Task-1.mat,A,Task-1,R,F4,42,0.765625,15.011854,-0.71044744,32.190424
VisualCogA_Task-1.mat,A,Task-1,R,F4,42,0.76953125,16.04934,0.037072726,33.252819
VisualCogA_Task-1.mat,A,Task-1,R,F4,42,0.7734375,17.031804,0.7862205,34.526705
VisualCogA_Task-1.mat,A,Task-1,R,F4,42,0.77734375,17.950291,1.660007,35.243889
VisualCogA_Task-1.mat,A,Task-1,R,F4,42,0.78125,18.785666,2.3997872,36.004607
VisualCogA_Task-1.mat,A,Task-1,R,F4,42,0.78515625,19.511556,2.875184,36.93869
VisualCogA_Task-1.mat,A,Task-1,R,F4,42,0.7890625,20.11616,3.5604819,37.854938
VisualCogA_Task-1.mat,A,Task-1,R,F4,42,0.79296875,20.599465,3.935063,38.171145
VisualCogA_Task-1.mat,A,Task-1,R,F4,42,0.796875,20.953683,4.4800249,38.164073
VisualCogA_Task-1.mat,A,Task-1,R,F4,42,0.80078125,21.191743,5.0381981,37.75733
VisualCogA_Task-1.mat,A,Task-1,R,F4,42,0.8046875,21.314555,5.4397997,37.509161
VisualCogA_Task-1.mat,A,Task-1,R,F4,42,0.80859375,21.333104,5.7200041,37.142555
VisualCogA_Task-1.mat,A,Task-1,R,F4,42,0.8125,21.27482,6.2095729,36.785482
VisualCogA_Task-1.mat,A,Task-1,R,F4,42,0.81640625,21.122515,6.5297055,36.330265
VisualCogA_Task-1.mat,A,Task-1,R,F4,42,0.8203125,20.851431,6.6831219,35.619789
VisualCogA_Task-1.mat,A,Task-1,R,F4,42,0.82421875,20.463109,6.7983447,34.719743
VisualCogA_Task-1.mat,A,Task-1,R,F4,42,0.828125,19.930552,6.5468717,34.06574
VisualCogA_Task-1.mat,A,Task-1,R,F4,42,0.83203125,19.272345,6.1204897,33.343688
VisualCogA_Task-1.mat,A,Task-1,R,F4,42,0.8359375,18.528765,5.7719149,32.023309
VisualCogA_Task-1.mat,A,Task-1,R,F4,42,0.83984375,17.69859,5.483986,30.537476
VisualCogA_Task-1.mat,A,Task-1,R,F4,42,0.84375,16.802867,5.1607421,28.974928
VisualCogA_Task-1.mat,A,Task-1,R,F4,42,0.84765625,15.854453,4.6841295,27.553514
VisualCogA_Task-1.mat,A,Task-1,R,F4,42,0.8515625,14.922476,4.4270377,26.068542
VisualCogA_Task-1.mat,A,Task-1,R,F4,42,0.85546875,14.032012,3.8945483,24.502505
VisualCogA_Task-1.mat,A,Task-1,R,F4,42,0.859375,13.148228,3.342163,23.098466
VisualCogA_Task-1.mat,A,Task-1,R,F4,42,0.86328125,12.297764,2.7367015,21.820357
VisualCogA_Task-1.mat,A,Task-1,R,F4,42,0.8671875,11.488182,1.989562,20.811436
VisualCogA_Task-1.mat,A,Task-1,R,F4,42,0.87109375,10.748064,1.2914664,20.289862
VisualCogA_Task-1.mat,A,Task-1,R,F4,42,0.875,10.101776,0.68696901,19.551956
VisualCogA_Task-1.mat,A,Task-1,R,F4,42,0.87890625,9.5343193,0.24772078,18.612734
VisualCogA_Task-1.mat,A,Task-1,R,F4,42,0.8828125,9.0491548,-0.11715962,17.793115
VisualCogA_Task-1.mat,A,Task-1,R,F4,42,0.88671875,8.6092314,-0.25088226,16.996587
VisualCogA_Task-1.mat,A,Task-1,R,F4,42,0.890625,8.1861146,-0.57689678,16.269962
VisualCogA_Task-1.mat,A,Task-1,R,F4,42,0.89453125,7.7709542,-0.68261431,15.75304
VisualCogA_Task-1.mat,A,Task-1,R,F4,42,0.8984375,7.3418936,-0.77241671,15.005473
VisualCogA_Task-1.mat,A,Task-1,R,F4,42,0.90234375,6.902951,-0.84925213,14.353299
VisualCogA_Task-1.mat,A,Task-1,R,F4,42,0.90625,6.4516687,-0.95194508,13.585075
VisualCogA_Task-1.mat,A,Task-1,R,F4,42,0.91015625,5.9966605,-1.1989852,12.88712
VisualCogA_Task-1.mat,A,Task-1,R,F4,42,0.9140625,5.5381845,-1.3668268,12.15301
VisualCogA_Task-1.mat,A,Task-1,R,F4,42,0.91796875,5.0869831,-1.6836595,11.497979
VisualCogA_Task-1.mat,A,Task-1,R,F4,42,0.921875,4.6483173,-2.1265638,10.980396
VisualCogA_Task-1.mat,A,Task-1,R,F4,42,0.92578125,4.1856769,-2.4993511,10.405669
VisualCogA_Task-1.mat,A,Task-1,R,F4,42,0.9296875,3.6827437,-3.0245969,9.7344911
VisualCogA_Task-1.mat,A,Task-1,R,F4,42,0.93359375,3.1582662,-3.4302859,9.1150365
VisualCogA_Task-1.mat,A,Task-1,R,F4,42,0.9375,2.5997874,-3.9272178,8.6569235
VisualCogA_Task-1.mat,A,Task-1,R,F4,42,0.94140625,1.9323691,-4.6433921,7.9613037
VisualCogA_Task-1.mat,A,Task-1,R,F4,42,0.9453125,1.271439,-5.5013942,7.3338474
VisualCogA_Task-1.mat,A,Task-1,R,F4,42,0.94921875,0.625711,-6.1982825,6.5111673
VisualCogA_Task-1.mat,A,Task-1,R,F4,42,0.953125,0.0038993149,-6.6391704,5.8415937
VisualCogA_Task-1.mat,A,Task-1,R,F4,42,0.95703125,-0.58528203,-7.2379317,5.1816316
VisualCogA_Task-1.mat,A,Task-1,R,F4,42,0.9609375,-1.133119,-7.7465332,4.7612423
VisualCogA_Task-1.mat,A,Task-1,R,F4,42,0.96484375,-1.6308974,-8.176905,4.5204202
VisualCogA_Task-1.mat,A,Task-1,R,F4,42,0.96875,-2.0699033,-8.5098936,4.3162995
VisualCogA_Task-1.mat,A,Task-1,R,F4,42,0.97265625,-2.4414226,-8.8462295,4.1588004
VisualCogA_Task-1.mat,A,Task-1,R,F4,42,0.9765625,-2.7367412,-9.1646214,4.0335442
VisualCogA_Task-1.mat,A,Task-1,R,F4,42,0.98046875,-2.9471451,-9.5144611,4.1548488
VisualCogA_Task-1.mat,A,Task-1,R,F4,42,0.984375,-3.0639201,-9.4895174,4.4876011
VisualCogA_Task-1.mat,A,Task-1,R,F4,42,0.98828125,-3.0783523,-10.18961,4.9979496
VisualCogA_Task-1.mat,A,Task-1,R,F4,42,0.9921875,-2.9817274,-10.165038,5.6631536
VisualCogA_Task-1.mat,A,Task-1,R,F4,42,0.99609375,-2.7653316,-10.629976,6.447377
VisualCogA_Task-2.mat,A,Task-2,L,Fz,52,-0.5,5.0855378,-0.69887705,11.414609
VisualCogA_Task-2.mat,A,Task-2,L,Fz,52,-0.49609375,5.4869013,-0.0058606766,11.400306
VisualCogA_Task-2.mat,A,Task-2,L,Fz,52,-0.4921875,5.8393299,0.43020649,11.734183
VisualCogA_Task-2.mat,A,Task-2,L,Fz,52,-0.48828125,6.1461775,0.61700386,11.765227
VisualCogA_Task-2.mat,A,Task-2,L,Fz,52,-0.484375,6.410798,0.77241216,12.064826
VisualCogA_Task-2.mat,A,Task-2,L,Fz,52,-0.48046875,6.6365456,0.99177598,12.285222
VisualCogA_Task-2.mat,A,Task-2,L,Fz,52,-0.4765625,6.826774,1.0482566,12.48304
VisualCogA_Task-2.mat,A,Task-2,L,Fz,52,-0.47265625,6.9848373,1.15173,12.778387
VisualCogA_Task-2.mat,A,Task-2,L,Fz,52,-0.46875,7.1140895,1.3378227,13.093564
VisualCogA_Task-2.mat,A,Task-2,L,Fz,52,-0.46484375,7.2178844,1.2963811,13.231998
VisualCogA_Task-2.mat,A,Task-2,L,Fz,52,-0.4609375,7.299576,1.3881702,13.255089
VisualCogA_Task-2.mat,A,Task-2,L,Fz,52,-0.45703125,7.3625183,1.597303,13.316229
VisualCogA_Task-2.mat,A,Task-2,L,Fz,52,-0.453125,7.4100653,1.820637,13.249277
VisualCogA_Task-2.mat,A,Task-2,L,Fz,52,-0.44921875,7.4455709,2.0168022,13.271173
VisualCogA_Task-2.mat,A,Task-2,L,Fz,52,-0.4453125,7.472389,1.8883578,13.346134
VisualCogA_Task-2.mat,A,Task-2,L,Fz,52,-0.44140625,7.4938737,1.8502288,13.364206
VisualCogA_Task-2.mat,A,Task-2,L,Fz,52,-0.4375,7.6795222,2.0908232,13.394012
VisualCogA_Task-2.mat,A,Task-2,L,Fz,52,-0.43359375,7.8440176,2.2641664,13.326761
VisualCogA_Task-2.mat,A,Task-2,L,Fz,52,-0.4296875,7.9655917,2.4333516,13.279968
VisualCogA_Task-2.mat,A,Task-2,L,Fz,52,-0.42578125,8.020142,2.5461423,13.239635
VisualCogA_Task-2.mat,A,Task-2,L,Fz,52,-0.421875,8.0108537,2.5354593,12.996638
VisualCogA_Task-2.mat,A,Task-2,L,Fz,52,-0.41796875,7.9710878,2.470397,12.857606
VisualCogA_Task-2.mat,A,Task-2,L,Fz,52,-0.4140625,7.9077902,2.5822753,12.626447
VisualCogA_Task-2.mat,A,Task-2,L,Fz,52,-0.41015625,7.8639126,2.7028455,12.4359
VisualCogA_Task-2.mat,A,Task-2,L,Fz,52,-0.40625,7.8498786,2.6280573,12.439285
VisualCogA_Task-2.mat,A,Task-2,L,Fz,52,-0.40234375,7.8639912,2.5707193,12.497717
VisualCogA_Task-2.mat,A,Task-2,L,Fz,52,-0.3984375,7.9058278,2.645561,12.600494
VisualCogA_Task-2.mat,A,Task-2,L,Fz,52,-0.39453125,7.9734339,2.7888844,12.758356
VisualCogA_Task-2.mat,A,Task-2,L,Fz,52,-0.390625,8.0631371,2.7726765,12.88406
VisualCogA_Task-2.mat,A,Task-2,L,Fz,52,-0.38671875,8.159551,2.7512227,13.0317
VisualCogA_Task-2.mat,A,Task-2,L,Fz,52,-0.3828125,8.2231357,2.9866057,13.128014
VisualCogA_Task-2.mat,A,Task-2,L,Fz,52,-0.37890625,8.2630827,2.9328503,13.174443
VisualCogA_Task-2.mat,A,Task-2,L,Fz,52,-0.375,8.2716979,2.8629773,13.146016
VisualCogA_Task-2.mat,A,Task-2,L,Fz,52,-0.37109375,8.2437868,2.7891973,13.097798
VisualCogA_Task-2.mat,A,Task-2,L,Fz,52,-0.3671875,8.166403,2.6634537,13.070466
VisualCogA_Task-2.mat,A,Task-2,L,Fz,52,-0.36328125,8.0307049,2.4874837,12.97626
VisualCogA_Task-2.mat,A,Task-2,L,Fz,52,-0.359375,7.8371089,2.2276478,12.907121
VisualCogA_Task-2.mat,A,Task-2,L,Fz,52,-0.35546875,7.5879768,1.9277913,12.630033
VisualCogA_Task-2.mat,A,Task-2,L,Fz,52,-0.3515625,7.3242518,1.6556107,12.353796
VisualCogA_Task-2.mat,A,Task-2,L,Fz,52,-0.34765625,7.0561039,1.4002233,11.989099
VisualCogA_Task-2.mat,A,Task-2,L,Fz,52,-0.34375,6.8088233,1.2610036,11.663252
VisualCogA_Task-2.mat,A,Task-2,L,Fz,52,-0.33984375,6.6011082,1.1860757,11.347868
VisualCogA_Task-2.mat,A,Task-2,L,Fz,52,-0.3359375,6.4341315,1.1231593,11.041195
VisualCogA_Task-2.mat,A,Task-2,L,Fz,52,-0.33203125,6.3234299,1.2709919,10.783432
VisualCogA_Task-2.mat,A,Task-2,L,Fz,52,-0.328125,6.2462469,1.3015547,10.478076
VisualCogA_Task-2.mat,A,Task-2,L,Fz,52,-0.32421875,6.1827884,1.4206556,10.226154
VisualCogA_Task-2.mat,A,Task-2,L,Fz,52,-0.3203125,6.1248874,1.6637176,9.9212222
VisualCogA_Task-2.mat,A,Task-2,L,Fz,52,-0.31640625,6.0546265,1.9138342,9.5876495
VisualCogA_Task-2.mat,A,Task-2,L,Fz,52,-0.3125,5.9807449,2.0379585,9.2689973
VisualCogA_Task-2.mat,A,Task-2,L,Fz,52,-0.30859375,5.9029738,1.9638951,9.0568042
VisualCogA_Task-2.mat,A,Task-2,L,Fz,52,-0.3046875,5.8165048,2.12553,8.8961713
VisualCogA_Task-2.mat,A,Task-2,L,Fz,52,-0.30078125,5.7176757,2.255076,8.5370449
VisualCogA_Task-2.mat,A,Task-2,L,Fz,52,-0.296875,5.6124505,2.2924707,8.2454087
VisualCogA_Task-2.mat,A,Task-2,L,Fz,52,-0.29296875,5.5041468,2.2487978,8.03348
VisualCogA_Task-2.mat,A,Task-2,L,Fz,52,-0.2890625,5.3917291,2.1580957,7.9367766
VisualCogA_Task-2.mat,A,Task-2,L,Fz,52,-0.28515625,5.279607,2.0827809,7.9000805
VisualCogA_Task-2.mat,A,Task-2,L,Fz,52,-0.28125,5.1753307,2.037883,7.8544456
VisualCogA_Task-2.mat,A,Task-2,L,Fz,52,-0.27734375,5.0629206,1.87138,7.8801205
VisualCogA_Task-2.mat,A,Task-2,L,Fz,52,-0.2734375,4.9519693,1.6841908,7.9170294
VisualCogA_Task-2.mat,A,Task-2,L,Fz,52,-0.26953125,4.8317438,1.4590761,7.9315892
VisualCogA_Task-2.mat,A,Task-2,L,Fz,52,-0.265625,4.672858,1.0789362,7.8849504
VisualCogA_Task-2.mat,A,Task-2,L,Fz,52,-0.26171875,4.485337,0.72472353,7.6705279
VisualCogA_Task-2.mat,A,Task-2,L,Fz,52,-0.2578125,4.2576848,0.48121968,7.4946372
VisualCogA_Task-2.mat,A,Task-2,L,Fz,52,-0.25390625,4.0196236,0.25170664,7.3031888
VisualCogA_Task-2.mat,A,Task-2,L,Fz,52,-0.25,3.7666968,0.032724439,7.0904187
VisualCogA_Task-2.mat,A,Task-2,L,Fz,52,-0.24609375,3.5077954,-0.12550358,6.8452054
VisualCogA_Task-2.mat,A,Task-2,L,Fz,52,-0.2421875,3.2680153,-0.31490705,6.5985283
VisualCogA_Task-2.mat,A,Task-2,L,Fz,52,-0.23828125,3.0626874,-0.44923861,6.330406
VisualCogA_Task-2.mat,A,Task-2,L,Fz,52,-0.234375,2.9080559,-0.51781345,6.086595
VisualCogA_Task-2.mat,A,Task-2,L,Fz,52,-0.23046875,2.7929485,-0.60996539,5.8540143
VisualCogA_Task-2.mat,A,Task-2,L,Fz,52,-0.2265625,2.7285907,-0.50479292,5.742314
VisualCogA_Task-2.mat,A,Task-2,L,Fz,52,-0.22265625,2.7149769,-0.33895723,5.6493068
VisualCogA_Task-2.mat,A,Task-2,L,Fz,52,-0.21875,2.7356714,-0.048856011,5.6202793
VisualCogA_Task-2.mat,A,Task-2,L,Fz,52,-0.21484375,2.7927995,0.12015257,5.5672011
VisualCogA_Task-2.mat,A,Task-2,L,Fz,52,-0.2109375,2.8651339,0.31509099,5.5016193
VisualCogA_Task-2.mat,A,Task-2,L,Fz,52,-0.20703125,2.9294201,0.40947645,5.3891188
VisualCogA_Task-2.mat,A,Task-2,L,Fz,52,-0.203125,2.9851471,0.5795418,5.3070202
VisualCogA_Task-2.mat,A,Task-2,L,Fz,52,-0.19921875,3.0397258,0.74871973,5.3369803
VisualCogA_Task-2.mat,A,Task-2,L,Fz,52,-0.1953125,3.0882992,0.78786575,5.3202489
VisualCogA_Task-2.mat,A,Task-2,L,Fz,52,-0.19140625,3.1112752,0.79260433,5.3232843
VisualCogA_Task-2.mat,A,Task-2,L,Fz,52,-0.1875,3.0951992,0.75948706,5.2881704
VisualCogA_Task-2.mat,A,Task-2,L,Fz,52,-0.18359375,3.0590393,0.68845068,5.2008325
VisualCogA_Task-2.mat,A,Task-2,L,Fz,52,-0.1796875,3.0228715,0.68275004,5.2388235
VisualCogA_Task-2.mat,A,Task-2,L,Fz,52,-0.17578125,2.9950213,0.70254416,5.1763564
VisualCogA_Task-2.mat,A,Task-2,L,Fz,52,-0.171875,2.9806106,0.78652304,5.1339568
VisualCogA_Task-2.mat,A,Task-2,L,Fz,52,-0.16796875,2.9800009,0.87481624,5.0502161
VisualCogA_Task-2.mat,A,Task-2,L,Fz,52,-0.1640625,2.9952515,0.98283127,4.9860507
VisualCogA_Task-2.mat,A,Task-2,L,Fz,52,-0.16015625,3.000745,1.0637767,4.9624152
VisualCogA_Task-2.mat,A,Task-2,L,Fz,52,-0.15625,2.98491,1.1798361,4.8077818
VisualCogA_Task-2.mat,A,Task-2,L,Fz,52,-0.15234375,2.9057473,1.1809165,4.6542333
VisualCogA_Task-2.mat,A,Task-2,L,Fz,52,-0.1484375,2.7328575,1.0480168,4.377264
VisualCogA_Task-2.mat,A,Task-2,L,Fz,52,-0.14453125,2.4955539,0.90177446,4.069185
VisualCogA_Task-2.mat,A,Task-2,L,Fz,52,-0.140625,2.2166655,0.65659586,3.6669765
VisualCogA_Task-2.mat,A,Task-2,L,Fz,52,-0.13671875,1.9330976,0.35534389,3.3992928
VisualCogA_Task-2.mat,A,Task-2,L,Fz,52,-0.1328125,1.6733983,0.09798126,3.1061023
VisualCogA_Task-2.mat,A,Task-2,L,Fz,52,-0.12890625,1.4814196,-0.092439231,2.9414008
VisualCogA_Task-2.mat,A,Task-2,L,Fz,52,-0.125,1.3528745,-0.29496552,2.9082909
VisualCogA_Task-2.mat,A,Task-2,L,Fz,52,-0.12109375,1.2477586,-0.33596496,2.9159176
VisualCogA_Task-2.mat,A,Task-2,L,Fz,52,-0.1171875,1.130773,-0.35475738,2.8060149
VisualCogA_Task-2.mat,A,Task-2,L,Fz,52,-0.11328125,0.98020951,-0.46782888,2.668407
VisualCogA_Task-2.mat,A,Task-2,L,Fz,52,-0.109375,0.78818876,-0.6668288,2.4800712
VisualCogA_Task-2.mat,A,Task-2,L,Fz,52,-0.10546875,0.54171192,-0.9264273,2.2451721
VisualCogA_Task-2.mat,A,Task-2,L,Fz,52,-0.1015625,0.23870378,-1.2122452,1.9036105
VisualCogA_Task-2.mat,A,Task-2,L,Fz,52,-0.09765625,-0.097420166,-1.5543267,1.5762961
VisualCogA_Task-2.mat,A,Task-2,L,Fz,52,-0.09375,-0.44473406,-1.8896037,1.1670862
VisualCogA_Task-2.mat,A,Task-2,L,Fz,52,-0.08984375,-0.78810621,-2.213352,0.8161596
VisualCogA_Task-2.mat,A,Task-2,L,Fz,52,-0.0859375,-1.0997129,-2.5667427,0.49490422
VisualCogA_Task-2.mat,A,Task-2,L,Fz,52,-0.08203125,-1.3691391,-2.8994307,0.26740927
VisualCogA_Task-2.mat,A,Task-2,L,Fz,52,-0.078125,-1.6005781,-3.1780344,0.11591191
VisualCogA_Task-2.mat,A,Task-2,L,Fz,52,-0.07421875,-1.7942301,-3.3955746,-0.13738307
VisualCogA_Task-2.mat,A,Task-2,L,Fz,52,-0.0703125,-1.9434113,-3.5164669,-0.2400593
VisualCogA_Task-2.mat,A,Task-2,L,Fz,52,-0.06640625,-2.04583,-3.6494948,-0.24637755
VisualCogA_Task-2.mat,A,Task-2,L,Fz,52,-0.0625,-2.1201221,-3.8297428,-0.36742845
VisualCogA_Task-2.mat,A,Task-2,L,Fz,52,-0.05859375,-2.1900312,-3.9203521,-0.44867854
VisualCogA_Task-2.mat,A,Task-2,L,Fz,52,-0.0546875,-2.2772938,-4.1372931,-0.5103188
VisualCogA_Task-2.mat,A,Task-2,L,Fz,52,-0.05078125,-2.4002998,-4.3808436,-0.63254149
VisualCogA_Task-2.mat,A,Task-2,L,Fz,52,-0.046875,-2.5640774,-4.6477678,-0.72944186
VisualCogA_Task-2.mat,A,Task-2,L,Fz,52,-0.04296875,-2.7648934,-4.8955302,-0.84804903
VisualCogA_Task-2.mat,A,Task-2,L,Fz,52,-0.0390625,-2.9904645,-5.2092975,-0.98864643
VisualCogA_Task-2.mat,A,Task-2,L,Fz,52,-0.03515625,-3.2199802,-5.4542033,-1.1314326
VisualCogA_Task-2.mat,A,Task-2,L,Fz,52,-0.03125,-3.4375297,-5.7115094,-1.3381727
VisualCogA_Task-2.mat,A,Task-2,L,Fz,52,-0.02734375,-3.6348591,-5.9958591,-1.5259121
VisualCogA_Task-2.mat,A,Task-2,L,Fz,52,-0.0234375,-3.8201228,-6.1922726,-1.7199104
VisualCogA_Task-2.mat,A,Task-2,L,Fz,52,-0.01953125,-4.0048384,-6.2735942,-1.8739356
VisualCogA_Task-2.mat,A,Task-2,L,Fz,52,-0.015625,-4.1908783,-6.5574548,-2.0268708
VisualCogA_Task-2.mat,A,Task-2,L,Fz,52,-0.01171875,-4.395001,-6.7540997,-2.2218712
VisualCogA_Task-2.mat,A,Task-2,L,Fz,52,-0.0078125,-4.6628339,-7.0519558,-2.4782041
VisualCogA_Task-2.mat,A,Task-2,L,Fz,52,-0.00390625,-4.9944729,-7.4642568,-2.701488
VisualCogA_Task-2.mat,A,Task-2,L,Fz,52,0,-5.3843313,-7.9159492,-3.0572974
VisualCogA_Task-2.mat,A,Task-2,L,Fz,52,0.00390625,-5.8009317,-8.3760418,-3.4423015
VisualCogA_Task-2.mat,A,Task-2,L,Fz,52,0.0078125,-6.2342957,-8.7973581,-3.8425641
VisualCogA_Task-2.mat,A,Task-2,L,Fz,52,0.01171875,-6.6661792,-9.1247236,-4.3183124
VisualCogA_Task-2.mat,A,Task-2,L,Fz,52,0.015625,-7.0769033,-9.4875961,-4.7251179
VisualCogA_Task-2.mat,A,Task-2,L,Fz,52,0.01953125,-7.4325048,-9.799865,-5.1147409
VisualCogA_Task-2.mat,A,Task-2,L,Fz,52,0.0234375,-7.7181613,-10.112119,-5.4130211
VisualCogA_Task-2.mat,A,Task-2,L,Fz,52,0.02734375,-7.9411083,-10.376102,-5.6501154
VisualCogA_Task-2.mat,A,Task-2,L,Fz,52,0.03125,-8.0974791,-10.629511,-5.7897494
VisualCogA_Task-2.mat,A,Task-2,L,Fz,52,0.03515625,-8.202856,-10.817793,-5.8743261
VisualCogA_Task-2.mat,A,Task-2,L,Fz,52,0.0390625,-8.2699205,-10.973984,-5.8913834
VisualCogA_Task-2.mat,A,Task-2,L,Fz,52,0.04296875,-8.3102259,-11.207717,-5.7933167
VisualCogA_Task-2.mat,A,Task-2,L,Fz,52,0.046875,-8.3390546,-11.378129,-5.7437921
VisualCogA_Task-2.mat,A,Task-2,L,Fz,52,0.05078125,-8.3752035,-11.619114,-5.6644915
VisualCogA_Task-2.mat,A,Task-2,L,Fz,52,0.0546875,-8.4329331,-11.88894,-5.5262699
VisualCogA_Task-2.mat,A,Task-2,L,Fz,52,0.05859375,-8.5099193,-12.235464,-5.4527864
VisualCogA_Task-2.mat,A,Task-2,L,Fz,52,0.0625,-8.6158229,-12.6016,-5.3046798
VisualCogA_Task-2.mat,A,Task-2,L,Fz,52,0.06640625,-8.7188018,-12.878919,-5.2031422
VisualCogA_Task-2.mat,A,Task-2,L,Fz,52,0.0703125,-8.7975417,-13.181205,-5.0862068
VisualCogA_Task-2.mat,A,Task-2,L,Fz,52,0.07421875,-8.8287168,-13.504887,-4.9019847
VisualCogA_Task-2.mat,A,Task-2,L,Fz,52,0.078125,-8.8251838,-13.699301,-4.6666728
VisualCogA_Task-2.mat,A,Task-2,L,Fz,52,0.08203125,-8.8003733,-13.863182,-4.377227
VisualCogA_Task-2.mat,A,Task-2,L,Fz,52,0.0859375,-8.7967958,-14.035744,-4.1196904
VisualCogA_Task-2.mat,A,Task-2,L,Fz,52,0.08984375,-8.8499479,-14.216482,-4.0004487
VisualCogA_Task-2.mat,A,Task-2,L,Fz,52,0.09375,-8.9884439,-14.445612,-4.0373727
VisualCogA_Task-2.mat,A,Task-2,L,Fz,52,0.09765625,-9.2121471,-14.727143,-4.0999524
VisualCogA_Task-2.mat,A,Task-2,L,Fz,52,0.1015625,-9.4835982,-15.034673,-4.1887761
VisualCogA_Task-2.mat,A,Task-2,L,Fz,52,0.10546875,-9.7976313,-15.299814,-4.2375494
VisualCogA_Task-2.mat,A,Task-2,L,Fz,52,0.109375,-10.134341,-15.537385,-4.454658
VisualCogA_Task-2.mat,A,Task-2,L,Fz,52,0.11328125,-10.475452,-15.670604,-4.8419555
VisualCogA_Task-2.mat,A,Task-2,L,Fz,52,0.1171875,-10.81519,-15.866594,-5.2558324
VisualCogA_Task-2.mat,A,Task-2,L,Fz,52,0.12109375,-11.142497,-16.189786,-5.6373846
VisualCogA_Task-2.mat,A,Task-2,L,Fz,52,0.125,-11.462828,-16.502941,-6.1396906
VisualCogA_Task-2.mat,A,Task-2,L,Fz,52,0.12890625,-11.766864,-16.764138,-6.5829946
VisualCogA_Task-2.mat,A,Task-2,L,Fz,52,0.1328125,-12.046807,-16.943151,-6.902883
VisualCogA_Task-2.mat,A,Task-2,L,Fz,52,0.13671875,-12.302803,-17.195616,-7.1912839
VisualCogA_Task-2.mat,A,Task-2,L,Fz,52,0.140625,-12.545016,-17.357729,-7.6472222
VisualCogA_Task-2.mat,A,Task-2,L,Fz,52,0.14453125,-12.782139,-17.777286,-7.9553742
VisualCogA_Task-2.mat,A,Task-2,L,Fz,52,0.1484375,-13.021828,-18.081673,-8.3182799
VisualCogA_Task-2.mat,A,Task-2,L,Fz,52,0.15234375,-13.278286,-18.230677,-8.5834896
VisualCogA_Task-2.mat,A,Task-2,L,Fz,52,0.15625,-13.552287,-18.53522,-8.9010219
VisualCogA_Task-2.mat,A,Task-2,L,Fz,52,0.16015625,-13.83442,-18.91961,-8.9788092
VisualCogA_Task-2.mat,A,Task-2,L,Fz,52,0.1640625,-14.128444,-19.230651,-9.1912933
VisualCogA_Task-2.mat,A,Task-2,L,Fz,52,0.16796875,-14.420507,-19.508538,-9.2504495
VisualCogA_Task-2.mat,A,Task-2,L,Fz,52,0.171875,-14.711952,-19.813289,-9.425098
VisualCogA_Task-2.mat,A,Task-2,L,Fz,52,0.17578125,-14.992448,-20.183611,-9.7148165
VisualCogA_Task-2.mat,A,Task-2,L,Fz,52,0.1796875,-15.264688,-20.537267,-9.7842169
VisualCogA_Task-2.mat,A,Task-2,L,Fz,52,0.18359375,-15.512338,-21.024792,-10.094286
VisualCogA_Task-2.mat,A,Task-2,L,Fz,52,0.1875,-15.757358,-21.456609,-10.252659
VisualCogA_Task-2.mat,A,Task-2,L,Fz,52,0.19140625,-16.009667,-21.899637,-10.311345
VisualCogA_Task-2.mat,A,Task-2,L,Fz,52,0.1953125,-16.285077,-22.3757,-10.45178
VisualCogA_Task-2.mat,A,Task-2,L,Fz,52,0.19921875,-16.586138,-22.902815,-10.642408
VisualCogA_Task-2.mat,A,Task-2,L,Fz,52,0.203125,-16.923934,-23.38944,-10.97946
VisualCogA_Task-2.mat,A,Task-2,L,Fz,52,0.20703125,-17.292526,-23.936506,-11.286662
VisualCogA_Task-2.mat,A,Task-2,L,Fz,52,0.2109375,-17.684169,-24.39334,-11.543573
VisualCogA_Task-2.mat,A,Task-2,L,Fz,52,0.21484375,-18.062057,-24.993645,-11.962904
VisualCogA_Task-2.mat,A,Task-2,L,Fz,52,0.21875,-18.401567,-25.420856,-12.390543
VisualCogA_Task-2.mat,A,Task-2,L,Fz,52,0.22265625,-18.702598,-25.778226,-12.727057
VisualCogA_Task-2.mat,A,Task-2,L,Fz,52,0.2265625,-18.935893,-26.081723,-13.135465
VisualCogA_Task-2.mat,A,Task-2,L,Fz,52,0.23046875,-19.108681,-26.172054,-13.431085
VisualCogA_Task-2.mat,A,Task-2,L,Fz,52,0.234375,-19.198404,-26.200553,-13.525328
VisualCogA_Task-2.mat,A,Task-2,L,Fz,52,0.23828125,-19.217328,-26.189626,-13.535578
VisualCogA_Task-2.mat,A,Task-2,L,Fz,52,0.2421875,-19.170846,-26.176831,-13.424108
VisualCogA_Task-2.mat,A,Task-2,L,Fz,52,0.24609375,-19.092483,-26.060877,-13.26998
VisualCogA_Task-2.mat,A,Task-2,L,Fz,52,0.25,-18.952846,-25.86261,-13.133177
VisualCogA_Task-2.mat,A,Task-2,L,Fz,52,0.25390625,-18.78125,-25.701974,-12.883931
VisualCogA_Task-2.mat,A,Task-2,L,Fz,52,0.2578125,-18.56679,-25.667505,-12.615613
VisualCogA_Task-2.mat,A,Task-2,L,Fz,52,0.26171875,-18.321209,-25.514115,-12.282104
VisualCogA_Task-2.mat,A,Task-2,L,Fz,52,0.265625,-18.030961,-25.40019,-11.959995
VisualCogA_Task-2.mat,A,Task-2,L,Fz,52,0.26953125,-17.686393,-25.091823,-11.615912
VisualCogA_Task-2.mat,A,Task-2,L,Fz,52,0.2734375,-17.277384,-24.748092,-11.175031
VisualCogA_Task-2.mat,A,Task-2,L,Fz,52,0.27734375,-16.832912,-24.368797,-10.680119
VisualCogA_Task-2.mat,A,Task-2,L,Fz,52,0.28125,-16.347912,-24.020426,-10.230722
VisualCogA_Task-2.mat,A,Task-2,L,Fz,52,0.28515625,-15.852157,-23.600008,-9.6639084
VisualCogA_Task-2.mat,A,Task-2,L,Fz,52,0.2890625,-15.357901,-23.161542,-8.9965323
VisualCogA_Task-2.mat,A,Task-2,L,Fz,52,0.29296875,-14.881047,-22.849444,-8.3254316
VisualCogA_Task-2.mat,A,Task-2,L,Fz,52,0.296875,-14.426879,-22.40004,-7.6897754
VisualCogA_Task-2.mat,A,Task-2,L,Fz,52,0.30078125,-14.00214,-21.949235,-7.1267296
VisualCogA_Task-2.mat,A,Task-2,L,Fz,52,0.3046875,-13.622532,-21.615619,-6.5870119
VisualCogA_Task-2.mat,A,Task-2,L,Fz,52,0.30859375,-13.281081,-21.39025,-6.12058
VisualCogA_Task-2.mat,A,Task-2,L,Fz,52,0.3125,-12.982228,-21.235651,-5.4917674
VisualCogA_Task-2.mat,A,Task-2,L,Fz,52,0.31640625,-12.732019,-21.100395,-5.0328302
VisualCogA_Task-2.mat,A,Task-2,L,Fz,52,0.3203125,-12.517129,-20.882073,-4.669457
VisualCogA_Task-2.mat,A,Task-2,L,Fz,52,0.32421875,-12.350934,-20.691807,-4.3244319
VisualCogA_Task-2.mat,A,Task-2,L,Fz,52,0.328125,-12.220106,-20.612071,-4.1473389
VisualCogA_Task-2.mat,A,Task-2,L,Fz,52,0.33203125,-12.134222,-20.706014,-3.9504688
VisualCogA_Task-2.mat,A,Task-2,L,Fz,52,0.3359375,-12.084974,-20.575807,-3.817893
VisualCogA_Task-2.mat,A,Task-2,L,Fz,52,0.33984375,-12.082188,-20.450678,-3.749703
VisualCogA_Task-2.mat,A,Task-2,L,Fz,52,0.34375,-12.118846,-20.397149,-3.7377099
VisualCogA_Task-2.mat,A,Task-2,L,Fz,52,0.34765625,-12.208771,-20.599565,-3.8259781
VisualCogA_Task-2.mat,A,Task-2,L,Fz,52,0.3515625,-12.352062,-21.046296,-3.9826196
VisualCogA_Task-2.mat,A,Task-2,L,Fz,52,0.35546875,-12.562249,-21.476447,-4.1087649
VisualCogA_Task-2.mat,A,Task-2,L,Fz,52,0.359375,-12.828658,-21.861865,-4.2865248
VisualCogA_Task-2.mat,A,Task-2,L,Fz,52,0.36328125,-13.139929,-22.349009,-4.5070479
VisualCogA_Task-2.mat,A,Task-2,L,Fz,52,0.3671875,-13.468776,-22.945803,-4.9208058
VisualCogA_Task-2.mat,A,Task-2,L,Fz,52,0.37109375,-13.848497,-23.605638,-5.3379771
VisualCogA_Task-2.mat,A,Task-2,L,Fz,52,0.375,-14.243577,-24.305597,-5.7092239
VisualCogA_Task-2.mat,A,Task-2,L,Fz,52,0.37890625,-14.653452,-25.036065,-6.1172483
VisualCogA_Task-2.mat,A,Task-2,L,Fz,52,0.3828125,-15.060818,-25.68753,-6.5004729
VisualCogA_Task-2.mat,A,Task-2,L,Fz,52,0.38671875,-15.460397,-26.341209,-6.8162427
VisualCogA_Task-2.mat,A,Task-2,L,Fz,52,0.390625,-15.857157,-27.009089,-7.2571605
VisualCogA_Task-2.mat,A,Task-2,L,Fz,52,0.39453125,-16.264373,-27.509612,-7.6683362
VisualCogA_Task-2.mat,A,Task-2,L,Fz,52,0.3984375,-16.669443,-27.971971,-7.969749
VisualCogA_Task-2.mat,A,Task-2,L,Fz,52,0.40234375,-17.078518,-28.510206,-8.3716624
VisualCogA_Task-2.mat,A,Task-2,L,Fz,52,0.40625,-17.456268,-29.002812,-8.7532385
VisualCogA_Task-2.mat,A,Task-2,L,Fz,52,0.41015625,-17.813517,-29.386247,-8.9805267
VisualCogA_Task-2.mat,A,Task-2,L,Fz,52,0.4140625,-18.131599,-29.659533,-9.1189558
VisualCogA_Task-2.mat,A,Task-2,L,Fz,52,0.41796875,-18.401024,-29.859851,-8.8923394
VisualCogA_Task-2.mat,A,Task-2,L,Fz,52,0.421875,-18.61265,-29.955789,-9.0927646
VisualCogA_Task-2.mat,A,Task-2,L,Fz,52,0.42578125,-18.744993,-29.984143,-9.261147
VisualCogA_Task-2.mat,A,Task-2,L,Fz,52,0.4296875,-18.799715,-29.96958,-9.4260831
VisualCogA_Task-2.mat,A,Task-2,L,Fz,52,0.43359375,-18.771687,-29.744627,-9.3670077
VisualCogA_Task-2.mat,A,Task-2,L,Fz,52,0.4375,-18.662558,-29.478361,-9.2816225
VisualCogA_Task-2.mat,A,Task-2,L,Fz,52,0.44140625,-18.487456,-29.32038,-9.2424915
VisualCogA_Task-2.mat,A,Task-2,L,Fz,52,0.4453125,-18.261919,-29.143911,-9.1123789
VisualCogA_Task-2.mat,A,Task-2,L,Fz,52,0.44921875,-17.999587,-28.80941,-8.8527055
VisualCogA_Task-2.mat,A,Task-2,L,Fz,52,0.453125,-17.688993,-28.47791,-8.4318794
VisualCogA_Task-2.mat,A,Task-2,L,Fz,52,0.45703125,-17.362346,-27.915167,-8.0110131
VisualCogA_Task-2.mat,A,Task-2,L,Fz,52,0.4609375,-17.018274,-27.657192,-7.4321224
VisualCogA_Task-2.mat,A,Task-2,L,Fz,52,0.46484375,-16.654963,-27.178006,-6.9240842
VisualCogA_Task-2.mat,A,Task-2,L,Fz,52,0.46875,-16.262798,-27.008719,-6.3368011
VisualCogA_Task-2.mat,A,Task-2,L,Fz,52,0.47265625,-15.837286,-26.758939,-5.8149476
VisualCogA_Task-2.mat,A,Task-2,L,Fz,52,0.4765625,-15.353204,-26.415112,-5.2437983
VisualCogA_Task-2.mat,A,Task-2,L,Fz,52,0.48046875,-14.800679,-25.897778,-4.4930299
VisualCogA_Task-2.mat,A,Task-2,L,Fz,52,0.484375,-14.1926,-25.222728,-3.4353958
VisualCogA_Task-2.mat,A,Task-2,L,Fz,52,0.48828125,-13.523402,-24.380932,-2.601602
VisualCogA_Task-2.mat,A,Task-2,L,Fz,52,0.4921875,-12.78002,-23.694594,-1.9013763
VisualCogA_Task-2.mat,A,Task-2,L,Fz,52,0.49609375,-11.966247,-23.005579,-1.0426362
VisualCogA_Task-2.mat,A,Task-2,L,Fz,52,0.5,-11.071016,-22.158528,0.26336532
VisualCogA_Task-2.mat,A,Task-2,L,Fz,52,0.50390625,-10.07822,-21.142394,2.0530112
VisualCogA_Task-2.mat,A,Task-2,L,Fz,52,0.5078125,-8.9691933,-19.941598,3.8298094
VisualCogA_Task-2.mat,A,Task-2,L,Fz,52,0.51171875,-7.7553845,-18.661832,5.1602992
VisualCogA_Task-2.mat,A,Task-2,L,Fz,52,0.515625,-6.4235879,-17.383631,6.8039184
VisualCogA_Task-2.mat,A,Task-2,L,Fz,52,0.51953125,-4.9592321,-15.809915,8.1994302
VisualCogA_Task-2.mat,A,Task-2,L,Fz,52,0.5234375,-3.3991922,-14.150804,9.483466
VisualCogA_Task-2.mat,A,Task-2,L,Fz,52,0.52734375,-1.7556068,-12.709639,11.170849
VisualCogA_Task-2.mat,A,Task-2,L,Fz,52,0.53125,-0.026775748,-11.05084,12.955553
VisualCogA_Task-2.mat,A,Task-2,L,Fz,52,0.53515625,1.7988091,-9.4016095,15.069598
VisualCogA_Task-2.mat,A,Task-2,L,Fz,52,0.5390625,3.7036456,-7.796278,17.09743
VisualCogA_Task-2.mat,A,Task-2,L,Fz,52,0.54296875,5.7049348,-5.7388628,19.321066
VisualCogA_Task-2.mat,A,Task-2,L,Fz,52,0.546875,7.795041,-3.6612906,21.650884
VisualCogA_Task-2.mat,A,Task-2,L,Fz,52,0.55078125,9.9701878,-1.6431952,24.109991
VisualCogA_Task-2.mat,A,Task-2,L,Fz,52,0.5546875,12.21464,0.63525521,26.208294
VisualCogA_Task-2.mat,A,Task-2,L,Fz,52,0.55859375,14.507299,2.7257502,28.820275
VisualCogA_Task-2.mat,A,Task-2,L,Fz,52,0.5625,16.815596,4.9513498,31.239478
VisualCogA_Task-2.mat,A,Task-2,L,Fz,52,0.56640625,19.136711,7.1959079,33.462473
VisualCogA_Task-2.mat,A,Task-2,L,Fz,52,0.5703125,21.441946,9.329294,35.739977
VisualCogA_Task-2.mat,A,Task-2,L,Fz,52,0.57421875,23.708961,11.494443,38.328837
VisualCogA_Task-2.mat,A,Task-2,L,Fz,52,0.578125,25.93832,13.69848,40.875885
VisualCogA_Task-2.mat,A,Task-2,L,Fz,52,0.58203125,28.123481,15.889483,43.250994
VisualCogA_Task-2.mat,A,Task-2,L,Fz,52,0.5859375,30.247465,17.863784,44.735246
VisualCogA_Task-2.mat,A,Task-2,L,Fz,52,0.58984375,32.294224,19.677949,46.986508
VisualCogA_Task-2.mat,A,Task-2,L,Fz,52,0.59375,34.25687,21.483798,48.975831
VisualCogA_Task-2.mat,A,Task-2,L,Fz,52,0.59765625,36.120405,23.442666,50.225644
VisualCogA_Task-2.mat,A,Task-2,L,Fz,52,0.6015625,37.889469,25.346642,52.455952
VisualCogA_Task-2.mat,A,Task-2,L,Fz,52,0.60546875,39.559047,27.020048,54.166027
VisualCogA_Task-2.mat,A,Task-2,L,Fz,52,0.609375,41.141919,28.489512,55.831746
VisualCogA_Task-2.mat,A,Task-2,L,Fz,52,0.61328125,42.645482,29.907222,56.995238
VisualCogA_Task-2.mat,A,Task-2,L,Fz,52,0.6171875,44.077058,31.206698,58.358106
VisualCogA_Task-2.mat,A,Task-2,L,Fz,52,0.62109375,45.446865,32.42528,60.063247
VisualCogA_Task-2.mat,A,Task-2,L,Fz,52,0.625,46.760265,33.284299,61.395436
VisualCogA_Task-2.mat,A,Task-2,L,Fz,52,0.62890625,48.002062,34.405918,62.183063
VisualCogA_Task-2.mat,A,Task-2,L,Fz,52,0.6328125,49.180907,35.411993,63.385708
VisualCogA_Task-2.mat,A,Task-2,L,Fz,52,0.63671875,50.267241,36.374944,64.378451
VisualCogA_Task-2.mat,A,Task-2,L,Fz,52,0.640625,51.246809,37.055469,65.501881
VisualCogA_Task-2.mat,A,Task-2,L,Fz,52,0.64453125,52.142893,37.669207,66.795949
VisualCogA_Task-2.mat,A,Task-2,L,Fz,52,0.6484375,52.961032,38.520025,67.583066
VisualCogA_Task-2.mat,A,Task-2,L,Fz,52,0.65234375,53.724565,39.02634,68.023918
VisualCogA_Task-2.mat,A,Task-2,L,Fz,52,0.65625,54.439429,39.805501,68.393683
VisualCogA_Task-2.mat,A,Task-2,L,Fz,52,0.66015625,55.14376,40.510377,68.752979
VisualCogA_Task-2.mat,A,Task-2,L,Fz,52,0.6640625,55.828478,41.068857,69.480022
VisualCogA_Task-2.mat,A,Task-2,L,Fz,52,0.66796875,56.479272,41.811717,69.784587
VisualCogA_Task-2.mat,A,Task-2,L,Fz,52,0.671875,57.069774,42.276514,70.143128
VisualCogA_Task-2.mat,A,Task-2,L,Fz,52,0.67578125,57.595475,42.78404,70.210287
VisualCogA_Task-2.mat,A,Task-2,L,Fz,52,0.6796875,58.060056,43.222615,70.622183
VisualCogA_Task-2.mat,A,Task-2,L,Fz,52,0.68359375,58.456416,43.593595,71.191421
VisualCogA_Task-2.mat,A,Task-2,L,Fz,52,0.6875,58.789239,43.839387,71.35076
VisualCogA_Task-2.mat,A,Task-2,L,Fz,52,0.69140625,59.062988,43.911718,71.726578
VisualCogA_Task-2.mat,A,Task-2,L,Fz,52,0.6953125,59.273197,44.076312,72.185085
VisualCogA_Task-2.mat,A,Task-2,L,Fz,52,0.69921875,59.425895,44.082022,72.26706
VisualCogA_Task-2.mat,A,Task-2,L,Fz,52,0.703125,59.520564,43.998962,72.291751
VisualCogA_Task-2.mat,A,Task-2,L,Fz,52,0.70703125,59.571028,43.675946,72.309615
VisualCogA_Task-2.mat,A,Task-2,L,Fz,52,0.7109375,59.556837,43.753465,72.310313
VisualCogA_Task-2.mat,A,Task-2,L,Fz,52,0.71484375,59.498103,43.639325,72.192585
VisualCogA_Task-2.mat,A,Task-2,L,Fz,52,0.71875,59.373156,44.049553,72.3159
VisualCogA_Task-2.mat,A,Task-2,L,Fz,52,0.72265625,59.172745,44.003073,72.701056
VisualCogA_Task-2.mat,A,Task-2,L,Fz,52,0.7265625,58.896903,43.865501,72.930863
VisualCogA_Task-2.mat,A,Task-2,L,Fz,52,0.73046875,58.553288,43.581502,72.717201
VisualCogA_Task-2.mat,A,Task-2,L,Fz,52,0.734375,58.167234,43.579898,72.577032
VisualCogA_Task-2.mat,A,Task-2,L,Fz,52,0.73828125,57.782849,43.229849,72.309872
VisualCogA_Task-2.mat,A,Task-2,L,Fz,52,0.7421875,57.428397,42.772893,72.005456
VisualCogA_Task-2.mat,A,Task-2,L,Fz,52,0.74609375,57.111874,42.186549,71.850073
VisualCogA_Task-2.mat,A,Task-2,L,Fz,52,0.75,56.831106,41.832255,71.592611
VisualCogA_Task-2.mat,A,Task-2,L,Fz,52,0.75390625,56.583196,41.594332,71.410609
VisualCogA_Task-2.mat,A,Task-2,L,Fz,52,0.7578125,56.379096,41.231015,71.289992
VisualCogA_Task-2.mat,A,Task-2,L,Fz,52,0.76171875,56.200128,40.874973,70.956265
VisualCogA_Task-2.mat,A,Task-2,L,Fz,52,0.765625,56.041513,40.578666,70.61871
VisualCogA_Task-2.mat,A,Task-2,L,Fz,52,0.76953125,55.895698,40.476251,70.495304
VisualCogA_Task-2.mat,A,Task-2,L,Fz,52,0.7734375,55.754475,40.410828,70.487794
VisualCogA_Task-2.mat,A,Task-2,L,Fz,52,0.77734375,55.567686,40.086964,70.399697
VisualCogA_Task-2.mat,A,Task-2,L,Fz,52,0.78125,55.382309,39.589674,70.155232
VisualCogA_Task-2.mat,A,Task-2,L,Fz,52,0.78515625,55.160242,39.257746,69.878917
VisualCogA_Task-2.mat,A,Task-2,L,Fz,52,0.7890625,54.87481,39.063068,69.45306
VisualCogA_Task-2.mat,A,Task-2,L,Fz,52,0.79296875,54.509096,38.699851,69.005863
VisualCogA_Task-2.mat,A,Task-2,L,Fz,52,0.796875,54.089682,38.408791,68.401205
VisualCogA_Task-2.mat,A,Task-2,L,Fz,52,0.80078125,53.621087,37.978384,67.682142
VisualCogA_Task-2.mat,A,Task-2,L,Fz,52,0.8046875,53.14175,37.236231,67.122606
VisualCogA_Task-2.mat,A,Task-2,L,Fz,52,0.80859375,52.668373,36.3161,66.646683
VisualCogA_Task-2.mat,A,Task-2,L,Fz,52,0.8125,52.21168,35.571201,66.183929
VisualCogA_Task-2.mat,A,Task-2,L,Fz,52,0.81640625,51.724412,34.715851,65.758154
VisualCogA_Task-2.mat,A,Task-2,L,Fz,52,0.8203125,51.196311,33.789872,65.302003
VisualCogA_Task-2.mat,A,Task-2,L,Fz,52,0.82421875,50.608641,33.071444,64.939474
VisualCogA_Task-2.mat,A,Task-2,L,Fz,52,0.828125,49.96869,32.208564,64.512118
VisualCogA_Task-2.mat,A,Task-2,L,Fz,52,0.83203125,49.290176,31.381151,64.121651
VisualCogA_Task-2.mat,A,Task-2,L,Fz,52,0.8359375,48.56803,30.152982,63.82182
VisualCogA_Task-2.mat,A,Task-2,L,Fz,52,0.83984375,47.830882,28.800523,63.53001
VisualCogA_Task-2.mat,A,Task-2,L,Fz,52,0.84375,47.113242,27.805883,63.261493
VisualCogA_Task-2.mat,A,Task-2,L,Fz,52,0.84765625,46.454233,26.890407,62.80032
VisualCogA_Task-2.mat,A,Task-2,L,Fz,52,0.8515625,45.898661,26.062788,62.511088
VisualCogA_Task-2.mat,A,Task-2,L,Fz,52,0.85546875,45.437613,25.387154,62.162138
VisualCogA_Task-2.mat,A,Task-2,L,Fz,52,0.859375,45.054395,24.748884,61.877717
VisualCogA_Task-2.mat,A,Task-2,L,Fz,52,0.86328125,44.726031,23.907733,61.720805
VisualCogA_Task-2.mat,A,Task-2,L,Fz,52,0.8671875,44.4424,23.193459,61.514051
VisualCogA_Task-2.mat,A,Task-2,L,Fz,52,0.87109375,44.22134,22.592004,61.222433
VisualCogA_Task-2.mat,A,Task-2,L,Fz,52,0.875,44.034013,21.870996,60.867399
VisualCogA_Task-2.mat,A,Task-2,L,Fz,52,0.87890625,43.821688,21.449579,60.492135
VisualCogA_Task-2.mat,A,Task-2,L,Fz,52,0.8828125,43.580326,21.375343,60.242492
VisualCogA_Task-2.mat,A,Task-2,L,Fz,52,0.88671875,43.323585,20.984878,59.667573
VisualCogA_Task-2.mat,A,Task-2,L,Fz,52,0.890625,43.014776,20.670111,59.048172
VisualCogA_Task-2.mat,A,Task-2,L,Fz,52,0.89453125,42.635339,20.43557,58.473973
VisualCogA_Task-2.mat,A,Task-2,L,Fz,52,0.8984375,42.222612,20.301246,58.283466
VisualCogA_Task-2.mat,A,Task-2,L,Fz,52,0.90234375,41.746596,20.188822,57.938265
VisualCogA_Task-2.mat,A,Task-2,L,Fz,52,0.90625,41.213298,19.870964,57.466501
VisualCogA_Task-2.mat,A,Task-2,L,Fz,52,0.91015625,40.661303,19.545757,57.01272
VisualCogA_Task-2.mat,A,Task-2,L,Fz,52,0.9140625,40.107652,19.371844,56.344569
VisualCogA_Task-2.mat,A,Task-2,L,Fz,52,0.91796875,39.550228,18.948146,55.793495
VisualCogA_Task-2.mat,A,Task-2,L,Fz,52,0.921875,38.969355,18.419984,55.207374
VisualCogA_Task-2.mat,A,Task-2,L,Fz,52,0.92578125,38.36282,17.9844,54.635068
VisualCogA_Task-2.mat,A,Task-2,L,Fz,52,0.9296875,37.728368,17.439686,53.938494
VisualCogA_Task-2.mat,A,Task-2,L,Fz,52,0.93359375,36.981225,16.806416,53.24925
VisualCogA_Task-2.mat,A,Task-2,L,Fz,52,0.9375,36.210091,16.105242,52.551138
VisualCogA_Task-2.mat,A,Task-2,L,Fz,52,0.94140625,35.453603,15.466951,51.860306
VisualCogA_Task-2.mat,A,Task-2,L,Fz,52,0.9453125,34.697672,14.443603,51.207416
VisualCogA_Task-2.mat,A,Task-2,L,Fz,52,0.94921875,33.947735,13.594722,50.455569
VisualCogA_Task-2.mat,A,Task-2,L,Fz,52,0.953125,33.20923,12.967266,49.755873
VisualCogA_Task-2.mat,A,Task-2,L,Fz,52,0.95703125,32.487595,12.143603,49.23834
VisualCogA_Task-2.mat,A,Task-2,L,Fz,52,0.9609375,31.788269,11.302821,48.756304
VisualCogA_Task-2.mat,A,Task-2,L,Fz,52,0.96484375,31.11669,10.574143,48.36053
VisualCogA_Task-2.mat,A,Task-2,L,Fz,52,0.96875,30.478295,9.9279873,48.009662
VisualCogA_Task-2.mat,A,Task-2,L,Fz,52,0.97265625,29.878523,9.0033898,47.518217
VisualCogA_Task-2.mat,A,Task-2,L,Fz,52,0.9765625,29.322812,8.3198251,46.940686
VisualCogA_Task-2.mat,A,Task-2,L,Fz,52,0.98046875,28.816601,7.7619228,46.516592
VisualCogA_Task-2.mat,A,Task-2,L,Fz,52,0.984375,28.365326,7.2473851,45.994015
VisualCogA_Task-2.mat,A,Task-2,L,Fz,52,0.98828125,27.974427,6.7256718,45.379514
VisualCogA_Task-2.mat,A,Task-2,L,Fz,52,0.9921875,27.649341,6.1300971,45.28358
VisualCogA_Task-2.mat,A,Task-2,L,Fz,52,0.99609375,27.395507,5.9116067,44.730401
VisualCogA_Task-2.mat,A,Task-2,L,F3,52,-0.5,-3.1675153,-16.517685,9.316709
VisualCogA_Task-2.mat,A,Task-2,L,F3,52,-0.49609375,-2.5015317,-15.88285,10.069154
VisualCogA_Task-2.mat,A,Task-2,L,F3,52,-0.4921875,-1.8826517,-15.203119,10.408408
VisualCogA_Task-2.mat,A,Task-2,L,F3,52,-0.48828125,-1.3088992,-13.995063,10.902761
VisualCogA_Task-2.mat,A,Task-2,L,F3,52,-0.484375,-0.77829804,-13.559845,11.356918
VisualCogA_Task-2.mat,A,Task-2,L,F3,52,-0.48046875,-0.288872,-13.277131,12.141538
VisualCogA_Task-2.mat,A,Task-2,L,F3,52,-0.4765625,0.16135503,-12.928485,12.565135
VisualCogA_Task-2.mat,A,Task-2,L,F3,52,-0.47265625,0.57435923,-12.475502,13.025864
VisualCogA_Task-2.mat,A,Task-2,L,F3,52,-0.46875,0.95211674,-12.225884,13.591654
VisualCogA_Task-2.mat,A,Task-2,L,F3,52,-0.46484375,1.2966037,-12.117168,14.131934
VisualCogA_Task-2.mat,A,Task-2,L,F3,52,-0.4609375,1.6097963,-11.805476,14.748176
VisualCogA_Task-2.mat,A,Task-2,L,F3,52,-0.45703125,1.8936707,-11.644681,15.268632
VisualCogA_Task-2.mat,A,Task-2,L,F3,52,-0.453125,2.1502031,-11.424077,15.362442
VisualCogA_Task-2.mat,A,Task-2,L,F3,52,-0.44921875,2.3813695,-11.066325,15.788778
VisualCogA_Task-2.mat,A,Task-2,L,F3,52,-0.4453125,2.5891462,-10.512767,16.186468
VisualCogA_Task-2.mat,A,Task-2,L,F3,52,-0.44140625,2.7755094,-9.8794675,16.337237
VisualCogA_Task-2.mat,A,Task-2,L,F3,52,-0.4375,3.0411046,-9.6045269,16.526012
VisualCogA_Task-2.mat,A,Task-2,L,F3,52,-0.43359375,3.2537572,-9.3656646,16.659111
VisualCogA_Task-2.mat,A,Task-2,L,F3,52,-0.4296875,3.3997509,-9.092853,16.667226
VisualCogA_Task-2.mat,A,Task-2,L,F3,52,-0.42578125,3.5089294,-8.7465125,16.504848
VisualCogA_Task-2.mat,A,Task-2,L,F3,52,-0.421875,3.5751332,-8.2827689,16.331419
VisualCogA_Task-2.mat,A,Task-2,L,F3,52,-0.41796875,3.612989,-7.9028566,16.151801
VisualCogA_Task-2.mat,A,Task-2,L,F3,52,-0.4140625,3.6290312,-7.782556,15.980512
VisualCogA_Task-2.mat,A,Task-2,L,F3,52,-0.41015625,3.6343382,-7.7488618,15.960002
VisualCogA_Task-2.mat,A,Task-2,L,F3,52,-0.40625,3.6388697,-7.8376359,15.996157
VisualCogA_Task-2.mat,A,Task-2,L,F3,52,-0.40234375,3.6511211,-7.9331547,15.839433
VisualCogA_Task-2.mat,A,Task-2,L,F3,52,-0.3984375,3.6755886,-7.9901204,15.649049
VisualCogA_Task-2.mat,A,Task-2,L,F3,52,-0.39453125,3.729716,-7.918075,15.556231
VisualCogA_Task-2.mat,A,Task-2,L,F3,52,-0.390625,3.8120733,-7.7207024,15.27148
VisualCogA_Task-2.mat,A,Task-2,L,F3,52,-0.38671875,3.9008494,-7.632105,15.115901
VisualCogA_Task-2.mat,A,Task-2,L,F3,52,-0.3828125,3.9817849,-7.5668308,15.023609
VisualCogA_Task-2.mat,A,Task-2,L,F3,52,-0.37890625,4.0357682,-7.5808116,15.019128
VisualCogA_Task-2.mat,A,Task-2,L,F3,52,-0.375,4.0453018,-7.5464972,14.896475
VisualCogA_Task-2.mat,A,Task-2,L,F3,52,-0.37109375,4.0041183,-7.5614026,14.609127
VisualCogA_Task-2.mat,A,Task-2,L,F3,52,-0.3671875,3.8960459,-7.6425146,14.208749
VisualCogA_Task-2.mat,A,Task-2,L,F3,52,-0.36328125,3.733215,-7.7622458,13.974865
VisualCogA_Task-2.mat,A,Task-2,L,F3,52,-0.359375,3.5200135,-7.9703501,13.707748
VisualCogA_Task-2.mat,A,Task-2,L,F3,52,-0.35546875,3.2680718,-7.9978802,13.466947
VisualCogA_Task-2.mat,A,Task-2,L,F3,52,-0.3515625,2.9974253,-7.9835764,13.225949
VisualCogA_Task-2.mat,A,Task-2,L,F3,52,-0.34765625,2.7074425,-8.0193537,12.907805
VisualCogA_Task-2.mat,A,Task-2,L,F3,52,-0.34375,2.4252769,-8.1239365,12.430543
VisualCogA_Task-2.mat,A,Task-2,L,F3,52,-0.33984375,2.1581144,-8.2933263,12.16513
VisualCogA_Task-2.mat,A,Task-2,L,F3,52,-0.3359375,1.9081956,-8.4131203,11.948419
VisualCogA_Task-2.mat,A,Task-2,L,F3,52,-0.33203125,1.6803785,-8.4711268,11.620859
VisualCogA_Task-2.mat,A,Task-2,L,F3,52,-0.328125,1.4650854,-8.4755884,11.259141
VisualCogA_Task-2.mat,A,Task-2,L,F3,52,-0.32421875,1.2462237,-8.4335227,10.846298
VisualCogA_Task-2.mat,A,Task-2,L,F3,52,-0.3203125,1.0243148,-8.3213156,10.382521
VisualCogA_Task-2.mat,A,Task-2,L,F3,52,-0.31640625,0.82859245,-8.1935297,9.878032
VisualCogA_Task-2.mat,A,Task-2,L,F3,52,-0.3125,0.66474291,-8.1704911,9.4654423
VisualCogA_Task-2.mat,A,Task-2,L,F3,52,-0.30859375,0.52752722,-8.29384,8.9829037
VisualCogA_Task-2.mat,A,Task-2,L,F3,52,-0.3046875,0.4224738,-8.236044,8.6096285
VisualCogA_Task-2.mat,A,Task-2,L,F3,52,-0.30078125,0.34059471,-8.1193214,8.3796292
VisualCogA_Task-2.mat,A,Task-2,L,F3,52,-0.296875,0.2822129,-7.8931259,8.1430815
VisualCogA_Task-2.mat,A,Task-2,L,F3,52,-0.29296875,0.2627482,-7.6181014,7.8003946
VisualCogA_Task-2.mat,A,Task-2,L,F3,52,-0.2890625,0.29321676,-7.2664184,7.7227121
VisualCogA_Task-2.mat,A,Task-2,L,F3,52,-0.28515625,0.37578802,-7.1762101,7.6167798
VisualCogA_Task-2.mat,A,Task-2,L,F3,52,-0.28125,0.50317609,-6.867602,7.5879574
VisualCogA_Task-2.mat,A,Task-2,L,F3,52,-0.27734375,0.67293587,-6.5525381,7.619125
VisualCogA_Task-2.mat,A,Task-2,L,F3,52,-0.2734375,0.85738308,-6.2441866,7.6881761
VisualCogA_Task-2.mat,A,Task-2,L,F3,52,-0.26953125,1.0064046,-5.9374067,7.6240918
VisualCogA_Task-2.mat,A,Task-2,L,F3,52,-0.265625,1.1045043,-5.6866306,7.5791533
VisualCogA_Task-2.mat,A,Task-2,L,F3,52,-0.26171875,1.1377729,-5.491381,7.416449
VisualCogA_Task-2.mat,A,Task-2,L,F3,52,-0.2578125,1.1125655,-5.3458442,7.1628358
VisualCogA_Task-2.mat,A,Task-2,L,F3,52,-0.25390625,1.0427022,-5.3131,6.9360512
VisualCogA_Task-2.mat,A,Task-2,L,F3,52,-0.25,0.93732439,-5.1775345,6.610595
VisualCogA_Task-2.mat,A,Task-2,L,F3,52,-0.24609375,0.81509073,-5.0895918,6.2733261
VisualCogA_Task-2.mat,A,Task-2,L,F3,52,-0.2421875,0.70509133,-5.1509511,5.8560465
VisualCogA_Task-2.mat,A,Task-2,L,F3,52,-0.23828125,0.62842979,-5.1107614,5.4962339
VisualCogA_Task-2.mat,A,Task-2,L,F3,52,-0.234375,0.58724445,-4.9571319,5.3120993
VisualCogA_Task-2.mat,A,Task-2,L,F3,52,-0.23046875,0.57895728,-4.7960721,5.133822
VisualCogA_Task-2.mat,A,Task-2,L,F3,52,-0.2265625,0.61389627,-4.4856351,5.0683679
VisualCogA_Task-2.mat,A,Task-2,L,F3,52,-0.22265625,0.68836887,-4.2112332,5.0801599
VisualCogA_Task-2.mat,A,Task-2,L,F3,52,-0.21875,0.79956673,-3.9555662,5.0674933
VisualCogA_Task-2.mat,A,Task-2,L,F3,52,-0.21484375,0.91838485,-3.6719636,5.0588154
VisualCogA_Task-2.mat,A,Task-2,L,F3,52,-0.2109375,1.0253949,-3.5022812,5.2138037
VisualCogA_Task-2.mat,A,Task-2,L,F3,52,-0.20703125,1.1201365,-3.4063065,5.2589113
VisualCogA_Task-2.mat,A,Task-2,L,F3,52,-0.203125,1.2191684,-3.1320853,5.2682628
VisualCogA_Task-2.mat,A,Task-2,L,F3,52,-0.19921875,1.312713,-2.819228,5.3443837
VisualCogA_Task-2.mat,A,Task-2,L,F3,52,-0.1953125,1.3933455,-2.5623757,5.3252899
VisualCogA_Task-2.mat,A,Task-2,L,F3,52,-0.19140625,1.46952,-2.3466002,5.4533713
VisualCogA_Task-2.mat,A,Task-2,L,F3,52,-0.1875,1.5244503,-2.1689422,5.4993284
VisualCogA_Task-2.mat,A,Task-2,L,F3,52,-0.18359375,1.5396458,-2.0797083,5.3966366
VisualCogA_Task-2.mat,A,Task-2,L,F3,52,-0.1796875,1.5357635,-2.0260738,5.2508997
VisualCogA_Task-2.mat,A,Task-2,L,F3,52,-0.17578125,1.5322245,-1.9185839,5.157524
VisualCogA_Task-2.mat,A,Task-2,L,F3,52,-0.171875,1.5318222,-1.7114999,4.9536273
VisualCogA_Task-2.mat,A,Task-2,L,F3,52,-0.16796875,1.5311966,-1.5318789,4.9041401
VisualCogA_Task-2.mat,A,Task-2,L,F3,52,-0.1640625,1.5344334,-1.3645937,4.7263457
VisualCogA_Task-2.mat,A,Task-2,L,F3,52,-0.16015625,1.5326544,-1.2752813,4.5633282
VisualCogA_Task-2.mat,A,Task-2,L,F3,52,-0.15625,1.4949148,-1.2560392,4.3326248
VisualCogA_Task-2.mat,A,Task-2,L,F3,52,-0.15234375,1.3997759,-1.192145,4.0539068
VisualCogA_Task-2.mat,A,Task-2,L,F3,52,-0.1484375,1.2490675,-1.2362935,3.7205804
VisualCogA_Task-2.mat,A,Task-2,L,F3,52,-0.14453125,1.042583,-1.3389882,3.3398847
VisualCogA_Task-2.mat,A,Task-2,L,F3,52,-0.140625,0.82093294,-1.3777582,2.9393208
VisualCogA_Task-2.mat,A,Task-2,L,F3,52,-0.13671875,0.61965096,-1.373946,2.5598305
VisualCogA_Task-2.mat,A,Task-2,L,F3,52,-0.1328125,0.47225018,-1.464818,2.2837626
VisualCogA_Task-2.mat,A,Task-2,L,F3,52,-0.12890625,0.39621161,-1.3521459,2.0911894
VisualCogA_Task-2.mat,A,Task-2,L,F3,52,-0.125,0.38675732,-1.1597205,1.9179359
VisualCogA_Task-2.mat,A,Task-2,L,F3,52,-0.12109375,0.42102604,-0.98924157,1.8553634
VisualCogA_Task-2.mat,A,Task-2,L,F3,52,-0.1171875,0.47377858,-0.91966362,1.8332024
VisualCogA_Task-2.mat,A,Task-2,L,F3,52,-0.11328125,0.51494432,-0.85294762,1.8566612
VisualCogA_Task-2.mat,A,Task-2,L,F3,52,-0.109375,0.52287994,-0.82810849,1.8107286
VisualCogA_Task-2.mat,A,Task-2,L,F3,52,-0.10546875,0.47208282,-0.82802623,1.8286297
VisualCogA_Task-2.mat,A,Task-2,L,F3,52,-0.1015625,0.34485486,-1.0545302,1.9534935
VisualCogA_Task-2.mat,A,Task-2,L,F3,52,-0.09765625,0.14388724,-1.3458294,1.7907742
VisualCogA_Task-2.mat,A,Task-2,L,F3,52,-0.09375,-0.090017921,-1.7725022,1.5615177
VisualCogA_Task-2.mat,A,Task-2,L,F3,52,-0.08984375,-0.32571415,-2.0770465,1.3677694
VisualCogA_Task-2.mat,A,Task-2,L,F3,52,-0.0859375,-0.55477082,-2.4315669,1.2801578
VisualCogA_Task-2.mat,A,Task-2,L,F3,52,-0.08203125,-0.77087766,-2.8497815,1.266263
VisualCogA_Task-2.mat,A,Task-2,L,F3,52,-0.078125,-0.94596306,-3.0196774,1.213284
VisualCogA_Task-2.mat,A,Task-2,L,F3,52,-0.07421875,-1.0820484,-3.3362296,1.1292065
VisualCogA_Task-2.mat,A,Task-2,L,F3,52,-0.0703125,-1.1963253,-3.3822747,0.97637829
VisualCogA_Task-2.mat,A,Task-2,L,F3,52,-0.06640625,-1.2762931,-3.4219971,0.98896318
VisualCogA_Task-2.mat,A,Task-2,L,F3,52,-0.0625,-1.3194965,-3.4674848,0.97868493
VisualCogA_Task-2.mat,A,Task-2,L,F3,52,-0.05859375,-1.3440382,-3.5634911,0.94782081
VisualCogA_Task-2.mat,A,Task-2,L,F3,52,-0.0546875,-1.3734401,-3.6300544,0.98735616
VisualCogA_Task-2.mat,A,Task-2,L,F3,52,-0.05078125,-1.4208362,-3.7710439,0.90749431
VisualCogA_Task-2.mat,A,Task-2,L,F3,52,-0.046875,-1.4858179,-3.9395321,0.97007932
VisualCogA_Task-2.mat,A,Task-2,L,F3,52,-0.04296875,-1.5713909,-4.0880453,0.97800654
VisualCogA_Task-2.mat,A,Task-2,L,F3,52,-0.0390625,-1.6970919,-4.2656708,0.85548012
VisualCogA_Task-2.mat,A,Task-2,L,F3,52,-0.03515625,-1.8419319,-4.5098706,1.0198079
VisualCogA_Task-2.mat,A,Task-2,L,F3,52,-0.03125,-2.0096041,-4.9093461,0.99377426
VisualCogA_Task-2.mat,A,Task-2,L,F3,52,-0.02734375,-2.1703044,-5.2320928,0.95760898
VisualCogA_Task-2.mat,A,Task-2,L,F3,52,-0.0234375,-2.3206713,-5.6774904,0.91908852
VisualCogA_Task-2.mat,A,Task-2,L,F3,52,-0.01953125,-2.4755844,-6.1364375,0.95407801
VisualCogA_Task-2.mat,A,Task-2,L,F3,52,-0.015625,-2.6619191,-6.5111212,0.88556821
VisualCogA_Task-2.mat,A,Task-2,L,F3,52,-0.01171875,-2.8903509,-7.0397241,0.84852361
VisualCogA_Task-2.mat,A,Task-2,L,F3,52,-0.0078125,-3.1656085,-7.5081763,0.77051764
VisualCogA_Task-2.mat,A,Task-2,L,F3,52,-0.00390625,-3.5002965,-8.0867008,0.55500721
VisualCogA_Task-2.mat,A,Task-2,L,F3,52,0,-3.8780553,-8.7474653,0.28299774
VisualCogA_Task-2.mat,A,Task-2,L,F3,52,0.00390625,-4.3183121,-9.4338797,-0.040761748
VisualCogA_Task-2.mat,A,Task-2,L,F3,52,0.0078125,-4.8244265,-10.228545,-0.38257882
VisualCogA_Task-2.mat,A,Task-2,L,F3,52,0.01171875,-5.3776647,-11.029815,-0.77179897
VisualCogA_Task-2.mat,A,Task-2,L,F3,52,0.015625,-5.9312571,-11.767323,-1.2604256
VisualCogA_Task-2.mat,A,Task-2,L,F3,52,0.01953125,-6.4456832,-12.426596,-1.7355402
VisualCogA_Task-2.mat,A,Task-2,L,F3,52,0.0234375,-6.8968557,-12.931392,-2.0894688
VisualCogA_Task-2.mat,A,Task-2,L,F3,52,0.02734375,-7.2792329,-13.376758,-2.312724
VisualCogA_Task-2.mat,A,Task-2,L,F3,52,0.03125,-7.5938599,-13.855914,-2.5302781
VisualCogA_Task-2.mat,A,Task-2,L,F3,52,0.03515625,-7.8271192,-14.124052,-2.7658743
VisualCogA_Task-2.mat,A,Task-2,L,F3,52,0.0390625,-7.9896337,-14.465,-2.9704971
VisualCogA_Task-2.mat,A,Task-2,L,F3,52,0.04296875,-8.0867257,-14.857766,-3.0060332
VisualCogA_Task-2.mat,A,Task-2,L,F3,52,0.046875,-8.1433102,-15.193507,-2.9549851
VisualCogA_Task-2.mat,A,Task-2,L,F3,52,0.05078125,-8.1838353,-15.403245,-2.8378351
VisualCogA_Task-2.mat,A,Task-2,L,F3,52,0.0546875,-8.2275282,-15.682719,-2.5858462
VisualCogA_Task-2.mat,A,Task-2,L,F3,52,0.05859375,-8.2748053,-15.921682,-2.4969004
VisualCogA_Task-2.mat,A,Task-2,L,F3,52,0.0625,-8.3301126,-16.158388,-2.4639016
VisualCogA_Task-2.mat,A,Task-2,L,F3,52,0.06640625,-8.3867462,-16.388528,-2.3942657
VisualCogA_Task-2.mat,A,Task-2,L,F3,52,0.0703125,-8.4290934,-16.604007,-2.2037987
VisualCogA_Task-2.mat,A,Task-2,L,F3,52,0.07421875,-8.4482547,-16.813927,-2.0290361
VisualCogA_Task-2.mat,A,Task-2,L,F3,52,0.078125,-8.4616629,-17.171256,-1.8147556
VisualCogA_Task-2.mat,A,Task-2,L,F3,52,0.08203125,-8.4701662,-17.501491,-1.5270942
VisualCogA_Task-2.mat,A,Task-2,L,F3,52,0.0859375,-8.5018115,-17.713485,-1.2469266
VisualCogA_Task-2.mat,A,Task-2,L,F3,52,0.08984375,-8.5517824,-17.863881,-1.0614907
VisualCogA_Task-2.mat,A,Task-2,L,F3,52,0.09375,-8.6440437,-18.106312,-0.92789431
VisualCogA_Task-2.mat,A,Task-2,L,F3,52,0.09765625,-8.7861882,-18.302082,-0.85062751
VisualCogA_Task-2.mat,A,Task-2,L,F3,52,0.1015625,-8.980608,-18.696584,-0.85192416
VisualCogA_Task-2.mat,A,Task-2,L,F3,52,0.10546875,-9.2013637,-19.140736,-0.74283899
VisualCogA_Task-2.mat,A,Task-2,L,F3,52,0.109375,-9.4620453,-19.486251,-1.0402374
VisualCogA_Task-2.mat,A,Task-2,L,F3,52,0.11328125,-9.7624278,-19.885752,-1.4019234
VisualCogA_Task-2.mat,A,Task-2,L,F3,52,0.1171875,-10.087794,-20.281933,-1.7996329
VisualCogA_Task-2.mat,A,Task-2,L,F3,52,0.12109375,-10.453159,-20.813336,-2.1617136
VisualCogA_Task-2.mat,A,Task-2,L,F3,52,0.125,-10.839456,-21.369001,-2.5205391
VisualCogA_Task-2.mat,A,Task-2,L,F3,52,0.12890625,-11.2251,-21.850082,-2.6513578
VisualCogA_Task-2.mat,A,Task-2,L,F3,52,0.1328125,-11.60879,-22.328987,-3.0763285
VisualCogA_Task-2.mat,A,Task-2,L,F3,52,0.13671875,-11.986377,-22.748547,-3.4365869
VisualCogA_Task-2.mat,A,Task-2,L,F3,52,0.140625,-12.354635,-23.172809,-3.7120606
VisualCogA_Task-2.mat,A,Task-2,L,F3,52,0.14453125,-12.711975,-23.646568,-3.9441247
VisualCogA_Task-2.mat,A,Task-2,L,F3,52,0.1484375,-13.060491,-24.098357,-4.0686147
VisualCogA_Task-2.mat,A,Task-2,L,F3,52,0.15234375,-13.404064,-24.614639,-4.1344073
VisualCogA_Task-2.mat,A,Task-2,L,F3,52,0.15625,-13.752987,-25.039211,-4.2411954
VisualCogA_Task-2.mat,A,Task-2,L,F3,52,0.16015625,-14.108262,-25.423351,-4.3455001
VisualCogA_Task-2.mat,A,Task-2,L,F3,52,0.1640625,-14.479196,-25.890588,-4.4233454
VisualCogA_Task-2.mat,A,Task-2,L,F3,52,0.16796875,-14.85561,-26.373658,-4.586064
VisualCogA_Task-2.mat,A,Task-2,L,F3,52,0.171875,-15.226495,-26.845513,-4.7415262
VisualCogA_Task-2.mat,A,Task-2,L,F3,52,0.17578125,-15.579974,-27.378762,-4.959922
VisualCogA_Task-2.mat,A,Task-2,L,F3,52,0.1796875,-15.921136,-27.947892,-5.2446543
VisualCogA_Task-2.mat,A,Task-2,L,F3,52,0.18359375,-16.242289,-28.392682,-5.4463654
VisualCogA_Task-2.mat,A,Task-2,L,F3,52,0.1875,-16.542024,-28.868008,-5.57061
VisualCogA_Task-2.mat,A,Task-2,L,F3,52,0.19140625,-16.823065,-29.27043,-5.6642752
VisualCogA_Task-2.mat,A,Task-2,L,F3,52,0.1953125,-17.106269,-29.580286,-5.8030112
VisualCogA_Task-2.mat,A,Task-2,L,F3,52,0.19921875,-17.398463,-29.93347,-5.9233468
VisualCogA_Task-2.mat,A,Task-2,L,F3,52,0.203125,-17.698893,-30.33831,-6.0814211
VisualCogA_Task-2.mat,A,Task-2,L,F3,52,0.20703125,-17.997716,-30.841824,-6.2702149
VisualCogA_Task-2.mat,A,Task-2,L,F3,52,0.2109375,-18.290912,-31.301642,-6.4709825
VisualCogA_Task-2.mat,A,Task-2,L,F3,52,0.21484375,-18.577183,-31.525092,-6.749809
VisualCogA_Task-2.mat,A,Task-2,L,F3,52,0.21875,-18.842261,-31.706558,-7.0215389
VisualCogA_Task-2.mat,A,Task-2,L,F3,52,0.22265625,-19.066734,-32.086294,-7.2503252
VisualCogA_Task-2.mat,A,Task-2,L,F3,52,0.2265625,-19.250416,-32.341667,-7.4291817
VisualCogA_Task-2.mat,A,Task-2,L,F3,52,0.23046875,-19.369455,-32.512444,-7.5720083
VisualCogA_Task-2.mat,A,Task-2,L,F3,52,0.234375,-19.418826,-32.611131,-7.6386729
VisualCogA_Task-2.mat,A,Task-2,L,F3,52,0.23828125,-19.407282,-32.688861,-7.5086656
VisualCogA_Task-2.mat,A,Task-2,L,F3,52,0.2421875,-19.349465,-32.729293,-7.346866
VisualCogA_Task-2.mat,A,Task-2,L,F3,52,0.24609375,-19.257679,-32.758341,-7.2781509
VisualCogA_Task-2.mat,A,Task-2,L,F3,52,0.25,-19.140852,-32.766669,-7.2404091
VisualCogA_Task-2.mat,A,Task-2,L,F3,52,0.25390625,-18.985576,-32.674936,-7.1364668
VisualCogA_Task-2.mat,A,Task-2,L,F3,52,0.2578125,-18.781483,-32.552527,-6.957905
VisualCogA_Task-2.mat,A,Task-2,L,F3,52,0.26171875,-18.516591,-32.372385,-6.5974591
VisualCogA_Task-2.mat,A,Task-2,L,F3,52,0.265625,-18.192993,-32.059848,-6.3175426
VisualCogA_Task-2.mat,A,Task-2,L,F3,52,0.26953125,-17.81985,-31.709461,-5.9439427
VisualCogA_Task-2.mat,A,Task-2,L,F3,52,0.2734375,-17.415473,-31.336715,-5.5407088
VisualCogA_Task-2.mat,A,Task-2,L,F3,52,0.27734375,-16.992267,-30.952641,-5.1059773
VisualCogA_Task-2.mat,A,Task-2,L,F3,52,0.28125,-16.558178,-30.590746,-4.4840732
VisualCogA_Task-2.mat,A,Task-2,L,F3,52,0.28515625,-16.119553,-30.232247,-3.8733199
VisualCogA_Task-2.mat,A,Task-2,L,F3,52,0.2890625,-15.670993,-29.894908,-3.3670567
VisualCogA_Task-2.mat,A,Task-2,L,F3,52,0.29296875,-15.24357,-29.664036,-2.8657974
VisualCogA_Task-2.mat,A,Task-2,L,F3,52,0.296875,-14.855625,-29.475722,-2.4418698
VisualCogA_Task-2.mat,A,Task-2,L,F3,52,0.30078125,-14.527386,-29.267546,-2.1521849
VisualCogA_Task-2.mat,A,Task-2,L,F3,52,0.3046875,-14.223795,-29.003513,-1.9878008
VisualCogA_Task-2.mat,A,Task-2,L,F3,52,0.30859375,-13.940401,-28.776286,-1.8149499
VisualCogA_Task-2.mat,A,Task-2,L,F3,52,0.3125,-13.68244,-28.638862,-1.5047306
VisualCogA_Task-2.mat,A,Task-2,L,F3,52,0.31640625,-13.440278,-28.489382,-0.98656756
VisualCogA_Task-2.mat,A,Task-2,L,F3,52,0.3203125,-13.210671,-28.327395,-0.70109583
VisualCogA_Task-2.mat,A,Task-2,L,F3,52,0.32421875,-12.988312,-28.139606,-0.56462836
VisualCogA_Task-2.mat,A,Task-2,L,F3,52,0.328125,-12.785588,-27.94079,-0.59428866
VisualCogA_Task-2.mat,A,Task-2,L,F3,52,0.33203125,-12.610006,-27.737736,-0.49309492
VisualCogA_Task-2.mat,A,Task-2,L,F3,52,0.3359375,-12.475066,-27.575776,-0.42084496
VisualCogA_Task-2.mat,A,Task-2,L,F3,52,0.33984375,-12.381201,-27.42134,-0.33018737
VisualCogA_Task-2.mat,A,Task-2,L,F3,52,0.34375,-12.325653,-27.309806,-0.29830673
VisualCogA_Task-2.mat,A,Task-2,L,F3,52,0.34765625,-12.29523,-27.242499,-0.30826901
VisualCogA_Task-2.mat,A,Task-2,L,F3,52,0.3515625,-12.29895,-27.240215,-0.38049128
VisualCogA_Task-2.mat,A,Task-2,L,F3,52,0.35546875,-12.347134,-27.379571,-0.50639038
VisualCogA_Task-2.mat,A,Task-2,L,F3,52,0.359375,-12.443417,-27.490068,-0.58550171
VisualCogA_Task-2.mat,A,Task-2,L,F3,52,0.36328125,-12.5674,-27.697944,-0.63271824
VisualCogA_Task-2.mat,A,Task-2,L,F3,52,0.3671875,-12.728685,-27.983606,-0.73925444
VisualCogA_Task-2.mat,A,Task-2,L,F3,52,0.37109375,-12.905389,-28.371249,-0.80656737
VisualCogA_Task-2.mat,A,Task-2,L,F3,52,0.375,-13.091631,-28.800687,-0.87100803
VisualCogA_Task-2.mat,A,Task-2,L,F3,52,0.37890625,-13.293096,-29.235538,-0.92508692
VisualCogA_Task-2.mat,A,Task-2,L,F3,52,0.3828125,-13.515492,-29.683172,-1.0128994
VisualCogA_Task-2.mat,A,Task-2,L,F3,52,0.38671875,-13.768694,-30.138477,-1.1099272
VisualCogA_Task-2.mat,A,Task-2,L,F3,52,0.390625,-14.049552,-30.593886,-1.3701441
VisualCogA_Task-2.mat,A,Task-2,L,F3,52,0.39453125,-14.358899,-30.840888,-1.7240785
VisualCogA_Task-2.mat,A,Task-2,L,F3,52,0.3984375,-14.698118,-31.265811,-2.1139794
VisualCogA_Task-2.mat,A,Task-2,L,F3,52,0.40234375,-15.056344,-31.807818,-2.4651279
VisualCogA_Task-2.mat,A,Task-2,L,F3,52,0.40625,-15.433386,-32.217735,-2.8325629
VisualCogA_Task-2.mat,A,Task-2,L,F3,52,0.41015625,-15.828111,-32.481291,-3.0842463
VisualCogA_Task-2.mat,A,Task-2,L,F3,52,0.4140625,-16.214936,-32.677576,-3.3613013
VisualCogA_Task-2.mat,A,Task-2,L,F3,52,0.41796875,-16.559748,-32.754387,-3.6533202
VisualCogA_Task-2.mat,A,Task-2,L,F3,52,0.421875,-16.807261,-32.698822,-3.8214091
VisualCogA_Task-2.mat,A,Task-2,L,F3,52,0.42578125,-16.983676,-32.457434,-3.9057964
VisualCogA_Task-2.mat,A,Task-2,L,F3,52,0.4296875,-17.0778,-32.312138,-4.1907048
VisualCogA_Task-2.mat,A,Task-2,L,F3,52,0.43359375,-17.07619,-31.964382,-4.246403
VisualCogA_Task-2.mat,A,Task-2,L,F3,52,0.4375,-16.972709,-31.730897,-4.0506445
VisualCogA_Task-2.mat,A,Task-2,L,F3,52,0.44140625,-16.772846,-31.404387,-3.7338121
VisualCogA_Task-2.mat,A,Task-2,L,F3,52,0.4453125,-16.498186,-31.009558,-3.3992132
VisualCogA_Task-2.mat,A,Task-2,L,F3,52,0.44921875,-16.159328,-30.570481,-3.0913855
VisualCogA_Task-2.mat,A,Task-2,L,F3,52,0.453125,-15.770874,-30.123445,-2.626697
VisualCogA_Task-2.mat,A,Task-2,L,F3,52,0.45703125,-15.328427,-29.63277,-2.1660393
VisualCogA_Task-2.mat,A,Task-2,L,F3,52,0.4609375,-14.827934,-29.033314,-1.6098914
VisualCogA_Task-2.mat,A,Task-2,L,F3,52,0.46484375,-14.253575,-28.401121,-1.0713768
VisualCogA_Task-2.mat,A,Task-2,L,F3,52,0.46875,-13.592086,-27.711146,-0.28806247
VisualCogA_Task-2.mat,A,Task-2,L,F3,52,0.47265625,-12.854971,-27.005754,0.36790554
VisualCogA_Task-2.mat,A,Task-2,L,F3,52,0.4765625,-12.044678,-26.388008,1.2044567
VisualCogA_Task-2.mat,A,Task-2,L,F3,52,0.48046875,-11.155807,-25.723429,2.6868481
VisualCogA_Task-2.mat,A,Task-2,L,F3,52,0.484375,-10.206685,-25.25363,3.9896847
VisualCogA_Task-2.mat,A,Task-2,L,F3,52,0.48828125,-9.1948307,-24.678619,5.3442431
VisualCogA_Task-2.mat,A,Task-2,L,F3,52,0.4921875,-8.1835342,-23.956276,6.8029726
VisualCogA_Task-2.mat,A,Task-2,L,F3,52,0.49609375,-7.1602336,-23.111751,8.0891173
VisualCogA_Task-2.mat,A,Task-2,L,F3,52,0.5,-6.0996465,-22.18212,9.598642
VisualCogA_Task-2.mat,A,Task-2,L,F3,52,0.50390625,-4.9838537,-21.368233,11.33232
VisualCogA_Task-2.mat,A,Task-2,L,F3,52,0.5078125,-3.8101543,-20.528022,13.237123
VisualCogA_Task-2.mat,A,Task-2,L,F3,52,0.51171875,-2.5697193,-19.51533,15.036794
VisualCogA_Task-2.mat,A,Task-2,L,F3,52,0.515625,-1.2425643,-18.344265,16.829435
VisualCogA_Task-2.mat,A,Task-2,L,F3,52,0.51953125,0.18689531,-17.029329,18.812033
VisualCogA_Task-2.mat,A,Task-2,L,F3,52,0.5234375,1.7118034,-15.44228,20.600507
VisualCogA_Task-2.mat,A,Task-2,L,F3,52,0.52734375,3.3311984,-13.906962,23.127954
VisualCogA_Task-2.mat,A,Task-2,L,F3,52,0.53125,5.0277015,-12.475389,25.290802
VisualCogA_Task-2.mat,A,Task-2,L,F3,52,0.53515625,6.8095912,-11.096783,27.22487
VisualCogA_Task-2.mat,A,Task-2,L,F3,52,0.5390625,8.6879942,-9.4562954,29.589085
VisualCogA_Task-2.mat,A,Task-2,L,F3,52,0.54296875,10.638459,-7.5939223,32.122169
VisualCogA_Task-2.mat,A,Task-2,L,F3,52,0.546875,12.648817,-5.8710835,34.503429
VisualCogA_Task-2.mat,A,Task-2,L,F3,52,0.55078125,14.728859,-4.209627,37.166434
VisualCogA_Task-2.mat,A,Task-2,L,F3,52,0.5546875,16.893934,-2.469038,39.822217
VisualCogA_Task-2.mat,A,Task-2,L,F3,52,0.55859375,19.115248,-0.076691206,41.865409
VisualCogA_Task-2.mat,A,Task-2,L,F3,52,0.5625,21.306668,2.2143912,44.110782
VisualCogA_Task-2.mat,A,Task-2,L,F3,52,0.56640625,23.469676,4.7595382,46.582158
VisualCogA_Task-2.mat,A,Task-2,L,F3,52,0.5703125,25.620862,7.1981815,48.979043
VisualCogA_Task-2.mat,A,Task-2,L,F3,52,0.57421875,27.793474,9.2651736,51.189625
VisualCogA_Task-2.mat,A,Task-2,L,F3,52,0.578125,29.949123,11.273268,52.84831
VisualCogA_Task-2.mat,A,Task-2,L,F3,52,0.58203125,32.036024,13.297596,54.476886
VisualCogA_Task-2.mat,A,Task-2,L,F3,52,0.5859375,34.048585,15.32578,56.211209
VisualCogA_Task-2.mat,A,Task-2,L,F3,52,0.58984375,35.969225,17.124465,57.972411
VisualCogA_Task-2.mat,A,Task-2,L,F3,52,0.59375,37.761339,18.798731,59.302686
VisualCogA_Task-2.mat,A,Task-2,L,F3,52,0.59765625,39.408253,20.602684,60.744881
VisualCogA_Task-2.mat,A,Task-2,L,F3,52,0.6015625,40.877824,22.514088,61.819828
VisualCogA_Task-2.mat,A,Task-2,L,F3,52,0.60546875,42.1743,24.142398,62.935288
VisualCogA_Task-2.mat,A,Task-2,L,F3,52,0.609375,43.283126,25.298958,63.886437
VisualCogA_Task-2.mat,A,Task-2,L,F3,52,0.61328125,44.276651,26.648887,64.729254
VisualCogA_Task-2.mat,A,Task-2,L,F3,52,0.6171875,45.189582,27.910274,65.686522
VisualCogA_Task-2.mat,A,Task-2,L,F3,52,0.62109375,46.024536,28.913479,66.442135
VisualCogA_Task-2.mat,A,Task-2,L,F3,52,0.625,46.806172,29.861697,67.140102
VisualCogA_Task-2.mat,A,Task-2,L,F3,52,0.62890625,47.555921,30.409002,67.616563
VisualCogA_Task-2.mat,A,Task-2,L,F3,52,0.6328125,48.260998,30.778111,68.127224
VisualCogA_Task-2.mat,A,Task-2,L,F3,52,0.63671875,48.903238,31.156847,69.068004
VisualCogA_Task-2.mat,A,Task-2,L,F3,52,0.640625,49.458626,31.543604,69.96648
VisualCogA_Task-2.mat,A,Task-2,L,F3,52,0.64453125,49.925376,32.246105,70.51418
VisualCogA_Task-2.mat,A,Task-2,L,F3,52,0.6484375,50.318336,32.860877,71.174465
VisualCogA_Task-2.mat,A,Task-2,L,F3,52,0.65234375,50.668968,33.409295,71.29382
VisualCogA_Task-2.mat,A,Task-2,L,F3,52,0.65625,50.996107,33.626439,70.931562
VisualCogA_Task-2.mat,A,Task-2,L,F3,52,0.66015625,51.29311,33.547411,70.504748
VisualCogA_Task-2.mat,A,Task-2,L,F3,52,0.6640625,51.563928,33.669976,70.44936
VisualCogA_Task-2.mat,A,Task-2,L,F3,52,0.66796875,51.835903,33.757082,70.521891
VisualCogA_Task-2.mat,A,Task-2,L,F3,52,0.671875,52.069528,33.640901,70.721062
VisualCogA_Task-2.mat,A,Task-2,L,F3,52,0.67578125,52.204044,33.764499,70.81659
VisualCogA_Task-2.mat,A,Task-2,L,F3,52,0.6796875,52.217847,33.543835,70.82743
VisualCogA_Task-2.mat,A,Task-2,L,F3,52,0.68359375,52.17966,33.110301,70.779509
VisualCogA_Task-2.mat,A,Task-2,L,F3,52,0.6875,52.098202,32.597304,70.735729
VisualCogA_Task-2.mat,A,Task-2,L,F3,52,0.69140625,51.961325,32.129236,70.597928
VisualCogA_Task-2.mat,A,Task-2,L,F3,52,0.6953125,51.732923,31.784501,70.013063
VisualCogA_Task-2.mat,A,Task-2,L,F3,52,0.69921875,51.418339,31.202616,69.712906
VisualCogA_Task-2.mat,A,Task-2,L,F3,52,0.703125,51.071114,30.816847,69.09354
VisualCogA_Task-2.mat,A,Task-2,L,F3,52,0.70703125,50.67962,30.73159,68.44415
VisualCogA_Task-2.mat,A,Task-2,L,F3,52,0.7109375,50.213794,30.62947,67.675803
VisualCogA_Task-2.mat,A,Task-2,L,F3,52,0.71484375,49.687343,30.598937,67.182438
VisualCogA_Task-2.mat,A,Task-2,L,F3,52,0.71875,49.100274,30.528073,66.659631
VisualCogA_Task-2.mat,A,Task-2,L,F3,52,0.72265625,48.469854,30.274479,66.410289
VisualCogA_Task-2.mat,A,Task-2,L,F3,52,0.7265625,47.807311,30.027214,66.087595
VisualCogA_Task-2.mat,A,Task-2,L,F3,52,0.73046875,47.146656,29.785994,65.870876
VisualCogA_Task-2.mat,A,Task-2,L,F3,52,0.734375,46.503643,29.460345,65.387856
VisualCogA_Task-2.mat,A,Task-2,L,F3,52,0.73828125,45.881112,29.077177,64.95141
VisualCogA_Task-2.mat,A,Task-2,L,F3,52,0.7421875,45.320778,28.675699,64.154131
VisualCogA_Task-2.mat,A,Task-2,L,F3,52,0.74609375,44.814121,28.263938,63.833725
VisualCogA_Task-2.mat,A,Task-2,L,F3,52,0.75,44.32588,27.922361,63.386232
VisualCogA_Task-2.mat,A,Task-2,L,F3,52,0.75390625,43.860937,27.359473,62.774706
VisualCogA_Task-2.mat,A,Task-2,L,F3,52,0.7578125,43.414899,26.859233,62.28633
VisualCogA_Task-2.mat,A,Task-2,L,F3,52,0.76171875,42.995026,26.338683,61.882547
VisualCogA_Task-2.mat,A,Task-2,L,F3,52,0.765625,42.586534,25.877966,61.586645
VisualCogA_Task-2.mat,A,Task-2,L,F3,52,0.76953125,42.19787,25.705083,61.385958
VisualCogA_Task-2.mat,A,Task-2,L,F3,52,0.7734375,41.801217,25.550731,60.786571
VisualCogA_Task-2.mat,A,Task-2,L,F3,52,0.77734375,41.382846,25.345859,59.968381
VisualCogA_Task-2.mat,A,Task-2,L,F3,52,0.78125,40.940835,25.120789,59.335528
VisualCogA_Task-2.mat,A,Task-2,L,F3,52,0.78515625,40.463862,24.7187,58.86458
VisualCogA_Task-2.mat,A,Task-2,L,F3,52,0.7890625,39.927711,24.099203,58.592096
VisualCogA_Task-2.mat,A,Task-2,L,F3,52,0.79296875,39.342761,23.422796,57.937452
VisualCogA_Task-2.mat,A,Task-2,L,F3,52,0.796875,38.719346,22.872938,57.116965
VisualCogA_Task-2.mat,A,Task-2,L,F3,52,0.80078125,38.073525,22.316761,56.24522
VisualCogA_Task-2.mat,A,Task-2,L,F3,52,0.8046875,37.417322,21.55847,55.485559
VisualCogA_Task-2.mat,A,Task-2,L,F3,52,0.80859375,36.768081,20.789643,54.824747
VisualCogA_Task-2.mat,A,Task-2,L,F3,52,0.8125,36.138336,20.181754,54.115635
VisualCogA_Task-2.mat,A,Task-2,L,F3,52,0.81640625,35.507986,19.55739,53.324521
VisualCogA_Task-2.mat,A,Task-2,L,F3,52,0.8203125,34.876574,19.113234,52.579273
VisualCogA_Task-2.mat,A,Task-2,L,F3,52,0.82421875,34.223327,18.576148,51.800612
VisualCogA_Task-2.mat,A,Task-2,L,F3,52,0.828125,33.535105,17.869932,50.920749
VisualCogA_Task-2.mat,A,Task-2,L,F3,52,0.83203125,32.823148,17.275988,49.972042
VisualCogA_Task-2.mat,A,Task-2,L,F3,52,0.8359375,32.107006,16.637633,49.341509
VisualCogA_Task-2.mat,A,Task-2,L,F3,52,0.83984375,31.413483,15.717306,48.824185
VisualCogA_Task-2.mat,A,Task-2,L,F3,52,0.84375,30.781,14.8192,48.334355
VisualCogA_Task-2.mat,A,Task-2,L,F3,52,0.84765625,30.216273,14.100029,47.922088
VisualCogA_Task-2.mat,A,Task-2,L,F3,52,0.8515625,29.723002,13.416296,47.59161
VisualCogA_Task-2.mat,A,Task-2,L,F3,52,0.85546875,29.292244,12.985316,46.998699
VisualCogA_Task-2.mat,A,Task-2,L,F3,52,0.859375,28.914039,12.483411,46.837754
VisualCogA_Task-2.mat,A,Task-2,L,F3,52,0.86328125,28.551507,11.9971,46.663353
VisualCogA_Task-2.mat,A,Task-2,L,F3,52,0.8671875,28.180203,11.515053,46.291478
VisualCogA_Task-2.mat,A,Task-2,L,F3,52,0.87109375,27.813664,11.042029,45.888989
VisualCogA_Task-2.mat,A,Task-2,L,F3,52,0.875,27.452916,10.374356,45.500476
VisualCogA_Task-2.mat,A,Task-2,L,F3,52,0.87890625,27.099762,9.7142346,45.29659
VisualCogA_Task-2.mat,A,Task-2,L,F3,52,0.8828125,26.749115,9.197454,45.122236
VisualCogA_Task-2.mat,A,Task-2,L,F3,52,0.88671875,26.410869,8.8179893,44.76757
VisualCogA_Task-2.mat,A,Task-2,L,F3,52,0.890625,26.068282,8.4018748,44.107477
VisualCogA_Task-2.mat,A,Task-2,L,F3,52,0.89453125,25.73244,7.8159604,43.46905
VisualCogA_Task-2.mat,A,Task-2,L,F3,52,0.8984375,25.403657,7.4448962,43.046579
VisualCogA_Task-2.mat,A,Task-2,L,F3,52,0.90234375,25.068452,6.9245111,42.700303
VisualCogA_Task-2.mat,A,Task-2,L,F3,52,0.90625,24.718394,6.3310771,42.307253
VisualCogA_Task-2.mat,A,Task-2,L,F3,52,0.91015625,24.386116,5.7253177,41.61366
VisualCogA_Task-2.mat,A,Task-2,L,F3,52,0.9140625,24.057966,5.1148174,41.17736
VisualCogA_Task-2.mat,A,Task-2,L,F3,52,0.91796875,23.747305,4.7241696,41.116607
VisualCogA_Task-2.mat,A,Task-2,L,F3,52,0.921875,23.436998,4.5251765,40.942325
VisualCogA_Task-2.mat,A,Task-2,L,F3,52,0.92578125,23.118351,4.1726456,40.697941
VisualCogA_Task-2.mat,A,Task-2,L,F3,52,0.9296875,22.780015,3.685884,40.285362
VisualCogA_Task-2.mat,A,Task-2,L,F3,52,0.93359375,22.425613,3.1871302,39.800736
VisualCogA_Task-2.mat,A,Task-2,L,F3,52,0.9375,22.052205,2.7021974,39.448603
VisualCogA_Task-2.mat,A,Task-2,L,F3,52,0.94140625,21.692597,2.2802464,39.113179
VisualCogA_Task-2.mat,A,Task-2,L,F3,52,0.9453125,21.332809,1.8560567,38.671856
VisualCogA_Task-2.mat,A,Task-2,L,F3,52,0.94921875,20.973283,1.4909463,38.198321
VisualCogA_Task-2.mat,A,Task-2,L,F3,52,0.953125,20.614463,1.2410962,37.796835
VisualCogA_Task-2.mat,A,Task-2,L,F3,52,0.95703125,20.256793,0.7151613,37.708242
VisualCogA_Task-2.mat,A,Task-2,L,F3,52,0.9609375,19.900716,0.2934213,37.474287
VisualCogA_Task-2.mat,A,Task-2,L,F3,52,0.96484375,19.546674,-0.18843602,37.204141
VisualCogA_Task-2.mat,A,Task-2,L,F3,52,0.96875,19.195112,-0.49293416,36.950221
VisualCogA_Task-2.mat,A,Task-2,L,F3,52,0.97265625,18.846473,-0.63674537,36.716521
VisualCogA_Task-2.mat,A,Task-2,L,F3,52,0.9765625,18.5012,-0.71338855,36.507034
VisualCogA_Task-2.mat,A,Task-2,L,F3,52,0.98046875,18.159736,-0.71773425,36.212664
VisualCogA_Task-2.mat,A,Task-2,L,F3,52,0.984375,17.822525,-0.94757231,35.869793
VisualCogA_Task-2.mat,A,Task-2,L,F3,52,0.98828125,17.490009,-1.5425008,35.50262
VisualCogA_Task-2.mat,A,Task-2,L,F3,52,0.9921875,17.162634,-1.8891569,35.284791
VisualCogA_Task-2.mat,A,Task-2,L,F3,52,0.99609375,16.84084,-2.0993454,35.0886
VisualCogA_Task-2.mat,A,Task-2,L,F4,52,-0.5,4.4950878,-4.4221964,13.34803
VisualCogA_Task-2.mat,A,Task-2,L,F4,52,-0.49609375,4.8760784,-4.2272268,13.578378
VisualCogA_Task-2.mat,A,Task-2,L,F4,52,-0.4921875,5.2088258,-4.1387406,14.085268
VisualCogA_Task-2.mat,A,Task-2,L,F4,52,-0.48828125,5.4966381,-3.8784348,14.459849
VisualCogA_Task-2.mat,A,Task-2,L,F4,52,-0.484375,5.7428233,-3.700749,14.819478
VisualCogA_Task-2.mat,A,Task-2,L,F4,52,-0.48046875,5.9506894,-3.3903957,15.063833
VisualCogA_Task-2.mat,A,Task-2,L,F4,52,-0.4765625,6.1235444,-3.2431059,15.292733
VisualCogA_Task-2.mat,A,Task-2,L,F4,52,-0.47265625,6.2646962,-3.0806822,15.403904
VisualCogA_Task-2.mat,A,Task-2,L,F4,52,-0.46875,6.3774528,-2.9409237,15.531804
VisualCogA_Task-2.mat,A,Task-2,L,F4,52,-0.46484375,6.4651223,-2.7808772,15.539797
VisualCogA_Task-2.mat,A,Task-2,L,F4,52,-0.4609375,6.5310127,-2.5628736,15.494363
VisualCogA_Task-2.mat,A,Task-2,L,F4,52,-0.45703125,6.578432,-2.3520189,15.618258
VisualCogA_Task-2.mat,A,Task-2,L,F4,52,-0.453125,6.610688,-2.2879822,15.729723
VisualCogA_Task-2.mat,A,Task-2,L,F4,52,-0.44921875,6.631089,-2.2620782,15.734428
VisualCogA_Task-2.mat,A,Task-2,L,F4,52,-0.4453125,6.6429427,-2.1187349,15.813946
VisualCogA_Task-2.mat,A,Task-2,L,F4,52,-0.44140625,6.6495574,-1.9841156,15.865386
VisualCogA_Task-2.mat,A,Task-2,L,F4,52,-0.4375,6.7855561,-1.8407471,15.964818
VisualCogA_Task-2.mat,A,Task-2,L,F4,52,-0.43359375,6.9070916,-1.7102324,15.992604
VisualCogA_Task-2.mat,A,Task-2,L,F4,52,-0.4296875,6.9978811,-1.577777,15.949528
VisualCogA_Task-2.mat,A,Task-2,L,F4,52,-0.42578125,7.0539633,-1.3511668,15.769322
VisualCogA_Task-2.mat,A,Task-2,L,F4,52,-0.421875,7.0860814,-1.2713392,15.641082
VisualCogA_Task-2.mat,A,Task-2,L,F4,52,-0.41796875,7.0849247,-1.182041,15.616424
VisualCogA_Task-2.mat,A,Task-2,L,F4,52,-0.4140625,7.0538152,-1.0854388,15.500188
VisualCogA_Task-2.mat,A,Task-2,L,F4,52,-0.41015625,7.015464,-1.0133415,15.360151
VisualCogA_Task-2.mat,A,Task-2,L,F4,52,-0.40625,6.9749376,-0.96445866,15.273527
VisualCogA_Task-2.mat,A,Task-2,L,F4,52,-0.40234375,6.9363825,-1.0289807,15.261638
VisualCogA_Task-2.mat,A,Task-2,L,F4,52,-0.3984375,6.9074108,-1.1356071,15.328791
VisualCogA_Task-2.mat,A,Task-2,L,F4,52,-0.39453125,6.8882415,-1.2217742,15.3245
VisualCogA_Task-2.mat,A,Task-2,L,F4,52,-0.390625,6.8874438,-1.2401349,15.166444
VisualCogA_Task-2.mat,A,Task-2,L,F4,52,-0.38671875,6.8662453,-1.1845878,14.999675
VisualCogA_Task-2.mat,A,Task-2,L,F4,52,-0.3828125,6.8371577,-1.0441833,14.963449
VisualCogA_Task-2.mat,A,Task-2,L,F4,52,-0.37890625,6.778117,-1.0637319,14.769647
VisualCogA_Task-2.mat,A,Task-2,L,F4,52,-0.375,6.68484,-1.0666392,14.487356
VisualCogA_Task-2.mat,A,Task-2,L,F4,52,-0.37109375,6.556925,-1.2212825,14.328425
VisualCogA_Task-2.mat,A,Task-2,L,F4,52,-0.3671875,6.3738371,-1.5222446,14.138591
VisualCogA_Task-2.mat,A,Task-2,L,F4,52,-0.36328125,6.1468783,-1.8722916,13.858622
VisualCogA_Task-2.mat,A,Task-2,L,F4,52,-0.359375,5.8821777,-2.2238697,13.469625
VisualCogA_Task-2.mat,A,Task-2,L,F4,52,-0.35546875,5.5959832,-2.5950666,13.050755
VisualCogA_Task-2.mat,A,Task-2,L,F4,52,-0.3515625,5.3057589,-2.851558,12.693681
VisualCogA_Task-2.mat,A,Task-2,L,F4,52,-0.34765625,5.0222379,-3.0238518,12.344781
VisualCogA_Task-2.mat,A,Task-2,L,F4,52,-0.34375,4.7656973,-3.1336499,12.013559
VisualCogA_Task-2.mat,A,Task-2,L,F4,52,-0.33984375,4.5709754,-3.1797321,11.80229
VisualCogA_Task-2.mat,A,Task-2,L,F4,52,-0.3359375,4.443011,-3.1658266,11.644891
VisualCogA_Task-2.mat,A,Task-2,L,F4,52,-0.33203125,4.3854102,-3.1141475,11.484476
VisualCogA_Task-2.mat,A,Task-2,L,F4,52,-0.328125,4.3758959,-2.974832,11.381222
VisualCogA_Task-2.mat,A,Task-2,L,F4,52,-0.32421875,4.3989998,-2.7351323,11.240626
VisualCogA_Task-2.mat,A,Task-2,L,F4,52,-0.3203125,4.4453047,-2.4354555,11.230413
VisualCogA_Task-2.mat,A,Task-2,L,F4,52,-0.31640625,4.5135978,-2.12625,11.12275
VisualCogA_Task-2.mat,A,Task-2,L,F4,52,-0.3125,4.5972523,-1.8742808,10.920359
VisualCogA_Task-2.mat,A,Task-2,L,F4,52,-0.30859375,4.6853541,-1.5273501,10.721079
VisualCogA_Task-2.mat,A,Task-2,L,F4,52,-0.3046875,4.7704727,-1.1960846,10.740776
VisualCogA_Task-2.mat,A,Task-2,L,F4,52,-0.30078125,4.8248881,-0.8407928,10.858644
VisualCogA_Task-2.mat,A,Task-2,L,F4,52,-0.296875,4.8672308,-0.59679429,10.831057
VisualCogA_Task-2.mat,A,Task-2,L,F4,52,-0.29296875,4.9121152,-0.51850503,10.899677
VisualCogA_Task-2.mat,A,Task-2,L,F4,52,-0.2890625,4.9445562,-0.59375201,10.942472
VisualCogA_Task-2.mat,A,Task-2,L,F4,52,-0.28515625,4.9676783,-0.61122117,10.954976
VisualCogA_Task-2.mat,A,Task-2,L,F4,52,-0.28125,4.968278,-0.5409991,10.907777
VisualCogA_Task-2.mat,A,Task-2,L,F4,52,-0.27734375,4.9403382,-0.54022199,10.862361
VisualCogA_Task-2.mat,A,Task-2,L,F4,52,-0.2734375,4.8826583,-0.57375238,10.766269
VisualCogA_Task-2.mat,A,Task-2,L,F4,52,-0.26953125,4.7660098,-0.59438163,10.5403
VisualCogA_Task-2.mat,A,Task-2,L,F4,52,-0.265625,4.6135566,-0.79044409,10.311527
VisualCogA_Task-2.mat,A,Task-2,L,F4,52,-0.26171875,4.394383,-1.1047324,10.149337
VisualCogA_Task-2.mat,A,Task-2,L,F4,52,-0.2578125,4.131847,-1.3948171,9.9065942
VisualCogA_Task-2.mat,A,Task-2,L,F4,52,-0.25390625,3.8275089,-1.6877607,9.6110949
VisualCogA_Task-2.mat,A,Task-2,L,F4,52,-0.25,3.5133707,-1.9609269,9.1899085
VisualCogA_Task-2.mat,A,Task-2,L,F4,52,-0.24609375,3.2061574,-2.1101225,8.8638024
VisualCogA_Task-2.mat,A,Task-2,L,F4,52,-0.2421875,2.914535,-2.5034005,8.5450122
VisualCogA_Task-2.mat,A,Task-2,L,F4,52,-0.23828125,2.6606087,-2.8140996,8.2262378
VisualCogA_Task-2.mat,A,Task-2,L,F4,52,-0.234375,2.4640517,-3.043724,8.0889609
VisualCogA_Task-2.mat,A,Task-2,L,F4,52,-0.23046875,2.3288211,-3.0663345,8.0007
VisualCogA_Task-2.mat,A,Task-2,L,F4,52,-0.2265625,2.2622905,-2.9603004,7.9886113
VisualCogA_Task-2.mat,A,Task-2,L,F4,52,-0.22265625,2.2565639,-2.8131195,7.8263598
VisualCogA_Task-2.mat,A,Task-2,L,F4,52,-0.21875,2.2799109,-2.6359,7.7846533
VisualCogA_Task-2.mat,A,Task-2,L,F4,52,-0.21484375,2.333698,-2.5030028,7.7942595
VisualCogA_Task-2.mat,A,Task-2,L,F4,52,-0.2109375,2.4043069,-2.279761,7.6580819
VisualCogA_Task-2.mat,A,Task-2,L,F4,52,-0.20703125,2.5000724,-2.0037266,7.538279
VisualCogA_Task-2.mat,A,Task-2,L,F4,52,-0.203125,2.6220944,-1.7077954,7.4422336
VisualCogA_Task-2.mat,A,Task-2,L,F4,52,-0.19921875,2.7761188,-1.3546543,7.343885
VisualCogA_Task-2.mat,A,Task-2,L,F4,52,-0.1953125,2.9364957,-1.0492785,7.2121853
VisualCogA_Task-2.mat,A,Task-2,L,F4,52,-0.19140625,3.0711182,-0.70035761,7.0908928
VisualCogA_Task-2.mat,A,Task-2,L,F4,52,-0.1875,3.1682846,-0.43382936,7.1029037
VisualCogA_Task-2.mat,A,Task-2,L,F4,52,-0.18359375,3.2300103,-0.32231137,7.1509246
VisualCogA_Task-2.mat,A,Task-2,L,F4,52,-0.1796875,3.2777351,-0.19691481,6.9668814
VisualCogA_Task-2.mat,A,Task-2,L,F4,52,-0.17578125,3.3095114,-0.081964372,6.8266238
VisualCogA_Task-2.mat,A,Task-2,L,F4,52,-0.171875,3.3187189,0.050511517,6.6859289
VisualCogA_Task-2.mat,A,Task-2,L,F4,52,-0.16796875,3.3080756,0.18070395,6.5188043
VisualCogA_Task-2.mat,A,Task-2,L,F4,52,-0.1640625,3.278739,0.28694709,6.339683
VisualCogA_Task-2.mat,A,Task-2,L,F4,52,-0.16015625,3.2231116,0.4019133,6.1479572
VisualCogA_Task-2.mat,A,Task-2,L,F4,52,-0.15625,3.1142281,0.43308705,5.8911977
VisualCogA_Task-2.mat,A,Task-2,L,F4,52,-0.15234375,2.9271103,0.4380778,5.60229
VisualCogA_Task-2.mat,A,Task-2,L,F4,52,-0.1484375,2.6534844,0.34360184,5.2458441
VisualCogA_Task-2.mat,A,Task-2,L,F4,52,-0.14453125,2.3119084,0.1206745,4.7987973
VisualCogA_Task-2.mat,A,Task-2,L,F4,52,-0.140625,1.9414672,-0.1713297,4.2452493
VisualCogA_Task-2.mat,A,Task-2,L,F4,52,-0.13671875,1.5817889,-0.42791901,3.7930826
VisualCogA_Task-2.mat,A,Task-2,L,F4,52,-0.1328125,1.2939319,-0.61019469,3.2952887
VisualCogA_Task-2.mat,A,Task-2,L,F4,52,-0.12890625,1.071959,-0.73525437,2.9526359
VisualCogA_Task-2.mat,A,Task-2,L,F4,52,-0.125,0.9089957,-0.85200461,2.578639
VisualCogA_Task-2.mat,A,Task-2,L,F4,52,-0.12109375,0.78587763,-0.83294872,2.3674285
VisualCogA_Task-2.mat,A,Task-2,L,F4,52,-0.1171875,0.67467351,-0.8217914,2.1755093
VisualCogA_Task-2.mat,A,Task-2,L,F4,52,-0.11328125,0.54712249,-0.93375896,1.9880514
VisualCogA_Task-2.mat,A,Task-2,L,F4,52,-0.109375,0.38305367,-1.0529578,1.8320544
VisualCogA_Task-2.mat,A,Task-2,L,F4,52,-0.10546875,0.16688402,-1.1500776,1.5381076
VisualCogA_Task-2.mat,A,Task-2,L,F4,52,-0.1015625,-0.095956102,-1.3704103,1.2529999
VisualCogA_Task-2.mat,A,Task-2,L,F4,52,-0.09765625,-0.3742087,-1.8082202,1.0381407
VisualCogA_Task-2.mat,A,Task-2,L,F4,52,-0.09375,-0.65220879,-2.2030088,0.9709897
VisualCogA_Task-2.mat,A,Task-2,L,F4,52,-0.08984375,-0.9007859,-2.5657767,0.84359974
VisualCogA_Task-2.mat,A,Task-2,L,F4,52,-0.0859375,-1.1131154,-2.8440795,0.66294681
VisualCogA_Task-2.mat,A,Task-2,L,F4,52,-0.08203125,-1.2905917,-3.1760927,0.53699729
VisualCogA_Task-2.mat,A,Task-2,L,F4,52,-0.078125,-1.4509254,-3.4699118,0.49359619
VisualCogA_Task-2.mat,A,Task-2,L,F4,52,-0.07421875,-1.5981515,-3.6972153,0.43417744
VisualCogA_Task-2.mat,A,Task-2,L,F4,52,-0.0703125,-1.7230645,-3.9325656,0.35995504
VisualCogA_Task-2.mat,A,Task-2,L,F4,52,-0.06640625,-1.8355374,-4.0976561,0.27829317
VisualCogA_Task-2.mat,A,Task-2,L,F4,52,-0.0625,-1.9518391,-4.2724591,0.19024792
VisualCogA_Task-2.mat,A,Task-2,L,F4,52,-0.05859375,-2.0874301,-4.5675728,0.058245319
VisualCogA_Task-2.mat,A,Task-2,L,F4,52,-0.0546875,-2.2522277,-4.8702584,0.045385308
VisualCogA_Task-2.mat,A,Task-2,L,F4,52,-0.05078125,-2.4532068,-5.0930756,-0.084435933
VisualCogA_Task-2.mat,A,Task-2,L,F4,52,-0.046875,-2.6788322,-5.468728,-0.2826948
VisualCogA_Task-2.mat,A,Task-2,L,F4,52,-0.04296875,-2.9417526,-5.8477535,-0.51985688
VisualCogA_Task-2.mat,A,Task-2,L,F4,52,-0.0390625,-3.2348263,-6.2824083,-0.70833531
VisualCogA_Task-2.mat,A,Task-2,L,F4,52,-0.03515625,-3.5438138,-6.7232503,-0.97808766
VisualCogA_Task-2.mat,A,Task-2,L,F4,52,-0.03125,-3.8472015,-7.0597769,-1.2209485
VisualCogA_Task-2.mat,A,Task-2,L,F4,52,-0.02734375,-4.1293853,-7.4964501,-1.4117668
VisualCogA_Task-2.mat,A,Task-2,L,F4,52,-0.0234375,-4.3928291,-7.8169943,-1.6506486
VisualCogA_Task-2.mat,A,Task-2,L,F4,52,-0.01953125,-4.6374863,-8.1030842,-1.8180243
VisualCogA_Task-2.mat,A,Task-2,L,F4,52,-0.015625,-4.8810444,-8.3518913,-1.9873589
VisualCogA_Task-2.mat,A,Task-2,L,F4,52,-0.01171875,-5.1566888,-8.8209492,-2.0874325
VisualCogA_Task-2.mat,A,Task-2,L,F4,52,-0.0078125,-5.4872539,-9.3481296,-2.2626029
VisualCogA_Task-2.mat,A,Task-2,L,F4,52,-0.00390625,-5.8599614,-9.7784036,-2.5957305
VisualCogA_Task-2.mat,A,Task-2,L,F4,52,0,-6.2589901,-10.303405,-2.8693533
VisualCogA_Task-2.mat,A,Task-2,L,F4,52,0.00390625,-6.6701701,-10.931316,-3.132824
VisualCogA_Task-2.mat,A,Task-2,L,F4,52,0.0078125,-7.0852452,-11.373923,-3.3664261
VisualCogA_Task-2.mat,A,Task-2,L,F4,52,0.01171875,-7.4923377,-11.828303,-3.7034267
VisualCogA_Task-2.mat,A,Task-2,L,F4,52,0.015625,-7.8736014,-12.174024,-3.9921701
VisualCogA_Task-2.mat,A,Task-2,L,F4,52,0.01953125,-8.2055796,-12.591233,-4.2757028
VisualCogA_Task-2.mat,A,Task-2,L,F4,52,0.0234375,-8.4795616,-12.856837,-4.5053598
VisualCogA_Task-2.mat,A,Task-2,L,F4,52,0.02734375,-8.6992484,-13.124465,-4.7542434
VisualCogA_Task-2.mat,A,Task-2,L,F4,52,0.03125,-8.8700624,-13.335304,-4.9457694
VisualCogA_Task-2.mat,A,Task-2,L,F4,52,0.03515625,-9.0020842,-13.414372,-5.0210073
VisualCogA_Task-2.mat,A,Task-2,L,F4,52,0.0390625,-9.0959216,-13.515866,-5.0174464
VisualCogA_Task-2.mat,A,Task-2,L,F4,52,0.04296875,-9.1641647,-13.823377,-5.0782396
VisualCogA_Task-2.mat,A,Task-2,L,F4,52,0.046875,-9.2139494,-14.031466,-4.9355995
VisualCogA_Task-2.mat,A,Task-2,L,F4,52,0.05078125,-9.2639744,-14.228374,-4.9119302
VisualCogA_Task-2.mat,A,Task-2,L,F4,52,0.0546875,-9.3110769,-14.43059,-4.7929687
VisualCogA_Task-2.mat,A,Task-2,L,F4,52,0.05859375,-9.347747,-14.721606,-4.6016209
VisualCogA_Task-2.mat,A,Task-2,L,F4,52,0.0625,-9.3727887,-15.029742,-4.4737473
VisualCogA_Task-2.mat,A,Task-2,L,F4,52,0.06640625,-9.3811253,-15.302913,-4.3716222
VisualCogA_Task-2.mat,A,Task-2,L,F4,52,0.0703125,-9.3563491,-15.487889,-4.2454158
VisualCogA_Task-2.mat,A,Task-2,L,F4,52,0.07421875,-9.318116,-15.694354,-4.1109996
VisualCogA_Task-2.mat,A,Task-2,L,F4,52,0.078125,-9.2685452,-15.900575,-3.9088202
VisualCogA_Task-2.mat,A,Task-2,L,F4,52,0.08203125,-9.2145994,-16.094362,-3.7734376
VisualCogA_Task-2.mat,A,Task-2,L,F4,52,0.0859375,-9.1871323,-16.184909,-3.649067
VisualCogA_Task-2.mat,A,Task-2,L,F4,52,0.08984375,-9.2181821,-16.304361,-3.5702463
VisualCogA_Task-2.mat,A,Task-2,L,F4,52,0.09375,-9.3318401,-16.505116,-3.6511516
VisualCogA_Task-2.mat,A,Task-2,L,F4,52,0.09765625,-9.52477,-16.812077,-3.866583
VisualCogA_Task-2.mat,A,Task-2,L,F4,52,0.1015625,-9.7955972,-17.152374,-4.0526769
VisualCogA_Task-2.mat,A,Task-2,L,F4,52,0.10546875,-10.120463,-17.47457,-4.3923372
VisualCogA_Task-2.mat,A,Task-2,L,F4,52,0.109375,-10.468646,-17.899403,-4.7486207
VisualCogA_Task-2.mat,A,Task-2,L,F4,52,0.11328125,-10.819215,-18.349126,-5.1133973
VisualCogA_Task-2.mat,A,Task-2,L,F4,52,0.1171875,-11.16006,-18.751509,-5.4756826
VisualCogA_Task-2.mat,A,Task-2,L,F4,52,0.12109375,-11.494424,-19.006519,-5.7707037
VisualCogA_Task-2.mat,A,Task-2,L,F4,52,0.125,-11.817937,-19.289917,-6.106185
VisualCogA_Task-2.mat,A,Task-2,L,F4,52,0.12890625,-12.132544,-19.552621,-6.4676203
VisualCogA_Task-2.mat,A,Task-2,L,F4,52,0.1328125,-12.439623,-19.841732,-6.9310496
VisualCogA_Task-2.mat,A,Task-2,L,F4,52,0.13671875,-12.737008,-20.092062,-7.1673109
VisualCogA_Task-2.mat,A,Task-2,L,F4,52,0.140625,-13.021195,-20.329382,-7.4166261
VisualCogA_Task-2.mat,A,Task-2,L,F4,52,0.14453125,-13.287204,-20.610983,-7.6037315
VisualCogA_Task-2.mat,A,Task-2,L,F4,52,0.1484375,-13.545025,-20.909196,-7.6348403
VisualCogA_Task-2.mat,A,Task-2,L,F4,52,0.15234375,-13.802048,-21.289934,-7.7931232
VisualCogA_Task-2.mat,A,Task-2,L,F4,52,0.15625,-14.058559,-21.695026,-7.9496679
VisualCogA_Task-2.mat,A,Task-2,L,F4,52,0.16015625,-14.313227,-22.135648,-8.0742496
VisualCogA_Task-2.mat,A,Task-2,L,F4,52,0.1640625,-14.564003,-22.638623,-8.1555558
VisualCogA_Task-2.mat,A,Task-2,L,F4,52,0.16796875,-14.808995,-23.131413,-8.243224
VisualCogA_Task-2.mat,A,Task-2,L,F4,52,0.171875,-15.038401,-23.507753,-8.2645461
VisualCogA_Task-2.mat,A,Task-2,L,F4,52,0.17578125,-15.251422,-23.970398,-8.263159
VisualCogA_Task-2.mat,A,Task-2,L,F4,52,0.1796875,-15.455247,-24.434372,-8.3043145
VisualCogA_Task-2.mat,A,Task-2,L,F4,52,0.18359375,-15.65719,-24.888956,-8.3068245
VisualCogA_Task-2.mat,A,Task-2,L,F4,52,0.1875,-15.872452,-25.311253,-8.4821383
VisualCogA_Task-2.mat,A,Task-2,L,F4,52,0.19140625,-16.113401,-25.755577,-8.6543068
VisualCogA_Task-2.mat,A,Task-2,L,F4,52,0.1953125,-16.382263,-26.221532,-8.8730898
VisualCogA_Task-2.mat,A,Task-2,L,F4,52,0.19921875,-16.680847,-26.666859,-9.0323463
VisualCogA_Task-2.mat,A,Task-2,L,F4,52,0.203125,-17.035194,-27.064661,-9.3100512
VisualCogA_Task-2.mat,A,Task-2,L,F4,52,0.20703125,-17.426698,-27.527838,-9.6360628
VisualCogA_Task-2.mat,A,Task-2,L,F4,52,0.2109375,-17.849408,-28.004304,-9.9955976
VisualCogA_Task-2.mat,A,Task-2,L,F4,52,0.21484375,-18.283269,-28.498944,-10.460408
VisualCogA_Task-2.mat,A,Task-2,L,F4,52,0.21875,-18.700769,-28.99,-10.828308
VisualCogA_Task-2.mat,A,Task-2,L,F4,52,0.22265625,-19.064054,-29.454106,-11.078373
VisualCogA_Task-2.mat,A,Task-2,L,F4,52,0.2265625,-19.340801,-29.841823,-11.304809
VisualCogA_Task-2.mat,A,Task-2,L,F4,52,0.23046875,-19.530483,-30.173552,-11.436329
VisualCogA_Task-2.mat,A,Task-2,L,F4,52,0.234375,-19.625748,-30.447336,-11.475551
VisualCogA_Task-2.mat,A,Task-2,L,F4,52,0.23828125,-19.640698,-30.537367,-11.406949
VisualCogA_Task-2.mat,A,Task-2,L,F4,52,0.2421875,-19.573144,-30.536387,-11.247252
VisualCogA_Task-2.mat,A,Task-2,L,F4,52,0.24609375,-19.460027,-30.515456,-10.995224
VisualCogA_Task-2.mat,A,Task-2,L,F4,52,0.25,-19.299414,-30.587984,-10.563011
VisualCogA_Task-2.mat,A,Task-2,L,F4,52,0.25390625,-19.088828,-30.627911,-10.09574
VisualCogA_Task-2.mat,A,Task-2,L,F4,52,0.2578125,-18.8405,-30.560711,-9.6650718
VisualCogA_Task-2.mat,A,Task-2,L,F4,52,0.26171875,-18.562936,-30.58588,-9.3454368
VisualCogA_Task-2.mat,A,Task-2,L,F4,52,0.265625,-18.266655,-30.369247,-8.9529534
VisualCogA_Task-2.mat,A,Task-2,L,F4,52,0.26953125,-17.949394,-30.120808,-8.5860716
VisualCogA_Task-2.mat,A,Task-2,L,F4,52,0.2734375,-17.589663,-29.840265,-8.1589696
VisualCogA_Task-2.mat,A,Task-2,L,F4,52,0.27734375,-17.189237,-29.529367,-7.7442324
VisualCogA_Task-2.mat,A,Task-2,L,F4,52,0.28125,-16.78618,-29.159896,-7.3481385
VisualCogA_Task-2.mat,A,Task-2,L,F4,52,0.28515625,-16.395205,-28.862218,-7.0102462
VisualCogA_Task-2.mat,A,Task-2,L,F4,52,0.2890625,-16.031334,-28.609065,-6.6819359
VisualCogA_Task-2.mat,A,Task-2,L,F4,52,0.29296875,-15.686048,-28.454466,-6.2640989
VisualCogA_Task-2.mat,A,Task-2,L,F4,52,0.296875,-15.376225,-28.251171,-5.8631831
VisualCogA_Task-2.mat,A,Task-2,L,F4,52,0.30078125,-15.098536,-28.043528,-5.4559091
VisualCogA_Task-2.mat,A,Task-2,L,F4,52,0.3046875,-14.871794,-27.8479,-5.1029945
VisualCogA_Task-2.mat,A,Task-2,L,F4,52,0.30859375,-14.687649,-27.690064,-4.7221407
VisualCogA_Task-2.mat,A,Task-2,L,F4,52,0.3125,-14.549747,-27.638866,-4.4089293
VisualCogA_Task-2.mat,A,Task-2,L,F4,52,0.31640625,-14.451426,-27.611834,-4.1855294
VisualCogA_Task-2.mat,A,Task-2,L,F4,52,0.3203125,-14.409102,-27.646018,-4.1147154
VisualCogA_Task-2.mat,A,Task-2,L,F4,52,0.32421875,-14.40558,-27.713646,-4.0776898
VisualCogA_Task-2.mat,A,Task-2,L,F4,52,0.328125,-14.444528,-27.931948,-4.0781332
VisualCogA_Task-2.mat,A,Task-2,L,F4,52,0.33203125,-14.516027,-28.169637,-4.1303527
VisualCogA_Task-2.mat,A,Task-2,L,F4,52,0.3359375,-14.60374,-28.285757,-4.0595889
VisualCogA_Task-2.mat,A,Task-2,L,F4,52,0.33984375,-14.681455,-28.422658,-4.0205648
VisualCogA_Task-2.mat,A,Task-2,L,F4,52,0.34375,-14.7547,-28.738385,-3.9526463
VisualCogA_Task-2.mat,A,Task-2,L,F4,52,0.34765625,-14.853841,-29.038253,-3.8941956
VisualCogA_Task-2.mat,A,Task-2,L,F4,52,0.3515625,-14.99998,-29.402398,-3.8881975
VisualCogA_Task-2.mat,A,Task-2,L,F4,52,0.35546875,-15.204553,-29.79693,-3.9688709
VisualCogA_Task-2.mat,A,Task-2,L,F4,52,0.359375,-15.456593,-30.23214,-4.120172
VisualCogA_Task-2.mat,A,Task-2,L,F4,52,0.36328125,-15.771284,-30.721857,-4.2946935
VisualCogA_Task-2.mat,A,Task-2,L,F4,52,0.3671875,-16.116537,-31.253388,-4.5508006
VisualCogA_Task-2.mat,A,Task-2,L,F4,52,0.37109375,-16.484608,-31.816474,-4.8598489
VisualCogA_Task-2.mat,A,Task-2,L,F4,52,0.375,-16.8803,-32.428569,-5.1859328
VisualCogA_Task-2.mat,A,Task-2,L,F4,52,0.37890625,-17.285939,-32.95394,-5.4004816
VisualCogA_Task-2.mat,A,Task-2,L,F4,52,0.3828125,-17.68877,-33.520586,-5.7639749
VisualCogA_Task-2.mat,A,Task-2,L,F4,52,0.38671875,-18.084491,-34.108639,-6.0889967
VisualCogA_Task-2.mat,A,Task-2,L,F4,52,0.390625,-18.472114,-34.706722,-6.4871528
VisualCogA_Task-2.mat,A,Task-2,L,F4,52,0.39453125,-18.879404,-35.293524,-6.9272793
VisualCogA_Task-2.mat,A,Task-2,L,F4,52,0.3984375,-19.321416,-35.882469,-7.3135255
VisualCogA_Task-2.mat,A,Task-2,L,F4,52,0.40234375,-19.765443,-36.401826,-7.6895805
VisualCogA_Task-2.mat,A,Task-2,L,F4,52,0.40625,-20.202706,-36.773421,-8.0580032
VisualCogA_Task-2.mat,A,Task-2,L,F4,52,0.41015625,-20.611842,-37.191332,-8.4982728
VisualCogA_Task-2.mat,A,Task-2,L,F4,52,0.4140625,-20.990848,-37.477966,-8.9433602
VisualCogA_Task-2.mat,A,Task-2,L,F4,52,0.41796875,-21.317114,-37.718599,-9.3175693
VisualCogA_Task-2.mat,A,Task-2,L,F4,52,0.421875,-21.588495,-37.912401,-9.532797
VisualCogA_Task-2.mat,A,Task-2,L,F4,52,0.42578125,-21.778098,-38.050931,-9.6385915
VisualCogA_Task-2.mat,A,Task-2,L,F4,52,0.4296875,-21.890911,-38.136147,-9.6583912
VisualCogA_Task-2.mat,A,Task-2,L,F4,52,0.43359375,-21.926055,-38.15594,-9.6111906
VisualCogA_Task-2.mat,A,Task-2,L,F4,52,0.4375,-21.898459,-38.019578,-9.5880265
VisualCogA_Task-2.mat,A,Task-2,L,F4,52,0.44140625,-21.803108,-37.832831,-9.5000796
VisualCogA_Task-2.mat,A,Task-2,L,F4,52,0.4453125,-21.654317,-37.365514,-9.3323159
VisualCogA_Task-2.mat,A,Task-2,L,F4,52,0.44921875,-21.468854,-36.823968,-9.0825723
VisualCogA_Task-2.mat,A,Task-2,L,F4,52,0.453125,-21.247704,-36.292008,-8.668067
VisualCogA_Task-2.mat,A,Task-2,L,F4,52,0.45703125,-20.981112,-35.820211,-8.2857161
VisualCogA_Task-2.mat,A,Task-2,L,F4,52,0.4609375,-20.697126,-35.243137,-7.8593347
VisualCogA_Task-2.mat,A,Task-2,L,F4,52,0.46484375,-20.372695,-34.644917,-7.1864879
VisualCogA_Task-2.mat,A,Task-2,L,F4,52,0.46875,-19.997508,-33.952241,-6.4608409
VisualCogA_Task-2.mat,A,Task-2,L,F4,52,0.47265625,-19.544469,-33.228457,-5.6706412
VisualCogA_Task-2.mat,A,Task-2,L,F4,52,0.4765625,-18.999889,-32.653518,-4.9918988
VisualCogA_Task-2.mat,A,Task-2,L,F4,52,0.48046875,-18.373368,-32.405964,-3.8332419
VisualCogA_Task-2.mat,A,Task-2,L,F4,52,0.484375,-17.651332,-31.883227,-2.9216523
VisualCogA_Task-2.mat,A,Task-2,L,F4,52,0.48828125,-16.828255,-31.137107,-1.9445805
VisualCogA_Task-2.mat,A,Task-2,L,F4,52,0.4921875,-15.907998,-30.495938,-0.55306493
VisualCogA_Task-2.mat,A,Task-2,L,F4,52,0.49609375,-14.883731,-29.763521,0.91930309
VisualCogA_Task-2.mat,A,Task-2,L,F4,52,0.5,-13.751958,-28.819679,2.0536366
VisualCogA_Task-2.mat,A,Task-2,L,F4,52,0.50390625,-12.502167,-27.826161,3.1585434
VisualCogA_Task-2.mat,A,Task-2,L,F4,52,0.5078125,-11.143472,-26.537133,4.5678568
VisualCogA_Task-2.mat,A,Task-2,L,F4,52,0.51171875,-9.6700118,-25.044626,6.1386247
VisualCogA_Task-2.mat,A,Task-2,L,F4,52,0.515625,-8.0932137,-23.618966,7.9669928
VisualCogA_Task-2.mat,A,Task-2,L,F4,52,0.51953125,-6.3850828,-22.140899,10.184978
VisualCogA_Task-2.mat,A,Task-2,L,F4,52,0.5234375,-4.5368933,-20.061934,12.080036
VisualCogA_Task-2.mat,A,Task-2,L,F4,52,0.52734375,-2.5644279,-17.754389,14.505004
VisualCogA_Task-2.mat,A,Task-2,L,F4,52,0.53125,-0.48833392,-15.424272,16.992258
VisualCogA_Task-2.mat,A,Task-2,L,F4,52,0.53515625,1.7095393,-13.059981,19.897391
VisualCogA_Task-2.mat,A,Task-2,L,F4,52,0.5390625,4.0162055,-10.495894,22.330078
VisualCogA_Task-2.mat,A,Task-2,L,F4,52,0.54296875,6.4328664,-8.1825044,24.758411
VisualCogA_Task-2.mat,A,Task-2,L,F4,52,0.546875,8.9393062,-5.873244,27.227459
VisualCogA_Task-2.mat,A,Task-2,L,F4,52,0.55078125,11.513924,-3.602563,29.791105
VisualCogA_Task-2.mat,A,Task-2,L,F4,52,0.5546875,14.141996,-0.97478283,32.755785
VisualCogA_Task-2.mat,A,Task-2,L,F4,52,0.55859375,16.794722,1.3172217,36.05315
VisualCogA_Task-2.mat,A,Task-2,L,F4,52,0.5625,19.457366,3.7038117,38.837715
VisualCogA_Task-2.mat,A,Task-2,L,F4,52,0.56640625,22.125258,5.8535734,41.297314
VisualCogA_Task-2.mat,A,Task-2,L,F4,52,0.5703125,24.788746,8.2160824,44.402699
VisualCogA_Task-2.mat,A,Task-2,L,F4,52,0.57421875,27.437986,10.419323,47.429331
VisualCogA_Task-2.mat,A,Task-2,L,F4,52,0.578125,30.076959,13.163571,50.106886
VisualCogA_Task-2.mat,A,Task-2,L,F4,52,0.58203125,32.709282,15.579107,52.742712
VisualCogA_Task-2.mat,A,Task-2,L,F4,52,0.5859375,35.311551,17.965878,55.25827
VisualCogA_Task-2.mat,A,Task-2,L,F4,52,0.58984375,37.858125,20.155156,57.88995
VisualCogA_Task-2.mat,A,Task-2,L,F4,52,0.59375,40.30899,22.377507,60.232866
VisualCogA_Task-2.mat,A,Task-2,L,F4,52,0.59765625,42.673268,24.398248,62.369879
VisualCogA_Task-2.mat,A,Task-2,L,F4,52,0.6015625,44.945456,26.447857,64.165298
VisualCogA_Task-2.mat,A,Task-2,L,F4,52,0.60546875,47.119313,28.502962,66.269877
VisualCogA_Task-2.mat,A,Task-2,L,F4,52,0.609375,49.185669,30.855699,68.690959
VisualCogA_Task-2.mat,A,Task-2,L,F4,52,0.61328125,51.175689,33.142477,70.983478
VisualCogA_Task-2.mat,A,Task-2,L,F4,52,0.6171875,53.088986,35.528755,72.862294
VisualCogA_Task-2.mat,A,Task-2,L,F4,52,0.62109375,54.919121,37.478725,74.70725
VisualCogA_Task-2.mat,A,Task-2,L,F4,52,0.625,56.640182,38.86998,76.203111
VisualCogA_Task-2.mat,A,Task-2,L,F4,52,0.62890625,58.258727,40.375514,77.795181
VisualCogA_Task-2.mat,A,Task-2,L,F4,52,0.6328125,59.772007,41.590078,79.492673
VisualCogA_Task-2.mat,A,Task-2,L,F4,52,0.63671875,61.178779,42.699737,81.250613
VisualCogA_Task-2.mat,A,Task-2,L,F4,52,0.640625,62.462289,43.591451,82.214356
VisualCogA_Task-2.mat,A,Task-2,L,F4,52,0.64453125,63.609875,44.35156,83.725572
VisualCogA_Task-2.mat,A,Task-2,L,F4,52,0.6484375,64.627246,45.243762,84.775972
VisualCogA_Task-2.mat,A,Task-2,L,F4,52,0.65234375,65.56165,46.24767,86.028931
VisualCogA_Task-2.mat,A,Task-2,L,F4,52,0.65625,66.413056,46.885983,87.242207
VisualCogA_Task-2.mat,A,Task-2,L,F4,52,0.66015625,67.194152,47.551119,87.935691
VisualCogA_Task-2.mat,A,Task-2,L,F4,52,0.6640625,67.9043,48.097565,88.987846
VisualCogA_Task-2.mat,A,Task-2,L,F4,52,0.66796875,68.573528,48.374808,89.837992
VisualCogA_Task-2.mat,A,Task-2,L,F4,52,0.671875,69.175346,48.519886,90.250076
VisualCogA_Task-2.mat,A,Task-2,L,F4,52,0.67578125,69.663267,48.620903,90.500028
VisualCogA_Task-2.mat,A,Task-2,L,F4,52,0.6796875,70.073342,49.217118,90.969083
VisualCogA_Task-2.mat,A,Task-2,L,F4,52,0.68359375,70.399574,49.212017,91.119038
VisualCogA_Task-2.mat,A,Task-2,L,F4,52,0.6875,70.656431,49.706978,91.50352
VisualCogA_Task-2.mat,A,Task-2,L,F4,52,0.69140625,70.858022,50.027351,91.362093
VisualCogA_Task-2.mat,A,Task-2,L,F4,52,0.6953125,71.036113,50.152371,91.529124
VisualCogA_Task-2.mat,A,Task-2,L,F4,52,0.69921875,71.200733,50.010596,91.894183
VisualCogA_Task-2.mat,A,Task-2,L,F4,52,0.703125,71.362713,50.188893,92.747453
VisualCogA_Task-2.mat,A,Task-2,L,F4,52,0.70703125,71.51014,50.123034,93.350194
VisualCogA_Task-2.mat,A,Task-2,L,F4,52,0.7109375,71.64447,50.364555,94.096653
VisualCogA_Task-2.mat,A,Task-2,L,F4,52,0.71484375,71.761487,50.651488,94.180705
VisualCogA_Task-2.mat,A,Task-2,L,F4,52,0.71875,71.827499,50.979226,94.099363
VisualCogA_Task-2.mat,A,Task-2,L,F4,52,0.72265625,71.84802,50.994897,93.908163
VisualCogA_Task-2.mat,A,Task-2,L,F4,52,0.7265625,71.833402,51.336503,93.670682
VisualCogA_Task-2.mat,A,Task-2,L,F4,52,0.73046875,71.780459,51.37744,93.417035
VisualCogA_Task-2.mat,A,Task-2,L,F4,52,0.734375,71.64944,51.545821,93.141792
VisualCogA_Task-2.mat,A,Task-2,L,F4,52,0.73828125,71.494889,51.609931,92.87275
VisualCogA_Task-2.mat,A,Task-2,L,F4,52,0.7421875,71.333255,51.392289,92.685651
VisualCogA_Task-2.mat,A,Task-2,L,F4,52,0.74609375,71.160654,51.196669,92.626776
VisualCogA_Task-2.mat,A,Task-2,L,F4,52,0.75,70.985757,51.017207,92.5865
VisualCogA_Task-2.mat,A,Task-2,L,F4,52,0.75390625,70.806691,50.720043,92.517249
VisualCogA_Task-2.mat,A,Task-2,L,F4,52,0.7578125,70.64129,50.086455,92.34418
VisualCogA_Task-2.mat,A,Task-2,L,F4,52,0.76171875,70.487041,49.705127,92.089383
VisualCogA_Task-2.mat,A,Task-2,L,F4,52,0.765625,70.322539,49.187337,92.184074
VisualCogA_Task-2.mat,A,Task-2,L,F4,52,0.76953125,70.13412,48.57323,92.239135
VisualCogA_Task-2.mat,A,Task-2,L,F4,52,0.7734375,69.924804,47.738946,92.271834
VisualCogA_Task-2.mat,A,Task-2,L,F4,52,0.77734375,69.679557,46.91665,92.012739
VisualCogA_Task-2.mat,A,Task-2,L,F4,52,0.78125,69.391105,46.219585,91.703719
VisualCogA_Task-2.mat,A,Task-2,L,F4,52,0.78515625,69.084078,45.504912,91.790206
VisualCogA_Task-2.mat,A,Task-2,L,F4,52,0.7890625,68.715076,44.967715,91.658445
VisualCogA_Task-2.mat,A,Task-2,L,F4,52,0.79296875,68.27799,44.449577,91.332609
VisualCogA_Task-2.mat,A,Task-2,L,F4,52,0.796875,67.830015,43.816666,91.071955
VisualCogA_Task-2.mat,A,Task-2,L,F4,52,0.80078125,67.387206,43.27319,90.580124
VisualCogA_Task-2.mat,A,Task-2,L,F4,52,0.8046875,66.998966,42.841388,90.355614
VisualCogA_Task-2.mat,A,Task-2,L,F4,52,0.80859375,66.601258,42.454299,90.248507
VisualCogA_Task-2.mat,A,Task-2,L,F4,52,0.8125,66.208472,41.896105,89.829279
VisualCogA_Task-2.mat,A,Task-2,L,F4,52,0.81640625,65.821138,40.963186,89.295586
VisualCogA_Task-2.mat,A,Task-2,L,F4,52,0.8203125,65.424943,40.301218,88.980031
VisualCogA_Task-2.mat,A,Task-2,L,F4,52,0.82421875,64.991909,39.341313,88.47778
VisualCogA_Task-2.mat,A,Task-2,L,F4,52,0.828125,64.489974,38.282556,88.014211
VisualCogA_Task-2.mat,A,Task-2,L,F4,52,0.83203125,63.93757,37.249599,87.493026
VisualCogA_Task-2.mat,A,Task-2,L,F4,52,0.8359375,63.374212,36.295149,86.989249
VisualCogA_Task-2.mat,A,Task-2,L,F4,52,0.83984375,62.820353,35.320184,86.516215
VisualCogA_Task-2.mat,A,Task-2,L,F4,52,0.84375,62.316821,34.343819,86.18754
VisualCogA_Task-2.mat,A,Task-2,L,F4,52,0.84765625,61.852813,33.365067,85.825016
VisualCogA_Task-2.mat,A,Task-2,L,F4,52,0.8515625,61.432694,32.343045,85.653866
VisualCogA_Task-2.mat,A,Task-2,L,F4,52,0.85546875,61.047671,31.606987,85.562915
VisualCogA_Task-2.mat,A,Task-2,L,F4,52,0.859375,60.654993,31.192893,85.433751
VisualCogA_Task-2.mat,A,Task-2,L,F4,52,0.86328125,60.252205,30.580701,85.229039
VisualCogA_Task-2.mat,A,Task-2,L,F4,52,0.8671875,59.832743,30.110818,84.900954
VisualCogA_Task-2.mat,A,Task-2,L,F4,52,0.87109375,59.31291,29.492235,84.501184
VisualCogA_Task-2.mat,A,Task-2,L,F4,52,0.875,58.718284,28.957033,84.257529
VisualCogA_Task-2.mat,A,Task-2,L,F4,52,0.87890625,58.036014,28.392555,84.067105
VisualCogA_Task-2.mat,A,Task-2,L,F4,52,0.8828125,57.28885,27.781751,83.800667
VisualCogA_Task-2.mat,A,Task-2,L,F4,52,0.88671875,56.561209,27.528181,83.407352
VisualCogA_Task-2.mat,A,Task-2,L,F4,52,0.890625,55.827623,27.072413,82.579976
VisualCogA_Task-2.mat,A,Task-2,L,F4,52,0.89453125,55.041542,26.308343,82.118786
VisualCogA_Task-2.mat,A,Task-2,L,F4,52,0.8984375,54.239995,25.578842,81.239145
VisualCogA_Task-2.mat,A,Task-2,L,F4,52,0.90234375,53.422368,24.898149,80.286343
VisualCogA_Task-2.mat,A,Task-2,L,F4,52,0.90625,52.591001,24.339245,79.363301
VisualCogA_Task-2.mat,A,Task-2,L,F4,52,0.91015625,51.723306,23.876278,78.376949
VisualCogA_Task-2.mat,A,Task-2,L,F4,52,0.9140625,50.833009,23.59657,77.377419
VisualCogA_Task-2.mat,A,Task-2,L,F4,52,0.91796875,49.957979,23.289066,76.27092
VisualCogA_Task-2.mat,A,Task-2,L,F4,52,0.921875,49.092749,22.668286,75.429338
VisualCogA_Task-2.mat,A,Task-2,L,F4,52,0.92578125,48.145342,22.237035,74.576695
VisualCogA_Task-2.mat,A,Task-2,L,F4,52,0.9296875,47.221651,21.60353,73.777641
VisualCogA_Task-2.mat,A,Task-2,L,F4,52,0.93359375,46.325481,20.836394,72.801115
VisualCogA_Task-2.mat,A,Task-2,L,F4,52,0.9375,45.383427,20.103578,71.826444
VisualCogA_Task-2.mat,A,Task-2,L,F4,52,0.94140625,44.57407,19.271303,70.828613
VisualCogA_Task-2.mat,A,Task-2,L,F4,52,0.9453125,43.76817,18.464697,69.987786
VisualCogA_Task-2.mat,A,Task-2,L,F4,52,0.94921875,42.962521,17.657922,69.124356
VisualCogA_Task-2.mat,A,Task-2,L,F4,52,0.953125,42.153915,16.708697,67.922866
VisualCogA_Task-2.mat,A,Task-2,L,F4,52,0.95703125,41.339145,15.831501,67.01374
VisualCogA_Task-2.mat,A,Task-2,L,F4,52,0.9609375,40.515002,14.755298,66.278054
VisualCogA_Task-2.mat,A,Task-2,L,F4,52,0.96484375,39.678279,13.725929,65.195284
VisualCogA_Task-2.mat,A,Task-2,L,F4,52,0.96875,38.825768,12.799404,64.395413
VisualCogA_Task-2.mat,A,Task-2,L,F4,52,0.97265625,37.954263,12.257453,63.216896
VisualCogA_Task-2.mat,A,Task-2,L,F4,52,0.9765625,37.060554,11.934875,61.797264
VisualCogA_Task-2.mat,A,Task-2,L,F4,52,0.98046875,36.141435,11.569582,60.709008
VisualCogA_Task-2.mat,A,Task-2,L,F4,52,0.984375,35.193698,11.247295,59.309503
VisualCogA_Task-2.mat,A,Task-2,L,F4,52,0.98828125,34.214136,10.805801,58.30459
VisualCogA_Task-2.mat,A,Task-2,L,F4,52,0.9921875,33.19954,10.552969,57.441327
VisualCogA_Task-2.mat,A,Task-2,L,F4,52,0.99609375,32.146704,9.7433549,56.499322
VisualCogA_Task-2.mat,A,Task-2,R,Fz,40,-0.5,7.4457919,-0.40444414,15.664736
VisualCogA_Task-2.mat,A,Task-2,R,Fz,40,-0.49609375,7.3822616,-0.25433723,15.701543
VisualCogA_Task-2.mat,A,Task-2,R,Fz,40,-0.4921875,7.3646483,-0.45407576,15.644164
VisualCogA_Task-2.mat,A,Task-2,R,Fz,40,-0.48828125,7.3882182,-0.38646359,15.667096
VisualCogA_Task-2.mat,A,Task-2,R,Fz,40,-0.484375,7.4482378,-0.27184974,15.738824
VisualCogA_Task-2.mat,A,Task-2,R,Fz,40,-0.48046875,7.5399734,-0.088499799,15.96591
VisualCogA_Task-2.mat,A,Task-2,R,Fz,40,-0.4765625,7.6586913,0.16413534,15.977356
VisualCogA_Task-2.mat,A,Task-2,R,Fz,40,-0.47265625,7.7996578,0.41739742,16.063624
VisualCogA_Task-2.mat,A,Task-2,R,Fz,40,-0.46875,7.9581393,0.64110728,16.203047
VisualCogA_Task-2.mat,A,Task-2,R,Fz,40,-0.46484375,8.1294021,0.87926239,16.231928
VisualCogA_Task-2.mat,A,Task-2,R,Fz,40,-0.4609375,8.3087124,1.1079507,16.30451
VisualCogA_Task-2.mat,A,Task-2,R,Fz,40,-0.45703125,8.4913367,1.3391546,16.590491
VisualCogA_Task-2.mat,A,Task-2,R,Fz,40,-0.453125,8.6725413,1.566329,16.73147
VisualCogA_Task-2.mat,A,Task-2,R,Fz,40,-0.44921875,8.8475925,1.8328036,16.841184
VisualCogA_Task-2.mat,A,Task-2,R,Fz,40,-0.4453125,9.0117566,2.2044772,16.824063
VisualCogA_Task-2.mat,A,Task-2,R,Fz,40,-0.44140625,9.1603,2.3605321,16.858875
VisualCogA_Task-2.mat,A,Task-2,R,Fz,40,-0.4375,9.2963287,2.3552764,16.663967
VisualCogA_Task-2.mat,A,Task-2,R,Fz,40,-0.43359375,9.3830565,2.332386,16.736143
VisualCogA_Task-2.mat,A,Task-2,R,Fz,40,-0.4296875,9.424995,2.3339899,16.811004
VisualCogA_Task-2.mat,A,Task-2,R,Fz,40,-0.42578125,9.4065094,2.3058835,16.627565
VisualCogA_Task-2.mat,A,Task-2,R,Fz,40,-0.421875,9.3176308,2.2074593,16.255738
VisualCogA_Task-2.mat,A,Task-2,R,Fz,40,-0.41796875,9.1500972,2.0623072,15.965368
VisualCogA_Task-2.mat,A,Task-2,R,Fz,40,-0.4140625,8.9184674,1.9386399,15.827613
VisualCogA_Task-2.mat,A,Task-2,R,Fz,40,-0.41015625,8.642674,1.8124491,15.60695
VisualCogA_Task-2.mat,A,Task-2,R,Fz,40,-0.40625,8.3525203,1.8159841,15.146451
VisualCogA_Task-2.mat,A,Task-2,R,Fz,40,-0.40234375,8.0665728,1.7002994,14.657247
VisualCogA_Task-2.mat,A,Task-2,R,Fz,40,-0.3984375,7.8092391,1.4842658,13.995986
VisualCogA_Task-2.mat,A,Task-2,R,Fz,40,-0.39453125,7.6014476,1.3366595,13.339476
VisualCogA_Task-2.mat,A,Task-2,R,Fz,40,-0.390625,7.4374529,1.1355793,12.954969
VisualCogA_Task-2.mat,A,Task-2,R,Fz,40,-0.38671875,7.2813132,0.95254156,12.693212
VisualCogA_Task-2.mat,A,Task-2,R,Fz,40,-0.3828125,7.1151486,0.91603027,12.363381
VisualCogA_Task-2.mat,A,Task-2,R,Fz,40,-0.37890625,6.9431478,0.89212658,12.226901
VisualCogA_Task-2.mat,A,Task-2,R,Fz,40,-0.375,6.7584068,0.846719,12.061952
VisualCogA_Task-2.mat,A,Task-2,R,Fz,40,-0.37109375,6.5697748,0.75087234,11.819214
VisualCogA_Task-2.mat,A,Task-2,R,Fz,40,-0.3671875,6.3878974,0.61619713,11.412607
VisualCogA_Task-2.mat,A,Task-2,R,Fz,40,-0.36328125,6.2054074,0.5973965,11.28639
VisualCogA_Task-2.mat,A,Task-2,R,Fz,40,-0.359375,6.039914,0.54552226,11.098759
VisualCogA_Task-2.mat,A,Task-2,R,Fz,40,-0.35546875,5.8856752,0.52572116,10.949715
VisualCogA_Task-2.mat,A,Task-2,R,Fz,40,-0.3515625,5.749974,0.55240923,10.80739
VisualCogA_Task-2.mat,A,Task-2,R,Fz,40,-0.34765625,5.6312208,0.5410129,10.701193
VisualCogA_Task-2.mat,A,Task-2,R,Fz,40,-0.34375,5.5055108,0.42687039,10.662835
VisualCogA_Task-2.mat,A,Task-2,R,Fz,40,-0.33984375,5.3832689,0.27428655,10.560522
VisualCogA_Task-2.mat,A,Task-2,R,Fz,40,-0.3359375,5.2216163,0.015520985,10.605489
VisualCogA_Task-2.mat,A,Task-2,R,Fz,40,-0.33203125,5.0258209,-0.18477517,10.548181
VisualCogA_Task-2.mat,A,Task-2,R,Fz,40,-0.328125,4.8052397,-0.4661273,10.363816
VisualCogA_Task-2.mat,A,Task-2,R,Fz,40,-0.32421875,4.552577,-0.76462141,10.130998
VisualCogA_Task-2.mat,A,Task-2,R,Fz,40,-0.3203125,4.27943,-1.1262951,9.7919223
VisualCogA_Task-2.mat,A,Task-2,R,Fz,40,-0.31640625,3.998414,-1.4460184,9.4533559
VisualCogA_Task-2.mat,A,Task-2,R,Fz,40,-0.3125,3.715273,-1.5492332,9.1343794
VisualCogA_Task-2.mat,A,Task-2,R,Fz,40,-0.30859375,3.4397878,-1.769296,8.7282318
VisualCogA_Task-2.mat,A,Task-2,R,Fz,40,-0.3046875,3.2044885,-1.861576,8.322494
VisualCogA_Task-2.mat,A,Task-2,R,Fz,40,-0.30078125,3.0033591,-1.9082703,7.938093
VisualCogA_Task-2.mat,A,Task-2,R,Fz,40,-0.296875,2.8415187,-1.867238,7.5781434
VisualCogA_Task-2.mat,A,Task-2,R,Fz,40,-0.29296875,2.7038128,-1.7541068,7.2251781
VisualCogA_Task-2.mat,A,Task-2,R,Fz,40,-0.2890625,2.5910696,-1.5858724,6.8309453
VisualCogA_Task-2.mat,A,Task-2,R,Fz,40,-0.28515625,2.4720742,-1.4447916,6.4491074
VisualCogA_Task-2.mat,A,Task-2,R,Fz,40,-0.28125,2.3624898,-1.3599649,6.1206649
VisualCogA_Task-2.mat,A,Task-2,R,Fz,40,-0.27734375,2.2453811,-1.3603331,5.9337742
VisualCogA_Task-2.mat,A,Task-2,R,Fz,40,-0.2734375,2.1116511,-1.4159316,5.5576729
VisualCogA_Task-2.mat,A,Task-2,R,Fz,40,-0.26953125,1.9728789,-1.4647339,5.2682871
VisualCogA_Task-2.mat,A,Task-2,R,Fz,40,-0.265625,1.832331,-1.5389624,5.0063557
VisualCogA_Task-2.mat,A,Task-2,R,Fz,40,-0.26171875,1.6958496,-1.6019186,4.7863188
VisualCogA_Task-2.mat,A,Task-2,R,Fz,40,-0.2578125,1.5816517,-1.8822024,4.6110055
VisualCogA_Task-2.mat,A,Task-2,R,Fz,40,-0.25390625,1.4896035,-2.0316421,4.506641
VisualCogA_Task-2.mat,A,Task-2,R,Fz,40,-0.25,1.4022967,-2.1295346,4.4761508
VisualCogA_Task-2.mat,A,Task-2,R,Fz,40,-0.24609375,1.3243082,-2.2698321,4.4329161
VisualCogA_Task-2.mat,A,Task-2,R,Fz,40,-0.2421875,1.2489867,-2.3444463,4.4173384
VisualCogA_Task-2.mat,A,Task-2,R,Fz,40,-0.23828125,1.1527491,-2.3979874,4.4259129
VisualCogA_Task-2.mat,A,Task-2,R,Fz,40,-0.234375,1.0205378,-2.5375094,4.2945919
VisualCogA_Task-2.mat,A,Task-2,R,Fz,40,-0.23046875,0.87083192,-2.6796561,4.1955885
VisualCogA_Task-2.mat,A,Task-2,R,Fz,40,-0.2265625,0.72061587,-2.7953811,4.1672925
VisualCogA_Task-2.mat,A,Task-2,R,Fz,40,-0.22265625,0.57940962,-2.939368,4.1487392
VisualCogA_Task-2.mat,A,Task-2,R,Fz,40,-0.21875,0.46534356,-2.9222134,3.9349671
VisualCogA_Task-2.mat,A,Task-2,R,Fz,40,-0.21484375,0.39387019,-2.9684266,3.7072331
VisualCogA_Task-2.mat,A,Task-2,R,Fz,40,-0.2109375,0.3569834,-2.8763118,3.5831114
VisualCogA_Task-2.mat,A,Task-2,R,Fz,40,-0.20703125,0.3671849,-2.7923876,3.5360115
VisualCogA_Task-2.mat,A,Task-2,R,Fz,40,-0.203125,0.42319677,-2.5963724,3.6371489
VisualCogA_Task-2.mat,A,Task-2,R,Fz,40,-0.19921875,0.52611408,-2.515912,3.6428627
VisualCogA_Task-2.mat,A,Task-2,R,Fz,40,-0.1953125,0.65326249,-2.5050696,3.6609488
VisualCogA_Task-2.mat,A,Task-2,R,Fz,40,-0.19140625,0.79501928,-2.3951359,3.7672763
VisualCogA_Task-2.mat,A,Task-2,R,Fz,40,-0.1875,0.94899979,-2.160976,3.8684389
VisualCogA_Task-2.mat,A,Task-2,R,Fz,40,-0.18359375,1.0774915,-1.9476833,3.9836529
VisualCogA_Task-2.mat,A,Task-2,R,Fz,40,-0.1796875,1.1733226,-1.7603347,3.8923755
VisualCogA_Task-2.mat,A,Task-2,R,Fz,40,-0.17578125,1.2136491,-1.6437561,3.7725709
VisualCogA_Task-2.mat,A,Task-2,R,Fz,40,-0.171875,1.2057894,-1.5801022,3.6426832
VisualCogA_Task-2.mat,A,Task-2,R,Fz,40,-0.16796875,1.1716473,-1.4702261,3.5183208
VisualCogA_Task-2.mat,A,Task-2,R,Fz,40,-0.1640625,1.1502503,-1.4173139,3.319607
VisualCogA_Task-2.mat,A,Task-2,R,Fz,40,-0.16015625,1.1333449,-1.3272478,3.1008539
VisualCogA_Task-2.mat,A,Task-2,R,Fz,40,-0.15625,1.1428447,-1.2077332,3.0710762
VisualCogA_Task-2.mat,A,Task-2,R,Fz,40,-0.15234375,1.1637937,-1.2292735,2.9844129
VisualCogA_Task-2.mat,A,Task-2,R,Fz,40,-0.1484375,1.1850921,-1.2845423,2.9612248
VisualCogA_Task-2.mat,A,Task-2,R,Fz,40,-0.14453125,1.2110852,-1.2274518,2.9787355
VisualCogA_Task-2.mat,A,Task-2,R,Fz,40,-0.140625,1.2294359,-1.2671216,3.0039369
VisualCogA_Task-2.mat,A,Task-2,R,Fz,40,-0.13671875,1.2186439,-1.1675832,3.0170289
VisualCogA_Task-2.mat,A,Task-2,R,Fz,40,-0.1328125,1.1632195,-1.2138371,2.934321
VisualCogA_Task-2.mat,A,Task-2,R,Fz,40,-0.12890625,1.0428365,-1.3454997,2.8538374
VisualCogA_Task-2.mat,A,Task-2,R,Fz,40,-0.125,0.85776488,-1.535493,2.7935998
VisualCogA_Task-2.mat,A,Task-2,R,Fz,40,-0.12109375,0.63412532,-1.7230637,2.6102939
VisualCogA_Task-2.mat,A,Task-2,R,Fz,40,-0.1171875,0.40549028,-1.8838136,2.2668906
VisualCogA_Task-2.mat,A,Task-2,R,Fz,40,-0.11328125,0.18505706,-2.0702494,2.0373809
VisualCogA_Task-2.mat,A,Task-2,R,Fz,40,-0.109375,-0.030731012,-2.3009653,1.7567779
VisualCogA_Task-2.mat,A,Task-2,R,Fz,40,-0.10546875,-0.25896685,-2.4314819,1.4370342
VisualCogA_Task-2.mat,A,Task-2,R,Fz,40,-0.1015625,-0.46017388,-2.4921397,1.1622702
VisualCogA_Task-2.mat,A,Task-2,R,Fz,40,-0.09765625,-0.6279973,-2.6070475,0.94728702
VisualCogA_Task-2.mat,A,Task-2,R,Fz,40,-0.09375,-0.78372152,-2.7582491,0.81547562
VisualCogA_Task-2.mat,A,Task-2,R,Fz,40,-0.08984375,-0.93347983,-2.7916389,0.5894566
VisualCogA_Task-2.mat,A,Task-2,R,Fz,40,-0.0859375,-1.0878908,-2.8721715,0.37909561
VisualCogA_Task-2.mat,A,Task-2,R,Fz,40,-0.08203125,-1.243769,-2.9869253,0.20211349
VisualCogA_Task-2.mat,A,Task-2,R,Fz,40,-0.078125,-1.4234176,-3.0031283,0.0025784185
VisualCogA_Task-2.mat,A,Task-2,R,Fz,40,-0.07421875,-1.6031821,-3.0998902,-0.058642051
VisualCogA_Task-2.mat,A,Task-2,R,Fz,40,-0.0703125,-1.7675964,-3.351693,-0.16533844
VisualCogA_Task-2.mat,A,Task-2,R,Fz,40,-0.06640625,-1.9023661,-3.6009107,-0.23627406
VisualCogA_Task-2.mat,A,Task-2,R,Fz,40,-0.0625,-1.9874766,-3.7788334,-0.19515974
VisualCogA_Task-2.mat,A,Task-2,R,Fz,40,-0.05859375,-2.0140027,-3.942976,-0.18606846
VisualCogA_Task-2.mat,A,Task-2,R,Fz,40,-0.0546875,-1.9952195,-4.0476112,-0.044693707
VisualCogA_Task-2.mat,A,Task-2,R,Fz,40,-0.05078125,-1.9245889,-4.1075605,0.078673589
VisualCogA_Task-2.mat,A,Task-2,R,Fz,40,-0.046875,-1.8248612,-4.0687052,0.22910236
VisualCogA_Task-2.mat,A,Task-2,R,Fz,40,-0.04296875,-1.7214172,-3.8923983,0.55193292
VisualCogA_Task-2.mat,A,Task-2,R,Fz,40,-0.0390625,-1.6125946,-3.7633356,0.82142975
VisualCogA_Task-2.mat,A,Task-2,R,Fz,40,-0.03515625,-1.5210311,-3.6973903,0.8613842
VisualCogA_Task-2.mat,A,Task-2,R,Fz,40,-0.03125,-1.4638272,-3.5321058,0.9228857
VisualCogA_Task-2.mat,A,Task-2,R,Fz,40,-0.02734375,-1.4417425,-3.4401517,1.0249666
VisualCogA_Task-2.mat,A,Task-2,R,Fz,40,-0.0234375,-1.4787765,-3.4131487,1.0471989
VisualCogA_Task-2.mat,A,Task-2,R,Fz,40,-0.01953125,-1.5667262,-3.5476824,0.92973869
VisualCogA_Task-2.mat,A,Task-2,R,Fz,40,-0.015625,-1.7042693,-3.7012988,0.82946442
VisualCogA_Task-2.mat,A,Task-2,R,Fz,40,-0.01171875,-1.8553351,-3.9579259,0.65854103
VisualCogA_Task-2.mat,A,Task-2,R,Fz,40,-0.0078125,-1.9788692,-4.0671496,0.5424657
VisualCogA_Task-2.mat,A,Task-2,R,Fz,40,-0.00390625,-2.0648626,-4.297684,0.51297624
VisualCogA_Task-2.mat,A,Task-2,R,Fz,40,0,-2.1211563,-4.4291435,0.57873878
VisualCogA_Task-2.mat,A,Task-2,R,Fz,40,0.00390625,-2.1674919,-4.6071481,0.64276343
VisualCogA_Task-2.mat,A,Task-2,R,Fz,40,0.0078125,-2.2176631,-4.8176712,0.69307825
VisualCogA_Task-2.mat,A,Task-2,R,Fz,40,0.01171875,-2.2860625,-5.0643814,0.72338656
VisualCogA_Task-2.mat,A,Task-2,R,Fz,40,0.015625,-2.3637687,-5.3458933,0.88543797
VisualCogA_Task-2.mat,A,Task-2,R,Fz,40,0.01953125,-2.4822093,-5.6491734,0.99021947
VisualCogA_Task-2.mat,A,Task-2,R,Fz,40,0.0234375,-2.6565647,-5.9968282,0.92465091
VisualCogA_Task-2.mat,A,Task-2,R,Fz,40,0.02734375,-2.8785972,-6.4368502,0.78224496
VisualCogA_Task-2.mat,A,Task-2,R,Fz,40,0.03125,-3.1240144,-6.9323127,0.75516837
VisualCogA_Task-2.mat,A,Task-2,R,Fz,40,0.03515625,-3.3692686,-7.3728095,0.69343637
VisualCogA_Task-2.mat,A,Task-2,R,Fz,40,0.0390625,-3.61769,-7.7871409,0.68255415
VisualCogA_Task-2.mat,A,Task-2,R,Fz,40,0.04296875,-3.859418,-8.1997358,0.65690299
VisualCogA_Task-2.mat,A,Task-2,R,Fz,40,0.046875,-4.1063577,-8.6343736,0.48752944
VisualCogA_Task-2.mat,A,Task-2,R,Fz,40,0.05078125,-4.3515962,-8.9660791,0.39585313
VisualCogA_Task-2.mat,A,Task-2,R,Fz,40,0.0546875,-4.5995307,-9.3305398,0.19277451
VisualCogA_Task-2.mat,A,Task-2,R,Fz,40,0.05859375,-4.8710104,-9.6577473,0.037395399
VisualCogA_Task-2.mat,A,Task-2,R,Fz,40,0.0625,-5.1885543,-10.130315,-0.28692879
VisualCogA_Task-2.mat,A,Task-2,R,Fz,40,0.06640625,-5.5341083,-10.429261,-0.51337219
VisualCogA_Task-2.mat,A,Task-2,R,Fz,40,0.0703125,-5.8931986,-10.900231,-0.68548719
VisualCogA_Task-2.mat,A,Task-2,R,Fz,40,0.07421875,-6.2304415,-11.225752,-1.012068
VisualCogA_Task-2.mat,A,Task-2,R,Fz,40,0.078125,-6.5203794,-11.441448,-1.356279
VisualCogA_Task-2.mat,A,Task-2,R,Fz,40,0.08203125,-6.7636101,-11.644385,-1.5839921
VisualCogA_Task-2.mat,A,Task-2,R,Fz,40,0.0859375,-6.953353,-11.851767,-1.7808138
VisualCogA_Task-2.mat,A,Task-2,R,Fz,40,0.08984375,-7.0858341,-12.014686,-1.878012
VisualCogA_Task-2.mat,A,Task-2,R,Fz,40,0.09375,-7.1731382,-12.011664,-1.8690143
VisualCogA_Task-2.mat,A,Task-2,R,Fz,40,0.09765625,-7.2242013,-12.033405,-1.9608328
VisualCogA_Task-2.mat,A,Task-2,R,Fz,40,0.1015625,-7.2352063,-12.026204,-1.9842823
VisualCogA_Task-2.mat,A,Task-2,R,Fz,40,0.10546875,-7.210228,-12.10672,-1.9490028
VisualCogA_Task-2.mat,A,Task-2,R,Fz,40,0.109375,-7.1533535,-12.148157,-1.7838448
VisualCogA_Task-2.mat,A,Task-2,R,Fz,40,0.11328125,-7.0778749,-12.288902,-1.7979251
VisualCogA_Task-2.mat,A,Task-2,R,Fz,40,0.1171875,-7.0062357,-12.269592,-1.6590222
VisualCogA_Task-2.mat,A,Task-2,R,Fz,40,0.12109375,-6.9595029,-12.246727,-1.5838641
VisualCogA_Task-2.mat,A,Task-2,R,Fz,40,0.125,-6.9422727,-12.253506,-1.5332873
VisualCogA_Task-2.mat,A,Task-2,R,Fz,40,0.12890625,-6.9613627,-12.209487,-1.495188
VisualCogA_Task-2.mat,A,Task-2,R,Fz,40,0.1328125,-7.0073869,-12.228463,-1.4896404
VisualCogA_Task-2.mat,A,Task-2,R,Fz,40,0.13671875,-7.0656201,-12.423654,-1.556805
VisualCogA_Task-2.mat,A,Task-2,R,Fz,40,0.140625,-7.1283053,-12.471855,-1.4799416
VisualCogA_Task-2.mat,A,Task-2,R,Fz,40,0.14453125,-7.1926718,-12.612805,-1.3896699
VisualCogA_Task-2.mat,A,Task-2,R,Fz,40,0.1484375,-7.2625346,-12.765508,-1.4320967
VisualCogA_Task-2.mat,A,Task-2,R,Fz,40,0.15234375,-7.380785,-12.958958,-1.2952288
VisualCogA_Task-2.mat,A,Task-2,R,Fz,40,0.15625,-7.5812473,-13.260014,-1.2822642
VisualCogA_Task-2.mat,A,Task-2,R,Fz,40,0.16015625,-7.878276,-13.721528,-1.5172993
VisualCogA_Task-2.mat,A,Task-2,R,Fz,40,0.1640625,-8.2882439,-14.391605,-1.7209568
VisualCogA_Task-2.mat,A,Task-2,R,Fz,40,0.16796875,-8.7822849,-15.093561,-1.882825
VisualCogA_Task-2.mat,A,Task-2,R,Fz,40,0.171875,-9.3439009,-15.839984,-2.193762
VisualCogA_Task-2.mat,A,Task-2,R,Fz,40,0.17578125,-9.9575613,-16.680658,-2.7388754
VisualCogA_Task-2.mat,A,Task-2,R,Fz,40,0.1796875,-10.575471,-17.442467,-3.2860674
VisualCogA_Task-2.mat,A,Task-2,R,Fz,40,0.18359375,-11.159199,-18.07279,-3.5566546
VisualCogA_Task-2.mat,A,Task-2,R,Fz,40,0.1875,-11.661291,-18.778791,-3.8000236
VisualCogA_Task-2.mat,A,Task-2,R,Fz,40,0.19140625,-12.085973,-19.388357,-4.0369995
VisualCogA_Task-2.mat,A,Task-2,R,Fz,40,0.1953125,-12.447432,-19.92441,-4.3129697
VisualCogA_Task-2.mat,A,Task-2,R,Fz,40,0.19921875,-12.760166,-20.396586,-4.547287
VisualCogA_Task-2.mat,A,Task-2,R,Fz,40,0.203125,-13.036686,-20.95292,-4.7260968
VisualCogA_Task-2.mat,A,Task-2,R,Fz,40,0.20703125,-13.274971,-21.262147,-4.794723
VisualCogA_Task-2.mat,A,Task-2,R,Fz,40,0.2109375,-13.480537,-21.549438,-4.9293519
VisualCogA_Task-2.mat,A,Task-2,R,Fz,40,0.21484375,-13.661779,-21.891159,-5.0956446
VisualCogA_Task-2.mat,A,Task-2,R,Fz,40,0.21875,-13.812662,-22.113329,-5.1777005
VisualCogA_Task-2.mat,A,Task-2,R,Fz,40,0.22265625,-13.912602,-22.205292,-5.0494876
VisualCogA_Task-2.mat,A,Task-2,R,Fz,40,0.2265625,-13.929241,-22.289819,-4.8870203
VisualCogA_Task-2.mat,A,Task-2,R,Fz,40,0.23046875,-13.864671,-22.329188,-4.6357407
VisualCogA_Task-2.mat,A,Task-2,R,Fz,40,0.234375,-13.73565,-22.123616,-4.345592
VisualCogA_Task-2.mat,A,Task-2,R,Fz,40,0.23828125,-13.537908,-21.970065,-4.1852505
VisualCogA_Task-2.mat,A,Task-2,R,Fz,40,0.2421875,-13.278487,-21.858507,-3.9538905
VisualCogA_Task-2.mat,A,Task-2,R,Fz,40,0.24609375,-12.966774,-21.595307,-3.6279274
VisualCogA_Task-2.mat,A,Task-2,R,Fz,40,0.25,-12.60281,-21.482429,-3.3536469
VisualCogA_Task-2.mat,A,Task-2,R,Fz,40,0.25390625,-12.202548,-21.24249,-2.8368307
VisualCogA_Task-2.mat,A,Task-2,R,Fz,40,0.2578125,-11.766689,-20.930997,-2.3411117
VisualCogA_Task-2.mat,A,Task-2,R,Fz,40,0.26171875,-11.294595,-20.696355,-1.9059939
VisualCogA_Task-2.mat,A,Task-2,R,Fz,40,0.265625,-10.833292,-20.578318,-1.3416754
VisualCogA_Task-2.mat,A,Task-2,R,Fz,40,0.26953125,-10.410074,-20.522157,-0.80736446
VisualCogA_Task-2.mat,A,Task-2,R,Fz,40,0.2734375,-10.028771,-20.490974,-0.56606037
VisualCogA_Task-2.mat,A,Task-2,R,Fz,40,0.27734375,-9.6876764,-20.382552,-0.42963645
VisualCogA_Task-2.mat,A,Task-2,R,Fz,40,0.28125,-9.4065368,-20.328272,-0.16755656
VisualCogA_Task-2.mat,A,Task-2,R,Fz,40,0.28515625,-9.1585571,-20.348163,0.11941337
VisualCogA_Task-2.mat,A,Task-2,R,Fz,40,0.2890625,-8.9390998,-20.254318,0.47462474
VisualCogA_Task-2.mat,A,Task-2,R,Fz,40,0.29296875,-8.7232846,-20.081087,0.81893597
VisualCogA_Task-2.mat,A,Task-2,R,Fz,40,0.296875,-8.5119003,-20.012954,1.0617707
VisualCogA_Task-2.mat,A,Task-2,R,Fz,40,0.30078125,-8.2875434,-19.931825,1.4149743
VisualCogA_Task-2.mat,A,Task-2,R,Fz,40,0.3046875,-8.0607364,-19.725591,1.5142297
VisualCogA_Task-2.mat,A,Task-2,R,Fz,40,0.30859375,-7.8481664,-19.687604,1.856054
VisualCogA_Task-2.mat,A,Task-2,R,Fz,40,0.3125,-7.6546046,-19.472736,2.0085755
VisualCogA_Task-2.mat,A,Task-2,R,Fz,40,0.31640625,-7.4880882,-19.168365,2.1782609
VisualCogA_Task-2.mat,A,Task-2,R,Fz,40,0.3203125,-7.3624578,-18.881765,2.303038
VisualCogA_Task-2.mat,A,Task-2,R,Fz,40,0.32421875,-7.2781017,-18.663544,2.4411552
VisualCogA_Task-2.mat,A,Task-2,R,Fz,40,0.328125,-7.2549465,-18.482039,2.5508289
VisualCogA_Task-2.mat,A,Task-2,R,Fz,40,0.33203125,-7.312868,-18.27642,2.6605389
VisualCogA_Task-2.mat,A,Task-2,R,Fz,40,0.3359375,-7.429473,-18.242183,2.7510254
VisualCogA_Task-2.mat,A,Task-2,R,Fz,40,0.33984375,-7.5887502,-18.448021,2.8583282
VisualCogA_Task-2.mat,A,Task-2,R,Fz,40,0.34375,-7.7816927,-18.763472,2.8803029
VisualCogA_Task-2.mat,A,Task-2,R,Fz,40,0.34765625,-8.0248529,-18.999002,2.7449735
VisualCogA_Task-2.mat,A,Task-2,R,Fz,40,0.3515625,-8.3338908,-19.411752,2.6018826
VisualCogA_Task-2.mat,A,Task-2,R,Fz,40,0.35546875,-8.6890026,-19.916146,2.4850979
VisualCogA_Task-2.mat,A,Task-2,R,Fz,40,0.359375,-9.1087387,-20.569654,2.1023687
VisualCogA_Task-2.mat,A,Task-2,R,Fz,40,0.36328125,-9.5448997,-21.18758,1.758765
VisualCogA_Task-2.mat,A,Task-2,R,Fz,40,0.3671875,-9.9968186,-22.029051,1.4657214
VisualCogA_Task-2.mat,A,Task-2,R,Fz,40,0.37109375,-10.466935,-22.81006,1.0659647
VisualCogA_Task-2.mat,A,Task-2,R,Fz,40,0.375,-10.94314,-23.518865,0.66179912
VisualCogA_Task-2.mat,A,Task-2,R,Fz,40,0.37890625,-11.433826,-24.133995,0.30180515
VisualCogA_Task-2.mat,A,Task-2,R,Fz,40,0.3828125,-11.963286,-24.810829,-0.14523291
VisualCogA_Task-2.mat,A,Task-2,R,Fz,40,0.38671875,-12.544359,-25.558088,-0.69097745
VisualCogA_Task-2.mat,A,Task-2,R,Fz,40,0.390625,-13.19531,-26.379188,-1.3249319
VisualCogA_Task-2.mat,A,Task-2,R,Fz,40,0.39453125,-13.894825,-27.282583,-1.9382445
VisualCogA_Task-2.mat,A,Task-2,R,Fz,40,0.3984375,-14.618861,-28.137242,-2.6032571
VisualCogA_Task-2.mat,A,Task-2,R,Fz,40,0.40234375,-15.320671,-28.864246,-3.4240958
VisualCogA_Task-2.mat,A,Task-2,R,Fz,40,0.40625,-15.970825,-29.349187,-4.3061642
VisualCogA_Task-2.mat,A,Task-2,R,Fz,40,0.41015625,-16.531992,-29.792502,-5.0860301
VisualCogA_Task-2.mat,A,Task-2,R,Fz,40,0.4140625,-16.993757,-30.21645,-5.6462037
VisualCogA_Task-2.mat,A,Task-2,R,Fz,40,0.41796875,-17.33952,-30.49935,-6.0199597
VisualCogA_Task-2.mat,A,Task-2,R,Fz,40,0.421875,-17.59883,-30.719061,-6.4461377
VisualCogA_Task-2.mat,A,Task-2,R,Fz,40,0.42578125,-17.785769,-30.803388,-6.7839874
VisualCogA_Task-2.mat,A,Task-2,R,Fz,40,0.4296875,-17.925448,-30.829018,-7.0752075
VisualCogA_Task-2.mat,A,Task-2,R,Fz,40,0.43359375,-18.020118,-30.787248,-7.2680735
VisualCogA_Task-2.mat,A,Task-2,R,Fz,40,0.4375,-18.077922,-30.637573,-7.315627
VisualCogA_Task-2.mat,A,Task-2,R,Fz,40,0.44140625,-18.095963,-30.446092,-7.3657582
VisualCogA_Task-2.mat,A,Task-2,R,Fz,40,0.4453125,-18.088663,-30.244507,-7.4287211
VisualCogA_Task-2.mat,A,Task-2,R,Fz,40,0.44921875,-18.057459,-30.115627,-7.4839155
VisualCogA_Task-2.mat,A,Task-2,R,Fz,40,0.453125,-17.982637,-29.962164,-7.5947952
VisualCogA_Task-2.mat,A,Task-2,R,Fz,40,0.45703125,-17.894154,-29.661736,-7.6163873
VisualCogA_Task-2.mat,A,Task-2,R,Fz,40,0.4609375,-17.760625,-29.46391,-7.330942
VisualCogA_Task-2.mat,A,Task-2,R,Fz,40,0.46484375,-17.562299,-29.260897,-7.330309
VisualCogA_Task-2.mat,A,Task-2,R,Fz,40,0.46875,-17.318217,-29.009429,-7.1250958
VisualCogA_Task-2.mat,A,Task-2,R,Fz,40,0.47265625,-16.995988,-28.924464,-6.8849024
VisualCogA_Task-2.mat,A,Task-2,R,Fz,40,0.4765625,-16.619929,-28.541928,-6.5811218
VisualCogA_Task-2.mat,A,Task-2,R,Fz,40,0.48046875,-16.202949,-28.005848,-6.1324011
VisualCogA_Task-2.mat,A,Task-2,R,Fz,40,0.484375,-15.771038,-27.697916,-5.6298699
VisualCogA_Task-2.mat,A,Task-2,R,Fz,40,0.48828125,-15.337562,-27.488812,-4.9217621
VisualCogA_Task-2.mat,A,Task-2,R,Fz,40,0.4921875,-14.908085,-27.076642,-4.1539952
VisualCogA_Task-2.mat,A,Task-2,R,Fz,40,0.49609375,-14.490498,-26.663649,-3.2944906
VisualCogA_Task-2.mat,A,Task-2,R,Fz,40,0.5,-14.101099,-26.256694,-2.4945629
VisualCogA_Task-2.mat,A,Task-2,R,Fz,40,0.50390625,-13.737896,-25.807827,-1.4794442
VisualCogA_Task-2.mat,A,Task-2,R,Fz,40,0.5078125,-13.350155,-25.372485,-0.70045777
VisualCogA_Task-2.mat,A,Task-2,R,Fz,40,0.51171875,-12.837142,-24.795584,0.27361988
VisualCogA_Task-2.mat,A,Task-2,R,Fz,40,0.515625,-12.20081,-24.126674,1.9745796
VisualCogA_Task-2.mat,A,Task-2,R,Fz,40,0.51953125,-11.412933,-23.415725,3.4195324
VisualCogA_Task-2.mat,A,Task-2,R,Fz,40,0.5234375,-10.346794,-22.425704,5.2762927
VisualCogA_Task-2.mat,A,Task-2,R,Fz,40,0.52734375,-8.9746142,-21.35826,7.4699101
VisualCogA_Task-2.mat,A,Task-2,R,Fz,40,0.53125,-7.3006824,-20.060557,10.22057
VisualCogA_Task-2.mat,A,Task-2,R,Fz,40,0.53515625,-5.3368236,-18.374481,12.936605
VisualCogA_Task-2.mat,A,Task-2,R,Fz,40,0.5390625,-3.1073911,-16.511944,15.932043
VisualCogA_Task-2.mat,A,Task-2,R,Fz,40,0.54296875,-0.63732959,-13.928748,18.774627
VisualCogA_Task-2.mat,A,Task-2,R,Fz,40,0.546875,2.0460867,-11.431807,21.916397
VisualCogA_Task-2.mat,A,Task-2,R,Fz,40,0.55078125,4.8974759,-8.7740698,25.208837
VisualCogA_Task-2.mat,A,Task-2,R,Fz,40,0.5546875,7.9064023,-6.0137823,28.516633
VisualCogA_Task-2.mat,A,Task-2,R,Fz,40,0.55859375,11.058082,-3.1829966,31.862059
VisualCogA_Task-2.mat,A,Task-2,R,Fz,40,0.5625,14.301891,-0.1650052,35.217185
VisualCogA_Task-2.mat,A,Task-2,R,Fz,40,0.56640625,17.598967,2.8798869,38.188172
VisualCogA_Task-2.mat,A,Task-2,R,Fz,40,0.5703125,20.903968,5.889861,41.598484
VisualCogA_Task-2.mat,A,Task-2,R,Fz,40,0.57421875,24.170662,8.7813558,45.420932
VisualCogA_Task-2.mat,A,Task-2,R,Fz,40,0.578125,27.382505,11.291313,48.901775
VisualCogA_Task-2.mat,A,Task-2,R,Fz,40,0.58203125,30.49874,13.917663,51.555129
VisualCogA_Task-2.mat,A,Task-2,R,Fz,40,0.5859375,33.459571,16.74299,54.077007
VisualCogA_Task-2.mat,A,Task-2,R,Fz,40,0.58984375,36.253829,19.059851,56.565807
VisualCogA_Task-2.mat,A,Task-2,R,Fz,40,0.59375,38.827669,21.202023,58.900514
VisualCogA_Task-2.mat,A,Task-2,R,Fz,40,0.59765625,41.146991,23.552102,60.489752
VisualCogA_Task-2.mat,A,Task-2,R,Fz,40,0.6015625,43.227923,25.817896,62.501163
VisualCogA_Task-2.mat,A,Task-2,R,Fz,40,0.60546875,45.044736,27.571103,64.746321
VisualCogA_Task-2.mat,A,Task-2,R,Fz,40,0.609375,46.594094,29.125439,66.500759
VisualCogA_Task-2.mat,A,Task-2,R,Fz,40,0.61328125,47.895067,30.258512,68.508732
VisualCogA_Task-2.mat,A,Task-2,R,Fz,40,0.6171875,48.962422,31.199403,69.786455
VisualCogA_Task-2.mat,A,Task-2,R,Fz,40,0.62109375,49.843333,32.387605,70.523467
VisualCogA_Task-2.mat,A,Task-2,R,Fz,40,0.625,50.605541,33.263092,71.314372
VisualCogA_Task-2.mat,A,Task-2,R,Fz,40,0.62890625,51.30355,33.981341,72.359732
VisualCogA_Task-2.mat,A,Task-2,R,Fz,40,0.6328125,51.951548,35.015038,73.160439
VisualCogA_Task-2.mat,A,Task-2,R,Fz,40,0.63671875,52.64021,35.906932,73.956071
VisualCogA_Task-2.mat,A,Task-2,R,Fz,40,0.640625,53.443795,36.787148,74.740144
VisualCogA_Task-2.mat,A,Task-2,R,Fz,40,0.64453125,54.284376,37.565542,75.640788
VisualCogA_Task-2.mat,A,Task-2,R,Fz,40,0.6484375,55.157964,38.711236,76.228807
VisualCogA_Task-2.mat,A,Task-2,R,Fz,40,0.65234375,56.05688,39.675049,77.031831
VisualCogA_Task-2.mat,A,Task-2,R,Fz,40,0.65625,56.954042,41.143137,78.133977
VisualCogA_Task-2.mat,A,Task-2,R,Fz,40,0.66015625,57.837961,41.803611,78.673068
VisualCogA_Task-2.mat,A,Task-2,R,Fz,40,0.6640625,58.689987,42.377361,79.597161
VisualCogA_Task-2.mat,A,Task-2,R,Fz,40,0.66796875,59.518591,42.957126,80.248026
VisualCogA_Task-2.mat,A,Task-2,R,Fz,40,0.671875,60.342657,44.253022,80.85326
VisualCogA_Task-2.mat,A,Task-2,R,Fz,40,0.67578125,61.123279,44.851307,81.39979
VisualCogA_Task-2.mat,A,Task-2,R,Fz,40,0.6796875,61.822905,45.4079,81.485069
VisualCogA_Task-2.mat,A,Task-2,R,Fz,40,0.68359375,62.422548,45.791574,82.364681
VisualCogA_Task-2.mat,A,Task-2,R,Fz,40,0.6875,62.912634,46.184747,82.759526
VisualCogA_Task-2.mat,A,Task-2,R,Fz,40,0.69140625,63.286607,46.545855,83.086822
VisualCogA_Task-2.mat,A,Task-2,R,Fz,40,0.6953125,63.542222,46.442327,83.292524
VisualCogA_Task-2.mat,A,Task-2,R,Fz,40,0.69921875,63.695645,46.454484,83.516396
VisualCogA_Task-2.mat,A,Task-2,R,Fz,40,0.703125,63.748608,46.537088,83.558584
VisualCogA_Task-2.mat,A,Task-2,R,Fz,40,0.70703125,63.702635,46.637105,83.660066
VisualCogA_Task-2.mat,A,Task-2,R,Fz,40,0.7109375,63.57387,46.885247,83.243407
VisualCogA_Task-2.mat,A,Task-2,R,Fz,40,0.71484375,63.358818,46.652543,82.79213
VisualCogA_Task-2.mat,A,Task-2,R,Fz,40,0.71875,63.081335,46.32653,82.249614
VisualCogA_Task-2.mat,A,Task-2,R,Fz,40,0.72265625,62.769857,46.137694,81.492919
VisualCogA_Task-2.mat,A,Task-2,R,Fz,40,0.7265625,62.443398,45.999592,80.886632
VisualCogA_Task-2.mat,A,Task-2,R,Fz,40,0.73046875,62.141909,45.983298,80.404814
VisualCogA_Task-2.mat,A,Task-2,R,Fz,40,0.734375,61.873602,45.886603,80.239151
VisualCogA_Task-2.mat,A,Task-2,R,Fz,40,0.73828125,61.656024,45.711546,79.831411
VisualCogA_Task-2.mat,A,Task-2,R,Fz,40,0.7421875,61.496438,45.589758,79.696125
VisualCogA_Task-2.mat,A,Task-2,R,Fz,40,0.74609375,61.394558,45.542324,79.67012
VisualCogA_Task-2.mat,A,Task-2,R,Fz,40,0.75,61.36119,45.691611,79.560649
VisualCogA_Task-2.mat,A,Task-2,R,Fz,40,0.75390625,61.392364,45.666385,79.336296
VisualCogA_Task-2.mat,A,Task-2,R,Fz,40,0.7578125,61.479727,45.480058,79.356583
VisualCogA_Task-2.mat,A,Task-2,R,Fz,40,0.76171875,61.625521,45.063859,79.875417
VisualCogA_Task-2.mat,A,Task-2,R,Fz,40,0.765625,61.816305,44.898845,80.247241
VisualCogA_Task-2.mat,A,Task-2,R,Fz,40,0.76953125,62.097526,44.926581,80.132119
VisualCogA_Task-2.mat,A,Task-2,R,Fz,40,0.7734375,62.460664,45.241238,80.654172
VisualCogA_Task-2.mat,A,Task-2,R,Fz,40,0.77734375,62.86225,45.372543,81.291483
VisualCogA_Task-2.mat,A,Task-2,R,Fz,40,0.78125,63.278044,45.674826,81.854988
VisualCogA_Task-2.mat,A,Task-2,R,Fz,40,0.78515625,63.69759,45.895438,82.311255
VisualCogA_Task-2.mat,A,Task-2,R,Fz,40,0.7890625,64.106,46.423483,82.792778
VisualCogA_Task-2.mat,A,Task-2,R,Fz,40,0.79296875,64.496486,46.944894,83.342745
VisualCogA_Task-2.mat,A,Task-2,R,Fz,40,0.796875,64.844708,47.163847,83.923189
VisualCogA_Task-2.mat,A,Task-2,R,Fz,40,0.80078125,65.114273,47.333323,84.279599
VisualCogA_Task-2.mat,A,Task-2,R,Fz,40,0.8046875,65.29702,47.329349,84.481087
VisualCogA_Task-2.mat,A,Task-2,R,Fz,40,0.80859375,65.378553,47.212311,84.57132
VisualCogA_Task-2.mat,A,Task-2,R,Fz,40,0.8125,65.3623,47.064561,84.418287
VisualCogA_Task-2.mat,A,Task-2,R,Fz,40,0.81640625,65.214346,47.336591,84.148513
VisualCogA_Task-2.mat,A,Task-2,R,Fz,40,0.8203125,64.951607,47.214728,83.878696
VisualCogA_Task-2.mat,A,Task-2,R,Fz,40,0.82421875,64.597561,47.299745,83.486161
VisualCogA_Task-2.mat,A,Task-2,R,Fz,40,0.828125,64.160427,46.705885,82.919921
VisualCogA_Task-2.mat,A,Task-2,R,Fz,40,0.83203125,63.648125,46.129481,82.195061
VisualCogA_Task-2.mat,A,Task-2,R,Fz,40,0.8359375,63.088561,45.681396,81.781557
VisualCogA_Task-2.mat,A,Task-2,R,Fz,40,0.83984375,62.456927,45.160914,80.737444
VisualCogA_Task-2.mat,A,Task-2,R,Fz,40,0.84375,61.753673,44.552972,80.161546
VisualCogA_Task-2.mat,A,Task-2,R,Fz,40,0.84765625,60.975195,43.942291,78.889178
VisualCogA_Task-2.mat,A,Task-2,R,Fz,40,0.8515625,60.102988,43.154739,77.593696
VisualCogA_Task-2.mat,A,Task-2,R,Fz,40,0.85546875,59.125355,42.104089,76.21237
VisualCogA_Task-2.mat,A,Task-2,R,Fz,40,0.859375,58.05933,41.112385,74.803098
VisualCogA_Task-2.mat,A,Task-2,R,Fz,40,0.86328125,56.922215,40.051097,73.634211
VisualCogA_Task-2.mat,A,Task-2,R,Fz,40,0.8671875,55.724176,38.767669,72.336307
VisualCogA_Task-2.mat,A,Task-2,R,Fz,40,0.87109375,54.466141,37.382322,70.889827
VisualCogA_Task-2.mat,A,Task-2,R,Fz,40,0.875,53.176357,35.71481,69.608687
VisualCogA_Task-2.mat,A,Task-2,R,Fz,40,0.87890625,51.908767,34.211248,68.37813
VisualCogA_Task-2.mat,A,Task-2,R,Fz,40,0.8828125,50.606819,32.44947,67.046056
VisualCogA_Task-2.mat,A,Task-2,R,Fz,40,0.88671875,49.340408,30.978344,65.801031
VisualCogA_Task-2.mat,A,Task-2,R,Fz,40,0.890625,48.058849,29.578018,64.459675
VisualCogA_Task-2.mat,A,Task-2,R,Fz,40,0.89453125,46.78346,27.851588,63.108954
VisualCogA_Task-2.mat,A,Task-2,R,Fz,40,0.8984375,45.55817,26.219513,61.965489
VisualCogA_Task-2.mat,A,Task-2,R,Fz,40,0.90234375,44.333682,24.653707,60.774967
VisualCogA_Task-2.mat,A,Task-2,R,Fz,40,0.90625,43.130782,23.200644,59.473593
VisualCogA_Task-2.mat,A,Task-2,R,Fz,40,0.91015625,41.964252,21.810207,58.51478
VisualCogA_Task-2.mat,A,Task-2,R,Fz,40,0.9140625,40.806439,20.51704,57.730092
VisualCogA_Task-2.mat,A,Task-2,R,Fz,40,0.91796875,39.669736,19.214428,57.005027
VisualCogA_Task-2.mat,A,Task-2,R,Fz,40,0.921875,38.585692,17.832197,56.188947
VisualCogA_Task-2.mat,A,Task-2,R,Fz,40,0.92578125,37.600759,16.558689,55.330502
VisualCogA_Task-2.mat,A,Task-2,R,Fz,40,0.9296875,36.685797,15.56514,54.364487
VisualCogA_Task-2.mat,A,Task-2,R,Fz,40,0.93359375,35.84457,14.804007,53.546558
VisualCogA_Task-2.mat,A,Task-2,R,Fz,40,0.9375,35.079863,14.22176,52.879089
VisualCogA_Task-2.mat,A,Task-2,R,Fz,40,0.94140625,34.45517,13.826152,52.594325
VisualCogA_Task-2.mat,A,Task-2,R,Fz,40,0.9453125,33.858462,13.377708,52.304197
VisualCogA_Task-2.mat,A,Task-2,R,Fz,40,0.94921875,33.280016,12.929791,51.812103
VisualCogA_Task-2.mat,A,Task-2,R,Fz,40,0.953125,32.710107,12.452736,51.286903
VisualCogA_Task-2.mat,A,Task-2,R,Fz,40,0.95703125,32.139014,12.162487,50.778066
VisualCogA_Task-2.mat,A,Task-2,R,Fz,40,0.9609375,31.557013,11.835131,50.216848
VisualCogA_Task-2.mat,A,Task-2,R,Fz,40,0.96484375,30.954381,11.272522,49.734211
VisualCogA_Task-2.mat,A,Task-2,R,Fz,40,0.96875,30.321396,10.45324,48.794539
VisualCogA_Task-2.mat,A,Task-2,R,Fz,40,0.97265625,29.648334,9.5427104,48.167442
VisualCogA_Task-2.mat,A,Task-2,R,Fz,40,0.9765625,28.925471,8.7853444,47.331451
VisualCogA_Task-2.mat,A,Task-2,R,Fz,40,0.98046875,28.143086,8.1944477,46.378222
VisualCogA_Task-2.mat,A,Task-2,R,Fz,40,0.984375,27.291456,7.5399358,45.351883
VisualCogA_Task-2.mat,A,Task-2,R,Fz,40,0.98828125,26.360856,6.6075291,44.128701
VisualCogA_Task-2.mat,A,Task-2,R,Fz,40,0.9921875,25.341565,5.4948936,42.912249
VisualCogA_Task-2.mat,A,Task-2,R,Fz,40,0.99609375,24.223858,4.4405199,41.773864
VisualCogA_Task-2.mat,A,Task-2,R,F3,40,-0.5,9.8471868,-5.3299633,28.688536
VisualCogA_Task-2.mat,A,Task-2,R,F3,40,-0.49609375,9.9515595,-4.9078689,28.634229
VisualCogA_Task-2.mat,A,Task-2,R,F3,40,-0.4921875,10.044071,-4.7165297,28.507826
VisualCogA_Task-2.mat,A,Task-2,R,F3,40,-0.48828125,10.124748,-4.3912798,28.15596
VisualCogA_Task-2.mat,A,Task-2,R,F3,40,-0.484375,10.193614,-4.1349335,27.76703
VisualCogA_Task-2.mat,A,Task-2,R,F3,40,-0.48046875,10.250696,-3.8940045,27.64796
VisualCogA_Task-2.mat,A,Task-2,R,F3,40,-0.4765625,10.296018,-3.5206512,27.519528
VisualCogA_Task-2.mat,A,Task-2,R,F3,40,-0.47265625,10.329606,-3.2781341,27.381359
VisualCogA_Task-2.mat,A,Task-2,R,F3,40,-0.46875,10.351486,-3.0148417,27.240154
VisualCogA_Task-2.mat,A,Task-2,R,F3,40,-0.46484375,10.361682,-2.7054254,27.095629
VisualCogA_Task-2.mat,A,Task-2,R,F3,40,-0.4609375,10.36022,-2.5176008,26.940087
VisualCogA_Task-2.mat,A,Task-2,R,F3,40,-0.45703125,10.347125,-2.222354,26.722677
VisualCogA_Task-2.mat,A,Task-2,R,F3,40,-0.453125,10.322423,-1.8939231,26.443559
VisualCogA_Task-2.mat,A,Task-2,R,F3,40,-0.44921875,10.286139,-1.6839495,26.278994
VisualCogA_Task-2.mat,A,Task-2,R,F3,40,-0.4453125,10.238299,-1.5679778,25.837257
VisualCogA_Task-2.mat,A,Task-2,R,F3,40,-0.44140625,10.178927,-1.4705592,25.335523
VisualCogA_Task-2.mat,A,Task-2,R,F3,40,-0.4375,10.126842,-1.3800016,25.006781
VisualCogA_Task-2.mat,A,Task-2,R,F3,40,-0.43359375,10.033945,-1.1973381,24.631249
VisualCogA_Task-2.mat,A,Task-2,R,F3,40,-0.4296875,9.9217635,-1.1073596,24.218913
VisualCogA_Task-2.mat,A,Task-2,R,F3,40,-0.42578125,9.8000808,-1.121425,23.979206
VisualCogA_Task-2.mat,A,Task-2,R,F3,40,-0.421875,9.6624896,-1.073899,23.68472
VisualCogA_Task-2.mat,A,Task-2,R,F3,40,-0.41796875,9.5026061,-1.0216631,23.234509
VisualCogA_Task-2.mat,A,Task-2,R,F3,40,-0.4140625,9.3203023,-1.1722038,23.015302
VisualCogA_Task-2.mat,A,Task-2,R,F3,40,-0.41015625,9.1113386,-1.3557035,22.514074
VisualCogA_Task-2.mat,A,Task-2,R,F3,40,-0.40625,8.8961422,-1.5841722,22.049513
VisualCogA_Task-2.mat,A,Task-2,R,F3,40,-0.40234375,8.6957446,-1.7557533,21.822925
VisualCogA_Task-2.mat,A,Task-2,R,F3,40,-0.3984375,8.5157979,-2.0274007,21.533405
VisualCogA_Task-2.mat,A,Task-2,R,F3,40,-0.39453125,8.3647599,-2.193781,20.98859
VisualCogA_Task-2.mat,A,Task-2,R,F3,40,-0.390625,8.2504386,-2.0523186,20.630911
VisualCogA_Task-2.mat,A,Task-2,R,F3,40,-0.38671875,8.1743136,-2.203802,20.520925
VisualCogA_Task-2.mat,A,Task-2,R,F3,40,-0.3828125,8.1225247,-2.3718428,20.495456
VisualCogA_Task-2.mat,A,Task-2,R,F3,40,-0.37890625,8.096297,-2.3524339,20.484957
VisualCogA_Task-2.mat,A,Task-2,R,F3,40,-0.375,8.0666895,-2.3090258,20.40412
VisualCogA_Task-2.mat,A,Task-2,R,F3,40,-0.37109375,8.0194243,-2.2347458,20.276869
VisualCogA_Task-2.mat,A,Task-2,R,F3,40,-0.3671875,7.9442845,-2.0422704,20.205753
VisualCogA_Task-2.mat,A,Task-2,R,F3,40,-0.36328125,7.859305,-2.0006766,19.922372
VisualCogA_Task-2.mat,A,Task-2,R,F3,40,-0.359375,7.8048485,-1.7959029,19.800608
VisualCogA_Task-2.mat,A,Task-2,R,F3,40,-0.35546875,7.7610712,-1.7125308,19.624969
VisualCogA_Task-2.mat,A,Task-2,R,F3,40,-0.3515625,7.7226953,-1.485535,19.343523
VisualCogA_Task-2.mat,A,Task-2,R,F3,40,-0.34765625,7.6875331,-1.2352135,18.996725
VisualCogA_Task-2.mat,A,Task-2,R,F3,40,-0.34375,7.6079379,-1.0078905,18.633179
VisualCogA_Task-2.mat,A,Task-2,R,F3,40,-0.33984375,7.5074242,-0.85197599,18.253568
VisualCogA_Task-2.mat,A,Task-2,R,F3,40,-0.3359375,7.3766252,-0.78920796,18.036932
VisualCogA_Task-2.mat,A,Task-2,R,F3,40,-0.33203125,7.2130605,-0.64556595,17.701279
VisualCogA_Task-2.mat,A,Task-2,R,F3,40,-0.328125,7.0143322,-0.53547555,17.187511
VisualCogA_Task-2.mat,A,Task-2,R,F3,40,-0.32421875,6.781017,-0.62196629,16.646679
VisualCogA_Task-2.mat,A,Task-2,R,F3,40,-0.3203125,6.5482338,-0.75691669,16.096901
VisualCogA_Task-2.mat,A,Task-2,R,F3,40,-0.31640625,6.3111278,-0.90254102,15.383763
VisualCogA_Task-2.mat,A,Task-2,R,F3,40,-0.3125,6.1077759,-1.0344383,14.986904
VisualCogA_Task-2.mat,A,Task-2,R,F3,40,-0.30859375,5.9146699,-1.2273175,14.639233
VisualCogA_Task-2.mat,A,Task-2,R,F3,40,-0.3046875,5.7233779,-1.3198566,14.308592
VisualCogA_Task-2.mat,A,Task-2,R,F3,40,-0.30078125,5.5269373,-1.4633412,13.916418
VisualCogA_Task-2.mat,A,Task-2,R,F3,40,-0.296875,5.3203656,-1.6210684,13.47631
VisualCogA_Task-2.mat,A,Task-2,R,F3,40,-0.29296875,5.1017075,-1.7817144,13.005084
VisualCogA_Task-2.mat,A,Task-2,R,F3,40,-0.2890625,4.8882936,-1.9539367,12.518288
VisualCogA_Task-2.mat,A,Task-2,R,F3,40,-0.28515625,4.6908365,-2.1327771,12.024951
VisualCogA_Task-2.mat,A,Task-2,R,F3,40,-0.28125,4.4998995,-2.3144963,11.699171
VisualCogA_Task-2.mat,A,Task-2,R,F3,40,-0.27734375,4.3220004,-2.3645878,11.243625
VisualCogA_Task-2.mat,A,Task-2,R,F3,40,-0.2734375,4.1445818,-2.4453685,10.871733
VisualCogA_Task-2.mat,A,Task-2,R,F3,40,-0.26953125,3.953696,-2.4412073,10.344084
VisualCogA_Task-2.mat,A,Task-2,R,F3,40,-0.265625,3.7425266,-2.4904887,10.01191
VisualCogA_Task-2.mat,A,Task-2,R,F3,40,-0.26171875,3.522878,-2.5429935,9.6935158
VisualCogA_Task-2.mat,A,Task-2,R,F3,40,-0.2578125,3.2843396,-2.5912438,9.2978663
VisualCogA_Task-2.mat,A,Task-2,R,F3,40,-0.25390625,3.0658642,-2.7720424,8.9052895
VisualCogA_Task-2.mat,A,Task-2,R,F3,40,-0.25,2.882659,-2.8148156,8.5183743
VisualCogA_Task-2.mat,A,Task-2,R,F3,40,-0.24609375,2.737981,-2.8166908,8.2798911
VisualCogA_Task-2.mat,A,Task-2,R,F3,40,-0.2421875,2.6280958,-2.8255084,7.9468808
VisualCogA_Task-2.mat,A,Task-2,R,F3,40,-0.23828125,2.5227058,-2.7340022,7.5097952
VisualCogA_Task-2.mat,A,Task-2,R,F3,40,-0.234375,2.404241,-2.6319733,7.2816069
VisualCogA_Task-2.mat,A,Task-2,R,F3,40,-0.23046875,2.2718014,-2.6050294,6.9531416
VisualCogA_Task-2.mat,A,Task-2,R,F3,40,-0.2265625,2.0978312,-2.6056405,6.6929648
VisualCogA_Task-2.mat,A,Task-2,R,F3,40,-0.22265625,1.9741127,-2.5650514,6.5770153
VisualCogA_Task-2.mat,A,Task-2,R,F3,40,-0.21875,1.8795079,-2.518625,6.4388959
VisualCogA_Task-2.mat,A,Task-2,R,F3,40,-0.21484375,1.8039462,-2.5571202,6.3587002
VisualCogA_Task-2.mat,A,Task-2,R,F3,40,-0.2109375,1.7567672,-2.538791,6.4010175
VisualCogA_Task-2.mat,A,Task-2,R,F3,40,-0.20703125,1.7590087,-2.3916167,6.34434
VisualCogA_Task-2.mat,A,Task-2,R,F3,40,-0.203125,1.8165781,-2.2923691,6.2866266
VisualCogA_Task-2.mat,A,Task-2,R,F3,40,-0.19921875,1.9157696,-2.2462077,6.3646114
VisualCogA_Task-2.mat,A,Task-2,R,F3,40,-0.1953125,2.0496347,-2.2190454,6.383517
VisualCogA_Task-2.mat,A,Task-2,R,F3,40,-0.19140625,2.177582,-2.1854612,6.3876566
VisualCogA_Task-2.mat,A,Task-2,R,F3,40,-0.1875,2.280909,-2.0772869,6.4883618
VisualCogA_Task-2.mat,A,Task-2,R,F3,40,-0.18359375,2.3532052,-2.0140246,6.5248758
VisualCogA_Task-2.mat,A,Task-2,R,F3,40,-0.1796875,2.3822331,-1.9381589,6.4358482
VisualCogA_Task-2.mat,A,Task-2,R,F3,40,-0.17578125,2.3693079,-1.8397299,6.267618
VisualCogA_Task-2.mat,A,Task-2,R,F3,40,-0.171875,2.3082589,-1.8799891,6.0215561
VisualCogA_Task-2.mat,A,Task-2,R,F3,40,-0.16796875,2.1971428,-1.897727,5.6558912
VisualCogA_Task-2.mat,A,Task-2,R,F3,40,-0.1640625,2.0358881,-1.7513976,5.2655531
VisualCogA_Task-2.mat,A,Task-2,R,F3,40,-0.16015625,1.8396228,-1.7146255,4.9370711
VisualCogA_Task-2.mat,A,Task-2,R,F3,40,-0.15625,1.6153511,-1.7666166,4.5487037
VisualCogA_Task-2.mat,A,Task-2,R,F3,40,-0.15234375,1.3735481,-1.8335132,4.2186124
VisualCogA_Task-2.mat,A,Task-2,R,F3,40,-0.1484375,1.1387748,-1.8946268,3.8295659
VisualCogA_Task-2.mat,A,Task-2,R,F3,40,-0.14453125,0.91833981,-2.0597962,3.5019623
VisualCogA_Task-2.mat,A,Task-2,R,F3,40,-0.140625,0.72253391,-2.0116747,3.2474199
VisualCogA_Task-2.mat,A,Task-2,R,F3,40,-0.13671875,0.55752935,-2.1322582,2.9414685
VisualCogA_Task-2.mat,A,Task-2,R,F3,40,-0.1328125,0.39823531,-2.17847,2.7014374
VisualCogA_Task-2.mat,A,Task-2,R,F3,40,-0.12890625,0.20874792,-2.2604342,2.4438802
VisualCogA_Task-2.mat,A,Task-2,R,F3,40,-0.125,-0.017397395,-2.3028092,2.0978858
VisualCogA_Task-2.mat,A,Task-2,R,F3,40,-0.12109375,-0.27977128,-2.4632091,1.8442068
VisualCogA_Task-2.mat,A,Task-2,R,F3,40,-0.1171875,-0.56883656,-2.7674989,1.5039445
VisualCogA_Task-2.mat,A,Task-2,R,F3,40,-0.11328125,-0.84779301,-3.0345626,1.1102881
VisualCogA_Task-2.mat,A,Task-2,R,F3,40,-0.109375,-1.1198955,-3.212389,0.72701045
VisualCogA_Task-2.mat,A,Task-2,R,F3,40,-0.10546875,-1.34825,-3.3458805,0.35688793
VisualCogA_Task-2.mat,A,Task-2,R,F3,40,-0.1015625,-1.5566159,-3.4431151,-0.044102636
VisualCogA_Task-2.mat,A,Task-2,R,F3,40,-0.09765625,-1.7233008,-3.6030446,-0.36532362
VisualCogA_Task-2.mat,A,Task-2,R,F3,40,-0.09375,-1.8331646,-3.6201714,-0.5198424
VisualCogA_Task-2.mat,A,Task-2,R,F3,40,-0.08984375,-1.9013616,-3.5750053,-0.56110783
VisualCogA_Task-2.mat,A,Task-2,R,F3,40,-0.0859375,-1.8938146,-3.4767564,-0.55956131
VisualCogA_Task-2.mat,A,Task-2,R,F3,40,-0.08203125,-1.8457335,-3.6046856,-0.31887927
VisualCogA_Task-2.mat,A,Task-2,R,F3,40,-0.078125,-1.7910448,-3.6934806,-0.071063391
VisualCogA_Task-2.mat,A,Task-2,R,F3,40,-0.07421875,-1.7397212,-3.8168799,0.20864118
VisualCogA_Task-2.mat,A,Task-2,R,F3,40,-0.0703125,-1.6896299,-4.0389974,0.38342402
VisualCogA_Task-2.mat,A,Task-2,R,F3,40,-0.06640625,-1.6358048,-4.1359028,0.76418717
VisualCogA_Task-2.mat,A,Task-2,R,F3,40,-0.0625,-1.579456,-4.2579587,1.0015139
VisualCogA_Task-2.mat,A,Task-2,R,F3,40,-0.05859375,-1.5133265,-4.3404945,1.3382858
VisualCogA_Task-2.mat,A,Task-2,R,F3,40,-0.0546875,-1.4475382,-4.4967444,1.7601213
VisualCogA_Task-2.mat,A,Task-2,R,F3,40,-0.05078125,-1.379659,-4.7126954,2.0817228
VisualCogA_Task-2.mat,A,Task-2,R,F3,40,-0.046875,-1.3053968,-4.8341632,2.4206457
VisualCogA_Task-2.mat,A,Task-2,R,F3,40,-0.04296875,-1.2196529,-4.8931116,2.7099164
VisualCogA_Task-2.mat,A,Task-2,R,F3,40,-0.0390625,-1.1228214,-4.9157489,3.0555287
VisualCogA_Task-2.mat,A,Task-2,R,F3,40,-0.03515625,-1.0410334,-5.0087022,3.3504521
VisualCogA_Task-2.mat,A,Task-2,R,F3,40,-0.03125,-0.98010368,-5.0184496,3.517859
VisualCogA_Task-2.mat,A,Task-2,R,F3,40,-0.02734375,-0.982578,-5.0553649,3.4548835
VisualCogA_Task-2.mat,A,Task-2,R,F3,40,-0.0234375,-1.0515766,-5.2883905,3.5137616
VisualCogA_Task-2.mat,A,Task-2,R,F3,40,-0.01953125,-1.1823928,-5.4371383,3.6162797
VisualCogA_Task-2.mat,A,Task-2,R,F3,40,-0.015625,-1.3640487,-5.6966612,3.5701691
VisualCogA_Task-2.mat,A,Task-2,R,F3,40,-0.01171875,-1.5777111,-6.0200162,3.7437854
VisualCogA_Task-2.mat,A,Task-2,R,F3,40,-0.0078125,-1.7931305,-6.2183371,3.7121681
VisualCogA_Task-2.mat,A,Task-2,R,F3,40,-0.00390625,-1.9915521,-6.4376879,3.6597013
VisualCogA_Task-2.mat,A,Task-2,R,F3,40,0,-2.1615178,-6.648514,3.514205
VisualCogA_Task-2.mat,A,Task-2,R,F3,40,0.00390625,-2.3028059,-7.0002442,3.4147616
VisualCogA_Task-2.mat,A,Task-2,R,F3,40,0.0078125,-2.4685222,-7.245093,3.1889092
VisualCogA_Task-2.mat,A,Task-2,R,F3,40,0.01171875,-2.6461456,-7.4712126,3.0380968
VisualCogA_Task-2.mat,A,Task-2,R,F3,40,0.015625,-2.8501667,-7.8014701,3.1676448
VisualCogA_Task-2.mat,A,Task-2,R,F3,40,0.01953125,-3.0959436,-8.1539085,3.2033809
VisualCogA_Task-2.mat,A,Task-2,R,F3,40,0.0234375,-3.4039839,-8.6976897,3.1763461
VisualCogA_Task-2.mat,A,Task-2,R,F3,40,0.02734375,-3.7621802,-9.2859572,3.1879336
VisualCogA_Task-2.mat,A,Task-2,R,F3,40,0.03125,-4.1436269,-9.8457556,3.0696559
VisualCogA_Task-2.mat,A,Task-2,R,F3,40,0.03515625,-4.5857341,-10.594718,2.8534559
VisualCogA_Task-2.mat,A,Task-2,R,F3,40,0.0390625,-5.0743847,-11.277582,2.6633705
VisualCogA_Task-2.mat,A,Task-2,R,F3,40,0.04296875,-5.5819668,-11.885258,2.4619694
VisualCogA_Task-2.mat,A,Task-2,R,F3,40,0.046875,-6.0987417,-12.532733,2.1579395
VisualCogA_Task-2.mat,A,Task-2,R,F3,40,0.05078125,-6.5978472,-13.148808,1.7923625
VisualCogA_Task-2.mat,A,Task-2,R,F3,40,0.0546875,-7.086578,-13.795665,1.3994369
VisualCogA_Task-2.mat,A,Task-2,R,F3,40,0.05859375,-7.5690485,-14.330062,0.98006986
VisualCogA_Task-2.mat,A,Task-2,R,F3,40,0.0625,-8.0568678,-15.051914,0.70707583
VisualCogA_Task-2.mat,A,Task-2,R,F3,40,0.06640625,-8.5446975,-15.639426,0.19788097
VisualCogA_Task-2.mat,A,Task-2,R,F3,40,0.0703125,-9.026802,-16.190321,-0.33945608
VisualCogA_Task-2.mat,A,Task-2,R,F3,40,0.07421875,-9.474133,-16.888513,-0.64094197
VisualCogA_Task-2.mat,A,Task-2,R,F3,40,0.078125,-9.8851285,-17.4955,-0.99163226
VisualCogA_Task-2.mat,A,Task-2,R,F3,40,0.08203125,-10.247893,-18.056473,-1.3807581
VisualCogA_Task-2.mat,A,Task-2,R,F3,40,0.0859375,-10.553498,-18.449226,-1.7275805
VisualCogA_Task-2.mat,A,Task-2,R,F3,40,0.08984375,-10.8076,-18.903645,-1.8474892
VisualCogA_Task-2.mat,A,Task-2,R,F3,40,0.09375,-10.981526,-19.188998,-1.8676149
VisualCogA_Task-2.mat,A,Task-2,R,F3,40,0.09765625,-11.049515,-19.273005,-1.7536414
VisualCogA_Task-2.mat,A,Task-2,R,F3,40,0.1015625,-11.020429,-19.289316,-1.4667333
VisualCogA_Task-2.mat,A,Task-2,R,F3,40,0.10546875,-10.897399,-19.282577,-0.95741962
VisualCogA_Task-2.mat,A,Task-2,R,F3,40,0.109375,-10.703999,-19.116383,-0.2901665
VisualCogA_Task-2.mat,A,Task-2,R,F3,40,0.11328125,-10.469041,-18.999609,0.20221826
VisualCogA_Task-2.mat,A,Task-2,R,F3,40,0.1171875,-10.23296,-18.900129,0.69677192
VisualCogA_Task-2.mat,A,Task-2,R,F3,40,0.12109375,-10.014787,-18.742309,1.0366245
VisualCogA_Task-2.mat,A,Task-2,R,F3,40,0.125,-9.8602485,-18.657593,1.3394267
VisualCogA_Task-2.mat,A,Task-2,R,F3,40,0.12890625,-9.7422621,-18.679409,1.6333203
VisualCogA_Task-2.mat,A,Task-2,R,F3,40,0.1328125,-9.6701011,-18.715998,1.8103262
VisualCogA_Task-2.mat,A,Task-2,R,F3,40,0.13671875,-9.6071337,-18.94876,2.1263382
VisualCogA_Task-2.mat,A,Task-2,R,F3,40,0.140625,-9.5415099,-19.264597,2.5123676
VisualCogA_Task-2.mat,A,Task-2,R,F3,40,0.14453125,-9.4708175,-19.651409,2.6133005
VisualCogA_Task-2.mat,A,Task-2,R,F3,40,0.1484375,-9.4175615,-19.83341,3.0100679
VisualCogA_Task-2.mat,A,Task-2,R,F3,40,0.15234375,-9.4077211,-20.344114,3.4356417
VisualCogA_Task-2.mat,A,Task-2,R,F3,40,0.15625,-9.4552162,-20.803537,3.7127154
VisualCogA_Task-2.mat,A,Task-2,R,F3,40,0.16015625,-9.5759769,-21.314589,3.9941689
VisualCogA_Task-2.mat,A,Task-2,R,F3,40,0.1640625,-9.7503549,-21.922149,4.3620479
VisualCogA_Task-2.mat,A,Task-2,R,F3,40,0.16796875,-9.9785527,-22.615981,4.626762
VisualCogA_Task-2.mat,A,Task-2,R,F3,40,0.171875,-10.241075,-23.364532,4.6053906
VisualCogA_Task-2.mat,A,Task-2,R,F3,40,0.17578125,-10.527155,-24.145315,4.5767935
VisualCogA_Task-2.mat,A,Task-2,R,F3,40,0.1796875,-10.816669,-24.844626,4.8688074
VisualCogA_Task-2.mat,A,Task-2,R,F3,40,0.18359375,-11.096081,-25.435902,5.184052
VisualCogA_Task-2.mat,A,Task-2,R,F3,40,0.1875,-11.342597,-25.976936,5.3727419
VisualCogA_Task-2.mat,A,Task-2,R,F3,40,0.19140625,-11.529712,-26.466405,5.4803658
VisualCogA_Task-2.mat,A,Task-2,R,F3,40,0.1953125,-11.691817,-26.88762,5.719377
VisualCogA_Task-2.mat,A,Task-2,R,F3,40,0.19921875,-11.812617,-27.226901,6.0414323
VisualCogA_Task-2.mat,A,Task-2,R,F3,40,0.203125,-11.896383,-27.422906,6.3499283
VisualCogA_Task-2.mat,A,Task-2,R,F3,40,0.20703125,-11.954117,-27.560464,6.7149804
VisualCogA_Task-2.mat,A,Task-2,R,F3,40,0.2109375,-11.98665,-27.558997,7.1990312
VisualCogA_Task-2.mat,A,Task-2,R,F3,40,0.21484375,-11.998391,-27.764701,7.7709163
VisualCogA_Task-2.mat,A,Task-2,R,F3,40,0.21875,-11.996101,-28.026061,8.3045076
VisualCogA_Task-2.mat,A,Task-2,R,F3,40,0.22265625,-11.963975,-28.229704,8.8338463
VisualCogA_Task-2.mat,A,Task-2,R,F3,40,0.2265625,-11.914643,-28.403811,9.2295209
VisualCogA_Task-2.mat,A,Task-2,R,F3,40,0.23046875,-11.861293,-28.629362,9.4972841
VisualCogA_Task-2.mat,A,Task-2,R,F3,40,0.234375,-11.794149,-28.78621,9.5938347
VisualCogA_Task-2.mat,A,Task-2,R,F3,40,0.23828125,-11.696254,-28.865171,9.6515409
VisualCogA_Task-2.mat,A,Task-2,R,F3,40,0.2421875,-11.574038,-28.843575,9.6636648
VisualCogA_Task-2.mat,A,Task-2,R,F3,40,0.24609375,-11.407207,-28.751338,9.6503176
VisualCogA_Task-2.mat,A,Task-2,R,F3,40,0.25,-11.184946,-28.603129,9.6338689
VisualCogA_Task-2.mat,A,Task-2,R,F3,40,0.25390625,-10.908263,-28.352114,9.8625504
VisualCogA_Task-2.mat,A,Task-2,R,F3,40,0.2578125,-10.601032,-28.227873,10.337912
VisualCogA_Task-2.mat,A,Task-2,R,F3,40,0.26171875,-10.277162,-27.849819,11.002041
VisualCogA_Task-2.mat,A,Task-2,R,F3,40,0.265625,-9.9551104,-27.555311,11.427206
VisualCogA_Task-2.mat,A,Task-2,R,F3,40,0.26953125,-9.6416202,-27.087329,11.813725
VisualCogA_Task-2.mat,A,Task-2,R,F3,40,0.2734375,-9.3419084,-26.890859,11.878168
VisualCogA_Task-2.mat,A,Task-2,R,F3,40,0.27734375,-9.0583266,-27.065829,12.12884
VisualCogA_Task-2.mat,A,Task-2,R,F3,40,0.28125,-8.7784544,-26.907664,12.423679
VisualCogA_Task-2.mat,A,Task-2,R,F3,40,0.28515625,-8.5074424,-26.717074,12.931723
VisualCogA_Task-2.mat,A,Task-2,R,F3,40,0.2890625,-8.2289536,-26.630167,13.073706
VisualCogA_Task-2.mat,A,Task-2,R,F3,40,0.29296875,-7.9565072,-26.546221,12.997856
VisualCogA_Task-2.mat,A,Task-2,R,F3,40,0.296875,-7.6780606,-26.519716,13.43529
VisualCogA_Task-2.mat,A,Task-2,R,F3,40,0.30078125,-7.4055166,-26.588631,13.635663
VisualCogA_Task-2.mat,A,Task-2,R,F3,40,0.3046875,-7.1436228,-26.542216,13.632096
VisualCogA_Task-2.mat,A,Task-2,R,F3,40,0.30859375,-6.8902317,-26.385139,13.664921
VisualCogA_Task-2.mat,A,Task-2,R,F3,40,0.3125,-6.6514287,-26.218624,13.756896
VisualCogA_Task-2.mat,A,Task-2,R,F3,40,0.31640625,-6.4018831,-26.28415,14.249448
VisualCogA_Task-2.mat,A,Task-2,R,F3,40,0.3203125,-6.1596873,-26.325158,14.931597
VisualCogA_Task-2.mat,A,Task-2,R,F3,40,0.32421875,-5.9450006,-26.134068,15.354279
VisualCogA_Task-2.mat,A,Task-2,R,F3,40,0.328125,-5.7690176,-25.938779,15.694659
VisualCogA_Task-2.mat,A,Task-2,R,F3,40,0.33203125,-5.6392847,-25.837096,15.796775
VisualCogA_Task-2.mat,A,Task-2,R,F3,40,0.3359375,-5.5542605,-25.775554,15.934228
VisualCogA_Task-2.mat,A,Task-2,R,F3,40,0.33984375,-5.5141759,-25.770532,16.090591
VisualCogA_Task-2.mat,A,Task-2,R,F3,40,0.34375,-5.5252056,-25.631635,15.92223
VisualCogA_Task-2.mat,A,Task-2,R,F3,40,0.34765625,-5.5839935,-25.714735,15.817689
VisualCogA_Task-2.mat,A,Task-2,R,F3,40,0.3515625,-5.6757109,-25.793559,15.475005
VisualCogA_Task-2.mat,A,Task-2,R,F3,40,0.35546875,-5.8012895,-26.08061,15.153381
VisualCogA_Task-2.mat,A,Task-2,R,F3,40,0.359375,-5.9388278,-26.376227,14.783016
VisualCogA_Task-2.mat,A,Task-2,R,F3,40,0.36328125,-6.0833623,-26.662147,14.51004
VisualCogA_Task-2.mat,A,Task-2,R,F3,40,0.3671875,-6.2356411,-26.796422,14.378373
VisualCogA_Task-2.mat,A,Task-2,R,F3,40,0.37109375,-6.3968868,-27.07953,14.268154
VisualCogA_Task-2.mat,A,Task-2,R,F3,40,0.375,-6.5805743,-27.325004,14.208368
VisualCogA_Task-2.mat,A,Task-2,R,F3,40,0.37890625,-6.7777758,-27.500917,14.150329
VisualCogA_Task-2.mat,A,Task-2,R,F3,40,0.3828125,-7.0002166,-27.715363,14.041852
VisualCogA_Task-2.mat,A,Task-2,R,F3,40,0.38671875,-7.265952,-28.025897,13.750479
VisualCogA_Task-2.mat,A,Task-2,R,F3,40,0.390625,-7.5851136,-28.406514,13.253417
VisualCogA_Task-2.mat,A,Task-2,R,F3,40,0.39453125,-7.9669956,-28.857707,12.71234
VisualCogA_Task-2.mat,A,Task-2,R,F3,40,0.3984375,-8.4014784,-29.328162,12.145128
VisualCogA_Task-2.mat,A,Task-2,R,F3,40,0.40234375,-8.8531844,-29.715692,11.603843
VisualCogA_Task-2.mat,A,Task-2,R,F3,40,0.40625,-9.2752073,-30.045545,11.129418
VisualCogA_Task-2.mat,A,Task-2,R,F3,40,0.41015625,-9.6526914,-30.384055,10.632296
VisualCogA_Task-2.mat,A,Task-2,R,F3,40,0.4140625,-9.9693094,-30.714573,10.229254
VisualCogA_Task-2.mat,A,Task-2,R,F3,40,0.41796875,-10.21413,-30.948582,10.089198
VisualCogA_Task-2.mat,A,Task-2,R,F3,40,0.421875,-10.376555,-31.069416,10.239475
VisualCogA_Task-2.mat,A,Task-2,R,F3,40,0.42578125,-10.462022,-31.094549,10.500696
VisualCogA_Task-2.mat,A,Task-2,R,F3,40,0.4296875,-10.482195,-31.06245,10.73969
VisualCogA_Task-2.mat,A,Task-2,R,F3,40,0.43359375,-10.441458,-31.094299,10.949484
VisualCogA_Task-2.mat,A,Task-2,R,F3,40,0.4375,-10.352104,-31.204696,11.142782
VisualCogA_Task-2.mat,A,Task-2,R,F3,40,0.44140625,-10.21926,-31.140884,11.39336
VisualCogA_Task-2.mat,A,Task-2,R,F3,40,0.4453125,-10.043057,-30.883164,11.755857
VisualCogA_Task-2.mat,A,Task-2,R,F3,40,0.44921875,-9.8382289,-30.657106,12.054074
VisualCogA_Task-2.mat,A,Task-2,R,F3,40,0.453125,-9.6142871,-30.565563,12.279792
VisualCogA_Task-2.mat,A,Task-2,R,F3,40,0.45703125,-9.3574992,-30.43033,12.68441
VisualCogA_Task-2.mat,A,Task-2,R,F3,40,0.4609375,-9.0595005,-30.235181,13.331599
VisualCogA_Task-2.mat,A,Task-2,R,F3,40,0.46484375,-8.7127694,-29.954284,14.0311
VisualCogA_Task-2.mat,A,Task-2,R,F3,40,0.46875,-8.3185502,-29.771147,14.630449
VisualCogA_Task-2.mat,A,Task-2,R,F3,40,0.47265625,-7.885797,-29.579168,15.230904
VisualCogA_Task-2.mat,A,Task-2,R,F3,40,0.4765625,-7.3998457,-29.355019,15.884931
VisualCogA_Task-2.mat,A,Task-2,R,F3,40,0.48046875,-6.8732397,-28.986627,16.605771
VisualCogA_Task-2.mat,A,Task-2,R,F3,40,0.484375,-6.3077118,-28.091586,17.125174
VisualCogA_Task-2.mat,A,Task-2,R,F3,40,0.48828125,-5.7003699,-27.491693,17.665546
VisualCogA_Task-2.mat,A,Task-2,R,F3,40,0.4921875,-5.0642545,-26.681466,18.286336
VisualCogA_Task-2.mat,A,Task-2,R,F3,40,0.49609375,-4.3989072,-25.914352,19.089415
VisualCogA_Task-2.mat,A,Task-2,R,F3,40,0.5,-3.6767789,-25.328535,20.032414
VisualCogA_Task-2.mat,A,Task-2,R,F3,40,0.50390625,-2.8623539,-24.847938,21.326941
VisualCogA_Task-2.mat,A,Task-2,R,F3,40,0.5078125,-1.9507717,-23.809368,22.314232
VisualCogA_Task-2.mat,A,Task-2,R,F3,40,0.51171875,-0.89517328,-23.147153,23.243233
VisualCogA_Task-2.mat,A,Task-2,R,F3,40,0.515625,0.346478,-22.418757,24.617645
VisualCogA_Task-2.mat,A,Task-2,R,F3,40,0.51953125,1.8292036,-21.513658,25.956277
VisualCogA_Task-2.mat,A,Task-2,R,F3,40,0.5234375,3.5475517,-20.484322,27.566701
VisualCogA_Task-2.mat,A,Task-2,R,F3,40,0.52734375,5.4586564,-19.293295,29.984929
VisualCogA_Task-2.mat,A,Task-2,R,F3,40,0.53125,7.554949,-18.048798,32.569095
VisualCogA_Task-2.mat,A,Task-2,R,F3,40,0.53515625,9.841875,-16.393884,35.203633
VisualCogA_Task-2.mat,A,Task-2,R,F3,40,0.5390625,12.271788,-14.454391,38.059797
VisualCogA_Task-2.mat,A,Task-2,R,F3,40,0.54296875,14.819088,-12.189196,40.917886
VisualCogA_Task-2.mat,A,Task-2,R,F3,40,0.546875,17.498532,-9.7930902,43.784984
VisualCogA_Task-2.mat,A,Task-2,R,F3,40,0.55078125,20.280771,-7.0015521,46.788418
VisualCogA_Task-2.mat,A,Task-2,R,F3,40,0.5546875,23.142698,-4.0538014,50.07552
VisualCogA_Task-2.mat,A,Task-2,R,F3,40,0.55859375,26.042921,-1.6139839,52.949633
VisualCogA_Task-2.mat,A,Task-2,R,F3,40,0.5625,28.962981,1.0699741,55.725844
VisualCogA_Task-2.mat,A,Task-2,R,F3,40,0.56640625,31.836304,3.7440872,58.849673
VisualCogA_Task-2.mat,A,Task-2,R,F3,40,0.5703125,34.6118,6.5028187,62.568805
VisualCogA_Task-2.mat,A,Task-2,R,F3,40,0.57421875,37.281086,9.2606318,65.127143
VisualCogA_Task-2.mat,A,Task-2,R,F3,40,0.578125,39.843795,11.881937,67.714226
VisualCogA_Task-2.mat,A,Task-2,R,F3,40,0.58203125,42.272959,14.342955,70.116073
VisualCogA_Task-2.mat,A,Task-2,R,F3,40,0.5859375,44.523026,16.553807,73.049906
VisualCogA_Task-2.mat,A,Task-2,R,F3,40,0.58984375,46.596276,18.296117,74.983951
VisualCogA_Task-2.mat,A,Task-2,R,F3,40,0.59375,48.484192,19.873934,77.210201
VisualCogA_Task-2.mat,A,Task-2,R,F3,40,0.59765625,50.214351,21.644786,79.297555
VisualCogA_Task-2.mat,A,Task-2,R,F3,40,0.6015625,51.705371,22.937856,80.478567
VisualCogA_Task-2.mat,A,Task-2,R,F3,40,0.60546875,52.981927,23.695487,81.556773
VisualCogA_Task-2.mat,A,Task-2,R,F3,40,0.609375,54.058668,24.595072,82.380048
VisualCogA_Task-2.mat,A,Task-2,R,F3,40,0.61328125,54.956989,25.411904,83.139381
VisualCogA_Task-2.mat,A,Task-2,R,F3,40,0.6171875,55.721591,26.274691,83.646952
VisualCogA_Task-2.mat,A,Task-2,R,F3,40,0.62109375,56.356334,27.057843,83.917152
VisualCogA_Task-2.mat,A,Task-2,R,F3,40,0.625,56.891177,27.735044,84.021562
VisualCogA_Task-2.mat,A,Task-2,R,F3,40,0.62890625,57.384214,28.557714,84.240973
VisualCogA_Task-2.mat,A,Task-2,R,F3,40,0.6328125,57.83533,29.450008,84.417027
VisualCogA_Task-2.mat,A,Task-2,R,F3,40,0.63671875,58.250259,30.359836,84.85527
VisualCogA_Task-2.mat,A,Task-2,R,F3,40,0.640625,58.599653,31.784854,85.267809
VisualCogA_Task-2.mat,A,Task-2,R,F3,40,0.64453125,58.895498,32.916605,85.732915
VisualCogA_Task-2.mat,A,Task-2,R,F3,40,0.6484375,59.163161,34.167761,86.129968
VisualCogA_Task-2.mat,A,Task-2,R,F3,40,0.65234375,59.415844,34.975099,86.178134
VisualCogA_Task-2.mat,A,Task-2,R,F3,40,0.65625,59.640142,35.121393,86.527152
VisualCogA_Task-2.mat,A,Task-2,R,F3,40,0.66015625,59.836573,35.526551,86.899887
VisualCogA_Task-2.mat,A,Task-2,R,F3,40,0.6640625,60.013428,35.928751,87.203826
VisualCogA_Task-2.mat,A,Task-2,R,F3,40,0.66796875,60.159502,36.916605,87.383434
VisualCogA_Task-2.mat,A,Task-2,R,F3,40,0.671875,60.285385,37.323532,87.425564
VisualCogA_Task-2.mat,A,Task-2,R,F3,40,0.67578125,60.380243,37.925753,87.401689
VisualCogA_Task-2.mat,A,Task-2,R,F3,40,0.6796875,60.446366,38.17539,87.288351
VisualCogA_Task-2.mat,A,Task-2,R,F3,40,0.68359375,60.448756,38.772163,87.093159
VisualCogA_Task-2.mat,A,Task-2,R,F3,40,0.6875,60.388738,38.603003,86.91425
VisualCogA_Task-2.mat,A,Task-2,R,F3,40,0.69140625,60.320777,38.355359,86.968861
VisualCogA_Task-2.mat,A,Task-2,R,F3,40,0.6953125,60.229071,38.195142,86.646077
VisualCogA_Task-2.mat,A,Task-2,R,F3,40,0.69921875,60.083427,37.997629,86.483498
VisualCogA_Task-2.mat,A,Task-2,R,F3,40,0.703125,59.913009,37.755781,86.241669
VisualCogA_Task-2.mat,A,Task-2,R,F3,40,0.70703125,59.709577,37.641851,85.947531
VisualCogA_Task-2.mat,A,Task-2,R,F3,40,0.7109375,59.44854,37.434983,85.512132
VisualCogA_Task-2.mat,A,Task-2,R,F3,40,0.71484375,59.148957,37.269864,84.922664
VisualCogA_Task-2.mat,A,Task-2,R,F3,40,0.71875,58.744684,37.117351,84.320354
VisualCogA_Task-2.mat,A,Task-2,R,F3,40,0.72265625,58.326136,37.022493,83.852954
VisualCogA_Task-2.mat,A,Task-2,R,F3,40,0.7265625,57.908131,36.767457,83.500692
VisualCogA_Task-2.mat,A,Task-2,R,F3,40,0.73046875,57.482954,36.503498,83.131298
VisualCogA_Task-2.mat,A,Task-2,R,F3,40,0.734375,57.041083,35.935965,82.550525
VisualCogA_Task-2.mat,A,Task-2,R,F3,40,0.73828125,56.604958,35.484418,82.025797
VisualCogA_Task-2.mat,A,Task-2,R,F3,40,0.7421875,56.165564,35.273807,81.589812
VisualCogA_Task-2.mat,A,Task-2,R,F3,40,0.74609375,55.695684,34.845933,81.186011
VisualCogA_Task-2.mat,A,Task-2,R,F3,40,0.75,55.251711,34.42735,80.644006
VisualCogA_Task-2.mat,A,Task-2,R,F3,40,0.75390625,54.856832,34.115535,79.921161
VisualCogA_Task-2.mat,A,Task-2,R,F3,40,0.7578125,54.521618,33.908557,79.938871
VisualCogA_Task-2.mat,A,Task-2,R,F3,40,0.76171875,54.245156,33.710543,79.718827
VisualCogA_Task-2.mat,A,Task-2,R,F3,40,0.765625,54.013631,33.35519,79.500114
VisualCogA_Task-2.mat,A,Task-2,R,F3,40,0.76953125,53.832395,33.068536,79.145893
VisualCogA_Task-2.mat,A,Task-2,R,F3,40,0.7734375,53.690242,32.990239,78.849374
VisualCogA_Task-2.mat,A,Task-2,R,F3,40,0.77734375,53.564964,33.257397,78.653799
VisualCogA_Task-2.mat,A,Task-2,R,F3,40,0.78125,53.496502,33.26646,78.491857
VisualCogA_Task-2.mat,A,Task-2,R,F3,40,0.78515625,53.497846,33.179975,78.63507
VisualCogA_Task-2.mat,A,Task-2,R,F3,40,0.7890625,53.544596,32.894846,78.638972
VisualCogA_Task-2.mat,A,Task-2,R,F3,40,0.79296875,53.629018,33.102307,78.442681
VisualCogA_Task-2.mat,A,Task-2,R,F3,40,0.796875,53.730807,33.323494,78.458951
VisualCogA_Task-2.mat,A,Task-2,R,F3,40,0.80078125,53.830371,33.048741,78.779424
VisualCogA_Task-2.mat,A,Task-2,R,F3,40,0.8046875,53.911616,32.899951,79.124428
VisualCogA_Task-2.mat,A,Task-2,R,F3,40,0.80859375,53.976493,32.559635,78.958678
VisualCogA_Task-2.mat,A,Task-2,R,F3,40,0.8125,53.983508,32.288019,78.740984
VisualCogA_Task-2.mat,A,Task-2,R,F3,40,0.81640625,53.939564,32.11357,78.495093
VisualCogA_Task-2.mat,A,Task-2,R,F3,40,0.8203125,53.850554,31.871004,78.638767
VisualCogA_Task-2.mat,A,Task-2,R,F3,40,0.82421875,53.691439,31.475322,78.333686
VisualCogA_Task-2.mat,A,Task-2,R,F3,40,0.828125,53.487498,31.036401,77.563704
VisualCogA_Task-2.mat,A,Task-2,R,F3,40,0.83203125,53.258935,30.551903,77.595413
VisualCogA_Task-2.mat,A,Task-2,R,F3,40,0.8359375,52.993525,29.995227,77.510678
VisualCogA_Task-2.mat,A,Task-2,R,F3,40,0.83984375,52.695488,29.308574,77.311713
VisualCogA_Task-2.mat,A,Task-2,R,F3,40,0.84375,52.337105,28.812764,77.025911
VisualCogA_Task-2.mat,A,Task-2,R,F3,40,0.84765625,51.862826,28.239834,76.598463
VisualCogA_Task-2.mat,A,Task-2,R,F3,40,0.8515625,51.263094,27.343323,75.989265
VisualCogA_Task-2.mat,A,Task-2,R,F3,40,0.85546875,50.546137,26.297286,75.204498
VisualCogA_Task-2.mat,A,Task-2,R,F3,40,0.859375,49.704062,25.465277,74.26968
VisualCogA_Task-2.mat,A,Task-2,R,F3,40,0.86328125,48.794139,24.710285,73.055025
VisualCogA_Task-2.mat,A,Task-2,R,F3,40,0.8671875,47.868776,23.72776,71.953707
VisualCogA_Task-2.mat,A,Task-2,R,F3,40,0.87109375,46.889371,22.753505,70.687401
VisualCogA_Task-2.mat,A,Task-2,R,F3,40,0.875,45.845111,21.75465,69.718133
VisualCogA_Task-2.mat,A,Task-2,R,F3,40,0.87890625,44.738655,20.735111,68.871612
VisualCogA_Task-2.mat,A,Task-2,R,F3,40,0.8828125,43.569956,19.694425,68.003709
VisualCogA_Task-2.mat,A,Task-2,R,F3,40,0.88671875,42.342546,18.589488,67.066693
VisualCogA_Task-2.mat,A,Task-2,R,F3,40,0.890625,41.074147,17.454949,66.128475
VisualCogA_Task-2.mat,A,Task-2,R,F3,40,0.89453125,39.789856,16.315942,65.070199
VisualCogA_Task-2.mat,A,Task-2,R,F3,40,0.8984375,38.534859,15.193154,63.97046
VisualCogA_Task-2.mat,A,Task-2,R,F3,40,0.90234375,37.325723,14.095053,62.885765
VisualCogA_Task-2.mat,A,Task-2,R,F3,40,0.90625,36.164425,13.324152,61.298855
VisualCogA_Task-2.mat,A,Task-2,R,F3,40,0.91015625,35.060869,12.478883,59.776275
VisualCogA_Task-2.mat,A,Task-2,R,F3,40,0.9140625,34.00486,11.335989,58.211294
VisualCogA_Task-2.mat,A,Task-2,R,F3,40,0.91796875,32.991543,10.415708,57.077039
VisualCogA_Task-2.mat,A,Task-2,R,F3,40,0.921875,32.028126,9.8854164,56.372039
VisualCogA_Task-2.mat,A,Task-2,R,F3,40,0.92578125,31.131765,9.3423118,55.788802
VisualCogA_Task-2.mat,A,Task-2,R,F3,40,0.9296875,30.317208,8.8440677,55.064072
VisualCogA_Task-2.mat,A,Task-2,R,F3,40,0.93359375,29.620675,8.234786,54.258543
VisualCogA_Task-2.mat,A,Task-2,R,F3,40,0.9375,29.037347,7.519016,53.433758
VisualCogA_Task-2.mat,A,Task-2,R,F3,40,0.94140625,28.644641,7.0787962,52.369952
VisualCogA_Task-2.mat,A,Task-2,R,F3,40,0.9453125,28.297387,6.9592713,51.816177
VisualCogA_Task-2.mat,A,Task-2,R,F3,40,0.94921875,27.984295,7.0358252,51.233237
VisualCogA_Task-2.mat,A,Task-2,R,F3,40,0.953125,27.694071,6.789031,50.77017
VisualCogA_Task-2.mat,A,Task-2,R,F3,40,0.95703125,27.415423,6.4364519,50.143481
VisualCogA_Task-2.mat,A,Task-2,R,F3,40,0.9609375,27.137058,6.182798,49.572421
VisualCogA_Task-2.mat,A,Task-2,R,F3,40,0.96484375,26.847683,6.1052334,49.355467
VisualCogA_Task-2.mat,A,Task-2,R,F3,40,0.96875,26.536006,5.988256,49.120247
VisualCogA_Task-2.mat,A,Task-2,R,F3,40,0.97265625,26.190734,5.8350672,48.780769
VisualCogA_Task-2.mat,A,Task-2,R,F3,40,0.9765625,25.800574,5.6336085,48.815747
VisualCogA_Task-2.mat,A,Task-2,R,F3,40,0.98046875,25.354234,5.3656128,49.140508
VisualCogA_Task-2.mat,A,Task-2,R,F3,40,0.984375,24.840421,4.7509402,49.164818
VisualCogA_Task-2.mat,A,Task-2,R,F3,40,0.98828125,24.247842,3.4620434,49.258835
VisualCogA_Task-2.mat,A,Task-2,R,F3,40,0.9921875,23.565206,2.5778839,48.988551
VisualCogA_Task-2.mat,A,Task-2,R,F3,40,0.99609375,22.781218,1.5935129,48.490918
VisualCogA_Task-2.mat,A,Task-2,R,F4,40,-0.5,12.475443,0.83728815,27.504657
VisualCogA_Task-2.mat,A,Task-2,R,F4,40,-0.49609375,12.676651,1.0897198,27.271436
VisualCogA_Task-2.mat,A,Task-2,R,F4,40,-0.4921875,12.860314,1.3813857,26.81051
VisualCogA_Task-2.mat,A,Task-2,R,F4,40,-0.48828125,13.026306,1.9227982,26.525719
VisualCogA_Task-2.mat,A,Task-2,R,F4,40,-0.484375,13.174502,1.9246383,26.235322
VisualCogA_Task-2.mat,A,Task-2,R,F4,40,-0.48046875,13.304774,2.2868034,26.164641
VisualCogA_Task-2.mat,A,Task-2,R,F4,40,-0.4765625,13.416998,2.5504205,26.059601
VisualCogA_Task-2.mat,A,Task-2,R,F4,40,-0.47265625,13.511047,2.6835145,26.035947
VisualCogA_Task-2.mat,A,Task-2,R,F4,40,-0.46875,13.586796,2.763425,25.996231
VisualCogA_Task-2.mat,A,Task-2,R,F4,40,-0.46484375,13.644118,2.8536318,26.110542
VisualCogA_Task-2.mat,A,Task-2,R,F4,40,-0.4609375,13.682887,2.9589644,26.019594
VisualCogA_Task-2.mat,A,Task-2,R,F4,40,-0.45703125,13.702978,2.9949817,25.771515
VisualCogA_Task-2.mat,A,Task-2,R,F4,40,-0.453125,13.704264,3.0229704,25.58298
VisualCogA_Task-2.mat,A,Task-2,R,F4,40,-0.44921875,13.686619,3.0521657,25.323363
VisualCogA_Task-2.mat,A,Task-2,R,F4,40,-0.4453125,13.649918,3.1474242,25.054125
VisualCogA_Task-2.mat,A,Task-2,R,F4,40,-0.44140625,13.594035,3.2827714,24.833369
VisualCogA_Task-2.mat,A,Task-2,R,F4,40,-0.4375,13.557719,3.4325096,24.642815
VisualCogA_Task-2.mat,A,Task-2,R,F4,40,-0.43359375,13.495073,3.4783455,24.353038
VisualCogA_Task-2.mat,A,Task-2,R,F4,40,-0.4296875,13.392724,3.5039214,24.206731
VisualCogA_Task-2.mat,A,Task-2,R,F4,40,-0.42578125,13.247896,3.5015615,24.019236
VisualCogA_Task-2.mat,A,Task-2,R,F4,40,-0.421875,13.058557,3.492951,23.84404
VisualCogA_Task-2.mat,A,Task-2,R,F4,40,-0.41796875,12.832951,3.5572539,23.677085
VisualCogA_Task-2.mat,A,Task-2,R,F4,40,-0.4140625,12.552167,3.5360048,23.342857
VisualCogA_Task-2.mat,A,Task-2,R,F4,40,-0.41015625,12.24419,3.4870638,22.840969
VisualCogA_Task-2.mat,A,Task-2,R,F4,40,-0.40625,11.917659,3.4110014,22.295332
VisualCogA_Task-2.mat,A,Task-2,R,F4,40,-0.40234375,11.605051,3.3310845,21.738668
VisualCogA_Task-2.mat,A,Task-2,R,F4,40,-0.3984375,11.311796,3.2450654,21.286179
VisualCogA_Task-2.mat,A,Task-2,R,F4,40,-0.39453125,11.053894,3.1336537,20.859013
VisualCogA_Task-2.mat,A,Task-2,R,F4,40,-0.390625,10.83689,3.0510013,20.526387
VisualCogA_Task-2.mat,A,Task-2,R,F4,40,-0.38671875,10.657777,2.9811252,20.267167
VisualCogA_Task-2.mat,A,Task-2,R,F4,40,-0.3828125,10.50887,3.0223083,20.128383
VisualCogA_Task-2.mat,A,Task-2,R,F4,40,-0.37890625,10.371594,3.0059501,19.922019
VisualCogA_Task-2.mat,A,Task-2,R,F4,40,-0.375,10.229277,2.852625,19.642025
VisualCogA_Task-2.mat,A,Task-2,R,F4,40,-0.37109375,10.059948,2.4987257,19.441068
VisualCogA_Task-2.mat,A,Task-2,R,F4,40,-0.3671875,9.8577554,2.211609,19.116133
VisualCogA_Task-2.mat,A,Task-2,R,F4,40,-0.36328125,9.6216145,1.9311573,18.674372
VisualCogA_Task-2.mat,A,Task-2,R,F4,40,-0.359375,9.3537904,1.7185054,18.354787
VisualCogA_Task-2.mat,A,Task-2,R,F4,40,-0.35546875,9.0604801,1.5323488,18.110237
VisualCogA_Task-2.mat,A,Task-2,R,F4,40,-0.3515625,8.7784349,1.3673809,17.681186
VisualCogA_Task-2.mat,A,Task-2,R,F4,40,-0.34765625,8.5132482,1.1878843,17.324462
VisualCogA_Task-2.mat,A,Task-2,R,F4,40,-0.34375,8.2562134,0.99410767,16.980702
VisualCogA_Task-2.mat,A,Task-2,R,F4,40,-0.33984375,7.9938479,0.6768245,16.621017
VisualCogA_Task-2.mat,A,Task-2,R,F4,40,-0.3359375,7.7191607,0.30015177,16.258865
VisualCogA_Task-2.mat,A,Task-2,R,F4,40,-0.33203125,7.426331,-0.11816245,15.91269
VisualCogA_Task-2.mat,A,Task-2,R,F4,40,-0.328125,7.1149454,-0.34744167,15.424042
VisualCogA_Task-2.mat,A,Task-2,R,F4,40,-0.32421875,6.787687,-0.499797,14.884863
VisualCogA_Task-2.mat,A,Task-2,R,F4,40,-0.3203125,6.4584094,-0.65678738,14.378383
VisualCogA_Task-2.mat,A,Task-2,R,F4,40,-0.31640625,6.134906,-0.87555897,13.908471
VisualCogA_Task-2.mat,A,Task-2,R,F4,40,-0.3125,5.8279413,-1.023556,13.43197
VisualCogA_Task-2.mat,A,Task-2,R,F4,40,-0.30859375,5.53928,-1.2150307,12.965692
VisualCogA_Task-2.mat,A,Task-2,R,F4,40,-0.3046875,5.2716732,-1.4657493,12.626479
VisualCogA_Task-2.mat,A,Task-2,R,F4,40,-0.30078125,5.0333656,-1.5331914,12.34868
VisualCogA_Task-2.mat,A,Task-2,R,F4,40,-0.296875,4.8075451,-1.6127364,11.922076
VisualCogA_Task-2.mat,A,Task-2,R,F4,40,-0.29296875,4.6160517,-1.6752752,11.397426
VisualCogA_Task-2.mat,A,Task-2,R,F4,40,-0.2890625,4.4451731,-1.7268036,10.833965
VisualCogA_Task-2.mat,A,Task-2,R,F4,40,-0.28515625,4.2716047,-1.729961,10.411198
VisualCogA_Task-2.mat,A,Task-2,R,F4,40,-0.28125,4.1153955,-1.6849174,10.069402
VisualCogA_Task-2.mat,A,Task-2,R,F4,40,-0.27734375,3.9497302,-1.6989434,9.5165392
VisualCogA_Task-2.mat,A,Task-2,R,F4,40,-0.2734375,3.7853976,-1.7012792,9.1732783
VisualCogA_Task-2.mat,A,Task-2,R,F4,40,-0.26953125,3.6119273,-1.7451066,8.7629927
VisualCogA_Task-2.mat,A,Task-2,R,F4,40,-0.265625,3.4280857,-1.8857514,8.4032161
VisualCogA_Task-2.mat,A,Task-2,R,F4,40,-0.26171875,3.2395295,-2.0367263,8.1269118
VisualCogA_Task-2.mat,A,Task-2,R,F4,40,-0.2578125,3.0492889,-2.3002649,7.8243396
VisualCogA_Task-2.mat,A,Task-2,R,F4,40,-0.25390625,2.8695322,-2.4763927,7.6300693
VisualCogA_Task-2.mat,A,Task-2,R,F4,40,-0.25,2.7038632,-2.5758288,7.4376777
VisualCogA_Task-2.mat,A,Task-2,R,F4,40,-0.24609375,2.5524899,-2.723529,7.3849224
VisualCogA_Task-2.mat,A,Task-2,R,F4,40,-0.2421875,2.4135925,-2.8195177,7.2515314
VisualCogA_Task-2.mat,A,Task-2,R,F4,40,-0.23828125,2.2781318,-2.8573514,7.0526183
VisualCogA_Task-2.mat,A,Task-2,R,F4,40,-0.234375,2.1555317,-2.9613499,6.8964705
VisualCogA_Task-2.mat,A,Task-2,R,F4,40,-0.23046875,2.0189994,-2.9758836,6.7229966
VisualCogA_Task-2.mat,A,Task-2,R,F4,40,-0.2265625,1.8869429,-2.9835717,6.5368129
VisualCogA_Task-2.mat,A,Task-2,R,F4,40,-0.22265625,1.80047,-3.1412583,6.5051615
VisualCogA_Task-2.mat,A,Task-2,R,F4,40,-0.21875,1.7496615,-3.1444508,6.3398694
VisualCogA_Task-2.mat,A,Task-2,R,F4,40,-0.21484375,1.7346752,-2.9937095,6.2130159
VisualCogA_Task-2.mat,A,Task-2,R,F4,40,-0.2109375,1.7493934,-3.0007482,6.1253557
VisualCogA_Task-2.mat,A,Task-2,R,F4,40,-0.20703125,1.8030256,-2.9681253,6.1366814
VisualCogA_Task-2.mat,A,Task-2,R,F4,40,-0.203125,1.8842981,-2.8064443,6.1920661
VisualCogA_Task-2.mat,A,Task-2,R,F4,40,-0.19921875,1.9865741,-2.5372121,6.1757048
VisualCogA_Task-2.mat,A,Task-2,R,F4,40,-0.1953125,2.1114747,-2.3128864,6.1731031
VisualCogA_Task-2.mat,A,Task-2,R,F4,40,-0.19140625,2.2280811,-2.3439836,6.1971599
VisualCogA_Task-2.mat,A,Task-2,R,F4,40,-0.1875,2.3357788,-2.1813511,6.2475743
VisualCogA_Task-2.mat,A,Task-2,R,F4,40,-0.18359375,2.4133899,-1.9589197,6.1493906
VisualCogA_Task-2.mat,A,Task-2,R,F4,40,-0.1796875,2.4387421,-1.7155195,5.9589201
VisualCogA_Task-2.mat,A,Task-2,R,F4,40,-0.17578125,2.410262,-1.532786,5.9037241
VisualCogA_Task-2.mat,A,Task-2,R,F4,40,-0.171875,2.324338,-1.4202355,5.5384773
VisualCogA_Task-2.mat,A,Task-2,R,F4,40,-0.16796875,2.2042554,-1.2676308,5.3140052
VisualCogA_Task-2.mat,A,Task-2,R,F4,40,-0.1640625,2.0974103,-1.2085958,5.1076622
VisualCogA_Task-2.mat,A,Task-2,R,F4,40,-0.16015625,1.981509,-1.157318,4.8539136
VisualCogA_Task-2.mat,A,Task-2,R,F4,40,-0.15625,1.890897,-1.2529778,4.6424381
VisualCogA_Task-2.mat,A,Task-2,R,F4,40,-0.15234375,1.8109993,-1.1217869,4.4827005
VisualCogA_Task-2.mat,A,Task-2,R,F4,40,-0.1484375,1.7411892,-1.1046466,4.3170379
VisualCogA_Task-2.mat,A,Task-2,R,F4,40,-0.14453125,1.6821272,-1.0428365,4.169449
VisualCogA_Task-2.mat,A,Task-2,R,F4,40,-0.140625,1.6263473,-1.0762395,4.0229194
VisualCogA_Task-2.mat,A,Task-2,R,F4,40,-0.13671875,1.5661283,-1.0641677,3.9114197
VisualCogA_Task-2.mat,A,Task-2,R,F4,40,-0.1328125,1.449432,-1.122038,3.7044871
VisualCogA_Task-2.mat,A,Task-2,R,F4,40,-0.12890625,1.2738757,-1.2901631,3.4230051
VisualCogA_Task-2.mat,A,Task-2,R,F4,40,-0.125,1.049714,-1.3830569,3.1663775
VisualCogA_Task-2.mat,A,Task-2,R,F4,40,-0.12109375,0.79634347,-1.520312,2.7778747
VisualCogA_Task-2.mat,A,Task-2,R,F4,40,-0.1171875,0.5501749,-1.7069367,2.4438378
VisualCogA_Task-2.mat,A,Task-2,R,F4,40,-0.11328125,0.31931075,-1.8624405,2.1120727
VisualCogA_Task-2.mat,A,Task-2,R,F4,40,-0.109375,0.11140405,-2.0281776,1.7777841
VisualCogA_Task-2.mat,A,Task-2,R,F4,40,-0.10546875,-0.10474241,-2.1925525,1.4962038
VisualCogA_Task-2.mat,A,Task-2,R,F4,40,-0.1015625,-0.33231555,-2.3996815,1.2588557
VisualCogA_Task-2.mat,A,Task-2,R,F4,40,-0.09765625,-0.55765894,-2.6657508,1.0688136
VisualCogA_Task-2.mat,A,Task-2,R,F4,40,-0.09375,-0.79040674,-2.882754,0.73843039
VisualCogA_Task-2.mat,A,Task-2,R,F4,40,-0.08984375,-1.0194893,-2.9347226,0.54929387
VisualCogA_Task-2.mat,A,Task-2,R,F4,40,-0.0859375,-1.2463826,-3.0435288,0.31737011
VisualCogA_Task-2.mat,A,Task-2,R,F4,40,-0.08203125,-1.471743,-3.2801596,0.13353393
VisualCogA_Task-2.mat,A,Task-2,R,F4,40,-0.078125,-1.7055499,-3.5798252,0.037859611
VisualCogA_Task-2.mat,A,Task-2,R,F4,40,-0.07421875,-1.951486,-3.9044325,-0.041633041
VisualCogA_Task-2.mat,A,Task-2,R,F4,40,-0.0703125,-2.1810002,-4.1827825,-0.24073545
VisualCogA_Task-2.mat,A,Task-2,R,F4,40,-0.06640625,-2.3886672,-4.362355,-0.25273333
VisualCogA_Task-2.mat,A,Task-2,R,F4,40,-0.0625,-2.5509282,-4.6186375,-0.3298986
VisualCogA_Task-2.mat,A,Task-2,R,F4,40,-0.05859375,-2.6629328,-4.9119052,-0.42960859
VisualCogA_Task-2.mat,A,Task-2,R,F4,40,-0.0546875,-2.7189595,-5.0033245,-0.50715255
VisualCogA_Task-2.mat,A,Task-2,R,F4,40,-0.05078125,-2.7284834,-5.065923,-0.47000283
VisualCogA_Task-2.mat,A,Task-2,R,F4,40,-0.046875,-2.717653,-5.1566644,-0.24113136
VisualCogA_Task-2.mat,A,Task-2,R,F4,40,-0.04296875,-2.6888418,-5.114409,-0.094154897
VisualCogA_Task-2.mat,A,Task-2,R,F4,40,-0.0390625,-2.6398729,-5.1051552,0.16990283
VisualCogA_Task-2.mat,A,Task-2,R,F4,40,-0.03515625,-2.5989961,-5.0435732,0.40226946
VisualCogA_Task-2.mat,A,Task-2,R,F4,40,-0.03125,-2.5644564,-5.0817209,0.49169006
VisualCogA_Task-2.mat,A,Task-2,R,F4,40,-0.02734375,-2.5518619,-5.1556188,0.6340222
VisualCogA_Task-2.mat,A,Task-2,R,F4,40,-0.0234375,-2.5850579,-5.2390714,0.77421781
VisualCogA_Task-2.mat,A,Task-2,R,F4,40,-0.01953125,-2.6702404,-5.3913984,0.86447904
VisualCogA_Task-2.mat,A,Task-2,R,F4,40,-0.015625,-2.8063197,-5.5918288,0.87360119
VisualCogA_Task-2.mat,A,Task-2,R,F4,40,-0.01171875,-2.9493398,-5.8435912,0.63430707
VisualCogA_Task-2.mat,A,Task-2,R,F4,40,-0.0078125,-3.0830145,-6.1855944,0.56727366
VisualCogA_Task-2.mat,A,Task-2,R,F4,40,-0.00390625,-3.2024259,-6.407997,0.63714262
VisualCogA_Task-2.mat,A,Task-2,R,F4,40,0,-3.3127178,-6.6650543,0.77691459
VisualCogA_Task-2.mat,A,Task-2,R,F4,40,0.00390625,-3.4293528,-7.0581098,0.73157789
VisualCogA_Task-2.mat,A,Task-2,R,F4,40,0.0078125,-3.5739762,-7.3668525,0.78180354
VisualCogA_Task-2.mat,A,Task-2,R,F4,40,0.01171875,-3.7610112,-7.6756607,0.79850926
VisualCogA_Task-2.mat,A,Task-2,R,F4,40,0.015625,-3.9744087,-8.1316099,0.80892998
VisualCogA_Task-2.mat,A,Task-2,R,F4,40,0.01953125,-4.2379189,-8.5812525,0.66073635
VisualCogA_Task-2.mat,A,Task-2,R,F4,40,0.0234375,-4.5638595,-9.1165027,0.5841848
VisualCogA_Task-2.mat,A,Task-2,R,F4,40,0.02734375,-4.9261862,-9.6719864,0.43369412
VisualCogA_Task-2.mat,A,Task-2,R,F4,40,0.03125,-5.3352677,-10.247966,0.23401461
VisualCogA_Task-2.mat,A,Task-2,R,F4,40,0.03515625,-5.7943785,-10.811582,0.038182061
VisualCogA_Task-2.mat,A,Task-2,R,F4,40,0.0390625,-6.2687621,-11.461428,-0.21209838
VisualCogA_Task-2.mat,A,Task-2,R,F4,40,0.04296875,-6.7331065,-12.144473,-0.41034089
VisualCogA_Task-2.mat,A,Task-2,R,F4,40,0.046875,-7.1635063,-12.73447,-0.69156644
VisualCogA_Task-2.mat,A,Task-2,R,F4,40,0.05078125,-7.5674163,-13.265184,-1.0705801
VisualCogA_Task-2.mat,A,Task-2,R,F4,40,0.0546875,-7.9535426,-13.808706,-1.1694701
VisualCogA_Task-2.mat,A,Task-2,R,F4,40,0.05859375,-8.3710931,-14.231773,-1.3984744
VisualCogA_Task-2.mat,A,Task-2,R,F4,40,0.0625,-8.8186723,-14.744009,-1.5233749
VisualCogA_Task-2.mat,A,Task-2,R,F4,40,0.06640625,-9.2659745,-15.257524,-1.5593321
VisualCogA_Task-2.mat,A,Task-2,R,F4,40,0.0703125,-9.6997659,-15.857253,-1.6966313
VisualCogA_Task-2.mat,A,Task-2,R,F4,40,0.07421875,-10.082477,-16.410901,-1.8391905
VisualCogA_Task-2.mat,A,Task-2,R,F4,40,0.078125,-10.4168,-16.787352,-1.9952674
VisualCogA_Task-2.mat,A,Task-2,R,F4,40,0.08203125,-10.697457,-17.108262,-2.1234634
VisualCogA_Task-2.mat,A,Task-2,R,F4,40,0.0859375,-10.907846,-17.457121,-2.1604923
VisualCogA_Task-2.mat,A,Task-2,R,F4,40,0.08984375,-11.062291,-17.813628,-2.1489784
VisualCogA_Task-2.mat,A,Task-2,R,F4,40,0.09375,-11.191766,-17.985722,-2.0944592
VisualCogA_Task-2.mat,A,Task-2,R,F4,40,0.09765625,-11.274137,-18.242629,-2.054779
VisualCogA_Task-2.mat,A,Task-2,R,F4,40,0.1015625,-11.298911,-18.338723,-2.0486131
VisualCogA_Task-2.mat,A,Task-2,R,F4,40,0.10546875,-11.266775,-18.586497,-1.9262303
VisualCogA_Task-2.mat,A,Task-2,R,F4,40,0.109375,-11.20352,-18.744337,-1.6725077
VisualCogA_Task-2.mat,A,Task-2,R,F4,40,0.11328125,-11.126199,-19.001444,-1.4756426
VisualCogA_Task-2.mat,A,Task-2,R,F4,40,0.1171875,-11.058268,-19.033901,-1.2463567
VisualCogA_Task-2.mat,A,Task-2,R,F4,40,0.12109375,-11.018755,-19.00877,-1.0420136
VisualCogA_Task-2.mat,A,Task-2,R,F4,40,0.125,-11.024181,-19.337042,-0.93786894
VisualCogA_Task-2.mat,A,Task-2,R,F4,40,0.12890625,-11.061882,-19.714107,-0.75444262
VisualCogA_Task-2.mat,A,Task-2,R,F4,40,0.1328125,-11.117334,-20.100554,-0.68601671
VisualCogA_Task-2.mat,A,Task-2,R,F4,40,0.13671875,-11.188804,-20.41791,-0.62524577
VisualCogA_Task-2.mat,A,Task-2,R,F4,40,0.140625,-11.268767,-20.568474,-0.59928267
VisualCogA_Task-2.mat,A,Task-2,R,F4,40,0.14453125,-11.320193,-20.885503,-0.61456755
VisualCogA_Task-2.mat,A,Task-2,R,F4,40,0.1484375,-11.379707,-21.136923,-0.63208035
VisualCogA_Task-2.mat,A,Task-2,R,F4,40,0.15234375,-11.466825,-21.258617,-0.57110093
VisualCogA_Task-2.mat,A,Task-2,R,F4,40,0.15625,-11.584397,-21.506157,-0.35097077
VisualCogA_Task-2.mat,A,Task-2,R,F4,40,0.16015625,-11.785292,-22.209157,-0.30150537
VisualCogA_Task-2.mat,A,Task-2,R,F4,40,0.1640625,-12.093702,-22.815132,-0.22175424
VisualCogA_Task-2.mat,A,Task-2,R,F4,40,0.16796875,-12.489968,-23.572533,-0.28995335
VisualCogA_Task-2.mat,A,Task-2,R,F4,40,0.171875,-12.940939,-24.263743,-0.30196629
VisualCogA_Task-2.mat,A,Task-2,R,F4,40,0.17578125,-13.450247,-24.944065,-0.29302929
VisualCogA_Task-2.mat,A,Task-2,R,F4,40,0.1796875,-13.9544,-25.651746,-0.3963531
VisualCogA_Task-2.mat,A,Task-2,R,F4,40,0.18359375,-14.420521,-26.362927,-0.46560372
VisualCogA_Task-2.mat,A,Task-2,R,F4,40,0.1875,-14.81258,-27.098693,-0.58262796
VisualCogA_Task-2.mat,A,Task-2,R,F4,40,0.19140625,-15.147956,-27.615307,-0.72738204
VisualCogA_Task-2.mat,A,Task-2,R,F4,40,0.1953125,-15.433728,-28.099571,-0.66176876
VisualCogA_Task-2.mat,A,Task-2,R,F4,40,0.19921875,-15.668031,-28.546168,-0.52720452
VisualCogA_Task-2.mat,A,Task-2,R,F4,40,0.203125,-15.864031,-29.142645,-0.47125692
VisualCogA_Task-2.mat,A,Task-2,R,F4,40,0.20703125,-16.025271,-29.645054,-0.56486827
VisualCogA_Task-2.mat,A,Task-2,R,F4,40,0.2109375,-16.164116,-29.992676,-0.64377585
VisualCogA_Task-2.mat,A,Task-2,R,F4,40,0.21484375,-16.255048,-30.245754,-0.60515031
VisualCogA_Task-2.mat,A,Task-2,R,F4,40,0.21875,-16.299065,-30.42073,-0.52598256
VisualCogA_Task-2.mat,A,Task-2,R,F4,40,0.22265625,-16.318132,-30.509114,-0.43341922
VisualCogA_Task-2.mat,A,Task-2,R,F4,40,0.2265625,-16.319083,-30.643192,-0.34088637
VisualCogA_Task-2.mat,A,Task-2,R,F4,40,0.23046875,-16.2912,-30.729109,-0.42261264
VisualCogA_Task-2.mat,A,Task-2,R,F4,40,0.234375,-16.225053,-30.883268,-0.4810796
VisualCogA_Task-2.mat,A,Task-2,R,F4,40,0.23828125,-16.122686,-31.135444,-0.42232817
VisualCogA_Task-2.mat,A,Task-2,R,F4,40,0.2421875,-15.965398,-31.260025,-0.40768087
VisualCogA_Task-2.mat,A,Task-2,R,F4,40,0.24609375,-15.739718,-31.130919,-0.1894059
VisualCogA_Task-2.mat,A,Task-2,R,F4,40,0.25,-15.472859,-30.924955,0.1809165
VisualCogA_Task-2.mat,A,Task-2,R,F4,40,0.25390625,-15.17336,-30.789868,0.47347331
VisualCogA_Task-2.mat,A,Task-2,R,F4,40,0.2578125,-14.840805,-30.55602,0.64595025
VisualCogA_Task-2.mat,A,Task-2,R,F4,40,0.26171875,-14.469306,-30.279872,0.89297467
VisualCogA_Task-2.mat,A,Task-2,R,F4,40,0.265625,-14.125749,-30.073685,1.2019455
VisualCogA_Task-2.mat,A,Task-2,R,F4,40,0.26953125,-13.832565,-29.868916,1.5578622
VisualCogA_Task-2.mat,A,Task-2,R,F4,40,0.2734375,-13.57045,-29.839565,2.1210957
VisualCogA_Task-2.mat,A,Task-2,R,F4,40,0.27734375,-13.356764,-29.86331,2.5651397
VisualCogA_Task-2.mat,A,Task-2,R,F4,40,0.28125,-13.172048,-29.54929,2.8447489
VisualCogA_Task-2.mat,A,Task-2,R,F4,40,0.28515625,-12.961997,-29.186386,2.9083689
VisualCogA_Task-2.mat,A,Task-2,R,F4,40,0.2890625,-12.732898,-28.911225,3.1939648
VisualCogA_Task-2.mat,A,Task-2,R,F4,40,0.29296875,-12.502539,-28.771091,3.267597
VisualCogA_Task-2.mat,A,Task-2,R,F4,40,0.296875,-12.24536,-28.778064,3.7724542
VisualCogA_Task-2.mat,A,Task-2,R,F4,40,0.30078125,-11.964405,-28.752365,4.3720136
VisualCogA_Task-2.mat,A,Task-2,R,F4,40,0.3046875,-11.677932,-28.621996,4.9194896
VisualCogA_Task-2.mat,A,Task-2,R,F4,40,0.30859375,-11.40998,-28.429177,5.7118929
VisualCogA_Task-2.mat,A,Task-2,R,F4,40,0.3125,-11.149979,-28.239257,6.26181
VisualCogA_Task-2.mat,A,Task-2,R,F4,40,0.31640625,-10.931699,-28.242702,6.3417596
VisualCogA_Task-2.mat,A,Task-2,R,F4,40,0.3203125,-10.766605,-28.228038,6.4915036
VisualCogA_Task-2.mat,A,Task-2,R,F4,40,0.32421875,-10.675019,-28.154083,6.9339692
VisualCogA_Task-2.mat,A,Task-2,R,F4,40,0.328125,-10.666004,-28.161339,7.1678383
VisualCogA_Task-2.mat,A,Task-2,R,F4,40,0.33203125,-10.735717,-28.268961,7.3475516
VisualCogA_Task-2.mat,A,Task-2,R,F4,40,0.3359375,-10.869792,-28.601073,7.4680088
VisualCogA_Task-2.mat,A,Task-2,R,F4,40,0.33984375,-11.05219,-28.826465,7.5227439
VisualCogA_Task-2.mat,A,Task-2,R,F4,40,0.34375,-11.280889,-29.162078,7.5957783
VisualCogA_Task-2.mat,A,Task-2,R,F4,40,0.34765625,-11.546685,-29.612121,7.6287076
VisualCogA_Task-2.mat,A,Task-2,R,F4,40,0.3515625,-11.852764,-30.157779,7.6117821
VisualCogA_Task-2.mat,A,Task-2,R,F4,40,0.35546875,-12.217585,-30.631941,7.534768
VisualCogA_Task-2.mat,A,Task-2,R,F4,40,0.359375,-12.6167,-31.153199,7.2923321
VisualCogA_Task-2.mat,A,Task-2,R,F4,40,0.36328125,-13.073363,-31.718311,7.063985
VisualCogA_Task-2.mat,A,Task-2,R,F4,40,0.3671875,-13.560703,-32.357211,6.6360565
VisualCogA_Task-2.mat,A,Task-2,R,F4,40,0.37109375,-14.055259,-33.005733,6.2105167
VisualCogA_Task-2.mat,A,Task-2,R,F4,40,0.375,-14.570501,-33.66965,5.9303441
VisualCogA_Task-2.mat,A,Task-2,R,F4,40,0.37890625,-15.100982,-34.248186,5.5747661
VisualCogA_Task-2.mat,A,Task-2,R,F4,40,0.3828125,-15.683077,-34.790538,5.1060672
VisualCogA_Task-2.mat,A,Task-2,R,F4,40,0.38671875,-16.303812,-35.352998,4.747042
VisualCogA_Task-2.mat,A,Task-2,R,F4,40,0.390625,-16.950354,-36.016165,4.1247709
VisualCogA_Task-2.mat,A,Task-2,R,F4,40,0.39453125,-17.618741,-36.688094,3.2045528
VisualCogA_Task-2.mat,A,Task-2,R,F4,40,0.3984375,-18.305342,-37.433297,2.2036749
VisualCogA_Task-2.mat,A,Task-2,R,F4,40,0.40234375,-18.960414,-38.209888,1.4157917
VisualCogA_Task-2.mat,A,Task-2,R,F4,40,0.40625,-19.565348,-38.914241,0.72107719
VisualCogA_Task-2.mat,A,Task-2,R,F4,40,0.41015625,-20.076819,-39.5911,0.32443231
VisualCogA_Task-2.mat,A,Task-2,R,F4,40,0.4140625,-20.485946,-40.103177,-0.14523304
VisualCogA_Task-2.mat,A,Task-2,R,F4,40,0.41796875,-20.805108,-40.471091,-0.5530945
VisualCogA_Task-2.mat,A,Task-2,R,F4,40,0.421875,-21.053933,-40.713731,-0.80888447
VisualCogA_Task-2.mat,A,Task-2,R,F4,40,0.42578125,-21.225195,-40.921027,-1.0385508
VisualCogA_Task-2.mat,A,Task-2,R,F4,40,0.4296875,-21.355091,-41.047791,-1.1151311
VisualCogA_Task-2.mat,A,Task-2,R,F4,40,0.43359375,-21.495623,-41.004981,-1.1341216
VisualCogA_Task-2.mat,A,Task-2,R,F4,40,0.4375,-21.613847,-40.921971,-1.1895904
VisualCogA_Task-2.mat,A,Task-2,R,F4,40,0.44140625,-21.703773,-40.840693,-1.375242
VisualCogA_Task-2.mat,A,Task-2,R,F4,40,0.4453125,-21.755593,-40.710382,-1.5191676
VisualCogA_Task-2.mat,A,Task-2,R,F4,40,0.44921875,-21.771034,-40.576278,-1.8142336
VisualCogA_Task-2.mat,A,Task-2,R,F4,40,0.453125,-21.728506,-40.443945,-1.918978
VisualCogA_Task-2.mat,A,Task-2,R,F4,40,0.45703125,-21.657136,-40.447443,-1.9755628
VisualCogA_Task-2.mat,A,Task-2,R,F4,40,0.4609375,-21.563456,-40.362253,-2.0761265
VisualCogA_Task-2.mat,A,Task-2,R,F4,40,0.46484375,-21.420831,-40.053339,-1.9158581
VisualCogA_Task-2.mat,A,Task-2,R,F4,40,0.46875,-21.237477,-39.937547,-1.7368066
VisualCogA_Task-2.mat,A,Task-2,R,F4,40,0.47265625,-21.031299,-40.029964,-1.4444923
VisualCogA_Task-2.mat,A,Task-2,R,F4,40,0.4765625,-20.792721,-39.958154,-1.0759926
VisualCogA_Task-2.mat,A,Task-2,R,F4,40,0.48046875,-20.525634,-39.864354,-0.64239353
VisualCogA_Task-2.mat,A,Task-2,R,F4,40,0.484375,-20.21505,-39.590328,-0.19343118
VisualCogA_Task-2.mat,A,Task-2,R,F4,40,0.48828125,-19.862382,-39.323729,0.47683059
VisualCogA_Task-2.mat,A,Task-2,R,F4,40,0.4921875,-19.478343,-39.169181,1.1343078
VisualCogA_Task-2.mat,A,Task-2,R,F4,40,0.49609375,-19.035946,-39.026862,1.7333322
VisualCogA_Task-2.mat,A,Task-2,R,F4,40,0.5,-18.531557,-38.854202,2.1542089
VisualCogA_Task-2.mat,A,Task-2,R,F4,40,0.50390625,-17.932174,-38.404634,2.7288876
VisualCogA_Task-2.mat,A,Task-2,R,F4,40,0.5078125,-17.175009,-37.529747,3.4266773
VisualCogA_Task-2.mat,A,Task-2,R,F4,40,0.51171875,-16.250192,-36.270217,4.3112071
VisualCogA_Task-2.mat,A,Task-2,R,F4,40,0.515625,-15.119923,-35.188618,5.5633971
VisualCogA_Task-2.mat,A,Task-2,R,F4,40,0.51953125,-13.726272,-34.214771,7.2571827
VisualCogA_Task-2.mat,A,Task-2,R,F4,40,0.5234375,-12.009246,-32.602926,9.0010499
VisualCogA_Task-2.mat,A,Task-2,R,F4,40,0.52734375,-9.9833086,-30.791054,11.620302
VisualCogA_Task-2.mat,A,Task-2,R,F4,40,0.53125,-7.6972176,-29.034029,14.225498
VisualCogA_Task-2.mat,A,Task-2,R,F4,40,0.53515625,-5.1514864,-26.693084,17.236427
VisualCogA_Task-2.mat,A,Task-2,R,F4,40,0.5390625,-2.3748563,-23.700188,20.09795
VisualCogA_Task-2.mat,A,Task-2,R,F4,40,0.54296875,0.61530738,-21.209302,23.085777
VisualCogA_Task-2.mat,A,Task-2,R,F4,40,0.546875,3.8059964,-18.104015,26.668
VisualCogA_Task-2.mat,A,Task-2,R,F4,40,0.55078125,7.1466511,-14.894739,30.410968
VisualCogA_Task-2.mat,A,Task-2,R,F4,40,0.5546875,10.644583,-11.406477,34.137171
VisualCogA_Task-2.mat,A,Task-2,R,F4,40,0.55859375,14.265974,-8.2483814,37.851817
VisualCogA_Task-2.mat,A,Task-2,R,F4,40,0.5625,17.964392,-4.447525,41.628202
VisualCogA_Task-2.mat,A,Task-2,R,F4,40,0.56640625,21.694037,-1.1783019,45.712099
VisualCogA_Task-2.mat,A,Task-2,R,F4,40,0.5703125,25.407482,2.2332582,49.695381
VisualCogA_Task-2.mat,A,Task-2,R,F4,40,0.57421875,29.029505,5.4216455,53.894993
VisualCogA_Task-2.mat,A,Task-2,R,F4,40,0.578125,32.551089,9.0607398,57.922018
VisualCogA_Task-2.mat,A,Task-2,R,F4,40,0.58203125,35.94814,12.118298,61.815347
VisualCogA_Task-2.mat,A,Task-2,R,F4,40,0.5859375,39.188357,14.959995,64.919741
VisualCogA_Task-2.mat,A,Task-2,R,F4,40,0.58984375,42.252119,17.731753,68.1557
VisualCogA_Task-2.mat,A,Task-2,R,F4,40,0.59375,45.142293,20.566762,71.319041
VisualCogA_Task-2.mat,A,Task-2,R,F4,40,0.59765625,47.837633,23.092396,73.586279
VisualCogA_Task-2.mat,A,Task-2,R,F4,40,0.6015625,50.322296,25.486365,76.11555
VisualCogA_Task-2.mat,A,Task-2,R,F4,40,0.60546875,52.607512,27.373479,77.675133
VisualCogA_Task-2.mat,A,Task-2,R,F4,40,0.609375,54.668725,29.851288,79.244214
VisualCogA_Task-2.mat,A,Task-2,R,F4,40,0.61328125,56.519537,31.821548,80.581749
VisualCogA_Task-2.mat,A,Task-2,R,F4,40,0.6171875,58.168781,33.357296,81.588013
VisualCogA_Task-2.mat,A,Task-2,R,F4,40,0.62109375,59.6474,35.297893,82.897701
VisualCogA_Task-2.mat,A,Task-2,R,F4,40,0.625,61.022517,36.598369,84.095043
VisualCogA_Task-2.mat,A,Task-2,R,F4,40,0.62890625,62.292151,37.901018,86.196668
VisualCogA_Task-2.mat,A,Task-2,R,F4,40,0.6328125,63.537772,39.13049,88.017268
VisualCogA_Task-2.mat,A,Task-2,R,F4,40,0.63671875,64.782273,40.373576,89.741897
VisualCogA_Task-2.mat,A,Task-2,R,F4,40,0.640625,66.038643,42.093046,90.571797
VisualCogA_Task-2.mat,A,Task-2,R,F4,40,0.64453125,67.27076,44.072462,91.962096
VisualCogA_Task-2.mat,A,Task-2,R,F4,40,0.6484375,68.494817,45.221202,93.373491
VisualCogA_Task-2.mat,A,Task-2,R,F4,40,0.65234375,69.721944,46.569736,94.950758
VisualCogA_Task-2.mat,A,Task-2,R,F4,40,0.65625,70.928485,47.665357,96.4053
VisualCogA_Task-2.mat,A,Task-2,R,F4,40,0.66015625,72.118419,49.250207,97.719776
VisualCogA_Task-2.mat,A,Task-2,R,F4,40,0.6640625,73.29136,50.692598,98.749139
VisualCogA_Task-2.mat,A,Task-2,R,F4,40,0.66796875,74.434984,51.874523,99.72716
VisualCogA_Task-2.mat,A,Task-2,R,F4,40,0.671875,75.559519,53.122963,101.07587
VisualCogA_Task-2.mat,A,Task-2,R,F4,40,0.67578125,76.646575,54.202167,102.0453
VisualCogA_Task-2.mat,A,Task-2,R,F4,40,0.6796875,77.663734,54.995819,103.03243
VisualCogA_Task-2.mat,A,Task-2,R,F4,40,0.68359375,78.592566,55.852325,104.11995
VisualCogA_Task-2.mat,A,Task-2,R,F4,40,0.6875,79.417924,56.857769,104.77016
VisualCogA_Task-2.mat,A,Task-2,R,F4,40,0.69140625,80.121324,57.288258,105.26959
VisualCogA_Task-2.mat,A,Task-2,R,F4,40,0.6953125,80.675738,57.742883,105.59994
VisualCogA_Task-2.mat,A,Task-2,R,F4,40,0.69921875,81.133565,58.08075,105.77898
VisualCogA_Task-2.mat,A,Task-2,R,F4,40,0.703125,81.47448,58.365628,105.85064
VisualCogA_Task-2.mat,A,Task-2,R,F4,40,0.70703125,81.696923,58.373558,105.81633
VisualCogA_Task-2.mat,A,Task-2,R,F4,40,0.7109375,81.791133,58.190699,105.61744
VisualCogA_Task-2.mat,A,Task-2,R,F4,40,0.71484375,81.761515,57.983911,105.26672
VisualCogA_Task-2.mat,A,Task-2,R,F4,40,0.71875,81.646174,57.9045,105.3551
VisualCogA_Task-2.mat,A,Task-2,R,F4,40,0.72265625,81.482962,57.916356,105.23636
VisualCogA_Task-2.mat,A,Task-2,R,F4,40,0.7265625,81.288404,58.00355,104.80155
VisualCogA_Task-2.mat,A,Task-2,R,F4,40,0.73046875,81.11428,57.820377,104.96982
VisualCogA_Task-2.mat,A,Task-2,R,F4,40,0.734375,80.986347,57.873857,105.25365
VisualCogA_Task-2.mat,A,Task-2,R,F4,40,0.73828125,80.910638,57.480498,105.56356
VisualCogA_Task-2.mat,A,Task-2,R,F4,40,0.7421875,80.929876,57.373261,105.87097
VisualCogA_Task-2.mat,A,Task-2,R,F4,40,0.74609375,81.029684,57.759963,106.18522
VisualCogA_Task-2.mat,A,Task-2,R,F4,40,0.75,81.21677,58.527433,106.56015
VisualCogA_Task-2.mat,A,Task-2,R,F4,40,0.75390625,81.461902,59.349502,106.48569
VisualCogA_Task-2.mat,A,Task-2,R,F4,40,0.7578125,81.768417,59.579367,106.63256
VisualCogA_Task-2.mat,A,Task-2,R,F4,40,0.76171875,82.147963,59.880921,107.13346
VisualCogA_Task-2.mat,A,Task-2,R,F4,40,0.765625,82.593183,60.251348,107.92694
VisualCogA_Task-2.mat,A,Task-2,R,F4,40,0.76953125,83.0782,60.749929,108.78973
VisualCogA_Task-2.mat,A,Task-2,R,F4,40,0.7734375,83.608925,61.700034,109.52633
VisualCogA_Task-2.mat,A,Task-2,R,F4,40,0.77734375,84.187308,61.927822,110.19442
VisualCogA_Task-2.mat,A,Task-2,R,F4,40,0.78125,84.796154,61.653384,111.12892
VisualCogA_Task-2.mat,A,Task-2,R,F4,40,0.78515625,85.428764,61.85956,112.00393
VisualCogA_Task-2.mat,A,Task-2,R,F4,40,0.7890625,86.051151,62.102909,112.77635
VisualCogA_Task-2.mat,A,Task-2,R,F4,40,0.79296875,86.661266,62.457654,113.46112
VisualCogA_Task-2.mat,A,Task-2,R,F4,40,0.796875,87.226999,62.061554,114.40875
VisualCogA_Task-2.mat,A,Task-2,R,F4,40,0.80078125,87.707413,61.812986,115.34245
VisualCogA_Task-2.mat,A,Task-2,R,F4,40,0.8046875,88.057027,62.344211,115.83412
VisualCogA_Task-2.mat,A,Task-2,R,F4,40,0.80859375,88.245302,62.74808,115.6367
VisualCogA_Task-2.mat,A,Task-2,R,F4,40,0.8125,88.251883,62.808781,115.09996
VisualCogA_Task-2.mat,A,Task-2,R,F4,40,0.81640625,88.118807,62.752674,114.2998
VisualCogA_Task-2.mat,A,Task-2,R,F4,40,0.8203125,87.810978,62.706011,113.51036
VisualCogA_Task-2.mat,A,Task-2,R,F4,40,0.82421875,87.359848,62.324853,112.76845
VisualCogA_Task-2.mat,A,Task-2,R,F4,40,0.828125,86.786287,61.581014,112.21464
VisualCogA_Task-2.mat,A,Task-2,R,F4,40,0.83203125,86.123556,61.612477,111.71603
VisualCogA_Task-2.mat,A,Task-2,R,F4,40,0.8359375,85.382057,61.177587,110.83117
VisualCogA_Task-2.mat,A,Task-2,R,F4,40,0.83984375,84.552706,59.835338,109.70159
VisualCogA_Task-2.mat,A,Task-2,R,F4,40,0.84375,83.619892,58.786728,108.62709
VisualCogA_Task-2.mat,A,Task-2,R,F4,40,0.84765625,82.5879,57.803741,107.68686
VisualCogA_Task-2.mat,A,Task-2,R,F4,40,0.8515625,81.444414,56.80816,106.43364
VisualCogA_Task-2.mat,A,Task-2,R,F4,40,0.85546875,80.188073,55.256348,105.26015
VisualCogA_Task-2.mat,A,Task-2,R,F4,40,0.859375,78.850111,53.657354,103.82219
VisualCogA_Task-2.mat,A,Task-2,R,F4,40,0.86328125,77.436442,52.299639,102.13194
VisualCogA_Task-2.mat,A,Task-2,R,F4,40,0.8671875,75.970424,50.67058,100.81113
VisualCogA_Task-2.mat,A,Task-2,R,F4,40,0.87109375,74.47581,48.484741,99.545279
VisualCogA_Task-2.mat,A,Task-2,R,F4,40,0.875,72.994758,46.846074,98.339174
VisualCogA_Task-2.mat,A,Task-2,R,F4,40,0.87890625,71.530272,45.311624,97.186407
VisualCogA_Task-2.mat,A,Task-2,R,F4,40,0.8828125,70.068914,43.765885,95.90617
VisualCogA_Task-2.mat,A,Task-2,R,F4,40,0.88671875,68.599904,42.07825,94.826825
VisualCogA_Task-2.mat,A,Task-2,R,F4,40,0.890625,67.131846,40.459595,93.828344
VisualCogA_Task-2.mat,A,Task-2,R,F4,40,0.89453125,65.647159,38.726616,92.755426
VisualCogA_Task-2.mat,A,Task-2,R,F4,40,0.8984375,64.194146,36.846357,91.491377
VisualCogA_Task-2.mat,A,Task-2,R,F4,40,0.90234375,62.767335,35.244818,90.521228
VisualCogA_Task-2.mat,A,Task-2,R,F4,40,0.90625,61.368816,33.780255,89.22392
VisualCogA_Task-2.mat,A,Task-2,R,F4,40,0.91015625,60.015696,32.355079,87.744613
VisualCogA_Task-2.mat,A,Task-2,R,F4,40,0.9140625,58.677914,30.647468,86.542294
VisualCogA_Task-2.mat,A,Task-2,R,F4,40,0.91796875,57.376667,29.134227,85.285024
VisualCogA_Task-2.mat,A,Task-2,R,F4,40,0.921875,56.128779,27.949149,83.880889
VisualCogA_Task-2.mat,A,Task-2,R,F4,40,0.92578125,54.932329,26.960712,82.297639
VisualCogA_Task-2.mat,A,Task-2,R,F4,40,0.9296875,53.783771,26.141926,81.017686
VisualCogA_Task-2.mat,A,Task-2,R,F4,40,0.93359375,52.697522,25.327155,80.092064
VisualCogA_Task-2.mat,A,Task-2,R,F4,40,0.9375,51.667081,24.717566,79.233592
VisualCogA_Task-2.mat,A,Task-2,R,F4,40,0.94140625,50.689866,23.81789,77.789784
VisualCogA_Task-2.mat,A,Task-2,R,F4,40,0.9453125,49.723256,23.171219,76.729235
VisualCogA_Task-2.mat,A,Task-2,R,F4,40,0.94921875,48.759666,21.730488,76.182523
VisualCogA_Task-2.mat,A,Task-2,R,F4,40,0.953125,47.791509,21.050722,74.948688
VisualCogA_Task-2.mat,A,Task-2,R,F4,40,0.95703125,46.811199,19.573098,73.844038
VisualCogA_Task-2.mat,A,Task-2,R,F4,40,0.9609375,45.811152,17.991467,72.809374
VisualCogA_Task-2.mat,A,Task-2,R,F4,40,0.96484375,44.783779,16.911837,71.612428
VisualCogA_Task-2.mat,A,Task-2,R,F4,40,0.96875,43.721496,15.723562,70.347849
VisualCogA_Task-2.mat,A,Task-2,R,F4,40,0.97265625,42.616717,14.470421,69.15414
VisualCogA_Task-2.mat,A,Task-2,R,F4,40,0.9765625,41.461855,13.051896,67.70314
VisualCogA_Task-2.mat,A,Task-2,R,F4,40,0.98046875,40.249324,11.924568,66.069817
VisualCogA_Task-2.mat,A,Task-2,R,F4,40,0.984375,38.971539,11.421568,64.231293
VisualCogA_Task-2.mat,A,Task-2,R,F4,40,0.98828125,37.620913,10.627586,62.257447
VisualCogA_Task-2.mat,A,Task-2,R,F4,40,0.9921875,36.189861,9.0931605,60.316956
VisualCogA_Task-2.mat,A,Task-2,R,F4,40,0.99609375,34.670796,7.9558496,58.979397
VisualCogB_Task-1.mat,B,Task-1,L,Fz,43,-0.5,8.1985813,0.37257007,14.398992
VisualCogB_Task-1.mat,B,Task-1,L,Fz,43,-0.49609375,7.8523304,0.85458755,13.27159
VisualCogB_Task-1.mat,B,Task-1,L,Fz,43,-0.4921875,7.4925474,0.91017115,12.602
VisualCogB_Task-1.mat,B,Task-1,L,Fz,43,-0.48828125,7.1224992,0.93324149,12.125157
VisualCogB_Task-1.mat,B,Task-1,L,Fz,43,-0.484375,6.7454528,0.8093264,11.523914
VisualCogB_Task-1.mat,B,Task-1,L,Fz,43,-0.48046875,6.3646751,0.56330316,10.99431
VisualCogB_Task-1.mat,B,Task-1,L,Fz,43,-0.4765625,5.983433,0.35692966,10.590176
VisualCogB_Task-1.mat,B,Task-1,L,Fz,43,-0.47265625,5.6049935,0.15963729,10.266801
VisualCogB_Task-1.mat,B,Task-1,L,Fz,43,-0.46875,5.2326235,-0.065721464,9.8826598
VisualCogB_Task-1.mat,B,Task-1,L,Fz,43,-0.46484375,4.8695899,-0.30303335,9.5564899
VisualCogB_Task-1.mat,B,Task-1,L,Fz,43,-0.4609375,4.5191597,-0.55297501,9.2504963
VisualCogB_Task-1.mat,B,Task-1,L,Fz,43,-0.45703125,4.1845997,-0.78588716,8.994511
VisualCogB_Task-1.mat,B,Task-1,L,Fz,43,-0.453125,3.8691769,-1.0033999,8.770347
VisualCogB_Task-1.mat,B,Task-1,L,Fz,43,-0.44921875,3.5761583,-1.1770244,8.5761676
VisualCogB_Task-1.mat,B,Task-1,L,Fz,43,-0.4453125,3.3088107,-1.4309461,8.4611915
VisualCogB_Task-1.mat,B,Task-1,L,Fz,43,-0.44140625,3.0704011,-1.7537098,8.5281987
VisualCogB_Task-1.mat,B,Task-1,L,Fz,43,-0.4375,2.824076,-2.1748265,8.3704842
VisualCogB_Task-1.mat,B,Task-1,L,Fz,43,-0.43359375,2.6440751,-2.5438088,8.32495
VisualCogB_Task-1.mat,B,Task-1,L,Fz,43,-0.4296875,2.5256634,-2.7831091,8.1613691
VisualCogB_Task-1.mat,B,Task-1,L,Fz,43,-0.42578125,2.5016996,-2.9140172,8.2876578
VisualCogB_Task-1.mat,B,Task-1,L,Fz,43,-0.421875,2.5349599,-2.6928298,8.3388489
VisualCogB_Task-1.mat,B,Task-1,L,Fz,43,-0.41796875,2.629688,-2.227694,8.4913724
VisualCogB_Task-1.mat,B,Task-1,L,Fz,43,-0.4140625,2.7945176,-2.074832,8.775834
VisualCogB_Task-1.mat,B,Task-1,L,Fz,43,-0.41015625,2.9972243,-2.0500557,8.9758419
VisualCogB_Task-1.mat,B,Task-1,L,Fz,43,-0.40625,3.2179076,-2.1339811,9.125966
VisualCogB_Task-1.mat,B,Task-1,L,Fz,43,-0.40234375,3.441501,-1.8770679,9.3907722
VisualCogB_Task-1.mat,B,Task-1,L,Fz,43,-0.3984375,3.6486063,-1.4614908,9.4477337
VisualCogB_Task-1.mat,B,Task-1,L,Fz,43,-0.39453125,3.8262286,-1.1885789,9.4056348
VisualCogB_Task-1.mat,B,Task-1,L,Fz,43,-0.390625,3.9458991,-1.002277,9.3316115
VisualCogB_Task-1.mat,B,Task-1,L,Fz,43,-0.38671875,3.9692749,-0.90234515,9.2071938
VisualCogB_Task-1.mat,B,Task-1,L,Fz,43,-0.3828125,3.882305,-0.89168625,9.0239556
VisualCogB_Task-1.mat,B,Task-1,L,Fz,43,-0.37890625,3.7142146,-0.9936486,8.7123367
VisualCogB_Task-1.mat,B,Task-1,L,Fz,43,-0.375,3.5023176,-1.1221449,8.44729
VisualCogB_Task-1.mat,B,Task-1,L,Fz,43,-0.37109375,3.268379,-1.3998566,8.0961846
VisualCogB_Task-1.mat,B,Task-1,L,Fz,43,-0.3671875,3.033142,-1.7204448,7.7214908
VisualCogB_Task-1.mat,B,Task-1,L,Fz,43,-0.36328125,2.8153608,-1.8434609,7.3290224
VisualCogB_Task-1.mat,B,Task-1,L,Fz,43,-0.359375,2.6298632,-1.9227534,7.0557603
VisualCogB_Task-1.mat,B,Task-1,L,Fz,43,-0.35546875,2.4846269,-1.9840243,6.7886314
VisualCogB_Task-1.mat,B,Task-1,L,Fz,43,-0.3515625,2.3952046,-1.9274849,6.7314629
VisualCogB_Task-1.mat,B,Task-1,L,Fz,43,-0.34765625,2.3650278,-1.9515125,6.6811815
VisualCogB_Task-1.mat,B,Task-1,L,Fz,43,-0.34375,2.4153612,-1.8035836,6.7049598
VisualCogB_Task-1.mat,B,Task-1,L,Fz,43,-0.33984375,2.5402683,-1.5788902,6.7066111
VisualCogB_Task-1.mat,B,Task-1,L,Fz,43,-0.3359375,2.7298053,-1.3034379,6.7823592
VisualCogB_Task-1.mat,B,Task-1,L,Fz,43,-0.33203125,2.9696595,-1.0569731,7.1749525
VisualCogB_Task-1.mat,B,Task-1,L,Fz,43,-0.328125,3.2481505,-0.76698183,7.4975569
VisualCogB_Task-1.mat,B,Task-1,L,Fz,43,-0.32421875,3.520571,-0.61571983,7.8005754
VisualCogB_Task-1.mat,B,Task-1,L,Fz,43,-0.3203125,3.772438,-0.26935877,8.0628442
VisualCogB_Task-1.mat,B,Task-1,L,Fz,43,-0.31640625,4.0080794,0.056417501,8.2165589
VisualCogB_Task-1.mat,B,Task-1,L,Fz,43,-0.3125,4.2085803,0.29592179,8.3683662
VisualCogB_Task-1.mat,B,Task-1,L,Fz,43,-0.30859375,4.4052715,0.48985012,8.5759839
VisualCogB_Task-1.mat,B,Task-1,L,Fz,43,-0.3046875,4.6025367,0.75932148,8.7500543
VisualCogB_Task-1.mat,B,Task-1,L,Fz,43,-0.30078125,4.8277183,1.1007346,8.9566501
VisualCogB_Task-1.mat,B,Task-1,L,Fz,43,-0.296875,5.0812844,1.4718274,9.1534001
VisualCogB_Task-1.mat,B,Task-1,L,Fz,43,-0.29296875,5.3134041,1.7606223,9.3931107
VisualCogB_Task-1.mat,B,Task-1,L,Fz,43,-0.2890625,5.5047776,1.8757447,9.5851255
VisualCogB_Task-1.mat,B,Task-1,L,Fz,43,-0.28515625,5.6157674,1.9740023,9.693184
VisualCogB_Task-1.mat,B,Task-1,L,Fz,43,-0.28125,5.6228662,1.9627055,9.7128102
VisualCogB_Task-1.mat,B,Task-1,L,Fz,43,-0.27734375,5.5189463,1.9061272,9.585132
VisualCogB_Task-1.mat,B,Task-1,L,Fz,43,-0.2734375,5.317528,1.7330217,9.3777517
VisualCogB_Task-1.mat,B,Task-1,L,Fz,43,-0.26953125,5.0485015,1.5383908,9.1079331
VisualCogB_Task-1.mat,B,Task-1,L,Fz,43,-0.265625,4.7579091,1.4360045,8.7937813
VisualCogB_Task-1.mat,B,Task-1,L,Fz,43,-0.26171875,4.4877032,1.2564425,8.5684984
VisualCogB_Task-1.mat,B,Task-1,L,Fz,43,-0.2578125,4.2261789,1.0265857,8.2298449
VisualCogB_Task-1.mat,B,Task-1,L,Fz,43,-0.25390625,3.9604945,0.84942572,7.9420114
VisualCogB_Task-1.mat,B,Task-1,L,Fz,43,-0.25,3.6939762,0.61135181,7.6138574
VisualCogB_Task-1.mat,B,Task-1,L,Fz,43,-0.24609375,3.4200033,0.34703735,7.2866697
VisualCogB_Task-1.mat,B,Task-1,L,Fz,43,-0.2421875,3.1293954,0.13374457,6.8481362
VisualCogB_Task-1.mat,B,Task-1,L,Fz,43,-0.23828125,2.8231851,-0.18268958,6.477526
VisualCogB_Task-1.mat,B,Task-1,L,Fz,43,-0.234375,2.5299265,-0.44413805,6.1172739
VisualCogB_Task-1.mat,B,Task-1,L,Fz,43,-0.23046875,2.2677827,-0.67382796,5.8995365
VisualCogB_Task-1.mat,B,Task-1,L,Fz,43,-0.2265625,2.0653806,-0.80266999,5.7515241
VisualCogB_Task-1.mat,B,Task-1,L,Fz,43,-0.22265625,1.9271076,-1.0006938,5.7450641
VisualCogB_Task-1.mat,B,Task-1,L,Fz,43,-0.21875,1.8685178,-0.90502439,5.6435261
VisualCogB_Task-1.mat,B,Task-1,L,Fz,43,-0.21484375,1.874034,-0.91136764,5.4271217
VisualCogB_Task-1.mat,B,Task-1,L,Fz,43,-0.2109375,1.9125978,-0.89540789,5.1459813
VisualCogB_Task-1.mat,B,Task-1,L,Fz,43,-0.20703125,1.9560244,-0.76443236,5.1211613
VisualCogB_Task-1.mat,B,Task-1,L,Fz,43,-0.203125,1.9953255,-0.72128038,5.1013693
VisualCogB_Task-1.mat,B,Task-1,L,Fz,43,-0.19921875,2.0497784,-0.70636051,5.0278051
VisualCogB_Task-1.mat,B,Task-1,L,Fz,43,-0.1953125,2.1011188,-0.6095976,5.0356409
VisualCogB_Task-1.mat,B,Task-1,L,Fz,43,-0.19140625,2.1941815,-0.51812182,5.0823987
VisualCogB_Task-1.mat,B,Task-1,L,Fz,43,-0.1875,2.2976152,-0.38163442,5.1043289
VisualCogB_Task-1.mat,B,Task-1,L,Fz,43,-0.18359375,2.3868631,-0.2929286,5.1123763
VisualCogB_Task-1.mat,B,Task-1,L,Fz,43,-0.1796875,2.4409921,-0.14890478,5.0531452
VisualCogB_Task-1.mat,B,Task-1,L,Fz,43,-0.17578125,2.4321698,-0.052309836,4.9748669
VisualCogB_Task-1.mat,B,Task-1,L,Fz,43,-0.171875,2.3504333,-0.049185919,4.8010159
VisualCogB_Task-1.mat,B,Task-1,L,Fz,43,-0.16796875,2.2043807,-0.10076193,4.5521405
VisualCogB_Task-1.mat,B,Task-1,L,Fz,43,-0.1640625,2.0110645,-0.25280273,4.3405741
VisualCogB_Task-1.mat,B,Task-1,L,Fz,43,-0.16015625,1.7819291,-0.47213257,4.0404604
VisualCogB_Task-1.mat,B,Task-1,L,Fz,43,-0.15625,1.5324774,-0.79104803,3.7595758
VisualCogB_Task-1.mat,B,Task-1,L,Fz,43,-0.15234375,1.2645875,-0.9679142,3.3055713
VisualCogB_Task-1.mat,B,Task-1,L,Fz,43,-0.1484375,0.96471664,-1.0791987,2.8042645
VisualCogB_Task-1.mat,B,Task-1,L,Fz,43,-0.14453125,0.65549696,-1.4021439,2.2966763
VisualCogB_Task-1.mat,B,Task-1,L,Fz,43,-0.140625,0.32009122,-1.5512105,1.9865004
VisualCogB_Task-1.mat,B,Task-1,L,Fz,43,-0.13671875,-0.012080505,-1.8257731,1.7113272
VisualCogB_Task-1.mat,B,Task-1,L,Fz,43,-0.1328125,-0.31215954,-2.0868578,1.3247257
VisualCogB_Task-1.mat,B,Task-1,L,Fz,43,-0.12890625,-0.5586452,-2.2877363,1.0368666
VisualCogB_Task-1.mat,B,Task-1,L,Fz,43,-0.125,-0.74648858,-2.5210512,0.7989692
VisualCogB_Task-1.mat,B,Task-1,L,Fz,43,-0.12109375,-0.85065806,-2.495219,0.69029069
VisualCogB_Task-1.mat,B,Task-1,L,Fz,43,-0.1171875,-0.89110479,-2.4800633,0.59553188
VisualCogB_Task-1.mat,B,Task-1,L,Fz,43,-0.11328125,-0.88399252,-2.467837,0.61160434
VisualCogB_Task-1.mat,B,Task-1,L,Fz,43,-0.109375,-0.85367469,-2.4537728,0.58557892
VisualCogB_Task-1.mat,B,Task-1,L,Fz,43,-0.10546875,-0.81304497,-2.3997794,0.54540383
VisualCogB_Task-1.mat,B,Task-1,L,Fz,43,-0.1015625,-0.75673215,-2.2784791,0.600798
VisualCogB_Task-1.mat,B,Task-1,L,Fz,43,-0.09765625,-0.68964174,-2.2749926,0.80140199
VisualCogB_Task-1.mat,B,Task-1,L,Fz,43,-0.09375,-0.60352689,-2.2675346,0.96654883
VisualCogB_Task-1.mat,B,Task-1,L,Fz,43,-0.08984375,-0.50308682,-2.200681,1.12279
VisualCogB_Task-1.mat,B,Task-1,L,Fz,43,-0.0859375,-0.38054405,-2.0456945,1.3892678
VisualCogB_Task-1.mat,B,Task-1,L,Fz,43,-0.08203125,-0.23219401,-1.9669308,1.5935396
VisualCogB_Task-1.mat,B,Task-1,L,Fz,43,-0.078125,-0.091899614,-1.9788727,1.8207904
VisualCogB_Task-1.mat,B,Task-1,L,Fz,43,-0.07421875,0.04892654,-1.8802237,1.9900405
VisualCogB_Task-1.mat,B,Task-1,L,Fz,43,-0.0703125,0.12430709,-1.8970558,2.1751175
VisualCogB_Task-1.mat,B,Task-1,L,Fz,43,-0.06640625,0.13286705,-2.0203008,2.3054051
VisualCogB_Task-1.mat,B,Task-1,L,Fz,43,-0.0625,0.072477744,-2.0613808,2.2997089
VisualCogB_Task-1.mat,B,Task-1,L,Fz,43,-0.05859375,-0.042871272,-2.2769868,2.2603602
VisualCogB_Task-1.mat,B,Task-1,L,Fz,43,-0.0546875,-0.21073874,-2.4546964,2.2342724
VisualCogB_Task-1.mat,B,Task-1,L,Fz,43,-0.05078125,-0.42266592,-2.7097618,2.0553639
VisualCogB_Task-1.mat,B,Task-1,L,Fz,43,-0.046875,-0.67121124,-3.0713896,1.8220323
VisualCogB_Task-1.mat,B,Task-1,L,Fz,43,-0.04296875,-0.96054903,-3.2951796,1.4773252
VisualCogB_Task-1.mat,B,Task-1,L,Fz,43,-0.0390625,-1.2655434,-3.6595749,1.2072418
VisualCogB_Task-1.mat,B,Task-1,L,Fz,43,-0.03515625,-1.5743891,-3.9745007,0.90137109
VisualCogB_Task-1.mat,B,Task-1,L,Fz,43,-0.03125,-1.8729225,-4.2472282,0.56305606
VisualCogB_Task-1.mat,B,Task-1,L,Fz,43,-0.02734375,-2.0928835,-4.4653478,0.27622783
VisualCogB_Task-1.mat,B,Task-1,L,Fz,43,-0.0234375,-2.2186137,-4.5992664,0.20466905
VisualCogB_Task-1.mat,B,Task-1,L,Fz,43,-0.01953125,-2.2362318,-4.6413393,0.19334505
VisualCogB_Task-1.mat,B,Task-1,L,Fz,43,-0.015625,-2.1809997,-4.5857009,0.23146666
VisualCogB_Task-1.mat,B,Task-1,L,Fz,43,-0.01171875,-2.0851307,-4.5648936,0.31290044
VisualCogB_Task-1.mat,B,Task-1,L,Fz,43,-0.0078125,-1.9918803,-4.4862985,0.48107158
VisualCogB_Task-1.mat,B,Task-1,L,Fz,43,-0.00390625,-1.8802208,-4.4055511,0.5833796
VisualCogB_Task-1.mat,B,Task-1,L,Fz,43,0,-1.7882555,-4.3554384,0.73327991
VisualCogB_Task-1.mat,B,Task-1,L,Fz,43,0.00390625,-1.7310083,-4.2351676,0.95227272
VisualCogB_Task-1.mat,B,Task-1,L,Fz,43,0.0078125,-1.678365,-4.3842282,1.0640115
VisualCogB_Task-1.mat,B,Task-1,L,Fz,43,0.01171875,-1.6286371,-4.3477513,1.2321247
VisualCogB_Task-1.mat,B,Task-1,L,Fz,43,0.015625,-1.5513798,-4.5379545,1.5076402
VisualCogB_Task-1.mat,B,Task-1,L,Fz,43,0.01953125,-1.451754,-4.7250215,1.7967324
VisualCogB_Task-1.mat,B,Task-1,L,Fz,43,0.0234375,-1.3163307,-4.8454826,2.1420306
VisualCogB_Task-1.mat,B,Task-1,L,Fz,43,0.02734375,-1.1448105,-4.8911965,2.4427251
VisualCogB_Task-1.mat,B,Task-1,L,Fz,43,0.03125,-0.94505549,-4.9642334,2.7520563
VisualCogB_Task-1.mat,B,Task-1,L,Fz,43,0.03515625,-0.75335863,-4.968042,3.0394298
VisualCogB_Task-1.mat,B,Task-1,L,Fz,43,0.0390625,-0.5966179,-4.9086513,3.2213593
VisualCogB_Task-1.mat,B,Task-1,L,Fz,43,0.04296875,-0.50166499,-4.9316155,3.3497503
VisualCogB_Task-1.mat,B,Task-1,L,Fz,43,0.046875,-0.50200468,-4.9410489,3.2787909
VisualCogB_Task-1.mat,B,Task-1,L,Fz,43,0.05078125,-0.5824315,-5.0601717,3.187868
VisualCogB_Task-1.mat,B,Task-1,L,Fz,43,0.0546875,-0.71271969,-5.2130814,3.0447589
VisualCogB_Task-1.mat,B,Task-1,L,Fz,43,0.05859375,-0.88676998,-5.5135739,2.798919
VisualCogB_Task-1.mat,B,Task-1,L,Fz,43,0.0625,-1.1126474,-5.6578917,2.4909086
VisualCogB_Task-1.mat,B,Task-1,L,Fz,43,0.06640625,-1.3543687,-5.7860521,2.0986724
VisualCogB_Task-1.mat,B,Task-1,L,Fz,43,0.0703125,-1.5944835,-5.8016826,1.7719633
VisualCogB_Task-1.mat,B,Task-1,L,Fz,43,0.07421875,-1.8229116,-5.8914243,1.493462
VisualCogB_Task-1.mat,B,Task-1,L,Fz,43,0.078125,-2.0130266,-5.9046438,1.2177049
VisualCogB_Task-1.mat,B,Task-1,L,Fz,43,0.08203125,-2.1782854,-5.9117536,0.9671765
VisualCogB_Task-1.mat,B,Task-1,L,Fz,43,0.0859375,-2.3333259,-6.0992668,0.89113146
VisualCogB_Task-1.mat,B,Task-1,L,Fz,43,0.08984375,-2.4630369,-6.2074947,0.8480215
VisualCogB_Task-1.mat,B,Task-1,L,Fz,43,0.09375,-2.6037778,-6.2327444,0.75956942
VisualCogB_Task-1.mat,B,Task-1,L,Fz,43,0.09765625,-2.7567528,-6.4046152,0.68637056
VisualCogB_Task-1.mat,B,Task-1,L,Fz,43,0.1015625,-2.9232528,-6.5967322,0.53320148
VisualCogB_Task-1.mat,B,Task-1,L,Fz,43,0.10546875,-3.0733347,-6.6572329,0.39684528
VisualCogB_Task-1.mat,B,Task-1,L,Fz,43,0.109375,-3.1804628,-6.8086862,0.37633504
VisualCogB_Task-1.mat,B,Task-1,L,Fz,43,0.11328125,-3.2267454,-6.9929325,0.37265934
VisualCogB_Task-1.mat,B,Task-1,L,Fz,43,0.1171875,-3.2529043,-7.1194427,0.39321651
VisualCogB_Task-1.mat,B,Task-1,L,Fz,43,0.12109375,-3.2760339,-7.136611,0.36872577
VisualCogB_Task-1.mat,B,Task-1,L,Fz,43,0.125,-3.2605728,-7.1860635,0.3865577
VisualCogB_Task-1.mat,B,Task-1,L,Fz,43,0.12890625,-3.2156811,-7.2721122,0.47624736
VisualCogB_Task-1.mat,B,Task-1,L,Fz,43,0.1328125,-3.1347414,-7.3439514,0.508284
VisualCogB_Task-1.mat,B,Task-1,L,Fz,43,0.13671875,-3.0266436,-7.3678504,0.59182391
VisualCogB_Task-1.mat,B,Task-1,L,Fz,43,0.140625,-2.9002772,-7.4282073,0.74626527
VisualCogB_Task-1.mat,B,Task-1,L,Fz,43,0.14453125,-2.7550063,-7.4165725,0.94496394
VisualCogB_Task-1.mat,B,Task-1,L,Fz,43,0.1484375,-2.6111047,-7.2711492,1.2287228
VisualCogB_Task-1.mat,B,Task-1,L,Fz,43,0.15234375,-2.498172,-7.3927193,1.5204278
VisualCogB_Task-1.mat,B,Task-1,L,Fz,43,0.15625,-2.4239427,-7.4777597,1.7932428
VisualCogB_Task-1.mat,B,Task-1,L,Fz,43,0.16015625,-2.3874836,-7.6070146,2.052324
VisualCogB_Task-1.mat,B,Task-1,L,Fz,43,0.1640625,-2.3703692,-7.608145,2.2071426
VisualCogB_Task-1.mat,B,Task-1,L,Fz,43,0.16796875,-2.3658506,-7.5563137,2.2787352
VisualCogB_Task-1.mat,B,Task-1,L,Fz,43,0.171875,-2.353322,-7.5610705,2.4020522
VisualCogB_Task-1.mat,B,Task-1,L,Fz,43,0.17578125,-2.3412957,-7.629086,2.4763622
VisualCogB_Task-1.mat,B,Task-1,L,Fz,43,0.1796875,-2.3182723,-7.6106048,2.4787425
VisualCogB_Task-1.mat,B,Task-1,L,Fz,43,0.18359375,-2.2851479,-7.5212499,2.4243077
VisualCogB_Task-1.mat,B,Task-1,L,Fz,43,0.1875,-2.2319286,-7.4469903,2.439381
VisualCogB_Task-1.mat,B,Task-1,L,Fz,43,0.19140625,-2.1768837,-7.3159543,2.5885308
VisualCogB_Task-1.mat,B,Task-1,L,Fz,43,0.1953125,-2.121129,-7.3330549,2.7217597
VisualCogB_Task-1.mat,B,Task-1,L,Fz,43,0.19921875,-2.1062468,-7.3082346,2.8845506
VisualCogB_Task-1.mat,B,Task-1,L,Fz,43,0.203125,-2.1414796,-7.1921949,2.9319955
VisualCogB_Task-1.mat,B,Task-1,L,Fz,43,0.20703125,-2.1994179,-7.2783942,3.0088664
VisualCogB_Task-1.mat,B,Task-1,L,Fz,43,0.2109375,-2.2852605,-7.4001531,3.1026997
VisualCogB_Task-1.mat,B,Task-1,L,Fz,43,0.21484375,-2.3623183,-7.5911326,3.1565342
VisualCogB_Task-1.mat,B,Task-1,L,Fz,43,0.21875,-2.4403161,-7.7909095,3.2345199
VisualCogB_Task-1.mat,B,Task-1,L,Fz,43,0.22265625,-2.511057,-8.0229686,3.2978544
VisualCogB_Task-1.mat,B,Task-1,L,Fz,43,0.2265625,-2.5602198,-8.2508599,3.4449719
VisualCogB_Task-1.mat,B,Task-1,L,Fz,43,0.23046875,-2.5846017,-8.2678723,3.6280601
VisualCogB_Task-1.mat,B,Task-1,L,Fz,43,0.234375,-2.5807374,-8.441391,3.8909106
VisualCogB_Task-1.mat,B,Task-1,L,Fz,43,0.23828125,-2.5277885,-8.7175384,4.0956831
VisualCogB_Task-1.mat,B,Task-1,L,Fz,43,0.2421875,-2.4073136,-8.8151719,4.2852895
VisualCogB_Task-1.mat,B,Task-1,L,Fz,43,0.24609375,-2.257066,-8.7538644,4.4664377
VisualCogB_Task-1.mat,B,Task-1,L,Fz,43,0.25,-2.0770859,-8.622098,4.6657463
VisualCogB_Task-1.mat,B,Task-1,L,Fz,43,0.25390625,-1.8729651,-8.6441589,4.88054
VisualCogB_Task-1.mat,B,Task-1,L,Fz,43,0.2578125,-1.6173756,-8.45584,5.2436353
VisualCogB_Task-1.mat,B,Task-1,L,Fz,43,0.26171875,-1.2871221,-7.9927245,5.5111438
VisualCogB_Task-1.mat,B,Task-1,L,Fz,43,0.265625,-0.87663401,-7.4568277,5.9095481
VisualCogB_Task-1.mat,B,Task-1,L,Fz,43,0.26953125,-0.40838537,-6.9758722,6.3090206
VisualCogB_Task-1.mat,B,Task-1,L,Fz,43,0.2734375,0.11069192,-6.3337163,6.8218903
VisualCogB_Task-1.mat,B,Task-1,L,Fz,43,0.27734375,0.63631149,-5.5764496,7.3314194
VisualCogB_Task-1.mat,B,Task-1,L,Fz,43,0.28125,1.1584589,-4.8473664,7.8414934
VisualCogB_Task-1.mat,B,Task-1,L,Fz,43,0.28515625,1.6541691,-4.0878254,8.3345244
VisualCogB_Task-1.mat,B,Task-1,L,Fz,43,0.2890625,2.145444,-3.507042,8.6823028
VisualCogB_Task-1.mat,B,Task-1,L,Fz,43,0.29296875,2.6341258,-3.0182486,9.0615984
VisualCogB_Task-1.mat,B,Task-1,L,Fz,43,0.296875,3.143606,-2.3698463,9.4766259
VisualCogB_Task-1.mat,B,Task-1,L,Fz,43,0.30078125,3.7035548,-1.7761639,9.7832466
VisualCogB_Task-1.mat,B,Task-1,L,Fz,43,0.3046875,4.3122494,-1.0196045,10.356972
VisualCogB_Task-1.mat,B,Task-1,L,Fz,43,0.30859375,4.8986192,-0.33340903,10.727022
VisualCogB_Task-1.mat,B,Task-1,L,Fz,43,0.3125,5.4734446,0.17197691,11.269629
VisualCogB_Task-1.mat,B,Task-1,L,Fz,43,0.31640625,5.9870592,0.70855979,11.776288
VisualCogB_Task-1.mat,B,Task-1,L,Fz,43,0.3203125,6.4367889,1.1886318,12.249006
VisualCogB_Task-1.mat,B,Task-1,L,Fz,43,0.32421875,6.8322298,1.4197259,12.76234
VisualCogB_Task-1.mat,B,Task-1,L,Fz,43,0.328125,7.1668711,1.5193269,13.165197
VisualCogB_Task-1.mat,B,Task-1,L,Fz,43,0.33203125,7.4446357,1.5236342,13.47107
VisualCogB_Task-1.mat,B,Task-1,L,Fz,43,0.3359375,7.6502382,1.5459506,13.800469
VisualCogB_Task-1.mat,B,Task-1,L,Fz,43,0.33984375,7.7714877,1.5313809,14.016767
VisualCogB_Task-1.mat,B,Task-1,L,Fz,43,0.34375,7.8128562,1.5192449,14.157849
VisualCogB_Task-1.mat,B,Task-1,L,Fz,43,0.34765625,7.7544363,1.4325151,14.13163
VisualCogB_Task-1.mat,B,Task-1,L,Fz,43,0.3515625,7.6025042,1.4094669,14.079589
VisualCogB_Task-1.mat,B,Task-1,L,Fz,43,0.35546875,7.3784437,1.1368942,14.000772
VisualCogB_Task-1.mat,B,Task-1,L,Fz,43,0.359375,7.0891083,0.63559027,13.747544
VisualCogB_Task-1.mat,B,Task-1,L,Fz,43,0.36328125,6.756547,0.42533282,13.473815
VisualCogB_Task-1.mat,B,Task-1,L,Fz,43,0.3671875,6.4239483,0.2000053,13.052304
VisualCogB_Task-1.mat,B,Task-1,L,Fz,43,0.37109375,6.095054,-0.24770271,12.78489
VisualCogB_Task-1.mat,B,Task-1,L,Fz,43,0.375,5.7811321,-0.5054248,12.495962
VisualCogB_Task-1.mat,B,Task-1,L,Fz,43,0.37890625,5.4562761,-0.70481195,12.146341
VisualCogB_Task-1.mat,B,Task-1,L,Fz,43,0.3828125,5.1002128,-1.0482869,11.673733
VisualCogB_Task-1.mat,B,Task-1,L,Fz,43,0.38671875,4.6825919,-1.5227964,11.290184
VisualCogB_Task-1.mat,B,Task-1,L,Fz,43,0.390625,4.1870356,-2.0359096,10.83018
VisualCogB_Task-1.mat,B,Task-1,L,Fz,43,0.39453125,3.6232318,-2.5887569,10.196521
VisualCogB_Task-1.mat,B,Task-1,L,Fz,43,0.3984375,3.0172682,-3.3115553,9.6547957
VisualCogB_Task-1.mat,B,Task-1,L,Fz,43,0.40234375,2.3910449,-4.1434705,8.9185733
VisualCogB_Task-1.mat,B,Task-1,L,Fz,43,0.40625,1.7969423,-4.8111617,8.3161498
VisualCogB_Task-1.mat,B,Task-1,L,Fz,43,0.41015625,1.2714572,-5.5516285,7.8718261
VisualCogB_Task-1.mat,B,Task-1,L,Fz,43,0.4140625,0.80649565,-5.9884773,7.4708551
VisualCogB_Task-1.mat,B,Task-1,L,Fz,43,0.41796875,0.40843389,-6.2650424,7.1034671
VisualCogB_Task-1.mat,B,Task-1,L,Fz,43,0.421875,0.040728496,-6.7221139,6.8209244
VisualCogB_Task-1.mat,B,Task-1,L,Fz,43,0.42578125,-0.34507553,-7.0717534,6.7097023
VisualCogB_Task-1.mat,B,Task-1,L,Fz,43,0.4296875,-0.73480856,-7.3046112,6.5850199
VisualCogB_Task-1.mat,B,Task-1,L,Fz,43,0.43359375,-1.1336727,-7.6832074,6.4325356
VisualCogB_Task-1.mat,B,Task-1,L,Fz,43,0.4375,-1.4911739,-7.9979945,6.3076065
VisualCogB_Task-1.mat,B,Task-1,L,Fz,43,0.44140625,-1.7981941,-8.2515041,6.1205681
VisualCogB_Task-1.mat,B,Task-1,L,Fz,43,0.4453125,-2.015972,-8.5830026,6.0464988
VisualCogB_Task-1.mat,B,Task-1,L,Fz,43,0.44921875,-2.1408641,-8.7425761,6.0175123
VisualCogB_Task-1.mat,B,Task-1,L,Fz,43,0.453125,-2.2083625,-8.7180486,5.9569008
VisualCogB_Task-1.mat,B,Task-1,L,Fz,43,0.45703125,-2.2217442,-8.4716844,5.8524365
VisualCogB_Task-1.mat,B,Task-1,L,Fz,43,0.4609375,-2.1529413,-8.1089647,5.6819904
VisualCogB_Task-1.mat,B,Task-1,L,Fz,43,0.46484375,-2.021217,-7.7277964,5.9307815
VisualCogB_Task-1.mat,B,Task-1,L,Fz,43,0.46875,-1.7989692,-7.413065,6.2867412
VisualCogB_Task-1.mat,B,Task-1,L,Fz,43,0.47265625,-1.4530175,-7.0196505,6.6533971
VisualCogB_Task-1.mat,B,Task-1,L,Fz,43,0.4765625,-0.97710829,-6.5903604,7.0570203
VisualCogB_Task-1.mat,B,Task-1,L,Fz,43,0.48046875,-0.3942104,-6.011261,7.6226765
VisualCogB_Task-1.mat,B,Task-1,L,Fz,43,0.484375,0.26681814,-5.2733846,8.2057622
VisualCogB_Task-1.mat,B,Task-1,L,Fz,43,0.48828125,1.0015124,-4.5670911,9.0830044
VisualCogB_Task-1.mat,B,Task-1,L,Fz,43,0.4921875,1.7286948,-3.8990453,9.8550196
VisualCogB_Task-1.mat,B,Task-1,L,Fz,43,0.49609375,2.4373617,-3.4286519,10.533232
VisualCogB_Task-1.mat,B,Task-1,L,Fz,43,0.5,3.0742931,-3.0639466,11.570381
VisualCogB_Task-1.mat,B,Task-1,L,Fz,43,0.50390625,3.7112385,-2.7945721,12.536561
VisualCogB_Task-1.mat,B,Task-1,L,Fz,43,0.5078125,4.3080819,-2.5857491,13.414165
VisualCogB_Task-1.mat,B,Task-1,L,Fz,43,0.51171875,4.8863846,-2.3394069,14.560827
VisualCogB_Task-1.mat,B,Task-1,L,Fz,43,0.515625,5.4577697,-1.9677392,15.687902
VisualCogB_Task-1.mat,B,Task-1,L,Fz,43,0.51953125,6.0577356,-1.5761687,16.78678
VisualCogB_Task-1.mat,B,Task-1,L,Fz,43,0.5234375,6.6609662,-1.2136084,17.849635
VisualCogB_Task-1.mat,B,Task-1,L,Fz,43,0.52734375,7.2251919,-1.0584474,18.949639
VisualCogB_Task-1.mat,B,Task-1,L,Fz,43,0.53125,7.7085684,-1.130147,19.928445
VisualCogB_Task-1.mat,B,Task-1,L,Fz,43,0.53515625,8.1065943,-1.0808665,20.778245
VisualCogB_Task-1.mat,B,Task-1,L,Fz,43,0.5390625,8.4194167,-1.0906333,21.227879
VisualCogB_Task-1.mat,B,Task-1,L,Fz,43,0.54296875,8.6314457,-1.194008,21.404618
VisualCogB_Task-1.mat,B,Task-1,L,Fz,43,0.546875,8.7842315,-1.3147221,21.570321
VisualCogB_Task-1.mat,B,Task-1,L,Fz,43,0.55078125,8.9399324,-1.2633879,21.853628
VisualCogB_Task-1.mat,B,Task-1,L,Fz,43,0.5546875,9.1304705,-1.1006582,21.956682
VisualCogB_Task-1.mat,B,Task-1,L,Fz,43,0.55859375,9.3604482,-0.77218246,22.393726
VisualCogB_Task-1.mat,B,Task-1,L,Fz,43,0.5625,9.660315,-0.4123063,23.292367
VisualCogB_Task-1.mat,B,Task-1,L,Fz,43,0.56640625,9.9624564,-0.086269492,24.114644
VisualCogB_Task-1.mat,B,Task-1,L,Fz,43,0.5703125,10.281925,0.057797468,24.697007
VisualCogB_Task-1.mat,B,Task-1,L,Fz,43,0.57421875,10.649683,0.30171875,24.976667
VisualCogB_Task-1.mat,B,Task-1,L,Fz,43,0.578125,11.081876,0.41179567,25.82592
VisualCogB_Task-1.mat,B,Task-1,L,Fz,43,0.58203125,11.527112,0.51721367,26.504298
VisualCogB_Task-1.mat,B,Task-1,L,Fz,43,0.5859375,11.988427,0.74630846,26.797239
VisualCogB_Task-1.mat,B,Task-1,L,Fz,43,0.58984375,12.478421,1.1329416,27.613385
VisualCogB_Task-1.mat,B,Task-1,L,Fz,43,0.59375,12.996266,1.0830329,28.117535
VisualCogB_Task-1.mat,B,Task-1,L,Fz,43,0.59765625,13.545437,1.212164,28.476623
VisualCogB_Task-1.mat,B,Task-1,L,Fz,43,0.6015625,14.099522,1.3553413,28.735082
VisualCogB_Task-1.mat,B,Task-1,L,Fz,43,0.60546875,14.726356,1.6609281,29.130132
VisualCogB_Task-1.mat,B,Task-1,L,Fz,43,0.609375,15.385663,1.9488005,29.9569
VisualCogB_Task-1.mat,B,Task-1,L,Fz,43,0.61328125,16.118808,2.2449059,31.089333
VisualCogB_Task-1.mat,B,Task-1,L,Fz,43,0.6171875,16.920195,3.0327246,32.724868
VisualCogB_Task-1.mat,B,Task-1,L,Fz,43,0.62109375,17.819005,3.5752371,34.181528
VisualCogB_Task-1.mat,B,Task-1,L,Fz,43,0.625,18.747739,4.5836019,35.252088
VisualCogB_Task-1.mat,B,Task-1,L,Fz,43,0.62890625,19.730617,5.7388291,36.037533
VisualCogB_Task-1.mat,B,Task-1,L,Fz,43,0.6328125,20.74704,6.4246573,37.220012
VisualCogB_Task-1.mat,B,Task-1,L,Fz,43,0.63671875,21.76986,7.0261939,38.707686
VisualCogB_Task-1.mat,B,Task-1,L,Fz,43,0.640625,22.749719,8.0845746,39.927556
VisualCogB_Task-1.mat,B,Task-1,L,Fz,43,0.64453125,23.696513,8.9403577,40.240183
VisualCogB_Task-1.mat,B,Task-1,L,Fz,43,0.6484375,24.634901,10.452741,41.312603
VisualCogB_Task-1.mat,B,Task-1,L,Fz,43,0.65234375,25.556486,11.405268,42.156696
VisualCogB_Task-1.mat,B,Task-1,L,Fz,43,0.65625,26.462644,11.840253,42.622575
VisualCogB_Task-1.mat,B,Task-1,L,Fz,43,0.66015625,27.327684,12.879728,43.222777
VisualCogB_Task-1.mat,B,Task-1,L,Fz,43,0.6640625,28.12853,13.462688,43.582958
VisualCogB_Task-1.mat,B,Task-1,L,Fz,43,0.66796875,28.861823,14.099849,44.343147
VisualCogB_Task-1.mat,B,Task-1,L,Fz,43,0.671875,29.495321,14.929547,45.412962
VisualCogB_Task-1.mat,B,Task-1,L,Fz,43,0.67578125,30.014901,15.376131,46.26844
VisualCogB_Task-1.mat,B,Task-1,L,Fz,43,0.6796875,30.36817,15.179871,46.719223
VisualCogB_Task-1.mat,B,Task-1,L,Fz,43,0.68359375,30.584998,15.09478,46.978661
VisualCogB_Task-1.mat,B,Task-1,L,Fz,43,0.6875,30.706273,14.944206,47.174561
VisualCogB_Task-1.mat,B,Task-1,L,Fz,43,0.69140625,30.720799,14.794493,46.712487
VisualCogB_Task-1.mat,B,Task-1,L,Fz,43,0.6953125,30.600318,14.715232,46.183544
VisualCogB_Task-1.mat,B,Task-1,L,Fz,43,0.69921875,30.317055,14.353669,45.633096
VisualCogB_Task-1.mat,B,Task-1,L,Fz,43,0.703125,29.906957,13.966613,44.955261
VisualCogB_Task-1.mat,B,Task-1,L,Fz,43,0.70703125,29.430429,13.735055,44.488365
VisualCogB_Task-1.mat,B,Task-1,L,Fz,43,0.7109375,28.858465,13.696312,44.15346
VisualCogB_Task-1.mat,B,Task-1,L,Fz,43,0.71484375,28.226753,13.295548,43.682414
VisualCogB_Task-1.mat,B,Task-1,L,Fz,43,0.71875,27.562254,12.870396,43.185722
VisualCogB_Task-1.mat,B,Task-1,L,Fz,43,0.72265625,26.93161,12.418542,42.886026
VisualCogB_Task-1.mat,B,Task-1,L,Fz,43,0.7265625,26.238092,12.106474,42.378069
VisualCogB_Task-1.mat,B,Task-1,L,Fz,43,0.73046875,25.521193,11.760283,41.615118
VisualCogB_Task-1.mat,B,Task-1,L,Fz,43,0.734375,24.689834,11.092049,41.059636
VisualCogB_Task-1.mat,B,Task-1,L,Fz,43,0.73828125,23.769431,10.271641,40.442959
VisualCogB_Task-1.mat,B,Task-1,L,Fz,43,0.7421875,22.853056,9.5053024,39.60994
VisualCogB_Task-1.mat,B,Task-1,L,Fz,43,0.74609375,21.961598,8.8484422,38.634827
VisualCogB_Task-1.mat,B,Task-1,L,Fz,43,0.75,21.135137,8.2761585,37.603532
VisualCogB_Task-1.mat,B,Task-1,L,Fz,43,0.75390625,20.451754,7.6242489,36.787549
VisualCogB_Task-1.mat,B,Task-1,L,Fz,43,0.7578125,19.801154,7.0288943,36.04957
VisualCogB_Task-1.mat,B,Task-1,L,Fz,43,0.76171875,19.246799,6.4664276,35.396335
VisualCogB_Task-1.mat,B,Task-1,L,Fz,43,0.765625,18.738727,6.0045896,34.713717
VisualCogB_Task-1.mat,B,Task-1,L,Fz,43,0.76953125,18.220202,5.7617909,33.806319
VisualCogB_Task-1.mat,B,Task-1,L,Fz,43,0.7734375,17.673429,5.3604307,32.794204
VisualCogB_Task-1.mat,B,Task-1,L,Fz,43,0.77734375,17.042902,5.0369227,31.565275
VisualCogB_Task-1.mat,B,Task-1,L,Fz,43,0.78125,16.328371,4.5834988,30.16025
VisualCogB_Task-1.mat,B,Task-1,L,Fz,43,0.78515625,15.52611,3.7832037,28.970248
VisualCogB_Task-1.mat,B,Task-1,L,Fz,43,0.7890625,14.689032,3.1213912,28.102032
VisualCogB_Task-1.mat,B,Task-1,L,Fz,43,0.79296875,13.828654,2.3481234,27.359493
VisualCogB_Task-1.mat,B,Task-1,L,Fz,43,0.796875,12.986312,1.5929892,26.505103
VisualCogB_Task-1.mat,B,Task-1,L,Fz,43,0.80078125,12.206036,0.84863573,25.644894
VisualCogB_Task-1.mat,B,Task-1,L,Fz,43,0.8046875,11.459197,0.14163414,24.635287
VisualCogB_Task-1.mat,B,Task-1,L,Fz,43,0.80859375,10.745451,-0.49424324,24.174255
VisualCogB_Task-1.mat,B,Task-1,L,Fz,43,0.8125,10.033726,-0.98248401,23.588522
VisualCogB_Task-1.mat,B,Task-1,L,Fz,43,0.81640625,9.3312407,-1.4471354,22.544658
VisualCogB_Task-1.mat,B,Task-1,L,Fz,43,0.8203125,8.6353202,-2.014858,21.668353
VisualCogB_Task-1.mat,B,Task-1,L,Fz,43,0.82421875,7.9415043,-2.6933659,20.967637
VisualCogB_Task-1.mat,B,Task-1,L,Fz,43,0.828125,7.2289291,-3.3459171,20.467639
VisualCogB_Task-1.mat,B,Task-1,L,Fz,43,0.83203125,6.5559954,-3.9949793,19.843511
VisualCogB_Task-1.mat,B,Task-1,L,Fz,43,0.8359375,5.9138096,-4.5728416,18.967199
VisualCogB_Task-1.mat,B,Task-1,L,Fz,43,0.83984375,5.2994006,-5.0143278,17.998261
VisualCogB_Task-1.mat,B,Task-1,L,Fz,43,0.84375,4.7185674,-5.4074441,17.370033
VisualCogB_Task-1.mat,B,Task-1,L,Fz,43,0.84765625,4.2118992,-5.7041853,16.478114
VisualCogB_Task-1.mat,B,Task-1,L,Fz,43,0.8515625,3.731434,-5.8631022,15.770006
VisualCogB_Task-1.mat,B,Task-1,L,Fz,43,0.85546875,3.37498,-6.1006505,15.031647
VisualCogB_Task-1.mat,B,Task-1,L,Fz,43,0.859375,3.1313845,-6.1889528,14.429975
VisualCogB_Task-1.mat,B,Task-1,L,Fz,43,0.86328125,2.9491551,-6.1698261,13.8697
VisualCogB_Task-1.mat,B,Task-1,L,Fz,43,0.8671875,2.8200099,-6.3376372,13.661416
VisualCogB_Task-1.mat,B,Task-1,L,Fz,43,0.87109375,2.6927964,-6.3013003,13.331315
VisualCogB_Task-1.mat,B,Task-1,L,Fz,43,0.875,2.470366,-6.4107654,12.96671
VisualCogB_Task-1.mat,B,Task-1,L,Fz,43,0.87890625,2.250759,-6.3586317,12.288808
VisualCogB_Task-1.mat,B,Task-1,L,Fz,43,0.8828125,1.9791077,-6.4577754,11.697778
VisualCogB_Task-1.mat,B,Task-1,L,Fz,43,0.88671875,1.6728783,-6.5527143,11.308098
VisualCogB_Task-1.mat,B,Task-1,L,Fz,43,0.890625,1.3674901,-6.5951862,10.766216
VisualCogB_Task-1.mat,B,Task-1,L,Fz,43,0.89453125,1.0665458,-6.9555061,10.116923
VisualCogB_Task-1.mat,B,Task-1,L,Fz,43,0.8984375,0.82405346,-7.2596604,9.5956909
VisualCogB_Task-1.mat,B,Task-1,L,Fz,43,0.90234375,0.63929499,-7.3967927,9.3642452
VisualCogB_Task-1.mat,B,Task-1,L,Fz,43,0.90625,0.53425189,-7.4019035,9.3202592
VisualCogB_Task-1.mat,B,Task-1,L,Fz,43,0.91015625,0.47612876,-7.3057634,9.2280456
VisualCogB_Task-1.mat,B,Task-1,L,Fz,43,0.9140625,0.45351212,-7.2564542,9.0956516
VisualCogB_Task-1.mat,B,Task-1,L,Fz,43,0.91796875,0.41663126,-7.0401913,8.9217951
VisualCogB_Task-1.mat,B,Task-1,L,Fz,43,0.921875,0.34938864,-6.8593666,8.7589473
VisualCogB_Task-1.mat,B,Task-1,L,Fz,43,0.92578125,0.23058161,-6.9253441,8.5432174
VisualCogB_Task-1.mat,B,Task-1,L,Fz,43,0.9296875,0.048034964,-7.1539102,8.4803433
VisualCogB_Task-1.mat,B,Task-1,L,Fz,43,0.93359375,-0.18861133,-7.4639279,8.1313704
VisualCogB_Task-1.mat,B,Task-1,L,Fz,43,0.9375,-0.45647597,-7.6973654,7.5277432
VisualCogB_Task-1.mat,B,Task-1,L,Fz,43,0.94140625,-0.59709365,-7.7842559,7.0622852
VisualCogB_Task-1.mat,B,Task-1,L,Fz,43,0.9453125,-0.74611435,-7.7863558,6.8603843
VisualCogB_Task-1.mat,B,Task-1,L,Fz,43,0.94921875,-0.9060919,-7.8837266,6.8798588
VisualCogB_Task-1.mat,B,Task-1,L,Fz,43,0.953125,-1.0795801,-8.0632342,6.6869089
VisualCogB_Task-1.mat,B,Task-1,L,Fz,43,0.95703125,-1.2691328,-8.1574126,6.4715303
VisualCogB_Task-1.mat,B,Task-1,L,Fz,43,0.9609375,-1.4773039,-8.3722047,6.3886114
VisualCogB_Task-1.mat,B,Task-1,L,Fz,43,0.96484375,-1.706647,-8.6305665,6.0505495
VisualCogB_Task-1.mat,B,Task-1,L,Fz,43,0.96875,-1.9597162,-8.9165966,5.4519713
VisualCogB_Task-1.mat,B,Task-1,L,Fz,43,0.97265625,-2.2390651,-9.0496099,4.9150292
VisualCogB_Task-1.mat,B,Task-1,L,Fz,43,0.9765625,-2.5472477,-9.1605633,4.6751999
VisualCogB_Task-1.mat,B,Task-1,L,Fz,43,0.98046875,-2.8868177,-9.4621886,4.367901
VisualCogB_Task-1.mat,B,Task-1,L,Fz,43,0.984375,-3.260329,-9.9001611,3.9716613
VisualCogB_Task-1.mat,B,Task-1,L,Fz,43,0.98828125,-3.6703354,-10.590301,3.4529225
VisualCogB_Task-1.mat,B,Task-1,L,Fz,43,0.9921875,-4.1193907,-11.075407,2.7683169
VisualCogB_Task-1.mat,B,Task-1,L,Fz,43,0.99609375,-4.6100487,-11.809663,3.0945102
VisualCogB_Task-1.mat,B,Task-1,L,F3,43,-0.5,4.5247008,-3.085594,12.098727
VisualCogB_Task-1.mat,B,Task-1,L,F3,43,-0.49609375,4.4906057,-3.1042307,12.237356
VisualCogB_Task-1.mat,B,Task-1,L,F3,43,-0.4921875,4.4560337,-3.239842,12.045526
VisualCogB_Task-1.mat,B,Task-1,L,F3,43,-0.48828125,4.4212926,-3.3115078,12.069898
VisualCogB_Task-1.mat,B,Task-1,L,F3,43,-0.484375,4.3866902,-3.4991963,12.010391
VisualCogB_Task-1.mat,B,Task-1,L,F3,43,-0.48046875,4.3525345,-3.7326264,11.875993
VisualCogB_Task-1.mat,B,Task-1,L,F3,43,-0.4765625,4.3191332,-3.9652731,11.758213
VisualCogB_Task-1.mat,B,Task-1,L,F3,43,-0.47265625,4.2867943,-4.0679764,11.596671
VisualCogB_Task-1.mat,B,Task-1,L,F3,43,-0.46875,4.2558256,-4.131653,11.56441
VisualCogB_Task-1.mat,B,Task-1,L,F3,43,-0.46484375,4.2265349,-4.0755293,11.411457
VisualCogB_Task-1.mat,B,Task-1,L,F3,43,-0.4609375,4.1992301,-3.7655871,11.24688
VisualCogB_Task-1.mat,B,Task-1,L,F3,43,-0.45703125,4.174219,-3.6404376,11.09193
VisualCogB_Task-1.mat,B,Task-1,L,F3,43,-0.453125,4.1518095,-3.5358464,10.951784
VisualCogB_Task-1.mat,B,Task-1,L,F3,43,-0.44921875,4.1323095,-3.233926,10.923045
VisualCogB_Task-1.mat,B,Task-1,L,F3,43,-0.4453125,4.1160268,-3.0135803,10.905899
VisualCogB_Task-1.mat,B,Task-1,L,F3,43,-0.44140625,4.1032692,-2.8334271,10.760503
VisualCogB_Task-1.mat,B,Task-1,L,F3,43,-0.4375,4.0465408,-2.763214,10.689932
VisualCogB_Task-1.mat,B,Task-1,L,F3,43,-0.43359375,3.9743976,-2.7916468,10.662531
VisualCogB_Task-1.mat,B,Task-1,L,F3,43,-0.4296875,3.906398,-2.6370227,10.640525
VisualCogB_Task-1.mat,B,Task-1,L,F3,43,-0.42578125,3.860471,-2.6433576,10.655329
VisualCogB_Task-1.mat,B,Task-1,L,F3,43,-0.421875,3.8742248,-2.7503345,10.506904
VisualCogB_Task-1.mat,B,Task-1,L,F3,43,-0.41796875,3.944595,-2.8298017,10.455943
VisualCogB_Task-1.mat,B,Task-1,L,F3,43,-0.4140625,4.0848213,-2.6272559,10.479109
VisualCogB_Task-1.mat,B,Task-1,L,F3,43,-0.41015625,4.2611763,-2.56639,10.689535
VisualCogB_Task-1.mat,B,Task-1,L,F3,43,-0.40625,4.4496966,-2.4340147,10.831852
VisualCogB_Task-1.mat,B,Task-1,L,F3,43,-0.40234375,4.6208627,-2.2301606,10.976523
VisualCogB_Task-1.mat,B,Task-1,L,F3,43,-0.3984375,4.7494694,-2.0060906,11.254876
VisualCogB_Task-1.mat,B,Task-1,L,F3,43,-0.39453125,4.8219633,-1.8418727,11.454056
VisualCogB_Task-1.mat,B,Task-1,L,F3,43,-0.390625,4.816391,-1.894146,11.542713
VisualCogB_Task-1.mat,B,Task-1,L,F3,43,-0.38671875,4.7266257,-1.9211425,11.544626
VisualCogB_Task-1.mat,B,Task-1,L,F3,43,-0.3828125,4.5624501,-2.040303,11.331142
VisualCogB_Task-1.mat,B,Task-1,L,F3,43,-0.37890625,4.3239071,-2.2523763,11.110054
VisualCogB_Task-1.mat,B,Task-1,L,F3,43,-0.375,4.0446753,-2.4603481,10.888465
VisualCogB_Task-1.mat,B,Task-1,L,F3,43,-0.37109375,3.7595165,-2.6213357,10.514369
VisualCogB_Task-1.mat,B,Task-1,L,F3,43,-0.3671875,3.4984072,-2.8216865,10.262672
VisualCogB_Task-1.mat,B,Task-1,L,F3,43,-0.36328125,3.2623047,-2.9867917,10.054525
VisualCogB_Task-1.mat,B,Task-1,L,F3,43,-0.359375,3.0673401,-3.1693127,9.8611764
VisualCogB_Task-1.mat,B,Task-1,L,F3,43,-0.35546875,2.9177335,-3.1580124,9.4968606
VisualCogB_Task-1.mat,B,Task-1,L,F3,43,-0.3515625,2.8160892,-3.1616342,9.3336127
VisualCogB_Task-1.mat,B,Task-1,L,F3,43,-0.34765625,2.7793521,-2.9944916,9.227897
VisualCogB_Task-1.mat,B,Task-1,L,F3,43,-0.34375,2.8084644,-2.6669506,9.1083503
VisualCogB_Task-1.mat,B,Task-1,L,F3,43,-0.33984375,2.8868694,-2.3371965,8.952688
VisualCogB_Task-1.mat,B,Task-1,L,F3,43,-0.3359375,3.0032426,-2.0380158,8.7544315
VisualCogB_Task-1.mat,B,Task-1,L,F3,43,-0.33203125,3.1425398,-1.7711662,8.6663274
VisualCogB_Task-1.mat,B,Task-1,L,F3,43,-0.328125,3.2943284,-1.3957272,8.540599
VisualCogB_Task-1.mat,B,Task-1,L,F3,43,-0.32421875,3.4342327,-1.089793,8.3190684
VisualCogB_Task-1.mat,B,Task-1,L,F3,43,-0.3203125,3.5555202,-0.79969586,8.2862812
VisualCogB_Task-1.mat,B,Task-1,L,F3,43,-0.31640625,3.6572269,-0.7158903,8.4572596
VisualCogB_Task-1.mat,B,Task-1,L,F3,43,-0.3125,3.7585014,-0.59103089,8.5867514
VisualCogB_Task-1.mat,B,Task-1,L,F3,43,-0.30859375,3.9005042,-0.46136861,8.5274374
VisualCogB_Task-1.mat,B,Task-1,L,F3,43,-0.3046875,4.0950798,-0.26447151,8.6141828
VisualCogB_Task-1.mat,B,Task-1,L,F3,43,-0.30078125,4.3269319,-0.22091792,8.8108519
VisualCogB_Task-1.mat,B,Task-1,L,F3,43,-0.296875,4.5800416,0.031682378,9.1252434
VisualCogB_Task-1.mat,B,Task-1,L,F3,43,-0.29296875,4.8187101,0.34191193,9.5061795
VisualCogB_Task-1.mat,B,Task-1,L,F3,43,-0.2890625,5.0265479,0.52982196,9.7862681
VisualCogB_Task-1.mat,B,Task-1,L,F3,43,-0.28515625,5.1845342,0.60303091,9.9666511
VisualCogB_Task-1.mat,B,Task-1,L,F3,43,-0.28125,5.2590847,0.55591828,10.174536
VisualCogB_Task-1.mat,B,Task-1,L,F3,43,-0.27734375,5.2430845,0.54627416,10.250946
VisualCogB_Task-1.mat,B,Task-1,L,F3,43,-0.2734375,5.1593798,0.45279373,10.257893
VisualCogB_Task-1.mat,B,Task-1,L,F3,43,-0.26953125,5.0388711,0.24794241,10.256662
VisualCogB_Task-1.mat,B,Task-1,L,F3,43,-0.265625,4.9001463,0.020711415,10.075126
VisualCogB_Task-1.mat,B,Task-1,L,F3,43,-0.26171875,4.7725501,-0.21859395,10.072144
VisualCogB_Task-1.mat,B,Task-1,L,F3,43,-0.2578125,4.6628749,-0.46516929,10.127803
VisualCogB_Task-1.mat,B,Task-1,L,F3,43,-0.25390625,4.5507968,-0.79810901,9.9994511
VisualCogB_Task-1.mat,B,Task-1,L,F3,43,-0.25,4.4315055,-1.0438277,9.8794472
VisualCogB_Task-1.mat,B,Task-1,L,F3,43,-0.24609375,4.2723917,-1.2952608,9.6058432
VisualCogB_Task-1.mat,B,Task-1,L,F3,43,-0.2421875,4.0705268,-1.4842194,9.2439275
VisualCogB_Task-1.mat,B,Task-1,L,F3,43,-0.23828125,3.8645825,-1.6708621,8.9540102
VisualCogB_Task-1.mat,B,Task-1,L,F3,43,-0.234375,3.6745807,-1.8253654,8.6309678
VisualCogB_Task-1.mat,B,Task-1,L,F3,43,-0.23046875,3.5121466,-1.9448526,8.2194561
VisualCogB_Task-1.mat,B,Task-1,L,F3,43,-0.2265625,3.3880186,-1.9354155,7.8209151
VisualCogB_Task-1.mat,B,Task-1,L,F3,43,-0.22265625,3.293664,-1.8688803,7.4755608
VisualCogB_Task-1.mat,B,Task-1,L,F3,43,-0.21875,3.2153768,-1.696795,7.3274756
VisualCogB_Task-1.mat,B,Task-1,L,F3,43,-0.21484375,3.152784,-1.6691583,7.105428
VisualCogB_Task-1.mat,B,Task-1,L,F3,43,-0.2109375,3.0729367,-1.6680036,6.953973
VisualCogB_Task-1.mat,B,Task-1,L,F3,43,-0.20703125,2.9580594,-1.6877205,6.7247403
VisualCogB_Task-1.mat,B,Task-1,L,F3,43,-0.203125,2.8489513,-1.7115301,6.4620118
VisualCogB_Task-1.mat,B,Task-1,L,F3,43,-0.19921875,2.7655032,-1.5945671,6.1941691
VisualCogB_Task-1.mat,B,Task-1,L,F3,43,-0.1953125,2.7187077,-1.4943148,6.0590901
VisualCogB_Task-1.mat,B,Task-1,L,F3,43,-0.19140625,2.7141694,-1.5442558,5.9370282
VisualCogB_Task-1.mat,B,Task-1,L,F3,43,-0.1875,2.7124037,-1.4383465,5.8525137
VisualCogB_Task-1.mat,B,Task-1,L,F3,43,-0.18359375,2.6827844,-1.1515888,5.6799623
VisualCogB_Task-1.mat,B,Task-1,L,F3,43,-0.1796875,2.618981,-0.99296452,5.5008747
VisualCogB_Task-1.mat,B,Task-1,L,F3,43,-0.17578125,2.5153786,-0.88482375,5.315049
VisualCogB_Task-1.mat,B,Task-1,L,F3,43,-0.171875,2.3646377,-0.88113224,5.1145888
VisualCogB_Task-1.mat,B,Task-1,L,F3,43,-0.16796875,2.1571645,-1.0325203,4.9222971
VisualCogB_Task-1.mat,B,Task-1,L,F3,43,-0.1640625,1.8974437,-1.2377816,4.6583298
VisualCogB_Task-1.mat,B,Task-1,L,F3,43,-0.16015625,1.6105193,-1.4745794,4.3767743
VisualCogB_Task-1.mat,B,Task-1,L,F3,43,-0.15625,1.3361811,-1.7187655,4.0276852
VisualCogB_Task-1.mat,B,Task-1,L,F3,43,-0.15234375,1.0707408,-1.8903389,3.6618973
VisualCogB_Task-1.mat,B,Task-1,L,F3,43,-0.1484375,0.80206335,-2.0806859,3.2428053
VisualCogB_Task-1.mat,B,Task-1,L,F3,43,-0.14453125,0.53906659,-2.2273965,2.8354111
VisualCogB_Task-1.mat,B,Task-1,L,F3,43,-0.140625,0.28015698,-2.3046508,2.4360244
VisualCogB_Task-1.mat,B,Task-1,L,F3,43,-0.13671875,0.041068904,-2.3316742,2.052603
VisualCogB_Task-1.mat,B,Task-1,L,F3,43,-0.1328125,-0.14611745,-2.3262654,1.6378303
VisualCogB_Task-1.mat,B,Task-1,L,F3,43,-0.12890625,-0.27776072,-2.3116268,1.4337548
VisualCogB_Task-1.mat,B,Task-1,L,F3,43,-0.125,-0.33940071,-2.0788269,1.2545853
VisualCogB_Task-1.mat,B,Task-1,L,F3,43,-0.12109375,-0.3114098,-1.8645669,1.2410699
VisualCogB_Task-1.mat,B,Task-1,L,F3,43,-0.1171875,-0.22596178,-1.5509787,1.1521918
VisualCogB_Task-1.mat,B,Task-1,L,F3,43,-0.11328125,-0.10214204,-1.3495588,1.164488
VisualCogB_Task-1.mat,B,Task-1,L,F3,43,-0.109375,0.011909876,-1.2863605,1.1801889
VisualCogB_Task-1.mat,B,Task-1,L,F3,43,-0.10546875,0.083005803,-1.1379925,1.2864812
VisualCogB_Task-1.mat,B,Task-1,L,F3,43,-0.1015625,0.10978264,-1.1059272,1.4617425
VisualCogB_Task-1.mat,B,Task-1,L,F3,43,-0.09765625,0.12648989,-1.2094949,1.5951685
VisualCogB_Task-1.mat,B,Task-1,L,F3,43,-0.09375,0.15784195,-1.3243611,1.8337057
VisualCogB_Task-1.mat,B,Task-1,L,F3,43,-0.08984375,0.21088464,-1.3899285,2.0326249
VisualCogB_Task-1.mat,B,Task-1,L,F3,43,-0.0859375,0.29914653,-1.4581175,2.2849491
VisualCogB_Task-1.mat,B,Task-1,L,F3,43,-0.08203125,0.38315551,-1.4701396,2.4309595
VisualCogB_Task-1.mat,B,Task-1,L,F3,43,-0.078125,0.44615238,-1.477093,2.6318092
VisualCogB_Task-1.mat,B,Task-1,L,F3,43,-0.07421875,0.46404048,-1.5702289,2.7239517
VisualCogB_Task-1.mat,B,Task-1,L,F3,43,-0.0703125,0.40974492,-1.6338789,2.8013546
VisualCogB_Task-1.mat,B,Task-1,L,F3,43,-0.06640625,0.28257513,-1.726708,2.7139402
VisualCogB_Task-1.mat,B,Task-1,L,F3,43,-0.0625,0.090735923,-1.9597636,2.6284474
VisualCogB_Task-1.mat,B,Task-1,L,F3,43,-0.05859375,-0.16127116,-2.1937215,2.3528771
VisualCogB_Task-1.mat,B,Task-1,L,F3,43,-0.0546875,-0.46039522,-2.45145,2.0902296
VisualCogB_Task-1.mat,B,Task-1,L,F3,43,-0.05078125,-0.7888196,-2.8336446,1.6651189
VisualCogB_Task-1.mat,B,Task-1,L,F3,43,-0.046875,-1.1222727,-3.3418459,1.3801523
VisualCogB_Task-1.mat,B,Task-1,L,F3,43,-0.04296875,-1.4543734,-3.820177,1.2005328
VisualCogB_Task-1.mat,B,Task-1,L,F3,43,-0.0390625,-1.7626651,-4.349833,0.9934476
VisualCogB_Task-1.mat,B,Task-1,L,F3,43,-0.03515625,-2.0612059,-4.9558016,0.85307611
VisualCogB_Task-1.mat,B,Task-1,L,F3,43,-0.03125,-2.340696,-5.3745636,0.69137554
VisualCogB_Task-1.mat,B,Task-1,L,F3,43,-0.02734375,-2.5767834,-5.74712,0.52333182
VisualCogB_Task-1.mat,B,Task-1,L,F3,43,-0.0234375,-2.7793037,-6.0191869,0.51017152
VisualCogB_Task-1.mat,B,Task-1,L,F3,43,-0.01953125,-2.9065528,-6.2440056,0.58468106
VisualCogB_Task-1.mat,B,Task-1,L,F3,43,-0.015625,-2.9647299,-6.4419766,0.66098809
VisualCogB_Task-1.mat,B,Task-1,L,F3,43,-0.01171875,-2.9756463,-6.6163751,0.75749057
VisualCogB_Task-1.mat,B,Task-1,L,F3,43,-0.0078125,-2.9723859,-6.6718948,0.81298807
VisualCogB_Task-1.mat,B,Task-1,L,F3,43,-0.00390625,-2.930174,-6.6760782,0.99329735
VisualCogB_Task-1.mat,B,Task-1,L,F3,43,0,-2.9172924,-6.6939507,1.1416739
VisualCogB_Task-1.mat,B,Task-1,L,F3,43,0.00390625,-2.9332333,-6.7795046,1.1939269
VisualCogB_Task-1.mat,B,Task-1,L,F3,43,0.0078125,-3.0084953,-7.0307261,1.1737605
VisualCogB_Task-1.mat,B,Task-1,L,F3,43,0.01171875,-3.1166372,-7.2476065,1.1514176
VisualCogB_Task-1.mat,B,Task-1,L,F3,43,0.015625,-3.1982084,-7.4719674,1.1073443
VisualCogB_Task-1.mat,B,Task-1,L,F3,43,0.01953125,-3.2413318,-7.7383773,1.0501095
VisualCogB_Task-1.mat,B,Task-1,L,F3,43,0.0234375,-3.2582222,-7.771795,1.1531003
VisualCogB_Task-1.mat,B,Task-1,L,F3,43,0.02734375,-3.2660551,-7.8232597,1.0947209
VisualCogB_Task-1.mat,B,Task-1,L,F3,43,0.03125,-3.2692115,-7.8874043,1.0840144
VisualCogB_Task-1.mat,B,Task-1,L,F3,43,0.03515625,-3.2597318,-7.9606959,1.2147767
VisualCogB_Task-1.mat,B,Task-1,L,F3,43,0.0390625,-3.2677143,-8.134207,1.3099454
VisualCogB_Task-1.mat,B,Task-1,L,F3,43,0.04296875,-3.3333489,-8.3393761,1.3888252
VisualCogB_Task-1.mat,B,Task-1,L,F3,43,0.046875,-3.4306325,-8.484699,1.285268
VisualCogB_Task-1.mat,B,Task-1,L,F3,43,0.05078125,-3.5462658,-8.7001581,1.2625255
VisualCogB_Task-1.mat,B,Task-1,L,F3,43,0.0546875,-3.6870775,-9.0279059,1.3017427
VisualCogB_Task-1.mat,B,Task-1,L,F3,43,0.05859375,-3.820766,-9.268587,1.2690962
VisualCogB_Task-1.mat,B,Task-1,L,F3,43,0.0625,-3.9504044,-9.6094648,1.2410849
VisualCogB_Task-1.mat,B,Task-1,L,F3,43,0.06640625,-4.0662662,-9.9170471,1.2724694
VisualCogB_Task-1.mat,B,Task-1,L,F3,43,0.0703125,-4.1763101,-10.312945,1.4204359
VisualCogB_Task-1.mat,B,Task-1,L,F3,43,0.07421875,-4.3105552,-10.623261,1.3944695
VisualCogB_Task-1.mat,B,Task-1,L,F3,43,0.078125,-4.5006247,-11.068269,1.2972202
VisualCogB_Task-1.mat,B,Task-1,L,F3,43,0.08203125,-4.7417709,-11.485119,1.2530424
VisualCogB_Task-1.mat,B,Task-1,L,F3,43,0.0859375,-5.0351403,-11.928933,1.0597475
VisualCogB_Task-1.mat,B,Task-1,L,F3,43,0.08984375,-5.346814,-12.55211,0.73799331
VisualCogB_Task-1.mat,B,Task-1,L,F3,43,0.09375,-5.6745976,-13.103883,0.52398672
VisualCogB_Task-1.mat,B,Task-1,L,F3,43,0.09765625,-5.9729602,-13.419266,0.3136055
VisualCogB_Task-1.mat,B,Task-1,L,F3,43,0.1015625,-6.256697,-13.69793,0.16500099
VisualCogB_Task-1.mat,B,Task-1,L,F3,43,0.10546875,-6.4902074,-13.943253,-0.048293015
VisualCogB_Task-1.mat,B,Task-1,L,F3,43,0.109375,-6.7298131,-14.172853,-0.10878362
VisualCogB_Task-1.mat,B,Task-1,L,F3,43,0.11328125,-6.9527478,-14.479112,-0.076043577
VisualCogB_Task-1.mat,B,Task-1,L,F3,43,0.1171875,-7.1757075,-14.906737,0.005341423
VisualCogB_Task-1.mat,B,Task-1,L,F3,43,0.12109375,-7.3802859,-15.2085,0.015337295
VisualCogB_Task-1.mat,B,Task-1,L,F3,43,0.125,-7.5426644,-15.557482,-0.042292243
VisualCogB_Task-1.mat,B,Task-1,L,F3,43,0.12890625,-7.7621093,-15.699654,-0.14289603
VisualCogB_Task-1.mat,B,Task-1,L,F3,43,0.1328125,-7.9255978,-15.993223,-0.23777086
VisualCogB_Task-1.mat,B,Task-1,L,F3,43,0.13671875,-8.0463214,-15.897489,-0.39010817
VisualCogB_Task-1.mat,B,Task-1,L,F3,43,0.140625,-8.1014249,-15.872926,-0.58219156
VisualCogB_Task-1.mat,B,Task-1,L,F3,43,0.14453125,-8.1398182,-15.932498,-0.72829579
VisualCogB_Task-1.mat,B,Task-1,L,F3,43,0.1484375,-8.1682381,-15.945786,-0.8758133
VisualCogB_Task-1.mat,B,Task-1,L,F3,43,0.15234375,-8.1928532,-15.977442,-1.0632089
VisualCogB_Task-1.mat,B,Task-1,L,F3,43,0.15625,-8.2684176,-16.066237,-1.081734
VisualCogB_Task-1.mat,B,Task-1,L,F3,43,0.16015625,-8.374014,-16.328858,-1.0889044
VisualCogB_Task-1.mat,B,Task-1,L,F3,43,0.1640625,-8.4777722,-16.583754,-1.0402165
VisualCogB_Task-1.mat,B,Task-1,L,F3,43,0.16796875,-8.5976938,-16.860843,-0.9568061
VisualCogB_Task-1.mat,B,Task-1,L,F3,43,0.171875,-8.759388,-17.429951,-0.81843676
VisualCogB_Task-1.mat,B,Task-1,L,F3,43,0.17578125,-8.8841091,-17.694926,-0.64292048
VisualCogB_Task-1.mat,B,Task-1,L,F3,43,0.1796875,-9.0318756,-18.182744,-0.63552566
VisualCogB_Task-1.mat,B,Task-1,L,F3,43,0.18359375,-9.1582285,-18.361853,-0.71282674
VisualCogB_Task-1.mat,B,Task-1,L,F3,43,0.1875,-9.2695352,-18.632526,-0.66325494
VisualCogB_Task-1.mat,B,Task-1,L,F3,43,0.19140625,-9.3972045,-18.882083,-0.78884572
VisualCogB_Task-1.mat,B,Task-1,L,F3,43,0.1953125,-9.5483965,-19.220589,-0.88611349
VisualCogB_Task-1.mat,B,Task-1,L,F3,43,0.19921875,-9.7548208,-19.594817,-1.1276466
VisualCogB_Task-1.mat,B,Task-1,L,F3,43,0.203125,-10.009343,-19.962735,-1.1968079
VisualCogB_Task-1.mat,B,Task-1,L,F3,43,0.20703125,-10.269449,-20.310073,-1.3335161
VisualCogB_Task-1.mat,B,Task-1,L,F3,43,0.2109375,-10.563178,-20.595899,-1.5613477
VisualCogB_Task-1.mat,B,Task-1,L,F3,43,0.21484375,-10.820106,-21.009376,-1.7691059
VisualCogB_Task-1.mat,B,Task-1,L,F3,43,0.21875,-11.059231,-21.300954,-1.8973995
VisualCogB_Task-1.mat,B,Task-1,L,F3,43,0.22265625,-11.288131,-21.581625,-2.0542672
VisualCogB_Task-1.mat,B,Task-1,L,F3,43,0.2265625,-11.511203,-21.798905,-2.3143953
VisualCogB_Task-1.mat,B,Task-1,L,F3,43,0.23046875,-11.655921,-21.972135,-2.4537689
VisualCogB_Task-1.mat,B,Task-1,L,F3,43,0.234375,-11.7862,-22.034838,-2.3713241
VisualCogB_Task-1.mat,B,Task-1,L,F3,43,0.23828125,-11.744597,-21.897188,-2.3297549
VisualCogB_Task-1.mat,B,Task-1,L,F3,43,0.2421875,-11.575104,-21.788333,-1.9575772
VisualCogB_Task-1.mat,B,Task-1,L,F3,43,0.24609375,-11.371475,-21.741456,-1.7300078
VisualCogB_Task-1.mat,B,Task-1,L,F3,43,0.25,-11.061099,-21.696159,-1.4169922
VisualCogB_Task-1.mat,B,Task-1,L,F3,43,0.25390625,-10.721087,-21.597169,-1.2322044
VisualCogB_Task-1.mat,B,Task-1,L,F3,43,0.2578125,-10.385195,-21.373452,-0.9770764
VisualCogB_Task-1.mat,B,Task-1,L,F3,43,0.26171875,-10.051767,-21.148486,-0.6468111
VisualCogB_Task-1.mat,B,Task-1,L,F3,43,0.265625,-9.6982296,-20.937047,-0.13234105
VisualCogB_Task-1.mat,B,Task-1,L,F3,43,0.26953125,-9.3478224,-20.84551,0.44259042
VisualCogB_Task-1.mat,B,Task-1,L,F3,43,0.2734375,-8.9886423,-20.667855,0.98258077
VisualCogB_Task-1.mat,B,Task-1,L,F3,43,0.27734375,-8.6328953,-20.532449,1.5302032
VisualCogB_Task-1.mat,B,Task-1,L,F3,43,0.28125,-8.290418,-20.271009,2.1112371
VisualCogB_Task-1.mat,B,Task-1,L,F3,43,0.28515625,-7.9470977,-20.034592,2.7550412
VisualCogB_Task-1.mat,B,Task-1,L,F3,43,0.2890625,-7.6543922,-19.776332,3.2980356
VisualCogB_Task-1.mat,B,Task-1,L,F3,43,0.29296875,-7.3330133,-19.50753,3.9651787
VisualCogB_Task-1.mat,B,Task-1,L,F3,43,0.296875,-7.0321765,-19.171196,4.3831766
VisualCogB_Task-1.mat,B,Task-1,L,F3,43,0.30078125,-6.652481,-18.868319,5.0458881
VisualCogB_Task-1.mat,B,Task-1,L,F3,43,0.3046875,-6.2505117,-18.609866,5.4941441
VisualCogB_Task-1.mat,B,Task-1,L,F3,43,0.30859375,-5.8651277,-18.437202,6.1477796
VisualCogB_Task-1.mat,B,Task-1,L,F3,43,0.3125,-5.483452,-18.079635,6.5544551
VisualCogB_Task-1.mat,B,Task-1,L,F3,43,0.31640625,-5.1358856,-17.81727,6.9527242
VisualCogB_Task-1.mat,B,Task-1,L,F3,43,0.3203125,-4.7791127,-17.660692,7.4047029
VisualCogB_Task-1.mat,B,Task-1,L,F3,43,0.32421875,-4.4149484,-17.465225,7.8828759
VisualCogB_Task-1.mat,B,Task-1,L,F3,43,0.328125,-4.1146824,-17.285536,8.3061796
VisualCogB_Task-1.mat,B,Task-1,L,F3,43,0.33203125,-3.8286829,-17.026495,8.5180531
VisualCogB_Task-1.mat,B,Task-1,L,F3,43,0.3359375,-3.4755509,-16.686946,8.9384135
VisualCogB_Task-1.mat,B,Task-1,L,F3,43,0.33984375,-3.119504,-16.363394,9.3669295
VisualCogB_Task-1.mat,B,Task-1,L,F3,43,0.34375,-2.7183157,-16.194845,9.7155532
VisualCogB_Task-1.mat,B,Task-1,L,F3,43,0.34765625,-2.3931525,-16.045766,9.9691854
VisualCogB_Task-1.mat,B,Task-1,L,F3,43,0.3515625,-2.0779151,-16.05211,10.126137
VisualCogB_Task-1.mat,B,Task-1,L,F3,43,0.35546875,-1.7112404,-16.250198,10.3158
VisualCogB_Task-1.mat,B,Task-1,L,F3,43,0.359375,-1.5304511,-16.374325,10.432977
VisualCogB_Task-1.mat,B,Task-1,L,F3,43,0.36328125,-1.4132538,-16.544931,10.47601
VisualCogB_Task-1.mat,B,Task-1,L,F3,43,0.3671875,-1.4216247,-16.669979,10.56829
VisualCogB_Task-1.mat,B,Task-1,L,F3,43,0.37109375,-1.4505331,-16.855718,10.391624
VisualCogB_Task-1.mat,B,Task-1,L,F3,43,0.375,-1.5506861,-17.240363,9.9944117
VisualCogB_Task-1.mat,B,Task-1,L,F3,43,0.37890625,-1.6810546,-17.589158,9.5591875
VisualCogB_Task-1.mat,B,Task-1,L,F3,43,0.3828125,-1.9693717,-17.955446,9.0550357
VisualCogB_Task-1.mat,B,Task-1,L,F3,43,0.38671875,-2.3837864,-18.421318,8.6147981
VisualCogB_Task-1.mat,B,Task-1,L,F3,43,0.390625,-2.8999649,-18.996125,8.0575589
VisualCogB_Task-1.mat,B,Task-1,L,F3,43,0.39453125,-3.5135102,-19.443369,7.4464893
VisualCogB_Task-1.mat,B,Task-1,L,F3,43,0.3984375,-4.1594326,-19.965942,6.7582969
VisualCogB_Task-1.mat,B,Task-1,L,F3,43,0.40234375,-4.8362901,-20.718893,6.227336
VisualCogB_Task-1.mat,B,Task-1,L,F3,43,0.40625,-5.5478286,-21.319048,5.679655
VisualCogB_Task-1.mat,B,Task-1,L,F3,43,0.41015625,-6.1679879,-21.841663,5.3079537
VisualCogB_Task-1.mat,B,Task-1,L,F3,43,0.4140625,-6.6652101,-22.320066,4.9671314
VisualCogB_Task-1.mat,B,Task-1,L,F3,43,0.41796875,-7.103728,-22.783549,4.624842
VisualCogB_Task-1.mat,B,Task-1,L,F3,43,0.421875,-7.529986,-23.249953,4.2680408
VisualCogB_Task-1.mat,B,Task-1,L,F3,43,0.42578125,-7.9619504,-23.650681,3.9242449
VisualCogB_Task-1.mat,B,Task-1,L,F3,43,0.4296875,-8.342488,-24.000984,3.606638
VisualCogB_Task-1.mat,B,Task-1,L,F3,43,0.43359375,-8.7197579,-24.294734,3.2384713
VisualCogB_Task-1.mat,B,Task-1,L,F3,43,0.4375,-9.0211305,-24.607902,2.7830119
VisualCogB_Task-1.mat,B,Task-1,L,F3,43,0.44140625,-9.320445,-24.919421,2.3707521
VisualCogB_Task-1.mat,B,Task-1,L,F3,43,0.4453125,-9.5349888,-25.184372,2.1397669
VisualCogB_Task-1.mat,B,Task-1,L,F3,43,0.44921875,-9.6032838,-25.414885,1.9834565
VisualCogB_Task-1.mat,B,Task-1,L,F3,43,0.453125,-9.5367858,-25.617476,1.9299924
VisualCogB_Task-1.mat,B,Task-1,L,F3,43,0.45703125,-9.5086501,-25.83809,2.1738617
VisualCogB_Task-1.mat,B,Task-1,L,F3,43,0.4609375,-9.5086792,-26.071933,2.3457907
VisualCogB_Task-1.mat,B,Task-1,L,F3,43,0.46484375,-9.5476649,-26.410206,2.3886156
VisualCogB_Task-1.mat,B,Task-1,L,F3,43,0.46875,-9.5302241,-26.603013,2.582031
VisualCogB_Task-1.mat,B,Task-1,L,F3,43,0.47265625,-9.4867663,-26.613023,2.7366354
VisualCogB_Task-1.mat,B,Task-1,L,F3,43,0.4765625,-9.3829146,-26.351049,3.0528189
VisualCogB_Task-1.mat,B,Task-1,L,F3,43,0.48046875,-9.168646,-26.004052,3.5959422
VisualCogB_Task-1.mat,B,Task-1,L,F3,43,0.484375,-8.9392866,-25.637706,4.050627
VisualCogB_Task-1.mat,B,Task-1,L,F3,43,0.48828125,-8.6650278,-25.36125,4.6002589
VisualCogB_Task-1.mat,B,Task-1,L,F3,43,0.4921875,-8.4563218,-25.171202,5.0918079
VisualCogB_Task-1.mat,B,Task-1,L,F3,43,0.49609375,-8.2928046,-25.086872,5.534826
VisualCogB_Task-1.mat,B,Task-1,L,F3,43,0.5,-8.2248414,-25.224632,6.2547868
VisualCogB_Task-1.mat,B,Task-1,L,F3,43,0.50390625,-8.1317588,-25.450897,6.8215245
VisualCogB_Task-1.mat,B,Task-1,L,F3,43,0.5078125,-8.0221347,-25.407242,7.6034292
VisualCogB_Task-1.mat,B,Task-1,L,F3,43,0.51171875,-7.8666868,-25.642523,8.3313722
VisualCogB_Task-1.mat,B,Task-1,L,F3,43,0.515625,-7.636805,-25.902064,8.9135711
VisualCogB_Task-1.mat,B,Task-1,L,F3,43,0.51953125,-7.4092779,-25.603425,9.29713
VisualCogB_Task-1.mat,B,Task-1,L,F3,43,0.5234375,-7.2292818,-25.430157,9.8832931
VisualCogB_Task-1.mat,B,Task-1,L,F3,43,0.52734375,-7.0731205,-25.716089,10.123663
VisualCogB_Task-1.mat,B,Task-1,L,F3,43,0.53125,-6.9536418,-26.070973,10.313397
VisualCogB_Task-1.mat,B,Task-1,L,F3,43,0.53515625,-6.9401146,-26.361594,10.842745
VisualCogB_Task-1.mat,B,Task-1,L,F3,43,0.5390625,-6.9953367,-26.602114,10.842269
VisualCogB_Task-1.mat,B,Task-1,L,F3,43,0.54296875,-7.0586189,-26.856223,10.717327
VisualCogB_Task-1.mat,B,Task-1,L,F3,43,0.546875,-7.0689753,-27.062422,10.783166
VisualCogB_Task-1.mat,B,Task-1,L,F3,43,0.55078125,-7.0456783,-27.025321,10.742908
VisualCogB_Task-1.mat,B,Task-1,L,F3,43,0.5546875,-6.9432685,-26.99674,10.984321
VisualCogB_Task-1.mat,B,Task-1,L,F3,43,0.55859375,-6.8192946,-27.221931,11.278916
VisualCogB_Task-1.mat,B,Task-1,L,F3,43,0.5625,-6.601482,-27.309007,11.629186
VisualCogB_Task-1.mat,B,Task-1,L,F3,43,0.56640625,-6.3487215,-27.258858,11.910255
VisualCogB_Task-1.mat,B,Task-1,L,F3,43,0.5703125,-6.0697548,-27.087216,12.032101
VisualCogB_Task-1.mat,B,Task-1,L,F3,43,0.57421875,-5.797703,-27.073492,12.593328
VisualCogB_Task-1.mat,B,Task-1,L,F3,43,0.578125,-5.5305254,-27.28292,13.162788
VisualCogB_Task-1.mat,B,Task-1,L,F3,43,0.58203125,-5.2369998,-27.160182,13.525682
VisualCogB_Task-1.mat,B,Task-1,L,F3,43,0.5859375,-4.9515412,-26.763006,13.999375
VisualCogB_Task-1.mat,B,Task-1,L,F3,43,0.58984375,-4.6415709,-26.594149,14.285939
VisualCogB_Task-1.mat,B,Task-1,L,F3,43,0.59375,-4.2888772,-26.475853,14.781186
VisualCogB_Task-1.mat,B,Task-1,L,F3,43,0.59765625,-3.8515551,-26.13757,15.235653
VisualCogB_Task-1.mat,B,Task-1,L,F3,43,0.6015625,-3.3269072,-25.845817,15.873063
VisualCogB_Task-1.mat,B,Task-1,L,F3,43,0.60546875,-2.7211459,-25.583967,16.391489
VisualCogB_Task-1.mat,B,Task-1,L,F3,43,0.609375,-2.0518868,-25.182552,17.313558
VisualCogB_Task-1.mat,B,Task-1,L,F3,43,0.61328125,-1.2995282,-24.538096,18.252685
VisualCogB_Task-1.mat,B,Task-1,L,F3,43,0.6171875,-0.46214601,-23.666533,19.460154
VisualCogB_Task-1.mat,B,Task-1,L,F3,43,0.62109375,0.43039885,-22.456744,20.52113
VisualCogB_Task-1.mat,B,Task-1,L,F3,43,0.625,1.3927342,-21.49981,20.880748
VisualCogB_Task-1.mat,B,Task-1,L,F3,43,0.62890625,2.437054,-20.6196,21.46947
VisualCogB_Task-1.mat,B,Task-1,L,F3,43,0.6328125,3.4866489,-19.831954,22.505354
VisualCogB_Task-1.mat,B,Task-1,L,F3,43,0.63671875,4.4955161,-18.817923,23.241938
VisualCogB_Task-1.mat,B,Task-1,L,F3,43,0.640625,5.4686108,-17.54334,23.395542
VisualCogB_Task-1.mat,B,Task-1,L,F3,43,0.64453125,6.4647537,-16.048772,23.461924
VisualCogB_Task-1.mat,B,Task-1,L,F3,43,0.6484375,7.4659403,-14.35623,23.954921
VisualCogB_Task-1.mat,B,Task-1,L,F3,43,0.65234375,8.4763802,-12.996674,25.173598
VisualCogB_Task-1.mat,B,Task-1,L,F3,43,0.65625,9.3845742,-11.503841,25.671925
VisualCogB_Task-1.mat,B,Task-1,L,F3,43,0.66015625,10.258043,-9.5623194,26.217127
VisualCogB_Task-1.mat,B,Task-1,L,F3,43,0.6640625,11.032802,-8.1134653,27.107416
VisualCogB_Task-1.mat,B,Task-1,L,F3,43,0.66796875,11.692985,-6.8047252,27.473057
VisualCogB_Task-1.mat,B,Task-1,L,F3,43,0.671875,12.221277,-5.8592508,27.700569
VisualCogB_Task-1.mat,B,Task-1,L,F3,43,0.67578125,12.62159,-5.1226467,27.644017
VisualCogB_Task-1.mat,B,Task-1,L,F3,43,0.6796875,12.899051,-4.4894317,27.382408
VisualCogB_Task-1.mat,B,Task-1,L,F3,43,0.68359375,13.085479,-3.7980102,27.190567
VisualCogB_Task-1.mat,B,Task-1,L,F3,43,0.6875,13.176772,-3.0766985,26.91981
VisualCogB_Task-1.mat,B,Task-1,L,F3,43,0.69140625,13.155526,-2.8708282,26.751892
VisualCogB_Task-1.mat,B,Task-1,L,F3,43,0.6953125,13.038432,-2.9095354,26.722314
VisualCogB_Task-1.mat,B,Task-1,L,F3,43,0.69921875,12.828919,-2.6602059,26.319712
VisualCogB_Task-1.mat,B,Task-1,L,F3,43,0.703125,12.561547,-2.7179138,25.932591
VisualCogB_Task-1.mat,B,Task-1,L,F3,43,0.70703125,12.275024,-2.9242341,25.412179
VisualCogB_Task-1.mat,B,Task-1,L,F3,43,0.7109375,11.980249,-3.0489227,25.212884
VisualCogB_Task-1.mat,B,Task-1,L,F3,43,0.71484375,11.672513,-3.3352578,25.186765
VisualCogB_Task-1.mat,B,Task-1,L,F3,43,0.71875,11.304717,-3.638022,24.720636
VisualCogB_Task-1.mat,B,Task-1,L,F3,43,0.72265625,10.890809,-3.7477483,24.600385
VisualCogB_Task-1.mat,B,Task-1,L,F3,43,0.7265625,10.410314,-3.9634317,23.99723
VisualCogB_Task-1.mat,B,Task-1,L,F3,43,0.73046875,9.8842487,-4.3794765,23.533658
VisualCogB_Task-1.mat,B,Task-1,L,F3,43,0.734375,9.2899114,-4.9284332,23.000553
VisualCogB_Task-1.mat,B,Task-1,L,F3,43,0.73828125,8.6556336,-5.7595533,22.396123
VisualCogB_Task-1.mat,B,Task-1,L,F3,43,0.7421875,8.0319247,-6.0223427,21.800619
VisualCogB_Task-1.mat,B,Task-1,L,F3,43,0.74609375,7.4382822,-6.5653903,21.401475
VisualCogB_Task-1.mat,B,Task-1,L,F3,43,0.75,6.8414114,-7.2414694,20.814631
VisualCogB_Task-1.mat,B,Task-1,L,F3,43,0.75390625,6.3266141,-7.746212,20.094715
VisualCogB_Task-1.mat,B,Task-1,L,F3,43,0.7578125,5.8903131,-8.1121265,19.563722
VisualCogB_Task-1.mat,B,Task-1,L,F3,43,0.76171875,5.4987469,-8.3200211,19.234203
VisualCogB_Task-1.mat,B,Task-1,L,F3,43,0.765625,5.102058,-8.5604522,18.907191
VisualCogB_Task-1.mat,B,Task-1,L,F3,43,0.76953125,4.6871098,-9.0689552,18.255311
VisualCogB_Task-1.mat,B,Task-1,L,F3,43,0.7734375,4.1278462,-9.7536891,17.212812
VisualCogB_Task-1.mat,B,Task-1,L,F3,43,0.77734375,3.5254729,-10.482611,16.207983
VisualCogB_Task-1.mat,B,Task-1,L,F3,43,0.78125,2.8942086,-11.095145,15.135106
VisualCogB_Task-1.mat,B,Task-1,L,F3,43,0.78515625,2.2877447,-11.428365,14.040973
VisualCogB_Task-1.mat,B,Task-1,L,F3,43,0.7890625,1.7612476,-11.631676,13.243807
VisualCogB_Task-1.mat,B,Task-1,L,F3,43,0.79296875,1.3717976,-12.012646,12.60777
VisualCogB_Task-1.mat,B,Task-1,L,F3,43,0.796875,1.1218877,-12.355182,12.117218
VisualCogB_Task-1.mat,B,Task-1,L,F3,43,0.80078125,1.0009052,-12.66262,11.892331
VisualCogB_Task-1.mat,B,Task-1,L,F3,43,0.8046875,0.97559682,-12.878602,11.607676
VisualCogB_Task-1.mat,B,Task-1,L,F3,43,0.80859375,0.9998178,-13.290558,11.359694
VisualCogB_Task-1.mat,B,Task-1,L,F3,43,0.8125,1.0458549,-13.254052,11.272412
VisualCogB_Task-1.mat,B,Task-1,L,F3,43,0.81640625,1.0732182,-13.102377,10.888342
VisualCogB_Task-1.mat,B,Task-1,L,F3,43,0.8203125,1.0756392,-13.077419,10.902704
VisualCogB_Task-1.mat,B,Task-1,L,F3,43,0.82421875,1.0331006,-13.161392,10.512607
VisualCogB_Task-1.mat,B,Task-1,L,F3,43,0.828125,0.92500174,-13.15873,10.401544
VisualCogB_Task-1.mat,B,Task-1,L,F3,43,0.83203125,0.81830708,-13.187894,10.148184
VisualCogB_Task-1.mat,B,Task-1,L,F3,43,0.8359375,0.70912121,-13.330498,9.9004303
VisualCogB_Task-1.mat,B,Task-1,L,F3,43,0.83984375,0.60350096,-13.54388,9.6781297
VisualCogB_Task-1.mat,B,Task-1,L,F3,43,0.84375,0.49724685,-13.456009,9.7095196
VisualCogB_Task-1.mat,B,Task-1,L,F3,43,0.84765625,0.37965526,-13.503941,9.640931
VisualCogB_Task-1.mat,B,Task-1,L,F3,43,0.8515625,0.24901077,-13.693233,9.4305231
VisualCogB_Task-1.mat,B,Task-1,L,F3,43,0.85546875,0.17006312,-13.608926,9.2856971
VisualCogB_Task-1.mat,B,Task-1,L,F3,43,0.859375,0.11200439,-13.803832,9.1674937
VisualCogB_Task-1.mat,B,Task-1,L,F3,43,0.86328125,0.068335927,-13.980501,9.192074
VisualCogB_Task-1.mat,B,Task-1,L,F3,43,0.8671875,0.064540496,-13.755146,9.2255515
VisualCogB_Task-1.mat,B,Task-1,L,F3,43,0.87109375,0.08657764,-13.499965,9.4523752
VisualCogB_Task-1.mat,B,Task-1,L,F3,43,0.875,0.072775948,-13.544569,9.4095019
VisualCogB_Task-1.mat,B,Task-1,L,F3,43,0.87890625,0.0096013992,-13.657867,9.2383754
VisualCogB_Task-1.mat,B,Task-1,L,F3,43,0.8828125,-0.10870046,-13.748105,8.8206975
VisualCogB_Task-1.mat,B,Task-1,L,F3,43,0.88671875,-0.24580329,-13.689627,8.6167745
VisualCogB_Task-1.mat,B,Task-1,L,F3,43,0.890625,-0.39933477,-13.719316,8.6369419
VisualCogB_Task-1.mat,B,Task-1,L,F3,43,0.89453125,-0.48482188,-13.552854,8.3144076
VisualCogB_Task-1.mat,B,Task-1,L,F3,43,0.8984375,-0.48083484,-13.357439,8.2689046
VisualCogB_Task-1.mat,B,Task-1,L,F3,43,0.90234375,-0.40834087,-13.244807,8.3671114
VisualCogB_Task-1.mat,B,Task-1,L,F3,43,0.90625,-0.29987764,-12.948799,8.4908119
VisualCogB_Task-1.mat,B,Task-1,L,F3,43,0.91015625,-0.1713933,-12.516249,8.6891757
VisualCogB_Task-1.mat,B,Task-1,L,F3,43,0.9140625,-0.057860727,-12.120274,8.8172986
VisualCogB_Task-1.mat,B,Task-1,L,F3,43,0.91796875,0.012942659,-11.814804,8.795641
VisualCogB_Task-1.mat,B,Task-1,L,F3,43,0.921875,0.027379769,-11.634246,8.8556518
VisualCogB_Task-1.mat,B,Task-1,L,F3,43,0.92578125,-0.017169137,-11.413623,8.6242274
VisualCogB_Task-1.mat,B,Task-1,L,F3,43,0.9296875,-0.12435349,-11.462003,8.5035209
VisualCogB_Task-1.mat,B,Task-1,L,F3,43,0.93359375,-0.29201958,-11.484368,8.3044218
VisualCogB_Task-1.mat,B,Task-1,L,F3,43,0.9375,-0.48906251,-11.425319,7.8554793
VisualCogB_Task-1.mat,B,Task-1,L,F3,43,0.94140625,-0.58006361,-11.387425,7.684851
VisualCogB_Task-1.mat,B,Task-1,L,F3,43,0.9453125,-0.68978097,-11.288287,7.7333824
VisualCogB_Task-1.mat,B,Task-1,L,F3,43,0.94921875,-0.82070773,-11.159366,7.5802512
VisualCogB_Task-1.mat,B,Task-1,L,F3,43,0.953125,-0.97533705,-11.274903,7.4052504
VisualCogB_Task-1.mat,B,Task-1,L,F3,43,0.95703125,-1.1561621,-11.3987,7.4168877
VisualCogB_Task-1.mat,B,Task-1,L,F3,43,0.9609375,-1.3656759,-11.460842,7.3259197
VisualCogB_Task-1.mat,B,Task-1,L,F3,43,0.96484375,-1.6063718,-11.544331,6.9721481
VisualCogB_Task-1.mat,B,Task-1,L,F3,43,0.96875,-1.8807428,-11.692522,6.6312384
VisualCogB_Task-1.mat,B,Task-1,L,F3,43,0.97265625,-2.191282,-11.95943,6.6186263
VisualCogB_Task-1.mat,B,Task-1,L,F3,43,0.9765625,-2.5404827,-12.301934,6.447097
VisualCogB_Task-1.mat,B,Task-1,L,F3,43,0.98046875,-2.930838,-12.410783,5.8159581
VisualCogB_Task-1.mat,B,Task-1,L,F3,43,0.984375,-3.3648411,-12.829679,5.5347512
VisualCogB_Task-1.mat,B,Task-1,L,F3,43,0.98828125,-3.844985,-13.305942,5.3636877
VisualCogB_Task-1.mat,B,Task-1,L,F3,43,0.9921875,-4.3737629,-14.351655,5.3321843
VisualCogB_Task-1.mat,B,Task-1,L,F3,43,0.99609375,-4.953668,-16.002952,5.0668739
VisualCogB_Task-1.mat,B,Task-1,L,F4,43,-0.5,2.874162,-3.6083511,9.1331812
VisualCogB_Task-1.mat,B,Task-1,L,F4,43,-0.49609375,2.5699662,-3.5987343,8.2118266
VisualCogB_Task-1.mat,B,Task-1,L,F4,43,-0.4921875,2.2611949,-3.9031954,7.4964605
VisualCogB_Task-1.mat,B,Task-1,L,F4,43,-0.48828125,1.9498698,-4.2991245,7.2572788
VisualCogB_Task-1.mat,B,Task-1,L,F4,43,-0.484375,1.6380124,-4.787253,7.3798568
VisualCogB_Task-1.mat,B,Task-1,L,F4,43,-0.48046875,1.3276442,-5.2260364,7.3348832
VisualCogB_Task-1.mat,B,Task-1,L,F4,43,-0.4765625,1.0207869,-5.8134159,7.3213414
VisualCogB_Task-1.mat,B,Task-1,L,F4,43,-0.47265625,0.71946205,-6.2688788,7.3178053
VisualCogB_Task-1.mat,B,Task-1,L,F4,43,-0.46875,0.42569111,-6.6287954,7.1513345
VisualCogB_Task-1.mat,B,Task-1,L,F4,43,-0.46484375,0.14149569,-6.9190818,6.8199367
VisualCogB_Task-1.mat,B,Task-1,L,F4,43,-0.4609375,-0.13110265,-7.1089355,6.6655789
VisualCogB_Task-1.mat,B,Task-1,L,F4,43,-0.45703125,-0.39008236,-7.2355224,6.4337323
VisualCogB_Task-1.mat,B,Task-1,L,F4,43,-0.453125,-0.63342188,-7.3168837,6.0541743
VisualCogB_Task-1.mat,B,Task-1,L,F4,43,-0.44921875,-0.85909964,-7.1242885,5.9908534
VisualCogB_Task-1.mat,B,Task-1,L,F4,43,-0.4453125,-1.0650941,-7.1973558,5.9043133
VisualCogB_Task-1.mat,B,Task-1,L,F4,43,-0.44140625,-1.2493837,-7.1845962,5.7499334
VisualCogB_Task-1.mat,B,Task-1,L,F4,43,-0.4375,-1.4649169,-7.3930762,5.2845182
VisualCogB_Task-1.mat,B,Task-1,L,F4,43,-0.43359375,-1.6249633,-7.7950241,4.8044739
VisualCogB_Task-1.mat,B,Task-1,L,F4,43,-0.4296875,-1.7133277,-7.9242189,4.6015863
VisualCogB_Task-1.mat,B,Task-1,L,F4,43,-0.42578125,-1.7358694,-8.0788947,4.5747534
VisualCogB_Task-1.mat,B,Task-1,L,F4,43,-0.421875,-1.7033633,-8.0326273,4.5821841
VisualCogB_Task-1.mat,B,Task-1,L,F4,43,-0.41796875,-1.6415598,-7.959857,4.6226627
VisualCogB_Task-1.mat,B,Task-1,L,F4,43,-0.4140625,-1.5595631,-7.8620128,4.7350664
VisualCogB_Task-1.mat,B,Task-1,L,F4,43,-0.41015625,-1.4638272,-7.6422795,4.7439532
VisualCogB_Task-1.mat,B,Task-1,L,F4,43,-0.40625,-1.3476071,-7.385519,4.8086686
VisualCogB_Task-1.mat,B,Task-1,L,F4,43,-0.40234375,-1.2102586,-7.125187,4.8439798
VisualCogB_Task-1.mat,B,Task-1,L,F4,43,-0.3984375,-1.0610476,-6.8296896,4.92504
VisualCogB_Task-1.mat,B,Task-1,L,F4,43,-0.39453125,-0.91365528,-6.5979852,5.0085899
VisualCogB_Task-1.mat,B,Task-1,L,F4,43,-0.390625,-0.7971044,-6.4787038,4.9646341
VisualCogB_Task-1.mat,B,Task-1,L,F4,43,-0.38671875,-0.72305952,-6.4126775,4.9856599
VisualCogB_Task-1.mat,B,Task-1,L,F4,43,-0.3828125,-0.69815902,-6.2980871,4.8923721
VisualCogB_Task-1.mat,B,Task-1,L,F4,43,-0.37890625,-0.71888297,-6.255908,4.7085037
VisualCogB_Task-1.mat,B,Task-1,L,F4,43,-0.375,-0.82423718,-6.5588837,4.4833284
VisualCogB_Task-1.mat,B,Task-1,L,F4,43,-0.37109375,-0.99849642,-6.656525,4.310323
VisualCogB_Task-1.mat,B,Task-1,L,F4,43,-0.3671875,-1.1928858,-6.9427776,4.3314082
VisualCogB_Task-1.mat,B,Task-1,L,F4,43,-0.36328125,-1.3813859,-7.0758394,4.1545169
VisualCogB_Task-1.mat,B,Task-1,L,F4,43,-0.359375,-1.5302395,-7.1295105,4.3031775
VisualCogB_Task-1.mat,B,Task-1,L,F4,43,-0.35546875,-1.6348927,-7.0769159,4.3242935
VisualCogB_Task-1.mat,B,Task-1,L,F4,43,-0.3515625,-1.6706975,-7.1195282,4.3346465
VisualCogB_Task-1.mat,B,Task-1,L,F4,43,-0.34765625,-1.630794,-7.0632601,4.3580672
VisualCogB_Task-1.mat,B,Task-1,L,F4,43,-0.34375,-1.5057235,-6.9596927,4.4796047
VisualCogB_Task-1.mat,B,Task-1,L,F4,43,-0.33984375,-1.3284942,-6.7402867,4.6270413
VisualCogB_Task-1.mat,B,Task-1,L,F4,43,-0.3359375,-1.1216795,-6.5595262,4.8521899
VisualCogB_Task-1.mat,B,Task-1,L,F4,43,-0.33203125,-0.88820819,-6.1864282,5.0540511
VisualCogB_Task-1.mat,B,Task-1,L,F4,43,-0.328125,-0.65093862,-5.7824355,5.2809741
VisualCogB_Task-1.mat,B,Task-1,L,F4,43,-0.32421875,-0.39846837,-5.4860359,5.3779079
VisualCogB_Task-1.mat,B,Task-1,L,F4,43,-0.3203125,-0.15531993,-5.3125306,5.5314503
VisualCogB_Task-1.mat,B,Task-1,L,F4,43,-0.31640625,0.063938359,-5.1342665,5.7394694
VisualCogB_Task-1.mat,B,Task-1,L,F4,43,-0.3125,0.27055054,-4.8555093,5.8249687
VisualCogB_Task-1.mat,B,Task-1,L,F4,43,-0.30859375,0.47604188,-4.6073866,5.8852797
VisualCogB_Task-1.mat,B,Task-1,L,F4,43,-0.3046875,0.7099256,-4.4895386,6.0647554
VisualCogB_Task-1.mat,B,Task-1,L,F4,43,-0.30078125,0.96811053,-4.3187444,6.3536656
VisualCogB_Task-1.mat,B,Task-1,L,F4,43,-0.296875,1.2500965,-4.0015052,6.7272818
VisualCogB_Task-1.mat,B,Task-1,L,F4,43,-0.29296875,1.5195357,-3.8104531,7.0805609
VisualCogB_Task-1.mat,B,Task-1,L,F4,43,-0.2890625,1.751918,-3.6502212,7.3853002
VisualCogB_Task-1.mat,B,Task-1,L,F4,43,-0.28515625,1.8970565,-3.4656854,7.3638133
VisualCogB_Task-1.mat,B,Task-1,L,F4,43,-0.28125,1.9436034,-3.4014786,7.3969274
VisualCogB_Task-1.mat,B,Task-1,L,F4,43,-0.27734375,1.899933,-3.2164344,7.1570892
VisualCogB_Task-1.mat,B,Task-1,L,F4,43,-0.2734375,1.7852723,-3.1464837,7.040046
VisualCogB_Task-1.mat,B,Task-1,L,F4,43,-0.26953125,1.6189683,-3.2768992,6.9033277
VisualCogB_Task-1.mat,B,Task-1,L,F4,43,-0.265625,1.4330648,-3.3334359,6.7287806
VisualCogB_Task-1.mat,B,Task-1,L,F4,43,-0.26171875,1.2443776,-3.6082109,6.5335079
VisualCogB_Task-1.mat,B,Task-1,L,F4,43,-0.2578125,1.0415402,-3.653774,6.2879447
VisualCogB_Task-1.mat,B,Task-1,L,F4,43,-0.25390625,0.8316347,-3.5724052,6.2122731
VisualCogB_Task-1.mat,B,Task-1,L,F4,43,-0.25,0.62896839,-3.7926783,5.8571111
VisualCogB_Task-1.mat,B,Task-1,L,F4,43,-0.24609375,0.41205762,-3.9854213,5.6105528
VisualCogB_Task-1.mat,B,Task-1,L,F4,43,-0.2421875,0.16728252,-4.2445889,5.3939046
VisualCogB_Task-1.mat,B,Task-1,L,F4,43,-0.23828125,-0.08990098,-4.4971233,5.1909724
VisualCogB_Task-1.mat,B,Task-1,L,F4,43,-0.234375,-0.32572812,-4.6859444,4.994298
VisualCogB_Task-1.mat,B,Task-1,L,F4,43,-0.23046875,-0.51775451,-4.7790918,4.70878
VisualCogB_Task-1.mat,B,Task-1,L,F4,43,-0.2265625,-0.65397663,-4.9860249,4.4334318
VisualCogB_Task-1.mat,B,Task-1,L,F4,43,-0.22265625,-0.74923047,-4.9017051,4.1468506
VisualCogB_Task-1.mat,B,Task-1,L,F4,43,-0.21875,-0.77223855,-4.8911634,3.9721989
VisualCogB_Task-1.mat,B,Task-1,L,F4,43,-0.21484375,-0.71015037,-4.5651779,3.7845658
VisualCogB_Task-1.mat,B,Task-1,L,F4,43,-0.2109375,-0.58160102,-4.2064264,3.730168
VisualCogB_Task-1.mat,B,Task-1,L,F4,43,-0.20703125,-0.40509242,-3.9055574,3.81309
VisualCogB_Task-1.mat,B,Task-1,L,F4,43,-0.203125,-0.20952873,-3.6768329,3.8558281
VisualCogB_Task-1.mat,B,Task-1,L,F4,43,-0.19921875,0.0014106212,-3.4541097,3.9464962
VisualCogB_Task-1.mat,B,Task-1,L,F4,43,-0.1953125,0.2475654,-3.1924072,4.118627
VisualCogB_Task-1.mat,B,Task-1,L,F4,43,-0.19140625,0.51693132,-2.9105916,4.3204897
VisualCogB_Task-1.mat,B,Task-1,L,F4,43,-0.1875,0.79594708,-2.6210505,4.5205894
VisualCogB_Task-1.mat,B,Task-1,L,F4,43,-0.18359375,1.0351029,-2.3377546,4.7821554
VisualCogB_Task-1.mat,B,Task-1,L,F4,43,-0.1796875,1.2047697,-2.1666407,4.8068649
VisualCogB_Task-1.mat,B,Task-1,L,F4,43,-0.17578125,1.2814677,-1.9863357,4.6691495
VisualCogB_Task-1.mat,B,Task-1,L,F4,43,-0.171875,1.2810219,-2.0188337,4.5630008
VisualCogB_Task-1.mat,B,Task-1,L,F4,43,-0.16796875,1.210676,-1.9860559,4.4207299
VisualCogB_Task-1.mat,B,Task-1,L,F4,43,-0.1640625,1.10593,-2.0775972,4.2270959
VisualCogB_Task-1.mat,B,Task-1,L,F4,43,-0.16015625,0.98179802,-2.1958013,4.0737575
VisualCogB_Task-1.mat,B,Task-1,L,F4,43,-0.15625,0.83730272,-2.31262,3.9104482
VisualCogB_Task-1.mat,B,Task-1,L,F4,43,-0.15234375,0.66146042,-2.4201853,3.6105382
VisualCogB_Task-1.mat,B,Task-1,L,F4,43,-0.1484375,0.44926492,-2.5966524,3.3121892
VisualCogB_Task-1.mat,B,Task-1,L,F4,43,-0.14453125,0.20633672,-2.8947461,2.9368612
VisualCogB_Task-1.mat,B,Task-1,L,F4,43,-0.140625,-0.086316473,-3.1499573,2.3402379
VisualCogB_Task-1.mat,B,Task-1,L,F4,43,-0.13671875,-0.40268792,-3.3189468,1.8668931
VisualCogB_Task-1.mat,B,Task-1,L,F4,43,-0.1328125,-0.70952292,-3.4951942,1.3302208
VisualCogB_Task-1.mat,B,Task-1,L,F4,43,-0.12890625,-0.98309955,-3.626767,0.91587138
VisualCogB_Task-1.mat,B,Task-1,L,F4,43,-0.125,-1.2032366,-3.6206451,0.66370953
VisualCogB_Task-1.mat,B,Task-1,L,F4,43,-0.12109375,-1.3353203,-3.6397312,0.59107993
VisualCogB_Task-1.mat,B,Task-1,L,F4,43,-0.1171875,-1.3923711,-3.4461721,0.4843093
VisualCogB_Task-1.mat,B,Task-1,L,F4,43,-0.11328125,-1.3860262,-3.2314471,0.3760071
VisualCogB_Task-1.mat,B,Task-1,L,F4,43,-0.109375,-1.3368214,-3.1835343,0.33506867
VisualCogB_Task-1.mat,B,Task-1,L,F4,43,-0.10546875,-1.228595,-2.9332152,0.40763347
VisualCogB_Task-1.mat,B,Task-1,L,F4,43,-0.1015625,-1.0613385,-2.7268798,0.47143092
VisualCogB_Task-1.mat,B,Task-1,L,F4,43,-0.09765625,-0.8525875,-2.4794353,0.69381417
VisualCogB_Task-1.mat,B,Task-1,L,F4,43,-0.09375,-0.63019553,-2.1758187,1.0256422
VisualCogB_Task-1.mat,B,Task-1,L,F4,43,-0.08984375,-0.40230027,-2.1211392,1.4448879
VisualCogB_Task-1.mat,B,Task-1,L,F4,43,-0.0859375,-0.17141626,-2.1313844,1.7840569
VisualCogB_Task-1.mat,B,Task-1,L,F4,43,-0.08203125,0.050510986,-2.2180677,2.10441
VisualCogB_Task-1.mat,B,Task-1,L,F4,43,-0.078125,0.26370655,-2.103256,2.3475848
VisualCogB_Task-1.mat,B,Task-1,L,F4,43,-0.07421875,0.43997013,-2.0611504,2.7071267
VisualCogB_Task-1.mat,B,Task-1,L,F4,43,-0.0703125,0.5584582,-2.1301659,2.990623
VisualCogB_Task-1.mat,B,Task-1,L,F4,43,-0.06640625,0.60959226,-2.0888673,3.1683372
VisualCogB_Task-1.mat,B,Task-1,L,F4,43,-0.0625,0.60553141,-2.1282023,3.4536334
VisualCogB_Task-1.mat,B,Task-1,L,F4,43,-0.05859375,0.5625016,-2.2143511,3.4796881
VisualCogB_Task-1.mat,B,Task-1,L,F4,43,-0.0546875,0.47890578,-2.3358995,3.5232521
VisualCogB_Task-1.mat,B,Task-1,L,F4,43,-0.05078125,0.346202,-2.4931066,3.4251425
VisualCogB_Task-1.mat,B,Task-1,L,F4,43,-0.046875,0.15585323,-2.6754987,3.3689184
VisualCogB_Task-1.mat,B,Task-1,L,F4,43,-0.04296875,-0.098744556,-3.1309456,3.0207037
VisualCogB_Task-1.mat,B,Task-1,L,F4,43,-0.0390625,-0.41905152,-3.5107098,2.7842668
VisualCogB_Task-1.mat,B,Task-1,L,F4,43,-0.03515625,-0.77940791,-3.896422,2.5793124
VisualCogB_Task-1.mat,B,Task-1,L,F4,43,-0.03125,-1.1466121,-4.1936912,2.3966718
VisualCogB_Task-1.mat,B,Task-1,L,F4,43,-0.02734375,-1.4824087,-4.7521431,2.2638001
VisualCogB_Task-1.mat,B,Task-1,L,F4,43,-0.0234375,-1.7723417,-4.9686365,1.8642375
VisualCogB_Task-1.mat,B,Task-1,L,F4,43,-0.01953125,-1.9923465,-5.3007822,1.6839219
VisualCogB_Task-1.mat,B,Task-1,L,F4,43,-0.015625,-2.1444368,-5.629957,1.5114909
VisualCogB_Task-1.mat,B,Task-1,L,F4,43,-0.01171875,-2.2418204,-5.8458671,1.4313895
VisualCogB_Task-1.mat,B,Task-1,L,F4,43,-0.0078125,-2.3023634,-5.9819864,1.4036341
VisualCogB_Task-1.mat,B,Task-1,L,F4,43,-0.00390625,-2.3431374,-6.1784695,1.5779738
VisualCogB_Task-1.mat,B,Task-1,L,F4,43,0,-2.3969015,-6.4163252,1.7040279
VisualCogB_Task-1.mat,B,Task-1,L,F4,43,0.00390625,-2.4515842,-6.5651019,1.8409968
VisualCogB_Task-1.mat,B,Task-1,L,F4,43,0.0078125,-2.506499,-6.6774048,1.8324829
VisualCogB_Task-1.mat,B,Task-1,L,F4,43,0.01171875,-2.5298846,-6.6357029,1.7227871
VisualCogB_Task-1.mat,B,Task-1,L,F4,43,0.015625,-2.5332308,-6.6548647,1.7404207
VisualCogB_Task-1.mat,B,Task-1,L,F4,43,0.01953125,-2.5128629,-6.6777182,1.9654108
VisualCogB_Task-1.mat,B,Task-1,L,F4,43,0.0234375,-2.4766655,-6.6720019,2.0625299
VisualCogB_Task-1.mat,B,Task-1,L,F4,43,0.02734375,-2.4063871,-6.6876602,2.3112045
VisualCogB_Task-1.mat,B,Task-1,L,F4,43,0.03125,-2.3027297,-6.6739478,2.5233816
VisualCogB_Task-1.mat,B,Task-1,L,F4,43,0.03515625,-2.1846146,-6.5887292,2.7213476
VisualCogB_Task-1.mat,B,Task-1,L,F4,43,0.0390625,-2.0923222,-6.5364971,2.6970131
VisualCogB_Task-1.mat,B,Task-1,L,F4,43,0.04296875,-2.042913,-6.4743968,2.6782352
VisualCogB_Task-1.mat,B,Task-1,L,F4,43,0.046875,-2.0422406,-6.4856948,2.5559753
VisualCogB_Task-1.mat,B,Task-1,L,F4,43,0.05078125,-2.1058172,-6.5044967,2.4500241
VisualCogB_Task-1.mat,B,Task-1,L,F4,43,0.0546875,-2.2243381,-6.6814554,2.3334447
VisualCogB_Task-1.mat,B,Task-1,L,F4,43,0.05859375,-2.4060657,-6.935935,2.1621498
VisualCogB_Task-1.mat,B,Task-1,L,F4,43,0.0625,-2.6456421,-7.2444512,1.9030363
VisualCogB_Task-1.mat,B,Task-1,L,F4,43,0.06640625,-2.9383469,-7.5043881,1.8309064
VisualCogB_Task-1.mat,B,Task-1,L,F4,43,0.0703125,-3.27153,-7.6981052,1.6540379
VisualCogB_Task-1.mat,B,Task-1,L,F4,43,0.07421875,-3.6257897,-8.0416159,1.370737
VisualCogB_Task-1.mat,B,Task-1,L,F4,43,0.078125,-3.9864625,-8.4288045,0.8718856
VisualCogB_Task-1.mat,B,Task-1,L,F4,43,0.08203125,-4.3295879,-8.9047704,0.57883528
VisualCogB_Task-1.mat,B,Task-1,L,F4,43,0.0859375,-4.6478358,-9.3003982,0.36520083
VisualCogB_Task-1.mat,B,Task-1,L,F4,43,0.08984375,-4.93718,-9.6643264,0.28522516
VisualCogB_Task-1.mat,B,Task-1,L,F4,43,0.09375,-5.1986618,-9.9239016,0.010503363
VisualCogB_Task-1.mat,B,Task-1,L,F4,43,0.09765625,-5.4438342,-10.163122,-0.17620322
VisualCogB_Task-1.mat,B,Task-1,L,F4,43,0.1015625,-5.6796951,-10.492104,-0.47683527
VisualCogB_Task-1.mat,B,Task-1,L,F4,43,0.10546875,-5.8782411,-10.64583,-0.77168771
VisualCogB_Task-1.mat,B,Task-1,L,F4,43,0.109375,-6.0200755,-10.85188,-0.83172853
VisualCogB_Task-1.mat,B,Task-1,L,F4,43,0.11328125,-6.1008129,-10.944217,-0.8786115
VisualCogB_Task-1.mat,B,Task-1,L,F4,43,0.1171875,-6.1518226,-11.048383,-0.96292884
VisualCogB_Task-1.mat,B,Task-1,L,F4,43,0.12109375,-6.1556821,-11.083563,-1.11936
VisualCogB_Task-1.mat,B,Task-1,L,F4,43,0.125,-6.1085099,-10.999839,-1.1363974
VisualCogB_Task-1.mat,B,Task-1,L,F4,43,0.12890625,-6.0474803,-10.902319,-1.3270552
VisualCogB_Task-1.mat,B,Task-1,L,F4,43,0.1328125,-6.0145989,-10.710794,-1.5024868
VisualCogB_Task-1.mat,B,Task-1,L,F4,43,0.13671875,-5.9178884,-10.765897,-1.6716555
VisualCogB_Task-1.mat,B,Task-1,L,F4,43,0.140625,-5.7973537,-10.45967,-1.6895841
VisualCogB_Task-1.mat,B,Task-1,L,F4,43,0.14453125,-5.7062594,-10.193,-1.5856985
VisualCogB_Task-1.mat,B,Task-1,L,F4,43,0.1484375,-5.6282264,-10.041244,-1.4170736
VisualCogB_Task-1.mat,B,Task-1,L,F4,43,0.15234375,-5.5915816,-9.9204972,-1.1108476
VisualCogB_Task-1.mat,B,Task-1,L,F4,43,0.15625,-5.5919247,-9.8975686,-0.99835869
VisualCogB_Task-1.mat,B,Task-1,L,F4,43,0.16015625,-5.6089324,-9.9036945,-0.91652047
VisualCogB_Task-1.mat,B,Task-1,L,F4,43,0.1640625,-5.644476,-9.892244,-0.88385319
VisualCogB_Task-1.mat,B,Task-1,L,F4,43,0.16796875,-5.7047834,-9.9088367,-0.84815983
VisualCogB_Task-1.mat,B,Task-1,L,F4,43,0.171875,-5.7596016,-9.9255643,-0.7110198
VisualCogB_Task-1.mat,B,Task-1,L,F4,43,0.17578125,-5.8220766,-10.107881,-0.66836273
VisualCogB_Task-1.mat,B,Task-1,L,F4,43,0.1796875,-5.8651845,-10.326675,-0.52009741
VisualCogB_Task-1.mat,B,Task-1,L,F4,43,0.18359375,-5.8944077,-10.54824,-0.68008694
VisualCogB_Task-1.mat,B,Task-1,L,F4,43,0.1875,-5.9082046,-10.642547,-0.66284878
VisualCogB_Task-1.mat,B,Task-1,L,F4,43,0.19140625,-5.9211809,-10.816512,-0.56272095
VisualCogB_Task-1.mat,B,Task-1,L,F4,43,0.1953125,-5.9559352,-10.90508,-0.49823925
VisualCogB_Task-1.mat,B,Task-1,L,F4,43,0.19921875,-6.0168581,-10.998157,-0.50956195
VisualCogB_Task-1.mat,B,Task-1,L,F4,43,0.203125,-6.1129068,-11.229498,-0.68161343
VisualCogB_Task-1.mat,B,Task-1,L,F4,43,0.20703125,-6.2228748,-11.43276,-0.8664219
VisualCogB_Task-1.mat,B,Task-1,L,F4,43,0.2109375,-6.3547349,-11.589904,-0.91824587
VisualCogB_Task-1.mat,B,Task-1,L,F4,43,0.21484375,-6.4851147,-11.930518,-1.1006234
VisualCogB_Task-1.mat,B,Task-1,L,F4,43,0.21875,-6.5865962,-12.098206,-1.2683424
VisualCogB_Task-1.mat,B,Task-1,L,F4,43,0.22265625,-6.6243573,-12.225222,-1.1525014
VisualCogB_Task-1.mat,B,Task-1,L,F4,43,0.2265625,-6.6066534,-12.300669,-1.0088186
VisualCogB_Task-1.mat,B,Task-1,L,F4,43,0.23046875,-6.5627749,-12.367979,-0.95681872
VisualCogB_Task-1.mat,B,Task-1,L,F4,43,0.234375,-6.5135832,-12.498951,-0.8414777
VisualCogB_Task-1.mat,B,Task-1,L,F4,43,0.23828125,-6.4256131,-12.328954,-0.80029892
VisualCogB_Task-1.mat,B,Task-1,L,F4,43,0.2421875,-6.3212618,-12.282834,-0.79427621
VisualCogB_Task-1.mat,B,Task-1,L,F4,43,0.24609375,-6.227786,-12.266222,-0.70382132
VisualCogB_Task-1.mat,B,Task-1,L,F4,43,0.25,-6.1022164,-12.101855,-0.5295948
VisualCogB_Task-1.mat,B,Task-1,L,F4,43,0.25390625,-5.9056437,-11.900902,-0.45116992
VisualCogB_Task-1.mat,B,Task-1,L,F4,43,0.2578125,-5.710712,-11.574762,-0.2511247
VisualCogB_Task-1.mat,B,Task-1,L,F4,43,0.26171875,-5.5094134,-11.411166,-0.10829853
VisualCogB_Task-1.mat,B,Task-1,L,F4,43,0.265625,-5.25205,-11.123668,0.1451236
VisualCogB_Task-1.mat,B,Task-1,L,F4,43,0.26953125,-4.954638,-10.888547,0.57545699
VisualCogB_Task-1.mat,B,Task-1,L,F4,43,0.2734375,-4.6117421,-10.458854,1.0315908
VisualCogB_Task-1.mat,B,Task-1,L,F4,43,0.27734375,-4.2485629,-10.155086,1.5024945
VisualCogB_Task-1.mat,B,Task-1,L,F4,43,0.28125,-3.8746357,-9.8265568,1.8617127
VisualCogB_Task-1.mat,B,Task-1,L,F4,43,0.28515625,-3.5171107,-9.4322138,2.1883067
VisualCogB_Task-1.mat,B,Task-1,L,F4,43,0.2890625,-3.1619786,-9.1828082,2.4625484
VisualCogB_Task-1.mat,B,Task-1,L,F4,43,0.29296875,-2.8297939,-8.9009186,2.6858997
VisualCogB_Task-1.mat,B,Task-1,L,F4,43,0.296875,-2.4981678,-8.6612183,3.0079812
VisualCogB_Task-1.mat,B,Task-1,L,F4,43,0.30078125,-2.1842706,-8.3106591,3.3674053
VisualCogB_Task-1.mat,B,Task-1,L,F4,43,0.3046875,-1.9109452,-8.0644902,3.6828105
VisualCogB_Task-1.mat,B,Task-1,L,F4,43,0.30859375,-1.6896807,-7.8134518,3.8636634
VisualCogB_Task-1.mat,B,Task-1,L,F4,43,0.3125,-1.5248313,-7.5641201,4.01074
VisualCogB_Task-1.mat,B,Task-1,L,F4,43,0.31640625,-1.4179029,-7.4894349,4.1141581
VisualCogB_Task-1.mat,B,Task-1,L,F4,43,0.3203125,-1.3592695,-7.3644629,4.145687
VisualCogB_Task-1.mat,B,Task-1,L,F4,43,0.32421875,-1.3238606,-7.2435707,4.2385738
VisualCogB_Task-1.mat,B,Task-1,L,F4,43,0.328125,-1.306348,-7.1773393,4.2921334
VisualCogB_Task-1.mat,B,Task-1,L,F4,43,0.33203125,-1.289426,-7.1028113,4.3471665
VisualCogB_Task-1.mat,B,Task-1,L,F4,43,0.3359375,-1.2999064,-7.1674389,4.3440095
VisualCogB_Task-1.mat,B,Task-1,L,F4,43,0.33984375,-1.3669637,-7.1458739,4.3264547
VisualCogB_Task-1.mat,B,Task-1,L,F4,43,0.34375,-1.5224824,-7.2452656,4.2465549
VisualCogB_Task-1.mat,B,Task-1,L,F4,43,0.34765625,-1.7810148,-7.4415143,4.1652583
VisualCogB_Task-1.mat,B,Task-1,L,F4,43,0.3515625,-2.1182064,-7.7638721,4.0031513
VisualCogB_Task-1.mat,B,Task-1,L,F4,43,0.35546875,-2.4948347,-8.1420162,3.7538626
VisualCogB_Task-1.mat,B,Task-1,L,F4,43,0.359375,-2.9490143,-8.5502393,3.3958489
VisualCogB_Task-1.mat,B,Task-1,L,F4,43,0.36328125,-3.4255058,-9.0579226,3.0069368
VisualCogB_Task-1.mat,B,Task-1,L,F4,43,0.3671875,-3.8932612,-9.5168963,2.5991807
VisualCogB_Task-1.mat,B,Task-1,L,F4,43,0.37109375,-4.344036,-9.9850085,2.146244
VisualCogB_Task-1.mat,B,Task-1,L,F4,43,0.375,-4.7655581,-10.396822,1.6938889
VisualCogB_Task-1.mat,B,Task-1,L,F4,43,0.37890625,-5.1722826,-10.705044,1.221704
VisualCogB_Task-1.mat,B,Task-1,L,F4,43,0.3828125,-5.5769471,-11.238208,0.74191542
VisualCogB_Task-1.mat,B,Task-1,L,F4,43,0.38671875,-5.9907567,-11.618224,0.30881586
VisualCogB_Task-1.mat,B,Task-1,L,F4,43,0.390625,-6.4302796,-12.095638,-0.1782976
VisualCogB_Task-1.mat,B,Task-1,L,F4,43,0.39453125,-6.8859291,-12.494573,-0.64469174
VisualCogB_Task-1.mat,B,Task-1,L,F4,43,0.3984375,-7.3497018,-12.930898,-0.99555141
VisualCogB_Task-1.mat,B,Task-1,L,F4,43,0.40234375,-7.805283,-13.519241,-1.4277812
VisualCogB_Task-1.mat,B,Task-1,L,F4,43,0.40625,-8.2187336,-14.082065,-1.9101951
VisualCogB_Task-1.mat,B,Task-1,L,F4,43,0.41015625,-8.5839054,-14.506447,-2.3324057
VisualCogB_Task-1.mat,B,Task-1,L,F4,43,0.4140625,-8.8939619,-14.968369,-2.7091638
VisualCogB_Task-1.mat,B,Task-1,L,F4,43,0.41796875,-9.1580958,-15.362448,-2.9550518
VisualCogB_Task-1.mat,B,Task-1,L,F4,43,0.421875,-9.3981127,-15.603041,-3.1801779
VisualCogB_Task-1.mat,B,Task-1,L,F4,43,0.42578125,-9.6172754,-15.816602,-3.5255822
VisualCogB_Task-1.mat,B,Task-1,L,F4,43,0.4296875,-9.8270011,-16.153774,-3.8556132
VisualCogB_Task-1.mat,B,Task-1,L,F4,43,0.43359375,-10.0283,-16.309429,-4.0286801
VisualCogB_Task-1.mat,B,Task-1,L,F4,43,0.4375,-10.207855,-16.515527,-4.1908304
VisualCogB_Task-1.mat,B,Task-1,L,F4,43,0.44140625,-10.339611,-16.777356,-4.4775728
VisualCogB_Task-1.mat,B,Task-1,L,F4,43,0.4453125,-10.412477,-16.807349,-4.4836773
VisualCogB_Task-1.mat,B,Task-1,L,F4,43,0.44921875,-10.45685,-16.868269,-4.5927843
VisualCogB_Task-1.mat,B,Task-1,L,F4,43,0.453125,-10.496813,-17.008981,-4.7093747
VisualCogB_Task-1.mat,B,Task-1,L,F4,43,0.45703125,-10.535544,-16.970698,-4.8449071
VisualCogB_Task-1.mat,B,Task-1,L,F4,43,0.4609375,-10.590342,-16.892942,-4.8831719
VisualCogB_Task-1.mat,B,Task-1,L,F4,43,0.46484375,-10.61615,-16.885645,-4.95277
VisualCogB_Task-1.mat,B,Task-1,L,F4,43,0.46875,-10.562583,-16.931814,-5.0734401
VisualCogB_Task-1.mat,B,Task-1,L,F4,43,0.47265625,-10.415721,-16.928515,-4.7337713
VisualCogB_Task-1.mat,B,Task-1,L,F4,43,0.4765625,-10.180664,-16.806451,-4.2110627
VisualCogB_Task-1.mat,B,Task-1,L,F4,43,0.48046875,-9.802493,-16.648977,-3.6978354
VisualCogB_Task-1.mat,B,Task-1,L,F4,43,0.484375,-9.3168694,-16.41732,-2.8776818
VisualCogB_Task-1.mat,B,Task-1,L,F4,43,0.48828125,-8.764129,-16.197874,-2.1935746
VisualCogB_Task-1.mat,B,Task-1,L,F4,43,0.4921875,-8.1970265,-16.172818,-1.3765786
VisualCogB_Task-1.mat,B,Task-1,L,F4,43,0.49609375,-7.6367943,-16.033896,-0.61821716
VisualCogB_Task-1.mat,B,Task-1,L,F4,43,0.5,-7.0929253,-15.904884,0.15887947
VisualCogB_Task-1.mat,B,Task-1,L,F4,43,0.50390625,-6.5616896,-15.959388,1.4634465
VisualCogB_Task-1.mat,B,Task-1,L,F4,43,0.5078125,-5.9956646,-15.741519,2.5689009
VisualCogB_Task-1.mat,B,Task-1,L,F4,43,0.51171875,-5.3832657,-15.44942,3.8748712
VisualCogB_Task-1.mat,B,Task-1,L,F4,43,0.515625,-4.741852,-15.292258,5.1675443
VisualCogB_Task-1.mat,B,Task-1,L,F4,43,0.51953125,-4.0947346,-15.238751,6.4187602
VisualCogB_Task-1.mat,B,Task-1,L,F4,43,0.5234375,-3.4581791,-15.145809,7.7094361
VisualCogB_Task-1.mat,B,Task-1,L,F4,43,0.52734375,-2.8906612,-15.012693,8.6055289
VisualCogB_Task-1.mat,B,Task-1,L,F4,43,0.53125,-2.4459569,-14.84216,9.3110744
VisualCogB_Task-1.mat,B,Task-1,L,F4,43,0.53515625,-2.1192272,-14.717457,10.183988
VisualCogB_Task-1.mat,B,Task-1,L,F4,43,0.5390625,-1.8938684,-14.461363,10.496054
VisualCogB_Task-1.mat,B,Task-1,L,F4,43,0.54296875,-1.7509824,-14.29879,10.614257
VisualCogB_Task-1.mat,B,Task-1,L,F4,43,0.546875,-1.6473101,-14.182269,10.554281
VisualCogB_Task-1.mat,B,Task-1,L,F4,43,0.55078125,-1.5453164,-14.113739,10.64384
VisualCogB_Task-1.mat,B,Task-1,L,F4,43,0.5546875,-1.4326203,-13.901684,10.820376
VisualCogB_Task-1.mat,B,Task-1,L,F4,43,0.55859375,-1.2734706,-13.811103,10.909268
VisualCogB_Task-1.mat,B,Task-1,L,F4,43,0.5625,-1.0747152,-13.615565,10.655542
VisualCogB_Task-1.mat,B,Task-1,L,F4,43,0.56640625,-0.86045987,-13.471338,10.752032
VisualCogB_Task-1.mat,B,Task-1,L,F4,43,0.5703125,-0.63533732,-13.657966,10.381207
VisualCogB_Task-1.mat,B,Task-1,L,F4,43,0.57421875,-0.40995145,-13.635283,10.322963
VisualCogB_Task-1.mat,B,Task-1,L,F4,43,0.578125,-0.1740142,-13.325116,10.871417
VisualCogB_Task-1.mat,B,Task-1,L,F4,43,0.58203125,0.12642006,-12.984338,11.379846
VisualCogB_Task-1.mat,B,Task-1,L,F4,43,0.5859375,0.47555572,-12.750781,11.553189
VisualCogB_Task-1.mat,B,Task-1,L,F4,43,0.58984375,0.86414163,-12.598095,12.089514
VisualCogB_Task-1.mat,B,Task-1,L,F4,43,0.59375,1.3018886,-12.528828,13.05512
VisualCogB_Task-1.mat,B,Task-1,L,F4,43,0.59765625,1.8095316,-12.387937,14.049727
VisualCogB_Task-1.mat,B,Task-1,L,F4,43,0.6015625,2.3923086,-12.31145,14.911105
VisualCogB_Task-1.mat,B,Task-1,L,F4,43,0.60546875,3.0628511,-11.87987,16.130672
VisualCogB_Task-1.mat,B,Task-1,L,F4,43,0.609375,3.8035213,-11.435287,17.484341
VisualCogB_Task-1.mat,B,Task-1,L,F4,43,0.61328125,4.645099,-11.144396,19.306677
VisualCogB_Task-1.mat,B,Task-1,L,F4,43,0.6171875,5.5732339,-11.130052,21.129607
VisualCogB_Task-1.mat,B,Task-1,L,F4,43,0.62109375,6.5662975,-10.813413,22.690431
VisualCogB_Task-1.mat,B,Task-1,L,F4,43,0.625,7.5871916,-10.308825,24.303677
VisualCogB_Task-1.mat,B,Task-1,L,F4,43,0.62890625,8.6301031,-9.9108038,25.856419
VisualCogB_Task-1.mat,B,Task-1,L,F4,43,0.6328125,9.6144513,-9.4229571,26.416555
VisualCogB_Task-1.mat,B,Task-1,L,F4,43,0.63671875,10.521844,-8.7791049,27.109452
VisualCogB_Task-1.mat,B,Task-1,L,F4,43,0.640625,11.361921,-8.1148513,28.256922
VisualCogB_Task-1.mat,B,Task-1,L,F4,43,0.64453125,12.11491,-7.3090916,29.375556
VisualCogB_Task-1.mat,B,Task-1,L,F4,43,0.6484375,12.839941,-6.5552922,30.447412
VisualCogB_Task-1.mat,B,Task-1,L,F4,43,0.65234375,13.570193,-6.1918185,31.149575
VisualCogB_Task-1.mat,B,Task-1,L,F4,43,0.65625,14.302461,-5.090545,31.678167
VisualCogB_Task-1.mat,B,Task-1,L,F4,43,0.66015625,15.013213,-4.1871968,32.384238
VisualCogB_Task-1.mat,B,Task-1,L,F4,43,0.6640625,15.669846,-3.7781709,33.081839
VisualCogB_Task-1.mat,B,Task-1,L,F4,43,0.66796875,16.228511,-3.3009207,34.271884
VisualCogB_Task-1.mat,B,Task-1,L,F4,43,0.671875,16.670604,-2.2345687,34.916586
VisualCogB_Task-1.mat,B,Task-1,L,F4,43,0.67578125,17.009886,-1.836751,35.459369
VisualCogB_Task-1.mat,B,Task-1,L,F4,43,0.6796875,17.225351,-1.5127999,35.44507
VisualCogB_Task-1.mat,B,Task-1,L,F4,43,0.68359375,17.302203,-1.4593748,34.807435
VisualCogB_Task-1.mat,B,Task-1,L,F4,43,0.6875,17.235803,-1.0702258,34.350428
VisualCogB_Task-1.mat,B,Task-1,L,F4,43,0.69140625,17.021903,-0.95585973,34.183996
VisualCogB_Task-1.mat,B,Task-1,L,F4,43,0.6953125,16.684493,-1.0669901,33.736216
VisualCogB_Task-1.mat,B,Task-1,L,F4,43,0.69921875,16.230951,-1.6042149,33.261514
VisualCogB_Task-1.mat,B,Task-1,L,F4,43,0.703125,15.671529,-2.2118036,32.424049
VisualCogB_Task-1.mat,B,Task-1,L,F4,43,0.70703125,15.077192,-2.6933623,31.465932
VisualCogB_Task-1.mat,B,Task-1,L,F4,43,0.7109375,14.461516,-3.207795,30.634705
VisualCogB_Task-1.mat,B,Task-1,L,F4,43,0.71484375,13.856078,-3.4469732,30.109015
VisualCogB_Task-1.mat,B,Task-1,L,F4,43,0.71875,13.251442,-3.9787001,28.681478
VisualCogB_Task-1.mat,B,Task-1,L,F4,43,0.72265625,12.638085,-4.5133866,27.348795
VisualCogB_Task-1.mat,B,Task-1,L,F4,43,0.7265625,11.971123,-5.3339517,26.516636
VisualCogB_Task-1.mat,B,Task-1,L,F4,43,0.73046875,11.282186,-5.8332536,25.741978
VisualCogB_Task-1.mat,B,Task-1,L,F4,43,0.734375,10.563787,-6.3896147,24.894422
VisualCogB_Task-1.mat,B,Task-1,L,F4,43,0.73828125,9.8187103,-7.0970952,23.816316
VisualCogB_Task-1.mat,B,Task-1,L,F4,43,0.7421875,9.0639136,-7.598145,23.044248
VisualCogB_Task-1.mat,B,Task-1,L,F4,43,0.74609375,8.3973588,-7.8721031,22.007234
VisualCogB_Task-1.mat,B,Task-1,L,F4,43,0.75,7.7896422,-8.1007086,21.116864
VisualCogB_Task-1.mat,B,Task-1,L,F4,43,0.75390625,7.274366,-8.2089621,20.370612
VisualCogB_Task-1.mat,B,Task-1,L,F4,43,0.7578125,6.8652938,-8.5527673,19.990136
VisualCogB_Task-1.mat,B,Task-1,L,F4,43,0.76171875,6.5351692,-8.8302766,19.279935
VisualCogB_Task-1.mat,B,Task-1,L,F4,43,0.765625,6.2580358,-9.2140444,18.832208
VisualCogB_Task-1.mat,B,Task-1,L,F4,43,0.76953125,5.9596184,-9.4400044,18.198045
VisualCogB_Task-1.mat,B,Task-1,L,F4,43,0.7734375,5.5992731,-9.3090582,17.544111
VisualCogB_Task-1.mat,B,Task-1,L,F4,43,0.77734375,5.1457329,-9.4839061,16.777332
VisualCogB_Task-1.mat,B,Task-1,L,F4,43,0.78125,4.5929311,-9.9229007,15.927437
VisualCogB_Task-1.mat,B,Task-1,L,F4,43,0.78515625,3.9831646,-10.397455,14.862191
VisualCogB_Task-1.mat,B,Task-1,L,F4,43,0.7890625,3.3704051,-10.770602,14.118605
VisualCogB_Task-1.mat,B,Task-1,L,F4,43,0.79296875,2.7749532,-11.053115,13.209579
VisualCogB_Task-1.mat,B,Task-1,L,F4,43,0.796875,2.1895028,-11.17217,12.286599
VisualCogB_Task-1.mat,B,Task-1,L,F4,43,0.80078125,1.6062951,-11.336822,11.532081
VisualCogB_Task-1.mat,B,Task-1,L,F4,43,0.8046875,1.0148987,-11.702236,10.617421
VisualCogB_Task-1.mat,B,Task-1,L,F4,43,0.80859375,0.397956,-12.145663,9.8618834
VisualCogB_Task-1.mat,B,Task-1,L,F4,43,0.8125,-0.25703941,-12.702894,9.4055418
VisualCogB_Task-1.mat,B,Task-1,L,F4,43,0.81640625,-0.95350383,-13.142405,8.8588916
VisualCogB_Task-1.mat,B,Task-1,L,F4,43,0.8203125,-1.6606466,-13.6681,8.3745908
VisualCogB_Task-1.mat,B,Task-1,L,F4,43,0.82421875,-2.3593368,-14.376893,7.9535672
VisualCogB_Task-1.mat,B,Task-1,L,F4,43,0.828125,-3.0525058,-15.268961,7.3335378
VisualCogB_Task-1.mat,B,Task-1,L,F4,43,0.83203125,-3.7352534,-16.220386,6.6930024
VisualCogB_Task-1.mat,B,Task-1,L,F4,43,0.8359375,-4.3921248,-17.078315,6.1156296
VisualCogB_Task-1.mat,B,Task-1,L,F4,43,0.83984375,-4.9832036,-17.827597,5.535144
VisualCogB_Task-1.mat,B,Task-1,L,F4,43,0.84375,-5.488472,-18.537352,4.9113619
VisualCogB_Task-1.mat,B,Task-1,L,F4,43,0.84765625,-5.8708798,-19.072966,4.4157708
VisualCogB_Task-1.mat,B,Task-1,L,F4,43,0.8515625,-6.1446486,-19.178051,3.8916765
VisualCogB_Task-1.mat,B,Task-1,L,F4,43,0.85546875,-6.3222234,-19.381011,3.5989398
VisualCogB_Task-1.mat,B,Task-1,L,F4,43,0.859375,-6.4022409,-19.368047,3.5676416
VisualCogB_Task-1.mat,B,Task-1,L,F4,43,0.86328125,-6.3859119,-19.114476,3.5563852
VisualCogB_Task-1.mat,B,Task-1,L,F4,43,0.8671875,-6.3402724,-18.57997,3.5417214
VisualCogB_Task-1.mat,B,Task-1,L,F4,43,0.87109375,-6.3233484,-18.224309,3.6671484
VisualCogB_Task-1.mat,B,Task-1,L,F4,43,0.875,-6.3610463,-18.091646,3.744906
VisualCogB_Task-1.mat,B,Task-1,L,F4,43,0.87890625,-6.4803557,-17.931071,3.7065287
VisualCogB_Task-1.mat,B,Task-1,L,F4,43,0.8828125,-6.67864,-17.925551,3.4502828
VisualCogB_Task-1.mat,B,Task-1,L,F4,43,0.88671875,-6.9352431,-18.232464,3.1749222
VisualCogB_Task-1.mat,B,Task-1,L,F4,43,0.890625,-7.2101549,-18.535455,2.9301347
VisualCogB_Task-1.mat,B,Task-1,L,F4,43,0.89453125,-7.4697272,-18.767266,2.8091255
VisualCogB_Task-1.mat,B,Task-1,L,F4,43,0.8984375,-7.6652933,-18.721918,2.2309273
VisualCogB_Task-1.mat,B,Task-1,L,F4,43,0.90234375,-7.7584646,-18.705352,2.0386202
VisualCogB_Task-1.mat,B,Task-1,L,F4,43,0.90625,-7.7501937,-18.438445,2.2398047
VisualCogB_Task-1.mat,B,Task-1,L,F4,43,0.91015625,-7.6689949,-18.127702,2.5997401
VisualCogB_Task-1.mat,B,Task-1,L,F4,43,0.9140625,-7.5667609,-18.127112,2.799405
VisualCogB_Task-1.mat,B,Task-1,L,F4,43,0.91796875,-7.4661332,-18.049695,2.8053832
VisualCogB_Task-1.mat,B,Task-1,L,F4,43,0.921875,-7.3870478,-17.938153,2.8867095
VisualCogB_Task-1.mat,B,Task-1,L,F4,43,0.92578125,-7.3478213,-17.716439,2.7757208
VisualCogB_Task-1.mat,B,Task-1,L,F4,43,0.9296875,-7.3567646,-17.358396,2.7640631
VisualCogB_Task-1.mat,B,Task-1,L,F4,43,0.93359375,-7.4082493,-17.063612,2.4925145
VisualCogB_Task-1.mat,B,Task-1,L,F4,43,0.9375,-7.4757645,-17.109599,2.4171507
VisualCogB_Task-1.mat,B,Task-1,L,F4,43,0.94140625,-7.312511,-16.949741,2.6181695
VisualCogB_Task-1.mat,B,Task-1,L,F4,43,0.9453125,-7.137006,-16.566616,2.8048372
VisualCogB_Task-1.mat,B,Task-1,L,F4,43,0.94921875,-6.9545187,-16.220357,2.7824031
VisualCogB_Task-1.mat,B,Task-1,L,F4,43,0.953125,-6.7703185,-15.863785,2.6301754
VisualCogB_Task-1.mat,B,Task-1,L,F4,43,0.95703125,-6.5896745,-15.418618,2.4513205
VisualCogB_Task-1.mat,B,Task-1,L,F4,43,0.9609375,-6.4178559,-15.132271,2.4712141
VisualCogB_Task-1.mat,B,Task-1,L,F4,43,0.96484375,-6.2601319,-14.986347,2.6781993
VisualCogB_Task-1.mat,B,Task-1,L,F4,43,0.96875,-6.1217718,-14.639636,2.6841943
VisualCogB_Task-1.mat,B,Task-1,L,F4,43,0.97265625,-6.0080449,-14.447736,2.6487465
VisualCogB_Task-1.mat,B,Task-1,L,F4,43,0.9765625,-5.9242202,-14.546835,2.49329
VisualCogB_Task-1.mat,B,Task-1,L,F4,43,0.98046875,-5.8755671,-14.813454,2.6110083
VisualCogB_Task-1.mat,B,Task-1,L,F4,43,0.984375,-5.8673548,-14.889122,3.2721789
VisualCogB_Task-1.mat,B,Task-1,L,F4,43,0.98828125,-5.9048524,-15.236426,3.7210289
VisualCogB_Task-1.mat,B,Task-1,L,F4,43,0.9921875,-5.9933293,-15.842473,4.2073346
VisualCogB_Task-1.mat,B,Task-1,L,F4,43,0.99609375,-6.1380546,-16.762208,5.2073555
VisualCogB_Task-1.mat,B,Task-1,R,Fz,47,-0.5,-0.032343316,-6.0210987,6.6555481
VisualCogB_Task-1.mat,B,Task-1,R,Fz,47,-0.49609375,0.42113322,-5.3971503,6.9253116
VisualCogB_Task-1.mat,B,Task-1,R,Fz,47,-0.4921875,0.77877397,-4.7823643,7.0166829
VisualCogB_Task-1.mat,B,Task-1,R,Fz,47,-0.48828125,1.0473304,-4.6376122,7.0510882
VisualCogB_Task-1.mat,B,Task-1,R,Fz,47,-0.484375,1.2335539,-4.5913439,7.0734844
VisualCogB_Task-1.mat,B,Task-1,R,Fz,47,-0.48046875,1.3441959,-4.6133875,7.0717286
VisualCogB_Task-1.mat,B,Task-1,R,Fz,47,-0.4765625,1.386008,-4.6383811,7.0451513
VisualCogB_Task-1.mat,B,Task-1,R,Fz,47,-0.47265625,1.3657414,-4.6611806,6.9721802
VisualCogB_Task-1.mat,B,Task-1,R,Fz,47,-0.46875,1.2901477,-4.7183692,6.7952466
VisualCogB_Task-1.mat,B,Task-1,R,Fz,47,-0.46484375,1.1659783,-4.7879569,6.7224965
VisualCogB_Task-1.mat,B,Task-1,R,Fz,47,-0.4609375,0.9999847,-4.8536302,6.4565192
VisualCogB_Task-1.mat,B,Task-1,R,Fz,47,-0.45703125,0.79891824,-5.009355,6.0716413
VisualCogB_Task-1.mat,B,Task-1,R,Fz,47,-0.453125,0.56953042,-5.0570001,5.7120255
VisualCogB_Task-1.mat,B,Task-1,R,Fz,47,-0.44921875,0.31857266,-5.2864682,5.5100989
VisualCogB_Task-1.mat,B,Task-1,R,Fz,47,-0.4453125,0.052796414,-5.4190119,5.2711786
VisualCogB_Task-1.mat,B,Task-1,R,Fz,47,-0.44140625,-0.22104688,-5.564312,4.9464741
VisualCogB_Task-1.mat,B,Task-1,R,Fz,47,-0.4375,-0.3588208,-5.5532788,4.7701071
VisualCogB_Task-1.mat,B,Task-1,R,Fz,47,-0.43359375,-0.51768879,-5.5550977,4.5499594
VisualCogB_Task-1.mat,B,Task-1,R,Fz,47,-0.4296875,-0.68434156,-5.5902689,4.2772659
VisualCogB_Task-1.mat,B,Task-1,R,Fz,47,-0.42578125,-0.8629689,-5.585551,4.060283
VisualCogB_Task-1.mat,B,Task-1,R,Fz,47,-0.421875,-1.041468,-5.7619368,3.9753556
VisualCogB_Task-1.mat,B,Task-1,R,Fz,47,-0.41796875,-1.2279533,-5.9762386,3.7074285
VisualCogB_Task-1.mat,B,Task-1,R,Fz,47,-0.4140625,-1.4034157,-6.2559718,3.5859429
VisualCogB_Task-1.mat,B,Task-1,R,Fz,47,-0.41015625,-1.5603319,-6.5504955,3.390225
VisualCogB_Task-1.mat,B,Task-1,R,Fz,47,-0.40625,-1.6912201,-6.8016977,3.1647853
VisualCogB_Task-1.mat,B,Task-1,R,Fz,47,-0.40234375,-1.7746194,-6.9431748,2.9618125
VisualCogB_Task-1.mat,B,Task-1,R,Fz,47,-0.3984375,-1.793973,-6.9155529,2.8274026
VisualCogB_Task-1.mat,B,Task-1,R,Fz,47,-0.39453125,-1.7482434,-6.7315379,2.7277128
VisualCogB_Task-1.mat,B,Task-1,R,Fz,47,-0.390625,-1.6615486,-6.4995278,2.6766583
VisualCogB_Task-1.mat,B,Task-1,R,Fz,47,-0.38671875,-1.5569157,-6.3077578,2.6616652
VisualCogB_Task-1.mat,B,Task-1,R,Fz,47,-0.3828125,-1.473929,-6.0526292,2.6487486
VisualCogB_Task-1.mat,B,Task-1,R,Fz,47,-0.37890625,-1.4594753,-6.0567617,2.5730128
VisualCogB_Task-1.mat,B,Task-1,R,Fz,47,-0.375,-1.5297352,-6.1517483,2.4151829
VisualCogB_Task-1.mat,B,Task-1,R,Fz,47,-0.37109375,-1.6802196,-6.2801982,2.2830824
VisualCogB_Task-1.mat,B,Task-1,R,Fz,47,-0.3671875,-1.8821958,-6.5060009,2.135492
VisualCogB_Task-1.mat,B,Task-1,R,Fz,47,-0.36328125,-2.1082201,-6.7894058,1.7787549
VisualCogB_Task-1.mat,B,Task-1,R,Fz,47,-0.359375,-2.341696,-6.9354927,1.5370718
VisualCogB_Task-1.mat,B,Task-1,R,Fz,47,-0.35546875,-2.5634695,-7.1374074,1.3278685
VisualCogB_Task-1.mat,B,Task-1,R,Fz,47,-0.3515625,-2.7471185,-7.2774235,1.0775381
VisualCogB_Task-1.mat,B,Task-1,R,Fz,47,-0.34765625,-2.8939965,-7.4106889,1.0080711
VisualCogB_Task-1.mat,B,Task-1,R,Fz,47,-0.34375,-3.0082092,-7.5075208,0.93824006
VisualCogB_Task-1.mat,B,Task-1,R,Fz,47,-0.33984375,-3.0961849,-7.5456363,0.8092214
VisualCogB_Task-1.mat,B,Task-1,R,Fz,47,-0.3359375,-3.1927643,-7.5866338,0.71016758
VisualCogB_Task-1.mat,B,Task-1,R,Fz,47,-0.33203125,-3.2755853,-7.6174199,0.80622035
VisualCogB_Task-1.mat,B,Task-1,R,Fz,47,-0.328125,-3.3495859,-7.6779664,0.85680162
VisualCogB_Task-1.mat,B,Task-1,R,Fz,47,-0.32421875,-3.3921718,-7.7294041,0.78760813
VisualCogB_Task-1.mat,B,Task-1,R,Fz,47,-0.3203125,-3.3734963,-7.7800209,0.92751593
VisualCogB_Task-1.mat,B,Task-1,R,Fz,47,-0.31640625,-3.2663597,-7.7577102,1.0208768
VisualCogB_Task-1.mat,B,Task-1,R,Fz,47,-0.3125,-3.0768896,-7.6420775,1.2574339
VisualCogB_Task-1.mat,B,Task-1,R,Fz,47,-0.30859375,-2.8241705,-7.5008963,1.5711663
VisualCogB_Task-1.mat,B,Task-1,R,Fz,47,-0.3046875,-2.5390168,-7.1630255,1.8967397
VisualCogB_Task-1.mat,B,Task-1,R,Fz,47,-0.30078125,-2.2374992,-6.7970978,2.2665867
VisualCogB_Task-1.mat,B,Task-1,R,Fz,47,-0.296875,-1.930574,-6.5107569,2.5966932
VisualCogB_Task-1.mat,B,Task-1,R,Fz,47,-0.29296875,-1.6460935,-6.2660874,2.7544273
VisualCogB_Task-1.mat,B,Task-1,R,Fz,47,-0.2890625,-1.4006254,-5.9402433,2.9402153
VisualCogB_Task-1.mat,B,Task-1,R,Fz,47,-0.28515625,-1.1755213,-5.6577485,3.0223472
VisualCogB_Task-1.mat,B,Task-1,R,Fz,47,-0.28125,-0.97702613,-5.3754713,3.1352191
VisualCogB_Task-1.mat,B,Task-1,R,Fz,47,-0.27734375,-0.80808103,-5.062131,3.1213821
VisualCogB_Task-1.mat,B,Task-1,R,Fz,47,-0.2734375,-0.67904045,-4.7531511,3.1024039
VisualCogB_Task-1.mat,B,Task-1,R,Fz,47,-0.26953125,-0.57192273,-4.553405,3.1243544
VisualCogB_Task-1.mat,B,Task-1,R,Fz,47,-0.265625,-0.49408697,-4.3793383,3.176364
VisualCogB_Task-1.mat,B,Task-1,R,Fz,47,-0.26171875,-0.46624796,-4.2399743,3.2004955
VisualCogB_Task-1.mat,B,Task-1,R,Fz,47,-0.2578125,-0.47830625,-4.0856069,2.9731266
VisualCogB_Task-1.mat,B,Task-1,R,Fz,47,-0.25390625,-0.51283171,-3.9717658,2.7953446
VisualCogB_Task-1.mat,B,Task-1,R,Fz,47,-0.25,-0.55868732,-3.979705,2.6651418
VisualCogB_Task-1.mat,B,Task-1,R,Fz,47,-0.24609375,-0.61738552,-4.0501507,2.6526009
VisualCogB_Task-1.mat,B,Task-1,R,Fz,47,-0.2421875,-0.69748753,-4.1049443,2.5012981
VisualCogB_Task-1.mat,B,Task-1,R,Fz,47,-0.23828125,-0.80504265,-4.1187666,2.2632673
VisualCogB_Task-1.mat,B,Task-1,R,Fz,47,-0.234375,-0.92800708,-4.1266345,2.1993599
VisualCogB_Task-1.mat,B,Task-1,R,Fz,47,-0.23046875,-1.0665155,-4.251159,2.1212903
VisualCogB_Task-1.mat,B,Task-1,R,Fz,47,-0.2265625,-1.2065941,-4.4298716,1.8366235
VisualCogB_Task-1.mat,B,Task-1,R,Fz,47,-0.22265625,-1.3192503,-4.554265,1.6260459
VisualCogB_Task-1.mat,B,Task-1,R,Fz,47,-0.21875,-1.386602,-4.502964,1.5895735
VisualCogB_Task-1.mat,B,Task-1,R,Fz,47,-0.21484375,-1.3769906,-4.3690198,1.6244122
VisualCogB_Task-1.mat,B,Task-1,R,Fz,47,-0.2109375,-1.302046,-4.1481563,1.6907287
VisualCogB_Task-1.mat,B,Task-1,R,Fz,47,-0.20703125,-1.1428008,-3.9470742,1.8524673
VisualCogB_Task-1.mat,B,Task-1,R,Fz,47,-0.203125,-0.92097695,-3.6913671,2.0021166
VisualCogB_Task-1.mat,B,Task-1,R,Fz,47,-0.19921875,-0.67633532,-3.2666294,2.1500156
VisualCogB_Task-1.mat,B,Task-1,R,Fz,47,-0.1953125,-0.44031497,-2.8783643,2.2751905
VisualCogB_Task-1.mat,B,Task-1,R,Fz,47,-0.19140625,-0.22593395,-2.5851289,2.3041743
VisualCogB_Task-1.mat,B,Task-1,R,Fz,47,-0.1875,-0.047147218,-2.4125624,2.401228
VisualCogB_Task-1.mat,B,Task-1,R,Fz,47,-0.18359375,0.1115234,-2.235843,2.4557652
VisualCogB_Task-1.mat,B,Task-1,R,Fz,47,-0.1796875,0.23046325,-1.9812078,2.5545204
VisualCogB_Task-1.mat,B,Task-1,R,Fz,47,-0.17578125,0.30249373,-1.8819206,2.5314199
VisualCogB_Task-1.mat,B,Task-1,R,Fz,47,-0.171875,0.33746838,-1.8786025,2.509658
VisualCogB_Task-1.mat,B,Task-1,R,Fz,47,-0.16796875,0.35784665,-1.7735922,2.437897
VisualCogB_Task-1.mat,B,Task-1,R,Fz,47,-0.1640625,0.34820417,-1.7672748,2.4412938
VisualCogB_Task-1.mat,B,Task-1,R,Fz,47,-0.16015625,0.30022112,-1.8332301,2.37462
VisualCogB_Task-1.mat,B,Task-1,R,Fz,47,-0.15625,0.21974171,-1.9200726,2.3122792
VisualCogB_Task-1.mat,B,Task-1,R,Fz,47,-0.15234375,0.10948778,-2.0533581,2.163615
VisualCogB_Task-1.mat,B,Task-1,R,Fz,47,-0.1484375,-0.040798818,-2.017687,2.0288188
VisualCogB_Task-1.mat,B,Task-1,R,Fz,47,-0.14453125,-0.23709834,-2.2698358,1.7894874
VisualCogB_Task-1.mat,B,Task-1,R,Fz,47,-0.140625,-0.46196022,-2.359312,1.4869876
VisualCogB_Task-1.mat,B,Task-1,R,Fz,47,-0.13671875,-0.68766882,-2.5544556,1.2695179
VisualCogB_Task-1.mat,B,Task-1,R,Fz,47,-0.1328125,-0.88362043,-2.7558923,0.96850502
VisualCogB_Task-1.mat,B,Task-1,R,Fz,47,-0.12890625,-1.0480559,-2.9711751,0.79298625
VisualCogB_Task-1.mat,B,Task-1,R,Fz,47,-0.125,-1.1815891,-3.0295482,0.64986068
VisualCogB_Task-1.mat,B,Task-1,R,Fz,47,-0.12109375,-1.2834393,-3.0807295,0.5095526
VisualCogB_Task-1.mat,B,Task-1,R,Fz,47,-0.1171875,-1.3520359,-3.0178102,0.38942222
VisualCogB_Task-1.mat,B,Task-1,R,Fz,47,-0.11328125,-1.3872969,-3.0623997,0.27778441
VisualCogB_Task-1.mat,B,Task-1,R,Fz,47,-0.109375,-1.375119,-3.1090396,0.26507909
VisualCogB_Task-1.mat,B,Task-1,R,Fz,47,-0.10546875,-1.3250385,-3.0310107,0.25896688
VisualCogB_Task-1.mat,B,Task-1,R,Fz,47,-0.1015625,-1.2332522,-2.9811915,0.288646
VisualCogB_Task-1.mat,B,Task-1,R,Fz,47,-0.09765625,-1.0723714,-2.7917825,0.49757027
VisualCogB_Task-1.mat,B,Task-1,R,Fz,47,-0.09375,-0.83531712,-2.5825632,0.88610474
VisualCogB_Task-1.mat,B,Task-1,R,Fz,47,-0.08984375,-0.52751357,-2.3079191,1.3908803
VisualCogB_Task-1.mat,B,Task-1,R,Fz,47,-0.0859375,-0.20329279,-2.0956463,1.7521139
VisualCogB_Task-1.mat,B,Task-1,R,Fz,47,-0.08203125,0.11029442,-1.8386891,2.105843
VisualCogB_Task-1.mat,B,Task-1,R,Fz,47,-0.078125,0.38752176,-1.5699433,2.3560834
VisualCogB_Task-1.mat,B,Task-1,R,Fz,47,-0.07421875,0.60469317,-1.3293727,2.5746621
VisualCogB_Task-1.mat,B,Task-1,R,Fz,47,-0.0703125,0.76052732,-1.0717604,2.7889572
VisualCogB_Task-1.mat,B,Task-1,R,Fz,47,-0.06640625,0.86065589,-0.94104088,2.8556384
VisualCogB_Task-1.mat,B,Task-1,R,Fz,47,-0.0625,0.90103133,-0.90923842,2.9486431
VisualCogB_Task-1.mat,B,Task-1,R,Fz,47,-0.05859375,0.89950968,-0.91705835,2.8786799
VisualCogB_Task-1.mat,B,Task-1,R,Fz,47,-0.0546875,0.86945954,-0.95632932,2.7817961
VisualCogB_Task-1.mat,B,Task-1,R,Fz,47,-0.05078125,0.8068989,-1.1593805,2.760384
VisualCogB_Task-1.mat,B,Task-1,R,Fz,47,-0.046875,0.69783874,-1.4788773,2.7403921
VisualCogB_Task-1.mat,B,Task-1,R,Fz,47,-0.04296875,0.55561538,-1.6536205,2.7076616
VisualCogB_Task-1.mat,B,Task-1,R,Fz,47,-0.0390625,0.39695133,-1.8913004,2.7183148
VisualCogB_Task-1.mat,B,Task-1,R,Fz,47,-0.03515625,0.22805538,-2.1979458,2.7658461
VisualCogB_Task-1.mat,B,Task-1,R,Fz,47,-0.03125,0.073905916,-2.5657695,2.787068
VisualCogB_Task-1.mat,B,Task-1,R,Fz,47,-0.02734375,-0.062090143,-2.7790119,2.8127537
VisualCogB_Task-1.mat,B,Task-1,R,Fz,47,-0.0234375,-0.17348322,-2.8816179,2.72975
VisualCogB_Task-1.mat,B,Task-1,R,Fz,47,-0.01953125,-0.25653601,-2.9620112,2.7147846
VisualCogB_Task-1.mat,B,Task-1,R,Fz,47,-0.015625,-0.31998562,-3.0904025,2.6207668
VisualCogB_Task-1.mat,B,Task-1,R,Fz,47,-0.01171875,-0.40129861,-3.3119222,2.6363014
VisualCogB_Task-1.mat,B,Task-1,R,Fz,47,-0.0078125,-0.51498224,-3.5547152,2.4858074
VisualCogB_Task-1.mat,B,Task-1,R,Fz,47,-0.00390625,-0.64526742,-3.7831,2.3790867
VisualCogB_Task-1.mat,B,Task-1,R,Fz,47,0,-0.76795779,-3.946415,2.2513288
VisualCogB_Task-1.mat,B,Task-1,R,Fz,47,0.00390625,-0.85758696,-4.107524,2.1874187
VisualCogB_Task-1.mat,B,Task-1,R,Fz,47,0.0078125,-0.90134603,-4.13841,2.27203
VisualCogB_Task-1.mat,B,Task-1,R,Fz,47,0.01171875,-0.90829317,-4.1877911,2.380843
VisualCogB_Task-1.mat,B,Task-1,R,Fz,47,0.015625,-0.85063335,-4.3794974,2.4654053
VisualCogB_Task-1.mat,B,Task-1,R,Fz,47,0.01953125,-0.73301222,-4.4505517,2.6802365
VisualCogB_Task-1.mat,B,Task-1,R,Fz,47,0.0234375,-0.59520974,-4.4928039,2.8959828
VisualCogB_Task-1.mat,B,Task-1,R,Fz,47,0.02734375,-0.46569823,-4.4636737,2.9979279
VisualCogB_Task-1.mat,B,Task-1,R,Fz,47,0.03125,-0.39886714,-4.412167,3.1007436
VisualCogB_Task-1.mat,B,Task-1,R,Fz,47,0.03515625,-0.39684025,-4.4298455,3.0964155
VisualCogB_Task-1.mat,B,Task-1,R,Fz,47,0.0390625,-0.45084481,-4.4193957,3.0730675
VisualCogB_Task-1.mat,B,Task-1,R,Fz,47,0.04296875,-0.5459352,-4.4244262,3.096761
VisualCogB_Task-1.mat,B,Task-1,R,Fz,47,0.046875,-0.65942787,-4.6872588,2.9505703
VisualCogB_Task-1.mat,B,Task-1,R,Fz,47,0.05078125,-0.78745351,-4.9578322,2.9472322
VisualCogB_Task-1.mat,B,Task-1,R,Fz,47,0.0546875,-0.91801485,-5.0799526,2.8612546
VisualCogB_Task-1.mat,B,Task-1,R,Fz,47,0.05859375,-1.0547765,-5.1065224,2.816559
VisualCogB_Task-1.mat,B,Task-1,R,Fz,47,0.0625,-1.2071196,-5.1696781,2.6489637
VisualCogB_Task-1.mat,B,Task-1,R,Fz,47,0.06640625,-1.3871473,-5.1891917,2.5460843
VisualCogB_Task-1.mat,B,Task-1,R,Fz,47,0.0703125,-1.5870543,-5.2387218,2.3329011
VisualCogB_Task-1.mat,B,Task-1,R,Fz,47,0.07421875,-1.7979709,-5.3880173,2.0972182
VisualCogB_Task-1.mat,B,Task-1,R,Fz,47,0.078125,-2.016049,-5.61759,1.8249647
VisualCogB_Task-1.mat,B,Task-1,R,Fz,47,0.08203125,-2.2206336,-5.7187527,1.6278008
VisualCogB_Task-1.mat,B,Task-1,R,Fz,47,0.0859375,-2.3937032,-5.7977612,1.4509151
VisualCogB_Task-1.mat,B,Task-1,R,Fz,47,0.08984375,-2.5291678,-5.8483515,1.3084685
VisualCogB_Task-1.mat,B,Task-1,R,Fz,47,0.09375,-2.6187181,-5.9317097,1.2004488
VisualCogB_Task-1.mat,B,Task-1,R,Fz,47,0.09765625,-2.6598416,-5.9657169,1.0774517
VisualCogB_Task-1.mat,B,Task-1,R,Fz,47,0.1015625,-2.6786785,-6.0837879,0.90698887
VisualCogB_Task-1.mat,B,Task-1,R,Fz,47,0.10546875,-2.6759518,-6.1752639,1.0242761
VisualCogB_Task-1.mat,B,Task-1,R,Fz,47,0.109375,-2.6615407,-6.310182,1.2221224
VisualCogB_Task-1.mat,B,Task-1,R,Fz,47,0.11328125,-2.6578509,-6.5297437,1.3911298
VisualCogB_Task-1.mat,B,Task-1,R,Fz,47,0.1171875,-2.6486687,-6.577444,1.4510538
VisualCogB_Task-1.mat,B,Task-1,R,Fz,47,0.12109375,-2.6623702,-6.8387265,1.6329567
VisualCogB_Task-1.mat,B,Task-1,R,Fz,47,0.125,-2.7049849,-6.9552159,1.7615652
VisualCogB_Task-1.mat,B,Task-1,R,Fz,47,0.12890625,-2.7472698,-7.185497,1.8085721
VisualCogB_Task-1.mat,B,Task-1,R,Fz,47,0.1328125,-2.7691937,-7.4324569,1.992711
VisualCogB_Task-1.mat,B,Task-1,R,Fz,47,0.13671875,-2.7695711,-7.6959919,1.9680083
VisualCogB_Task-1.mat,B,Task-1,R,Fz,47,0.140625,-2.7552908,-7.7914625,2.0039367
VisualCogB_Task-1.mat,B,Task-1,R,Fz,47,0.14453125,-2.7439137,-7.7568105,2.0765666
VisualCogB_Task-1.mat,B,Task-1,R,Fz,47,0.1484375,-2.7488391,-7.8978431,2.1163651
VisualCogB_Task-1.mat,B,Task-1,R,Fz,47,0.15234375,-2.7603152,-7.954019,2.1849267
VisualCogB_Task-1.mat,B,Task-1,R,Fz,47,0.15625,-2.7752861,-8.0217946,2.2654305
VisualCogB_Task-1.mat,B,Task-1,R,Fz,47,0.16015625,-2.8082105,-8.0678395,2.0987479
VisualCogB_Task-1.mat,B,Task-1,R,Fz,47,0.1640625,-2.8554714,-8.1072983,1.9888771
VisualCogB_Task-1.mat,B,Task-1,R,Fz,47,0.16796875,-2.9016356,-8.1759447,1.8834999
VisualCogB_Task-1.mat,B,Task-1,R,Fz,47,0.171875,-2.9681811,-8.1588523,2.0000265
VisualCogB_Task-1.mat,B,Task-1,R,Fz,47,0.17578125,-3.0497668,-8.1534084,1.9471291
VisualCogB_Task-1.mat,B,Task-1,R,Fz,47,0.1796875,-3.136509,-8.1616952,1.7056513
VisualCogB_Task-1.mat,B,Task-1,R,Fz,47,0.18359375,-3.2165645,-8.131236,1.455527
VisualCogB_Task-1.mat,B,Task-1,R,Fz,47,0.1875,-3.2815371,-8.1137581,1.357923
VisualCogB_Task-1.mat,B,Task-1,R,Fz,47,0.19140625,-3.32541,-8.0830178,1.3208736
VisualCogB_Task-1.mat,B,Task-1,R,Fz,47,0.1953125,-3.3292713,-8.0640564,1.4661206
VisualCogB_Task-1.mat,B,Task-1,R,Fz,47,0.19921875,-3.2881647,-8.0767944,1.6485978
VisualCogB_Task-1.mat,B,Task-1,R,Fz,47,0.203125,-3.2071133,-8.0712207,1.8753795
VisualCogB_Task-1.mat,B,Task-1,R,Fz,47,0.20703125,-3.107968,-8.1018577,2.2041483
VisualCogB_Task-1.mat,B,Task-1,R,Fz,47,0.2109375,-3.0216405,-8.0681854,2.5610539
VisualCogB_Task-1.mat,B,Task-1,R,Fz,47,0.21484375,-2.9629159,-8.0988631,2.9764197
VisualCogB_Task-1.mat,B,Task-1,R,Fz,47,0.21875,-2.9344686,-8.180043,3.2425145
VisualCogB_Task-1.mat,B,Task-1,R,Fz,47,0.22265625,-2.9121819,-8.2689554,3.5646485
VisualCogB_Task-1.mat,B,Task-1,R,Fz,47,0.2265625,-2.9023902,-8.3303549,3.7374066
VisualCogB_Task-1.mat,B,Task-1,R,Fz,47,0.23046875,-2.8851638,-8.4476555,3.8624073
VisualCogB_Task-1.mat,B,Task-1,R,Fz,47,0.234375,-2.8440766,-8.4544126,4.1153099
VisualCogB_Task-1.mat,B,Task-1,R,Fz,47,0.23828125,-2.79782,-8.5919525,4.2041188
VisualCogB_Task-1.mat,B,Task-1,R,Fz,47,0.2421875,-2.7094963,-8.5728075,4.3620615
VisualCogB_Task-1.mat,B,Task-1,R,Fz,47,0.24609375,-2.5756524,-8.464345,4.4450672
VisualCogB_Task-1.mat,B,Task-1,R,Fz,47,0.25,-2.4426718,-8.3125728,4.5093722
VisualCogB_Task-1.mat,B,Task-1,R,Fz,47,0.25390625,-2.2987755,-8.2389151,4.5212453
VisualCogB_Task-1.mat,B,Task-1,R,Fz,47,0.2578125,-2.1395617,-8.0855831,4.6063987
VisualCogB_Task-1.mat,B,Task-1,R,Fz,47,0.26171875,-2.0076565,-7.9661624,4.7274132
VisualCogB_Task-1.mat,B,Task-1,R,Fz,47,0.265625,-1.8618038,-7.7428987,4.8532802
VisualCogB_Task-1.mat,B,Task-1,R,Fz,47,0.26953125,-1.665113,-7.4667276,4.9886289
VisualCogB_Task-1.mat,B,Task-1,R,Fz,47,0.2734375,-1.4459864,-7.2657526,5.2068944
VisualCogB_Task-1.mat,B,Task-1,R,Fz,47,0.27734375,-1.1655185,-7.0270782,5.50247
VisualCogB_Task-1.mat,B,Task-1,R,Fz,47,0.28125,-0.82212877,-6.7484487,5.6512319
VisualCogB_Task-1.mat,B,Task-1,R,Fz,47,0.28515625,-0.44141435,-6.4499143,5.9210148
VisualCogB_Task-1.mat,B,Task-1,R,Fz,47,0.2890625,-0.091086678,-6.1748905,6.497151
VisualCogB_Task-1.mat,B,Task-1,R,Fz,47,0.29296875,0.23448279,-5.9113205,6.949773
VisualCogB_Task-1.mat,B,Task-1,R,Fz,47,0.296875,0.53266981,-5.7357858,7.3502629
VisualCogB_Task-1.mat,B,Task-1,R,Fz,47,0.30078125,0.77824304,-5.6167934,7.5919752
VisualCogB_Task-1.mat,B,Task-1,R,Fz,47,0.3046875,0.93822906,-5.2879063,7.7018096
VisualCogB_Task-1.mat,B,Task-1,R,Fz,47,0.30859375,1.0665578,-5.1703923,7.8873925
VisualCogB_Task-1.mat,B,Task-1,R,Fz,47,0.3125,1.1844663,-5.0548174,7.8621283
VisualCogB_Task-1.mat,B,Task-1,R,Fz,47,0.31640625,1.2920678,-4.8668846,7.9782514
VisualCogB_Task-1.mat,B,Task-1,R,Fz,47,0.3203125,1.3945527,-4.669025,8.2137584
VisualCogB_Task-1.mat,B,Task-1,R,Fz,47,0.32421875,1.5021926,-4.3551754,8.445331
VisualCogB_Task-1.mat,B,Task-1,R,Fz,47,0.328125,1.5767745,-4.0499123,8.6570371
VisualCogB_Task-1.mat,B,Task-1,R,Fz,47,0.33203125,1.5965051,-3.9084996,8.8875249
VisualCogB_Task-1.mat,B,Task-1,R,Fz,47,0.3359375,1.5769428,-3.9315929,9.0563558
VisualCogB_Task-1.mat,B,Task-1,R,Fz,47,0.33984375,1.4994444,-4.0099934,9.0101165
VisualCogB_Task-1.mat,B,Task-1,R,Fz,47,0.34375,1.3461868,-4.1062517,8.9830392
VisualCogB_Task-1.mat,B,Task-1,R,Fz,47,0.34765625,1.0979557,-4.2348688,8.872999
VisualCogB_Task-1.mat,B,Task-1,R,Fz,47,0.3515625,0.77437754,-4.5412337,8.5938129
VisualCogB_Task-1.mat,B,Task-1,R,Fz,47,0.35546875,0.39996928,-4.9028682,8.1434604
VisualCogB_Task-1.mat,B,Task-1,R,Fz,47,0.359375,0.0014062954,-5.340412,7.8014999
VisualCogB_Task-1.mat,B,Task-1,R,Fz,47,0.36328125,-0.4134047,-5.8160684,7.1498269
VisualCogB_Task-1.mat,B,Task-1,R,Fz,47,0.3671875,-0.83830986,-6.3431331,6.701331
VisualCogB_Task-1.mat,B,Task-1,R,Fz,47,0.37109375,-1.2236332,-6.8745714,6.2544768
VisualCogB_Task-1.mat,B,Task-1,R,Fz,47,0.375,-1.5929101,-7.4367701,5.8465817
VisualCogB_Task-1.mat,B,Task-1,R,Fz,47,0.37890625,-1.9683124,-7.9462842,5.3878205
VisualCogB_Task-1.mat,B,Task-1,R,Fz,47,0.3828125,-2.3153477,-8.4139492,5.027069
VisualCogB_Task-1.mat,B,Task-1,R,Fz,47,0.38671875,-2.6467661,-8.8803655,4.7820626
VisualCogB_Task-1.mat,B,Task-1,R,Fz,47,0.390625,-2.9952597,-9.3296108,4.4524808
VisualCogB_Task-1.mat,B,Task-1,R,Fz,47,0.39453125,-3.3146105,-9.7359804,4.0563789
VisualCogB_Task-1.mat,B,Task-1,R,Fz,47,0.3984375,-3.6698021,-10.162304,3.5752828
VisualCogB_Task-1.mat,B,Task-1,R,Fz,47,0.40234375,-4.0797341,-10.62994,3.0762185
VisualCogB_Task-1.mat,B,Task-1,R,Fz,47,0.40625,-4.5183832,-11.101851,2.4907406
VisualCogB_Task-1.mat,B,Task-1,R,Fz,47,0.41015625,-4.9953236,-11.578624,2.0406736
VisualCogB_Task-1.mat,B,Task-1,R,Fz,47,0.4140625,-5.4723953,-12.092253,1.5411705
VisualCogB_Task-1.mat,B,Task-1,R,Fz,47,0.41796875,-5.9374102,-12.506,1.178349
VisualCogB_Task-1.mat,B,Task-1,R,Fz,47,0.421875,-6.3682614,-12.821568,0.64652982
VisualCogB_Task-1.mat,B,Task-1,R,Fz,47,0.42578125,-6.7197308,-13.02619,0.14240327
VisualCogB_Task-1.mat,B,Task-1,R,Fz,47,0.4296875,-7.0295261,-13.181045,-0.29535692
VisualCogB_Task-1.mat,B,Task-1,R,Fz,47,0.43359375,-7.3239207,-13.319981,-0.71395999
VisualCogB_Task-1.mat,B,Task-1,R,Fz,47,0.4375,-7.6445455,-13.431679,-1.2963757
VisualCogB_Task-1.mat,B,Task-1,R,Fz,47,0.44140625,-7.9828898,-13.576331,-1.6389052
VisualCogB_Task-1.mat,B,Task-1,R,Fz,47,0.4453125,-8.3676046,-13.853213,-1.9194177
VisualCogB_Task-1.mat,B,Task-1,R,Fz,47,0.44921875,-8.7648935,-14.077731,-2.2085383
VisualCogB_Task-1.mat,B,Task-1,R,Fz,47,0.453125,-9.1240529,-14.284867,-2.409254
VisualCogB_Task-1.mat,B,Task-1,R,Fz,47,0.45703125,-9.4358011,-14.361719,-2.5154313
VisualCogB_Task-1.mat,B,Task-1,R,Fz,47,0.4609375,-9.6912166,-14.569806,-2.5589144
VisualCogB_Task-1.mat,B,Task-1,R,Fz,47,0.46484375,-9.9012774,-14.726245,-2.6546003
VisualCogB_Task-1.mat,B,Task-1,R,Fz,47,0.46875,-10.011835,-14.872387,-2.8659707
VisualCogB_Task-1.mat,B,Task-1,R,Fz,47,0.47265625,-10.058291,-14.852853,-3.0721252
VisualCogB_Task-1.mat,B,Task-1,R,Fz,47,0.4765625,-10.038831,-14.832542,-3.1598968
VisualCogB_Task-1.mat,B,Task-1,R,Fz,47,0.48046875,-9.9841173,-14.847761,-3.0461468
VisualCogB_Task-1.mat,B,Task-1,R,Fz,47,0.484375,-9.9158156,-14.867408,-2.9462367
VisualCogB_Task-1.mat,B,Task-1,R,Fz,47,0.48828125,-9.8507736,-14.740921,-2.8396484
VisualCogB_Task-1.mat,B,Task-1,R,Fz,47,0.4921875,-9.8049237,-14.819042,-2.8066287
VisualCogB_Task-1.mat,B,Task-1,R,Fz,47,0.49609375,-9.7680416,-14.977219,-2.7549977
VisualCogB_Task-1.mat,B,Task-1,R,Fz,47,0.5,-9.7169515,-15.117561,-2.6435571
VisualCogB_Task-1.mat,B,Task-1,R,Fz,47,0.50390625,-9.6056506,-15.175219,-2.5858713
VisualCogB_Task-1.mat,B,Task-1,R,Fz,47,0.5078125,-9.4000269,-15.071415,-2.2091731
VisualCogB_Task-1.mat,B,Task-1,R,Fz,47,0.51171875,-9.0889098,-14.857328,-2.0690349
VisualCogB_Task-1.mat,B,Task-1,R,Fz,47,0.515625,-8.7130398,-14.734432,-1.8316293
VisualCogB_Task-1.mat,B,Task-1,R,Fz,47,0.51953125,-8.278976,-14.452563,-1.3627081
VisualCogB_Task-1.mat,B,Task-1,R,Fz,47,0.5234375,-7.7709964,-13.921812,-0.65126155
VisualCogB_Task-1.mat,B,Task-1,R,Fz,47,0.52734375,-7.2676209,-13.572596,0.02726584
VisualCogB_Task-1.mat,B,Task-1,R,Fz,47,0.53125,-6.762612,-13.097128,0.7252831
VisualCogB_Task-1.mat,B,Task-1,R,Fz,47,0.53515625,-6.2835263,-12.878234,1.3501691
VisualCogB_Task-1.mat,B,Task-1,R,Fz,47,0.5390625,-5.8416788,-12.558132,1.9628951
VisualCogB_Task-1.mat,B,Task-1,R,Fz,47,0.54296875,-5.4795127,-12.193257,2.5071416
VisualCogB_Task-1.mat,B,Task-1,R,Fz,47,0.546875,-5.1928462,-12.045713,3.0837784
VisualCogB_Task-1.mat,B,Task-1,R,Fz,47,0.55078125,-4.8463029,-11.756644,3.639854
VisualCogB_Task-1.mat,B,Task-1,R,Fz,47,0.5546875,-4.4590937,-11.324085,4.2745432
VisualCogB_Task-1.mat,B,Task-1,R,Fz,47,0.55859375,-3.9220263,-10.901463,4.8627661
VisualCogB_Task-1.mat,B,Task-1,R,Fz,47,0.5625,-3.2499384,-10.290527,5.6208586
VisualCogB_Task-1.mat,B,Task-1,R,Fz,47,0.56640625,-2.5055716,-9.729248,6.7666655
VisualCogB_Task-1.mat,B,Task-1,R,Fz,47,0.5703125,-1.6468666,-9.1962089,7.9304215
VisualCogB_Task-1.mat,B,Task-1,R,Fz,47,0.57421875,-0.8186251,-8.7584285,9.2073657
VisualCogB_Task-1.mat,B,Task-1,R,Fz,47,0.578125,0.061086188,-8.1609466,10.581442
VisualCogB_Task-1.mat,B,Task-1,R,Fz,47,0.58203125,0.98371669,-7.4626138,11.704315
VisualCogB_Task-1.mat,B,Task-1,R,Fz,47,0.5859375,1.8887563,-6.8758089,13.136745
VisualCogB_Task-1.mat,B,Task-1,R,Fz,47,0.58984375,2.7607238,-6.2380757,14.453874
VisualCogB_Task-1.mat,B,Task-1,R,Fz,47,0.59375,3.6442539,-5.4860288,15.815795
VisualCogB_Task-1.mat,B,Task-1,R,Fz,47,0.59765625,4.5388274,-4.8091666,17.404343
VisualCogB_Task-1.mat,B,Task-1,R,Fz,47,0.6015625,5.5160877,-4.1380431,18.98581
VisualCogB_Task-1.mat,B,Task-1,R,Fz,47,0.60546875,6.5600086,-3.5567631,21.060716
VisualCogB_Task-1.mat,B,Task-1,R,Fz,47,0.609375,7.6882226,-3.2500822,23.47845
VisualCogB_Task-1.mat,B,Task-1,R,Fz,47,0.61328125,8.8928103,-2.599169,25.285924
VisualCogB_Task-1.mat,B,Task-1,R,Fz,47,0.6171875,10.192688,-2.1573115,27.080155
VisualCogB_Task-1.mat,B,Task-1,R,Fz,47,0.62109375,11.577191,-1.43141,29.626829
VisualCogB_Task-1.mat,B,Task-1,R,Fz,47,0.625,13.032978,-0.84460287,32.361387
VisualCogB_Task-1.mat,B,Task-1,R,Fz,47,0.62890625,14.543006,-0.20390402,34.564385
VisualCogB_Task-1.mat,B,Task-1,R,Fz,47,0.6328125,15.975217,0.36800559,36.288747
VisualCogB_Task-1.mat,B,Task-1,R,Fz,47,0.63671875,17.365899,0.97530849,38.327652
VisualCogB_Task-1.mat,B,Task-1,R,Fz,47,0.640625,18.669624,1.5594706,39.806156
VisualCogB_Task-1.mat,B,Task-1,R,Fz,47,0.64453125,19.778423,2.073825,41.031441
VisualCogB_Task-1.mat,B,Task-1,R,Fz,47,0.6484375,20.755204,2.3342665,41.962956
VisualCogB_Task-1.mat,B,Task-1,R,Fz,47,0.65234375,21.600947,2.4161125,42.647321
VisualCogB_Task-1.mat,B,Task-1,R,Fz,47,0.65625,22.266132,2.5952322,42.922449
VisualCogB_Task-1.mat,B,Task-1,R,Fz,47,0.66015625,22.806044,2.6883835,43.096342
VisualCogB_Task-1.mat,B,Task-1,R,Fz,47,0.6640625,23.301182,2.8804719,43.011933
VisualCogB_Task-1.mat,B,Task-1,R,Fz,47,0.66796875,23.782425,2.9352835,42.832062
VisualCogB_Task-1.mat,B,Task-1,R,Fz,47,0.671875,24.160391,3.2677693,42.328166
VisualCogB_Task-1.mat,B,Task-1,R,Fz,47,0.67578125,24.473398,3.6158687,41.802652
VisualCogB_Task-1.mat,B,Task-1,R,Fz,47,0.6796875,24.673232,4.0188895,41.21628
VisualCogB_Task-1.mat,B,Task-1,R,Fz,47,0.68359375,24.728445,4.4243201,40.908642
VisualCogB_Task-1.mat,B,Task-1,R,Fz,47,0.6875,24.708146,4.9210964,40.536248
VisualCogB_Task-1.mat,B,Task-1,R,Fz,47,0.69140625,24.523015,5.6014812,40.356322
VisualCogB_Task-1.mat,B,Task-1,R,Fz,47,0.6953125,24.337223,6.2210907,39.912811
VisualCogB_Task-1.mat,B,Task-1,R,Fz,47,0.69921875,24.040534,6.6935907,39.29401
VisualCogB_Task-1.mat,B,Task-1,R,Fz,47,0.703125,23.608826,6.7285673,38.82635
VisualCogB_Task-1.mat,B,Task-1,R,Fz,47,0.70703125,23.115959,7.0703177,38.165902
VisualCogB_Task-1.mat,B,Task-1,R,Fz,47,0.7109375,22.563282,7.0167099,37.497566
VisualCogB_Task-1.mat,B,Task-1,R,Fz,47,0.71484375,21.935336,7.0849574,36.481588
VisualCogB_Task-1.mat,B,Task-1,R,Fz,47,0.71875,21.267837,6.8957674,35.51454
VisualCogB_Task-1.mat,B,Task-1,R,Fz,47,0.72265625,20.54544,6.6511261,34.553239
VisualCogB_Task-1.mat,B,Task-1,R,Fz,47,0.7265625,19.803948,6.6326302,33.219651
VisualCogB_Task-1.mat,B,Task-1,R,Fz,47,0.73046875,19.097558,6.4504482,32.048334
VisualCogB_Task-1.mat,B,Task-1,R,Fz,47,0.734375,18.469893,6.1964757,31.260444
VisualCogB_Task-1.mat,B,Task-1,R,Fz,47,0.73828125,17.909631,6.0621484,30.656289
VisualCogB_Task-1.mat,B,Task-1,R,Fz,47,0.7421875,17.435338,6.0426883,30.306982
VisualCogB_Task-1.mat,B,Task-1,R,Fz,47,0.74609375,17.036975,5.9712264,29.805575
VisualCogB_Task-1.mat,B,Task-1,R,Fz,47,0.75,16.620883,5.9164914,29.453591
VisualCogB_Task-1.mat,B,Task-1,R,Fz,47,0.75390625,16.254694,5.8879125,29.01268
VisualCogB_Task-1.mat,B,Task-1,R,Fz,47,0.7578125,15.873657,5.6733444,28.836421
VisualCogB_Task-1.mat,B,Task-1,R,Fz,47,0.76171875,15.476455,5.3390847,28.427305
VisualCogB_Task-1.mat,B,Task-1,R,Fz,47,0.765625,15.133207,5.1814705,28.152582
VisualCogB_Task-1.mat,B,Task-1,R,Fz,47,0.76953125,14.791603,5.2724628,27.832437
VisualCogB_Task-1.mat,B,Task-1,R,Fz,47,0.7734375,14.434985,5.2067665,27.415993
VisualCogB_Task-1.mat,B,Task-1,R,Fz,47,0.77734375,14.123384,4.8087729,27.036973
VisualCogB_Task-1.mat,B,Task-1,R,Fz,47,0.78125,13.864662,4.3385281,26.668945
VisualCogB_Task-1.mat,B,Task-1,R,Fz,47,0.78515625,13.608954,4.24796,26.177332
VisualCogB_Task-1.mat,B,Task-1,R,Fz,47,0.7890625,13.375313,4.0406815,25.759707
VisualCogB_Task-1.mat,B,Task-1,R,Fz,47,0.79296875,13.168055,3.8189665,25.531501
VisualCogB_Task-1.mat,B,Task-1,R,Fz,47,0.796875,12.96822,3.471235,25.383223
VisualCogB_Task-1.mat,B,Task-1,R,Fz,47,0.80078125,12.756052,3.2322624,24.846231
VisualCogB_Task-1.mat,B,Task-1,R,Fz,47,0.8046875,12.534144,3.0851416,24.350142
VisualCogB_Task-1.mat,B,Task-1,R,Fz,47,0.80859375,12.287331,2.8380658,23.850191
VisualCogB_Task-1.mat,B,Task-1,R,Fz,47,0.8125,12.013674,2.7361037,23.655248
VisualCogB_Task-1.mat,B,Task-1,R,Fz,47,0.81640625,11.642856,2.5887315,23.346017
VisualCogB_Task-1.mat,B,Task-1,R,Fz,47,0.8203125,11.170529,2.3232714,22.628626
VisualCogB_Task-1.mat,B,Task-1,R,Fz,47,0.82421875,10.574265,1.915248,21.735256
VisualCogB_Task-1.mat,B,Task-1,R,Fz,47,0.828125,9.840473,1.5295822,20.750516
VisualCogB_Task-1.mat,B,Task-1,R,Fz,47,0.83203125,9.0035134,0.86250194,19.641106
VisualCogB_Task-1.mat,B,Task-1,R,Fz,47,0.8359375,8.1312857,0.14453644,18.344203
VisualCogB_Task-1.mat,B,Task-1,R,Fz,47,0.83984375,7.2725862,-0.48194071,17.165523
VisualCogB_Task-1.mat,B,Task-1,R,Fz,47,0.84375,6.4345469,-1.3315599,16.03446
VisualCogB_Task-1.mat,B,Task-1,R,Fz,47,0.84765625,5.6587478,-2.0602763,15.161883
VisualCogB_Task-1.mat,B,Task-1,R,Fz,47,0.8515625,4.9305838,-2.7402299,14.229595
VisualCogB_Task-1.mat,B,Task-1,R,Fz,47,0.85546875,4.2455176,-3.4635166,13.440933
VisualCogB_Task-1.mat,B,Task-1,R,Fz,47,0.859375,3.6163371,-4.1638245,12.887994
VisualCogB_Task-1.mat,B,Task-1,R,Fz,47,0.86328125,3.0317752,-4.8820585,12.141684
VisualCogB_Task-1.mat,B,Task-1,R,Fz,47,0.8671875,2.4589852,-5.6236247,11.62179
VisualCogB_Task-1.mat,B,Task-1,R,Fz,47,0.87109375,1.9308175,-6.241681,11.000471
VisualCogB_Task-1.mat,B,Task-1,R,Fz,47,0.875,1.4549046,-6.659199,10.264225
VisualCogB_Task-1.mat,B,Task-1,R,Fz,47,0.87890625,1.0417803,-7.2062611,9.9764593
VisualCogB_Task-1.mat,B,Task-1,R,Fz,47,0.8828125,0.70656832,-7.7431188,9.5157986
VisualCogB_Task-1.mat,B,Task-1,R,Fz,47,0.88671875,0.44177564,-8.0755927,9.0647616
VisualCogB_Task-1.mat,B,Task-1,R,Fz,47,0.890625,0.24029719,-8.3166457,8.6272016
VisualCogB_Task-1.mat,B,Task-1,R,Fz,47,0.89453125,0.13261808,-8.3622357,8.3226766
VisualCogB_Task-1.mat,B,Task-1,R,Fz,47,0.8984375,0.14375135,-8.1973447,8.2837767
VisualCogB_Task-1.mat,B,Task-1,R,Fz,47,0.90234375,0.19016207,-8.0264526,8.3555782
VisualCogB_Task-1.mat,B,Task-1,R,Fz,47,0.90625,0.34037123,-7.6327519,8.5629201
VisualCogB_Task-1.mat,B,Task-1,R,Fz,47,0.91015625,0.54636119,-7.2537747,8.8107467
VisualCogB_Task-1.mat,B,Task-1,R,Fz,47,0.9140625,0.75707309,-7.0551678,9.1307481
VisualCogB_Task-1.mat,B,Task-1,R,Fz,47,0.91796875,0.96941759,-6.922377,9.5590244
VisualCogB_Task-1.mat,B,Task-1,R,Fz,47,0.921875,1.1407931,-6.7497377,10.010634
VisualCogB_Task-1.mat,B,Task-1,R,Fz,47,0.92578125,1.2590401,-6.8625441,10.216837
VisualCogB_Task-1.mat,B,Task-1,R,Fz,47,0.9296875,1.2797434,-6.9898357,10.549679
VisualCogB_Task-1.mat,B,Task-1,R,Fz,47,0.93359375,1.2592115,-7.0817937,10.801364
VisualCogB_Task-1.mat,B,Task-1,R,Fz,47,0.9375,1.1621278,-7.1873832,11.006087
VisualCogB_Task-1.mat,B,Task-1,R,Fz,47,0.94140625,1.0062008,-7.6121834,11.166836
VisualCogB_Task-1.mat,B,Task-1,R,Fz,47,0.9453125,0.81963387,-8.2116034,11.181299
VisualCogB_Task-1.mat,B,Task-1,R,Fz,47,0.94921875,0.60460787,-8.7821997,11.37276
VisualCogB_Task-1.mat,B,Task-1,R,Fz,47,0.953125,0.3633038,-9.1171021,11.50908
VisualCogB_Task-1.mat,B,Task-1,R,Fz,47,0.95703125,0.097902601,-9.6112406,11.725008
VisualCogB_Task-1.mat,B,Task-1,R,Fz,47,0.9609375,-0.18941476,-10.067927,11.891973
VisualCogB_Task-1.mat,B,Task-1,R,Fz,47,0.96484375,-0.49646732,-10.467933,11.920829
VisualCogB_Task-1.mat,B,Task-1,R,Fz,47,0.96875,-0.82107412,-10.869294,11.718777
VisualCogB_Task-1.mat,B,Task-1,R,Fz,47,0.97265625,-1.1610542,-11.20332,11.367398
VisualCogB_Task-1.mat,B,Task-1,R,Fz,47,0.9765625,-1.5142266,-11.399807,10.842252
VisualCogB_Task-1.mat,B,Task-1,R,Fz,47,0.98046875,-1.8784104,-11.594801,10.088023
VisualCogB_Task-1.mat,B,Task-1,R,Fz,47,0.984375,-2.2514246,-11.804043,9.4980286
VisualCogB_Task-1.mat,B,Task-1,R,Fz,47,0.98828125,-2.6310882,-12.410566,8.9714103
VisualCogB_Task-1.mat,B,Task-1,R,Fz,47,0.9921875,-3.0152203,-12.41395,8.1046714
VisualCogB_Task-1.mat,B,Task-1,R,Fz,47,0.99609375,-3.40164,-12.431371,7.3821979
VisualCogB_Task-1.mat,B,Task-1,R,F3,47,-0.5,2.4843322,-4.8925983,9.8432215
VisualCogB_Task-1.mat,B,Task-1,R,F3,47,-0.49609375,2.1531836,-5.2114436,9.508214
VisualCogB_Task-1.mat,B,Task-1,R,F3,47,-0.4921875,1.8673638,-5.4251328,9.027479
VisualCogB_Task-1.mat,B,Task-1,R,F3,47,-0.48828125,1.6245054,-5.8496866,8.7854076
VisualCogB_Task-1.mat,B,Task-1,R,F3,47,-0.484375,1.422241,-6.1538091,8.5894212
VisualCogB_Task-1.mat,B,Task-1,R,F3,47,-0.48046875,1.2582032,-6.5018842,8.4826701
VisualCogB_Task-1.mat,B,Task-1,R,F3,47,-0.4765625,1.1300244,-6.7448107,8.2608694
VisualCogB_Task-1.mat,B,Task-1,R,F3,47,-0.47265625,1.0353374,-6.8559536,8.030317
VisualCogB_Task-1.mat,B,Task-1,R,F3,47,-0.46875,0.97177459,-6.9338728,7.850478
VisualCogB_Task-1.mat,B,Task-1,R,F3,47,-0.46484375,0.9369686,-6.9906052,7.7672138
VisualCogB_Task-1.mat,B,Task-1,R,F3,47,-0.4609375,0.92855197,-6.9079251,7.6331842
VisualCogB_Task-1.mat,B,Task-1,R,F3,47,-0.45703125,0.94415727,-6.7489228,7.486405
VisualCogB_Task-1.mat,B,Task-1,R,F3,47,-0.453125,0.98141707,-6.5684992,7.4550257
VisualCogB_Task-1.mat,B,Task-1,R,F3,47,-0.44921875,1.0379639,-6.2933599,7.3807723
VisualCogB_Task-1.mat,B,Task-1,R,F3,47,-0.4453125,1.1114304,-5.9775835,7.2049618
VisualCogB_Task-1.mat,B,Task-1,R,F3,47,-0.44140625,1.1994491,-5.6375507,7.0706641
VisualCogB_Task-1.mat,B,Task-1,R,F3,47,-0.4375,1.3255098,-5.3158482,7.1542876
VisualCogB_Task-1.mat,B,Task-1,R,F3,47,-0.43359375,1.4818181,-5.0400435,7.2008436
VisualCogB_Task-1.mat,B,Task-1,R,F3,47,-0.4296875,1.6566787,-4.787795,7.2500385
VisualCogB_Task-1.mat,B,Task-1,R,F3,47,-0.42578125,1.8125433,-4.5427117,7.313182
VisualCogB_Task-1.mat,B,Task-1,R,F3,47,-0.421875,1.9514012,-4.277108,7.3300254
VisualCogB_Task-1.mat,B,Task-1,R,F3,47,-0.41796875,2.0857191,-4.2412518,7.3408024
VisualCogB_Task-1.mat,B,Task-1,R,F3,47,-0.4140625,2.1667528,-4.1439211,7.3262531
VisualCogB_Task-1.mat,B,Task-1,R,F3,47,-0.41015625,2.1882446,-4.0819928,7.2582946
VisualCogB_Task-1.mat,B,Task-1,R,F3,47,-0.40625,2.1874458,-3.98919,7.241875
VisualCogB_Task-1.mat,B,Task-1,R,F3,47,-0.40234375,2.1716112,-3.9226576,7.21119
VisualCogB_Task-1.mat,B,Task-1,R,F3,47,-0.3984375,2.1362391,-3.8730095,7.1217821
VisualCogB_Task-1.mat,B,Task-1,R,F3,47,-0.39453125,2.1004263,-3.8440193,7.0483744
VisualCogB_Task-1.mat,B,Task-1,R,F3,47,-0.390625,2.0617898,-3.8588247,7.0070689
VisualCogB_Task-1.mat,B,Task-1,R,F3,47,-0.38671875,2.00309,-3.7955305,6.9486655
VisualCogB_Task-1.mat,B,Task-1,R,F3,47,-0.3828125,1.910161,-3.7786123,6.7955926
VisualCogB_Task-1.mat,B,Task-1,R,F3,47,-0.37890625,1.7727703,-3.7668405,6.697611
VisualCogB_Task-1.mat,B,Task-1,R,F3,47,-0.375,1.6009696,-3.7974767,6.5041517
VisualCogB_Task-1.mat,B,Task-1,R,F3,47,-0.37109375,1.4189699,-3.851949,6.1523618
VisualCogB_Task-1.mat,B,Task-1,R,F3,47,-0.3671875,1.2121374,-3.9610518,5.6660113
VisualCogB_Task-1.mat,B,Task-1,R,F3,47,-0.36328125,0.99782439,-4.0588611,5.3651205
VisualCogB_Task-1.mat,B,Task-1,R,F3,47,-0.359375,0.77969714,-4.1449527,5.0972208
VisualCogB_Task-1.mat,B,Task-1,R,F3,47,-0.35546875,0.57963892,-4.2311793,4.8386191
VisualCogB_Task-1.mat,B,Task-1,R,F3,47,-0.3515625,0.41567267,-4.3543731,4.5424605
VisualCogB_Task-1.mat,B,Task-1,R,F3,47,-0.34765625,0.27043075,-4.4341632,4.3522599
VisualCogB_Task-1.mat,B,Task-1,R,F3,47,-0.34375,0.13529891,-4.4113427,4.1993566
VisualCogB_Task-1.mat,B,Task-1,R,F3,47,-0.33984375,0.027559972,-4.4978404,4.1330236
VisualCogB_Task-1.mat,B,Task-1,R,F3,47,-0.3359375,-0.062945503,-4.6087952,3.9683834
VisualCogB_Task-1.mat,B,Task-1,R,F3,47,-0.33203125,-0.12860563,-4.7188514,3.8508742
VisualCogB_Task-1.mat,B,Task-1,R,F3,47,-0.328125,-0.15200965,-4.7637574,3.7520515
VisualCogB_Task-1.mat,B,Task-1,R,F3,47,-0.32421875,-0.14210896,-4.6873735,3.7824618
VisualCogB_Task-1.mat,B,Task-1,R,F3,47,-0.3203125,-0.086903551,-4.5992729,3.7518412
VisualCogB_Task-1.mat,B,Task-1,R,F3,47,-0.31640625,0.032615373,-4.4104951,3.7711675
VisualCogB_Task-1.mat,B,Task-1,R,F3,47,-0.3125,0.21111902,-4.1933624,3.9292572
VisualCogB_Task-1.mat,B,Task-1,R,F3,47,-0.30859375,0.43709148,-3.940616,4.2994102
VisualCogB_Task-1.mat,B,Task-1,R,F3,47,-0.3046875,0.6930167,-3.6804922,4.7210075
VisualCogB_Task-1.mat,B,Task-1,R,F3,47,-0.30078125,0.94631723,-3.3782298,4.8236681
VisualCogB_Task-1.mat,B,Task-1,R,F3,47,-0.296875,1.1677025,-3.1193594,5.0760455
VisualCogB_Task-1.mat,B,Task-1,R,F3,47,-0.29296875,1.3648822,-2.7787365,5.238089
VisualCogB_Task-1.mat,B,Task-1,R,F3,47,-0.2890625,1.5315221,-2.5956231,5.390445
VisualCogB_Task-1.mat,B,Task-1,R,F3,47,-0.28515625,1.6690742,-2.4188134,5.6105775
VisualCogB_Task-1.mat,B,Task-1,R,F3,47,-0.28125,1.7772773,-2.3605691,5.7618873
VisualCogB_Task-1.mat,B,Task-1,R,F3,47,-0.27734375,1.8489027,-2.2427139,5.8619483
VisualCogB_Task-1.mat,B,Task-1,R,F3,47,-0.2734375,1.8755021,-2.1431578,5.8307789
VisualCogB_Task-1.mat,B,Task-1,R,F3,47,-0.26953125,1.8539637,-2.0369789,5.8141793
VisualCogB_Task-1.mat,B,Task-1,R,F3,47,-0.265625,1.796316,-2.1346024,5.7135871
VisualCogB_Task-1.mat,B,Task-1,R,F3,47,-0.26171875,1.7156023,-2.1848081,5.6011291
VisualCogB_Task-1.mat,B,Task-1,R,F3,47,-0.2578125,1.6214155,-2.2292498,5.4403984
VisualCogB_Task-1.mat,B,Task-1,R,F3,47,-0.25390625,1.5034425,-2.3417479,5.3431702
VisualCogB_Task-1.mat,B,Task-1,R,F3,47,-0.25,1.3606229,-2.4331819,5.1078178
VisualCogB_Task-1.mat,B,Task-1,R,F3,47,-0.24609375,1.1849,-2.5650597,4.8185577
VisualCogB_Task-1.mat,B,Task-1,R,F3,47,-0.2421875,0.98743767,-2.7782112,4.668324
VisualCogB_Task-1.mat,B,Task-1,R,F3,47,-0.23828125,0.76555874,-2.9744758,4.3458382
VisualCogB_Task-1.mat,B,Task-1,R,F3,47,-0.234375,0.50413916,-3.1789522,4.028843
VisualCogB_Task-1.mat,B,Task-1,R,F3,47,-0.23046875,0.22467768,-3.3939748,3.8855044
VisualCogB_Task-1.mat,B,Task-1,R,F3,47,-0.2265625,-0.041148012,-3.6130472,3.7383305
VisualCogB_Task-1.mat,B,Task-1,R,F3,47,-0.22265625,-0.2649915,-3.7624771,3.4398655
VisualCogB_Task-1.mat,B,Task-1,R,F3,47,-0.21875,-0.4367445,-3.9026317,3.1142507
VisualCogB_Task-1.mat,B,Task-1,R,F3,47,-0.21484375,-0.54739193,-3.7697913,2.8926537
VisualCogB_Task-1.mat,B,Task-1,R,F3,47,-0.2109375,-0.59349199,-3.7955871,2.830248
VisualCogB_Task-1.mat,B,Task-1,R,F3,47,-0.20703125,-0.56952599,-3.73189,2.7633468
VisualCogB_Task-1.mat,B,Task-1,R,F3,47,-0.203125,-0.49533694,-3.5547854,2.6712375
VisualCogB_Task-1.mat,B,Task-1,R,F3,47,-0.19921875,-0.39081267,-3.3821048,2.6341152
VisualCogB_Task-1.mat,B,Task-1,R,F3,47,-0.1953125,-0.27367403,-3.1819861,2.6725848
VisualCogB_Task-1.mat,B,Task-1,R,F3,47,-0.19140625,-0.16691899,-2.988094,2.7020757
VisualCogB_Task-1.mat,B,Task-1,R,F3,47,-0.1875,-0.085008915,-2.6840334,2.6518355
VisualCogB_Task-1.mat,B,Task-1,R,F3,47,-0.18359375,-0.0070961992,-2.4862778,2.6627714
VisualCogB_Task-1.mat,B,Task-1,R,F3,47,-0.1796875,0.082278312,-2.2140012,2.6284064
VisualCogB_Task-1.mat,B,Task-1,R,F3,47,-0.17578125,0.18234455,-2.0950576,2.6344378
VisualCogB_Task-1.mat,B,Task-1,R,F3,47,-0.171875,0.27245591,-1.8623161,2.5845855
VisualCogB_Task-1.mat,B,Task-1,R,F3,47,-0.16796875,0.33633559,-1.766518,2.5177167
VisualCogB_Task-1.mat,B,Task-1,R,F3,47,-0.1640625,0.37235948,-1.7008062,2.4754491
VisualCogB_Task-1.mat,B,Task-1,R,F3,47,-0.16015625,0.39822396,-1.7119357,2.4638173
VisualCogB_Task-1.mat,B,Task-1,R,F3,47,-0.15625,0.43014157,-1.6157319,2.4045781
VisualCogB_Task-1.mat,B,Task-1,R,F3,47,-0.15234375,0.43869573,-1.5944521,2.3243751
VisualCogB_Task-1.mat,B,Task-1,R,F3,47,-0.1484375,0.42226962,-1.557076,2.2477097
VisualCogB_Task-1.mat,B,Task-1,R,F3,47,-0.14453125,0.37168821,-1.6014908,2.1478185
VisualCogB_Task-1.mat,B,Task-1,R,F3,47,-0.140625,0.29538513,-1.6631816,2.0169839
VisualCogB_Task-1.mat,B,Task-1,R,F3,47,-0.13671875,0.18436922,-1.7394289,1.8656359
VisualCogB_Task-1.mat,B,Task-1,R,F3,47,-0.1328125,0.078051968,-1.8075136,1.6931926
VisualCogB_Task-1.mat,B,Task-1,R,F3,47,-0.12890625,0.00022377605,-1.8865069,1.6142021
VisualCogB_Task-1.mat,B,Task-1,R,F3,47,-0.125,-0.036393122,-1.9562908,1.5176119
VisualCogB_Task-1.mat,B,Task-1,R,F3,47,-0.12109375,-0.039218985,-1.9165685,1.4572789
VisualCogB_Task-1.mat,B,Task-1,R,F3,47,-0.1171875,-0.026542491,-1.8662317,1.4835638
VisualCogB_Task-1.mat,B,Task-1,R,F3,47,-0.11328125,-0.0043584655,-1.8126376,1.5037993
VisualCogB_Task-1.mat,B,Task-1,R,F3,47,-0.109375,0.026185132,-1.6689087,1.4983097
VisualCogB_Task-1.mat,B,Task-1,R,F3,47,-0.10546875,0.058088046,-1.6016813,1.4767287
VisualCogB_Task-1.mat,B,Task-1,R,F3,47,-0.1015625,0.082525513,-1.4826005,1.4841524
VisualCogB_Task-1.mat,B,Task-1,R,F3,47,-0.09765625,0.10813899,-1.4555927,1.5374684
VisualCogB_Task-1.mat,B,Task-1,R,F3,47,-0.09375,0.15100738,-1.3806589,1.6197062
VisualCogB_Task-1.mat,B,Task-1,R,F3,47,-0.08984375,0.20848164,-1.2689281,1.7075545
VisualCogB_Task-1.mat,B,Task-1,R,F3,47,-0.0859375,0.27107704,-1.3040083,1.8585831
VisualCogB_Task-1.mat,B,Task-1,R,F3,47,-0.08203125,0.32942176,-1.3238802,1.9824772
VisualCogB_Task-1.mat,B,Task-1,R,F3,47,-0.078125,0.36385304,-1.2735724,2.1496299
VisualCogB_Task-1.mat,B,Task-1,R,F3,47,-0.07421875,0.36798281,-1.2796603,2.2423833
VisualCogB_Task-1.mat,B,Task-1,R,F3,47,-0.0703125,0.34547996,-1.3253562,2.3177214
VisualCogB_Task-1.mat,B,Task-1,R,F3,47,-0.06640625,0.31243239,-1.4589579,2.3239715
VisualCogB_Task-1.mat,B,Task-1,R,F3,47,-0.0625,0.25282072,-1.5573551,2.2403053
VisualCogB_Task-1.mat,B,Task-1,R,F3,47,-0.05859375,0.14940186,-1.6577346,2.0836204
VisualCogB_Task-1.mat,B,Task-1,R,F3,47,-0.0546875,0.016454267,-1.8514365,2.0452813
VisualCogB_Task-1.mat,B,Task-1,R,F3,47,-0.05078125,-0.14060915,-2.0982086,1.9560295
VisualCogB_Task-1.mat,B,Task-1,R,F3,47,-0.046875,-0.29304739,-2.329664,1.8342818
VisualCogB_Task-1.mat,B,Task-1,R,F3,47,-0.04296875,-0.44141045,-2.5428957,1.7862762
VisualCogB_Task-1.mat,B,Task-1,R,F3,47,-0.0390625,-0.59014594,-2.7354485,1.6089427
VisualCogB_Task-1.mat,B,Task-1,R,F3,47,-0.03515625,-0.7524915,-2.94756,1.5552651
VisualCogB_Task-1.mat,B,Task-1,R,F3,47,-0.03125,-0.89274933,-3.1418123,1.547389
VisualCogB_Task-1.mat,B,Task-1,R,F3,47,-0.02734375,-0.99844854,-3.3365347,1.5706383
VisualCogB_Task-1.mat,B,Task-1,R,F3,47,-0.0234375,-1.0694066,-3.5217689,1.6780711
VisualCogB_Task-1.mat,B,Task-1,R,F3,47,-0.01953125,-1.1149214,-3.6254508,1.7793705
VisualCogB_Task-1.mat,B,Task-1,R,F3,47,-0.015625,-1.1290997,-3.8102718,1.9701057
VisualCogB_Task-1.mat,B,Task-1,R,F3,47,-0.01171875,-1.1359182,-4.0528533,2.0435731
VisualCogB_Task-1.mat,B,Task-1,R,F3,47,-0.0078125,-1.1797896,-4.2901774,2.0392332
VisualCogB_Task-1.mat,B,Task-1,R,F3,47,-0.00390625,-1.2654507,-4.4577482,2.1693216
VisualCogB_Task-1.mat,B,Task-1,R,F3,47,0,-1.3769761,-4.7822726,2.2767598
VisualCogB_Task-1.mat,B,Task-1,R,F3,47,0.00390625,-1.4861145,-4.99969,2.2904648
VisualCogB_Task-1.mat,B,Task-1,R,F3,47,0.0078125,-1.5802042,-5.2544747,2.280946
VisualCogB_Task-1.mat,B,Task-1,R,F3,47,0.01171875,-1.6464018,-5.5567337,2.3650043
VisualCogB_Task-1.mat,B,Task-1,R,F3,47,0.015625,-1.6819828,-5.6297716,2.4254601
VisualCogB_Task-1.mat,B,Task-1,R,F3,47,0.01953125,-1.6795008,-5.664013,2.5830528
VisualCogB_Task-1.mat,B,Task-1,R,F3,47,0.0234375,-1.6653997,-5.8667847,2.6113156
VisualCogB_Task-1.mat,B,Task-1,R,F3,47,0.02734375,-1.6662228,-6.0501766,2.7678714
VisualCogB_Task-1.mat,B,Task-1,R,F3,47,0.03125,-1.7153179,-6.288202,2.7089344
VisualCogB_Task-1.mat,B,Task-1,R,F3,47,0.03515625,-1.8357909,-6.438222,2.7965851
VisualCogB_Task-1.mat,B,Task-1,R,F3,47,0.0390625,-2.0130481,-6.7858213,2.7811538
VisualCogB_Task-1.mat,B,Task-1,R,F3,47,0.04296875,-2.2214093,-6.9998025,2.7033165
VisualCogB_Task-1.mat,B,Task-1,R,F3,47,0.046875,-2.4519594,-7.5005696,2.3778958
VisualCogB_Task-1.mat,B,Task-1,R,F3,47,0.05078125,-2.6777893,-7.9615727,2.1766631
VisualCogB_Task-1.mat,B,Task-1,R,F3,47,0.0546875,-2.9071805,-8.4009988,2.2431594
VisualCogB_Task-1.mat,B,Task-1,R,F3,47,0.05859375,-3.1257769,-8.7596982,1.959983
VisualCogB_Task-1.mat,B,Task-1,R,F3,47,0.0625,-3.325564,-8.9113788,1.7502872
VisualCogB_Task-1.mat,B,Task-1,R,F3,47,0.06640625,-3.4999578,-8.9972652,1.7392766
VisualCogB_Task-1.mat,B,Task-1,R,F3,47,0.0703125,-3.6526154,-9.0883943,1.5245713
VisualCogB_Task-1.mat,B,Task-1,R,F3,47,0.07421875,-3.7957477,-9.3113528,1.4627073
VisualCogB_Task-1.mat,B,Task-1,R,F3,47,0.078125,-3.9227834,-9.4221188,1.4161712
VisualCogB_Task-1.mat,B,Task-1,R,F3,47,0.08203125,-4.0142712,-9.4058449,1.463488
VisualCogB_Task-1.mat,B,Task-1,R,F3,47,0.0859375,-4.0566907,-9.2850014,1.5038984
VisualCogB_Task-1.mat,B,Task-1,R,F3,47,0.08984375,-4.0483305,-9.2047161,1.3439999
VisualCogB_Task-1.mat,B,Task-1,R,F3,47,0.09375,-4.0048371,-9.0804163,1.339465
VisualCogB_Task-1.mat,B,Task-1,R,F3,47,0.09765625,-3.9397838,-8.9550938,1.371366
VisualCogB_Task-1.mat,B,Task-1,R,F3,47,0.1015625,-3.8451478,-8.9708287,1.5038966
VisualCogB_Task-1.mat,B,Task-1,R,F3,47,0.10546875,-3.7199258,-9.177305,1.7452587
VisualCogB_Task-1.mat,B,Task-1,R,F3,47,0.109375,-3.5937581,-9.3320514,1.9238821
VisualCogB_Task-1.mat,B,Task-1,R,F3,47,0.11328125,-3.4530923,-9.4737681,2.2037956
VisualCogB_Task-1.mat,B,Task-1,R,F3,47,0.1171875,-3.3184807,-9.5575179,2.4776851
VisualCogB_Task-1.mat,B,Task-1,R,F3,47,0.12109375,-3.2090828,-9.6953395,2.6414076
VisualCogB_Task-1.mat,B,Task-1,R,F3,47,0.125,-3.1218221,-9.8685969,2.8431553
VisualCogB_Task-1.mat,B,Task-1,R,F3,47,0.12890625,-3.0175135,-10.051944,2.969522
VisualCogB_Task-1.mat,B,Task-1,R,F3,47,0.1328125,-2.9641433,-10.1662,3.1245023
VisualCogB_Task-1.mat,B,Task-1,R,F3,47,0.13671875,-2.9389484,-10.245165,3.3040619
VisualCogB_Task-1.mat,B,Task-1,R,F3,47,0.140625,-2.9646284,-10.526283,3.3272941
VisualCogB_Task-1.mat,B,Task-1,R,F3,47,0.14453125,-3.0105748,-10.801588,3.2159325
VisualCogB_Task-1.mat,B,Task-1,R,F3,47,0.1484375,-3.1013981,-11.072431,3.2057302
VisualCogB_Task-1.mat,B,Task-1,R,F3,47,0.15234375,-3.2138345,-11.281112,3.194412
VisualCogB_Task-1.mat,B,Task-1,R,F3,47,0.15625,-3.3581921,-11.590203,3.1250777
VisualCogB_Task-1.mat,B,Task-1,R,F3,47,0.16015625,-3.5455954,-11.900136,3.0619189
VisualCogB_Task-1.mat,B,Task-1,R,F3,47,0.1640625,-3.752549,-12.174821,2.9668733
VisualCogB_Task-1.mat,B,Task-1,R,F3,47,0.16796875,-3.9688844,-12.421823,2.7935788
VisualCogB_Task-1.mat,B,Task-1,R,F3,47,0.171875,-4.2067343,-12.674615,2.5737649
VisualCogB_Task-1.mat,B,Task-1,R,F3,47,0.17578125,-4.4512143,-12.939257,2.4109472
VisualCogB_Task-1.mat,B,Task-1,R,F3,47,0.1796875,-4.70064,-13.113505,2.1512595
VisualCogB_Task-1.mat,B,Task-1,R,F3,47,0.18359375,-4.9205235,-13.286844,2.0044223
VisualCogB_Task-1.mat,B,Task-1,R,F3,47,0.1875,-5.1086437,-13.440309,1.92335
VisualCogB_Task-1.mat,B,Task-1,R,F3,47,0.19140625,-5.2574053,-13.524841,1.822799
VisualCogB_Task-1.mat,B,Task-1,R,F3,47,0.1953125,-5.3630094,-13.593898,1.7479423
VisualCogB_Task-1.mat,B,Task-1,R,F3,47,0.19921875,-5.4134053,-13.611413,1.7413693
VisualCogB_Task-1.mat,B,Task-1,R,F3,47,0.203125,-5.4366824,-13.470843,1.7219567
VisualCogB_Task-1.mat,B,Task-1,R,F3,47,0.20703125,-5.4494675,-13.494022,1.7470982
VisualCogB_Task-1.mat,B,Task-1,R,F3,47,0.2109375,-5.486224,-13.536789,1.7652849
VisualCogB_Task-1.mat,B,Task-1,R,F3,47,0.21484375,-5.5393421,-13.476861,1.8025139
VisualCogB_Task-1.mat,B,Task-1,R,F3,47,0.21875,-5.5850939,-13.428648,1.8345897
VisualCogB_Task-1.mat,B,Task-1,R,F3,47,0.22265625,-5.6260064,-13.45376,1.9896314
VisualCogB_Task-1.mat,B,Task-1,R,F3,47,0.2265625,-5.6618891,-13.531617,2.2044084
VisualCogB_Task-1.mat,B,Task-1,R,F3,47,0.23046875,-5.652705,-13.616539,2.2391842
VisualCogB_Task-1.mat,B,Task-1,R,F3,47,0.234375,-5.606943,-13.653095,2.3683336
VisualCogB_Task-1.mat,B,Task-1,R,F3,47,0.23828125,-5.5149962,-13.634517,2.4966459
VisualCogB_Task-1.mat,B,Task-1,R,F3,47,0.2421875,-5.367443,-13.535173,2.6446915
VisualCogB_Task-1.mat,B,Task-1,R,F3,47,0.24609375,-5.1945341,-13.383639,2.9455043
VisualCogB_Task-1.mat,B,Task-1,R,F3,47,0.25,-5.0651584,-13.230906,3.161529
VisualCogB_Task-1.mat,B,Task-1,R,F3,47,0.25390625,-4.942097,-13.059222,3.3865236
VisualCogB_Task-1.mat,B,Task-1,R,F3,47,0.2578125,-4.8385221,-12.920915,3.591387
VisualCogB_Task-1.mat,B,Task-1,R,F3,47,0.26171875,-4.7235806,-12.824223,3.7834776
VisualCogB_Task-1.mat,B,Task-1,R,F3,47,0.265625,-4.6232192,-12.674586,3.9394805
VisualCogB_Task-1.mat,B,Task-1,R,F3,47,0.26953125,-4.5095948,-12.581899,3.92109
VisualCogB_Task-1.mat,B,Task-1,R,F3,47,0.2734375,-4.3918133,-12.501325,3.7984263
VisualCogB_Task-1.mat,B,Task-1,R,F3,47,0.27734375,-4.2389313,-12.334764,3.9978376
VisualCogB_Task-1.mat,B,Task-1,R,F3,47,0.28125,-4.0358717,-11.882544,4.0752522
VisualCogB_Task-1.mat,B,Task-1,R,F3,47,0.28515625,-3.8144489,-11.723633,4.2041518
VisualCogB_Task-1.mat,B,Task-1,R,F3,47,0.2890625,-3.5872411,-11.43651,4.3386437
VisualCogB_Task-1.mat,B,Task-1,R,F3,47,0.29296875,-3.3645072,-11.121057,4.4171322
VisualCogB_Task-1.mat,B,Task-1,R,F3,47,0.296875,-3.1488157,-10.998554,4.4319789
VisualCogB_Task-1.mat,B,Task-1,R,F3,47,0.30078125,-2.9360919,-10.902487,4.4170245
VisualCogB_Task-1.mat,B,Task-1,R,F3,47,0.3046875,-2.7424568,-10.746415,4.3323131
VisualCogB_Task-1.mat,B,Task-1,R,F3,47,0.30859375,-2.5638128,-10.548549,4.2435008
VisualCogB_Task-1.mat,B,Task-1,R,F3,47,0.3125,-2.3928477,-10.365875,4.3504079
VisualCogB_Task-1.mat,B,Task-1,R,F3,47,0.31640625,-2.2356315,-10.206067,4.5855294
VisualCogB_Task-1.mat,B,Task-1,R,F3,47,0.3203125,-2.1028255,-10.065761,4.8026893
VisualCogB_Task-1.mat,B,Task-1,R,F3,47,0.32421875,-1.9820208,-9.8624298,4.9696916
VisualCogB_Task-1.mat,B,Task-1,R,F3,47,0.328125,-1.8852857,-9.7029033,5.1808591
VisualCogB_Task-1.mat,B,Task-1,R,F3,47,0.33203125,-1.7983625,-9.4830615,5.4415803
VisualCogB_Task-1.mat,B,Task-1,R,F3,47,0.3359375,-1.7235678,-9.317893,5.5168273
VisualCogB_Task-1.mat,B,Task-1,R,F3,47,0.33984375,-1.6836302,-9.2082476,5.4540601
VisualCogB_Task-1.mat,B,Task-1,R,F3,47,0.34375,-1.6846144,-9.1743388,5.4087819
VisualCogB_Task-1.mat,B,Task-1,R,F3,47,0.34765625,-1.7163259,-9.2042965,5.4152346
VisualCogB_Task-1.mat,B,Task-1,R,F3,47,0.3515625,-1.7931262,-9.2459347,5.3231276
VisualCogB_Task-1.mat,B,Task-1,R,F3,47,0.35546875,-1.9066771,-9.3427377,5.1840984
VisualCogB_Task-1.mat,B,Task-1,R,F3,47,0.359375,-2.0593464,-9.4846692,5.1504382
VisualCogB_Task-1.mat,B,Task-1,R,F3,47,0.36328125,-2.2525345,-9.7617073,4.9499944
VisualCogB_Task-1.mat,B,Task-1,R,F3,47,0.3671875,-2.4767319,-10.075645,4.8125649
VisualCogB_Task-1.mat,B,Task-1,R,F3,47,0.37109375,-2.7114628,-10.485597,4.6248497
VisualCogB_Task-1.mat,B,Task-1,R,F3,47,0.375,-2.9451602,-10.801283,4.3846662
VisualCogB_Task-1.mat,B,Task-1,R,F3,47,0.37890625,-3.1830185,-11.253478,4.2061909
VisualCogB_Task-1.mat,B,Task-1,R,F3,47,0.3828125,-3.4436957,-11.700645,3.9545485
VisualCogB_Task-1.mat,B,Task-1,R,F3,47,0.38671875,-3.7229268,-12.042773,3.5990912
VisualCogB_Task-1.mat,B,Task-1,R,F3,47,0.390625,-4.038334,-12.299973,3.2402462
VisualCogB_Task-1.mat,B,Task-1,R,F3,47,0.39453125,-4.3908934,-12.638839,2.9834293
VisualCogB_Task-1.mat,B,Task-1,R,F3,47,0.3984375,-4.8064059,-13.000863,2.482946
VisualCogB_Task-1.mat,B,Task-1,R,F3,47,0.40234375,-5.2708891,-13.396852,1.9433277
VisualCogB_Task-1.mat,B,Task-1,R,F3,47,0.40625,-5.7498163,-13.944702,1.2500528
VisualCogB_Task-1.mat,B,Task-1,R,F3,47,0.41015625,-6.2247544,-14.493281,0.77153609
VisualCogB_Task-1.mat,B,Task-1,R,F3,47,0.4140625,-6.6686088,-15.010424,0.3897925
VisualCogB_Task-1.mat,B,Task-1,R,F3,47,0.41796875,-7.0696366,-15.405699,0.026923993
VisualCogB_Task-1.mat,B,Task-1,R,F3,47,0.421875,-7.4199731,-15.679145,-0.3840217
VisualCogB_Task-1.mat,B,Task-1,R,F3,47,0.42578125,-7.683719,-15.823484,-0.64883724
VisualCogB_Task-1.mat,B,Task-1,R,F3,47,0.4296875,-7.8738213,-15.841632,-0.92134909
VisualCogB_Task-1.mat,B,Task-1,R,F3,47,0.43359375,-8.0012124,-15.950922,-1.0128019
VisualCogB_Task-1.mat,B,Task-1,R,F3,47,0.4375,-8.0916415,-16.165207,-1.1023034
VisualCogB_Task-1.mat,B,Task-1,R,F3,47,0.44140625,-8.1597006,-16.363535,-1.0268771
VisualCogB_Task-1.mat,B,Task-1,R,F3,47,0.4453125,-8.2247629,-16.324043,-0.9553384
VisualCogB_Task-1.mat,B,Task-1,R,F3,47,0.44921875,-8.2893583,-16.458755,-0.8046415
VisualCogB_Task-1.mat,B,Task-1,R,F3,47,0.453125,-8.348745,-16.707869,-0.64595071
VisualCogB_Task-1.mat,B,Task-1,R,F3,47,0.45703125,-8.3972103,-16.940483,-0.43226251
VisualCogB_Task-1.mat,B,Task-1,R,F3,47,0.4609375,-8.4108828,-17.071311,-0.42490558
VisualCogB_Task-1.mat,B,Task-1,R,F3,47,0.46484375,-8.3729709,-17.16665,-0.32095015
VisualCogB_Task-1.mat,B,Task-1,R,F3,47,0.46875,-8.2864105,-17.15706,-0.17875138
VisualCogB_Task-1.mat,B,Task-1,R,F3,47,0.47265625,-8.1800158,-17.034469,-0.019172974
VisualCogB_Task-1.mat,B,Task-1,R,F3,47,0.4765625,-8.0737627,-16.854761,0.092968253
VisualCogB_Task-1.mat,B,Task-1,R,F3,47,0.48046875,-7.988097,-16.642628,0.2216459
VisualCogB_Task-1.mat,B,Task-1,R,F3,47,0.484375,-7.943432,-16.58066,0.34452224
VisualCogB_Task-1.mat,B,Task-1,R,F3,47,0.48828125,-7.9480813,-16.614627,0.41528798
VisualCogB_Task-1.mat,B,Task-1,R,F3,47,0.4921875,-8.0116313,-16.775826,0.34621184
VisualCogB_Task-1.mat,B,Task-1,R,F3,47,0.49609375,-8.1252106,-16.923767,0.25369522
VisualCogB_Task-1.mat,B,Task-1,R,F3,47,0.5,-8.3035562,-17.213737,0.41474134
VisualCogB_Task-1.mat,B,Task-1,R,F3,47,0.50390625,-8.5057475,-17.769673,0.49234918
VisualCogB_Task-1.mat,B,Task-1,R,F3,47,0.5078125,-8.7148609,-18.489857,0.55043898
VisualCogB_Task-1.mat,B,Task-1,R,F3,47,0.51171875,-8.9477412,-18.715905,0.58233405
VisualCogB_Task-1.mat,B,Task-1,R,F3,47,0.515625,-9.1539868,-19.137911,0.73268804
VisualCogB_Task-1.mat,B,Task-1,R,F3,47,0.51953125,-9.3070833,-19.53324,0.73002728
VisualCogB_Task-1.mat,B,Task-1,R,F3,47,0.5234375,-9.3949939,-19.846701,0.65039201
VisualCogB_Task-1.mat,B,Task-1,R,F3,47,0.52734375,-9.4273468,-20.067396,0.76183412
VisualCogB_Task-1.mat,B,Task-1,R,F3,47,0.53125,-9.4312855,-20.238615,0.73335104
VisualCogB_Task-1.mat,B,Task-1,R,F3,47,0.53515625,-9.3871627,-20.358449,0.90873548
VisualCogB_Task-1.mat,B,Task-1,R,F3,47,0.5390625,-9.2967076,-20.286502,1.1061441
VisualCogB_Task-1.mat,B,Task-1,R,F3,47,0.54296875,-9.1530732,-20.305892,1.3917956
VisualCogB_Task-1.mat,B,Task-1,R,F3,47,0.546875,-8.9803442,-20.276025,1.7387877
VisualCogB_Task-1.mat,B,Task-1,R,F3,47,0.55078125,-8.7758384,-20.158432,1.9662293
VisualCogB_Task-1.mat,B,Task-1,R,F3,47,0.5546875,-8.514869,-19.848741,2.1656235
VisualCogB_Task-1.mat,B,Task-1,R,F3,47,0.55859375,-8.1547099,-19.434872,2.5236272
VisualCogB_Task-1.mat,B,Task-1,R,F3,47,0.5625,-7.6853293,-18.965465,3.2247242
VisualCogB_Task-1.mat,B,Task-1,R,F3,47,0.56640625,-7.0987185,-18.207749,3.954304
VisualCogB_Task-1.mat,B,Task-1,R,F3,47,0.5703125,-6.3955307,-17.296161,4.5572999
VisualCogB_Task-1.mat,B,Task-1,R,F3,47,0.57421875,-5.5666864,-16.620218,5.3342502
VisualCogB_Task-1.mat,B,Task-1,R,F3,47,0.578125,-4.71147,-15.890294,6.389449
VisualCogB_Task-1.mat,B,Task-1,R,F3,47,0.58203125,-3.7677968,-15.264629,7.4074124
VisualCogB_Task-1.mat,B,Task-1,R,F3,47,0.5859375,-2.7618385,-14.535688,8.508897
VisualCogB_Task-1.mat,B,Task-1,R,F3,47,0.58984375,-1.7053281,-14.043985,9.8321236
VisualCogB_Task-1.mat,B,Task-1,R,F3,47,0.59375,-0.61826546,-13.158956,10.688132
VisualCogB_Task-1.mat,B,Task-1,R,F3,47,0.59765625,0.51449698,-12.115881,11.968709
VisualCogB_Task-1.mat,B,Task-1,R,F3,47,0.6015625,1.6786982,-11.40702,13.508619
VisualCogB_Task-1.mat,B,Task-1,R,F3,47,0.60546875,2.8301797,-10.991865,15.243977
VisualCogB_Task-1.mat,B,Task-1,R,F3,47,0.609375,3.995609,-10.653497,16.965018
VisualCogB_Task-1.mat,B,Task-1,R,F3,47,0.61328125,5.1482006,-10.320954,18.37434
VisualCogB_Task-1.mat,B,Task-1,R,F3,47,0.6171875,6.2621588,-10.124985,19.864353
VisualCogB_Task-1.mat,B,Task-1,R,F3,47,0.62109375,7.3644002,-9.7553204,21.425653
VisualCogB_Task-1.mat,B,Task-1,R,F3,47,0.625,8.4235634,-9.5990451,23.01291
VisualCogB_Task-1.mat,B,Task-1,R,F3,47,0.62890625,9.4208591,-9.4245442,24.308079
VisualCogB_Task-1.mat,B,Task-1,R,F3,47,0.6328125,10.382695,-9.2162321,25.663808
VisualCogB_Task-1.mat,B,Task-1,R,F3,47,0.63671875,11.271275,-8.9844111,27.004631
VisualCogB_Task-1.mat,B,Task-1,R,F3,47,0.640625,12.049881,-8.7970373,27.740787
VisualCogB_Task-1.mat,B,Task-1,R,F3,47,0.64453125,12.695874,-8.7055164,28.517811
VisualCogB_Task-1.mat,B,Task-1,R,F3,47,0.6484375,13.163165,-8.5974189,29.257087
VisualCogB_Task-1.mat,B,Task-1,R,F3,47,0.65234375,13.455973,-8.3586181,29.763011
VisualCogB_Task-1.mat,B,Task-1,R,F3,47,0.65625,13.549179,-8.2536865,29.997379
VisualCogB_Task-1.mat,B,Task-1,R,F3,47,0.66015625,13.471176,-8.3287819,30.049233
VisualCogB_Task-1.mat,B,Task-1,R,F3,47,0.6640625,13.240281,-8.3738389,29.822296
VisualCogB_Task-1.mat,B,Task-1,R,F3,47,0.66796875,12.883144,-8.2703458,29.324682
VisualCogB_Task-1.mat,B,Task-1,R,F3,47,0.671875,12.464243,-8.0695523,29.002057
VisualCogB_Task-1.mat,B,Task-1,R,F3,47,0.67578125,12.055833,-7.7269625,28.686545
VisualCogB_Task-1.mat,B,Task-1,R,F3,47,0.6796875,11.647202,-7.237309,28.227924
VisualCogB_Task-1.mat,B,Task-1,R,F3,47,0.68359375,11.237414,-6.6808361,27.60168
VisualCogB_Task-1.mat,B,Task-1,R,F3,47,0.6875,10.808844,-6.3512549,26.876269
VisualCogB_Task-1.mat,B,Task-1,R,F3,47,0.69140625,10.329745,-6.3499226,26.291719
VisualCogB_Task-1.mat,B,Task-1,R,F3,47,0.6953125,9.8185723,-6.6797526,25.656301
VisualCogB_Task-1.mat,B,Task-1,R,F3,47,0.69921875,9.3481417,-6.6730293,25.16868
VisualCogB_Task-1.mat,B,Task-1,R,F3,47,0.703125,8.8796314,-6.5309013,24.255306
VisualCogB_Task-1.mat,B,Task-1,R,F3,47,0.70703125,8.3992628,-6.2025326,23.676031
VisualCogB_Task-1.mat,B,Task-1,R,F3,47,0.7109375,7.9024781,-6.7560376,22.965429
VisualCogB_Task-1.mat,B,Task-1,R,F3,47,0.71484375,7.4024483,-6.9072596,22.268918
VisualCogB_Task-1.mat,B,Task-1,R,F3,47,0.71875,6.8807748,-7.002325,21.321263
VisualCogB_Task-1.mat,B,Task-1,R,F3,47,0.72265625,6.3793509,-6.8890895,20.506861
VisualCogB_Task-1.mat,B,Task-1,R,F3,47,0.7265625,5.9526757,-6.7898991,19.852685
VisualCogB_Task-1.mat,B,Task-1,R,F3,47,0.73046875,5.6017686,-6.9736181,19.30335
VisualCogB_Task-1.mat,B,Task-1,R,F3,47,0.734375,5.3518881,-7.2569246,18.892061
VisualCogB_Task-1.mat,B,Task-1,R,F3,47,0.73828125,5.2154189,-7.3364356,18.589905
VisualCogB_Task-1.mat,B,Task-1,R,F3,47,0.7421875,5.1419636,-7.2273811,18.583137
VisualCogB_Task-1.mat,B,Task-1,R,F3,47,0.74609375,5.1220493,-7.3478205,18.565973
VisualCogB_Task-1.mat,B,Task-1,R,F3,47,0.75,5.1379376,-7.3704957,18.571088
VisualCogB_Task-1.mat,B,Task-1,R,F3,47,0.75390625,5.1854313,-7.0181747,18.654353
VisualCogB_Task-1.mat,B,Task-1,R,F3,47,0.7578125,5.2394533,-6.9389053,18.698371
VisualCogB_Task-1.mat,B,Task-1,R,F3,47,0.76171875,5.2974915,-6.9316983,18.427858
VisualCogB_Task-1.mat,B,Task-1,R,F3,47,0.765625,5.3493897,-6.9950806,18.191512
VisualCogB_Task-1.mat,B,Task-1,R,F3,47,0.76953125,5.4093094,-6.7819322,17.972628
VisualCogB_Task-1.mat,B,Task-1,R,F3,47,0.7734375,5.4650329,-6.5597759,17.560522
VisualCogB_Task-1.mat,B,Task-1,R,F3,47,0.77734375,5.4983104,-5.906828,17.10051
VisualCogB_Task-1.mat,B,Task-1,R,F3,47,0.78125,5.5286828,-5.465418,16.659009
VisualCogB_Task-1.mat,B,Task-1,R,F3,47,0.78515625,5.5359881,-5.2868695,16.318895
VisualCogB_Task-1.mat,B,Task-1,R,F3,47,0.7890625,5.5411123,-5.1966766,16.270571
VisualCogB_Task-1.mat,B,Task-1,R,F3,47,0.79296875,5.5346113,-5.1489226,16.167587
VisualCogB_Task-1.mat,B,Task-1,R,F3,47,0.796875,5.48578,-5.0442315,16.013326
VisualCogB_Task-1.mat,B,Task-1,R,F3,47,0.80078125,5.3645647,-5.138142,16.053425
VisualCogB_Task-1.mat,B,Task-1,R,F3,47,0.8046875,5.1877333,-5.2406909,16.079178
VisualCogB_Task-1.mat,B,Task-1,R,F3,47,0.80859375,4.95103,-5.2835585,15.85535
VisualCogB_Task-1.mat,B,Task-1,R,F3,47,0.8125,4.6842032,-5.3172175,15.462434
VisualCogB_Task-1.mat,B,Task-1,R,F3,47,0.81640625,4.3343535,-5.5080036,15.065864
VisualCogB_Task-1.mat,B,Task-1,R,F3,47,0.8203125,3.9107298,-5.6961924,14.529884
VisualCogB_Task-1.mat,B,Task-1,R,F3,47,0.82421875,3.3876537,-5.9602502,13.932298
VisualCogB_Task-1.mat,B,Task-1,R,F3,47,0.828125,2.8004493,-6.2805046,13.172266
VisualCogB_Task-1.mat,B,Task-1,R,F3,47,0.83203125,2.1635671,-6.7693794,12.322558
VisualCogB_Task-1.mat,B,Task-1,R,F3,47,0.8359375,1.5217357,-7.2362438,11.456291
VisualCogB_Task-1.mat,B,Task-1,R,F3,47,0.83984375,0.9138341,-7.4699122,10.62529
VisualCogB_Task-1.mat,B,Task-1,R,F3,47,0.84375,0.3230136,-7.6517654,9.7287841
VisualCogB_Task-1.mat,B,Task-1,R,F3,47,0.84765625,-0.23702387,-7.8899859,8.9206194
VisualCogB_Task-1.mat,B,Task-1,R,F3,47,0.8515625,-0.76830693,-8.3050334,7.977787
VisualCogB_Task-1.mat,B,Task-1,R,F3,47,0.85546875,-1.33203,-8.6498762,7.0168012
VisualCogB_Task-1.mat,B,Task-1,R,F3,47,0.859375,-1.9150653,-9.0492817,6.2837211
VisualCogB_Task-1.mat,B,Task-1,R,F3,47,0.86328125,-2.4840642,-9.4032569,5.6315881
VisualCogB_Task-1.mat,B,Task-1,R,F3,47,0.8671875,-2.9826711,-9.749647,4.928941
VisualCogB_Task-1.mat,B,Task-1,R,F3,47,0.87109375,-3.4489138,-10.19487,4.3927366
VisualCogB_Task-1.mat,B,Task-1,R,F3,47,0.875,-3.8225823,-10.471329,3.8560799
VisualCogB_Task-1.mat,B,Task-1,R,F3,47,0.87890625,-4.1628049,-10.716477,3.6294611
VisualCogB_Task-1.mat,B,Task-1,R,F3,47,0.8828125,-4.407027,-10.882669,3.2863431
VisualCogB_Task-1.mat,B,Task-1,R,F3,47,0.88671875,-4.6200535,-11.051866,3.0266861
VisualCogB_Task-1.mat,B,Task-1,R,F3,47,0.890625,-4.8154351,-11.442344,2.8701513
VisualCogB_Task-1.mat,B,Task-1,R,F3,47,0.89453125,-4.9674824,-11.63318,2.858577
VisualCogB_Task-1.mat,B,Task-1,R,F3,47,0.8984375,-5.0734012,-11.651878,2.9080872
VisualCogB_Task-1.mat,B,Task-1,R,F3,47,0.90234375,-5.1619729,-11.697896,3.0229746
VisualCogB_Task-1.mat,B,Task-1,R,F3,47,0.90625,-5.1881871,-11.648975,3.3774924
VisualCogB_Task-1.mat,B,Task-1,R,F3,47,0.91015625,-5.190339,-11.584271,3.6441732
VisualCogB_Task-1.mat,B,Task-1,R,F3,47,0.9140625,-5.152093,-11.257931,3.8457555
VisualCogB_Task-1.mat,B,Task-1,R,F3,47,0.91796875,-5.1278342,-11.023306,3.938852
VisualCogB_Task-1.mat,B,Task-1,R,F3,47,0.921875,-5.1027397,-11.079142,4.1256058
VisualCogB_Task-1.mat,B,Task-1,R,F3,47,0.92578125,-5.0935778,-11.169816,4.235898
VisualCogB_Task-1.mat,B,Task-1,R,F3,47,0.9296875,-5.0955045,-11.1802,4.3838072
VisualCogB_Task-1.mat,B,Task-1,R,F3,47,0.93359375,-5.0943118,-11.289883,4.6440799
VisualCogB_Task-1.mat,B,Task-1,R,F3,47,0.9375,-5.0925486,-11.414398,5.0505154
VisualCogB_Task-1.mat,B,Task-1,R,F3,47,0.94140625,-5.0759076,-11.500448,5.5967867
VisualCogB_Task-1.mat,B,Task-1,R,F3,47,0.9453125,-5.0444391,-11.433993,5.8510107
VisualCogB_Task-1.mat,B,Task-1,R,F3,47,0.94921875,-4.9960128,-11.481391,6.3347607
VisualCogB_Task-1.mat,B,Task-1,R,F3,47,0.953125,-4.9284983,-11.346501,6.6827843
VisualCogB_Task-1.mat,B,Task-1,R,F3,47,0.95703125,-4.8397654,-11.435881,7.377935
VisualCogB_Task-1.mat,B,Task-1,R,F3,47,0.9609375,-4.7276838,-11.505856,8.0790549
VisualCogB_Task-1.mat,B,Task-1,R,F3,47,0.96484375,-4.590123,-11.584143,8.7549582
VisualCogB_Task-1.mat,B,Task-1,R,F3,47,0.96875,-4.4249527,-11.652307,9.3947971
VisualCogB_Task-1.mat,B,Task-1,R,F3,47,0.97265625,-4.2300426,-11.527376,9.9898788
VisualCogB_Task-1.mat,B,Task-1,R,F3,47,0.9765625,-4.0032625,-11.470855,10.310724
VisualCogB_Task-1.mat,B,Task-1,R,F3,47,0.98046875,-3.7424818,-11.384711,10.227418
VisualCogB_Task-1.mat,B,Task-1,R,F3,47,0.984375,-3.4455704,-11.12963,10.048946
VisualCogB_Task-1.mat,B,Task-1,R,F3,47,0.98828125,-3.1103979,-11.087384,10.228088
VisualCogB_Task-1.mat,B,Task-1,R,F3,47,0.9921875,-2.7348339,-11.053561,9.9019474
VisualCogB_Task-1.mat,B,Task-1,R,F3,47,0.99609375,-2.3167481,-11.026835,9.9997528
VisualCogB_Task-1.mat,B,Task-1,R,F4,47,-0.5,1.0062812,-7.2065968,9.3410141
VisualCogB_Task-1.mat,B,Task-1,R,F4,47,-0.49609375,1.7180099,-6.3335991,9.8585016
VisualCogB_Task-1.mat,B,Task-1,R,F4,47,-0.4921875,2.2839765,-5.7589642,10.370516
VisualCogB_Task-1.mat,B,Task-1,R,F4,47,-0.48828125,2.7138199,-5.4839869,10.801985
VisualCogB_Task-1.mat,B,Task-1,R,F4,47,-0.484375,3.0171795,-5.3966189,10.988159
VisualCogB_Task-1.mat,B,Task-1,R,F4,47,-0.48046875,3.2036942,-5.2620963,10.976267
VisualCogB_Task-1.mat,B,Task-1,R,F4,47,-0.4765625,3.2830033,-5.2490715,11.047838
VisualCogB_Task-1.mat,B,Task-1,R,F4,47,-0.47265625,3.2647458,-5.2902126,10.943251
VisualCogB_Task-1.mat,B,Task-1,R,F4,47,-0.46875,3.1585609,-5.3355766,10.694181
VisualCogB_Task-1.mat,B,Task-1,R,F4,47,-0.46484375,2.9740877,-5.4129326,10.478371
VisualCogB_Task-1.mat,B,Task-1,R,F4,47,-0.4609375,2.7209653,-5.5187069,10.244389
VisualCogB_Task-1.mat,B,Task-1,R,F4,47,-0.45703125,2.408833,-5.6475455,9.9138879
VisualCogB_Task-1.mat,B,Task-1,R,F4,47,-0.453125,2.0473297,-5.878864,9.4732861
VisualCogB_Task-1.mat,B,Task-1,R,F4,47,-0.44921875,1.6460947,-6.2439238,8.9951455
VisualCogB_Task-1.mat,B,Task-1,R,F4,47,-0.4453125,1.214767,-6.4591432,8.5655756
VisualCogB_Task-1.mat,B,Task-1,R,F4,47,-0.44140625,0.76298584,-6.6919442,8.0423181
VisualCogB_Task-1.mat,B,Task-1,R,F4,47,-0.4375,0.38198579,-6.9846403,7.4911371
VisualCogB_Task-1.mat,B,Task-1,R,F4,47,-0.43359375,-0.0090800554,-7.3862244,6.967015
VisualCogB_Task-1.mat,B,Task-1,R,F4,47,-0.4296875,-0.39475714,-7.7571674,6.5134933
VisualCogB_Task-1.mat,B,Task-1,R,F4,47,-0.42578125,-0.75654478,-8.3269389,6.1252688
VisualCogB_Task-1.mat,B,Task-1,R,F4,47,-0.421875,-1.1072652,-8.6986265,5.7276188
VisualCogB_Task-1.mat,B,Task-1,R,F4,47,-0.41796875,-1.4215753,-9.0241084,5.2604098
VisualCogB_Task-1.mat,B,Task-1,R,F4,47,-0.4140625,-1.7040564,-9.4067331,4.987236
VisualCogB_Task-1.mat,B,Task-1,R,F4,47,-0.41015625,-1.9480287,-9.7017988,4.7757325
VisualCogB_Task-1.mat,B,Task-1,R,F4,47,-0.40625,-2.1125305,-9.8501514,4.548659
VisualCogB_Task-1.mat,B,Task-1,R,F4,47,-0.40234375,-2.1972641,-9.8814244,4.3610138
VisualCogB_Task-1.mat,B,Task-1,R,F4,47,-0.3984375,-2.1768541,-9.8353838,4.1679717
VisualCogB_Task-1.mat,B,Task-1,R,F4,47,-0.39453125,-2.0782431,-9.61829,4.046915
VisualCogB_Task-1.mat,B,Task-1,R,F4,47,-0.390625,-1.9334468,-9.3514506,4.0415292
VisualCogB_Task-1.mat,B,Task-1,R,F4,47,-0.38671875,-1.7524137,-9.0703553,4.171703
VisualCogB_Task-1.mat,B,Task-1,R,F4,47,-0.3828125,-1.5778579,-8.8949052,4.3869076
VisualCogB_Task-1.mat,B,Task-1,R,F4,47,-0.37890625,-1.4643645,-8.7702291,4.4980355
VisualCogB_Task-1.mat,B,Task-1,R,F4,47,-0.375,-1.4035136,-8.7183951,4.5664307
VisualCogB_Task-1.mat,B,Task-1,R,F4,47,-0.37109375,-1.3961908,-8.7044122,4.4419706
VisualCogB_Task-1.mat,B,Task-1,R,F4,47,-0.3671875,-1.4151765,-8.673713,4.3293757
VisualCogB_Task-1.mat,B,Task-1,R,F4,47,-0.36328125,-1.4690567,-8.6962768,4.1315481
VisualCogB_Task-1.mat,B,Task-1,R,F4,47,-0.359375,-1.5510171,-8.5719948,3.897239
VisualCogB_Task-1.mat,B,Task-1,R,F4,47,-0.35546875,-1.6480137,-8.5766495,3.6791267
VisualCogB_Task-1.mat,B,Task-1,R,F4,47,-0.3515625,-1.7147163,-8.6177958,3.6228541
VisualCogB_Task-1.mat,B,Task-1,R,F4,47,-0.34765625,-1.7620809,-8.4736508,3.4883343
VisualCogB_Task-1.mat,B,Task-1,R,F4,47,-0.34375,-1.782215,-8.3423246,3.3561366
VisualCogB_Task-1.mat,B,Task-1,R,F4,47,-0.33984375,-1.8014802,-8.2539544,3.3984123
VisualCogB_Task-1.mat,B,Task-1,R,F4,47,-0.3359375,-1.8518225,-8.285029,3.3071789
VisualCogB_Task-1.mat,B,Task-1,R,F4,47,-0.33203125,-1.9472289,-8.257016,3.1459639
VisualCogB_Task-1.mat,B,Task-1,R,F4,47,-0.328125,-2.0452391,-8.4001899,3.0341558
VisualCogB_Task-1.mat,B,Task-1,R,F4,47,-0.32421875,-2.1570898,-8.4297132,2.8620275
VisualCogB_Task-1.mat,B,Task-1,R,F4,47,-0.3203125,-2.2334446,-8.4041533,2.7863819
VisualCogB_Task-1.mat,B,Task-1,R,F4,47,-0.31640625,-2.2370292,-8.2552988,2.7360169
VisualCogB_Task-1.mat,B,Task-1,R,F4,47,-0.3125,-2.1453422,-8.036011,2.9272199
VisualCogB_Task-1.mat,B,Task-1,R,F4,47,-0.30859375,-1.9748104,-7.7928792,3.1512254
VisualCogB_Task-1.mat,B,Task-1,R,F4,47,-0.3046875,-1.7696563,-7.6135803,3.2351518
VisualCogB_Task-1.mat,B,Task-1,R,F4,47,-0.30078125,-1.5547057,-7.3665841,3.5673207
VisualCogB_Task-1.mat,B,Task-1,R,F4,47,-0.296875,-1.3498644,-7.1655567,3.6273395
VisualCogB_Task-1.mat,B,Task-1,R,F4,47,-0.29296875,-1.1677083,-6.9131452,3.7186802
VisualCogB_Task-1.mat,B,Task-1,R,F4,47,-0.2890625,-0.99776637,-6.589708,3.8275632
VisualCogB_Task-1.mat,B,Task-1,R,F4,47,-0.28515625,-0.84455566,-6.3887112,3.993188
VisualCogB_Task-1.mat,B,Task-1,R,F4,47,-0.28125,-0.71899265,-6.1174465,4.0600442
VisualCogB_Task-1.mat,B,Task-1,R,F4,47,-0.27734375,-0.62527027,-5.8619694,4.0943282
VisualCogB_Task-1.mat,B,Task-1,R,F4,47,-0.2734375,-0.55772513,-5.6265531,4.176278
VisualCogB_Task-1.mat,B,Task-1,R,F4,47,-0.26953125,-0.49078336,-5.3327326,4.2080528
VisualCogB_Task-1.mat,B,Task-1,R,F4,47,-0.265625,-0.43797931,-5.1173146,4.1989518
VisualCogB_Task-1.mat,B,Task-1,R,F4,47,-0.26171875,-0.40557431,-5.0990541,4.1341335
VisualCogB_Task-1.mat,B,Task-1,R,F4,47,-0.2578125,-0.39615922,-5.1861536,3.8477169
VisualCogB_Task-1.mat,B,Task-1,R,F4,47,-0.25390625,-0.42202409,-5.2620062,3.6764072
VisualCogB_Task-1.mat,B,Task-1,R,F4,47,-0.25,-0.46401201,-5.3850863,3.4618404
VisualCogB_Task-1.mat,B,Task-1,R,F4,47,-0.24609375,-0.54094614,-5.4161596,3.3684804
VisualCogB_Task-1.mat,B,Task-1,R,F4,47,-0.2421875,-0.6189366,-5.4847531,3.253764
VisualCogB_Task-1.mat,B,Task-1,R,F4,47,-0.23828125,-0.67360618,-5.2791375,3.0654439
VisualCogB_Task-1.mat,B,Task-1,R,F4,47,-0.234375,-0.69791152,-4.982803,2.9156065
VisualCogB_Task-1.mat,B,Task-1,R,F4,47,-0.23046875,-0.70933795,-4.9686663,2.8294504
VisualCogB_Task-1.mat,B,Task-1,R,F4,47,-0.2265625,-0.70571137,-4.8404575,2.6365253
VisualCogB_Task-1.mat,B,Task-1,R,F4,47,-0.22265625,-0.68168844,-4.6338819,2.5647648
VisualCogB_Task-1.mat,B,Task-1,R,F4,47,-0.21875,-0.62330076,-4.4268956,2.498147
VisualCogB_Task-1.mat,B,Task-1,R,F4,47,-0.21484375,-0.52939594,-4.1493899,2.4237203
VisualCogB_Task-1.mat,B,Task-1,R,F4,47,-0.2109375,-0.37036113,-3.9459753,2.4110057
VisualCogB_Task-1.mat,B,Task-1,R,F4,47,-0.20703125,-0.19173708,-3.6141717,2.4747331
VisualCogB_Task-1.mat,B,Task-1,R,F4,47,-0.203125,0.042380409,-3.1999522,2.5863434
VisualCogB_Task-1.mat,B,Task-1,R,F4,47,-0.19921875,0.29921508,-2.7725762,2.766711
VisualCogB_Task-1.mat,B,Task-1,R,F4,47,-0.1953125,0.5510274,-2.3539313,2.8579779
VisualCogB_Task-1.mat,B,Task-1,R,F4,47,-0.19140625,0.76548376,-1.9121482,3.0529532
VisualCogB_Task-1.mat,B,Task-1,R,F4,47,-0.1875,0.94210538,-1.5347463,3.178922
VisualCogB_Task-1.mat,B,Task-1,R,F4,47,-0.18359375,1.0875826,-1.2698298,3.2997068
VisualCogB_Task-1.mat,B,Task-1,R,F4,47,-0.1796875,1.2108401,-1.0146705,3.3530573
VisualCogB_Task-1.mat,B,Task-1,R,F4,47,-0.17578125,1.2860537,-0.90376299,3.306445
VisualCogB_Task-1.mat,B,Task-1,R,F4,47,-0.171875,1.3123124,-0.88960501,3.1754011
VisualCogB_Task-1.mat,B,Task-1,R,F4,47,-0.16796875,1.2774083,-0.87252874,3.2347106
VisualCogB_Task-1.mat,B,Task-1,R,F4,47,-0.1640625,1.1945829,-0.96068292,3.1323229
VisualCogB_Task-1.mat,B,Task-1,R,F4,47,-0.16015625,1.0827613,-1.0450831,3.0433479
VisualCogB_Task-1.mat,B,Task-1,R,F4,47,-0.15625,0.93674133,-1.1674598,2.936392
VisualCogB_Task-1.mat,B,Task-1,R,F4,47,-0.15234375,0.76851027,-1.3208175,2.7138192
VisualCogB_Task-1.mat,B,Task-1,R,F4,47,-0.1484375,0.56370595,-1.5994846,2.3909789
VisualCogB_Task-1.mat,B,Task-1,R,F4,47,-0.14453125,0.29901185,-1.7709931,2.1056621
VisualCogB_Task-1.mat,B,Task-1,R,F4,47,-0.140625,-0.019225562,-1.916278,1.8336309
VisualCogB_Task-1.mat,B,Task-1,R,F4,47,-0.13671875,-0.33701994,-2.161032,1.4992895
VisualCogB_Task-1.mat,B,Task-1,R,F4,47,-0.1328125,-0.62142464,-2.3305261,1.1301823
VisualCogB_Task-1.mat,B,Task-1,R,F4,47,-0.12890625,-0.86569251,-2.5155041,0.87212347
VisualCogB_Task-1.mat,B,Task-1,R,F4,47,-0.125,-1.0634565,-2.5631276,0.61336036
VisualCogB_Task-1.mat,B,Task-1,R,F4,47,-0.12109375,-1.2203009,-2.6273582,0.43050201
VisualCogB_Task-1.mat,B,Task-1,R,F4,47,-0.1171875,-1.3278656,-2.7472337,0.31077804
VisualCogB_Task-1.mat,B,Task-1,R,F4,47,-0.11328125,-1.3879425,-2.7792121,0.23920294
VisualCogB_Task-1.mat,B,Task-1,R,F4,47,-0.109375,-1.4200273,-2.9186447,0.23376949
VisualCogB_Task-1.mat,B,Task-1,R,F4,47,-0.10546875,-1.4130355,-3.0435709,0.27013859
VisualCogB_Task-1.mat,B,Task-1,R,F4,47,-0.1015625,-1.351563,-3.1069794,0.40681706
VisualCogB_Task-1.mat,B,Task-1,R,F4,47,-0.09765625,-1.2280668,-3.0855822,0.64121101
VisualCogB_Task-1.mat,B,Task-1,R,F4,47,-0.09375,-1.0239116,-2.9231912,0.8384039
VisualCogB_Task-1.mat,B,Task-1,R,F4,47,-0.08984375,-0.7787374,-2.7170883,1.2173478
VisualCogB_Task-1.mat,B,Task-1,R,F4,47,-0.0859375,-0.49346296,-2.4940812,1.5621167
VisualCogB_Task-1.mat,B,Task-1,R,F4,47,-0.08203125,-0.20800966,-2.2179813,1.9480846
VisualCogB_Task-1.mat,B,Task-1,R,F4,47,-0.078125,0.048282717,-1.9813648,2.1689827
VisualCogB_Task-1.mat,B,Task-1,R,F4,47,-0.07421875,0.24985613,-1.7970849,2.3177934
VisualCogB_Task-1.mat,B,Task-1,R,F4,47,-0.0703125,0.38340512,-1.709524,2.5361322
VisualCogB_Task-1.mat,B,Task-1,R,F4,47,-0.06640625,0.43906645,-1.5753872,2.5661609
VisualCogB_Task-1.mat,B,Task-1,R,F4,47,-0.0625,0.44219043,-1.6557264,2.5351052
VisualCogB_Task-1.mat,B,Task-1,R,F4,47,-0.05859375,0.38397866,-1.8483667,2.4801071
VisualCogB_Task-1.mat,B,Task-1,R,F4,47,-0.0546875,0.28438977,-1.9984577,2.3062709
VisualCogB_Task-1.mat,B,Task-1,R,F4,47,-0.05078125,0.15146591,-2.1461103,2.1546895
VisualCogB_Task-1.mat,B,Task-1,R,F4,47,-0.046875,-0.010134885,-2.3169563,2.0815828
VisualCogB_Task-1.mat,B,Task-1,R,F4,47,-0.04296875,-0.1990872,-2.4696324,2.0490606
VisualCogB_Task-1.mat,B,Task-1,R,F4,47,-0.0390625,-0.41365404,-2.6759594,1.9246608
VisualCogB_Task-1.mat,B,Task-1,R,F4,47,-0.03515625,-0.62690846,-2.8707151,1.7734484
VisualCogB_Task-1.mat,B,Task-1,R,F4,47,-0.03125,-0.82504024,-3.0719161,1.6690261
VisualCogB_Task-1.mat,B,Task-1,R,F4,47,-0.02734375,-1.000934,-3.3405627,1.5607475
VisualCogB_Task-1.mat,B,Task-1,R,F4,47,-0.0234375,-1.1443323,-3.4430746,1.4659665
VisualCogB_Task-1.mat,B,Task-1,R,F4,47,-0.01953125,-1.2563407,-3.5714573,1.363589
VisualCogB_Task-1.mat,B,Task-1,R,F4,47,-0.015625,-1.3643485,-3.566795,1.2420413
VisualCogB_Task-1.mat,B,Task-1,R,F4,47,-0.01171875,-1.5007608,-3.7850167,1.1025664
VisualCogB_Task-1.mat,B,Task-1,R,F4,47,-0.0078125,-1.668155,-3.9633809,0.92160115
VisualCogB_Task-1.mat,B,Task-1,R,F4,47,-0.00390625,-1.8446817,-4.2584809,0.81684789
VisualCogB_Task-1.mat,B,Task-1,R,F4,47,0,-1.9994868,-4.522628,0.65363989
VisualCogB_Task-1.mat,B,Task-1,R,F4,47,0.00390625,-2.1142646,-4.8346771,0.7663942
VisualCogB_Task-1.mat,B,Task-1,R,F4,47,0.0078125,-2.1808785,-5.0948726,0.91979565
VisualCogB_Task-1.mat,B,Task-1,R,F4,47,0.01171875,-2.15983,-5.3294841,1.1489513
VisualCogB_Task-1.mat,B,Task-1,R,F4,47,0.015625,-2.0382428,-5.3537477,1.426664
VisualCogB_Task-1.mat,B,Task-1,R,F4,47,0.01953125,-1.8312242,-5.2392014,1.6904668
VisualCogB_Task-1.mat,B,Task-1,R,F4,47,0.0234375,-1.5924191,-5.1952258,2.0281573
VisualCogB_Task-1.mat,B,Task-1,R,F4,47,0.02734375,-1.3795551,-5.1967243,2.3907072
VisualCogB_Task-1.mat,B,Task-1,R,F4,47,0.03125,-1.2158978,-5.1877513,2.6507148
VisualCogB_Task-1.mat,B,Task-1,R,F4,47,0.03515625,-1.1168503,-5.1729897,2.822312
VisualCogB_Task-1.mat,B,Task-1,R,F4,47,0.0390625,-1.0867771,-5.1151636,2.9456191
VisualCogB_Task-1.mat,B,Task-1,R,F4,47,0.04296875,-1.1182852,-5.2711563,3.0754812
VisualCogB_Task-1.mat,B,Task-1,R,F4,47,0.046875,-1.1930847,-5.3950718,3.1160921
VisualCogB_Task-1.mat,B,Task-1,R,F4,47,0.05078125,-1.2819317,-5.5449551,3.1069713
VisualCogB_Task-1.mat,B,Task-1,R,F4,47,0.0546875,-1.3477191,-5.5743044,3.11527
VisualCogB_Task-1.mat,B,Task-1,R,F4,47,0.05859375,-1.4490172,-5.8779384,2.9896323
VisualCogB_Task-1.mat,B,Task-1,R,F4,47,0.0625,-1.5978738,-6.2208792,2.9704682
VisualCogB_Task-1.mat,B,Task-1,R,F4,47,0.06640625,-1.8142556,-6.3992804,2.9343816
VisualCogB_Task-1.mat,B,Task-1,R,F4,47,0.0703125,-2.0932744,-6.6015742,2.5854303
VisualCogB_Task-1.mat,B,Task-1,R,F4,47,0.07421875,-2.4119395,-6.9515929,2.3222559
VisualCogB_Task-1.mat,B,Task-1,R,F4,47,0.078125,-2.7212824,-7.2810891,2.0595768
VisualCogB_Task-1.mat,B,Task-1,R,F4,47,0.08203125,-3.0089739,-7.559332,1.8247362
VisualCogB_Task-1.mat,B,Task-1,R,F4,47,0.0859375,-3.2571623,-7.8864973,1.6212316
VisualCogB_Task-1.mat,B,Task-1,R,F4,47,0.08984375,-3.4808982,-8.1838755,1.448676
VisualCogB_Task-1.mat,B,Task-1,R,F4,47,0.09375,-3.678798,-8.416708,1.3017038
VisualCogB_Task-1.mat,B,Task-1,R,F4,47,0.09765625,-3.8190287,-8.5902406,1.2194685
VisualCogB_Task-1.mat,B,Task-1,R,F4,47,0.1015625,-3.9472888,-8.8792326,1.1556765
VisualCogB_Task-1.mat,B,Task-1,R,F4,47,0.10546875,-4.0776016,-9.0966849,0.99670986
VisualCogB_Task-1.mat,B,Task-1,R,F4,47,0.109375,-4.1977641,-9.2583657,0.99595181
VisualCogB_Task-1.mat,B,Task-1,R,F4,47,0.11328125,-4.2907782,-9.5948689,1.154895
VisualCogB_Task-1.mat,B,Task-1,R,F4,47,0.1171875,-4.3718921,-9.9544086,1.3361574
VisualCogB_Task-1.mat,B,Task-1,R,F4,47,0.12109375,-4.4430918,-10.283222,1.4944977
VisualCogB_Task-1.mat,B,Task-1,R,F4,47,0.125,-4.5062257,-10.470875,1.6414592
VisualCogB_Task-1.mat,B,Task-1,R,F4,47,0.12890625,-4.5476036,-10.518318,1.6715986
VisualCogB_Task-1.mat,B,Task-1,R,F4,47,0.1328125,-4.5758186,-10.726168,1.7720414
VisualCogB_Task-1.mat,B,Task-1,R,F4,47,0.13671875,-4.6089428,-11.012095,1.970626
VisualCogB_Task-1.mat,B,Task-1,R,F4,47,0.140625,-4.6568383,-11.195553,2.0271109
VisualCogB_Task-1.mat,B,Task-1,R,F4,47,0.14453125,-4.7316698,-11.523811,1.8656822
VisualCogB_Task-1.mat,B,Task-1,R,F4,47,0.1484375,-4.8270436,-11.821317,1.8461575
VisualCogB_Task-1.mat,B,Task-1,R,F4,47,0.15234375,-4.9375923,-12.05803,1.895641
VisualCogB_Task-1.mat,B,Task-1,R,F4,47,0.15625,-5.0642911,-12.210249,1.9303481
VisualCogB_Task-1.mat,B,Task-1,R,F4,47,0.16015625,-5.1825529,-12.413872,1.7710666
VisualCogB_Task-1.mat,B,Task-1,R,F4,47,0.1640625,-5.2813604,-12.663299,1.611374
VisualCogB_Task-1.mat,B,Task-1,R,F4,47,0.16796875,-5.3596857,-12.804693,1.5030067
VisualCogB_Task-1.mat,B,Task-1,R,F4,47,0.171875,-5.4269153,-12.746732,1.5326342
VisualCogB_Task-1.mat,B,Task-1,R,F4,47,0.17578125,-5.5190072,-12.838651,1.6243056
VisualCogB_Task-1.mat,B,Task-1,R,F4,47,0.1796875,-5.6191426,-12.96609,1.7452109
VisualCogB_Task-1.mat,B,Task-1,R,F4,47,0.18359375,-5.7280185,-13.068216,1.8597625
VisualCogB_Task-1.mat,B,Task-1,R,F4,47,0.1875,-5.8197459,-13.166544,1.7409508
VisualCogB_Task-1.mat,B,Task-1,R,F4,47,0.19140625,-5.8722543,-13.185291,1.7594536
VisualCogB_Task-1.mat,B,Task-1,R,F4,47,0.1953125,-5.8659526,-13.141941,1.8056223
VisualCogB_Task-1.mat,B,Task-1,R,F4,47,0.19921875,-5.8141547,-13.115301,1.7372033
VisualCogB_Task-1.mat,B,Task-1,R,F4,47,0.203125,-5.7174526,-12.985008,1.8214045
VisualCogB_Task-1.mat,B,Task-1,R,F4,47,0.20703125,-5.5984124,-12.802859,2.0554495
VisualCogB_Task-1.mat,B,Task-1,R,F4,47,0.2109375,-5.4629048,-12.71098,2.2289992
VisualCogB_Task-1.mat,B,Task-1,R,F4,47,0.21484375,-5.3295364,-12.772295,2.3085342
VisualCogB_Task-1.mat,B,Task-1,R,F4,47,0.21875,-5.2550385,-12.897277,2.38295
VisualCogB_Task-1.mat,B,Task-1,R,F4,47,0.22265625,-5.2037763,-12.976854,2.5548686
VisualCogB_Task-1.mat,B,Task-1,R,F4,47,0.2265625,-5.1563375,-12.988872,2.5633614
VisualCogB_Task-1.mat,B,Task-1,R,F4,47,0.23046875,-5.0959397,-13.000858,2.5716202
VisualCogB_Task-1.mat,B,Task-1,R,F4,47,0.234375,-5.0218436,-13.026657,2.6701097
VisualCogB_Task-1.mat,B,Task-1,R,F4,47,0.23828125,-4.9256823,-12.794505,2.7916185
VisualCogB_Task-1.mat,B,Task-1,R,F4,47,0.2421875,-4.8060053,-12.639991,2.900839
VisualCogB_Task-1.mat,B,Task-1,R,F4,47,0.24609375,-4.6660315,-12.488233,3.0192738
VisualCogB_Task-1.mat,B,Task-1,R,F4,47,0.25,-4.5265296,-12.288051,3.24798
VisualCogB_Task-1.mat,B,Task-1,R,F4,47,0.25390625,-4.4042515,-12.198599,3.5935816
VisualCogB_Task-1.mat,B,Task-1,R,F4,47,0.2578125,-4.301518,-12.022083,3.8010375
VisualCogB_Task-1.mat,B,Task-1,R,F4,47,0.26171875,-4.2248204,-11.846372,3.8587624
VisualCogB_Task-1.mat,B,Task-1,R,F4,47,0.265625,-4.1462724,-11.663918,3.8919477
VisualCogB_Task-1.mat,B,Task-1,R,F4,47,0.26953125,-4.0432268,-11.45031,3.8917228
VisualCogB_Task-1.mat,B,Task-1,R,F4,47,0.2734375,-3.8980909,-11.147933,4.0652519
VisualCogB_Task-1.mat,B,Task-1,R,F4,47,0.27734375,-3.6947883,-10.779362,4.2904751
VisualCogB_Task-1.mat,B,Task-1,R,F4,47,0.28125,-3.4535874,-10.371923,4.3715383
VisualCogB_Task-1.mat,B,Task-1,R,F4,47,0.28515625,-3.1915608,-9.9784686,4.7754661
VisualCogB_Task-1.mat,B,Task-1,R,F4,47,0.2890625,-2.9225246,-9.6356445,5.1094199
VisualCogB_Task-1.mat,B,Task-1,R,F4,47,0.29296875,-2.6759691,-9.4059612,5.3870347
VisualCogB_Task-1.mat,B,Task-1,R,F4,47,0.296875,-2.4634391,-9.316495,5.5505543
VisualCogB_Task-1.mat,B,Task-1,R,F4,47,0.30078125,-2.2907985,-9.261498,5.7261515
VisualCogB_Task-1.mat,B,Task-1,R,F4,47,0.3046875,-2.1431383,-9.1963253,6.0247754
VisualCogB_Task-1.mat,B,Task-1,R,F4,47,0.30859375,-1.9990319,-9.0885048,6.2629794
VisualCogB_Task-1.mat,B,Task-1,R,F4,47,0.3125,-1.8422461,-8.925997,6.4918367
VisualCogB_Task-1.mat,B,Task-1,R,F4,47,0.31640625,-1.6736365,-8.7446763,6.6402583
VisualCogB_Task-1.mat,B,Task-1,R,F4,47,0.3203125,-1.4969491,-8.6612227,6.777899
VisualCogB_Task-1.mat,B,Task-1,R,F4,47,0.32421875,-1.3303019,-8.517814,6.9002239
VisualCogB_Task-1.mat,B,Task-1,R,F4,47,0.328125,-1.1925307,-8.4452979,6.9593544
VisualCogB_Task-1.mat,B,Task-1,R,F4,47,0.33203125,-1.098916,-8.3153743,6.9528854
VisualCogB_Task-1.mat,B,Task-1,R,F4,47,0.3359375,-1.0572903,-8.288233,6.9050885
VisualCogB_Task-1.mat,B,Task-1,R,F4,47,0.33984375,-1.0890472,-8.3910292,6.7782279
VisualCogB_Task-1.mat,B,Task-1,R,F4,47,0.34375,-1.2059641,-8.4344403,6.5450191
VisualCogB_Task-1.mat,B,Task-1,R,F4,47,0.34765625,-1.406837,-8.5193153,6.1784541
VisualCogB_Task-1.mat,B,Task-1,R,F4,47,0.3515625,-1.691366,-8.6572819,5.8533552
VisualCogB_Task-1.mat,B,Task-1,R,F4,47,0.35546875,-2.0586333,-8.9637273,5.4485492
VisualCogB_Task-1.mat,B,Task-1,R,F4,47,0.359375,-2.4898137,-9.3433425,4.9570629
VisualCogB_Task-1.mat,B,Task-1,R,F4,47,0.36328125,-2.9667117,-9.8411746,4.5134695
VisualCogB_Task-1.mat,B,Task-1,R,F4,47,0.3671875,-3.4805162,-10.377276,4.046112
VisualCogB_Task-1.mat,B,Task-1,R,F4,47,0.37109375,-4.0126672,-10.882963,3.5585959
VisualCogB_Task-1.mat,B,Task-1,R,F4,47,0.375,-4.5433986,-11.303903,3.0703271
VisualCogB_Task-1.mat,B,Task-1,R,F4,47,0.37890625,-5.0500172,-11.740372,2.5414493
VisualCogB_Task-1.mat,B,Task-1,R,F4,47,0.3828125,-5.5369297,-12.114965,1.9494642
VisualCogB_Task-1.mat,B,Task-1,R,F4,47,0.38671875,-6.0009169,-12.571433,1.4290523
VisualCogB_Task-1.mat,B,Task-1,R,F4,47,0.390625,-6.4665756,-13.22208,1.0414436
VisualCogB_Task-1.mat,B,Task-1,R,F4,47,0.39453125,-6.9375326,-13.825175,0.73604416
VisualCogB_Task-1.mat,B,Task-1,R,F4,47,0.3984375,-7.4273195,-14.484604,0.37275087
VisualCogB_Task-1.mat,B,Task-1,R,F4,47,0.40234375,-7.9347558,-15.02713,-0.081183601
VisualCogB_Task-1.mat,B,Task-1,R,F4,47,0.40625,-8.449801,-15.489656,-0.62738718
VisualCogB_Task-1.mat,B,Task-1,R,F4,47,0.41015625,-8.9633141,-15.910509,-1.1670889
VisualCogB_Task-1.mat,B,Task-1,R,F4,47,0.4140625,-9.4489601,-16.519688,-1.6517676
VisualCogB_Task-1.mat,B,Task-1,R,F4,47,0.41796875,-9.9013444,-16.872409,-2.1277694
VisualCogB_Task-1.mat,B,Task-1,R,F4,47,0.421875,-10.317081,-17.246683,-2.55462
VisualCogB_Task-1.mat,B,Task-1,R,F4,47,0.42578125,-10.716124,-17.701195,-3.0120544
VisualCogB_Task-1.mat,B,Task-1,R,F4,47,0.4296875,-11.118706,-18.138382,-3.299483
VisualCogB_Task-1.mat,B,Task-1,R,F4,47,0.43359375,-11.534637,-18.665293,-3.5832201
VisualCogB_Task-1.mat,B,Task-1,R,F4,47,0.4375,-11.956512,-19.119874,-3.9336489
VisualCogB_Task-1.mat,B,Task-1,R,F4,47,0.44140625,-12.392715,-19.572192,-4.1458685
VisualCogB_Task-1.mat,B,Task-1,R,F4,47,0.4453125,-12.835957,-20.0119,-4.3979039
VisualCogB_Task-1.mat,B,Task-1,R,F4,47,0.44921875,-13.265316,-20.500653,-4.8226386
VisualCogB_Task-1.mat,B,Task-1,R,F4,47,0.453125,-13.674435,-21.085521,-5.2296408
VisualCogB_Task-1.mat,B,Task-1,R,F4,47,0.45703125,-14.069749,-21.545204,-5.5272854
VisualCogB_Task-1.mat,B,Task-1,R,F4,47,0.4609375,-14.429764,-21.950888,-5.7754578
VisualCogB_Task-1.mat,B,Task-1,R,F4,47,0.46484375,-14.749214,-22.212913,-5.9243173
VisualCogB_Task-1.mat,B,Task-1,R,F4,47,0.46875,-15.024043,-22.503691,-5.9811593
VisualCogB_Task-1.mat,B,Task-1,R,F4,47,0.47265625,-15.250422,-22.760484,-6.1167862
VisualCogB_Task-1.mat,B,Task-1,R,F4,47,0.4765625,-15.406018,-23.014352,-6.1256187
VisualCogB_Task-1.mat,B,Task-1,R,F4,47,0.48046875,-15.489921,-23.378293,-6.0544255
VisualCogB_Task-1.mat,B,Task-1,R,F4,47,0.484375,-15.502244,-23.742104,-6.0286134
VisualCogB_Task-1.mat,B,Task-1,R,F4,47,0.48828125,-15.476053,-23.865543,-6.0804196
VisualCogB_Task-1.mat,B,Task-1,R,F4,47,0.4921875,-15.423001,-23.95574,-6.0894068
VisualCogB_Task-1.mat,B,Task-1,R,F4,47,0.49609375,-15.361581,-24.021099,-5.9617401
VisualCogB_Task-1.mat,B,Task-1,R,F4,47,0.5,-15.311121,-24.092382,-5.8801091
VisualCogB_Task-1.mat,B,Task-1,R,F4,47,0.50390625,-15.266422,-24.207598,-5.7944057
VisualCogB_Task-1.mat,B,Task-1,R,F4,47,0.5078125,-15.195573,-24.286185,-5.63677
VisualCogB_Task-1.mat,B,Task-1,R,F4,47,0.51171875,-15.088806,-24.280447,-5.4432045
VisualCogB_Task-1.mat,B,Task-1,R,F4,47,0.515625,-14.943399,-24.266531,-5.1928338
VisualCogB_Task-1.mat,B,Task-1,R,F4,47,0.51953125,-14.746883,-24.076596,-4.9969669
VisualCogB_Task-1.mat,B,Task-1,R,F4,47,0.5234375,-14.511525,-23.837955,-4.7774325
VisualCogB_Task-1.mat,B,Task-1,R,F4,47,0.52734375,-14.251651,-23.422081,-4.4851338
VisualCogB_Task-1.mat,B,Task-1,R,F4,47,0.53125,-13.979965,-23.005872,-4.1637505
VisualCogB_Task-1.mat,B,Task-1,R,F4,47,0.53515625,-13.730761,-22.665073,-3.8414689
VisualCogB_Task-1.mat,B,Task-1,R,F4,47,0.5390625,-13.543966,-22.408877,-3.7038617
VisualCogB_Task-1.mat,B,Task-1,R,F4,47,0.54296875,-13.400662,-22.188305,-3.626628
VisualCogB_Task-1.mat,B,Task-1,R,F4,47,0.546875,-13.260462,-21.919363,-3.5087295
VisualCogB_Task-1.mat,B,Task-1,R,F4,47,0.55078125,-13.078075,-21.608565,-3.3187092
VisualCogB_Task-1.mat,B,Task-1,R,F4,47,0.5546875,-12.816814,-21.453512,-3.0113005
VisualCogB_Task-1.mat,B,Task-1,R,F4,47,0.55859375,-12.445813,-21.151381,-2.5673596
VisualCogB_Task-1.mat,B,Task-1,R,F4,47,0.5625,-11.947157,-20.581699,-2.0292808
VisualCogB_Task-1.mat,B,Task-1,R,F4,47,0.56640625,-11.316459,-19.962397,-1.3189325
VisualCogB_Task-1.mat,B,Task-1,R,F4,47,0.5703125,-10.532269,-19.346712,-0.43706893
VisualCogB_Task-1.mat,B,Task-1,R,F4,47,0.57421875,-9.6611106,-18.682656,0.73084711
VisualCogB_Task-1.mat,B,Task-1,R,F4,47,0.578125,-8.6802637,-17.872829,1.9983237
VisualCogB_Task-1.mat,B,Task-1,R,F4,47,0.58203125,-7.5916855,-16.817381,3.5482154
VisualCogB_Task-1.mat,B,Task-1,R,F4,47,0.5859375,-6.3685693,-16.091213,5.1886434
VisualCogB_Task-1.mat,B,Task-1,R,F4,47,0.58984375,-4.995959,-15.17085,6.6539001
VisualCogB_Task-1.mat,B,Task-1,R,F4,47,0.59375,-3.4831184,-14.273267,8.647448
VisualCogB_Task-1.mat,B,Task-1,R,F4,47,0.59765625,-1.8751478,-13.079355,10.188223
VisualCogB_Task-1.mat,B,Task-1,R,F4,47,0.6015625,-0.16237409,-12.190872,12.524071
VisualCogB_Task-1.mat,B,Task-1,R,F4,47,0.60546875,1.614686,-11.426735,14.78685
VisualCogB_Task-1.mat,B,Task-1,R,F4,47,0.609375,3.4364988,-10.3508,17.310434
VisualCogB_Task-1.mat,B,Task-1,R,F4,47,0.61328125,5.2711533,-9.2601169,20.085002
VisualCogB_Task-1.mat,B,Task-1,R,F4,47,0.6171875,7.0753649,-8.7042975,22.841099
VisualCogB_Task-1.mat,B,Task-1,R,F4,47,0.62109375,8.8690428,-8.2044984,25.506383
VisualCogB_Task-1.mat,B,Task-1,R,F4,47,0.625,10.659058,-7.2318943,27.974451
VisualCogB_Task-1.mat,B,Task-1,R,F4,47,0.62890625,12.420184,-6.0876073,30.153991
VisualCogB_Task-1.mat,B,Task-1,R,F4,47,0.6328125,14.157253,-5.0464252,32.12216
VisualCogB_Task-1.mat,B,Task-1,R,F4,47,0.63671875,15.816344,-4.1438783,34.280651
VisualCogB_Task-1.mat,B,Task-1,R,F4,47,0.640625,17.367738,-3.0299929,35.818518
VisualCogB_Task-1.mat,B,Task-1,R,F4,47,0.64453125,18.733681,-2.2338815,37.389199
VisualCogB_Task-1.mat,B,Task-1,R,F4,47,0.6484375,19.861886,-1.6141771,38.71217
VisualCogB_Task-1.mat,B,Task-1,R,F4,47,0.65234375,20.733757,-1.1720083,39.415721
VisualCogB_Task-1.mat,B,Task-1,R,F4,47,0.65625,21.316248,-0.98370044,40.229376
VisualCogB_Task-1.mat,B,Task-1,R,F4,47,0.66015625,21.656507,-0.80568383,40.612062
VisualCogB_Task-1.mat,B,Task-1,R,F4,47,0.6640625,21.764417,-0.60098359,40.939319
VisualCogB_Task-1.mat,B,Task-1,R,F4,47,0.66796875,21.691045,-0.45098092,41.425478
VisualCogB_Task-1.mat,B,Task-1,R,F4,47,0.671875,21.473584,-0.31355738,41.232753
VisualCogB_Task-1.mat,B,Task-1,R,F4,47,0.67578125,21.182242,-0.257565,40.802527
VisualCogB_Task-1.mat,B,Task-1,R,F4,47,0.6796875,20.846859,-0.0015194144,39.994245
VisualCogB_Task-1.mat,B,Task-1,R,F4,47,0.68359375,20.4411,0.098018063,39.51068
VisualCogB_Task-1.mat,B,Task-1,R,F4,47,0.6875,19.981072,0.41666479,38.997503
VisualCogB_Task-1.mat,B,Task-1,R,F4,47,0.69140625,19.399819,0.83705116,38.421251
VisualCogB_Task-1.mat,B,Task-1,R,F4,47,0.6953125,18.754803,0.93161366,37.314278
VisualCogB_Task-1.mat,B,Task-1,R,F4,47,0.69921875,18.024277,0.81552862,36.015332
VisualCogB_Task-1.mat,B,Task-1,R,F4,47,0.703125,17.298516,0.75171521,34.801877
VisualCogB_Task-1.mat,B,Task-1,R,F4,47,0.70703125,16.560403,0.38679644,33.646286
VisualCogB_Task-1.mat,B,Task-1,R,F4,47,0.7109375,15.802821,-0.095764885,32.539549
VisualCogB_Task-1.mat,B,Task-1,R,F4,47,0.71484375,15.004519,-0.02942538,31.168097
VisualCogB_Task-1.mat,B,Task-1,R,F4,47,0.71875,14.237875,-0.10126921,29.599284
VisualCogB_Task-1.mat,B,Task-1,R,F4,47,0.72265625,13.488421,-0.20501122,27.93259
VisualCogB_Task-1.mat,B,Task-1,R,F4,47,0.7265625,12.765217,-0.18859356,26.493953
VisualCogB_Task-1.mat,B,Task-1,R,F4,47,0.73046875,12.086116,-0.29347682,25.779731
VisualCogB_Task-1.mat,B,Task-1,R,F4,47,0.734375,11.497705,-0.13578925,25.676214
VisualCogB_Task-1.mat,B,Task-1,R,F4,47,0.73828125,11.035107,0.097106673,24.975348
VisualCogB_Task-1.mat,B,Task-1,R,F4,47,0.7421875,10.670012,0.22111912,24.03682
VisualCogB_Task-1.mat,B,Task-1,R,F4,47,0.74609375,10.423655,0.03229077,23.443847
VisualCogB_Task-1.mat,B,Task-1,R,F4,47,0.75,10.262704,-0.14444942,22.861582
VisualCogB_Task-1.mat,B,Task-1,R,F4,47,0.75390625,10.154772,-0.21699015,22.630909
VisualCogB_Task-1.mat,B,Task-1,R,F4,47,0.7578125,10.064839,-0.18710496,22.205948
VisualCogB_Task-1.mat,B,Task-1,R,F4,47,0.76171875,9.9374781,-0.52183213,22.176906
VisualCogB_Task-1.mat,B,Task-1,R,F4,47,0.765625,9.7888137,-0.68157721,21.973905
VisualCogB_Task-1.mat,B,Task-1,R,F4,47,0.76953125,9.6488581,-0.73439088,22.073146
VisualCogB_Task-1.mat,B,Task-1,R,F4,47,0.7734375,9.4921391,-1.0501648,22.058786
VisualCogB_Task-1.mat,B,Task-1,R,F4,47,0.77734375,9.3659561,-1.4722931,21.952666
VisualCogB_Task-1.mat,B,Task-1,R,F4,47,0.78125,9.2748391,-2.0124828,22.139974
VisualCogB_Task-1.mat,B,Task-1,R,F4,47,0.78515625,9.2514297,-2.254082,22.251011
VisualCogB_Task-1.mat,B,Task-1,R,F4,47,0.7890625,9.2706266,-2.6181585,22.446009
VisualCogB_Task-1.mat,B,Task-1,R,F4,47,0.79296875,9.3315463,-2.7734593,22.60562
VisualCogB_Task-1.mat,B,Task-1,R,F4,47,0.796875,9.3630126,-2.8630014,22.751123
VisualCogB_Task-1.mat,B,Task-1,R,F4,47,0.80078125,9.315989,-3.0074731,22.79011
VisualCogB_Task-1.mat,B,Task-1,R,F4,47,0.8046875,9.1849467,-3.108473,22.732639
VisualCogB_Task-1.mat,B,Task-1,R,F4,47,0.80859375,8.9482198,-3.2617351,22.576848
VisualCogB_Task-1.mat,B,Task-1,R,F4,47,0.8125,8.6348235,-3.4720866,22.168294
VisualCogB_Task-1.mat,B,Task-1,R,F4,47,0.81640625,8.2568423,-3.8429575,21.68938
VisualCogB_Task-1.mat,B,Task-1,R,F4,47,0.8203125,7.8478019,-4.145942,20.962671
VisualCogB_Task-1.mat,B,Task-1,R,F4,47,0.82421875,7.3544273,-4.3772074,20.153702
VisualCogB_Task-1.mat,B,Task-1,R,F4,47,0.828125,6.7688923,-4.6181301,19.280285
VisualCogB_Task-1.mat,B,Task-1,R,F4,47,0.83203125,6.1000794,-5.0017197,18.354824
VisualCogB_Task-1.mat,B,Task-1,R,F4,47,0.8359375,5.3907865,-5.3627338,17.437848
VisualCogB_Task-1.mat,B,Task-1,R,F4,47,0.83984375,4.6492562,-5.9261072,16.506142
VisualCogB_Task-1.mat,B,Task-1,R,F4,47,0.84375,3.9169888,-6.3700901,15.367931
VisualCogB_Task-1.mat,B,Task-1,R,F4,47,0.84765625,3.2168632,-6.6663354,14.512192
VisualCogB_Task-1.mat,B,Task-1,R,F4,47,0.8515625,2.5589752,-6.9640024,13.634121
VisualCogB_Task-1.mat,B,Task-1,R,F4,47,0.85546875,1.9245246,-7.2256232,12.67744
VisualCogB_Task-1.mat,B,Task-1,R,F4,47,0.859375,1.3195409,-7.5225651,11.784543
VisualCogB_Task-1.mat,B,Task-1,R,F4,47,0.86328125,0.77180264,-7.8804996,10.93218
VisualCogB_Task-1.mat,B,Task-1,R,F4,47,0.8671875,0.26585175,-8.0767589,10.019174
VisualCogB_Task-1.mat,B,Task-1,R,F4,47,0.87109375,-0.18537903,-8.3316907,9.1212469
VisualCogB_Task-1.mat,B,Task-1,R,F4,47,0.875,-0.58734469,-8.6120436,8.2517343
VisualCogB_Task-1.mat,B,Task-1,R,F4,47,0.87890625,-0.93451728,-8.8503483,7.6105169
VisualCogB_Task-1.mat,B,Task-1,R,F4,47,0.8828125,-1.2132617,-9.1825109,7.5159141
VisualCogB_Task-1.mat,B,Task-1,R,F4,47,0.88671875,-1.4149701,-9.5119866,7.3141323
VisualCogB_Task-1.mat,B,Task-1,R,F4,47,0.890625,-1.5456308,-10.076072,7.1012423
VisualCogB_Task-1.mat,B,Task-1,R,F4,47,0.89453125,-1.5948917,-10.324898,7.2583392
VisualCogB_Task-1.mat,B,Task-1,R,F4,47,0.8984375,-1.5643504,-10.397214,7.2115731
VisualCogB_Task-1.mat,B,Task-1,R,F4,47,0.90234375,-1.428271,-10.42683,7.4443143
VisualCogB_Task-1.mat,B,Task-1,R,F4,47,0.90625,-1.2349421,-10.615777,7.6154596
VisualCogB_Task-1.mat,B,Task-1,R,F4,47,0.91015625,-1.0320977,-10.541902,7.7945092
VisualCogB_Task-1.mat,B,Task-1,R,F4,47,0.9140625,-0.79236468,-10.52008,8.2062
VisualCogB_Task-1.mat,B,Task-1,R,F4,47,0.91796875,-0.56530265,-10.33508,8.8361267
VisualCogB_Task-1.mat,B,Task-1,R,F4,47,0.921875,-0.37704481,-10.216458,9.6387202
VisualCogB_Task-1.mat,B,Task-1,R,F4,47,0.92578125,-0.20524078,-10.195137,10.102993
VisualCogB_Task-1.mat,B,Task-1,R,F4,47,0.9296875,-0.032785589,-10.158328,10.479641
VisualCogB_Task-1.mat,B,Task-1,R,F4,47,0.93359375,0.079523166,-10.092237,10.590904
VisualCogB_Task-1.mat,B,Task-1,R,F4,47,0.9375,0.1375182,-9.9202728,10.73518
VisualCogB_Task-1.mat,B,Task-1,R,F4,47,0.94140625,0.14526734,-10.0843,10.817314
VisualCogB_Task-1.mat,B,Task-1,R,F4,47,0.9453125,0.12895077,-10.185506,11.012575
VisualCogB_Task-1.mat,B,Task-1,R,F4,47,0.94921875,0.088643915,-10.411609,11.31437
VisualCogB_Task-1.mat,B,Task-1,R,F4,47,0.953125,0.024422176,-10.580876,11.60176
VisualCogB_Task-1.mat,B,Task-1,R,F4,47,0.95703125,-0.06363903,-10.77501,11.673589
VisualCogB_Task-1.mat,B,Task-1,R,F4,47,0.9609375,-0.17546429,-10.937401,11.642948
VisualCogB_Task-1.mat,B,Task-1,R,F4,47,0.96484375,-0.3109782,-10.955928,11.558927
VisualCogB_Task-1.mat,B,Task-1,R,F4,47,0.96875,-0.47010534,-11.097577,11.414736
VisualCogB_Task-1.mat,B,Task-1,R,F4,47,0.97265625,-0.6527703,-11.164404,11.068648
VisualCogB_Task-1.mat,B,Task-1,R,F4,47,0.9765625,-0.85889767,-11.330522,10.836969
VisualCogB_Task-1.mat,B,Task-1,R,F4,47,0.98046875,-1.088412,-11.600489,10.779957
VisualCogB_Task-1.mat,B,Task-1,R,F4,47,0.984375,-1.341238,-11.873296,10.529496
VisualCogB_Task-1.mat,B,Task-1,R,F4,47,0.98828125,-1.6173001,-12.3907,10.064461
VisualCogB_Task-1.mat,B,Task-1,R,F4,47,0.9921875,-1.916523,-12.758124,9.3520496
VisualCogB_Task-1.mat,B,Task-1,R,F4,47,0.99609375,-2.2388312,-13.002342,8.9198666
VisualCogB_Task-2.mat,B,Task-2,L,Fz,42,-0.5,12.416456,3.9557594,20.634791
VisualCogB_Task-2.mat,B,Task-2,L,Fz,42,-0.49609375,11.931693,3.941924,19.450159
VisualCogB_Task-2.mat,B,Task-2,L,Fz,42,-0.4921875,11.556415,3.6702885,18.899968
VisualCogB_Task-2.mat,B,Task-2,L,Fz,42,-0.48828125,11.281796,3.7524461,18.502312
VisualCogB_Task-2.mat,B,Task-2,L,Fz,42,-0.484375,11.099009,3.7989765,18.282286
VisualCogB_Task-2.mat,B,Task-2,L,Fz,42,-0.48046875,10.999228,3.738394,18.007648
VisualCogB_Task-2.mat,B,Task-2,L,Fz,42,-0.4765625,10.973628,3.7663256,17.82264
VisualCogB_Task-2.mat,B,Task-2,L,Fz,42,-0.47265625,11.013381,3.9155244,17.801622
VisualCogB_Task-2.mat,B,Task-2,L,Fz,42,-0.46875,11.109662,4.2150282,17.870656
VisualCogB_Task-2.mat,B,Task-2,L,Fz,42,-0.46484375,11.253644,4.3780969,17.968804
VisualCogB_Task-2.mat,B,Task-2,L,Fz,42,-0.4609375,11.436502,4.5545424,18.053865
VisualCogB_Task-2.mat,B,Task-2,L,Fz,42,-0.45703125,11.649408,4.7608642,18.197119
VisualCogB_Task-2.mat,B,Task-2,L,Fz,42,-0.453125,11.883537,5.0626497,18.368124
VisualCogB_Task-2.mat,B,Task-2,L,Fz,42,-0.44921875,12.130063,5.3826077,18.667646
VisualCogB_Task-2.mat,B,Task-2,L,Fz,42,-0.4453125,12.380159,5.7292599,18.783757
VisualCogB_Task-2.mat,B,Task-2,L,Fz,42,-0.44140625,12.624999,6.003106,19.014048
VisualCogB_Task-2.mat,B,Task-2,L,Fz,42,-0.4375,12.774971,6.207481,19.293842
VisualCogB_Task-2.mat,B,Task-2,L,Fz,42,-0.43359375,12.880875,6.3229138,19.512696
VisualCogB_Task-2.mat,B,Task-2,L,Fz,42,-0.4296875,12.94498,6.4872651,19.673817
VisualCogB_Task-2.mat,B,Task-2,L,Fz,42,-0.42578125,12.968291,6.4839253,19.618714
VisualCogB_Task-2.mat,B,Task-2,L,Fz,42,-0.421875,12.958603,6.3508188,19.682445
VisualCogB_Task-2.mat,B,Task-2,L,Fz,42,-0.41796875,12.912087,6.4839545,19.871112
VisualCogB_Task-2.mat,B,Task-2,L,Fz,42,-0.4140625,12.827663,6.3957593,19.877182
VisualCogB_Task-2.mat,B,Task-2,L,Fz,42,-0.41015625,12.707818,6.2416174,19.637323
VisualCogB_Task-2.mat,B,Task-2,L,Fz,42,-0.40625,12.55233,5.9077443,19.456355
VisualCogB_Task-2.mat,B,Task-2,L,Fz,42,-0.40234375,12.367646,5.5795344,19.287709
VisualCogB_Task-2.mat,B,Task-2,L,Fz,42,-0.3984375,12.154443,5.6758986,19.152177
VisualCogB_Task-2.mat,B,Task-2,L,Fz,42,-0.39453125,11.910439,5.6089289,18.802135
VisualCogB_Task-2.mat,B,Task-2,L,Fz,42,-0.390625,11.63765,5.4424094,18.414355
VisualCogB_Task-2.mat,B,Task-2,L,Fz,42,-0.38671875,11.349648,5.3005925,18.060071
VisualCogB_Task-2.mat,B,Task-2,L,Fz,42,-0.3828125,11.06022,5.1441575,17.894469
VisualCogB_Task-2.mat,B,Task-2,L,Fz,42,-0.37890625,10.760874,4.9482905,17.604998
VisualCogB_Task-2.mat,B,Task-2,L,Fz,42,-0.375,10.47657,4.6432138,17.283314
VisualCogB_Task-2.mat,B,Task-2,L,Fz,42,-0.37109375,10.195308,4.4351656,16.854568
VisualCogB_Task-2.mat,B,Task-2,L,Fz,42,-0.3671875,9.9180587,4.0957504,16.306356
VisualCogB_Task-2.mat,B,Task-2,L,Fz,42,-0.36328125,9.6533398,3.8661632,15.901486
VisualCogB_Task-2.mat,B,Task-2,L,Fz,42,-0.359375,9.4188613,3.6608932,15.588655
VisualCogB_Task-2.mat,B,Task-2,L,Fz,42,-0.35546875,9.2314103,3.5790625,15.27399
VisualCogB_Task-2.mat,B,Task-2,L,Fz,42,-0.3515625,9.0808371,3.4963007,14.989864
VisualCogB_Task-2.mat,B,Task-2,L,Fz,42,-0.34765625,8.9723407,3.4152645,14.740226
VisualCogB_Task-2.mat,B,Task-2,L,Fz,42,-0.34375,8.8935444,3.3052999,14.531906
VisualCogB_Task-2.mat,B,Task-2,L,Fz,42,-0.33984375,8.844654,3.2326604,14.473977
VisualCogB_Task-2.mat,B,Task-2,L,Fz,42,-0.3359375,8.8178496,3.2090968,14.476156
VisualCogB_Task-2.mat,B,Task-2,L,Fz,42,-0.33203125,8.8043707,3.1974947,14.466733
VisualCogB_Task-2.mat,B,Task-2,L,Fz,42,-0.328125,8.7888164,3.091688,14.401196
VisualCogB_Task-2.mat,B,Task-2,L,Fz,42,-0.32421875,8.7744606,3.0517811,14.330936
VisualCogB_Task-2.mat,B,Task-2,L,Fz,42,-0.3203125,8.76294,3.0118337,14.282126
VisualCogB_Task-2.mat,B,Task-2,L,Fz,42,-0.31640625,8.7515356,3.0972912,14.320698
VisualCogB_Task-2.mat,B,Task-2,L,Fz,42,-0.3125,8.7476605,3.0893939,14.322832
VisualCogB_Task-2.mat,B,Task-2,L,Fz,42,-0.30859375,8.7578313,3.0241751,14.380821
VisualCogB_Task-2.mat,B,Task-2,L,Fz,42,-0.3046875,8.7915783,2.9299509,14.510728
VisualCogB_Task-2.mat,B,Task-2,L,Fz,42,-0.30078125,8.8338713,3.0453302,14.443972
VisualCogB_Task-2.mat,B,Task-2,L,Fz,42,-0.296875,8.883366,3.2330311,14.292556
VisualCogB_Task-2.mat,B,Task-2,L,Fz,42,-0.29296875,8.9398058,3.4670819,14.393128
VisualCogB_Task-2.mat,B,Task-2,L,Fz,42,-0.2890625,8.9720832,3.4439588,14.465276
VisualCogB_Task-2.mat,B,Task-2,L,Fz,42,-0.28515625,8.9593886,3.513565,14.394853
VisualCogB_Task-2.mat,B,Task-2,L,Fz,42,-0.28125,8.8946591,3.4867572,14.209795
VisualCogB_Task-2.mat,B,Task-2,L,Fz,42,-0.27734375,8.7263945,3.3053867,13.924864
VisualCogB_Task-2.mat,B,Task-2,L,Fz,42,-0.2734375,8.4904366,3.1103513,13.578206
VisualCogB_Task-2.mat,B,Task-2,L,Fz,42,-0.26953125,8.2172335,3.0325039,13.30521
VisualCogB_Task-2.mat,B,Task-2,L,Fz,42,-0.265625,7.9411614,2.695291,12.937566
VisualCogB_Task-2.mat,B,Task-2,L,Fz,42,-0.26171875,7.6831871,2.5314897,12.573287
VisualCogB_Task-2.mat,B,Task-2,L,Fz,42,-0.2578125,7.4566156,2.3865787,12.160101
VisualCogB_Task-2.mat,B,Task-2,L,Fz,42,-0.25390625,7.2663184,2.2265429,11.922203
VisualCogB_Task-2.mat,B,Task-2,L,Fz,42,-0.25,7.0868511,2.065549,11.59763
VisualCogB_Task-2.mat,B,Task-2,L,Fz,42,-0.24609375,6.8893625,1.9309699,11.42176
VisualCogB_Task-2.mat,B,Task-2,L,Fz,42,-0.2421875,6.6725825,1.7829411,11.100022
VisualCogB_Task-2.mat,B,Task-2,L,Fz,42,-0.23828125,6.4166506,1.6576286,10.857995
VisualCogB_Task-2.mat,B,Task-2,L,Fz,42,-0.234375,6.1147461,1.6154807,10.535004
VisualCogB_Task-2.mat,B,Task-2,L,Fz,42,-0.23046875,5.7953534,1.2957503,10.135815
VisualCogB_Task-2.mat,B,Task-2,L,Fz,42,-0.2265625,5.4786925,1.1063277,9.5620372
VisualCogB_Task-2.mat,B,Task-2,L,Fz,42,-0.22265625,5.1794593,0.94727691,9.1285356
VisualCogB_Task-2.mat,B,Task-2,L,Fz,42,-0.21875,4.9091841,0.78879679,8.7644783
VisualCogB_Task-2.mat,B,Task-2,L,Fz,42,-0.21484375,4.6734595,0.73398424,8.3650203
VisualCogB_Task-2.mat,B,Task-2,L,Fz,42,-0.2109375,4.4519536,0.65668961,7.958422
VisualCogB_Task-2.mat,B,Task-2,L,Fz,42,-0.20703125,4.2258644,0.59606131,7.6579259
VisualCogB_Task-2.mat,B,Task-2,L,Fz,42,-0.203125,3.9836772,0.44648515,7.393047
VisualCogB_Task-2.mat,B,Task-2,L,Fz,42,-0.19921875,3.7222519,0.30535475,7.1602039
VisualCogB_Task-2.mat,B,Task-2,L,Fz,42,-0.1953125,3.4324955,0.14296358,6.8703166
VisualCogB_Task-2.mat,B,Task-2,L,Fz,42,-0.19140625,3.1169856,-0.026766408,6.5510266
VisualCogB_Task-2.mat,B,Task-2,L,Fz,42,-0.1875,2.7898791,-0.15296602,6.0017617
VisualCogB_Task-2.mat,B,Task-2,L,Fz,42,-0.18359375,2.4751602,-0.27434265,5.5201864
VisualCogB_Task-2.mat,B,Task-2,L,Fz,42,-0.1796875,2.1908177,-0.38199547,5.0113646
VisualCogB_Task-2.mat,B,Task-2,L,Fz,42,-0.17578125,1.9305316,-0.46550345,4.6919034
VisualCogB_Task-2.mat,B,Task-2,L,Fz,42,-0.171875,1.6845885,-0.41494421,4.2981485
VisualCogB_Task-2.mat,B,Task-2,L,Fz,42,-0.16796875,1.4561398,-0.61995028,3.958396
VisualCogB_Task-2.mat,B,Task-2,L,Fz,42,-0.1640625,1.238762,-0.76704876,3.6285284
VisualCogB_Task-2.mat,B,Task-2,L,Fz,42,-0.16015625,1.030096,-0.90845179,3.3301838
VisualCogB_Task-2.mat,B,Task-2,L,Fz,42,-0.15625,0.88738253,-1.0146965,3.0684629
VisualCogB_Task-2.mat,B,Task-2,L,Fz,42,-0.15234375,0.80404986,-0.99521662,2.9925376
VisualCogB_Task-2.mat,B,Task-2,L,Fz,42,-0.1484375,0.80117124,-0.96321274,2.8659143
VisualCogB_Task-2.mat,B,Task-2,L,Fz,42,-0.14453125,0.862569,-0.75687066,2.8070835
VisualCogB_Task-2.mat,B,Task-2,L,Fz,42,-0.140625,0.95749417,-0.57329335,2.8339565
VisualCogB_Task-2.mat,B,Task-2,L,Fz,42,-0.13671875,1.0455757,-0.51920034,2.8355655
VisualCogB_Task-2.mat,B,Task-2,L,Fz,42,-0.1328125,1.0860214,-0.44746809,2.7364631
VisualCogB_Task-2.mat,B,Task-2,L,Fz,42,-0.12890625,1.074186,-0.56629965,2.7193706
VisualCogB_Task-2.mat,B,Task-2,L,Fz,42,-0.125,0.99898069,-0.74035767,2.6971029
VisualCogB_Task-2.mat,B,Task-2,L,Fz,42,-0.12109375,0.8749434,-0.92960829,2.4433055
VisualCogB_Task-2.mat,B,Task-2,L,Fz,42,-0.1171875,0.72196048,-1.1223247,2.3223332
VisualCogB_Task-2.mat,B,Task-2,L,Fz,42,-0.11328125,0.55796879,-1.2500066,2.2228933
VisualCogB_Task-2.mat,B,Task-2,L,Fz,42,-0.109375,0.38871134,-1.3794774,2.0979454
VisualCogB_Task-2.mat,B,Task-2,L,Fz,42,-0.10546875,0.19486342,-1.5769859,1.9232577
VisualCogB_Task-2.mat,B,Task-2,L,Fz,42,-0.1015625,-0.033349855,-1.8341168,1.7561025
VisualCogB_Task-2.mat,B,Task-2,L,Fz,42,-0.09765625,-0.31002691,-2.0828573,1.4321606
VisualCogB_Task-2.mat,B,Task-2,L,Fz,42,-0.09375,-0.63801282,-2.3876817,1.0600724
VisualCogB_Task-2.mat,B,Task-2,L,Fz,42,-0.08984375,-0.99168179,-2.6701882,0.59517463
VisualCogB_Task-2.mat,B,Task-2,L,Fz,42,-0.0859375,-1.3469555,-3.02246,0.23519187
VisualCogB_Task-2.mat,B,Task-2,L,Fz,42,-0.08203125,-1.670705,-3.2696947,-0.032110755
VisualCogB_Task-2.mat,B,Task-2,L,Fz,42,-0.078125,-1.9540107,-3.5136954,-0.31466653
VisualCogB_Task-2.mat,B,Task-2,L,Fz,42,-0.07421875,-2.1680364,-3.6786727,-0.47964927
VisualCogB_Task-2.mat,B,Task-2,L,Fz,42,-0.0703125,-2.3047112,-3.8790593,-0.62135471
VisualCogB_Task-2.mat,B,Task-2,L,Fz,42,-0.06640625,-2.3602373,-3.9324657,-0.72264326
VisualCogB_Task-2.mat,B,Task-2,L,Fz,42,-0.0625,-2.3483537,-3.9792007,-0.69136492
VisualCogB_Task-2.mat,B,Task-2,L,Fz,42,-0.05859375,-2.2912845,-4.018165,-0.50197613
VisualCogB_Task-2.mat,B,Task-2,L,Fz,42,-0.0546875,-2.1943623,-3.98271,-0.36647658
VisualCogB_Task-2.mat,B,Task-2,L,Fz,42,-0.05078125,-2.0738457,-3.8202125,-0.16299881
VisualCogB_Task-2.mat,B,Task-2,L,Fz,42,-0.046875,-1.9284738,-3.6798561,0.12549182
VisualCogB_Task-2.mat,B,Task-2,L,Fz,42,-0.04296875,-1.7616631,-3.7781488,0.32557106
VisualCogB_Task-2.mat,B,Task-2,L,Fz,42,-0.0390625,-1.5968145,-3.7422512,0.53720137
VisualCogB_Task-2.mat,B,Task-2,L,Fz,42,-0.03515625,-1.4487296,-3.703396,0.75868241
VisualCogB_Task-2.mat,B,Task-2,L,Fz,42,-0.03125,-1.3179669,-3.7631109,1.0854236
VisualCogB_Task-2.mat,B,Task-2,L,Fz,42,-0.02734375,-1.2247161,-3.9302975,1.3094579
VisualCogB_Task-2.mat,B,Task-2,L,Fz,42,-0.0234375,-1.1975486,-4.0919489,1.3970686
VisualCogB_Task-2.mat,B,Task-2,L,Fz,42,-0.01953125,-1.2525277,-4.2763082,1.5842912
VisualCogB_Task-2.mat,B,Task-2,L,Fz,42,-0.015625,-1.3815079,-4.7204815,1.6705678
VisualCogB_Task-2.mat,B,Task-2,L,Fz,42,-0.01171875,-1.5749047,-5.0783873,1.577119
VisualCogB_Task-2.mat,B,Task-2,L,Fz,42,-0.0078125,-1.8447084,-5.4983803,1.4482946
VisualCogB_Task-2.mat,B,Task-2,L,Fz,42,-0.00390625,-2.1553492,-5.9928785,1.2581841
VisualCogB_Task-2.mat,B,Task-2,L,Fz,42,0,-2.5179875,-6.5510904,0.98576194
VisualCogB_Task-2.mat,B,Task-2,L,Fz,42,0.00390625,-2.9213066,-7.1031132,0.73409345
VisualCogB_Task-2.mat,B,Task-2,L,Fz,42,0.0078125,-3.3413149,-7.7608416,0.24145713
VisualCogB_Task-2.mat,B,Task-2,L,Fz,42,0.01171875,-3.7929506,-8.2113617,-0.024426413
VisualCogB_Task-2.mat,B,Task-2,L,Fz,42,0.015625,-4.2307052,-8.7112062,-0.37459486
VisualCogB_Task-2.mat,B,Task-2,L,Fz,42,0.01953125,-4.6567151,-9.1041952,-0.8094848
VisualCogB_Task-2.mat,B,Task-2,L,Fz,42,0.0234375,-5.0432918,-9.5803162,-1.1322393
VisualCogB_Task-2.mat,B,Task-2,L,Fz,42,0.02734375,-5.361228,-10.069906,-1.3411987
VisualCogB_Task-2.mat,B,Task-2,L,Fz,42,0.03125,-5.6067929,-10.473246,-1.5054353
VisualCogB_Task-2.mat,B,Task-2,L,Fz,42,0.03515625,-5.7295514,-10.644338,-1.563058
VisualCogB_Task-2.mat,B,Task-2,L,Fz,42,0.0390625,-5.7746399,-10.858593,-1.5086422
VisualCogB_Task-2.mat,B,Task-2,L,Fz,42,0.04296875,-5.7752206,-10.958232,-1.4036895
VisualCogB_Task-2.mat,B,Task-2,L,Fz,42,0.046875,-5.741392,-11.1384,-1.2979193
VisualCogB_Task-2.mat,B,Task-2,L,Fz,42,0.05078125,-5.6900215,-11.249368,-1.2183581
VisualCogB_Task-2.mat,B,Task-2,L,Fz,42,0.0546875,-5.6434222,-11.362281,-0.98545733
VisualCogB_Task-2.mat,B,Task-2,L,Fz,42,0.05859375,-5.6096899,-11.461923,-0.95784777
VisualCogB_Task-2.mat,B,Task-2,L,Fz,42,0.0625,-5.5956512,-11.5205,-0.79280405
VisualCogB_Task-2.mat,B,Task-2,L,Fz,42,0.06640625,-5.6025276,-11.597198,-0.77805937
VisualCogB_Task-2.mat,B,Task-2,L,Fz,42,0.0703125,-5.6232756,-11.784875,-0.92164068
VisualCogB_Task-2.mat,B,Task-2,L,Fz,42,0.07421875,-5.6780707,-11.882921,-1.0174434
VisualCogB_Task-2.mat,B,Task-2,L,Fz,42,0.078125,-5.784054,-12.079323,-1.1159935
VisualCogB_Task-2.mat,B,Task-2,L,Fz,42,0.08203125,-5.9463633,-12.297612,-1.1718601
VisualCogB_Task-2.mat,B,Task-2,L,Fz,42,0.0859375,-6.1682384,-12.52977,-1.3950233
VisualCogB_Task-2.mat,B,Task-2,L,Fz,42,0.08984375,-6.4637404,-12.741502,-1.7442122
VisualCogB_Task-2.mat,B,Task-2,L,Fz,42,0.09375,-6.8300901,-13.016813,-2.0507945
VisualCogB_Task-2.mat,B,Task-2,L,Fz,42,0.09765625,-7.2419634,-13.378748,-2.3924286
VisualCogB_Task-2.mat,B,Task-2,L,Fz,42,0.1015625,-7.7325678,-13.728442,-2.8467613
VisualCogB_Task-2.mat,B,Task-2,L,Fz,42,0.10546875,-8.2449277,-14.141808,-3.1090101
VisualCogB_Task-2.mat,B,Task-2,L,Fz,42,0.109375,-8.757061,-14.538685,-3.5385898
VisualCogB_Task-2.mat,B,Task-2,L,Fz,42,0.11328125,-9.2420396,-15.088068,-3.9258948
VisualCogB_Task-2.mat,B,Task-2,L,Fz,42,0.1171875,-9.7073734,-15.662298,-4.2626397
VisualCogB_Task-2.mat,B,Task-2,L,Fz,42,0.12109375,-10.138177,-16.191034,-4.6115095
VisualCogB_Task-2.mat,B,Task-2,L,Fz,42,0.125,-10.535037,-16.719715,-4.9513036
VisualCogB_Task-2.mat,B,Task-2,L,Fz,42,0.12890625,-10.90496,-17.066618,-5.2798153
VisualCogB_Task-2.mat,B,Task-2,L,Fz,42,0.1328125,-11.224924,-17.343157,-5.5703115
VisualCogB_Task-2.mat,B,Task-2,L,Fz,42,0.13671875,-11.535579,-17.779101,-5.838597
VisualCogB_Task-2.mat,B,Task-2,L,Fz,42,0.140625,-11.825015,-18.133968,-6.0606614
VisualCogB_Task-2.mat,B,Task-2,L,Fz,42,0.14453125,-12.064247,-18.427632,-6.3283857
VisualCogB_Task-2.mat,B,Task-2,L,Fz,42,0.1484375,-12.232455,-18.517966,-6.4798513
VisualCogB_Task-2.mat,B,Task-2,L,Fz,42,0.15234375,-12.338452,-18.569974,-6.7123441
VisualCogB_Task-2.mat,B,Task-2,L,Fz,42,0.15625,-12.440218,-18.915807,-6.7617097
VisualCogB_Task-2.mat,B,Task-2,L,Fz,42,0.16015625,-12.533249,-19.192236,-6.6831194
VisualCogB_Task-2.mat,B,Task-2,L,Fz,42,0.1640625,-12.628387,-19.318824,-6.7535494
VisualCogB_Task-2.mat,B,Task-2,L,Fz,42,0.16796875,-12.747505,-19.417606,-6.8570525
VisualCogB_Task-2.mat,B,Task-2,L,Fz,42,0.171875,-12.911125,-19.595553,-6.9115185
VisualCogB_Task-2.mat,B,Task-2,L,Fz,42,0.17578125,-13.108387,-19.850156,-7.0590927
VisualCogB_Task-2.mat,B,Task-2,L,Fz,42,0.1796875,-13.350795,-20.030582,-7.1132708
VisualCogB_Task-2.mat,B,Task-2,L,Fz,42,0.18359375,-13.620691,-20.309454,-7.3718372
VisualCogB_Task-2.mat,B,Task-2,L,Fz,42,0.1875,-13.891205,-20.6071,-7.6172946
VisualCogB_Task-2.mat,B,Task-2,L,Fz,42,0.19140625,-14.176315,-21.014134,-7.7418531
VisualCogB_Task-2.mat,B,Task-2,L,Fz,42,0.1953125,-14.455982,-21.280671,-8.1385314
VisualCogB_Task-2.mat,B,Task-2,L,Fz,42,0.19921875,-14.73612,-21.724959,-8.3212636
VisualCogB_Task-2.mat,B,Task-2,L,Fz,42,0.203125,-15.019584,-22.125211,-8.4240252
VisualCogB_Task-2.mat,B,Task-2,L,Fz,42,0.20703125,-15.301631,-22.358525,-8.6815819
VisualCogB_Task-2.mat,B,Task-2,L,Fz,42,0.2109375,-15.525644,-22.693923,-8.8593266
VisualCogB_Task-2.mat,B,Task-2,L,Fz,42,0.21484375,-15.685506,-23.071897,-8.9869915
VisualCogB_Task-2.mat,B,Task-2,L,Fz,42,0.21875,-15.770924,-23.387613,-8.934993
VisualCogB_Task-2.mat,B,Task-2,L,Fz,42,0.22265625,-15.733671,-23.575329,-8.7916576
VisualCogB_Task-2.mat,B,Task-2,L,Fz,42,0.2265625,-15.613856,-23.713056,-8.657464
VisualCogB_Task-2.mat,B,Task-2,L,Fz,42,0.23046875,-15.434468,-23.623733,-8.4319069
VisualCogB_Task-2.mat,B,Task-2,L,Fz,42,0.234375,-15.225879,-23.416976,-8.1755691
VisualCogB_Task-2.mat,B,Task-2,L,Fz,42,0.23828125,-14.997018,-23.220813,-7.9345589
VisualCogB_Task-2.mat,B,Task-2,L,Fz,42,0.2421875,-14.743676,-23.098479,-7.6254338
VisualCogB_Task-2.mat,B,Task-2,L,Fz,42,0.24609375,-14.466972,-22.999197,-7.2423211
VisualCogB_Task-2.mat,B,Task-2,L,Fz,42,0.25,-14.191417,-22.928314,-7.0358646
VisualCogB_Task-2.mat,B,Task-2,L,Fz,42,0.25390625,-13.918428,-23.001723,-6.552007
VisualCogB_Task-2.mat,B,Task-2,L,Fz,42,0.2578125,-13.631374,-23.093654,-6.0700618
VisualCogB_Task-2.mat,B,Task-2,L,Fz,42,0.26171875,-13.324975,-22.674842,-5.6243451
VisualCogB_Task-2.mat,B,Task-2,L,Fz,42,0.265625,-13.034633,-22.230853,-5.283613
VisualCogB_Task-2.mat,B,Task-2,L,Fz,42,0.26953125,-12.810748,-21.907464,-4.9470128
VisualCogB_Task-2.mat,B,Task-2,L,Fz,42,0.2734375,-12.649879,-21.633566,-4.5776033
VisualCogB_Task-2.mat,B,Task-2,L,Fz,42,0.27734375,-12.564497,-21.40586,-4.2876676
VisualCogB_Task-2.mat,B,Task-2,L,Fz,42,0.28125,-12.558123,-21.351584,-4.0852266
VisualCogB_Task-2.mat,B,Task-2,L,Fz,42,0.28515625,-12.608038,-21.695492,-3.9619496
VisualCogB_Task-2.mat,B,Task-2,L,Fz,42,0.2890625,-12.703837,-22.04139,-3.8940278
VisualCogB_Task-2.mat,B,Task-2,L,Fz,42,0.29296875,-12.81118,-22.338244,-3.7900574
VisualCogB_Task-2.mat,B,Task-2,L,Fz,42,0.296875,-12.93218,-22.51936,-3.6704496
VisualCogB_Task-2.mat,B,Task-2,L,Fz,42,0.30078125,-13.057944,-22.683711,-3.7602247
VisualCogB_Task-2.mat,B,Task-2,L,Fz,42,0.3046875,-13.206187,-22.857319,-3.6487687
VisualCogB_Task-2.mat,B,Task-2,L,Fz,42,0.30859375,-13.393192,-22.990932,-3.7132779
VisualCogB_Task-2.mat,B,Task-2,L,Fz,42,0.3125,-13.626134,-23.209607,-3.9160306
VisualCogB_Task-2.mat,B,Task-2,L,Fz,42,0.31640625,-13.910452,-23.493877,-4.1731616
VisualCogB_Task-2.mat,B,Task-2,L,Fz,42,0.3203125,-14.225268,-23.843942,-4.4476987
VisualCogB_Task-2.mat,B,Task-2,L,Fz,42,0.32421875,-14.543842,-24.263265,-4.7876956
VisualCogB_Task-2.mat,B,Task-2,L,Fz,42,0.328125,-14.812285,-24.589606,-5.1608711
VisualCogB_Task-2.mat,B,Task-2,L,Fz,42,0.33203125,-15.03631,-24.779099,-5.5515495
VisualCogB_Task-2.mat,B,Task-2,L,Fz,42,0.3359375,-15.209942,-25.12215,-5.8642035
VisualCogB_Task-2.mat,B,Task-2,L,Fz,42,0.33984375,-15.354238,-25.402176,-6.0887182
VisualCogB_Task-2.mat,B,Task-2,L,Fz,42,0.34375,-15.47165,-25.605444,-6.2681823
VisualCogB_Task-2.mat,B,Task-2,L,Fz,42,0.34765625,-15.596922,-25.783963,-6.5078633
VisualCogB_Task-2.mat,B,Task-2,L,Fz,42,0.3515625,-15.747679,-25.894822,-6.7142361
VisualCogB_Task-2.mat,B,Task-2,L,Fz,42,0.35546875,-15.912324,-26.086669,-6.8673929
VisualCogB_Task-2.mat,B,Task-2,L,Fz,42,0.359375,-16.105905,-26.451221,-7.0593058
VisualCogB_Task-2.mat,B,Task-2,L,Fz,42,0.36328125,-16.345013,-26.769494,-7.2119624
VisualCogB_Task-2.mat,B,Task-2,L,Fz,42,0.3671875,-16.6355,-26.971578,-7.4051957
VisualCogB_Task-2.mat,B,Task-2,L,Fz,42,0.37109375,-16.971489,-27.135757,-7.706187
VisualCogB_Task-2.mat,B,Task-2,L,Fz,42,0.375,-17.362271,-27.417338,-8.2430919
VisualCogB_Task-2.mat,B,Task-2,L,Fz,42,0.37890625,-17.829888,-27.776495,-8.8197786
VisualCogB_Task-2.mat,B,Task-2,L,Fz,42,0.3828125,-18.357335,-28.414419,-9.2859833
VisualCogB_Task-2.mat,B,Task-2,L,Fz,42,0.38671875,-18.914974,-29.125784,-9.6939912
VisualCogB_Task-2.mat,B,Task-2,L,Fz,42,0.390625,-19.493442,-29.804496,-10.205409
VisualCogB_Task-2.mat,B,Task-2,L,Fz,42,0.39453125,-20.089219,-30.513776,-10.864435
VisualCogB_Task-2.mat,B,Task-2,L,Fz,42,0.3984375,-20.65751,-31.145371,-11.513099
VisualCogB_Task-2.mat,B,Task-2,L,Fz,42,0.40234375,-21.161623,-31.676413,-11.849859
VisualCogB_Task-2.mat,B,Task-2,L,Fz,42,0.40625,-21.610521,-32.133981,-12.067533
VisualCogB_Task-2.mat,B,Task-2,L,Fz,42,0.41015625,-22.017836,-32.854615,-12.519697
VisualCogB_Task-2.mat,B,Task-2,L,Fz,42,0.4140625,-22.434731,-33.567914,-12.980556
VisualCogB_Task-2.mat,B,Task-2,L,Fz,42,0.41796875,-22.870028,-34.106854,-13.2399
VisualCogB_Task-2.mat,B,Task-2,L,Fz,42,0.421875,-23.326732,-34.60991,-13.346085
VisualCogB_Task-2.mat,B,Task-2,L,Fz,42,0.42578125,-23.771076,-35.159577,-13.519684
VisualCogB_Task-2.mat,B,Task-2,L,Fz,42,0.4296875,-24.18146,-35.764165,-13.565882
VisualCogB_Task-2.mat,B,Task-2,L,Fz,42,0.43359375,-24.501732,-36.233118,-13.583206
VisualCogB_Task-2.mat,B,Task-2,L,Fz,42,0.4375,-24.675466,-36.706026,-13.419603
VisualCogB_Task-2.mat,B,Task-2,L,Fz,42,0.44140625,-24.690589,-37.280912,-12.942642
VisualCogB_Task-2.mat,B,Task-2,L,Fz,42,0.4453125,-24.52047,-37.561921,-12.313126
VisualCogB_Task-2.mat,B,Task-2,L,Fz,42,0.44921875,-24.18105,-37.54561,-11.713712
VisualCogB_Task-2.mat,B,Task-2,L,Fz,42,0.453125,-23.706513,-37.262986,-10.793555
VisualCogB_Task-2.mat,B,Task-2,L,Fz,42,0.45703125,-23.141391,-36.827782,-10.061665
VisualCogB_Task-2.mat,B,Task-2,L,Fz,42,0.4609375,-22.52982,-36.323204,-9.2194783
VisualCogB_Task-2.mat,B,Task-2,L,Fz,42,0.46484375,-21.866785,-35.737348,-8.366887
VisualCogB_Task-2.mat,B,Task-2,L,Fz,42,0.46875,-21.147247,-35.089121,-7.1484672
VisualCogB_Task-2.mat,B,Task-2,L,Fz,42,0.47265625,-20.362508,-34.331833,-5.9811269
VisualCogB_Task-2.mat,B,Task-2,L,Fz,42,0.4765625,-19.518653,-33.62663,-5.1013559
VisualCogB_Task-2.mat,B,Task-2,L,Fz,42,0.48046875,-18.580121,-32.831444,-4.2498997
VisualCogB_Task-2.mat,B,Task-2,L,Fz,42,0.484375,-17.599938,-31.53731,-3.2509368
VisualCogB_Task-2.mat,B,Task-2,L,Fz,42,0.48828125,-16.558997,-30.109958,-2.0803788
VisualCogB_Task-2.mat,B,Task-2,L,Fz,42,0.4921875,-15.412542,-28.736469,-1.0228646
VisualCogB_Task-2.mat,B,Task-2,L,Fz,42,0.49609375,-14.182229,-27.582648,0.31889508
VisualCogB_Task-2.mat,B,Task-2,L,Fz,42,0.5,-12.846741,-26.147351,1.7624652
VisualCogB_Task-2.mat,B,Task-2,L,Fz,42,0.50390625,-11.419787,-24.930832,3.3882405
VisualCogB_Task-2.mat,B,Task-2,L,Fz,42,0.5078125,-9.8982349,-23.584807,4.9109966
VisualCogB_Task-2.mat,B,Task-2,L,Fz,42,0.51171875,-8.2746689,-22.08425,6.7094815
VisualCogB_Task-2.mat,B,Task-2,L,Fz,42,0.515625,-6.558238,-20.262939,8.5276651
VisualCogB_Task-2.mat,B,Task-2,L,Fz,42,0.51953125,-4.7321665,-18.454822,10.549184
VisualCogB_Task-2.mat,B,Task-2,L,Fz,42,0.5234375,-2.80539,-16.695486,12.442462
VisualCogB_Task-2.mat,B,Task-2,L,Fz,42,0.52734375,-0.79485227,-15.019032,14.67365
VisualCogB_Task-2.mat,B,Task-2,L,Fz,42,0.53125,1.2743222,-12.619088,16.728148
VisualCogB_Task-2.mat,B,Task-2,L,Fz,42,0.53515625,3.4170736,-10.752887,19.274248
VisualCogB_Task-2.mat,B,Task-2,L,Fz,42,0.5390625,5.6369704,-8.6478396,21.514342
VisualCogB_Task-2.mat,B,Task-2,L,Fz,42,0.54296875,7.9444419,-7.3092917,23.606251
VisualCogB_Task-2.mat,B,Task-2,L,Fz,42,0.546875,10.346294,-5.1082145,25.799977
VisualCogB_Task-2.mat,B,Task-2,L,Fz,42,0.55078125,12.848118,-2.5354819,28.004999
VisualCogB_Task-2.mat,B,Task-2,L,Fz,42,0.5546875,15.434276,-0.020236091,30.403217
VisualCogB_Task-2.mat,B,Task-2,L,Fz,42,0.55859375,18.070125,2.4729146,32.997536
VisualCogB_Task-2.mat,B,Task-2,L,Fz,42,0.5625,20.744296,5.1538572,35.315404
VisualCogB_Task-2.mat,B,Task-2,L,Fz,42,0.56640625,23.39637,7.318632,38.132957
VisualCogB_Task-2.mat,B,Task-2,L,Fz,42,0.5703125,25.976229,10.037354,41.14321
VisualCogB_Task-2.mat,B,Task-2,L,Fz,42,0.57421875,28.452512,12.985278,43.684741
VisualCogB_Task-2.mat,B,Task-2,L,Fz,42,0.578125,30.824587,15.36354,46.282992
VisualCogB_Task-2.mat,B,Task-2,L,Fz,42,0.58203125,33.088891,17.619168,48.607708
VisualCogB_Task-2.mat,B,Task-2,L,Fz,42,0.5859375,35.229387,19.699992,50.813538
VisualCogB_Task-2.mat,B,Task-2,L,Fz,42,0.58984375,37.262608,21.67505,52.832609
VisualCogB_Task-2.mat,B,Task-2,L,Fz,42,0.59375,39.198661,23.573776,54.636927
VisualCogB_Task-2.mat,B,Task-2,L,Fz,42,0.59765625,41.055444,25.41212,56.274199
VisualCogB_Task-2.mat,B,Task-2,L,Fz,42,0.6015625,42.782894,27.318207,58.042168
VisualCogB_Task-2.mat,B,Task-2,L,Fz,42,0.60546875,44.473519,29.298706,59.842558
VisualCogB_Task-2.mat,B,Task-2,L,Fz,42,0.609375,46.131835,31.299454,61.557963
VisualCogB_Task-2.mat,B,Task-2,L,Fz,42,0.61328125,47.712126,32.779389,62.834732
VisualCogB_Task-2.mat,B,Task-2,L,Fz,42,0.6171875,49.228156,34.861485,63.9632
VisualCogB_Task-2.mat,B,Task-2,L,Fz,42,0.62109375,50.664636,36.060089,65.561677
VisualCogB_Task-2.mat,B,Task-2,L,Fz,42,0.625,52.009264,37.584465,67.237516
VisualCogB_Task-2.mat,B,Task-2,L,Fz,42,0.62890625,53.241609,39.001379,68.411625
VisualCogB_Task-2.mat,B,Task-2,L,Fz,42,0.6328125,54.361251,40.259973,69.65911
VisualCogB_Task-2.mat,B,Task-2,L,Fz,42,0.63671875,55.404296,41.498048,71.110023
VisualCogB_Task-2.mat,B,Task-2,L,Fz,42,0.640625,56.338881,42.511445,72.252587
VisualCogB_Task-2.mat,B,Task-2,L,Fz,42,0.64453125,57.118361,43.14203,73.359435
VisualCogB_Task-2.mat,B,Task-2,L,Fz,42,0.6484375,57.733764,43.802062,74.168956
VisualCogB_Task-2.mat,B,Task-2,L,Fz,42,0.65234375,58.19505,44.278828,74.809839
VisualCogB_Task-2.mat,B,Task-2,L,Fz,42,0.65625,58.510897,44.488974,75.307343
VisualCogB_Task-2.mat,B,Task-2,L,Fz,42,0.66015625,58.706874,44.486642,75.652173
VisualCogB_Task-2.mat,B,Task-2,L,Fz,42,0.6640625,58.791071,44.225068,76.072454
VisualCogB_Task-2.mat,B,Task-2,L,Fz,42,0.66796875,58.779897,44.006518,76.359803
VisualCogB_Task-2.mat,B,Task-2,L,Fz,42,0.671875,58.672608,43.669445,76.619423
VisualCogB_Task-2.mat,B,Task-2,L,Fz,42,0.67578125,58.476792,43.039991,76.70545
VisualCogB_Task-2.mat,B,Task-2,L,Fz,42,0.6796875,58.180182,42.56684,76.638351
VisualCogB_Task-2.mat,B,Task-2,L,Fz,42,0.68359375,57.774972,42.15753,76.473989
VisualCogB_Task-2.mat,B,Task-2,L,Fz,42,0.6875,57.293047,41.851134,76.244555
VisualCogB_Task-2.mat,B,Task-2,L,Fz,42,0.69140625,56.753621,41.3526,76.204502
VisualCogB_Task-2.mat,B,Task-2,L,Fz,42,0.6953125,56.185265,40.806863,76.142926
VisualCogB_Task-2.mat,B,Task-2,L,Fz,42,0.69921875,55.610235,40.275953,75.233557
VisualCogB_Task-2.mat,B,Task-2,L,Fz,42,0.703125,55.07172,39.739065,74.647523
VisualCogB_Task-2.mat,B,Task-2,L,Fz,42,0.70703125,54.574308,39.170943,74.172525
VisualCogB_Task-2.mat,B,Task-2,L,Fz,42,0.7109375,54.114857,38.799611,73.727465
VisualCogB_Task-2.mat,B,Task-2,L,Fz,42,0.71484375,53.681731,38.644153,73.140873
VisualCogB_Task-2.mat,B,Task-2,L,Fz,42,0.71875,53.269006,38.347324,72.613622
VisualCogB_Task-2.mat,B,Task-2,L,Fz,42,0.72265625,52.928802,37.902083,72.018255
VisualCogB_Task-2.mat,B,Task-2,L,Fz,42,0.7265625,52.603763,37.600218,71.257308
VisualCogB_Task-2.mat,B,Task-2,L,Fz,42,0.73046875,52.29853,37.294666,70.880388
VisualCogB_Task-2.mat,B,Task-2,L,Fz,42,0.734375,51.997041,36.814165,70.772734
VisualCogB_Task-2.mat,B,Task-2,L,Fz,42,0.73828125,51.692815,36.452599,70.792593
VisualCogB_Task-2.mat,B,Task-2,L,Fz,42,0.7421875,51.404305,36.125292,70.767853
VisualCogB_Task-2.mat,B,Task-2,L,Fz,42,0.74609375,51.103906,36.011845,70.521911
VisualCogB_Task-2.mat,B,Task-2,L,Fz,42,0.75,50.76871,35.638102,70.004872
VisualCogB_Task-2.mat,B,Task-2,L,Fz,42,0.75390625,50.398743,35.179822,69.418055
VisualCogB_Task-2.mat,B,Task-2,L,Fz,42,0.7578125,49.990915,34.676216,68.878671
VisualCogB_Task-2.mat,B,Task-2,L,Fz,42,0.76171875,49.532783,34.150909,68.746139
VisualCogB_Task-2.mat,B,Task-2,L,Fz,42,0.765625,49.007795,33.570924,68.077759
VisualCogB_Task-2.mat,B,Task-2,L,Fz,42,0.76953125,48.42979,32.681619,67.749887
VisualCogB_Task-2.mat,B,Task-2,L,Fz,42,0.7734375,47.787179,31.806695,67.596235
VisualCogB_Task-2.mat,B,Task-2,L,Fz,42,0.77734375,47.086704,30.71648,67.580568
VisualCogB_Task-2.mat,B,Task-2,L,Fz,42,0.78125,46.331346,29.670786,67.025338
VisualCogB_Task-2.mat,B,Task-2,L,Fz,42,0.78515625,45.551999,28.803658,66.254542
VisualCogB_Task-2.mat,B,Task-2,L,Fz,42,0.7890625,44.788453,27.844479,65.711818
VisualCogB_Task-2.mat,B,Task-2,L,Fz,42,0.79296875,44.071026,26.970069,65.354833
VisualCogB_Task-2.mat,B,Task-2,L,Fz,42,0.796875,43.425272,25.86875,65.088704
VisualCogB_Task-2.mat,B,Task-2,L,Fz,42,0.80078125,42.849074,25.295679,64.837205
VisualCogB_Task-2.mat,B,Task-2,L,Fz,42,0.8046875,42.347337,24.696022,64.319848
VisualCogB_Task-2.mat,B,Task-2,L,Fz,42,0.80859375,41.900267,24.170641,63.812363
VisualCogB_Task-2.mat,B,Task-2,L,Fz,42,0.8125,41.501653,23.604816,64.044531
VisualCogB_Task-2.mat,B,Task-2,L,Fz,42,0.81640625,41.136971,23.1877,63.837682
VisualCogB_Task-2.mat,B,Task-2,L,Fz,42,0.8203125,40.786524,22.918161,63.689141
VisualCogB_Task-2.mat,B,Task-2,L,Fz,42,0.82421875,40.464781,22.564703,63.998696
VisualCogB_Task-2.mat,B,Task-2,L,Fz,42,0.828125,40.217517,22.194729,63.315009
VisualCogB_Task-2.mat,B,Task-2,L,Fz,42,0.83203125,40.009222,21.640997,62.925934
VisualCogB_Task-2.mat,B,Task-2,L,Fz,42,0.8359375,39.864348,21.239017,62.517651
VisualCogB_Task-2.mat,B,Task-2,L,Fz,42,0.83984375,39.757133,21.273046,62.265097
VisualCogB_Task-2.mat,B,Task-2,L,Fz,42,0.84375,39.654341,21.223696,61.75031
VisualCogB_Task-2.mat,B,Task-2,L,Fz,42,0.84765625,39.592634,20.745028,61.259256
VisualCogB_Task-2.mat,B,Task-2,L,Fz,42,0.8515625,39.588519,20.310393,61.003084
VisualCogB_Task-2.mat,B,Task-2,L,Fz,42,0.85546875,39.628383,20.792761,60.652297
VisualCogB_Task-2.mat,B,Task-2,L,Fz,42,0.859375,39.737641,20.971588,60.279252
VisualCogB_Task-2.mat,B,Task-2,L,Fz,42,0.86328125,39.858058,20.98395,60.3974
VisualCogB_Task-2.mat,B,Task-2,L,Fz,42,0.8671875,39.998054,20.992902,60.543943
VisualCogB_Task-2.mat,B,Task-2,L,Fz,42,0.87109375,40.150793,20.944892,60.464567
VisualCogB_Task-2.mat,B,Task-2,L,Fz,42,0.875,40.281578,20.930087,60.119626
VisualCogB_Task-2.mat,B,Task-2,L,Fz,42,0.87890625,40.371373,20.72676,60.067217
VisualCogB_Task-2.mat,B,Task-2,L,Fz,42,0.8828125,40.398858,20.658158,60.318711
VisualCogB_Task-2.mat,B,Task-2,L,Fz,42,0.88671875,40.381855,20.793608,60.374382
VisualCogB_Task-2.mat,B,Task-2,L,Fz,42,0.890625,40.308222,20.65787,60.25464
VisualCogB_Task-2.mat,B,Task-2,L,Fz,42,0.89453125,40.188717,20.554977,60.028611
VisualCogB_Task-2.mat,B,Task-2,L,Fz,42,0.8984375,40.030466,19.953739,59.752067
VisualCogB_Task-2.mat,B,Task-2,L,Fz,42,0.90234375,39.83231,19.501263,59.575634
VisualCogB_Task-2.mat,B,Task-2,L,Fz,42,0.90625,39.588963,18.654883,59.407682
VisualCogB_Task-2.mat,B,Task-2,L,Fz,42,0.91015625,39.271172,17.817109,59.262248
VisualCogB_Task-2.mat,B,Task-2,L,Fz,42,0.9140625,38.857803,16.883934,58.711855
VisualCogB_Task-2.mat,B,Task-2,L,Fz,42,0.91796875,38.316396,16.130103,58.195018
VisualCogB_Task-2.mat,B,Task-2,L,Fz,42,0.921875,37.657854,15.360645,57.608103
VisualCogB_Task-2.mat,B,Task-2,L,Fz,42,0.92578125,36.872355,13.912583,56.889742
VisualCogB_Task-2.mat,B,Task-2,L,Fz,42,0.9296875,35.953743,12.4338,55.711514
VisualCogB_Task-2.mat,B,Task-2,L,Fz,42,0.93359375,34.884024,11.117651,54.266073
VisualCogB_Task-2.mat,B,Task-2,L,Fz,42,0.9375,33.69979,9.0205519,53.149377
VisualCogB_Task-2.mat,B,Task-2,L,Fz,42,0.94140625,32.467861,7.0894817,51.644834
VisualCogB_Task-2.mat,B,Task-2,L,Fz,42,0.9453125,31.153694,5.5042319,50.316133
VisualCogB_Task-2.mat,B,Task-2,L,Fz,42,0.94921875,29.761248,4.0376862,48.862301
VisualCogB_Task-2.mat,B,Task-2,L,Fz,42,0.953125,28.294481,2.8571961,47.692134
VisualCogB_Task-2.mat,B,Task-2,L,Fz,42,0.95703125,26.757352,1.721066,46.783187
VisualCogB_Task-2.mat,B,Task-2,L,Fz,42,0.9609375,25.15382,0.29427561,45.234245
VisualCogB_Task-2.mat,B,Task-2,L,Fz,42,0.96484375,23.487842,-1.1150229,43.387682
VisualCogB_Task-2.mat,B,Task-2,L,Fz,42,0.96875,21.763377,-2.4383425,41.763261
VisualCogB_Task-2.mat,B,Task-2,L,Fz,42,0.97265625,19.984384,-3.9146988,39.900922
VisualCogB_Task-2.mat,B,Task-2,L,Fz,42,0.9765625,18.15482,-4.8803109,37.944764
VisualCogB_Task-2.mat,B,Task-2,L,Fz,42,0.98046875,16.278645,-5.6976247,36.146364
VisualCogB_Task-2.mat,B,Task-2,L,Fz,42,0.984375,14.359816,-6.6681108,34.063026
VisualCogB_Task-2.mat,B,Task-2,L,Fz,42,0.98828125,12.402293,-7.708666,32.316836
VisualCogB_Task-2.mat,B,Task-2,L,Fz,42,0.9921875,10.410033,-8.1949101,30.922648
VisualCogB_Task-2.mat,B,Task-2,L,Fz,42,0.99609375,8.3869958,-8.67499,28.929662
VisualCogB_Task-2.mat,B,Task-2,L,F3,42,-0.5,10.627207,-3.9186996,26.768865
VisualCogB_Task-2.mat,B,Task-2,L,F3,42,-0.49609375,10.184267,-4.2166971,25.818709
VisualCogB_Task-2.mat,B,Task-2,L,F3,42,-0.4921875,9.8360882,-4.6121604,25.276428
VisualCogB_Task-2.mat,B,Task-2,L,F3,42,-0.48828125,9.5755896,-4.6971567,24.636346
VisualCogB_Task-2.mat,B,Task-2,L,F3,42,-0.484375,9.3956921,-4.8041589,24.415859
VisualCogB_Task-2.mat,B,Task-2,L,F3,42,-0.48046875,9.2893163,-4.9348452,24.120402
VisualCogB_Task-2.mat,B,Task-2,L,F3,42,-0.4765625,9.2493824,-4.8532111,23.904102
VisualCogB_Task-2.mat,B,Task-2,L,F3,42,-0.47265625,9.2688111,-4.7356818,23.729635
VisualCogB_Task-2.mat,B,Task-2,L,F3,42,-0.46875,9.3405226,-4.5410081,23.592095
VisualCogB_Task-2.mat,B,Task-2,L,F3,42,-0.46484375,9.4574376,-4.2729668,23.486575
VisualCogB_Task-2.mat,B,Task-2,L,F3,42,-0.4609375,9.6124764,-3.984603,23.408169
VisualCogB_Task-2.mat,B,Task-2,L,F3,42,-0.45703125,9.7985594,-3.6972123,23.352344
VisualCogB_Task-2.mat,B,Task-2,L,F3,42,-0.453125,10.008607,-3.2880813,23.396822
VisualCogB_Task-2.mat,B,Task-2,L,F3,42,-0.44921875,10.23554,-2.6738686,23.535472
VisualCogB_Task-2.mat,B,Task-2,L,F3,42,-0.4453125,10.472279,-2.0765363,23.612896
VisualCogB_Task-2.mat,B,Task-2,L,F3,42,-0.44140625,10.711743,-1.4637535,23.648937
VisualCogB_Task-2.mat,B,Task-2,L,F3,42,-0.4375,10.898162,-0.91580754,23.721188
VisualCogB_Task-2.mat,B,Task-2,L,F3,42,-0.43359375,11.065708,-0.47970184,23.571153
VisualCogB_Task-2.mat,B,Task-2,L,F3,42,-0.4296875,11.186049,-0.16129332,23.379081
VisualCogB_Task-2.mat,B,Task-2,L,F3,42,-0.42578125,11.267379,0.18297011,23.293607
VisualCogB_Task-2.mat,B,Task-2,L,F3,42,-0.421875,11.321362,0.45465019,23.198598
VisualCogB_Task-2.mat,B,Task-2,L,F3,42,-0.41796875,11.351493,0.67901814,23.121455
VisualCogB_Task-2.mat,B,Task-2,L,F3,42,-0.4140625,11.372056,0.81443719,23.054065
VisualCogB_Task-2.mat,B,Task-2,L,F3,42,-0.41015625,11.389903,0.906997,22.988392
VisualCogB_Task-2.mat,B,Task-2,L,F3,42,-0.40625,11.408928,1.1101191,22.762423
VisualCogB_Task-2.mat,B,Task-2,L,F3,42,-0.40234375,11.413337,1.1374271,22.50627
VisualCogB_Task-2.mat,B,Task-2,L,F3,42,-0.3984375,11.383532,1.0816944,22.261756
VisualCogB_Task-2.mat,B,Task-2,L,F3,42,-0.39453125,11.296598,0.83101737,22.192058
VisualCogB_Task-2.mat,B,Task-2,L,F3,42,-0.390625,11.153052,0.65437783,22.164443
VisualCogB_Task-2.mat,B,Task-2,L,F3,42,-0.38671875,10.998943,0.54271045,21.929407
VisualCogB_Task-2.mat,B,Task-2,L,F3,42,-0.3828125,10.858171,0.37401586,21.657016
VisualCogB_Task-2.mat,B,Task-2,L,F3,42,-0.37890625,10.726155,0.2648211,21.55056
VisualCogB_Task-2.mat,B,Task-2,L,F3,42,-0.375,10.609442,0.28062367,21.526334
VisualCogB_Task-2.mat,B,Task-2,L,F3,42,-0.37109375,10.50003,0.43368764,21.529729
VisualCogB_Task-2.mat,B,Task-2,L,F3,42,-0.3671875,10.363117,0.48445645,21.287353
VisualCogB_Task-2.mat,B,Task-2,L,F3,42,-0.36328125,10.234281,0.34694126,21.123886
VisualCogB_Task-2.mat,B,Task-2,L,F3,42,-0.359375,10.116602,0.27403992,21.025461
VisualCogB_Task-2.mat,B,Task-2,L,F3,42,-0.35546875,9.998663,0.095792753,20.960112
VisualCogB_Task-2.mat,B,Task-2,L,F3,42,-0.3515625,9.8929476,0.1249847,20.823077
VisualCogB_Task-2.mat,B,Task-2,L,F3,42,-0.34765625,9.833711,0.020311263,20.679323
VisualCogB_Task-2.mat,B,Task-2,L,F3,42,-0.34375,9.7993092,-0.064368943,20.653862
VisualCogB_Task-2.mat,B,Task-2,L,F3,42,-0.33984375,9.7694346,0.10487325,20.619974
VisualCogB_Task-2.mat,B,Task-2,L,F3,42,-0.3359375,9.7141111,0.06269201,20.680208
VisualCogB_Task-2.mat,B,Task-2,L,F3,42,-0.33203125,9.6305834,0.010543621,20.757665
VisualCogB_Task-2.mat,B,Task-2,L,F3,42,-0.328125,9.5154315,-0.052270003,20.836117
VisualCogB_Task-2.mat,B,Task-2,L,F3,42,-0.32421875,9.3687029,-0.12856155,20.83665
VisualCogB_Task-2.mat,B,Task-2,L,F3,42,-0.3203125,9.1977077,-0.11714657,20.778565
VisualCogB_Task-2.mat,B,Task-2,L,F3,42,-0.31640625,8.9905258,-0.024265406,20.567528
VisualCogB_Task-2.mat,B,Task-2,L,F3,42,-0.3125,8.7769461,-0.087859707,20.325361
VisualCogB_Task-2.mat,B,Task-2,L,F3,42,-0.30859375,8.5999104,-0.16224025,20.27213
VisualCogB_Task-2.mat,B,Task-2,L,F3,42,-0.3046875,8.4731884,-0.17041651,20.252067
VisualCogB_Task-2.mat,B,Task-2,L,F3,42,-0.30078125,8.3968585,-0.13817983,20.094868
VisualCogB_Task-2.mat,B,Task-2,L,F3,42,-0.296875,8.3600367,-0.053602558,19.884737
VisualCogB_Task-2.mat,B,Task-2,L,F3,42,-0.29296875,8.3447937,0.0712133,19.834519
VisualCogB_Task-2.mat,B,Task-2,L,F3,42,-0.2890625,8.3228576,0.2094811,19.731485
VisualCogB_Task-2.mat,B,Task-2,L,F3,42,-0.28515625,8.2347367,0.21661287,19.495202
VisualCogB_Task-2.mat,B,Task-2,L,F3,42,-0.28125,8.0547287,0.009507977,19.079889
VisualCogB_Task-2.mat,B,Task-2,L,F3,42,-0.27734375,7.712202,-0.17427766,18.632739
VisualCogB_Task-2.mat,B,Task-2,L,F3,42,-0.2734375,7.328646,-0.39261502,18.077839
VisualCogB_Task-2.mat,B,Task-2,L,F3,42,-0.26953125,6.9761425,-0.80594067,17.343159
VisualCogB_Task-2.mat,B,Task-2,L,F3,42,-0.265625,6.6456898,-1.0481308,16.730203
VisualCogB_Task-2.mat,B,Task-2,L,F3,42,-0.26171875,6.3464019,-1.3269516,16.09737
VisualCogB_Task-2.mat,B,Task-2,L,F3,42,-0.2578125,6.1216618,-1.4647139,15.617798
VisualCogB_Task-2.mat,B,Task-2,L,F3,42,-0.25390625,5.9709402,-1.5628007,15.139531
VisualCogB_Task-2.mat,B,Task-2,L,F3,42,-0.25,5.8794019,-1.4889383,14.919616
VisualCogB_Task-2.mat,B,Task-2,L,F3,42,-0.24609375,5.8253919,-1.4678277,14.693841
VisualCogB_Task-2.mat,B,Task-2,L,F3,42,-0.2421875,5.7657912,-1.42411,14.450119
VisualCogB_Task-2.mat,B,Task-2,L,F3,42,-0.23828125,5.6769001,-1.3741373,14.017885
VisualCogB_Task-2.mat,B,Task-2,L,F3,42,-0.234375,5.558264,-1.3314393,13.600289
VisualCogB_Task-2.mat,B,Task-2,L,F3,42,-0.23046875,5.4229203,-1.1034252,13.108422
VisualCogB_Task-2.mat,B,Task-2,L,F3,42,-0.2265625,5.250224,-1.0333764,12.664143
VisualCogB_Task-2.mat,B,Task-2,L,F3,42,-0.22265625,5.0641055,-0.89189627,11.934392
VisualCogB_Task-2.mat,B,Task-2,L,F3,42,-0.21875,4.8763819,-0.84031336,11.321569
VisualCogB_Task-2.mat,B,Task-2,L,F3,42,-0.21484375,4.6969496,-0.79821601,10.779087
VisualCogB_Task-2.mat,B,Task-2,L,F3,42,-0.2109375,4.5219999,-0.70176375,10.350314
VisualCogB_Task-2.mat,B,Task-2,L,F3,42,-0.20703125,4.3322521,-0.68520541,9.9614479
VisualCogB_Task-2.mat,B,Task-2,L,F3,42,-0.203125,4.1309087,-0.63651635,9.6101061
VisualCogB_Task-2.mat,B,Task-2,L,F3,42,-0.19921875,3.8862397,-0.60433412,9.2881657
VisualCogB_Task-2.mat,B,Task-2,L,F3,42,-0.1953125,3.6297641,-0.6328504,9.0227438
VisualCogB_Task-2.mat,B,Task-2,L,F3,42,-0.19140625,3.3430763,-0.790157,8.5378372
VisualCogB_Task-2.mat,B,Task-2,L,F3,42,-0.1875,3.0390066,-0.85268766,8.013341
VisualCogB_Task-2.mat,B,Task-2,L,F3,42,-0.18359375,2.7295944,-0.9010105,7.5736666
VisualCogB_Task-2.mat,B,Task-2,L,F3,42,-0.1796875,2.4192068,-1.1117497,7.127105
VisualCogB_Task-2.mat,B,Task-2,L,F3,42,-0.17578125,2.1095335,-1.366546,6.6804752
VisualCogB_Task-2.mat,B,Task-2,L,F3,42,-0.171875,1.7732722,-1.5820543,6.1445785
VisualCogB_Task-2.mat,B,Task-2,L,F3,42,-0.16796875,1.3925238,-1.7049023,5.4345909
VisualCogB_Task-2.mat,B,Task-2,L,F3,42,-0.1640625,0.9897844,-2.0334904,4.763349
VisualCogB_Task-2.mat,B,Task-2,L,F3,42,-0.16015625,0.59870642,-2.2458845,4.1708989
VisualCogB_Task-2.mat,B,Task-2,L,F3,42,-0.15625,0.32114876,-2.3875847,3.534666
VisualCogB_Task-2.mat,B,Task-2,L,F3,42,-0.15234375,0.11488074,-2.4131849,3.0251476
VisualCogB_Task-2.mat,B,Task-2,L,F3,42,-0.1484375,-0.03101864,-2.3963357,2.6978243
VisualCogB_Task-2.mat,B,Task-2,L,F3,42,-0.14453125,-0.079277704,-2.2158472,2.4694425
VisualCogB_Task-2.mat,B,Task-2,L,F3,42,-0.140625,-0.030723051,-2.0603145,2.3658868
VisualCogB_Task-2.mat,B,Task-2,L,F3,42,-0.13671875,0.055244178,-1.7987039,2.2862022
VisualCogB_Task-2.mat,B,Task-2,L,F3,42,-0.1328125,0.13077987,-1.5864125,2.2257934
VisualCogB_Task-2.mat,B,Task-2,L,F3,42,-0.12890625,0.16931643,-1.4925936,1.9783066
VisualCogB_Task-2.mat,B,Task-2,L,F3,42,-0.125,0.14254776,-1.4213361,1.8019766
VisualCogB_Task-2.mat,B,Task-2,L,F3,42,-0.12109375,0.072567229,-1.4147149,1.5180001
VisualCogB_Task-2.mat,B,Task-2,L,F3,42,-0.1171875,-0.0093022059,-1.3846116,1.2652893
VisualCogB_Task-2.mat,B,Task-2,L,F3,42,-0.11328125,-0.080102548,-1.356813,1.1055904
VisualCogB_Task-2.mat,B,Task-2,L,F3,42,-0.109375,-0.14589964,-1.4584247,0.98259583
VisualCogB_Task-2.mat,B,Task-2,L,F3,42,-0.10546875,-0.21836437,-1.4766926,0.88553043
VisualCogB_Task-2.mat,B,Task-2,L,F3,42,-0.1015625,-0.32635683,-1.587867,0.82144932
VisualCogB_Task-2.mat,B,Task-2,L,F3,42,-0.09765625,-0.47795329,-1.7337356,0.79399989
VisualCogB_Task-2.mat,B,Task-2,L,F3,42,-0.09375,-0.65995684,-2.0146673,0.72206888
VisualCogB_Task-2.mat,B,Task-2,L,F3,42,-0.08984375,-0.87996959,-2.3564169,0.56209252
VisualCogB_Task-2.mat,B,Task-2,L,F3,42,-0.0859375,-1.1000547,-2.7242397,0.4049065
VisualCogB_Task-2.mat,B,Task-2,L,F3,42,-0.08203125,-1.3126248,-2.9846331,0.27910943
VisualCogB_Task-2.mat,B,Task-2,L,F3,42,-0.078125,-1.5090926,-3.3588917,0.24849041
VisualCogB_Task-2.mat,B,Task-2,L,F3,42,-0.07421875,-1.6570186,-3.7187287,0.20190063
VisualCogB_Task-2.mat,B,Task-2,L,F3,42,-0.0703125,-1.7275778,-3.9467567,0.2594125
VisualCogB_Task-2.mat,B,Task-2,L,F3,42,-0.06640625,-1.7330212,-4.0799497,0.34275644
VisualCogB_Task-2.mat,B,Task-2,L,F3,42,-0.0625,-1.7018859,-4.1940831,0.53282039
VisualCogB_Task-2.mat,B,Task-2,L,F3,42,-0.05859375,-1.6364878,-4.2917843,0.66293042
VisualCogB_Task-2.mat,B,Task-2,L,F3,42,-0.0546875,-1.5478781,-4.2802653,0.81529722
VisualCogB_Task-2.mat,B,Task-2,L,F3,42,-0.05078125,-1.4311406,-4.3975255,1.0348885
VisualCogB_Task-2.mat,B,Task-2,L,F3,42,-0.046875,-1.2817209,-4.3708325,1.2353807
VisualCogB_Task-2.mat,B,Task-2,L,F3,42,-0.04296875,-1.1028439,-4.1979542,1.4816492
VisualCogB_Task-2.mat,B,Task-2,L,F3,42,-0.0390625,-0.93306919,-4.1745542,1.837811
VisualCogB_Task-2.mat,B,Task-2,L,F3,42,-0.03515625,-0.77827529,-4.1635077,2.1044651
VisualCogB_Task-2.mat,B,Task-2,L,F3,42,-0.03125,-0.6432305,-4.2291596,2.5759148
VisualCogB_Task-2.mat,B,Task-2,L,F3,42,-0.02734375,-0.54337282,-4.3980884,2.843174
VisualCogB_Task-2.mat,B,Task-2,L,F3,42,-0.0234375,-0.4839941,-4.5848596,3.0643737
VisualCogB_Task-2.mat,B,Task-2,L,F3,42,-0.01953125,-0.47497879,-4.7951753,3.2505112
VisualCogB_Task-2.mat,B,Task-2,L,F3,42,-0.015625,-0.53699538,-5.1344726,3.4304756
VisualCogB_Task-2.mat,B,Task-2,L,F3,42,-0.01171875,-0.65022136,-5.6007699,3.5776767
VisualCogB_Task-2.mat,B,Task-2,L,F3,42,-0.0078125,-0.83749144,-6.0818142,3.7154676
VisualCogB_Task-2.mat,B,Task-2,L,F3,42,-0.00390625,-1.0705774,-6.5350664,3.7799028
VisualCogB_Task-2.mat,B,Task-2,L,F3,42,0,-1.3240484,-6.9652991,3.80329
VisualCogB_Task-2.mat,B,Task-2,L,F3,42,0.00390625,-1.6161274,-7.5214173,3.7142017
VisualCogB_Task-2.mat,B,Task-2,L,F3,42,0.0078125,-1.9515927,-8.0770663,3.6454313
VisualCogB_Task-2.mat,B,Task-2,L,F3,42,0.01171875,-2.3278505,-8.6720907,3.4801375
VisualCogB_Task-2.mat,B,Task-2,L,F3,42,0.015625,-2.740486,-9.1776424,3.1544187
VisualCogB_Task-2.mat,B,Task-2,L,F3,42,0.01953125,-3.1684838,-9.661034,2.901555
VisualCogB_Task-2.mat,B,Task-2,L,F3,42,0.0234375,-3.5862761,-10.112594,2.7407069
VisualCogB_Task-2.mat,B,Task-2,L,F3,42,0.02734375,-3.9888182,-10.681923,2.5174256
VisualCogB_Task-2.mat,B,Task-2,L,F3,42,0.03125,-4.321103,-11.367677,2.4022451
VisualCogB_Task-2.mat,B,Task-2,L,F3,42,0.03515625,-4.5786115,-11.883346,2.3492552
VisualCogB_Task-2.mat,B,Task-2,L,F3,42,0.0390625,-4.7878272,-12.44493,2.291714
VisualCogB_Task-2.mat,B,Task-2,L,F3,42,0.04296875,-4.9180943,-12.971438,2.292036
VisualCogB_Task-2.mat,B,Task-2,L,F3,42,0.046875,-4.9994007,-13.285716,2.3549879
VisualCogB_Task-2.mat,B,Task-2,L,F3,42,0.05078125,-5.0588803,-13.616574,2.451775
VisualCogB_Task-2.mat,B,Task-2,L,F3,42,0.0546875,-5.1045004,-13.782685,2.4437381
VisualCogB_Task-2.mat,B,Task-2,L,F3,42,0.05859375,-5.1261266,-14.091368,2.4950109
VisualCogB_Task-2.mat,B,Task-2,L,F3,42,0.0625,-5.1348383,-14.294526,2.614154
VisualCogB_Task-2.mat,B,Task-2,L,F3,42,0.06640625,-5.1298797,-14.431796,2.5678395
VisualCogB_Task-2.mat,B,Task-2,L,F3,42,0.0703125,-5.1241224,-14.612524,2.5674752
VisualCogB_Task-2.mat,B,Task-2,L,F3,42,0.07421875,-5.1287267,-14.68213,2.4284683
VisualCogB_Task-2.mat,B,Task-2,L,F3,42,0.078125,-5.1632177,-14.878658,2.2509301
VisualCogB_Task-2.mat,B,Task-2,L,F3,42,0.08203125,-5.2261741,-14.924986,1.9738717
VisualCogB_Task-2.mat,B,Task-2,L,F3,42,0.0859375,-5.3315113,-15.099695,1.6895011
VisualCogB_Task-2.mat,B,Task-2,L,F3,42,0.08984375,-5.4606636,-15.326991,1.687633
VisualCogB_Task-2.mat,B,Task-2,L,F3,42,0.09375,-5.6176044,-15.405997,1.5000185
VisualCogB_Task-2.mat,B,Task-2,L,F3,42,0.09765625,-5.8000886,-15.555898,1.2836513
VisualCogB_Task-2.mat,B,Task-2,L,F3,42,0.1015625,-6.0148363,-15.987735,1.0157695
VisualCogB_Task-2.mat,B,Task-2,L,F3,42,0.10546875,-6.2398603,-16.47312,0.95477687
VisualCogB_Task-2.mat,B,Task-2,L,F3,42,0.109375,-6.4893225,-16.946063,0.75705816
VisualCogB_Task-2.mat,B,Task-2,L,F3,42,0.11328125,-6.7332399,-17.429187,0.55909369
VisualCogB_Task-2.mat,B,Task-2,L,F3,42,0.1171875,-6.9731837,-17.956597,0.38581945
VisualCogB_Task-2.mat,B,Task-2,L,F3,42,0.12109375,-7.2444099,-18.486928,0.27665688
VisualCogB_Task-2.mat,B,Task-2,L,F3,42,0.125,-7.5566186,-18.917699,0.14520093
VisualCogB_Task-2.mat,B,Task-2,L,F3,42,0.12890625,-7.9055371,-19.470175,-0.01540601
VisualCogB_Task-2.mat,B,Task-2,L,F3,42,0.1328125,-8.2884369,-19.888217,-0.082909623
VisualCogB_Task-2.mat,B,Task-2,L,F3,42,0.13671875,-8.6663672,-20.412296,-0.28410905
VisualCogB_Task-2.mat,B,Task-2,L,F3,42,0.140625,-9.0192672,-20.958398,-0.42871504
VisualCogB_Task-2.mat,B,Task-2,L,F3,42,0.14453125,-9.3420215,-21.466437,-0.57189573
VisualCogB_Task-2.mat,B,Task-2,L,F3,42,0.1484375,-9.606662,-21.734311,-0.70189148
VisualCogB_Task-2.mat,B,Task-2,L,F3,42,0.15234375,-9.8458314,-22.20021,-0.86376619
VisualCogB_Task-2.mat,B,Task-2,L,F3,42,0.15625,-10.099243,-22.807265,-1.0450777
VisualCogB_Task-2.mat,B,Task-2,L,F3,42,0.16015625,-10.350077,-23.338203,-1.1340072
VisualCogB_Task-2.mat,B,Task-2,L,F3,42,0.1640625,-10.649391,-23.802252,-1.2322464
VisualCogB_Task-2.mat,B,Task-2,L,F3,42,0.16796875,-10.99838,-24.343317,-1.4853496
VisualCogB_Task-2.mat,B,Task-2,L,F3,42,0.171875,-11.387596,-24.908694,-1.7289948
VisualCogB_Task-2.mat,B,Task-2,L,F3,42,0.17578125,-11.81427,-25.455392,-1.9394109
VisualCogB_Task-2.mat,B,Task-2,L,F3,42,0.1796875,-12.262592,-25.919905,-2.0435506
VisualCogB_Task-2.mat,B,Task-2,L,F3,42,0.18359375,-12.71663,-26.363732,-2.3278897
VisualCogB_Task-2.mat,B,Task-2,L,F3,42,0.1875,-13.167991,-26.873183,-2.7420107
VisualCogB_Task-2.mat,B,Task-2,L,F3,42,0.19140625,-13.598245,-27.29905,-3.4080275
VisualCogB_Task-2.mat,B,Task-2,L,F3,42,0.1953125,-13.997949,-27.668033,-3.9266129
VisualCogB_Task-2.mat,B,Task-2,L,F3,42,0.19921875,-14.359324,-27.995681,-4.3401848
VisualCogB_Task-2.mat,B,Task-2,L,F3,42,0.203125,-14.680638,-28.285479,-4.7203019
VisualCogB_Task-2.mat,B,Task-2,L,F3,42,0.20703125,-14.946152,-28.649186,-5.0778264
VisualCogB_Task-2.mat,B,Task-2,L,F3,42,0.2109375,-15.159518,-29.139332,-5.4201486
VisualCogB_Task-2.mat,B,Task-2,L,F3,42,0.21484375,-15.296782,-29.583662,-5.4246165
VisualCogB_Task-2.mat,B,Task-2,L,F3,42,0.21875,-15.354021,-29.781753,-5.2352229
VisualCogB_Task-2.mat,B,Task-2,L,F3,42,0.22265625,-15.327501,-29.889281,-4.9187883
VisualCogB_Task-2.mat,B,Task-2,L,F3,42,0.2265625,-15.214949,-29.985802,-4.560069
VisualCogB_Task-2.mat,B,Task-2,L,F3,42,0.23046875,-15.03566,-29.987287,-4.2141795
VisualCogB_Task-2.mat,B,Task-2,L,F3,42,0.234375,-14.820546,-29.799784,-3.8163586
VisualCogB_Task-2.mat,B,Task-2,L,F3,42,0.23828125,-14.584279,-29.627532,-3.2654096
VisualCogB_Task-2.mat,B,Task-2,L,F3,42,0.2421875,-14.333479,-29.56114,-2.6674426
VisualCogB_Task-2.mat,B,Task-2,L,F3,42,0.24609375,-14.058496,-29.601318,-2.1325315
VisualCogB_Task-2.mat,B,Task-2,L,F3,42,0.25,-13.754115,-29.598598,-1.6438816
VisualCogB_Task-2.mat,B,Task-2,L,F3,42,0.25390625,-13.411831,-29.446753,-1.0775412
VisualCogB_Task-2.mat,B,Task-2,L,F3,42,0.2578125,-13.048598,-29.241451,-0.46924024
VisualCogB_Task-2.mat,B,Task-2,L,F3,42,0.26171875,-12.685782,-29.025319,0.3375054
VisualCogB_Task-2.mat,B,Task-2,L,F3,42,0.265625,-12.342048,-28.850243,1.110255
VisualCogB_Task-2.mat,B,Task-2,L,F3,42,0.26953125,-12.060046,-28.755584,1.5812881
VisualCogB_Task-2.mat,B,Task-2,L,F3,42,0.2734375,-11.862831,-28.696231,1.8819555
VisualCogB_Task-2.mat,B,Task-2,L,F3,42,0.27734375,-11.760424,-28.709234,2.1135985
VisualCogB_Task-2.mat,B,Task-2,L,F3,42,0.28125,-11.769004,-28.813324,2.2688499
VisualCogB_Task-2.mat,B,Task-2,L,F3,42,0.28515625,-11.860386,-29.001963,2.4393274
VisualCogB_Task-2.mat,B,Task-2,L,F3,42,0.2890625,-12.008326,-29.307151,2.4209663
VisualCogB_Task-2.mat,B,Task-2,L,F3,42,0.29296875,-12.19113,-29.611943,2.3719946
VisualCogB_Task-2.mat,B,Task-2,L,F3,42,0.296875,-12.380906,-29.902853,2.1257709
VisualCogB_Task-2.mat,B,Task-2,L,F3,42,0.30078125,-12.578935,-30.375117,1.9607373
VisualCogB_Task-2.mat,B,Task-2,L,F3,42,0.3046875,-12.778925,-30.94181,1.8514041
VisualCogB_Task-2.mat,B,Task-2,L,F3,42,0.30859375,-12.999377,-31.475363,1.8005866
VisualCogB_Task-2.mat,B,Task-2,L,F3,42,0.3125,-13.24663,-31.960769,1.8114289
VisualCogB_Task-2.mat,B,Task-2,L,F3,42,0.31640625,-13.518678,-32.078795,1.6719754
VisualCogB_Task-2.mat,B,Task-2,L,F3,42,0.3203125,-13.786277,-32.078529,1.4039044
VisualCogB_Task-2.mat,B,Task-2,L,F3,42,0.32421875,-14.022387,-32.405016,1.1955488
VisualCogB_Task-2.mat,B,Task-2,L,F3,42,0.328125,-14.193788,-32.695512,1.1749472
VisualCogB_Task-2.mat,B,Task-2,L,F3,42,0.33203125,-14.283434,-32.977528,1.4575152
VisualCogB_Task-2.mat,B,Task-2,L,F3,42,0.3359375,-14.292077,-33.318824,1.5093041
VisualCogB_Task-2.mat,B,Task-2,L,F3,42,0.33984375,-14.236531,-33.329722,1.808313
VisualCogB_Task-2.mat,B,Task-2,L,F3,42,0.34375,-14.145339,-33.29808,1.8360272
VisualCogB_Task-2.mat,B,Task-2,L,F3,42,0.34765625,-14.06656,-33.241904,1.878758
VisualCogB_Task-2.mat,B,Task-2,L,F3,42,0.3515625,-14.04385,-33.236754,1.8486258
VisualCogB_Task-2.mat,B,Task-2,L,F3,42,0.35546875,-14.090257,-33.268921,1.7693516
VisualCogB_Task-2.mat,B,Task-2,L,F3,42,0.359375,-14.21481,-33.593325,1.5863691
VisualCogB_Task-2.mat,B,Task-2,L,F3,42,0.36328125,-14.404078,-34.029152,1.3117271
VisualCogB_Task-2.mat,B,Task-2,L,F3,42,0.3671875,-14.648297,-34.226341,0.93033437
VisualCogB_Task-2.mat,B,Task-2,L,F3,42,0.37109375,-14.947136,-34.157356,0.66035615
VisualCogB_Task-2.mat,B,Task-2,L,F3,42,0.375,-15.308255,-34.275845,0.56193977
VisualCogB_Task-2.mat,B,Task-2,L,F3,42,0.37890625,-15.740449,-34.500691,0.36497964
VisualCogB_Task-2.mat,B,Task-2,L,F3,42,0.3828125,-16.251364,-34.855341,-0.12573219
VisualCogB_Task-2.mat,B,Task-2,L,F3,42,0.38671875,-16.852565,-35.510001,-0.83121338
VisualCogB_Task-2.mat,B,Task-2,L,F3,42,0.390625,-17.528489,-36.383346,-1.5428612
VisualCogB_Task-2.mat,B,Task-2,L,F3,42,0.39453125,-18.257044,-37.332123,-2.274418
VisualCogB_Task-2.mat,B,Task-2,L,F3,42,0.3984375,-19.015535,-38.346446,-2.9152581
VisualCogB_Task-2.mat,B,Task-2,L,F3,42,0.40234375,-19.762586,-39.583955,-3.4346076
VisualCogB_Task-2.mat,B,Task-2,L,F3,42,0.40625,-20.49942,-40.819379,-3.7315288
VisualCogB_Task-2.mat,B,Task-2,L,F3,42,0.41015625,-21.226253,-41.70929,-4.2645235
VisualCogB_Task-2.mat,B,Task-2,L,F3,42,0.4140625,-21.942372,-42.489328,-4.7835937
VisualCogB_Task-2.mat,B,Task-2,L,F3,42,0.41796875,-22.642087,-43.590249,-5.1458355
VisualCogB_Task-2.mat,B,Task-2,L,F3,42,0.421875,-23.301403,-44.595119,-5.4485256
VisualCogB_Task-2.mat,B,Task-2,L,F3,42,0.42578125,-23.891855,-45.462093,-5.7355783
VisualCogB_Task-2.mat,B,Task-2,L,F3,42,0.4296875,-24.374471,-46.246665,-5.802502
VisualCogB_Task-2.mat,B,Task-2,L,F3,42,0.43359375,-24.708824,-46.815776,-5.8422713
VisualCogB_Task-2.mat,B,Task-2,L,F3,42,0.4375,-24.849808,-47.167778,-5.8075475
VisualCogB_Task-2.mat,B,Task-2,L,F3,42,0.44140625,-24.788336,-47.433973,-5.6246945
VisualCogB_Task-2.mat,B,Task-2,L,F3,42,0.4453125,-24.518126,-47.392799,-5.021631
VisualCogB_Task-2.mat,B,Task-2,L,F3,42,0.44921875,-24.050108,-46.997578,-4.3021269
VisualCogB_Task-2.mat,B,Task-2,L,F3,42,0.453125,-23.409442,-46.415945,-3.362278
VisualCogB_Task-2.mat,B,Task-2,L,F3,42,0.45703125,-22.622111,-45.464584,-2.2582379
VisualCogB_Task-2.mat,B,Task-2,L,F3,42,0.4609375,-21.741826,-44.579881,-1.2580615
VisualCogB_Task-2.mat,B,Task-2,L,F3,42,0.46484375,-20.792623,-43.606201,0.022153952
VisualCogB_Task-2.mat,B,Task-2,L,F3,42,0.46875,-19.782526,-42.548417,0.90498522
VisualCogB_Task-2.mat,B,Task-2,L,F3,42,0.47265625,-18.70978,-41.529586,1.8735816
VisualCogB_Task-2.mat,B,Task-2,L,F3,42,0.4765625,-17.560532,-40.349353,3.1424493
VisualCogB_Task-2.mat,B,Task-2,L,F3,42,0.48046875,-16.326227,-39.094919,4.2809657
VisualCogB_Task-2.mat,B,Task-2,L,F3,42,0.484375,-15.004037,-37.745241,5.4512079
VisualCogB_Task-2.mat,B,Task-2,L,F3,42,0.48828125,-13.597786,-36.472023,6.6324714
VisualCogB_Task-2.mat,B,Task-2,L,F3,42,0.4921875,-12.137728,-34.946136,7.7263692
VisualCogB_Task-2.mat,B,Task-2,L,F3,42,0.49609375,-10.653159,-33.084819,8.7004963
VisualCogB_Task-2.mat,B,Task-2,L,F3,42,0.5,-9.1610505,-31.576287,9.6850499
VisualCogB_Task-2.mat,B,Task-2,L,F3,42,0.50390625,-7.6878825,-30.513403,11.114987
VisualCogB_Task-2.mat,B,Task-2,L,F3,42,0.5078125,-6.2261873,-29.218082,12.2372
VisualCogB_Task-2.mat,B,Task-2,L,F3,42,0.51171875,-4.7460304,-27.72861,13.676703
VisualCogB_Task-2.mat,B,Task-2,L,F3,42,0.515625,-3.2370674,-26.319666,15.065765
VisualCogB_Task-2.mat,B,Task-2,L,F3,42,0.51953125,-1.6877213,-24.936216,16.480838
VisualCogB_Task-2.mat,B,Task-2,L,F3,42,0.5234375,-0.16466531,-23.034834,17.961872
VisualCogB_Task-2.mat,B,Task-2,L,F3,42,0.52734375,1.352943,-21.008902,19.389719
VisualCogB_Task-2.mat,B,Task-2,L,F3,42,0.53125,2.883106,-19.50807,20.829059
VisualCogB_Task-2.mat,B,Task-2,L,F3,42,0.53515625,4.4242244,-17.955447,22.279054
VisualCogB_Task-2.mat,B,Task-2,L,F3,42,0.5390625,5.9799166,-15.903387,23.542237
VisualCogB_Task-2.mat,B,Task-2,L,F3,42,0.54296875,7.5653743,-13.870694,25.065625
VisualCogB_Task-2.mat,B,Task-2,L,F3,42,0.546875,9.1887512,-11.891746,26.823455
VisualCogB_Task-2.mat,B,Task-2,L,F3,42,0.55078125,10.872331,-10.167557,28.61502
VisualCogB_Task-2.mat,B,Task-2,L,F3,42,0.5546875,12.630234,-8.3767328,30.838511
VisualCogB_Task-2.mat,B,Task-2,L,F3,42,0.55859375,14.457914,-7.3057384,33.182189
VisualCogB_Task-2.mat,B,Task-2,L,F3,42,0.5625,16.335085,-5.3842652,35.522507
VisualCogB_Task-2.mat,B,Task-2,L,F3,42,0.56640625,18.247533,-3.5337164,38.028449
VisualCogB_Task-2.mat,B,Task-2,L,F3,42,0.5703125,20.161028,-1.9324616,40.031682
VisualCogB_Task-2.mat,B,Task-2,L,F3,42,0.57421875,22.010785,-0.33417507,42.247899
VisualCogB_Task-2.mat,B,Task-2,L,F3,42,0.578125,23.777606,1.2183579,44.077711
VisualCogB_Task-2.mat,B,Task-2,L,F3,42,0.58203125,25.448196,2.7044898,46.056219
VisualCogB_Task-2.mat,B,Task-2,L,F3,42,0.5859375,27.058602,4.1387219,48.005865
VisualCogB_Task-2.mat,B,Task-2,L,F3,42,0.58984375,28.621666,5.552203,49.820225
VisualCogB_Task-2.mat,B,Task-2,L,F3,42,0.59375,30.108963,6.9560048,51.282711
VisualCogB_Task-2.mat,B,Task-2,L,F3,42,0.59765625,31.548715,8.3544333,52.876504
VisualCogB_Task-2.mat,B,Task-2,L,F3,42,0.6015625,32.954212,9.7149932,54.15675
VisualCogB_Task-2.mat,B,Task-2,L,F3,42,0.60546875,34.301181,11.03307,55.63561
VisualCogB_Task-2.mat,B,Task-2,L,F3,42,0.609375,35.56359,12.328587,56.892262
VisualCogB_Task-2.mat,B,Task-2,L,F3,42,0.61328125,36.706492,13.817778,58.288791
VisualCogB_Task-2.mat,B,Task-2,L,F3,42,0.6171875,37.736816,14.789143,59.216631
VisualCogB_Task-2.mat,B,Task-2,L,F3,42,0.62109375,38.67593,15.876379,60.17246
VisualCogB_Task-2.mat,B,Task-2,L,F3,42,0.625,39.550074,16.604732,61.503146
VisualCogB_Task-2.mat,B,Task-2,L,F3,42,0.62890625,40.384863,16.963292,62.716641
VisualCogB_Task-2.mat,B,Task-2,L,F3,42,0.6328125,41.16341,17.563338,63.812854
VisualCogB_Task-2.mat,B,Task-2,L,F3,42,0.63671875,41.832294,18.128035,64.451284
VisualCogB_Task-2.mat,B,Task-2,L,F3,42,0.640625,42.327062,18.685201,65.33664
VisualCogB_Task-2.mat,B,Task-2,L,F3,42,0.64453125,42.681709,19.11092,66.175489
VisualCogB_Task-2.mat,B,Task-2,L,F3,42,0.6484375,42.915463,18.962911,66.565005
VisualCogB_Task-2.mat,B,Task-2,L,F3,42,0.65234375,42.998402,18.625902,66.918655
VisualCogB_Task-2.mat,B,Task-2,L,F3,42,0.65625,42.963108,18.456934,67.293786
VisualCogB_Task-2.mat,B,Task-2,L,F3,42,0.66015625,42.846655,17.9186,67.384004
VisualCogB_Task-2.mat,B,Task-2,L,F3,42,0.6640625,42.677671,17.428861,67.127779
VisualCogB_Task-2.mat,B,Task-2,L,F3,42,0.66796875,42.464093,16.965884,67.081352
VisualCogB_Task-2.mat,B,Task-2,L,F3,42,0.671875,42.183125,16.26568,66.879917
VisualCogB_Task-2.mat,B,Task-2,L,F3,42,0.67578125,41.810673,15.573451,66.504132
VisualCogB_Task-2.mat,B,Task-2,L,F3,42,0.6796875,41.323283,14.990817,65.877536
VisualCogB_Task-2.mat,B,Task-2,L,F3,42,0.68359375,40.721799,14.377374,65.045958
VisualCogB_Task-2.mat,B,Task-2,L,F3,42,0.6875,40.015605,13.792828,64.19321
VisualCogB_Task-2.mat,B,Task-2,L,F3,42,0.69140625,39.210894,12.997089,63.262411
VisualCogB_Task-2.mat,B,Task-2,L,F3,42,0.6953125,38.385236,12.427965,62.524361
VisualCogB_Task-2.mat,B,Task-2,L,F3,42,0.69921875,37.561182,11.909202,61.711414
VisualCogB_Task-2.mat,B,Task-2,L,F3,42,0.703125,36.776133,11.36994,60.226081
VisualCogB_Task-2.mat,B,Task-2,L,F3,42,0.70703125,35.995759,10.726191,59.20048
VisualCogB_Task-2.mat,B,Task-2,L,F3,42,0.7109375,35.231119,9.875391,58.269157
VisualCogB_Task-2.mat,B,Task-2,L,F3,42,0.71484375,34.51267,9.3614839,57.09854
VisualCogB_Task-2.mat,B,Task-2,L,F3,42,0.71875,33.803959,8.9199059,56.097366
VisualCogB_Task-2.mat,B,Task-2,L,F3,42,0.72265625,33.09089,8.1171987,55.587588
VisualCogB_Task-2.mat,B,Task-2,L,F3,42,0.7265625,32.370219,7.2423928,54.827285
VisualCogB_Task-2.mat,B,Task-2,L,F3,42,0.73046875,31.630291,6.601838,53.897478
VisualCogB_Task-2.mat,B,Task-2,L,F3,42,0.734375,30.936366,5.9894766,53.30701
VisualCogB_Task-2.mat,B,Task-2,L,F3,42,0.73828125,30.296874,5.3650907,53.092688
VisualCogB_Task-2.mat,B,Task-2,L,F3,42,0.7421875,29.698628,4.6692406,53.098245
VisualCogB_Task-2.mat,B,Task-2,L,F3,42,0.74609375,29.141259,4.0198724,52.335026
VisualCogB_Task-2.mat,B,Task-2,L,F3,42,0.75,28.58134,3.3773847,51.528835
VisualCogB_Task-2.mat,B,Task-2,L,F3,42,0.75390625,27.966408,2.6948016,51.312955
VisualCogB_Task-2.mat,B,Task-2,L,F3,42,0.7578125,27.332777,1.9293226,50.732026
VisualCogB_Task-2.mat,B,Task-2,L,F3,42,0.76171875,26.688824,1.1162624,50.190633
VisualCogB_Task-2.mat,B,Task-2,L,F3,42,0.765625,26.046426,0.32874585,49.814423
VisualCogB_Task-2.mat,B,Task-2,L,F3,42,0.76953125,25.38809,-0.36839923,49.197939
VisualCogB_Task-2.mat,B,Task-2,L,F3,42,0.7734375,24.758009,-0.93238657,48.728086
VisualCogB_Task-2.mat,B,Task-2,L,F3,42,0.77734375,24.174036,-1.5458112,48.249925
VisualCogB_Task-2.mat,B,Task-2,L,F3,42,0.78125,23.639207,-2.2881505,47.859879
VisualCogB_Task-2.mat,B,Task-2,L,F3,42,0.78515625,23.138031,-2.8846794,47.631648
VisualCogB_Task-2.mat,B,Task-2,L,F3,42,0.7890625,22.669267,-3.0968023,47.361009
VisualCogB_Task-2.mat,B,Task-2,L,F3,42,0.79296875,22.247116,-3.5689995,47.012198
VisualCogB_Task-2.mat,B,Task-2,L,F3,42,0.796875,21.865286,-3.8545726,46.632432
VisualCogB_Task-2.mat,B,Task-2,L,F3,42,0.80078125,21.543806,-4.1205762,46.291072
VisualCogB_Task-2.mat,B,Task-2,L,F3,42,0.8046875,21.292525,-4.5377502,46.412077
VisualCogB_Task-2.mat,B,Task-2,L,F3,42,0.80859375,21.087512,-4.7436865,46.461253
VisualCogB_Task-2.mat,B,Task-2,L,F3,42,0.8125,20.957454,-4.8770074,46.407826
VisualCogB_Task-2.mat,B,Task-2,L,F3,42,0.81640625,20.859557,-4.980052,46.18428
VisualCogB_Task-2.mat,B,Task-2,L,F3,42,0.8203125,20.783464,-5.0219281,46.372032
VisualCogB_Task-2.mat,B,Task-2,L,F3,42,0.82421875,20.706215,-5.0559705,46.569398
VisualCogB_Task-2.mat,B,Task-2,L,F3,42,0.828125,20.659968,-5.0617262,46.524785
VisualCogB_Task-2.mat,B,Task-2,L,F3,42,0.83203125,20.611749,-4.7897014,46.330665
VisualCogB_Task-2.mat,B,Task-2,L,F3,42,0.8359375,20.548377,-4.4757414,45.981026
VisualCogB_Task-2.mat,B,Task-2,L,F3,42,0.83984375,20.481901,-4.161435,45.559375
VisualCogB_Task-2.mat,B,Task-2,L,F3,42,0.84375,20.399029,-3.7935602,44.955208
VisualCogB_Task-2.mat,B,Task-2,L,F3,42,0.84765625,20.348336,-3.8733181,44.539419
VisualCogB_Task-2.mat,B,Task-2,L,F3,42,0.8515625,20.344186,-3.8092367,44.186132
VisualCogB_Task-2.mat,B,Task-2,L,F3,42,0.85546875,20.362791,-3.301063,44.000848
VisualCogB_Task-2.mat,B,Task-2,L,F3,42,0.859375,20.396367,-3.0731514,43.714372
VisualCogB_Task-2.mat,B,Task-2,L,F3,42,0.86328125,20.423789,-2.7516386,43.435141
VisualCogB_Task-2.mat,B,Task-2,L,F3,42,0.8671875,20.441843,-2.2174648,43.109219
VisualCogB_Task-2.mat,B,Task-2,L,F3,42,0.87109375,20.442625,-2.2081788,42.66564
VisualCogB_Task-2.mat,B,Task-2,L,F3,42,0.875,20.435169,-2.7064036,42.278153
VisualCogB_Task-2.mat,B,Task-2,L,F3,42,0.87890625,20.396573,-2.9478513,42.060876
VisualCogB_Task-2.mat,B,Task-2,L,F3,42,0.8828125,20.329112,-3.1538822,41.931972
VisualCogB_Task-2.mat,B,Task-2,L,F3,42,0.88671875,20.238352,-3.4957916,41.960132
VisualCogB_Task-2.mat,B,Task-2,L,F3,42,0.890625,20.123718,-3.8453105,41.713226
VisualCogB_Task-2.mat,B,Task-2,L,F3,42,0.89453125,19.96417,-4.1263118,41.348327
VisualCogB_Task-2.mat,B,Task-2,L,F3,42,0.8984375,19.732997,-4.446055,40.887834
VisualCogB_Task-2.mat,B,Task-2,L,F3,42,0.90234375,19.399752,-4.7467824,40.399548
VisualCogB_Task-2.mat,B,Task-2,L,F3,42,0.90625,18.95458,-4.9825451,40.386152
VisualCogB_Task-2.mat,B,Task-2,L,F3,42,0.91015625,18.380298,-5.2423612,39.848768
VisualCogB_Task-2.mat,B,Task-2,L,F3,42,0.9140625,17.676992,-5.5525304,39.044196
VisualCogB_Task-2.mat,B,Task-2,L,F3,42,0.91796875,16.865756,-6.2185106,38.236284
VisualCogB_Task-2.mat,B,Task-2,L,F3,42,0.921875,15.936013,-7.0058987,37.55353
VisualCogB_Task-2.mat,B,Task-2,L,F3,42,0.92578125,14.894752,-8.6959507,36.897076
VisualCogB_Task-2.mat,B,Task-2,L,F3,42,0.9296875,13.740987,-10.341535,35.997561
VisualCogB_Task-2.mat,B,Task-2,L,F3,42,0.93359375,12.445612,-11.477258,34.870962
VisualCogB_Task-2.mat,B,Task-2,L,F3,42,0.9375,11.041462,-12.843015,33.844147
VisualCogB_Task-2.mat,B,Task-2,L,F3,42,0.94140625,9.5261804,-14.52487,32.548889
VisualCogB_Task-2.mat,B,Task-2,L,F3,42,0.9453125,7.9754679,-16.169382,30.85744
VisualCogB_Task-2.mat,B,Task-2,L,F3,42,0.94921875,6.4057239,-17.800433,29.136624
VisualCogB_Task-2.mat,B,Task-2,L,F3,42,0.953125,4.833348,-19.530384,27.863968
VisualCogB_Task-2.mat,B,Task-2,L,F3,42,0.95703125,3.2747398,-21.073902,26.552798
VisualCogB_Task-2.mat,B,Task-2,L,F3,42,0.9609375,1.7462986,-22.419007,25.047225
VisualCogB_Task-2.mat,B,Task-2,L,F3,42,0.96484375,0.26442413,-23.790742,23.400318
VisualCogB_Task-2.mat,B,Task-2,L,F3,42,0.96875,-1.1544843,-25.197737,21.793677
VisualCogB_Task-2.mat,B,Task-2,L,F3,42,0.97265625,-2.4940271,-26.249119,20.316755
VisualCogB_Task-2.mat,B,Task-2,L,F3,42,0.9765625,-3.7378047,-27.346125,19.16305
VisualCogB_Task-2.mat,B,Task-2,L,F3,42,0.98046875,-4.8694178,-28.461804,18.046745
VisualCogB_Task-2.mat,B,Task-2,L,F3,42,0.984375,-5.8724668,-29.2991,16.877098
VisualCogB_Task-2.mat,B,Task-2,L,F3,42,0.98828125,-6.7305521,-29.96043,15.589597
VisualCogB_Task-2.mat,B,Task-2,L,F3,42,0.9921875,-7.4272743,-30.415208,14.85323
VisualCogB_Task-2.mat,B,Task-2,L,F3,42,0.99609375,-7.946234,-30.763862,14.271783
VisualCogB_Task-2.mat,B,Task-2,L,F4,42,-0.5,12.941711,-0.84607772,27.054044
VisualCogB_Task-2.mat,B,Task-2,L,F4,42,-0.49609375,12.785779,-1.0626944,26.315957
VisualCogB_Task-2.mat,B,Task-2,L,F4,42,-0.4921875,12.669489,-0.75527166,25.690636
VisualCogB_Task-2.mat,B,Task-2,L,F4,42,-0.48828125,12.589951,-0.60450269,25.177833
VisualCogB_Task-2.mat,B,Task-2,L,F4,42,-0.484375,12.544272,-0.35446967,24.883753
VisualCogB_Task-2.mat,B,Task-2,L,F4,42,-0.48046875,12.529563,-0.29847072,24.614967
VisualCogB_Task-2.mat,B,Task-2,L,F4,42,-0.4765625,12.542932,-0.096551357,24.201939
VisualCogB_Task-2.mat,B,Task-2,L,F4,42,-0.47265625,12.581487,0.073064184,24.089341
VisualCogB_Task-2.mat,B,Task-2,L,F4,42,-0.46875,12.642339,0.31837771,23.857443
VisualCogB_Task-2.mat,B,Task-2,L,F4,42,-0.46484375,12.722595,0.56981298,23.785898
VisualCogB_Task-2.mat,B,Task-2,L,F4,42,-0.4609375,12.819365,0.90370359,23.824623
VisualCogB_Task-2.mat,B,Task-2,L,F4,42,-0.45703125,12.929758,1.1833006,23.688326
VisualCogB_Task-2.mat,B,Task-2,L,F4,42,-0.453125,13.050882,1.5024768,23.52926
VisualCogB_Task-2.mat,B,Task-2,L,F4,42,-0.44921875,13.179847,1.7223812,23.533669
VisualCogB_Task-2.mat,B,Task-2,L,F4,42,-0.4453125,13.313762,1.6800152,23.598811
VisualCogB_Task-2.mat,B,Task-2,L,F4,42,-0.44140625,13.449734,1.7906131,23.564538
VisualCogB_Task-2.mat,B,Task-2,L,F4,42,-0.4375,13.562847,2.0817976,23.559289
VisualCogB_Task-2.mat,B,Task-2,L,F4,42,-0.43359375,13.669807,2.4067137,23.624699
VisualCogB_Task-2.mat,B,Task-2,L,F4,42,-0.4296875,13.779968,2.8631149,23.724738
VisualCogB_Task-2.mat,B,Task-2,L,F4,42,-0.42578125,13.885467,3.1601739,23.855166
VisualCogB_Task-2.mat,B,Task-2,L,F4,42,-0.421875,13.976892,3.3903525,23.742176
VisualCogB_Task-2.mat,B,Task-2,L,F4,42,-0.41796875,14.050368,3.4080025,23.621782
VisualCogB_Task-2.mat,B,Task-2,L,F4,42,-0.4140625,14.099517,3.4300072,23.517804
VisualCogB_Task-2.mat,B,Task-2,L,F4,42,-0.41015625,14.109848,3.445949,23.473998
VisualCogB_Task-2.mat,B,Task-2,L,F4,42,-0.40625,14.095696,3.5776748,23.410386
VisualCogB_Task-2.mat,B,Task-2,L,F4,42,-0.40234375,14.099113,3.775426,23.357967
VisualCogB_Task-2.mat,B,Task-2,L,F4,42,-0.3984375,14.092435,3.9338228,23.202926
VisualCogB_Task-2.mat,B,Task-2,L,F4,42,-0.39453125,14.058478,4.0911417,22.937414
VisualCogB_Task-2.mat,B,Task-2,L,F4,42,-0.390625,13.981953,4.2731432,22.773117
VisualCogB_Task-2.mat,B,Task-2,L,F4,42,-0.38671875,13.860611,4.373354,22.69645
VisualCogB_Task-2.mat,B,Task-2,L,F4,42,-0.3828125,13.705439,4.4861677,22.600107
VisualCogB_Task-2.mat,B,Task-2,L,F4,42,-0.37890625,13.515803,4.5249563,22.513046
VisualCogB_Task-2.mat,B,Task-2,L,F4,42,-0.375,13.279025,4.4635846,22.354667
VisualCogB_Task-2.mat,B,Task-2,L,F4,42,-0.37109375,13.010579,4.2550494,22.066703
VisualCogB_Task-2.mat,B,Task-2,L,F4,42,-0.3671875,12.717962,3.9824365,21.720914
VisualCogB_Task-2.mat,B,Task-2,L,F4,42,-0.36328125,12.412168,3.6155712,21.382219
VisualCogB_Task-2.mat,B,Task-2,L,F4,42,-0.359375,12.111502,3.1329739,21.126915
VisualCogB_Task-2.mat,B,Task-2,L,F4,42,-0.35546875,11.828344,2.8512586,20.921928
VisualCogB_Task-2.mat,B,Task-2,L,F4,42,-0.3515625,11.582559,2.8292266,20.717936
VisualCogB_Task-2.mat,B,Task-2,L,F4,42,-0.34765625,11.375185,2.208132,20.579716
VisualCogB_Task-2.mat,B,Task-2,L,F4,42,-0.34375,11.207437,1.6389693,20.341173
VisualCogB_Task-2.mat,B,Task-2,L,F4,42,-0.33984375,11.083401,1.2532308,20.339917
VisualCogB_Task-2.mat,B,Task-2,L,F4,42,-0.3359375,10.994892,1.2020151,20.394412
VisualCogB_Task-2.mat,B,Task-2,L,F4,42,-0.33203125,10.934965,1.2150163,20.679356
VisualCogB_Task-2.mat,B,Task-2,L,F4,42,-0.328125,10.880932,1.1526329,20.792116
VisualCogB_Task-2.mat,B,Task-2,L,F4,42,-0.32421875,10.821604,1.0973347,20.51866
VisualCogB_Task-2.mat,B,Task-2,L,F4,42,-0.3203125,10.761611,0.92111436,20.221995
VisualCogB_Task-2.mat,B,Task-2,L,F4,42,-0.31640625,10.700057,0.76913875,20.033127
VisualCogB_Task-2.mat,B,Task-2,L,F4,42,-0.3125,10.643102,0.63620594,20.013758
VisualCogB_Task-2.mat,B,Task-2,L,F4,42,-0.30859375,10.583784,0.55299644,20.085883
VisualCogB_Task-2.mat,B,Task-2,L,F4,42,-0.3046875,10.53935,0.61771599,20.089569
VisualCogB_Task-2.mat,B,Task-2,L,F4,42,-0.30078125,10.522678,0.64567418,19.941178
VisualCogB_Task-2.mat,B,Task-2,L,F4,42,-0.296875,10.533954,0.89344957,19.803692
VisualCogB_Task-2.mat,B,Task-2,L,F4,42,-0.29296875,10.571873,1.1924691,19.429831
VisualCogB_Task-2.mat,B,Task-2,L,F4,42,-0.2890625,10.619586,1.6142524,19.269198
VisualCogB_Task-2.mat,B,Task-2,L,F4,42,-0.28515625,10.649302,2.0861545,19.13104
VisualCogB_Task-2.mat,B,Task-2,L,F4,42,-0.28125,10.628592,2.4216229,18.967649
VisualCogB_Task-2.mat,B,Task-2,L,F4,42,-0.27734375,10.547393,2.5808206,18.779773
VisualCogB_Task-2.mat,B,Task-2,L,F4,42,-0.2734375,10.413143,2.7489987,18.506107
VisualCogB_Task-2.mat,B,Task-2,L,F4,42,-0.26953125,10.235975,2.7572017,17.942648
VisualCogB_Task-2.mat,B,Task-2,L,F4,42,-0.265625,10.043097,2.633509,17.65438
VisualCogB_Task-2.mat,B,Task-2,L,F4,42,-0.26171875,9.841883,2.6894022,17.422287
VisualCogB_Task-2.mat,B,Task-2,L,F4,42,-0.2578125,9.6490437,2.4847555,16.878097
VisualCogB_Task-2.mat,B,Task-2,L,F4,42,-0.25390625,9.4764718,2.4303369,16.413014
VisualCogB_Task-2.mat,B,Task-2,L,F4,42,-0.25,9.3137822,2.4230538,15.983094
VisualCogB_Task-2.mat,B,Task-2,L,F4,42,-0.24609375,9.1422722,2.4112121,15.646368
VisualCogB_Task-2.mat,B,Task-2,L,F4,42,-0.2421875,8.9515746,2.2791014,15.380479
VisualCogB_Task-2.mat,B,Task-2,L,F4,42,-0.23828125,8.7320805,2.0750923,15.043038
VisualCogB_Task-2.mat,B,Task-2,L,F4,42,-0.234375,8.4875166,2.213495,14.69531
VisualCogB_Task-2.mat,B,Task-2,L,F4,42,-0.23046875,8.2230283,2.2979439,14.23265
VisualCogB_Task-2.mat,B,Task-2,L,F4,42,-0.2265625,7.9622972,2.2586722,13.714559
VisualCogB_Task-2.mat,B,Task-2,L,F4,42,-0.22265625,7.7074725,2.1327872,13.028503
VisualCogB_Task-2.mat,B,Task-2,L,F4,42,-0.21875,7.4514342,2.0790937,12.528794
VisualCogB_Task-2.mat,B,Task-2,L,F4,42,-0.21484375,7.1818357,1.9268301,12.22083
VisualCogB_Task-2.mat,B,Task-2,L,F4,42,-0.2109375,6.8886451,1.7744919,11.832094
VisualCogB_Task-2.mat,B,Task-2,L,F4,42,-0.20703125,6.5850324,1.5164571,11.428946
VisualCogB_Task-2.mat,B,Task-2,L,F4,42,-0.203125,6.2828151,1.4638432,10.996161
VisualCogB_Task-2.mat,B,Task-2,L,F4,42,-0.19921875,5.9768708,1.3175151,10.657443
VisualCogB_Task-2.mat,B,Task-2,L,F4,42,-0.1953125,5.6657675,1.1982305,10.252809
VisualCogB_Task-2.mat,B,Task-2,L,F4,42,-0.19140625,5.341409,1.1791807,9.7023135
VisualCogB_Task-2.mat,B,Task-2,L,F4,42,-0.1875,5.0304791,1.0777275,9.1280962
VisualCogB_Task-2.mat,B,Task-2,L,F4,42,-0.18359375,4.7504225,1.0603398,8.5703892
VisualCogB_Task-2.mat,B,Task-2,L,F4,42,-0.1796875,4.4982921,1.0740265,8.1165377
VisualCogB_Task-2.mat,B,Task-2,L,F4,42,-0.17578125,4.2640459,1.0758897,7.8757907
VisualCogB_Task-2.mat,B,Task-2,L,F4,42,-0.171875,4.0374637,1.0615245,7.4234774
VisualCogB_Task-2.mat,B,Task-2,L,F4,42,-0.16796875,3.8311398,0.86255649,7.0230441
VisualCogB_Task-2.mat,B,Task-2,L,F4,42,-0.1640625,3.6423376,0.72256963,6.8440311
VisualCogB_Task-2.mat,B,Task-2,L,F4,42,-0.16015625,3.4784293,0.69106231,6.73884
VisualCogB_Task-2.mat,B,Task-2,L,F4,42,-0.15625,3.3375799,0.77238401,6.5154085
VisualCogB_Task-2.mat,B,Task-2,L,F4,42,-0.15234375,3.2210966,0.72260535,6.1819004
VisualCogB_Task-2.mat,B,Task-2,L,F4,42,-0.1484375,3.1273205,0.76795862,5.9249497
VisualCogB_Task-2.mat,B,Task-2,L,F4,42,-0.14453125,3.0548786,0.8711597,5.7181564
VisualCogB_Task-2.mat,B,Task-2,L,F4,42,-0.140625,2.9901848,0.83821289,5.3778026
VisualCogB_Task-2.mat,B,Task-2,L,F4,42,-0.13671875,2.8912654,0.8616842,5.1849171
VisualCogB_Task-2.mat,B,Task-2,L,F4,42,-0.1328125,2.731298,0.73819814,4.8191573
VisualCogB_Task-2.mat,B,Task-2,L,F4,42,-0.12890625,2.4967414,0.54871819,4.4930817
VisualCogB_Task-2.mat,B,Task-2,L,F4,42,-0.125,2.198761,0.29861647,4.0879819
VisualCogB_Task-2.mat,B,Task-2,L,F4,42,-0.12109375,1.8554605,-0.08699434,3.6615795
VisualCogB_Task-2.mat,B,Task-2,L,F4,42,-0.1171875,1.4831095,-0.43529075,3.1877914
VisualCogB_Task-2.mat,B,Task-2,L,F4,42,-0.11328125,1.0964224,-0.67468875,2.7216255
VisualCogB_Task-2.mat,B,Task-2,L,F4,42,-0.109375,0.70289561,-0.97333427,2.3209605
VisualCogB_Task-2.mat,B,Task-2,L,F4,42,-0.10546875,0.30398466,-1.3902358,1.9723743
VisualCogB_Task-2.mat,B,Task-2,L,F4,42,-0.1015625,-0.10237948,-1.7044046,1.5236774
VisualCogB_Task-2.mat,B,Task-2,L,F4,42,-0.09765625,-0.51452384,-2.1800541,1.0836362
VisualCogB_Task-2.mat,B,Task-2,L,F4,42,-0.09375,-0.91678292,-2.5644352,0.5990259
VisualCogB_Task-2.mat,B,Task-2,L,F4,42,-0.08984375,-1.3073477,-2.9148474,0.13469474
VisualCogB_Task-2.mat,B,Task-2,L,F4,42,-0.0859375,-1.6876359,-3.3083371,-0.20382611
VisualCogB_Task-2.mat,B,Task-2,L,F4,42,-0.08203125,-2.0498171,-3.668298,-0.4298815
VisualCogB_Task-2.mat,B,Task-2,L,F4,42,-0.078125,-2.3796954,-4.0078537,-0.67516802
VisualCogB_Task-2.mat,B,Task-2,L,F4,42,-0.07421875,-2.6576415,-4.4358938,-0.78932764
VisualCogB_Task-2.mat,B,Task-2,L,F4,42,-0.0703125,-2.8706304,-4.6850262,-0.91810654
VisualCogB_Task-2.mat,B,Task-2,L,F4,42,-0.06640625,-3.0252182,-5.0817954,-1.0260987
VisualCogB_Task-2.mat,B,Task-2,L,F4,42,-0.0625,-3.1224082,-5.4832932,-0.96969554
VisualCogB_Task-2.mat,B,Task-2,L,F4,42,-0.05859375,-3.1873512,-5.6536327,-0.88278881
VisualCogB_Task-2.mat,B,Task-2,L,F4,42,-0.0546875,-3.2299161,-5.7673929,-0.76806123
VisualCogB_Task-2.mat,B,Task-2,L,F4,42,-0.05078125,-3.2592467,-5.9209678,-0.70335096
VisualCogB_Task-2.mat,B,Task-2,L,F4,42,-0.046875,-3.2757298,-6.2067934,-0.59539976
VisualCogB_Task-2.mat,B,Task-2,L,F4,42,-0.04296875,-3.2946309,-6.4361546,-0.46197752
VisualCogB_Task-2.mat,B,Task-2,L,F4,42,-0.0390625,-3.3331181,-6.689005,-0.27262743
VisualCogB_Task-2.mat,B,Task-2,L,F4,42,-0.03515625,-3.4021573,-7.0541786,-0.18745477
VisualCogB_Task-2.mat,B,Task-2,L,F4,42,-0.03125,-3.510563,-7.3258637,-0.22459159
VisualCogB_Task-2.mat,B,Task-2,L,F4,42,-0.02734375,-3.6640561,-7.6953165,-0.30020406
VisualCogB_Task-2.mat,B,Task-2,L,F4,42,-0.0234375,-3.8792261,-8.1129019,-0.29907049
VisualCogB_Task-2.mat,B,Task-2,L,F4,42,-0.01953125,-4.1686112,-8.5062436,-0.42192888
VisualCogB_Task-2.mat,B,Task-2,L,F4,42,-0.015625,-4.5149928,-9.0367428,-0.58009323
VisualCogB_Task-2.mat,B,Task-2,L,F4,42,-0.01171875,-4.8990953,-9.545437,-0.84071592
VisualCogB_Task-2.mat,B,Task-2,L,F4,42,-0.0078125,-5.3096939,-10.184475,-0.95118479
VisualCogB_Task-2.mat,B,Task-2,L,F4,42,-0.00390625,-5.7456684,-10.817757,-1.1775878
VisualCogB_Task-2.mat,B,Task-2,L,F4,42,0,-6.2044755,-11.47786,-1.3958902
VisualCogB_Task-2.mat,B,Task-2,L,F4,42,0.00390625,-6.6577745,-12.087695,-1.6284748
VisualCogB_Task-2.mat,B,Task-2,L,F4,42,0.0078125,-7.0967739,-12.495268,-1.8451804
VisualCogB_Task-2.mat,B,Task-2,L,F4,42,0.01171875,-7.5128369,-13.01977,-2.1201726
VisualCogB_Task-2.mat,B,Task-2,L,F4,42,0.015625,-7.9097524,-13.623145,-2.4545534
VisualCogB_Task-2.mat,B,Task-2,L,F4,42,0.01953125,-8.2932363,-14.102904,-2.7874258
VisualCogB_Task-2.mat,B,Task-2,L,F4,42,0.0234375,-8.6591247,-14.493017,-3.0005679
VisualCogB_Task-2.mat,B,Task-2,L,F4,42,0.02734375,-8.9818252,-14.843022,-3.2140862
VisualCogB_Task-2.mat,B,Task-2,L,F4,42,0.03125,-9.2874025,-15.32493,-3.3136603
VisualCogB_Task-2.mat,B,Task-2,L,F4,42,0.03515625,-9.5352377,-15.766231,-3.4691506
VisualCogB_Task-2.mat,B,Task-2,L,F4,42,0.0390625,-9.7311456,-16.128934,-3.4016003
VisualCogB_Task-2.mat,B,Task-2,L,F4,42,0.04296875,-9.8859023,-16.473147,-3.4650021
VisualCogB_Task-2.mat,B,Task-2,L,F4,42,0.046875,-10.018536,-16.798713,-3.616466
VisualCogB_Task-2.mat,B,Task-2,L,F4,42,0.05078125,-10.135583,-17.028942,-3.6669996
VisualCogB_Task-2.mat,B,Task-2,L,F4,42,0.0546875,-10.257348,-17.31017,-3.6646233
VisualCogB_Task-2.mat,B,Task-2,L,F4,42,0.05859375,-10.392758,-17.590868,-3.6106206
VisualCogB_Task-2.mat,B,Task-2,L,F4,42,0.0625,-10.529928,-17.861955,-3.5456234
VisualCogB_Task-2.mat,B,Task-2,L,F4,42,0.06640625,-10.663853,-18.126893,-3.4752703
VisualCogB_Task-2.mat,B,Task-2,L,F4,42,0.0703125,-10.815271,-18.395331,-3.4418053
VisualCogB_Task-2.mat,B,Task-2,L,F4,42,0.07421875,-11.011986,-18.996429,-3.5410257
VisualCogB_Task-2.mat,B,Task-2,L,F4,42,0.078125,-11.248055,-19.492409,-3.7672213
VisualCogB_Task-2.mat,B,Task-2,L,F4,42,0.08203125,-11.508216,-19.929001,-4.0105885
VisualCogB_Task-2.mat,B,Task-2,L,F4,42,0.0859375,-11.788305,-20.327445,-4.3128972
VisualCogB_Task-2.mat,B,Task-2,L,F4,42,0.08984375,-12.078513,-20.802494,-4.6801745
VisualCogB_Task-2.mat,B,Task-2,L,F4,42,0.09375,-12.388995,-21.120352,-5.0828908
VisualCogB_Task-2.mat,B,Task-2,L,F4,42,0.09765625,-12.736186,-21.430369,-5.467224
VisualCogB_Task-2.mat,B,Task-2,L,F4,42,0.1015625,-13.125607,-21.86259,-5.8030963
VisualCogB_Task-2.mat,B,Task-2,L,F4,42,0.10546875,-13.546721,-22.458722,-6.1446016
VisualCogB_Task-2.mat,B,Task-2,L,F4,42,0.109375,-13.956586,-22.879864,-6.4557574
VisualCogB_Task-2.mat,B,Task-2,L,F4,42,0.11328125,-14.35488,-23.478515,-6.6788207
VisualCogB_Task-2.mat,B,Task-2,L,F4,42,0.1171875,-14.73586,-24.072805,-6.9738727
VisualCogB_Task-2.mat,B,Task-2,L,F4,42,0.12109375,-15.094743,-24.80209,-7.2190623
VisualCogB_Task-2.mat,B,Task-2,L,F4,42,0.125,-15.43751,-25.610481,-7.1644612
VisualCogB_Task-2.mat,B,Task-2,L,F4,42,0.12890625,-15.783703,-26.242425,-7.2281516
VisualCogB_Task-2.mat,B,Task-2,L,F4,42,0.1328125,-16.1286,-26.824684,-7.3311624
VisualCogB_Task-2.mat,B,Task-2,L,F4,42,0.13671875,-16.485026,-27.272002,-7.4196723
VisualCogB_Task-2.mat,B,Task-2,L,F4,42,0.140625,-16.824175,-27.686147,-7.4968719
VisualCogB_Task-2.mat,B,Task-2,L,F4,42,0.14453125,-17.121353,-28.055707,-7.5722457
VisualCogB_Task-2.mat,B,Task-2,L,F4,42,0.1484375,-17.411253,-28.369341,-7.603072
VisualCogB_Task-2.mat,B,Task-2,L,F4,42,0.15234375,-17.659649,-28.650249,-7.4730957
VisualCogB_Task-2.mat,B,Task-2,L,F4,42,0.15625,-17.884414,-29.041537,-7.4339198
VisualCogB_Task-2.mat,B,Task-2,L,F4,42,0.16015625,-18.095736,-29.527035,-7.495905
VisualCogB_Task-2.mat,B,Task-2,L,F4,42,0.1640625,-18.313206,-30.034104,-7.523248
VisualCogB_Task-2.mat,B,Task-2,L,F4,42,0.16796875,-18.558586,-30.552659,-7.623991
VisualCogB_Task-2.mat,B,Task-2,L,F4,42,0.171875,-18.859091,-30.816676,-7.8956555
VisualCogB_Task-2.mat,B,Task-2,L,F4,42,0.17578125,-19.200995,-31.120626,-8.2093237
VisualCogB_Task-2.mat,B,Task-2,L,F4,42,0.1796875,-19.587541,-31.617259,-8.6500852
VisualCogB_Task-2.mat,B,Task-2,L,F4,42,0.18359375,-20.00946,-32.109298,-8.9302769
VisualCogB_Task-2.mat,B,Task-2,L,F4,42,0.1875,-20.456107,-32.548673,-9.2226872
VisualCogB_Task-2.mat,B,Task-2,L,F4,42,0.19140625,-20.892306,-32.921034,-9.6169434
VisualCogB_Task-2.mat,B,Task-2,L,F4,42,0.1953125,-21.298839,-33.206536,-10.008824
VisualCogB_Task-2.mat,B,Task-2,L,F4,42,0.19921875,-21.669763,-33.466401,-10.463804
VisualCogB_Task-2.mat,B,Task-2,L,F4,42,0.203125,-22.02354,-33.986061,-10.938402
VisualCogB_Task-2.mat,B,Task-2,L,F4,42,0.20703125,-22.383367,-34.475152,-11.505642
VisualCogB_Task-2.mat,B,Task-2,L,F4,42,0.2109375,-22.752118,-34.909665,-11.735457
VisualCogB_Task-2.mat,B,Task-2,L,F4,42,0.21484375,-23.081833,-35.332877,-11.839233
VisualCogB_Task-2.mat,B,Task-2,L,F4,42,0.21875,-23.364983,-35.733884,-12.155313
VisualCogB_Task-2.mat,B,Task-2,L,F4,42,0.22265625,-23.583003,-36.037037,-12.284705
VisualCogB_Task-2.mat,B,Task-2,L,F4,42,0.2265625,-23.723175,-36.443299,-12.23738
VisualCogB_Task-2.mat,B,Task-2,L,F4,42,0.23046875,-23.829525,-36.6361,-11.984888
VisualCogB_Task-2.mat,B,Task-2,L,F4,42,0.234375,-23.900427,-36.864554,-11.619368
VisualCogB_Task-2.mat,B,Task-2,L,F4,42,0.23828125,-23.925314,-37.112163,-11.221822
VisualCogB_Task-2.mat,B,Task-2,L,F4,42,0.2421875,-23.898265,-37.34701,-10.79104
VisualCogB_Task-2.mat,B,Task-2,L,F4,42,0.24609375,-23.830434,-37.566304,-10.354066
VisualCogB_Task-2.mat,B,Task-2,L,F4,42,0.25,-23.711651,-37.760642,-10.054465
VisualCogB_Task-2.mat,B,Task-2,L,F4,42,0.25390625,-23.555655,-37.923392,-9.7274129
VisualCogB_Task-2.mat,B,Task-2,L,F4,42,0.2578125,-23.36278,-38.019243,-9.3250273
VisualCogB_Task-2.mat,B,Task-2,L,F4,42,0.26171875,-23.178562,-37.983963,-8.6891093
VisualCogB_Task-2.mat,B,Task-2,L,F4,42,0.265625,-23.03545,-38.057008,-8.2137767
VisualCogB_Task-2.mat,B,Task-2,L,F4,42,0.26953125,-22.936246,-38.189083,-7.7925535
VisualCogB_Task-2.mat,B,Task-2,L,F4,42,0.2734375,-22.880911,-38.373427,-7.4882874
VisualCogB_Task-2.mat,B,Task-2,L,F4,42,0.27734375,-22.872728,-38.618521,-7.2978661
VisualCogB_Task-2.mat,B,Task-2,L,F4,42,0.28125,-22.913128,-38.779475,-7.1386423
VisualCogB_Task-2.mat,B,Task-2,L,F4,42,0.28515625,-22.989124,-38.930522,-7.0366282
VisualCogB_Task-2.mat,B,Task-2,L,F4,42,0.2890625,-23.091614,-39.010351,-7.0241383
VisualCogB_Task-2.mat,B,Task-2,L,F4,42,0.29296875,-23.203934,-39.107803,-6.931953
VisualCogB_Task-2.mat,B,Task-2,L,F4,42,0.296875,-23.324866,-39.221582,-6.9738011
VisualCogB_Task-2.mat,B,Task-2,L,F4,42,0.30078125,-23.461901,-39.407731,-7.0775824
VisualCogB_Task-2.mat,B,Task-2,L,F4,42,0.3046875,-23.635466,-39.59944,-7.3975735
VisualCogB_Task-2.mat,B,Task-2,L,F4,42,0.30859375,-23.864896,-39.815359,-7.8188481
VisualCogB_Task-2.mat,B,Task-2,L,F4,42,0.3125,-24.166238,-40.29718,-8.2296672
VisualCogB_Task-2.mat,B,Task-2,L,F4,42,0.31640625,-24.534693,-40.772941,-8.636719
VisualCogB_Task-2.mat,B,Task-2,L,F4,42,0.3203125,-24.957821,-41.087714,-9.0630982
VisualCogB_Task-2.mat,B,Task-2,L,F4,42,0.32421875,-25.411318,-41.449114,-9.4863481
VisualCogB_Task-2.mat,B,Task-2,L,F4,42,0.328125,-25.859452,-41.915857,-10.022543
VisualCogB_Task-2.mat,B,Task-2,L,F4,42,0.33203125,-26.271992,-42.309695,-10.396561
VisualCogB_Task-2.mat,B,Task-2,L,F4,42,0.3359375,-26.675206,-42.608965,-10.680303
VisualCogB_Task-2.mat,B,Task-2,L,F4,42,0.33984375,-27.056286,-42.974366,-10.860776
VisualCogB_Task-2.mat,B,Task-2,L,F4,42,0.34375,-27.416272,-43.53006,-10.919607
VisualCogB_Task-2.mat,B,Task-2,L,F4,42,0.34765625,-27.751754,-44.198192,-11.09883
VisualCogB_Task-2.mat,B,Task-2,L,F4,42,0.3515625,-28.088491,-44.682952,-11.407604
VisualCogB_Task-2.mat,B,Task-2,L,F4,42,0.35546875,-28.431878,-45.032542,-11.737906
VisualCogB_Task-2.mat,B,Task-2,L,F4,42,0.359375,-28.785401,-45.27009,-12.042716
VisualCogB_Task-2.mat,B,Task-2,L,F4,42,0.36328125,-29.160598,-45.488436,-12.448593
VisualCogB_Task-2.mat,B,Task-2,L,F4,42,0.3671875,-29.55945,-45.810011,-12.810176
VisualCogB_Task-2.mat,B,Task-2,L,F4,42,0.37109375,-29.998795,-46.202397,-13.2451
VisualCogB_Task-2.mat,B,Task-2,L,F4,42,0.375,-30.495192,-46.767576,-13.749981
VisualCogB_Task-2.mat,B,Task-2,L,F4,42,0.37890625,-31.039788,-47.333096,-14.317724
VisualCogB_Task-2.mat,B,Task-2,L,F4,42,0.3828125,-31.604029,-47.82867,-14.943939
VisualCogB_Task-2.mat,B,Task-2,L,F4,42,0.38671875,-32.192712,-48.29019,-15.617944
VisualCogB_Task-2.mat,B,Task-2,L,F4,42,0.390625,-32.779355,-48.802717,-16.368677
VisualCogB_Task-2.mat,B,Task-2,L,F4,42,0.39453125,-33.334745,-49.441606,-16.977443
VisualCogB_Task-2.mat,B,Task-2,L,F4,42,0.3984375,-33.843018,-50.113277,-17.481017
VisualCogB_Task-2.mat,B,Task-2,L,F4,42,0.40234375,-34.283243,-50.77862,-17.686799
VisualCogB_Task-2.mat,B,Task-2,L,F4,42,0.40625,-34.674524,-51.406847,-17.875432
VisualCogB_Task-2.mat,B,Task-2,L,F4,42,0.41015625,-35.046826,-51.812508,-18.393389
VisualCogB_Task-2.mat,B,Task-2,L,F4,42,0.4140625,-35.416562,-52.556434,-18.961433
VisualCogB_Task-2.mat,B,Task-2,L,F4,42,0.41796875,-35.809741,-53.220802,-19.53759
VisualCogB_Task-2.mat,B,Task-2,L,F4,42,0.421875,-36.225916,-53.878275,-19.920284
VisualCogB_Task-2.mat,B,Task-2,L,F4,42,0.42578125,-36.627405,-54.412515,-20.287032
VisualCogB_Task-2.mat,B,Task-2,L,F4,42,0.4296875,-36.969428,-54.782169,-20.472303
VisualCogB_Task-2.mat,B,Task-2,L,F4,42,0.43359375,-37.204139,-55.429192,-20.493958
VisualCogB_Task-2.mat,B,Task-2,L,F4,42,0.4375,-37.310668,-55.770419,-20.399957
VisualCogB_Task-2.mat,B,Task-2,L,F4,42,0.44140625,-37.267184,-55.876558,-20.37714
VisualCogB_Task-2.mat,B,Task-2,L,F4,42,0.4453125,-37.070393,-55.748885,-20.150604
VisualCogB_Task-2.mat,B,Task-2,L,F4,42,0.44921875,-36.721143,-55.300638,-19.499862
VisualCogB_Task-2.mat,B,Task-2,L,F4,42,0.453125,-36.231619,-54.798169,-18.701467
VisualCogB_Task-2.mat,B,Task-2,L,F4,42,0.45703125,-35.627904,-54.298715,-17.848837
VisualCogB_Task-2.mat,B,Task-2,L,F4,42,0.4609375,-34.918938,-53.637912,-16.988887
VisualCogB_Task-2.mat,B,Task-2,L,F4,42,0.46484375,-34.133862,-53.261171,-16.197234
VisualCogB_Task-2.mat,B,Task-2,L,F4,42,0.46875,-33.243533,-52.629666,-15.382707
VisualCogB_Task-2.mat,B,Task-2,L,F4,42,0.47265625,-32.25383,-51.567984,-14.428643
VisualCogB_Task-2.mat,B,Task-2,L,F4,42,0.4765625,-31.159595,-49.860209,-13.29291
VisualCogB_Task-2.mat,B,Task-2,L,F4,42,0.48046875,-29.932049,-48.886991,-12.249347
VisualCogB_Task-2.mat,B,Task-2,L,F4,42,0.484375,-28.575669,-47.867211,-11.183795
VisualCogB_Task-2.mat,B,Task-2,L,F4,42,0.48828125,-27.10172,-46.339542,-9.697389
VisualCogB_Task-2.mat,B,Task-2,L,F4,42,0.4921875,-25.504615,-44.618701,-8.214546
VisualCogB_Task-2.mat,B,Task-2,L,F4,42,0.49609375,-23.784783,-42.74022,-6.1987296
VisualCogB_Task-2.mat,B,Task-2,L,F4,42,0.5,-21.956298,-41.024265,-3.9134996
VisualCogB_Task-2.mat,B,Task-2,L,F4,42,0.50390625,-20.042927,-39.450542,-1.6247362
VisualCogB_Task-2.mat,B,Task-2,L,F4,42,0.5078125,-18.027634,-37.639736,0.55598266
VisualCogB_Task-2.mat,B,Task-2,L,F4,42,0.51171875,-15.908995,-35.710128,2.6378153
VisualCogB_Task-2.mat,B,Task-2,L,F4,42,0.515625,-13.68436,-33.396632,4.6859543
VisualCogB_Task-2.mat,B,Task-2,L,F4,42,0.51953125,-11.354342,-30.992154,7.3151284
VisualCogB_Task-2.mat,B,Task-2,L,F4,42,0.5234375,-8.9438321,-28.674762,9.8873994
VisualCogB_Task-2.mat,B,Task-2,L,F4,42,0.52734375,-6.460474,-26.488929,12.706927
VisualCogB_Task-2.mat,B,Task-2,L,F4,42,0.53125,-3.9232671,-24.375076,15.529617
VisualCogB_Task-2.mat,B,Task-2,L,F4,42,0.53515625,-1.352048,-22.031902,18.688454
VisualCogB_Task-2.mat,B,Task-2,L,F4,42,0.5390625,1.2471913,-19.260741,21.625015
VisualCogB_Task-2.mat,B,Task-2,L,F4,42,0.54296875,3.9223613,-16.645618,24.367247
VisualCogB_Task-2.mat,B,Task-2,L,F4,42,0.546875,6.6785575,-14.116138,27.144064
VisualCogB_Task-2.mat,B,Task-2,L,F4,42,0.55078125,9.506836,-12.271693,29.909029
VisualCogB_Task-2.mat,B,Task-2,L,F4,42,0.5546875,12.395654,-9.5811385,32.878294
VisualCogB_Task-2.mat,B,Task-2,L,F4,42,0.55859375,15.33694,-6.5083997,35.774897
VisualCogB_Task-2.mat,B,Task-2,L,F4,42,0.5625,18.289116,-3.4187243,38.699948
VisualCogB_Task-2.mat,B,Task-2,L,F4,42,0.56640625,21.212883,-0.30648904,41.818996
VisualCogB_Task-2.mat,B,Task-2,L,F4,42,0.5703125,24.079548,2.7362269,44.981105
VisualCogB_Task-2.mat,B,Task-2,L,F4,42,0.57421875,26.856678,5.1369533,47.70439
VisualCogB_Task-2.mat,B,Task-2,L,F4,42,0.578125,29.528947,7.4410664,50.381122
VisualCogB_Task-2.mat,B,Task-2,L,F4,42,0.58203125,32.092408,9.8281905,52.42785
VisualCogB_Task-2.mat,B,Task-2,L,F4,42,0.5859375,34.575988,12.290534,54.792375
VisualCogB_Task-2.mat,B,Task-2,L,F4,42,0.58984375,36.930933,14.504057,57.279202
VisualCogB_Task-2.mat,B,Task-2,L,F4,42,0.59375,39.198373,16.824969,59.680706
VisualCogB_Task-2.mat,B,Task-2,L,F4,42,0.59765625,41.395357,18.805533,61.829886
VisualCogB_Task-2.mat,B,Task-2,L,F4,42,0.6015625,43.525563,20.573644,64.262093
VisualCogB_Task-2.mat,B,Task-2,L,F4,42,0.60546875,45.581068,22.301239,66.09948
VisualCogB_Task-2.mat,B,Task-2,L,F4,42,0.609375,47.554894,23.907985,67.955626
VisualCogB_Task-2.mat,B,Task-2,L,F4,42,0.61328125,49.460733,25.647928,69.916761
VisualCogB_Task-2.mat,B,Task-2,L,F4,42,0.6171875,51.265788,27.300749,72.036051
VisualCogB_Task-2.mat,B,Task-2,L,F4,42,0.62109375,52.969571,28.788405,74.155754
VisualCogB_Task-2.mat,B,Task-2,L,F4,42,0.625,54.574967,30.540387,76.218069
VisualCogB_Task-2.mat,B,Task-2,L,F4,42,0.62890625,56.090208,31.868142,78.179006
VisualCogB_Task-2.mat,B,Task-2,L,F4,42,0.6328125,57.506956,33.390148,79.936336
VisualCogB_Task-2.mat,B,Task-2,L,F4,42,0.63671875,58.829899,34.205369,81.657296
VisualCogB_Task-2.mat,B,Task-2,L,F4,42,0.640625,60.047515,35.408897,83.391363
VisualCogB_Task-2.mat,B,Task-2,L,F4,42,0.64453125,61.158132,36.395017,85.000066
VisualCogB_Task-2.mat,B,Task-2,L,F4,42,0.6484375,62.082017,37.309842,86.370036
VisualCogB_Task-2.mat,B,Task-2,L,F4,42,0.65234375,62.81777,38.275504,87.476007
VisualCogB_Task-2.mat,B,Task-2,L,F4,42,0.65625,63.377584,38.987511,88.362268
VisualCogB_Task-2.mat,B,Task-2,L,F4,42,0.66015625,63.806006,39.68288,89.16004
VisualCogB_Task-2.mat,B,Task-2,L,F4,42,0.6640625,64.091447,40.166802,89.702136
VisualCogB_Task-2.mat,B,Task-2,L,F4,42,0.66796875,64.234787,40.373194,90.028644
VisualCogB_Task-2.mat,B,Task-2,L,F4,42,0.671875,64.239213,40.450441,90.193728
VisualCogB_Task-2.mat,B,Task-2,L,F4,42,0.67578125,64.074828,40.010233,90.056933
VisualCogB_Task-2.mat,B,Task-2,L,F4,42,0.6796875,63.733692,39.55997,89.942189
VisualCogB_Task-2.mat,B,Task-2,L,F4,42,0.68359375,63.241089,39.225098,89.536874
VisualCogB_Task-2.mat,B,Task-2,L,F4,42,0.6875,62.623963,38.737994,89.1734
VisualCogB_Task-2.mat,B,Task-2,L,F4,42,0.69140625,61.917973,38.069606,88.752332
VisualCogB_Task-2.mat,B,Task-2,L,F4,42,0.6953125,61.162274,37.156628,88.023572
VisualCogB_Task-2.mat,B,Task-2,L,F4,42,0.69921875,60.398987,36.444751,86.943856
VisualCogB_Task-2.mat,B,Task-2,L,F4,42,0.703125,59.625182,35.778968,85.869272
VisualCogB_Task-2.mat,B,Task-2,L,F4,42,0.70703125,58.87295,35.210299,84.622684
VisualCogB_Task-2.mat,B,Task-2,L,F4,42,0.7109375,58.163575,34.629785,83.468694
VisualCogB_Task-2.mat,B,Task-2,L,F4,42,0.71484375,57.49275,34.037454,82.238884
VisualCogB_Task-2.mat,B,Task-2,L,F4,42,0.71875,56.8741,33.513526,81.218777
VisualCogB_Task-2.mat,B,Task-2,L,F4,42,0.72265625,56.286127,32.873971,80.619592
VisualCogB_Task-2.mat,B,Task-2,L,F4,42,0.7265625,55.738736,32.572882,80.201307
VisualCogB_Task-2.mat,B,Task-2,L,F4,42,0.73046875,55.233561,32.474443,79.733178
VisualCogB_Task-2.mat,B,Task-2,L,F4,42,0.734375,54.739101,31.629117,79.396368
VisualCogB_Task-2.mat,B,Task-2,L,F4,42,0.73828125,54.300398,30.786921,79.443255
VisualCogB_Task-2.mat,B,Task-2,L,F4,42,0.7421875,53.899507,30.545302,79.231463
VisualCogB_Task-2.mat,B,Task-2,L,F4,42,0.74609375,53.536775,30.294541,78.49245
VisualCogB_Task-2.mat,B,Task-2,L,F4,42,0.75,53.199306,30.15863,77.459874
VisualCogB_Task-2.mat,B,Task-2,L,F4,42,0.75390625,52.895514,30.144114,76.8798
VisualCogB_Task-2.mat,B,Task-2,L,F4,42,0.7578125,52.603399,30.081599,76.476424
VisualCogB_Task-2.mat,B,Task-2,L,F4,42,0.76171875,52.287449,29.775377,76.402434
VisualCogB_Task-2.mat,B,Task-2,L,F4,42,0.765625,51.891349,29.300931,75.792663
VisualCogB_Task-2.mat,B,Task-2,L,F4,42,0.76953125,51.431041,28.56482,75.23214
VisualCogB_Task-2.mat,B,Task-2,L,F4,42,0.7734375,50.909553,27.793037,74.975084
VisualCogB_Task-2.mat,B,Task-2,L,F4,42,0.77734375,50.338289,26.510222,74.561457
VisualCogB_Task-2.mat,B,Task-2,L,F4,42,0.78125,49.724646,25.176653,74.229023
VisualCogB_Task-2.mat,B,Task-2,L,F4,42,0.78515625,49.079953,23.78907,73.745692
VisualCogB_Task-2.mat,B,Task-2,L,F4,42,0.7890625,48.430853,22.430558,73.057267
VisualCogB_Task-2.mat,B,Task-2,L,F4,42,0.79296875,47.796499,21.270988,72.521337
VisualCogB_Task-2.mat,B,Task-2,L,F4,42,0.796875,47.207653,20.230086,71.999723
VisualCogB_Task-2.mat,B,Task-2,L,F4,42,0.80078125,46.67958,19.319535,71.629681
VisualCogB_Task-2.mat,B,Task-2,L,F4,42,0.8046875,46.204165,18.777661,72.001807
VisualCogB_Task-2.mat,B,Task-2,L,F4,42,0.80859375,45.785286,18.207257,71.871741
VisualCogB_Task-2.mat,B,Task-2,L,F4,42,0.8125,45.412856,17.688871,72.347252
VisualCogB_Task-2.mat,B,Task-2,L,F4,42,0.81640625,45.082078,17.304172,72.605645
VisualCogB_Task-2.mat,B,Task-2,L,F4,42,0.8203125,44.774899,17.024143,72.637962
VisualCogB_Task-2.mat,B,Task-2,L,F4,42,0.82421875,44.500806,16.755202,73.022868
VisualCogB_Task-2.mat,B,Task-2,L,F4,42,0.828125,44.248936,16.437476,73.235568
VisualCogB_Task-2.mat,B,Task-2,L,F4,42,0.83203125,44.005803,16.243754,73.024299
VisualCogB_Task-2.mat,B,Task-2,L,F4,42,0.8359375,43.777102,15.777566,72.762143
VisualCogB_Task-2.mat,B,Task-2,L,F4,42,0.83984375,43.560914,15.056089,72.435568
VisualCogB_Task-2.mat,B,Task-2,L,F4,42,0.84375,43.360979,14.657595,72.070634
VisualCogB_Task-2.mat,B,Task-2,L,F4,42,0.84765625,43.183967,14.599017,71.670535
VisualCogB_Task-2.mat,B,Task-2,L,F4,42,0.8515625,43.036442,14.626117,71.237955
VisualCogB_Task-2.mat,B,Task-2,L,F4,42,0.85546875,42.935856,14.860676,70.767743
VisualCogB_Task-2.mat,B,Task-2,L,F4,42,0.859375,42.854137,14.732374,70.279129
VisualCogB_Task-2.mat,B,Task-2,L,F4,42,0.86328125,42.794131,14.919658,69.788401
VisualCogB_Task-2.mat,B,Task-2,L,F4,42,0.8671875,42.749465,14.889281,69.293093
VisualCogB_Task-2.mat,B,Task-2,L,F4,42,0.87109375,42.699775,14.874844,68.793786
VisualCogB_Task-2.mat,B,Task-2,L,F4,42,0.875,42.629603,14.931879,68.291942
VisualCogB_Task-2.mat,B,Task-2,L,F4,42,0.87890625,42.526044,14.662844,67.87432
VisualCogB_Task-2.mat,B,Task-2,L,F4,42,0.8828125,42.383266,14.427252,67.626626
VisualCogB_Task-2.mat,B,Task-2,L,F4,42,0.88671875,42.197702,14.039914,67.518352
VisualCogB_Task-2.mat,B,Task-2,L,F4,42,0.890625,41.978791,13.516273,67.451614
VisualCogB_Task-2.mat,B,Task-2,L,F4,42,0.89453125,41.728735,12.931898,67.344563
VisualCogB_Task-2.mat,B,Task-2,L,F4,42,0.8984375,41.436979,12.350323,67.171894
VisualCogB_Task-2.mat,B,Task-2,L,F4,42,0.90234375,41.100278,11.768713,66.987634
VisualCogB_Task-2.mat,B,Task-2,L,F4,42,0.90625,40.720821,11.171281,66.332158
VisualCogB_Task-2.mat,B,Task-2,L,F4,42,0.91015625,40.284413,10.551956,65.772897
VisualCogB_Task-2.mat,B,Task-2,L,F4,42,0.9140625,39.765902,9.8651879,65.338253
VisualCogB_Task-2.mat,B,Task-2,L,F4,42,0.91796875,39.149179,9.0701534,64.879327
VisualCogB_Task-2.mat,B,Task-2,L,F4,42,0.921875,38.427108,8.1168531,64.452634
VisualCogB_Task-2.mat,B,Task-2,L,F4,42,0.92578125,37.587844,6.9398463,64.040695
VisualCogB_Task-2.mat,B,Task-2,L,F4,42,0.9296875,36.631421,5.5797889,63.693582
VisualCogB_Task-2.mat,B,Task-2,L,F4,42,0.93359375,35.584068,4.3154627,62.943676
VisualCogB_Task-2.mat,B,Task-2,L,F4,42,0.9375,34.442082,3.0227364,62.172107
VisualCogB_Task-2.mat,B,Task-2,L,F4,42,0.94140625,33.233092,1.6715938,61.254984
VisualCogB_Task-2.mat,B,Task-2,L,F4,42,0.9453125,31.962144,0.30779997,60.210063
VisualCogB_Task-2.mat,B,Task-2,L,F4,42,0.94921875,30.634609,-1.0583731,58.956387
VisualCogB_Task-2.mat,B,Task-2,L,F4,42,0.953125,29.255859,-2.4447877,57.572154
VisualCogB_Task-2.mat,B,Task-2,L,F4,42,0.95703125,27.831263,-3.8718009,56.337849
VisualCogB_Task-2.mat,B,Task-2,L,F4,42,0.9609375,26.366193,-5.2261697,55.050486
VisualCogB_Task-2.mat,B,Task-2,L,F4,42,0.96484375,24.86602,-6.4944923,53.689497
VisualCogB_Task-2.mat,B,Task-2,L,F4,42,0.96875,23.336114,-7.6600742,52.164986
VisualCogB_Task-2.mat,B,Task-2,L,F4,42,0.97265625,21.781847,-8.7072973,50.628321
VisualCogB_Task-2.mat,B,Task-2,L,F4,42,0.9765625,20.208588,-9.7330958,49.182299
VisualCogB_Task-2.mat,B,Task-2,L,F4,42,0.98046875,18.62171,-11.011029,47.305738
VisualCogB_Task-2.mat,B,Task-2,L,F4,42,0.984375,17.026583,-11.741065,44.894753
VisualCogB_Task-2.mat,B,Task-2,L,F4,42,0.98828125,15.428578,-12.633947,43.000139
VisualCogB_Task-2.mat,B,Task-2,L,F4,42,0.9921875,13.833065,-13.483422,40.338537
VisualCogB_Task-2.mat,B,Task-2,L,F4,42,0.99609375,12.245415,-14.304854,37.783697
VisualCogB_Task-2.mat,B,Task-2,R,Fz,47,-0.5,8.2229199,-2.0149925,16.003616
VisualCogB_Task-2.mat,B,Task-2,R,Fz,47,-0.49609375,7.9279799,-2.1583228,15.859308
VisualCogB_Task-2.mat,B,Task-2,R,Fz,47,-0.4921875,7.6581577,-2.159961,15.765859
VisualCogB_Task-2.mat,B,Task-2,R,Fz,47,-0.48828125,7.4117688,-2.1758047,15.464118
VisualCogB_Task-2.mat,B,Task-2,R,Fz,47,-0.484375,7.1871286,-2.3108941,15.233
VisualCogB_Task-2.mat,B,Task-2,R,Fz,47,-0.48046875,6.9825527,-2.4497527,15.116191
VisualCogB_Task-2.mat,B,Task-2,R,Fz,47,-0.4765625,6.7963564,-2.6840456,15.024467
VisualCogB_Task-2.mat,B,Task-2,R,Fz,47,-0.47265625,6.6268553,-2.9705744,14.838663
VisualCogB_Task-2.mat,B,Task-2,R,Fz,47,-0.46875,6.4723649,-3.0461352,14.654356
VisualCogB_Task-2.mat,B,Task-2,R,Fz,47,-0.46484375,6.3312005,-3.0592611,14.500049
VisualCogB_Task-2.mat,B,Task-2,R,Fz,47,-0.4609375,6.2016777,-3.0866055,14.343607
VisualCogB_Task-2.mat,B,Task-2,R,Fz,47,-0.45703125,6.0821119,-3.1267979,14.182697
VisualCogB_Task-2.mat,B,Task-2,R,Fz,47,-0.453125,5.9708186,-3.0904904,14.014963
VisualCogB_Task-2.mat,B,Task-2,R,Fz,47,-0.44921875,5.8661132,-3.3229471,13.844066
VisualCogB_Task-2.mat,B,Task-2,R,Fz,47,-0.4453125,5.7663113,-3.4127983,13.656524
VisualCogB_Task-2.mat,B,Task-2,R,Fz,47,-0.44140625,5.6697283,-3.3398214,13.48896
VisualCogB_Task-2.mat,B,Task-2,R,Fz,47,-0.4375,5.5170042,-3.2763202,13.240572
VisualCogB_Task-2.mat,B,Task-2,R,Fz,47,-0.43359375,5.3936777,-3.1881527,12.859903
VisualCogB_Task-2.mat,B,Task-2,R,Fz,47,-0.4296875,5.277473,-3.1103347,12.550138
VisualCogB_Task-2.mat,B,Task-2,R,Fz,47,-0.42578125,5.1489924,-3.1458949,12.30244
VisualCogB_Task-2.mat,B,Task-2,R,Fz,47,-0.421875,5.0529878,-3.1809973,11.955615
VisualCogB_Task-2.mat,B,Task-2,R,Fz,47,-0.41796875,4.9754808,-3.163358,11.728059
VisualCogB_Task-2.mat,B,Task-2,R,Fz,47,-0.4140625,4.9189581,-3.0793131,11.553501
VisualCogB_Task-2.mat,B,Task-2,R,Fz,47,-0.41015625,4.848893,-2.8893193,11.406604
VisualCogB_Task-2.mat,B,Task-2,R,Fz,47,-0.40625,4.7605927,-2.7934393,11.185824
VisualCogB_Task-2.mat,B,Task-2,R,Fz,47,-0.40234375,4.6361294,-2.8623261,10.892523
VisualCogB_Task-2.mat,B,Task-2,R,Fz,47,-0.3984375,4.4885552,-2.9546266,10.642851
VisualCogB_Task-2.mat,B,Task-2,R,Fz,47,-0.39453125,4.3427598,-3.1125844,10.31243
VisualCogB_Task-2.mat,B,Task-2,R,Fz,47,-0.390625,4.1907441,-3.250186,10.076242
VisualCogB_Task-2.mat,B,Task-2,R,Fz,47,-0.38671875,4.0832062,-3.4636649,9.863165
VisualCogB_Task-2.mat,B,Task-2,R,Fz,47,-0.3828125,3.9701434,-3.6552661,9.8586133
VisualCogB_Task-2.mat,B,Task-2,R,Fz,47,-0.37890625,3.8925774,-3.6707948,9.7600723
VisualCogB_Task-2.mat,B,Task-2,R,Fz,47,-0.375,3.8288933,-3.6147327,9.8844919
VisualCogB_Task-2.mat,B,Task-2,R,Fz,47,-0.37109375,3.8170176,-3.784389,10.010917
VisualCogB_Task-2.mat,B,Task-2,R,Fz,47,-0.3671875,3.8310443,-3.9527669,10.089147
VisualCogB_Task-2.mat,B,Task-2,R,Fz,47,-0.36328125,3.8695632,-3.9681999,10.088306
VisualCogB_Task-2.mat,B,Task-2,R,Fz,47,-0.359375,3.9159255,-4.0328643,10.133695
VisualCogB_Task-2.mat,B,Task-2,R,Fz,47,-0.35546875,3.9540227,-3.9986829,10.145183
VisualCogB_Task-2.mat,B,Task-2,R,Fz,47,-0.3515625,4.0053411,-3.8556688,9.9791887
VisualCogB_Task-2.mat,B,Task-2,R,Fz,47,-0.34765625,4.0420558,-3.6474563,9.9570012
VisualCogB_Task-2.mat,B,Task-2,R,Fz,47,-0.34375,4.0617372,-3.2932482,9.9437485
VisualCogB_Task-2.mat,B,Task-2,R,Fz,47,-0.33984375,4.0624493,-3.166602,9.8378157
VisualCogB_Task-2.mat,B,Task-2,R,Fz,47,-0.3359375,4.0668542,-3.1062884,9.6841971
VisualCogB_Task-2.mat,B,Task-2,R,Fz,47,-0.33203125,4.0715384,-2.9699923,9.5634952
VisualCogB_Task-2.mat,B,Task-2,R,Fz,47,-0.328125,4.104981,-2.749243,9.5008737
VisualCogB_Task-2.mat,B,Task-2,R,Fz,47,-0.32421875,4.1690031,-2.4869371,9.4592212
VisualCogB_Task-2.mat,B,Task-2,R,Fz,47,-0.3203125,4.318827,-2.382836,9.4508092
VisualCogB_Task-2.mat,B,Task-2,R,Fz,47,-0.31640625,4.4978047,-2.2609662,9.4489337
VisualCogB_Task-2.mat,B,Task-2,R,Fz,47,-0.3125,4.6803483,-2.0733257,9.455761
VisualCogB_Task-2.mat,B,Task-2,R,Fz,47,-0.30859375,4.8649548,-1.910751,9.4795894
VisualCogB_Task-2.mat,B,Task-2,R,Fz,47,-0.3046875,5.0620723,-1.8739596,9.4669358
VisualCogB_Task-2.mat,B,Task-2,R,Fz,47,-0.30078125,5.2150211,-1.7348055,9.4981274
VisualCogB_Task-2.mat,B,Task-2,R,Fz,47,-0.296875,5.3352882,-1.5093344,9.5424587
VisualCogB_Task-2.mat,B,Task-2,R,Fz,47,-0.29296875,5.3607818,-1.4267881,9.529355
VisualCogB_Task-2.mat,B,Task-2,R,Fz,47,-0.2890625,5.2943961,-1.3293655,9.3906023
VisualCogB_Task-2.mat,B,Task-2,R,Fz,47,-0.28515625,5.1602252,-1.4643279,9.2945982
VisualCogB_Task-2.mat,B,Task-2,R,Fz,47,-0.28125,4.9769679,-1.6346563,9.17666
VisualCogB_Task-2.mat,B,Task-2,R,Fz,47,-0.27734375,4.7892546,-1.739348,9.1247803
VisualCogB_Task-2.mat,B,Task-2,R,Fz,47,-0.2734375,4.6051996,-1.7558332,8.9911635
VisualCogB_Task-2.mat,B,Task-2,R,Fz,47,-0.26953125,4.4424407,-1.8733516,8.8184504
VisualCogB_Task-2.mat,B,Task-2,R,Fz,47,-0.265625,4.3127558,-2.158022,8.5838995
VisualCogB_Task-2.mat,B,Task-2,R,Fz,47,-0.26171875,4.2118488,-2.385303,8.3896569
VisualCogB_Task-2.mat,B,Task-2,R,Fz,47,-0.2578125,4.1085316,-2.4750663,8.2941516
VisualCogB_Task-2.mat,B,Task-2,R,Fz,47,-0.25390625,4.0046028,-2.1281353,8.1087219
VisualCogB_Task-2.mat,B,Task-2,R,Fz,47,-0.25,3.8706962,-2.0294693,7.9410384
VisualCogB_Task-2.mat,B,Task-2,R,Fz,47,-0.24609375,3.738148,-1.8824214,7.9249471
VisualCogB_Task-2.mat,B,Task-2,R,Fz,47,-0.2421875,3.5848953,-1.78524,7.6179399
VisualCogB_Task-2.mat,B,Task-2,R,Fz,47,-0.23828125,3.4366188,-1.6380682,7.2002662
VisualCogB_Task-2.mat,B,Task-2,R,Fz,47,-0.234375,3.311168,-1.5132006,6.9901165
VisualCogB_Task-2.mat,B,Task-2,R,Fz,47,-0.23046875,3.1891364,-1.4631785,6.7922443
VisualCogB_Task-2.mat,B,Task-2,R,Fz,47,-0.2265625,3.0944021,-1.4139049,6.7109329
VisualCogB_Task-2.mat,B,Task-2,R,Fz,47,-0.22265625,3.0214288,-1.4594133,6.4579591
VisualCogB_Task-2.mat,B,Task-2,R,Fz,47,-0.21875,2.9685506,-1.4030564,6.4803502
VisualCogB_Task-2.mat,B,Task-2,R,Fz,47,-0.21484375,2.9039856,-1.1855693,6.3783119
VisualCogB_Task-2.mat,B,Task-2,R,Fz,47,-0.2109375,2.8487945,-1.1243493,6.2541877
VisualCogB_Task-2.mat,B,Task-2,R,Fz,47,-0.20703125,2.7995063,-0.97939594,6.0731472
VisualCogB_Task-2.mat,B,Task-2,R,Fz,47,-0.203125,2.7484332,-0.91717644,5.9438602
VisualCogB_Task-2.mat,B,Task-2,R,Fz,47,-0.19921875,2.6785011,-0.78574539,5.7986247
VisualCogB_Task-2.mat,B,Task-2,R,Fz,47,-0.1953125,2.5910487,-0.72855277,5.6089559
VisualCogB_Task-2.mat,B,Task-2,R,Fz,47,-0.19140625,2.4945846,-0.75803137,5.4309356
VisualCogB_Task-2.mat,B,Task-2,R,Fz,47,-0.1875,2.3842073,-0.66759603,5.2398759
VisualCogB_Task-2.mat,B,Task-2,R,Fz,47,-0.18359375,2.2696797,-0.6813861,4.9696131
VisualCogB_Task-2.mat,B,Task-2,R,Fz,47,-0.1796875,2.1532736,-0.69654318,4.7038976
VisualCogB_Task-2.mat,B,Task-2,R,Fz,47,-0.17578125,1.9892905,-0.72988721,4.3631066
VisualCogB_Task-2.mat,B,Task-2,R,Fz,47,-0.171875,1.8303551,-0.67960432,4.0556022
VisualCogB_Task-2.mat,B,Task-2,R,Fz,47,-0.16796875,1.6940517,-0.6461159,3.848981
VisualCogB_Task-2.mat,B,Task-2,R,Fz,47,-0.1640625,1.5745015,-0.62542348,3.5751558
VisualCogB_Task-2.mat,B,Task-2,R,Fz,47,-0.16015625,1.4669813,-0.64107365,3.291521
VisualCogB_Task-2.mat,B,Task-2,R,Fz,47,-0.15625,1.3553124,-0.64072539,3.1746698
VisualCogB_Task-2.mat,B,Task-2,R,Fz,47,-0.15234375,1.2510549,-0.74224984,3.0936791
VisualCogB_Task-2.mat,B,Task-2,R,Fz,47,-0.1484375,1.1638194,-0.88218436,3.0785834
VisualCogB_Task-2.mat,B,Task-2,R,Fz,47,-0.14453125,1.0968529,-0.86979067,3.0952604
VisualCogB_Task-2.mat,B,Task-2,R,Fz,47,-0.140625,1.043956,-0.84294305,3.0889575
VisualCogB_Task-2.mat,B,Task-2,R,Fz,47,-0.13671875,1.0162715,-0.85589239,3.0275642
VisualCogB_Task-2.mat,B,Task-2,R,Fz,47,-0.1328125,1.016943,-0.8122149,2.9062814
VisualCogB_Task-2.mat,B,Task-2,R,Fz,47,-0.12890625,1.0425257,-0.84311366,2.9767199
VisualCogB_Task-2.mat,B,Task-2,R,Fz,47,-0.125,1.0698371,-0.87794727,2.9959796
VisualCogB_Task-2.mat,B,Task-2,R,Fz,47,-0.12109375,1.1085231,-0.83514184,2.9488973
VisualCogB_Task-2.mat,B,Task-2,R,Fz,47,-0.1171875,1.1268673,-0.82143221,2.9689683
VisualCogB_Task-2.mat,B,Task-2,R,Fz,47,-0.11328125,1.1097,-0.80025557,3.0151037
VisualCogB_Task-2.mat,B,Task-2,R,Fz,47,-0.109375,1.0436783,-0.82857823,2.8482788
VisualCogB_Task-2.mat,B,Task-2,R,Fz,47,-0.10546875,0.91771333,-0.89155785,2.6171196
VisualCogB_Task-2.mat,B,Task-2,R,Fz,47,-0.1015625,0.72148783,-1.0352046,2.4051159
VisualCogB_Task-2.mat,B,Task-2,R,Fz,47,-0.09765625,0.45690936,-1.3180344,2.1271833
VisualCogB_Task-2.mat,B,Task-2,R,Fz,47,-0.09375,0.13321844,-1.6566512,1.8567737
VisualCogB_Task-2.mat,B,Task-2,R,Fz,47,-0.08984375,-0.19921028,-2.0729118,1.6249476
VisualCogB_Task-2.mat,B,Task-2,R,Fz,47,-0.0859375,-0.53645705,-2.5460831,1.325048
VisualCogB_Task-2.mat,B,Task-2,R,Fz,47,-0.08203125,-0.84739466,-2.8454744,1.1003872
VisualCogB_Task-2.mat,B,Task-2,R,Fz,47,-0.078125,-1.118641,-3.1384992,0.86561012
VisualCogB_Task-2.mat,B,Task-2,R,Fz,47,-0.07421875,-1.3436998,-3.4014022,0.67519689
VisualCogB_Task-2.mat,B,Task-2,R,Fz,47,-0.0703125,-1.5215556,-3.6341579,0.59896751
VisualCogB_Task-2.mat,B,Task-2,R,Fz,47,-0.06640625,-1.6757675,-3.7849678,0.55906798
VisualCogB_Task-2.mat,B,Task-2,R,Fz,47,-0.0625,-1.8231819,-3.8745882,0.35892689
VisualCogB_Task-2.mat,B,Task-2,R,Fz,47,-0.05859375,-1.9779249,-4.0307575,0.10113831
VisualCogB_Task-2.mat,B,Task-2,R,Fz,47,-0.0546875,-2.1548973,-4.1095796,-0.11970404
VisualCogB_Task-2.mat,B,Task-2,R,Fz,47,-0.05078125,-2.3669387,-4.2817589,-0.52725951
VisualCogB_Task-2.mat,B,Task-2,R,Fz,47,-0.046875,-2.6108717,-4.4411935,-0.76090745
VisualCogB_Task-2.mat,B,Task-2,R,Fz,47,-0.04296875,-2.8595298,-4.8736533,-0.92267347
VisualCogB_Task-2.mat,B,Task-2,R,Fz,47,-0.0390625,-3.0726517,-5.1581296,-1.2291429
VisualCogB_Task-2.mat,B,Task-2,R,Fz,47,-0.03515625,-3.2145776,-5.4206519,-1.0865933
VisualCogB_Task-2.mat,B,Task-2,R,Fz,47,-0.03125,-3.2833007,-5.671542,-0.98548402
VisualCogB_Task-2.mat,B,Task-2,R,Fz,47,-0.02734375,-3.2802454,-5.982371,-0.61382494
VisualCogB_Task-2.mat,B,Task-2,R,Fz,47,-0.0234375,-3.2427757,-6.1312937,-0.27963287
VisualCogB_Task-2.mat,B,Task-2,R,Fz,47,-0.01953125,-3.1800647,-6.2018053,0.10792462
VisualCogB_Task-2.mat,B,Task-2,R,Fz,47,-0.015625,-3.1207234,-6.2680378,0.4291378
VisualCogB_Task-2.mat,B,Task-2,R,Fz,47,-0.01171875,-3.0768769,-6.2745992,0.65872572
VisualCogB_Task-2.mat,B,Task-2,R,Fz,47,-0.0078125,-3.0730768,-6.3280367,0.70443699
VisualCogB_Task-2.mat,B,Task-2,R,Fz,47,-0.00390625,-3.1312349,-6.470373,0.6898365
VisualCogB_Task-2.mat,B,Task-2,R,Fz,47,0,-3.265744,-6.6032787,0.69445492
VisualCogB_Task-2.mat,B,Task-2,R,Fz,47,0.00390625,-3.4634242,-6.8603494,0.73339995
VisualCogB_Task-2.mat,B,Task-2,R,Fz,47,0.0078125,-3.7147715,-7.1515776,0.57494988
VisualCogB_Task-2.mat,B,Task-2,R,Fz,47,0.01171875,-4.0113466,-7.5939911,0.45456247
VisualCogB_Task-2.mat,B,Task-2,R,Fz,47,0.015625,-4.3350367,-8.0137054,0.23439091
VisualCogB_Task-2.mat,B,Task-2,R,Fz,47,0.01953125,-4.6800209,-8.3558202,-0.11966816
VisualCogB_Task-2.mat,B,Task-2,R,Fz,47,0.0234375,-5.0198697,-8.6795302,-0.53839613
VisualCogB_Task-2.mat,B,Task-2,R,Fz,47,0.02734375,-5.3267823,-9.0534176,-0.77596648
VisualCogB_Task-2.mat,B,Task-2,R,Fz,47,0.03125,-5.6072996,-9.44277,-0.80191995
VisualCogB_Task-2.mat,B,Task-2,R,Fz,47,0.03515625,-5.855057,-9.7824277,-0.79725259
VisualCogB_Task-2.mat,B,Task-2,R,Fz,47,0.0390625,-6.0867551,-10.036332,-0.82682943
VisualCogB_Task-2.mat,B,Task-2,R,Fz,47,0.04296875,-6.3225063,-10.398646,-1.0587688
VisualCogB_Task-2.mat,B,Task-2,R,Fz,47,0.046875,-6.5721917,-10.777588,-1.2786322
VisualCogB_Task-2.mat,B,Task-2,R,Fz,47,0.05078125,-6.8626447,-11.127582,-1.4139725
VisualCogB_Task-2.mat,B,Task-2,R,Fz,47,0.0546875,-7.1896702,-11.521876,-1.7093852
VisualCogB_Task-2.mat,B,Task-2,R,Fz,47,0.05859375,-7.5483703,-12.006591,-2.127832
VisualCogB_Task-2.mat,B,Task-2,R,Fz,47,0.0625,-7.9393262,-12.650466,-2.4808555
VisualCogB_Task-2.mat,B,Task-2,R,Fz,47,0.06640625,-8.3317761,-13.296258,-2.8821483
VisualCogB_Task-2.mat,B,Task-2,R,Fz,47,0.0703125,-8.6938344,-13.695607,-3.0641912
VisualCogB_Task-2.mat,B,Task-2,R,Fz,47,0.07421875,-8.9887955,-14.096431,-3.2885163
VisualCogB_Task-2.mat,B,Task-2,R,Fz,47,0.078125,-9.2215083,-14.484766,-3.5418297
VisualCogB_Task-2.mat,B,Task-2,R,Fz,47,0.08203125,-9.4061397,-14.73702,-3.7862173
VisualCogB_Task-2.mat,B,Task-2,R,Fz,47,0.0859375,-9.5769541,-15.113754,-3.8993916
VisualCogB_Task-2.mat,B,Task-2,R,Fz,47,0.08984375,-9.7498887,-15.425413,-3.9996655
VisualCogB_Task-2.mat,B,Task-2,R,Fz,47,0.09375,-9.9725254,-15.676484,-4.1285444
VisualCogB_Task-2.mat,B,Task-2,R,Fz,47,0.09765625,-10.255408,-16.063627,-4.3149629
VisualCogB_Task-2.mat,B,Task-2,R,Fz,47,0.1015625,-10.60791,-16.340538,-4.6185706
VisualCogB_Task-2.mat,B,Task-2,R,Fz,47,0.10546875,-11.010298,-16.655931,-5.0639222
VisualCogB_Task-2.mat,B,Task-2,R,Fz,47,0.109375,-11.47173,-17.072535,-5.4663097
VisualCogB_Task-2.mat,B,Task-2,R,Fz,47,0.11328125,-11.944706,-17.516447,-5.9089119
VisualCogB_Task-2.mat,B,Task-2,R,Fz,47,0.1171875,-12.428058,-17.959899,-6.4669891
VisualCogB_Task-2.mat,B,Task-2,R,Fz,47,0.12109375,-12.87848,-18.545062,-7.0716664
VisualCogB_Task-2.mat,B,Task-2,R,Fz,47,0.125,-13.28061,-18.86297,-7.6483597
VisualCogB_Task-2.mat,B,Task-2,R,Fz,47,0.12890625,-13.614972,-19.246439,-7.9148862
VisualCogB_Task-2.mat,B,Task-2,R,Fz,47,0.1328125,-13.886522,-19.526465,-8.1397101
VisualCogB_Task-2.mat,B,Task-2,R,Fz,47,0.13671875,-14.110598,-19.914479,-8.3441528
VisualCogB_Task-2.mat,B,Task-2,R,Fz,47,0.140625,-14.272816,-20.172339,-8.4549273
VisualCogB_Task-2.mat,B,Task-2,R,Fz,47,0.14453125,-14.418946,-20.531351,-8.6064058
VisualCogB_Task-2.mat,B,Task-2,R,Fz,47,0.1484375,-14.571662,-20.847505,-8.7511093
VisualCogB_Task-2.mat,B,Task-2,R,Fz,47,0.15234375,-14.754525,-21.076082,-8.8987805
VisualCogB_Task-2.mat,B,Task-2,R,Fz,47,0.15625,-14.970918,-21.433812,-9.0694765
VisualCogB_Task-2.mat,B,Task-2,R,Fz,47,0.16015625,-15.236454,-21.688733,-9.3642546
VisualCogB_Task-2.mat,B,Task-2,R,Fz,47,0.1640625,-15.515292,-21.93249,-9.6590107
VisualCogB_Task-2.mat,B,Task-2,R,Fz,47,0.16796875,-15.767055,-22.210277,-9.9224144
VisualCogB_Task-2.mat,B,Task-2,R,Fz,47,0.171875,-15.988069,-22.391364,-10.017438
VisualCogB_Task-2.mat,B,Task-2,R,Fz,47,0.17578125,-16.157789,-22.504379,-10.16391
VisualCogB_Task-2.mat,B,Task-2,R,Fz,47,0.1796875,-16.296245,-22.64343,-10.272006
VisualCogB_Task-2.mat,B,Task-2,R,Fz,47,0.18359375,-16.398305,-22.773754,-10.326586
VisualCogB_Task-2.mat,B,Task-2,R,Fz,47,0.1875,-16.487363,-22.933219,-10.300964
VisualCogB_Task-2.mat,B,Task-2,R,Fz,47,0.19140625,-16.568231,-23.038527,-10.278875
VisualCogB_Task-2.mat,B,Task-2,R,Fz,47,0.1953125,-16.654214,-23.044564,-10.418172
VisualCogB_Task-2.mat,B,Task-2,R,Fz,47,0.19921875,-16.721415,-22.987551,-10.52105
VisualCogB_Task-2.mat,B,Task-2,R,Fz,47,0.203125,-16.770846,-23.029806,-10.661369
VisualCogB_Task-2.mat,B,Task-2,R,Fz,47,0.20703125,-16.800856,-23.277065,-10.653435
VisualCogB_Task-2.mat,B,Task-2,R,Fz,47,0.2109375,-16.816725,-23.401836,-10.713882
VisualCogB_Task-2.mat,B,Task-2,R,Fz,47,0.21484375,-16.833758,-23.354186,-10.480232
VisualCogB_Task-2.mat,B,Task-2,R,Fz,47,0.21875,-16.863771,-23.36116,-10.366815
VisualCogB_Task-2.mat,B,Task-2,R,Fz,47,0.22265625,-16.917289,-23.41596,-10.144056
VisualCogB_Task-2.mat,B,Task-2,R,Fz,47,0.2265625,-17.007598,-23.475939,-10.072195
VisualCogB_Task-2.mat,B,Task-2,R,Fz,47,0.23046875,-17.113099,-23.615102,-10.112147
VisualCogB_Task-2.mat,B,Task-2,R,Fz,47,0.234375,-17.241733,-23.816216,-10.072485
VisualCogB_Task-2.mat,B,Task-2,R,Fz,47,0.23828125,-17.342456,-24.151251,-10.010012
VisualCogB_Task-2.mat,B,Task-2,R,Fz,47,0.2421875,-17.395287,-24.455429,-9.9977798
VisualCogB_Task-2.mat,B,Task-2,R,Fz,47,0.24609375,-17.379345,-24.671687,-9.8043025
VisualCogB_Task-2.mat,B,Task-2,R,Fz,47,0.25,-17.302474,-24.719235,-9.5794264
VisualCogB_Task-2.mat,B,Task-2,R,Fz,47,0.25390625,-17.189128,-24.8509,-9.1996182
VisualCogB_Task-2.mat,B,Task-2,R,Fz,47,0.2578125,-17.063795,-25.037385,-9.0538763
VisualCogB_Task-2.mat,B,Task-2,R,Fz,47,0.26171875,-16.972023,-25.138484,-8.6754456
VisualCogB_Task-2.mat,B,Task-2,R,Fz,47,0.265625,-16.910848,-25.152391,-8.302916
VisualCogB_Task-2.mat,B,Task-2,R,Fz,47,0.26953125,-16.892013,-25.129349,-8.0467558
VisualCogB_Task-2.mat,B,Task-2,R,Fz,47,0.2734375,-16.894126,-25.11536,-7.8495211
VisualCogB_Task-2.mat,B,Task-2,R,Fz,47,0.27734375,-16.894481,-25.237568,-7.8027244
VisualCogB_Task-2.mat,B,Task-2,R,Fz,47,0.28125,-16.83843,-25.111204,-7.7455373
VisualCogB_Task-2.mat,B,Task-2,R,Fz,47,0.28515625,-16.71157,-25.029886,-7.7087621
VisualCogB_Task-2.mat,B,Task-2,R,Fz,47,0.2890625,-16.563076,-24.906698,-7.586373
VisualCogB_Task-2.mat,B,Task-2,R,Fz,47,0.29296875,-16.405561,-24.831757,-7.462791
VisualCogB_Task-2.mat,B,Task-2,R,Fz,47,0.296875,-16.239829,-24.674346,-7.3472411
VisualCogB_Task-2.mat,B,Task-2,R,Fz,47,0.30078125,-16.069724,-24.51032,-7.3266495
VisualCogB_Task-2.mat,B,Task-2,R,Fz,47,0.3046875,-15.895242,-24.276686,-7.1841515
VisualCogB_Task-2.mat,B,Task-2,R,Fz,47,0.30859375,-15.673101,-24.011157,-7.0209467
VisualCogB_Task-2.mat,B,Task-2,R,Fz,47,0.3125,-15.394548,-23.762063,-6.805943
VisualCogB_Task-2.mat,B,Task-2,R,Fz,47,0.31640625,-15.051025,-23.496614,-6.7337748
VisualCogB_Task-2.mat,B,Task-2,R,Fz,47,0.3203125,-14.676791,-23.144528,-6.5416512
VisualCogB_Task-2.mat,B,Task-2,R,Fz,47,0.32421875,-14.280692,-22.909092,-6.2679706
VisualCogB_Task-2.mat,B,Task-2,R,Fz,47,0.328125,-13.90738,-22.632803,-6.0919667
VisualCogB_Task-2.mat,B,Task-2,R,Fz,47,0.33203125,-13.580653,-22.408016,-5.8521601
VisualCogB_Task-2.mat,B,Task-2,R,Fz,47,0.3359375,-13.341121,-22.223412,-5.6495831
VisualCogB_Task-2.mat,B,Task-2,R,Fz,47,0.33984375,-13.234799,-22.307483,-5.4654535
VisualCogB_Task-2.mat,B,Task-2,R,Fz,47,0.34375,-13.228376,-22.620889,-5.4133667
VisualCogB_Task-2.mat,B,Task-2,R,Fz,47,0.34765625,-13.30287,-22.964526,-5.411699
VisualCogB_Task-2.mat,B,Task-2,R,Fz,47,0.3515625,-13.423982,-23.264875,-5.4526415
VisualCogB_Task-2.mat,B,Task-2,R,Fz,47,0.35546875,-13.574014,-23.601067,-5.498904
VisualCogB_Task-2.mat,B,Task-2,R,Fz,47,0.359375,-13.761574,-23.866158,-5.5122541
VisualCogB_Task-2.mat,B,Task-2,R,Fz,47,0.36328125,-13.983469,-24.126734,-5.5694975
VisualCogB_Task-2.mat,B,Task-2,R,Fz,47,0.3671875,-14.244529,-24.490591,-5.8210576
VisualCogB_Task-2.mat,B,Task-2,R,Fz,47,0.37109375,-14.599166,-24.883465,-6.1531845
VisualCogB_Task-2.mat,B,Task-2,R,Fz,47,0.375,-15.037365,-25.336241,-6.5141013
VisualCogB_Task-2.mat,B,Task-2,R,Fz,47,0.37890625,-15.575826,-25.815028,-6.9174917
VisualCogB_Task-2.mat,B,Task-2,R,Fz,47,0.3828125,-16.198768,-26.387472,-7.4415324
VisualCogB_Task-2.mat,B,Task-2,R,Fz,47,0.38671875,-16.870291,-26.966294,-8.0486155
VisualCogB_Task-2.mat,B,Task-2,R,Fz,47,0.390625,-17.540078,-27.606167,-8.6540611
VisualCogB_Task-2.mat,B,Task-2,R,Fz,47,0.39453125,-18.172069,-28.091046,-9.2534307
VisualCogB_Task-2.mat,B,Task-2,R,Fz,47,0.3984375,-18.759403,-28.529887,-9.8004889
VisualCogB_Task-2.mat,B,Task-2,R,Fz,47,0.40234375,-19.295976,-28.94096,-10.276906
VisualCogB_Task-2.mat,B,Task-2,R,Fz,47,0.40625,-19.790569,-29.299045,-10.688112
VisualCogB_Task-2.mat,B,Task-2,R,Fz,47,0.41015625,-20.20856,-29.714251,-11.058332
VisualCogB_Task-2.mat,B,Task-2,R,Fz,47,0.4140625,-20.520624,-29.835906,-11.325541
VisualCogB_Task-2.mat,B,Task-2,R,Fz,47,0.41796875,-20.761841,-30.031779,-11.392327
VisualCogB_Task-2.mat,B,Task-2,R,Fz,47,0.421875,-20.909014,-30.159654,-11.465174
VisualCogB_Task-2.mat,B,Task-2,R,Fz,47,0.42578125,-20.981677,-30.150043,-11.588576
VisualCogB_Task-2.mat,B,Task-2,R,Fz,47,0.4296875,-20.994253,-30.155849,-11.495799
VisualCogB_Task-2.mat,B,Task-2,R,Fz,47,0.43359375,-20.94682,-30.1506,-11.361047
VisualCogB_Task-2.mat,B,Task-2,R,Fz,47,0.4375,-20.836583,-30.10441,-10.987492
VisualCogB_Task-2.mat,B,Task-2,R,Fz,47,0.44140625,-20.661701,-29.950565,-10.598709
VisualCogB_Task-2.mat,B,Task-2,R,Fz,47,0.4453125,-20.441367,-29.863173,-10.419256
VisualCogB_Task-2.mat,B,Task-2,R,Fz,47,0.44921875,-20.168334,-29.599551,-10.035463
VisualCogB_Task-2.mat,B,Task-2,R,Fz,47,0.453125,-19.881521,-29.306102,-9.8231633
VisualCogB_Task-2.mat,B,Task-2,R,Fz,47,0.45703125,-19.577815,-29.127618,-9.2609972
VisualCogB_Task-2.mat,B,Task-2,R,Fz,47,0.4609375,-19.229369,-28.810146,-8.852852
VisualCogB_Task-2.mat,B,Task-2,R,Fz,47,0.46484375,-18.879542,-28.281683,-8.5433153
VisualCogB_Task-2.mat,B,Task-2,R,Fz,47,0.46875,-18.533946,-27.783708,-8.2094765
VisualCogB_Task-2.mat,B,Task-2,R,Fz,47,0.47265625,-18.170261,-27.417067,-7.831335
VisualCogB_Task-2.mat,B,Task-2,R,Fz,47,0.4765625,-17.790425,-27.116826,-7.4141985
VisualCogB_Task-2.mat,B,Task-2,R,Fz,47,0.48046875,-17.381007,-26.591257,-7.0388784
VisualCogB_Task-2.mat,B,Task-2,R,Fz,47,0.484375,-16.935952,-25.934278,-6.7456363
VisualCogB_Task-2.mat,B,Task-2,R,Fz,47,0.48828125,-16.445938,-25.450865,-6.3099102
VisualCogB_Task-2.mat,B,Task-2,R,Fz,47,0.4921875,-15.860804,-25.254982,-5.8311395
VisualCogB_Task-2.mat,B,Task-2,R,Fz,47,0.49609375,-15.183429,-24.682572,-5.3329318
VisualCogB_Task-2.mat,B,Task-2,R,Fz,47,0.5,-14.368093,-23.567744,-4.5800112
VisualCogB_Task-2.mat,B,Task-2,R,Fz,47,0.50390625,-13.400393,-22.554391,-3.6044474
VisualCogB_Task-2.mat,B,Task-2,R,Fz,47,0.5078125,-12.27732,-21.383635,-2.5140722
VisualCogB_Task-2.mat,B,Task-2,R,Fz,47,0.51171875,-10.993349,-20.145643,-1.3129005
VisualCogB_Task-2.mat,B,Task-2,R,Fz,47,0.515625,-9.5725189,-18.492423,0.017300311
VisualCogB_Task-2.mat,B,Task-2,R,Fz,47,0.51953125,-8.0145705,-17.422556,1.5377467
VisualCogB_Task-2.mat,B,Task-2,R,Fz,47,0.5234375,-6.3162664,-16.377707,3.5030488
VisualCogB_Task-2.mat,B,Task-2,R,Fz,47,0.52734375,-4.4868588,-14.707142,5.739968
VisualCogB_Task-2.mat,B,Task-2,R,Fz,47,0.53125,-2.5552895,-12.972851,7.9380621
VisualCogB_Task-2.mat,B,Task-2,R,Fz,47,0.53515625,-0.54803297,-11.521441,9.9561522
VisualCogB_Task-2.mat,B,Task-2,R,Fz,47,0.5390625,1.5408905,-10.357592,12.34474
VisualCogB_Task-2.mat,B,Task-2,R,Fz,47,0.54296875,3.6904133,-8.6208783,15.128081
VisualCogB_Task-2.mat,B,Task-2,R,Fz,47,0.546875,5.886894,-6.8010349,17.902151
VisualCogB_Task-2.mat,B,Task-2,R,Fz,47,0.55078125,8.111122,-4.9144364,20.270871
VisualCogB_Task-2.mat,B,Task-2,R,Fz,47,0.5546875,10.353588,-3.147013,22.560432
VisualCogB_Task-2.mat,B,Task-2,R,Fz,47,0.55859375,12.587924,-1.2231054,25.114743
VisualCogB_Task-2.mat,B,Task-2,R,Fz,47,0.5625,14.811186,0.4612303,27.344241
VisualCogB_Task-2.mat,B,Task-2,R,Fz,47,0.56640625,17.028281,1.9298697,29.913785
VisualCogB_Task-2.mat,B,Task-2,R,Fz,47,0.5703125,19.225983,3.427722,32.569689
VisualCogB_Task-2.mat,B,Task-2,R,Fz,47,0.57421875,21.400075,4.9595882,34.952012
VisualCogB_Task-2.mat,B,Task-2,R,Fz,47,0.578125,23.522629,6.5222673,37.358092
VisualCogB_Task-2.mat,B,Task-2,R,Fz,47,0.58203125,25.591636,8.1118512,40.04472
VisualCogB_Task-2.mat,B,Task-2,R,Fz,47,0.5859375,27.620913,9.5187211,42.697504
VisualCogB_Task-2.mat,B,Task-2,R,Fz,47,0.58984375,29.62073,10.964612,44.833132
VisualCogB_Task-2.mat,B,Task-2,R,Fz,47,0.59375,31.5911,12.667561,46.883383
VisualCogB_Task-2.mat,B,Task-2,R,Fz,47,0.59765625,33.526379,14.200657,49.23407
VisualCogB_Task-2.mat,B,Task-2,R,Fz,47,0.6015625,35.446416,15.651387,51.588945
VisualCogB_Task-2.mat,B,Task-2,R,Fz,47,0.60546875,37.362003,17.419995,53.949234
VisualCogB_Task-2.mat,B,Task-2,R,Fz,47,0.609375,39.279915,19.390933,56.194154
VisualCogB_Task-2.mat,B,Task-2,R,Fz,47,0.61328125,41.21389,21.375449,58.443634
VisualCogB_Task-2.mat,B,Task-2,R,Fz,47,0.6171875,43.158666,23.230008,60.676565
VisualCogB_Task-2.mat,B,Task-2,R,Fz,47,0.62109375,45.08423,25.173007,62.771504
VisualCogB_Task-2.mat,B,Task-2,R,Fz,47,0.625,46.990284,27.153424,64.849417
VisualCogB_Task-2.mat,B,Task-2,R,Fz,47,0.62890625,48.86189,29.116556,67.147045
VisualCogB_Task-2.mat,B,Task-2,R,Fz,47,0.6328125,50.687683,30.881621,69.125061
VisualCogB_Task-2.mat,B,Task-2,R,Fz,47,0.63671875,52.434769,32.645427,70.913143
VisualCogB_Task-2.mat,B,Task-2,R,Fz,47,0.640625,54.097307,34.620043,72.382817
VisualCogB_Task-2.mat,B,Task-2,R,Fz,47,0.64453125,55.655611,36.611071,74.00084
VisualCogB_Task-2.mat,B,Task-2,R,Fz,47,0.6484375,57.114618,38.282944,75.512762
VisualCogB_Task-2.mat,B,Task-2,R,Fz,47,0.65234375,58.47587,39.851535,76.816587
VisualCogB_Task-2.mat,B,Task-2,R,Fz,47,0.65625,59.74981,41.259764,77.957557
VisualCogB_Task-2.mat,B,Task-2,R,Fz,47,0.66015625,60.911092,42.868111,78.827628
VisualCogB_Task-2.mat,B,Task-2,R,Fz,47,0.6640625,61.948699,43.787047,79.506681
VisualCogB_Task-2.mat,B,Task-2,R,Fz,47,0.66796875,62.863358,45.050317,80.130326
VisualCogB_Task-2.mat,B,Task-2,R,Fz,47,0.671875,63.694536,46.327033,80.627232
VisualCogB_Task-2.mat,B,Task-2,R,Fz,47,0.67578125,64.452839,47.769647,80.954247
VisualCogB_Task-2.mat,B,Task-2,R,Fz,47,0.6796875,65.170136,48.79399,81.267099
VisualCogB_Task-2.mat,B,Task-2,R,Fz,47,0.68359375,65.896306,49.964137,81.444918
VisualCogB_Task-2.mat,B,Task-2,R,Fz,47,0.6875,66.608522,51.02971,81.547754
VisualCogB_Task-2.mat,B,Task-2,R,Fz,47,0.69140625,67.277453,52.143995,81.582248
VisualCogB_Task-2.mat,B,Task-2,R,Fz,47,0.6953125,67.924641,53.181356,81.866435
VisualCogB_Task-2.mat,B,Task-2,R,Fz,47,0.69921875,68.612252,54.44682,81.835109
VisualCogB_Task-2.mat,B,Task-2,R,Fz,47,0.703125,69.324277,55.567231,81.871737
VisualCogB_Task-2.mat,B,Task-2,R,Fz,47,0.70703125,70.019369,56.375853,82.30592
VisualCogB_Task-2.mat,B,Task-2,R,Fz,47,0.7109375,70.71765,57.061815,82.622334
VisualCogB_Task-2.mat,B,Task-2,R,Fz,47,0.71484375,71.350727,58.098741,83.086547
VisualCogB_Task-2.mat,B,Task-2,R,Fz,47,0.71875,71.912007,58.534729,83.641999
VisualCogB_Task-2.mat,B,Task-2,R,Fz,47,0.72265625,72.389111,58.992944,83.913845
VisualCogB_Task-2.mat,B,Task-2,R,Fz,47,0.7265625,72.772982,59.068583,84.259435
VisualCogB_Task-2.mat,B,Task-2,R,Fz,47,0.73046875,73.040369,59.122186,84.503779
VisualCogB_Task-2.mat,B,Task-2,R,Fz,47,0.734375,73.158554,58.985491,84.472602
VisualCogB_Task-2.mat,B,Task-2,R,Fz,47,0.73828125,73.120756,58.603749,84.473219
VisualCogB_Task-2.mat,B,Task-2,R,Fz,47,0.7421875,72.913563,58.175346,84.604301
VisualCogB_Task-2.mat,B,Task-2,R,Fz,47,0.74609375,72.517839,57.502586,84.242474
VisualCogB_Task-2.mat,B,Task-2,R,Fz,47,0.75,71.930242,57.016837,83.699121
VisualCogB_Task-2.mat,B,Task-2,R,Fz,47,0.75390625,71.145223,56.44239,83.076743
VisualCogB_Task-2.mat,B,Task-2,R,Fz,47,0.7578125,70.201665,55.753458,82.228899
VisualCogB_Task-2.mat,B,Task-2,R,Fz,47,0.76171875,69.112586,54.787806,81.123819
VisualCogB_Task-2.mat,B,Task-2,R,Fz,47,0.765625,67.923955,53.699951,79.838952
VisualCogB_Task-2.mat,B,Task-2,R,Fz,47,0.76953125,66.668168,52.338426,78.953951
VisualCogB_Task-2.mat,B,Task-2,R,Fz,47,0.7734375,65.3718,51.052415,78.211794
VisualCogB_Task-2.mat,B,Task-2,R,Fz,47,0.77734375,64.035712,49.446528,77.177881
VisualCogB_Task-2.mat,B,Task-2,R,Fz,47,0.78125,62.683003,47.909958,75.979691
VisualCogB_Task-2.mat,B,Task-2,R,Fz,47,0.78515625,61.332925,46.625897,74.505624
VisualCogB_Task-2.mat,B,Task-2,R,Fz,47,0.7890625,60.020763,45.765535,73.355472
VisualCogB_Task-2.mat,B,Task-2,R,Fz,47,0.79296875,58.741735,44.305953,72.414813
VisualCogB_Task-2.mat,B,Task-2,R,Fz,47,0.796875,57.525477,43.283377,71.54244
VisualCogB_Task-2.mat,B,Task-2,R,Fz,47,0.80078125,56.396237,42.29365,70.767687
VisualCogB_Task-2.mat,B,Task-2,R,Fz,47,0.8046875,55.331504,41.520116,69.929048
VisualCogB_Task-2.mat,B,Task-2,R,Fz,47,0.80859375,54.326258,40.290705,69.235974
VisualCogB_Task-2.mat,B,Task-2,R,Fz,47,0.8125,53.422247,39.065215,68.75294
VisualCogB_Task-2.mat,B,Task-2,R,Fz,47,0.81640625,52.586373,37.811836,68.016056
VisualCogB_Task-2.mat,B,Task-2,R,Fz,47,0.8203125,51.758161,36.489272,67.180646
VisualCogB_Task-2.mat,B,Task-2,R,Fz,47,0.82421875,50.909049,35.555894,66.496677
VisualCogB_Task-2.mat,B,Task-2,R,Fz,47,0.828125,50.051765,34.448349,65.89052
VisualCogB_Task-2.mat,B,Task-2,R,Fz,47,0.83203125,49.160622,33.160323,65.10753
VisualCogB_Task-2.mat,B,Task-2,R,Fz,47,0.8359375,48.250001,31.899667,64.170331
VisualCogB_Task-2.mat,B,Task-2,R,Fz,47,0.83984375,47.325251,30.6869,63.386451
VisualCogB_Task-2.mat,B,Task-2,R,Fz,47,0.84375,46.405218,29.487484,62.557547
VisualCogB_Task-2.mat,B,Task-2,R,Fz,47,0.84765625,45.518946,28.543484,61.988961
VisualCogB_Task-2.mat,B,Task-2,R,Fz,47,0.8515625,44.668611,27.416089,61.461051
VisualCogB_Task-2.mat,B,Task-2,R,Fz,47,0.85546875,43.852352,26.329017,61.090295
VisualCogB_Task-2.mat,B,Task-2,R,Fz,47,0.859375,43.058499,25.042696,60.881104
VisualCogB_Task-2.mat,B,Task-2,R,Fz,47,0.86328125,42.299877,23.625619,60.335653
VisualCogB_Task-2.mat,B,Task-2,R,Fz,47,0.8671875,41.581122,22.327514,59.53062
VisualCogB_Task-2.mat,B,Task-2,R,Fz,47,0.87109375,40.919433,21.350972,58.736669
VisualCogB_Task-2.mat,B,Task-2,R,Fz,47,0.875,40.308044,20.437262,58.177424
VisualCogB_Task-2.mat,B,Task-2,R,Fz,47,0.87890625,39.737602,19.634801,57.783198
VisualCogB_Task-2.mat,B,Task-2,R,Fz,47,0.8828125,39.200751,19.007319,57.419391
VisualCogB_Task-2.mat,B,Task-2,R,Fz,47,0.88671875,38.66433,18.537417,57.051271
VisualCogB_Task-2.mat,B,Task-2,R,Fz,47,0.890625,38.093419,17.977433,56.656411
VisualCogB_Task-2.mat,B,Task-2,R,Fz,47,0.89453125,37.462553,17.133602,56.079664
VisualCogB_Task-2.mat,B,Task-2,R,Fz,47,0.8984375,36.763629,16.163423,55.446404
VisualCogB_Task-2.mat,B,Task-2,R,Fz,47,0.90234375,35.996928,15.347326,54.914296
VisualCogB_Task-2.mat,B,Task-2,R,Fz,47,0.90625,35.171578,14.468155,53.968466
VisualCogB_Task-2.mat,B,Task-2,R,Fz,47,0.91015625,34.286011,13.629246,52.923514
VisualCogB_Task-2.mat,B,Task-2,R,Fz,47,0.9140625,33.354116,12.802489,51.90334
VisualCogB_Task-2.mat,B,Task-2,R,Fz,47,0.91796875,32.371499,11.8262,50.89529
VisualCogB_Task-2.mat,B,Task-2,R,Fz,47,0.921875,31.320298,10.836012,49.834049
VisualCogB_Task-2.mat,B,Task-2,R,Fz,47,0.92578125,30.216324,9.5290297,48.790975
VisualCogB_Task-2.mat,B,Task-2,R,Fz,47,0.9296875,29.090453,8.1695844,47.712656
VisualCogB_Task-2.mat,B,Task-2,R,Fz,47,0.93359375,27.972801,7.0917873,46.572771
VisualCogB_Task-2.mat,B,Task-2,R,Fz,47,0.9375,26.91173,6.1999346,45.325017
VisualCogB_Task-2.mat,B,Task-2,R,Fz,47,0.94140625,25.657296,5.2448315,43.686715
VisualCogB_Task-2.mat,B,Task-2,R,Fz,47,0.9453125,24.427769,4.3566453,42.019495
VisualCogB_Task-2.mat,B,Task-2,R,Fz,47,0.94921875,23.237936,3.6278741,40.397673
VisualCogB_Task-2.mat,B,Task-2,R,Fz,47,0.953125,22.102584,3.082293,38.833129
VisualCogB_Task-2.mat,B,Task-2,R,Fz,47,0.95703125,21.036498,2.5201191,37.642439
VisualCogB_Task-2.mat,B,Task-2,R,Fz,47,0.9609375,20.054466,2.1073489,36.417315
VisualCogB_Task-2.mat,B,Task-2,R,Fz,47,0.96484375,19.171274,1.636296,35.465387
VisualCogB_Task-2.mat,B,Task-2,R,Fz,47,0.96875,18.401709,1.1703433,34.35183
VisualCogB_Task-2.mat,B,Task-2,R,Fz,47,0.97265625,17.760557,1.0558172,33.417236
VisualCogB_Task-2.mat,B,Task-2,R,Fz,47,0.9765625,17.262605,0.74947571,32.735061
VisualCogB_Task-2.mat,B,Task-2,R,Fz,47,0.98046875,16.922639,0.77657862,32.241098
VisualCogB_Task-2.mat,B,Task-2,R,Fz,47,0.984375,16.755447,0.72236875,31.796965
VisualCogB_Task-2.mat,B,Task-2,R,Fz,47,0.98828125,16.775815,0.75454481,31.534505
VisualCogB_Task-2.mat,B,Task-2,R,Fz,47,0.9921875,16.998529,0.42861763,31.354094
VisualCogB_Task-2.mat,B,Task-2,R,Fz,47,0.99609375,17.438376,0.88905701,32.402949
VisualCogB_Task-2.mat,B,Task-2,R,F3,47,-0.5,7.5735376,-10.327368,22.516488
VisualCogB_Task-2.mat,B,Task-2,R,F3,47,-0.49609375,6.9321778,-10.827609,22.179262
VisualCogB_Task-2.mat,B,Task-2,R,F3,47,-0.4921875,6.3639694,-11.31601,21.839203
VisualCogB_Task-2.mat,B,Task-2,R,F3,47,-0.48828125,5.8640538,-11.625325,21.255634
VisualCogB_Task-2.mat,B,Task-2,R,F3,47,-0.484375,5.4275726,-11.964444,20.972736
VisualCogB_Task-2.mat,B,Task-2,R,F3,47,-0.48046875,5.0496671,-12.605622,20.53827
VisualCogB_Task-2.mat,B,Task-2,R,F3,47,-0.4765625,4.7254789,-12.935185,20.029511
VisualCogB_Task-2.mat,B,Task-2,R,F3,47,-0.47265625,4.4501495,-13.11237,19.503375
VisualCogB_Task-2.mat,B,Task-2,R,F3,47,-0.46875,4.2188204,-13.309851,19.107487
VisualCogB_Task-2.mat,B,Task-2,R,F3,47,-0.46484375,4.0266331,-13.59895,18.810555
VisualCogB_Task-2.mat,B,Task-2,R,F3,47,-0.4609375,3.8687291,-13.821304,18.409806
VisualCogB_Task-2.mat,B,Task-2,R,F3,47,-0.45703125,3.7402499,-13.982128,18.137368
VisualCogB_Task-2.mat,B,Task-2,R,F3,47,-0.453125,3.6363369,-14.079992,17.863789
VisualCogB_Task-2.mat,B,Task-2,R,F3,47,-0.44921875,3.5521318,-14.0176,17.580799
VisualCogB_Task-2.mat,B,Task-2,R,F3,47,-0.4453125,3.4827758,-13.891762,17.365793
VisualCogB_Task-2.mat,B,Task-2,R,F3,47,-0.44140625,3.4234107,-13.952959,17.331095
VisualCogB_Task-2.mat,B,Task-2,R,F3,47,-0.4375,3.2989042,-13.973935,17.162865
VisualCogB_Task-2.mat,B,Task-2,R,F3,47,-0.43359375,3.1917294,-13.921533,17.020561
VisualCogB_Task-2.mat,B,Task-2,R,F3,47,-0.4296875,3.0925732,-13.849819,16.764208
VisualCogB_Task-2.mat,B,Task-2,R,F3,47,-0.42578125,2.9962017,-13.762517,16.465981
VisualCogB_Task-2.mat,B,Task-2,R,F3,47,-0.421875,2.9259066,-13.702518,16.146284
VisualCogB_Task-2.mat,B,Task-2,R,F3,47,-0.41796875,2.8484708,-13.694128,15.825346
VisualCogB_Task-2.mat,B,Task-2,R,F3,47,-0.4140625,2.7599042,-13.73134,15.487137
VisualCogB_Task-2.mat,B,Task-2,R,F3,47,-0.41015625,2.6274895,-13.809033,15.121856
VisualCogB_Task-2.mat,B,Task-2,R,F3,47,-0.40625,2.4565345,-13.954363,14.734516
VisualCogB_Task-2.mat,B,Task-2,R,F3,47,-0.40234375,2.2330042,-14.085643,14.333149
VisualCogB_Task-2.mat,B,Task-2,R,F3,47,-0.3984375,1.9833884,-14.054172,13.80865
VisualCogB_Task-2.mat,B,Task-2,R,F3,47,-0.39453125,1.7395844,-14.136246,13.384506
VisualCogB_Task-2.mat,B,Task-2,R,F3,47,-0.390625,1.5055976,-14.185993,13.088673
VisualCogB_Task-2.mat,B,Task-2,R,F3,47,-0.38671875,1.2554778,-14.153467,13.12742
VisualCogB_Task-2.mat,B,Task-2,R,F3,47,-0.3828125,1.0443638,-14.090338,12.988558
VisualCogB_Task-2.mat,B,Task-2,R,F3,47,-0.37890625,0.87018634,-14.107321,12.63345
VisualCogB_Task-2.mat,B,Task-2,R,F3,47,-0.375,0.73083927,-14.140207,12.155369
VisualCogB_Task-2.mat,B,Task-2,R,F3,47,-0.37109375,0.55450915,-14.054274,11.5931
VisualCogB_Task-2.mat,B,Task-2,R,F3,47,-0.3671875,0.39056362,-14.004913,11.440788
VisualCogB_Task-2.mat,B,Task-2,R,F3,47,-0.36328125,0.24981238,-14.036417,11.193176
VisualCogB_Task-2.mat,B,Task-2,R,F3,47,-0.359375,0.10302364,-13.964169,10.825353
VisualCogB_Task-2.mat,B,Task-2,R,F3,47,-0.35546875,-0.030046799,-13.747897,10.575416
VisualCogB_Task-2.mat,B,Task-2,R,F3,47,-0.3515625,-0.11115357,-13.512522,10.382444
VisualCogB_Task-2.mat,B,Task-2,R,F3,47,-0.34765625,-0.16504592,-13.303896,10.184569
VisualCogB_Task-2.mat,B,Task-2,R,F3,47,-0.34375,-0.1986313,-13.13447,10.08873
VisualCogB_Task-2.mat,B,Task-2,R,F3,47,-0.33984375,-0.18533085,-12.990516,9.9649574
VisualCogB_Task-2.mat,B,Task-2,R,F3,47,-0.3359375,-0.15489307,-12.86147,9.8793491
VisualCogB_Task-2.mat,B,Task-2,R,F3,47,-0.33203125,-0.11900039,-12.717562,9.8200487
VisualCogB_Task-2.mat,B,Task-2,R,F3,47,-0.328125,-0.046611243,-12.524922,9.8335329
VisualCogB_Task-2.mat,B,Task-2,R,F3,47,-0.32421875,0.041786697,-12.273628,9.909803
VisualCogB_Task-2.mat,B,Task-2,R,F3,47,-0.3203125,0.16552197,-12.056576,9.9911287
VisualCogB_Task-2.mat,B,Task-2,R,F3,47,-0.31640625,0.33985105,-11.850571,10.10882
VisualCogB_Task-2.mat,B,Task-2,R,F3,47,-0.3125,0.54879609,-11.670206,10.197514
VisualCogB_Task-2.mat,B,Task-2,R,F3,47,-0.30859375,0.78418798,-11.314811,10.347989
VisualCogB_Task-2.mat,B,Task-2,R,F3,47,-0.3046875,1.0036856,-11.09202,10.459966
VisualCogB_Task-2.mat,B,Task-2,R,F3,47,-0.30078125,1.1702789,-10.955855,10.516173
VisualCogB_Task-2.mat,B,Task-2,R,F3,47,-0.296875,1.2829328,-10.708393,10.497509
VisualCogB_Task-2.mat,B,Task-2,R,F3,47,-0.29296875,1.3309231,-10.4919,10.534148
VisualCogB_Task-2.mat,B,Task-2,R,F3,47,-0.2890625,1.3484046,-10.273318,10.623974
VisualCogB_Task-2.mat,B,Task-2,R,F3,47,-0.28515625,1.3242898,-10.160876,10.750866
VisualCogB_Task-2.mat,B,Task-2,R,F3,47,-0.28125,1.2726642,-9.9910947,10.769859
VisualCogB_Task-2.mat,B,Task-2,R,F3,47,-0.27734375,1.228017,-9.7023548,10.74337
VisualCogB_Task-2.mat,B,Task-2,R,F3,47,-0.2734375,1.1825977,-9.5822078,10.567293
VisualCogB_Task-2.mat,B,Task-2,R,F3,47,-0.26953125,1.1209382,-9.3184588,10.337124
VisualCogB_Task-2.mat,B,Task-2,R,F3,47,-0.265625,1.0786724,-9.119087,10.07699
VisualCogB_Task-2.mat,B,Task-2,R,F3,47,-0.26171875,1.0329906,-8.9663811,9.8858005
VisualCogB_Task-2.mat,B,Task-2,R,F3,47,-0.2578125,0.99374483,-8.7611429,9.6239942
VisualCogB_Task-2.mat,B,Task-2,R,F3,47,-0.25390625,0.92440551,-8.658525,9.4027578
VisualCogB_Task-2.mat,B,Task-2,R,F3,47,-0.25,0.89754404,-8.4853848,9.1841107
VisualCogB_Task-2.mat,B,Task-2,R,F3,47,-0.24609375,0.88396376,-8.2332604,8.8953431
VisualCogB_Task-2.mat,B,Task-2,R,F3,47,-0.2421875,0.84386095,-7.8504841,8.6142382
VisualCogB_Task-2.mat,B,Task-2,R,F3,47,-0.23828125,0.80758052,-7.573612,8.345245
VisualCogB_Task-2.mat,B,Task-2,R,F3,47,-0.234375,0.78686285,-7.3147986,8.0532216
VisualCogB_Task-2.mat,B,Task-2,R,F3,47,-0.23046875,0.76666698,-7.1534575,7.6682641
VisualCogB_Task-2.mat,B,Task-2,R,F3,47,-0.2265625,0.7778238,-6.9775639,7.6064364
VisualCogB_Task-2.mat,B,Task-2,R,F3,47,-0.22265625,0.8292152,-6.7929407,7.4026861
VisualCogB_Task-2.mat,B,Task-2,R,F3,47,-0.21875,0.86319356,-6.5236703,7.3068936
VisualCogB_Task-2.mat,B,Task-2,R,F3,47,-0.21484375,0.86944759,-6.3480432,7.035209
VisualCogB_Task-2.mat,B,Task-2,R,F3,47,-0.2109375,0.85996751,-6.2414851,7.0336114
VisualCogB_Task-2.mat,B,Task-2,R,F3,47,-0.20703125,0.82530492,-6.1641617,7.0460143
VisualCogB_Task-2.mat,B,Task-2,R,F3,47,-0.203125,0.80699296,-6.1308471,6.842453
VisualCogB_Task-2.mat,B,Task-2,R,F3,47,-0.19921875,0.78906058,-5.9549421,6.7359638
VisualCogB_Task-2.mat,B,Task-2,R,F3,47,-0.1953125,0.77516662,-5.7653559,6.5517018
VisualCogB_Task-2.mat,B,Task-2,R,F3,47,-0.19140625,0.78244519,-5.4705538,6.3897304
VisualCogB_Task-2.mat,B,Task-2,R,F3,47,-0.1875,0.78862997,-5.1870797,6.230397
VisualCogB_Task-2.mat,B,Task-2,R,F3,47,-0.18359375,0.79107568,-4.8652512,5.9495742
VisualCogB_Task-2.mat,B,Task-2,R,F3,47,-0.1796875,0.78171757,-4.565794,5.6063847
VisualCogB_Task-2.mat,B,Task-2,R,F3,47,-0.17578125,0.77557004,-4.2148947,5.3402997
VisualCogB_Task-2.mat,B,Task-2,R,F3,47,-0.171875,0.78168096,-3.851304,4.9990798
VisualCogB_Task-2.mat,B,Task-2,R,F3,47,-0.16796875,0.79219691,-3.5857378,4.7926175
VisualCogB_Task-2.mat,B,Task-2,R,F3,47,-0.1640625,0.81626256,-3.2803187,4.6761187
VisualCogB_Task-2.mat,B,Task-2,R,F3,47,-0.16015625,0.85529689,-2.9852559,4.3891717
VisualCogB_Task-2.mat,B,Task-2,R,F3,47,-0.15625,0.87649379,-2.7971982,4.1945063
VisualCogB_Task-2.mat,B,Task-2,R,F3,47,-0.15234375,0.88376796,-2.4934487,4.0402148
VisualCogB_Task-2.mat,B,Task-2,R,F3,47,-0.1484375,0.89091043,-2.1879656,3.7932967
VisualCogB_Task-2.mat,B,Task-2,R,F3,47,-0.14453125,0.91846716,-1.9355268,3.5538239
VisualCogB_Task-2.mat,B,Task-2,R,F3,47,-0.140625,0.97099417,-1.7816285,3.4309367
VisualCogB_Task-2.mat,B,Task-2,R,F3,47,-0.13671875,1.022299,-1.529431,3.3962978
VisualCogB_Task-2.mat,B,Task-2,R,F3,47,-0.1328125,1.0778034,-1.3331572,3.4361881
VisualCogB_Task-2.mat,B,Task-2,R,F3,47,-0.12890625,1.1111146,-1.0476252,3.4181981
VisualCogB_Task-2.mat,B,Task-2,R,F3,47,-0.125,1.0971502,-0.89031148,3.2854509
VisualCogB_Task-2.mat,B,Task-2,R,F3,47,-0.12109375,1.0459558,-0.86822186,3.1275969
VisualCogB_Task-2.mat,B,Task-2,R,F3,47,-0.1171875,0.95114246,-0.92498969,3.1070526
VisualCogB_Task-2.mat,B,Task-2,R,F3,47,-0.11328125,0.81478969,-1.02147,2.9361534
VisualCogB_Task-2.mat,B,Task-2,R,F3,47,-0.109375,0.62380335,-1.253134,2.7115266
VisualCogB_Task-2.mat,B,Task-2,R,F3,47,-0.10546875,0.3828569,-1.5147328,2.3938062
VisualCogB_Task-2.mat,B,Task-2,R,F3,47,-0.1015625,0.086837576,-1.842261,2.037123
VisualCogB_Task-2.mat,B,Task-2,R,F3,47,-0.09765625,-0.26122002,-2.1897537,1.8533812
VisualCogB_Task-2.mat,B,Task-2,R,F3,47,-0.09375,-0.63548302,-2.6022599,1.5511585
VisualCogB_Task-2.mat,B,Task-2,R,F3,47,-0.08984375,-0.99380382,-3.0107775,1.270844
VisualCogB_Task-2.mat,B,Task-2,R,F3,47,-0.0859375,-1.311221,-3.3984558,1.0447118
VisualCogB_Task-2.mat,B,Task-2,R,F3,47,-0.08203125,-1.584549,-3.8000808,0.88762325
VisualCogB_Task-2.mat,B,Task-2,R,F3,47,-0.078125,-1.7991499,-4.1286424,0.75854784
VisualCogB_Task-2.mat,B,Task-2,R,F3,47,-0.07421875,-1.9473839,-4.3623195,0.66684543
VisualCogB_Task-2.mat,B,Task-2,R,F3,47,-0.0703125,-2.0436268,-4.6428693,0.68959165
VisualCogB_Task-2.mat,B,Task-2,R,F3,47,-0.06640625,-2.1095392,-4.6922715,0.60309488
VisualCogB_Task-2.mat,B,Task-2,R,F3,47,-0.0625,-2.1230735,-4.7310588,0.67242313
VisualCogB_Task-2.mat,B,Task-2,R,F3,47,-0.05859375,-2.0995469,-4.7334954,0.79569729
VisualCogB_Task-2.mat,B,Task-2,R,F3,47,-0.0546875,-2.0530159,-4.7949082,0.91573521
VisualCogB_Task-2.mat,B,Task-2,R,F3,47,-0.05078125,-2.0064668,-4.9530436,1.086905
VisualCogB_Task-2.mat,B,Task-2,R,F3,47,-0.046875,-1.965387,-5.0630504,1.2915418
VisualCogB_Task-2.mat,B,Task-2,R,F3,47,-0.04296875,-1.9296678,-5.1467067,1.4319204
VisualCogB_Task-2.mat,B,Task-2,R,F3,47,-0.0390625,-1.8675039,-5.2438012,1.7753042
VisualCogB_Task-2.mat,B,Task-2,R,F3,47,-0.03515625,-1.7596383,-5.4124304,2.1655542
VisualCogB_Task-2.mat,B,Task-2,R,F3,47,-0.03125,-1.5867238,-5.3783936,2.6246713
VisualCogB_Task-2.mat,B,Task-2,R,F3,47,-0.02734375,-1.3612066,-5.2949124,3.1287142
VisualCogB_Task-2.mat,B,Task-2,R,F3,47,-0.0234375,-1.1232387,-5.3320739,3.7627092
VisualCogB_Task-2.mat,B,Task-2,R,F3,47,-0.01953125,-0.9042707,-5.4131425,4.3458985
VisualCogB_Task-2.mat,B,Task-2,R,F3,47,-0.015625,-0.73780939,-5.573408,5.0048172
VisualCogB_Task-2.mat,B,Task-2,R,F3,47,-0.01171875,-0.63662768,-5.6851663,5.3219644
VisualCogB_Task-2.mat,B,Task-2,R,F3,47,-0.0078125,-0.61478592,-5.9333309,5.5075689
VisualCogB_Task-2.mat,B,Task-2,R,F3,47,-0.00390625,-0.67633526,-6.0914886,5.8068868
VisualCogB_Task-2.mat,B,Task-2,R,F3,47,0,-0.78922295,-6.3774531,5.9199994
VisualCogB_Task-2.mat,B,Task-2,R,F3,47,0.00390625,-0.95194393,-6.7317163,5.9253438
VisualCogB_Task-2.mat,B,Task-2,R,F3,47,0.0078125,-1.1787539,-7.2177647,5.8893102
VisualCogB_Task-2.mat,B,Task-2,R,F3,47,0.01171875,-1.4527953,-7.5716721,5.8779103
VisualCogB_Task-2.mat,B,Task-2,R,F3,47,0.015625,-1.7725432,-8.0251149,5.7765939
VisualCogB_Task-2.mat,B,Task-2,R,F3,47,0.01953125,-2.1133814,-8.7251612,5.6323704
VisualCogB_Task-2.mat,B,Task-2,R,F3,47,0.0234375,-2.4425105,-9.3662144,5.318772
VisualCogB_Task-2.mat,B,Task-2,R,F3,47,0.02734375,-2.7306287,-9.8623465,5.0760627
VisualCogB_Task-2.mat,B,Task-2,R,F3,47,0.03125,-2.9996191,-10.317285,4.9570321
VisualCogB_Task-2.mat,B,Task-2,R,F3,47,0.03515625,-3.2578629,-10.707749,4.8540335
VisualCogB_Task-2.mat,B,Task-2,R,F3,47,0.0390625,-3.4806703,-11.046917,4.8385707
VisualCogB_Task-2.mat,B,Task-2,R,F3,47,0.04296875,-3.6828963,-11.469385,4.6914792
VisualCogB_Task-2.mat,B,Task-2,R,F3,47,0.046875,-3.8805716,-11.970389,4.550883
VisualCogB_Task-2.mat,B,Task-2,R,F3,47,0.05078125,-4.0861574,-12.448346,4.5017912
VisualCogB_Task-2.mat,B,Task-2,R,F3,47,0.0546875,-4.3023199,-12.776751,4.4335353
VisualCogB_Task-2.mat,B,Task-2,R,F3,47,0.05859375,-4.5485087,-13.207182,4.2502059
VisualCogB_Task-2.mat,B,Task-2,R,F3,47,0.0625,-4.8165565,-13.758041,4.0393029
VisualCogB_Task-2.mat,B,Task-2,R,F3,47,0.06640625,-5.0938973,-14.303316,3.8705134
VisualCogB_Task-2.mat,B,Task-2,R,F3,47,0.0703125,-5.3517026,-14.584944,3.9351539
VisualCogB_Task-2.mat,B,Task-2,R,F3,47,0.07421875,-5.5650294,-14.934263,3.9110938
VisualCogB_Task-2.mat,B,Task-2,R,F3,47,0.078125,-5.731016,-15.180128,3.8838232
VisualCogB_Task-2.mat,B,Task-2,R,F3,47,0.08203125,-5.8589506,-15.399438,3.9996217
VisualCogB_Task-2.mat,B,Task-2,R,F3,47,0.0859375,-5.9736029,-15.525892,4.0749706
VisualCogB_Task-2.mat,B,Task-2,R,F3,47,0.08984375,-6.1233014,-15.64932,3.8686922
VisualCogB_Task-2.mat,B,Task-2,R,F3,47,0.09375,-6.3409899,-15.968694,3.7044054
VisualCogB_Task-2.mat,B,Task-2,R,F3,47,0.09765625,-6.6195086,-16.248841,3.4945637
VisualCogB_Task-2.mat,B,Task-2,R,F3,47,0.1015625,-6.9773541,-16.613953,3.2034276
VisualCogB_Task-2.mat,B,Task-2,R,F3,47,0.10546875,-7.3922936,-17.054152,2.8318944
VisualCogB_Task-2.mat,B,Task-2,R,F3,47,0.109375,-7.8594022,-17.515273,2.4643264
VisualCogB_Task-2.mat,B,Task-2,R,F3,47,0.11328125,-8.3572697,-17.990425,2.030747
VisualCogB_Task-2.mat,B,Task-2,R,F3,47,0.1171875,-8.8474031,-18.532227,1.4459282
VisualCogB_Task-2.mat,B,Task-2,R,F3,47,0.12109375,-9.3241313,-19.113888,1.1933855
VisualCogB_Task-2.mat,B,Task-2,R,F3,47,0.125,-9.7916534,-19.653786,0.72878201
VisualCogB_Task-2.mat,B,Task-2,R,F3,47,0.12890625,-10.216065,-20.154222,0.32228657
VisualCogB_Task-2.mat,B,Task-2,R,F3,47,0.1328125,-10.581827,-20.635123,0.025822873
VisualCogB_Task-2.mat,B,Task-2,R,F3,47,0.13671875,-10.897876,-21.087368,-0.20488695
VisualCogB_Task-2.mat,B,Task-2,R,F3,47,0.140625,-11.156985,-21.459619,-0.27361548
VisualCogB_Task-2.mat,B,Task-2,R,F3,47,0.14453125,-11.401867,-21.836355,-0.35762318
VisualCogB_Task-2.mat,B,Task-2,R,F3,47,0.1484375,-11.657239,-22.318607,-0.42317587
VisualCogB_Task-2.mat,B,Task-2,R,F3,47,0.15234375,-11.908014,-22.749846,-0.53294817
VisualCogB_Task-2.mat,B,Task-2,R,F3,47,0.15625,-12.148308,-23.302283,-0.61905512
VisualCogB_Task-2.mat,B,Task-2,R,F3,47,0.16015625,-12.391828,-23.899053,-0.76393082
VisualCogB_Task-2.mat,B,Task-2,R,F3,47,0.1640625,-12.624543,-24.255636,-0.7178656
VisualCogB_Task-2.mat,B,Task-2,R,F3,47,0.16796875,-12.802457,-24.557111,-0.65669899
VisualCogB_Task-2.mat,B,Task-2,R,F3,47,0.171875,-12.929014,-24.864473,-0.40026681
VisualCogB_Task-2.mat,B,Task-2,R,F3,47,0.17578125,-13.000332,-25.371657,-0.19764203
VisualCogB_Task-2.mat,B,Task-2,R,F3,47,0.1796875,-13.042077,-25.629018,0.12002408
VisualCogB_Task-2.mat,B,Task-2,R,F3,47,0.18359375,-13.055312,-25.846372,0.45673507
VisualCogB_Task-2.mat,B,Task-2,R,F3,47,0.1875,-13.025992,-25.997342,0.81646755
VisualCogB_Task-2.mat,B,Task-2,R,F3,47,0.19140625,-12.984235,-26.126471,1.1929856
VisualCogB_Task-2.mat,B,Task-2,R,F3,47,0.1953125,-12.91869,-26.244898,1.503716
VisualCogB_Task-2.mat,B,Task-2,R,F3,47,0.19921875,-12.835819,-26.295599,1.7770119
VisualCogB_Task-2.mat,B,Task-2,R,F3,47,0.203125,-12.75157,-26.39354,2.0131658
VisualCogB_Task-2.mat,B,Task-2,R,F3,47,0.20703125,-12.697987,-26.612135,2.1986104
VisualCogB_Task-2.mat,B,Task-2,R,F3,47,0.2109375,-12.673305,-26.747888,2.3083442
VisualCogB_Task-2.mat,B,Task-2,R,F3,47,0.21484375,-12.661028,-26.813786,2.445606
VisualCogB_Task-2.mat,B,Task-2,R,F3,47,0.21875,-12.675871,-26.832998,2.5297618
VisualCogB_Task-2.mat,B,Task-2,R,F3,47,0.22265625,-12.712729,-26.992393,2.6006182
VisualCogB_Task-2.mat,B,Task-2,R,F3,47,0.2265625,-12.764827,-27.045942,2.7087709
VisualCogB_Task-2.mat,B,Task-2,R,F3,47,0.23046875,-12.830384,-27.25276,2.8105966
VisualCogB_Task-2.mat,B,Task-2,R,F3,47,0.234375,-12.862545,-27.641591,2.8508377
VisualCogB_Task-2.mat,B,Task-2,R,F3,47,0.23828125,-12.88792,-27.9995,2.9220371
VisualCogB_Task-2.mat,B,Task-2,R,F3,47,0.2421875,-12.876399,-28.086939,2.9286656
VisualCogB_Task-2.mat,B,Task-2,R,F3,47,0.24609375,-12.810991,-28.143341,2.9913216
VisualCogB_Task-2.mat,B,Task-2,R,F3,47,0.25,-12.711106,-28.336094,3.0868169
VisualCogB_Task-2.mat,B,Task-2,R,F3,47,0.25390625,-12.60984,-28.39791,3.2972784
VisualCogB_Task-2.mat,B,Task-2,R,F3,47,0.2578125,-12.513832,-28.349338,3.5699882
VisualCogB_Task-2.mat,B,Task-2,R,F3,47,0.26171875,-12.432707,-28.479323,3.8288546
VisualCogB_Task-2.mat,B,Task-2,R,F3,47,0.265625,-12.368539,-28.592594,4.1030097
VisualCogB_Task-2.mat,B,Task-2,R,F3,47,0.26953125,-12.33621,-28.69898,4.3852691
VisualCogB_Task-2.mat,B,Task-2,R,F3,47,0.2734375,-12.307682,-28.774701,4.6767955
VisualCogB_Task-2.mat,B,Task-2,R,F3,47,0.27734375,-12.239889,-28.721765,4.9999111
VisualCogB_Task-2.mat,B,Task-2,R,F3,47,0.28125,-12.097642,-28.669893,5.3486528
VisualCogB_Task-2.mat,B,Task-2,R,F3,47,0.28515625,-11.845793,-28.471971,5.7127002
VisualCogB_Task-2.mat,B,Task-2,R,F3,47,0.2890625,-11.552082,-28.223584,6.0857978
VisualCogB_Task-2.mat,B,Task-2,R,F3,47,0.29296875,-11.24498,-27.968099,6.4589282
VisualCogB_Task-2.mat,B,Task-2,R,F3,47,0.296875,-10.948318,-27.641963,6.7031425
VisualCogB_Task-2.mat,B,Task-2,R,F3,47,0.30078125,-10.641368,-27.663383,7.058203
VisualCogB_Task-2.mat,B,Task-2,R,F3,47,0.3046875,-10.324127,-27.517527,7.4405178
VisualCogB_Task-2.mat,B,Task-2,R,F3,47,0.30859375,-9.9925761,-27.271972,7.840519
VisualCogB_Task-2.mat,B,Task-2,R,F3,47,0.3125,-9.5935505,-26.966667,8.2839664
VisualCogB_Task-2.mat,B,Task-2,R,F3,47,0.31640625,-9.180423,-26.609445,8.7424337
VisualCogB_Task-2.mat,B,Task-2,R,F3,47,0.3203125,-8.7468582,-26.236461,9.2658826
VisualCogB_Task-2.mat,B,Task-2,R,F3,47,0.32421875,-8.3285433,-25.82984,9.7528089
VisualCogB_Task-2.mat,B,Task-2,R,F3,47,0.328125,-7.93429,-25.451567,10.120986
VisualCogB_Task-2.mat,B,Task-2,R,F3,47,0.33203125,-7.5867916,-25.105359,10.338633
VisualCogB_Task-2.mat,B,Task-2,R,F3,47,0.3359375,-7.3280344,-24.82638,10.63205
VisualCogB_Task-2.mat,B,Task-2,R,F3,47,0.33984375,-7.1451063,-24.629027,10.885809
VisualCogB_Task-2.mat,B,Task-2,R,F3,47,0.34375,-7.0526949,-24.525941,11.101754
VisualCogB_Task-2.mat,B,Task-2,R,F3,47,0.34765625,-7.0674056,-24.487958,11.180041
VisualCogB_Task-2.mat,B,Task-2,R,F3,47,0.3515625,-7.1399529,-24.540276,11.115551
VisualCogB_Task-2.mat,B,Task-2,R,F3,47,0.35546875,-7.2167045,-24.61203,10.997529
VisualCogB_Task-2.mat,B,Task-2,R,F3,47,0.359375,-7.2796919,-24.726473,10.873681
VisualCogB_Task-2.mat,B,Task-2,R,F3,47,0.36328125,-7.3944152,-24.840414,10.710647
VisualCogB_Task-2.mat,B,Task-2,R,F3,47,0.3671875,-7.5699024,-25.044576,10.462137
VisualCogB_Task-2.mat,B,Task-2,R,F3,47,0.37109375,-7.8184683,-25.341844,10.045918
VisualCogB_Task-2.mat,B,Task-2,R,F3,47,0.375,-8.149043,-25.70499,9.6058321
VisualCogB_Task-2.mat,B,Task-2,R,F3,47,0.37890625,-8.5552087,-26.148896,9.2293426
VisualCogB_Task-2.mat,B,Task-2,R,F3,47,0.3828125,-9.0304666,-26.678678,8.6403069
VisualCogB_Task-2.mat,B,Task-2,R,F3,47,0.38671875,-9.5225371,-26.993502,8.10374
VisualCogB_Task-2.mat,B,Task-2,R,F3,47,0.390625,-9.954093,-27.28173,7.6913353
VisualCogB_Task-2.mat,B,Task-2,R,F3,47,0.39453125,-10.331034,-27.727052,7.1371804
VisualCogB_Task-2.mat,B,Task-2,R,F3,47,0.3984375,-10.609713,-27.935532,6.6581997
VisualCogB_Task-2.mat,B,Task-2,R,F3,47,0.40234375,-10.837285,-28.011712,6.2157256
VisualCogB_Task-2.mat,B,Task-2,R,F3,47,0.40625,-11.032433,-28.077079,5.8672419
VisualCogB_Task-2.mat,B,Task-2,R,F3,47,0.41015625,-11.098531,-28.005311,5.6662971
VisualCogB_Task-2.mat,B,Task-2,R,F3,47,0.4140625,-11.100829,-27.694226,5.5416315
VisualCogB_Task-2.mat,B,Task-2,R,F3,47,0.41796875,-10.999566,-27.098971,5.4628689
VisualCogB_Task-2.mat,B,Task-2,R,F3,47,0.421875,-10.769665,-26.527858,5.4899699
VisualCogB_Task-2.mat,B,Task-2,R,F3,47,0.42578125,-10.40614,-25.838851,5.729228
VisualCogB_Task-2.mat,B,Task-2,R,F3,47,0.4296875,-9.9539374,-24.942721,5.9944754
VisualCogB_Task-2.mat,B,Task-2,R,F3,47,0.43359375,-9.4511105,-24.219461,6.142881
VisualCogB_Task-2.mat,B,Task-2,R,F3,47,0.4375,-8.9328334,-23.994977,6.6084695
VisualCogB_Task-2.mat,B,Task-2,R,F3,47,0.44140625,-8.422598,-23.444033,6.9513564
VisualCogB_Task-2.mat,B,Task-2,R,F3,47,0.4453125,-7.9035736,-22.962338,7.4050526
VisualCogB_Task-2.mat,B,Task-2,R,F3,47,0.44921875,-7.3776428,-22.587396,7.8727878
VisualCogB_Task-2.mat,B,Task-2,R,F3,47,0.453125,-6.8426094,-21.96472,8.2830754
VisualCogB_Task-2.mat,B,Task-2,R,F3,47,0.45703125,-6.3031344,-21.626494,8.6754086
VisualCogB_Task-2.mat,B,Task-2,R,F3,47,0.4609375,-5.7725318,-21.059889,9.1063802
VisualCogB_Task-2.mat,B,Task-2,R,F3,47,0.46484375,-5.2290538,-20.694651,9.5209502
VisualCogB_Task-2.mat,B,Task-2,R,F3,47,0.46875,-4.6582908,-20.273246,9.9764657
VisualCogB_Task-2.mat,B,Task-2,R,F3,47,0.47265625,-4.06284,-19.696927,10.441658
VisualCogB_Task-2.mat,B,Task-2,R,F3,47,0.4765625,-3.491073,-19.092965,10.925983
VisualCogB_Task-2.mat,B,Task-2,R,F3,47,0.48046875,-2.9253522,-18.40221,11.586046
VisualCogB_Task-2.mat,B,Task-2,R,F3,47,0.484375,-2.3333107,-17.627865,12.241084
VisualCogB_Task-2.mat,B,Task-2,R,F3,47,0.48828125,-1.6950599,-16.744727,12.785207
VisualCogB_Task-2.mat,B,Task-2,R,F3,47,0.4921875,-1.0307353,-16.072143,13.472687
VisualCogB_Task-2.mat,B,Task-2,R,F3,47,0.49609375,-0.31960949,-15.383092,14.268969
VisualCogB_Task-2.mat,B,Task-2,R,F3,47,0.5,0.48922631,-14.505895,15.407207
VisualCogB_Task-2.mat,B,Task-2,R,F3,47,0.50390625,1.411589,-13.638815,16.386582
VisualCogB_Task-2.mat,B,Task-2,R,F3,47,0.5078125,2.4783179,-12.628644,17.354443
VisualCogB_Task-2.mat,B,Task-2,R,F3,47,0.51171875,3.6755802,-11.469737,18.548947
VisualCogB_Task-2.mat,B,Task-2,R,F3,47,0.515625,5.0296647,-10.085716,19.934587
VisualCogB_Task-2.mat,B,Task-2,R,F3,47,0.51953125,6.4890305,-8.8219193,21.173411
VisualCogB_Task-2.mat,B,Task-2,R,F3,47,0.5234375,8.0869668,-7.4320094,22.681418
VisualCogB_Task-2.mat,B,Task-2,R,F3,47,0.52734375,9.814628,-5.9383283,24.491239
VisualCogB_Task-2.mat,B,Task-2,R,F3,47,0.53125,11.587364,-4.2020434,26.646473
VisualCogB_Task-2.mat,B,Task-2,R,F3,47,0.53515625,13.489309,-2.5941417,29.12871
VisualCogB_Task-2.mat,B,Task-2,R,F3,47,0.5390625,15.487808,-0.69531444,31.310955
VisualCogB_Task-2.mat,B,Task-2,R,F3,47,0.54296875,17.53601,0.88884662,33.461013
VisualCogB_Task-2.mat,B,Task-2,R,F3,47,0.546875,19.603393,2.4009367,35.775364
VisualCogB_Task-2.mat,B,Task-2,R,F3,47,0.55078125,21.66886,4.1140419,38.072752
VisualCogB_Task-2.mat,B,Task-2,R,F3,47,0.5546875,23.686632,5.4642061,40.351405
VisualCogB_Task-2.mat,B,Task-2,R,F3,47,0.55859375,25.705623,6.7612033,42.479498
VisualCogB_Task-2.mat,B,Task-2,R,F3,47,0.5625,27.714602,7.9639436,44.557919
VisualCogB_Task-2.mat,B,Task-2,R,F3,47,0.56640625,29.681956,9.3199433,46.336213
VisualCogB_Task-2.mat,B,Task-2,R,F3,47,0.5703125,31.60745,10.99001,48.307237
VisualCogB_Task-2.mat,B,Task-2,R,F3,47,0.57421875,33.465631,12.33439,50.55726
VisualCogB_Task-2.mat,B,Task-2,R,F3,47,0.578125,35.27041,13.967938,52.78281
VisualCogB_Task-2.mat,B,Task-2,R,F3,47,0.58203125,37.008454,15.076257,54.980284
VisualCogB_Task-2.mat,B,Task-2,R,F3,47,0.5859375,38.682788,15.924865,57.255612
VisualCogB_Task-2.mat,B,Task-2,R,F3,47,0.58984375,40.294987,16.896501,59.433543
VisualCogB_Task-2.mat,B,Task-2,R,F3,47,0.59375,41.87948,17.593271,61.771583
VisualCogB_Task-2.mat,B,Task-2,R,F3,47,0.59765625,43.431948,18.687713,63.554765
VisualCogB_Task-2.mat,B,Task-2,R,F3,47,0.6015625,44.954675,19.917261,65.301525
VisualCogB_Task-2.mat,B,Task-2,R,F3,47,0.60546875,46.442142,21.156656,67.020985
VisualCogB_Task-2.mat,B,Task-2,R,F3,47,0.609375,47.866809,22.72751,68.230549
VisualCogB_Task-2.mat,B,Task-2,R,F3,47,0.61328125,49.236074,24.382258,69.756569
VisualCogB_Task-2.mat,B,Task-2,R,F3,47,0.6171875,50.592353,25.976078,71.305579
VisualCogB_Task-2.mat,B,Task-2,R,F3,47,0.62109375,51.929276,27.164188,72.809433
VisualCogB_Task-2.mat,B,Task-2,R,F3,47,0.625,53.247901,28.280629,73.962085
VisualCogB_Task-2.mat,B,Task-2,R,F3,47,0.62890625,54.517974,29.694922,75.000823
VisualCogB_Task-2.mat,B,Task-2,R,F3,47,0.6328125,55.727519,31.156968,76.03779
VisualCogB_Task-2.mat,B,Task-2,R,F3,47,0.63671875,56.856656,32.496593,77.132432
VisualCogB_Task-2.mat,B,Task-2,R,F3,47,0.640625,57.915403,33.837922,78.268459
VisualCogB_Task-2.mat,B,Task-2,R,F3,47,0.64453125,58.911585,35.356415,79.333012
VisualCogB_Task-2.mat,B,Task-2,R,F3,47,0.6484375,59.869401,37.052239,80.323978
VisualCogB_Task-2.mat,B,Task-2,R,F3,47,0.65234375,60.794175,38.38542,81.506998
VisualCogB_Task-2.mat,B,Task-2,R,F3,47,0.65625,61.6547,39.290796,82.466594
VisualCogB_Task-2.mat,B,Task-2,R,F3,47,0.66015625,62.428365,40.466893,83.694073
VisualCogB_Task-2.mat,B,Task-2,R,F3,47,0.6640625,63.119961,41.267724,84.727048
VisualCogB_Task-2.mat,B,Task-2,R,F3,47,0.66796875,63.722489,41.550163,85.287093
VisualCogB_Task-2.mat,B,Task-2,R,F3,47,0.671875,64.258877,42.408043,85.487451
VisualCogB_Task-2.mat,B,Task-2,R,F3,47,0.67578125,64.750799,43.320258,85.562523
VisualCogB_Task-2.mat,B,Task-2,R,F3,47,0.6796875,65.211605,44.234008,85.71952
VisualCogB_Task-2.mat,B,Task-2,R,F3,47,0.68359375,65.660102,44.952022,85.974525
VisualCogB_Task-2.mat,B,Task-2,R,F3,47,0.6875,66.106665,46.043602,86.291455
VisualCogB_Task-2.mat,B,Task-2,R,F3,47,0.69140625,66.537685,46.52525,86.638518
VisualCogB_Task-2.mat,B,Task-2,R,F3,47,0.6953125,66.94258,47.102434,87.099678
VisualCogB_Task-2.mat,B,Task-2,R,F3,47,0.69921875,67.309386,47.433168,87.431836
VisualCogB_Task-2.mat,B,Task-2,R,F3,47,0.703125,67.635513,47.443923,87.48228
VisualCogB_Task-2.mat,B,Task-2,R,F3,47,0.70703125,67.909029,47.981965,88.138933
VisualCogB_Task-2.mat,B,Task-2,R,F3,47,0.7109375,68.130675,48.142863,88.596321
VisualCogB_Task-2.mat,B,Task-2,R,F3,47,0.71484375,68.287986,48.522733,88.929217
VisualCogB_Task-2.mat,B,Task-2,R,F3,47,0.71875,68.361388,48.555581,88.907519
VisualCogB_Task-2.mat,B,Task-2,R,F3,47,0.72265625,68.343412,48.425411,88.812081
VisualCogB_Task-2.mat,B,Task-2,R,F3,47,0.7265625,68.221877,48.125718,88.755005
VisualCogB_Task-2.mat,B,Task-2,R,F3,47,0.73046875,68.000863,47.629839,88.57763
VisualCogB_Task-2.mat,B,Task-2,R,F3,47,0.734375,67.70349,47.191043,88.655714
VisualCogB_Task-2.mat,B,Task-2,R,F3,47,0.73828125,67.314874,46.901875,88.365691
VisualCogB_Task-2.mat,B,Task-2,R,F3,47,0.7421875,66.823247,46.565499,87.730002
VisualCogB_Task-2.mat,B,Task-2,R,F3,47,0.74609375,66.229444,46.034674,87.035934
VisualCogB_Task-2.mat,B,Task-2,R,F3,47,0.75,65.52903,45.303554,86.208719
VisualCogB_Task-2.mat,B,Task-2,R,F3,47,0.75390625,64.725066,44.514657,85.226187
VisualCogB_Task-2.mat,B,Task-2,R,F3,47,0.7578125,63.837524,43.737403,84.101688
VisualCogB_Task-2.mat,B,Task-2,R,F3,47,0.76171875,62.880616,43.190545,82.867573
VisualCogB_Task-2.mat,B,Task-2,R,F3,47,0.765625,61.871027,42.158522,81.665368
VisualCogB_Task-2.mat,B,Task-2,R,F3,47,0.76953125,60.825803,41.246292,80.328727
VisualCogB_Task-2.mat,B,Task-2,R,F3,47,0.7734375,59.762089,40.376838,79.151778
VisualCogB_Task-2.mat,B,Task-2,R,F3,47,0.77734375,58.703319,39.235701,77.989767
VisualCogB_Task-2.mat,B,Task-2,R,F3,47,0.78125,57.677318,38.303905,76.430181
VisualCogB_Task-2.mat,B,Task-2,R,F3,47,0.78515625,56.679379,37.412614,75.186981
VisualCogB_Task-2.mat,B,Task-2,R,F3,47,0.7890625,55.714845,36.51039,74.119592
VisualCogB_Task-2.mat,B,Task-2,R,F3,47,0.79296875,54.785522,35.548581,73.477726
VisualCogB_Task-2.mat,B,Task-2,R,F3,47,0.796875,53.89342,34.502516,73.082603
VisualCogB_Task-2.mat,B,Task-2,R,F3,47,0.80078125,53.026106,33.368775,72.348917
VisualCogB_Task-2.mat,B,Task-2,R,F3,47,0.8046875,52.170532,32.840218,72.019781
VisualCogB_Task-2.mat,B,Task-2,R,F3,47,0.80859375,51.306565,32.103978,71.56007
VisualCogB_Task-2.mat,B,Task-2,R,F3,47,0.8125,50.429304,31.227175,71.287647
VisualCogB_Task-2.mat,B,Task-2,R,F3,47,0.81640625,49.520727,30.349717,70.880124
VisualCogB_Task-2.mat,B,Task-2,R,F3,47,0.8203125,48.57394,29.383112,70.410997
VisualCogB_Task-2.mat,B,Task-2,R,F3,47,0.82421875,47.584226,28.578142,69.511565
VisualCogB_Task-2.mat,B,Task-2,R,F3,47,0.828125,46.553401,27.512438,68.685406
VisualCogB_Task-2.mat,B,Task-2,R,F3,47,0.83203125,45.491458,26.362235,68.103291
VisualCogB_Task-2.mat,B,Task-2,R,F3,47,0.8359375,44.416081,25.186219,67.03474
VisualCogB_Task-2.mat,B,Task-2,R,F3,47,0.83984375,43.35839,24.034977,66.254952
VisualCogB_Task-2.mat,B,Task-2,R,F3,47,0.84375,42.338534,22.952487,65.54227
VisualCogB_Task-2.mat,B,Task-2,R,F3,47,0.84765625,41.369857,22.033739,64.780588
VisualCogB_Task-2.mat,B,Task-2,R,F3,47,0.8515625,40.458685,21.356021,63.970551
VisualCogB_Task-2.mat,B,Task-2,R,F3,47,0.85546875,39.602798,20.748971,63.219032
VisualCogB_Task-2.mat,B,Task-2,R,F3,47,0.859375,38.794676,19.980103,62.653212
VisualCogB_Task-2.mat,B,Task-2,R,F3,47,0.86328125,38.046114,19.175169,62.092713
VisualCogB_Task-2.mat,B,Task-2,R,F3,47,0.8671875,37.362618,18.334358,61.473886
VisualCogB_Task-2.mat,B,Task-2,R,F3,47,0.87109375,36.753479,17.64168,60.787839
VisualCogB_Task-2.mat,B,Task-2,R,F3,47,0.875,36.217584,17.085712,60.08292
VisualCogB_Task-2.mat,B,Task-2,R,F3,47,0.87890625,35.740039,16.567977,59.35418
VisualCogB_Task-2.mat,B,Task-2,R,F3,47,0.8828125,35.302298,15.999407,58.483503
VisualCogB_Task-2.mat,B,Task-2,R,F3,47,0.88671875,34.870156,15.461234,57.869824
VisualCogB_Task-2.mat,B,Task-2,R,F3,47,0.890625,34.410648,14.933803,57.350284
VisualCogB_Task-2.mat,B,Task-2,R,F3,47,0.89453125,33.901193,14.413135,56.682196
VisualCogB_Task-2.mat,B,Task-2,R,F3,47,0.8984375,33.325641,13.826278,56.011497
VisualCogB_Task-2.mat,B,Task-2,R,F3,47,0.90234375,32.710641,13.126911,55.315413
VisualCogB_Task-2.mat,B,Task-2,R,F3,47,0.90625,32.03586,12.363947,54.534005
VisualCogB_Task-2.mat,B,Task-2,R,F3,47,0.91015625,31.340695,11.416367,53.710526
VisualCogB_Task-2.mat,B,Task-2,R,F3,47,0.9140625,30.596684,10.594567,52.992217
VisualCogB_Task-2.mat,B,Task-2,R,F3,47,0.91796875,29.818293,9.7512224,52.320003
VisualCogB_Task-2.mat,B,Task-2,R,F3,47,0.921875,29.026056,8.8887057,51.534886
VisualCogB_Task-2.mat,B,Task-2,R,F3,47,0.92578125,28.164511,8.08633,50.661404
VisualCogB_Task-2.mat,B,Task-2,R,F3,47,0.9296875,27.292386,7.2715389,50.033357
VisualCogB_Task-2.mat,B,Task-2,R,F3,47,0.93359375,26.422878,6.4872434,49.395222
VisualCogB_Task-2.mat,B,Task-2,R,F3,47,0.9375,25.585559,5.7860066,48.664964
VisualCogB_Task-2.mat,B,Task-2,R,F3,47,0.94140625,24.616231,5.0473386,47.639405
VisualCogB_Task-2.mat,B,Task-2,R,F3,47,0.9453125,23.686171,4.3691771,46.382916
VisualCogB_Task-2.mat,B,Task-2,R,F3,47,0.94921875,22.810083,3.531414,45.135646
VisualCogB_Task-2.mat,B,Task-2,R,F3,47,0.953125,22.002671,2.7104275,43.906452
VisualCogB_Task-2.mat,B,Task-2,R,F3,47,0.95703125,21.278639,1.9983922,42.791053
VisualCogB_Task-2.mat,B,Task-2,R,F3,47,0.9609375,20.652692,1.4140015,41.949368
VisualCogB_Task-2.mat,B,Task-2,R,F3,47,0.96484375,20.139534,0.97594887,41.156351
VisualCogB_Task-2.mat,B,Task-2,R,F3,47,0.96875,19.753867,0.69554042,40.390771
VisualCogB_Task-2.mat,B,Task-2,R,F3,47,0.97265625,19.510398,0.53488546,39.849192
VisualCogB_Task-2.mat,B,Task-2,R,F3,47,0.9765625,19.423829,0.57678343,39.537507
VisualCogB_Task-2.mat,B,Task-2,R,F3,47,0.98046875,19.508865,0.48674622,39.381645
VisualCogB_Task-2.mat,B,Task-2,R,F3,47,0.984375,19.78021,0.70724991,39.159048
VisualCogB_Task-2.mat,B,Task-2,R,F3,47,0.98828125,20.252568,1.1572645,39.274491
VisualCogB_Task-2.mat,B,Task-2,R,F3,47,0.9921875,20.940644,1.838239,39.388375
VisualCogB_Task-2.mat,B,Task-2,R,F3,47,0.99609375,21.85914,2.7159819,39.715336
VisualCogB_Task-2.mat,B,Task-2,R,F4,47,-0.5,17.284957,0.20482002,30.760284
VisualCogB_Task-2.mat,B,Task-2,R,F4,47,-0.49609375,17.005495,0.73410457,30.23004
VisualCogB_Task-2.mat,B,Task-2,R,F4,47,-0.4921875,16.715248,0.73319894,29.94891
VisualCogB_Task-2.mat,B,Task-2,R,F4,47,-0.48828125,16.415431,0.70452836,29.44446
VisualCogB_Task-2.mat,B,Task-2,R,F4,47,-0.484375,16.107258,0.40831636,28.90569
VisualCogB_Task-2.mat,B,Task-2,R,F4,47,-0.48046875,15.791943,0.2021635,28.546128
VisualCogB_Task-2.mat,B,Task-2,R,F4,47,-0.4765625,15.470699,-0.056681976,28.377301
VisualCogB_Task-2.mat,B,Task-2,R,F4,47,-0.47265625,15.144741,-0.53872562,27.991125
VisualCogB_Task-2.mat,B,Task-2,R,F4,47,-0.46875,14.815283,-1.0051339,27.486129
VisualCogB_Task-2.mat,B,Task-2,R,F4,47,-0.46484375,14.483539,-1.055623,26.899449
VisualCogB_Task-2.mat,B,Task-2,R,F4,47,-0.4609375,14.150722,-1.0528892,26.286868
VisualCogB_Task-2.mat,B,Task-2,R,F4,47,-0.45703125,13.818047,-1.0210486,25.655712
VisualCogB_Task-2.mat,B,Task-2,R,F4,47,-0.453125,13.486728,-1.0509403,25.015602
VisualCogB_Task-2.mat,B,Task-2,R,F4,47,-0.44921875,13.157978,-1.1725696,24.453844
VisualCogB_Task-2.mat,B,Task-2,R,F4,47,-0.4453125,12.833013,-1.2548452,24.156647
VisualCogB_Task-2.mat,B,Task-2,R,F4,47,-0.44140625,12.513044,-1.3017309,23.794751
VisualCogB_Task-2.mat,B,Task-2,R,F4,47,-0.4375,12.178504,-1.4425989,23.224177
VisualCogB_Task-2.mat,B,Task-2,R,F4,47,-0.43359375,11.864382,-1.4622311,22.722732
VisualCogB_Task-2.mat,B,Task-2,R,F4,47,-0.4296875,11.566915,-1.298302,22.179662
VisualCogB_Task-2.mat,B,Task-2,R,F4,47,-0.42578125,11.300487,-1.1185312,21.71795
VisualCogB_Task-2.mat,B,Task-2,R,F4,47,-0.421875,11.065262,-0.92471085,21.35038
VisualCogB_Task-2.mat,B,Task-2,R,F4,47,-0.41796875,10.871517,-0.71940971,21.019697
VisualCogB_Task-2.mat,B,Task-2,R,F4,47,-0.4140625,10.710128,-0.52268065,20.738072
VisualCogB_Task-2.mat,B,Task-2,R,F4,47,-0.41015625,10.542715,-0.34699969,20.368666
VisualCogB_Task-2.mat,B,Task-2,R,F4,47,-0.40625,10.356127,-0.42092558,20.007496
VisualCogB_Task-2.mat,B,Task-2,R,F4,47,-0.40234375,10.147643,-0.38574904,19.625865
VisualCogB_Task-2.mat,B,Task-2,R,F4,47,-0.3984375,9.9290344,-0.58418013,19.268965
VisualCogB_Task-2.mat,B,Task-2,R,F4,47,-0.39453125,9.6910028,-0.69118693,18.857024
VisualCogB_Task-2.mat,B,Task-2,R,F4,47,-0.390625,9.4688457,-0.83040239,18.543364
VisualCogB_Task-2.mat,B,Task-2,R,F4,47,-0.38671875,9.252591,-1.1318274,18.129169
VisualCogB_Task-2.mat,B,Task-2,R,F4,47,-0.3828125,9.0551709,-1.3784733,17.841843
VisualCogB_Task-2.mat,B,Task-2,R,F4,47,-0.37890625,8.9033875,-1.7394421,17.76979
VisualCogB_Task-2.mat,B,Task-2,R,F4,47,-0.375,8.7809725,-2.0788931,17.656811
VisualCogB_Task-2.mat,B,Task-2,R,F4,47,-0.37109375,8.683706,-2.3170423,17.4095
VisualCogB_Task-2.mat,B,Task-2,R,F4,47,-0.3671875,8.5925518,-2.5403938,17.338367
VisualCogB_Task-2.mat,B,Task-2,R,F4,47,-0.36328125,8.4941669,-2.7228431,17.249834
VisualCogB_Task-2.mat,B,Task-2,R,F4,47,-0.359375,8.3850107,-2.8507361,17.091199
VisualCogB_Task-2.mat,B,Task-2,R,F4,47,-0.35546875,8.2469294,-2.8887278,16.768465
VisualCogB_Task-2.mat,B,Task-2,R,F4,47,-0.3515625,8.094736,-2.8357494,16.372456
VisualCogB_Task-2.mat,B,Task-2,R,F4,47,-0.34765625,7.9446299,-2.7165579,15.90141
VisualCogB_Task-2.mat,B,Task-2,R,F4,47,-0.34375,7.8019579,-2.5934441,15.314251
VisualCogB_Task-2.mat,B,Task-2,R,F4,47,-0.33984375,7.6505346,-2.5063274,14.964678
VisualCogB_Task-2.mat,B,Task-2,R,F4,47,-0.3359375,7.4866172,-2.4431482,14.678567
VisualCogB_Task-2.mat,B,Task-2,R,F4,47,-0.33203125,7.3323778,-2.3149777,14.400793
VisualCogB_Task-2.mat,B,Task-2,R,F4,47,-0.328125,7.1758546,-2.219786,14.075528
VisualCogB_Task-2.mat,B,Task-2,R,F4,47,-0.32421875,7.0497069,-2.1300884,13.814972
VisualCogB_Task-2.mat,B,Task-2,R,F4,47,-0.3203125,6.9759309,-1.9952506,13.624891
VisualCogB_Task-2.mat,B,Task-2,R,F4,47,-0.31640625,6.9368298,-2.0177026,13.411365
VisualCogB_Task-2.mat,B,Task-2,R,F4,47,-0.3125,6.9329555,-1.8754179,13.366073
VisualCogB_Task-2.mat,B,Task-2,R,F4,47,-0.30859375,6.9662638,-1.6192383,13.154381
VisualCogB_Task-2.mat,B,Task-2,R,F4,47,-0.3046875,7.0055863,-1.3840809,12.896712
VisualCogB_Task-2.mat,B,Task-2,R,F4,47,-0.30078125,7.0390071,-1.1891522,12.678464
VisualCogB_Task-2.mat,B,Task-2,R,F4,47,-0.296875,7.0438497,-1.0179872,12.49227
VisualCogB_Task-2.mat,B,Task-2,R,F4,47,-0.29296875,6.998998,-0.96994674,12.20445
VisualCogB_Task-2.mat,B,Task-2,R,F4,47,-0.2890625,6.909579,-1.0057246,12.111084
VisualCogB_Task-2.mat,B,Task-2,R,F4,47,-0.28515625,6.7902494,-1.1751044,11.912305
VisualCogB_Task-2.mat,B,Task-2,R,F4,47,-0.28125,6.6434787,-1.266239,11.684747
VisualCogB_Task-2.mat,B,Task-2,R,F4,47,-0.27734375,6.4891414,-1.243392,11.516759
VisualCogB_Task-2.mat,B,Task-2,R,F4,47,-0.2734375,6.3510869,-1.2760393,11.248371
VisualCogB_Task-2.mat,B,Task-2,R,F4,47,-0.26953125,6.2393224,-1.394858,11.243623
VisualCogB_Task-2.mat,B,Task-2,R,F4,47,-0.265625,6.1691141,-1.4132499,11.218174
VisualCogB_Task-2.mat,B,Task-2,R,F4,47,-0.26171875,6.1326241,-1.3686704,11.202475
VisualCogB_Task-2.mat,B,Task-2,R,F4,47,-0.2578125,6.1011851,-1.3490022,11.088121
VisualCogB_Task-2.mat,B,Task-2,R,F4,47,-0.25390625,6.0652952,-1.3255129,11.010163
VisualCogB_Task-2.mat,B,Task-2,R,F4,47,-0.25,6.0353166,-1.1962544,10.879999
VisualCogB_Task-2.mat,B,Task-2,R,F4,47,-0.24609375,6.0029051,-1.0383701,10.647073
VisualCogB_Task-2.mat,B,Task-2,R,F4,47,-0.2421875,5.963295,-0.80887393,10.565699
VisualCogB_Task-2.mat,B,Task-2,R,F4,47,-0.23828125,5.9017531,-0.53522841,10.432702
VisualCogB_Task-2.mat,B,Task-2,R,F4,47,-0.234375,5.8445767,-0.2010715,10.315862
VisualCogB_Task-2.mat,B,Task-2,R,F4,47,-0.23046875,5.7844475,0.03164601,9.911734
VisualCogB_Task-2.mat,B,Task-2,R,F4,47,-0.2265625,5.714608,0.14183431,9.5717098
VisualCogB_Task-2.mat,B,Task-2,R,F4,47,-0.22265625,5.634391,0.26014554,9.545837
VisualCogB_Task-2.mat,B,Task-2,R,F4,47,-0.21875,5.5404402,0.35450623,9.4712339
VisualCogB_Task-2.mat,B,Task-2,R,F4,47,-0.21484375,5.4377528,0.35704051,9.1960835
VisualCogB_Task-2.mat,B,Task-2,R,F4,47,-0.2109375,5.323027,0.4879407,9.1842869
VisualCogB_Task-2.mat,B,Task-2,R,F4,47,-0.20703125,5.2128128,0.5538995,9.0437966
VisualCogB_Task-2.mat,B,Task-2,R,F4,47,-0.203125,5.0953762,0.60256752,8.8494983
VisualCogB_Task-2.mat,B,Task-2,R,F4,47,-0.19921875,4.9625453,0.73506281,8.7516163
VisualCogB_Task-2.mat,B,Task-2,R,F4,47,-0.1953125,4.8174256,0.85953091,8.6381398
VisualCogB_Task-2.mat,B,Task-2,R,F4,47,-0.19140625,4.6424886,0.79723299,8.314823
VisualCogB_Task-2.mat,B,Task-2,R,F4,47,-0.1875,4.4390726,0.87556599,7.9340383
VisualCogB_Task-2.mat,B,Task-2,R,F4,47,-0.18359375,4.1833807,0.7663551,7.4953004
VisualCogB_Task-2.mat,B,Task-2,R,F4,47,-0.1796875,3.8992565,0.55045729,7.0854127
VisualCogB_Task-2.mat,B,Task-2,R,F4,47,-0.17578125,3.6119418,0.30429432,6.7327703
VisualCogB_Task-2.mat,B,Task-2,R,F4,47,-0.171875,3.3293314,0.14718878,6.3078492
VisualCogB_Task-2.mat,B,Task-2,R,F4,47,-0.16796875,3.0603796,0.05632126,5.9455666
VisualCogB_Task-2.mat,B,Task-2,R,F4,47,-0.1640625,2.7877712,-0.050033291,5.4627421
VisualCogB_Task-2.mat,B,Task-2,R,F4,47,-0.16015625,2.5178041,-0.13638834,5.0874631
VisualCogB_Task-2.mat,B,Task-2,R,F4,47,-0.15625,2.2420472,-0.34952942,4.8564595
VisualCogB_Task-2.mat,B,Task-2,R,F4,47,-0.15234375,1.9656097,-0.55620743,4.6120562
VisualCogB_Task-2.mat,B,Task-2,R,F4,47,-0.1484375,1.7114597,-0.67466188,4.2382589
VisualCogB_Task-2.mat,B,Task-2,R,F4,47,-0.14453125,1.4837723,-0.87176323,3.9163586
VisualCogB_Task-2.mat,B,Task-2,R,F4,47,-0.140625,1.2809779,-1.1589112,3.7183404
VisualCogB_Task-2.mat,B,Task-2,R,F4,47,-0.13671875,1.1184238,-1.326455,3.5371605
VisualCogB_Task-2.mat,B,Task-2,R,F4,47,-0.1328125,0.99839261,-1.2794126,3.2926531
VisualCogB_Task-2.mat,B,Task-2,R,F4,47,-0.12890625,0.90440759,-1.1716338,3.1236974
VisualCogB_Task-2.mat,B,Task-2,R,F4,47,-0.125,0.83216988,-1.0999059,2.910232
VisualCogB_Task-2.mat,B,Task-2,R,F4,47,-0.12109375,0.77766887,-1.2925129,2.8354239
VisualCogB_Task-2.mat,B,Task-2,R,F4,47,-0.1171875,0.73686179,-1.3529669,2.6853483
VisualCogB_Task-2.mat,B,Task-2,R,F4,47,-0.11328125,0.70042661,-1.231536,2.5942506
VisualCogB_Task-2.mat,B,Task-2,R,F4,47,-0.109375,0.64730983,-1.1583001,2.4346127
VisualCogB_Task-2.mat,B,Task-2,R,F4,47,-0.10546875,0.55925141,-1.2264287,2.2274358
VisualCogB_Task-2.mat,B,Task-2,R,F4,47,-0.1015625,0.42318914,-1.3129917,2.0174298
VisualCogB_Task-2.mat,B,Task-2,R,F4,47,-0.09765625,0.23346547,-1.6553371,1.8435482
VisualCogB_Task-2.mat,B,Task-2,R,F4,47,-0.09375,-0.014695179,-1.8007095,1.7247916
VisualCogB_Task-2.mat,B,Task-2,R,F4,47,-0.08984375,-0.30580277,-2.2265015,1.579734
VisualCogB_Task-2.mat,B,Task-2,R,F4,47,-0.0859375,-0.6120194,-2.6532122,1.3382869
VisualCogB_Task-2.mat,B,Task-2,R,F4,47,-0.08203125,-0.92237129,-2.9987094,1.0438174
VisualCogB_Task-2.mat,B,Task-2,R,F4,47,-0.078125,-1.2281714,-3.535785,0.87456803
VisualCogB_Task-2.mat,B,Task-2,R,F4,47,-0.07421875,-1.5116891,-3.9541499,0.72068535
VisualCogB_Task-2.mat,B,Task-2,R,F4,47,-0.0703125,-1.7759933,-4.263865,0.43353137
VisualCogB_Task-2.mat,B,Task-2,R,F4,47,-0.06640625,-2.0424325,-4.556063,0.17322258
VisualCogB_Task-2.mat,B,Task-2,R,F4,47,-0.0625,-2.2861085,-4.8171433,-0.014750425
VisualCogB_Task-2.mat,B,Task-2,R,F4,47,-0.05859375,-2.5447386,-5.106489,-0.19074941
VisualCogB_Task-2.mat,B,Task-2,R,F4,47,-0.0546875,-2.8285756,-5.3839354,-0.41486297
VisualCogB_Task-2.mat,B,Task-2,R,F4,47,-0.05078125,-3.1247989,-5.6497927,-0.68822842
VisualCogB_Task-2.mat,B,Task-2,R,F4,47,-0.046875,-3.4339233,-5.9566269,-0.94113607
VisualCogB_Task-2.mat,B,Task-2,R,F4,47,-0.04296875,-3.7219936,-6.2633456,-1.1950524
VisualCogB_Task-2.mat,B,Task-2,R,F4,47,-0.0390625,-3.9737263,-6.6445948,-1.3398584
VisualCogB_Task-2.mat,B,Task-2,R,F4,47,-0.03515625,-4.1730768,-7.0535895,-1.395627
VisualCogB_Task-2.mat,B,Task-2,R,F4,47,-0.03125,-4.312633,-7.4095853,-1.2672221
VisualCogB_Task-2.mat,B,Task-2,R,F4,47,-0.02734375,-4.4064918,-7.7009444,-0.9926408
VisualCogB_Task-2.mat,B,Task-2,R,F4,47,-0.0234375,-4.4630491,-8.0597423,-0.83088674
VisualCogB_Task-2.mat,B,Task-2,R,F4,47,-0.01953125,-4.5031802,-8.3637279,-0.60074436
VisualCogB_Task-2.mat,B,Task-2,R,F4,47,-0.015625,-4.5345254,-8.5811566,-0.34164107
VisualCogB_Task-2.mat,B,Task-2,R,F4,47,-0.01171875,-4.5661909,-8.7889967,0.019092913
VisualCogB_Task-2.mat,B,Task-2,R,F4,47,-0.0078125,-4.6076509,-9.0621522,0.34285005
VisualCogB_Task-2.mat,B,Task-2,R,F4,47,-0.00390625,-4.6629143,-9.3311731,0.65045304
VisualCogB_Task-2.mat,B,Task-2,R,F4,47,0,-4.7350668,-9.5196858,0.84271327
VisualCogB_Task-2.mat,B,Task-2,R,F4,47,0.00390625,-4.8335813,-9.7678761,0.96713461
VisualCogB_Task-2.mat,B,Task-2,R,F4,47,0.0078125,-4.9662634,-10.097643,1.0374754
VisualCogB_Task-2.mat,B,Task-2,R,F4,47,0.01171875,-5.1342606,-10.441338,1.1505189
VisualCogB_Task-2.mat,B,Task-2,R,F4,47,0.015625,-5.3344771,-10.724065,1.1385961
VisualCogB_Task-2.mat,B,Task-2,R,F4,47,0.01953125,-5.5564388,-11.031139,1.0722758
VisualCogB_Task-2.mat,B,Task-2,R,F4,47,0.0234375,-5.7915637,-11.321683,1.0192333
VisualCogB_Task-2.mat,B,Task-2,R,F4,47,0.02734375,-6.0150386,-11.603857,0.94025384
VisualCogB_Task-2.mat,B,Task-2,R,F4,47,0.03125,-6.2095416,-11.833906,0.90923746
VisualCogB_Task-2.mat,B,Task-2,R,F4,47,0.03515625,-6.3846175,-12.109486,0.66267216
VisualCogB_Task-2.mat,B,Task-2,R,F4,47,0.0390625,-6.5535845,-12.397578,0.45919534
VisualCogB_Task-2.mat,B,Task-2,R,F4,47,0.04296875,-6.7207507,-12.540179,0.10405876
VisualCogB_Task-2.mat,B,Task-2,R,F4,47,0.046875,-6.9274136,-12.818917,0.10746509
VisualCogB_Task-2.mat,B,Task-2,R,F4,47,0.05078125,-7.1753047,-13.061844,0.093888841
VisualCogB_Task-2.mat,B,Task-2,R,F4,47,0.0546875,-7.4708622,-13.500786,-0.12160883
VisualCogB_Task-2.mat,B,Task-2,R,F4,47,0.05859375,-7.8357743,-14.050902,-0.39320967
VisualCogB_Task-2.mat,B,Task-2,R,F4,47,0.0625,-8.2375673,-14.528071,-0.67198393
VisualCogB_Task-2.mat,B,Task-2,R,F4,47,0.06640625,-8.6476219,-15.053923,-1.0048781
VisualCogB_Task-2.mat,B,Task-2,R,F4,47,0.0703125,-9.0615975,-15.619571,-1.5402467
VisualCogB_Task-2.mat,B,Task-2,R,F4,47,0.07421875,-9.4652003,-16.121956,-2.1721302
VisualCogB_Task-2.mat,B,Task-2,R,F4,47,0.078125,-9.8547192,-16.566764,-2.6171028
VisualCogB_Task-2.mat,B,Task-2,R,F4,47,0.08203125,-10.238885,-17.068261,-2.9623021
VisualCogB_Task-2.mat,B,Task-2,R,F4,47,0.0859375,-10.617079,-17.583134,-3.3058199
VisualCogB_Task-2.mat,B,Task-2,R,F4,47,0.08984375,-11.017092,-17.938048,-3.69495
VisualCogB_Task-2.mat,B,Task-2,R,F4,47,0.09375,-11.437843,-18.533497,-4.0257846
VisualCogB_Task-2.mat,B,Task-2,R,F4,47,0.09765625,-11.887223,-19.075029,-4.2915316
VisualCogB_Task-2.mat,B,Task-2,R,F4,47,0.1015625,-12.352498,-19.58814,-4.6700663
VisualCogB_Task-2.mat,B,Task-2,R,F4,47,0.10546875,-12.828341,-20.114774,-5.0388449
VisualCogB_Task-2.mat,B,Task-2,R,F4,47,0.109375,-13.30513,-20.700391,-5.382931
VisualCogB_Task-2.mat,B,Task-2,R,F4,47,0.11328125,-13.781656,-21.26148,-5.7251546
VisualCogB_Task-2.mat,B,Task-2,R,F4,47,0.1171875,-14.26612,-21.838763,-6.0415268
VisualCogB_Task-2.mat,B,Task-2,R,F4,47,0.12109375,-14.738098,-22.373558,-6.4875606
VisualCogB_Task-2.mat,B,Task-2,R,F4,47,0.125,-15.175159,-22.948256,-6.9143034
VisualCogB_Task-2.mat,B,Task-2,R,F4,47,0.12890625,-15.55691,-23.471167,-7.1989429
VisualCogB_Task-2.mat,B,Task-2,R,F4,47,0.1328125,-15.864838,-23.961316,-7.4808321
VisualCogB_Task-2.mat,B,Task-2,R,F4,47,0.13671875,-16.111338,-24.421386,-7.6208102
VisualCogB_Task-2.mat,B,Task-2,R,F4,47,0.140625,-16.320917,-24.705602,-7.7729214
VisualCogB_Task-2.mat,B,Task-2,R,F4,47,0.14453125,-16.51631,-25.032113,-7.8470536
VisualCogB_Task-2.mat,B,Task-2,R,F4,47,0.1484375,-16.731415,-25.279852,-7.8408334
VisualCogB_Task-2.mat,B,Task-2,R,F4,47,0.15234375,-16.977951,-25.614627,-7.9344313
VisualCogB_Task-2.mat,B,Task-2,R,F4,47,0.15625,-17.256453,-25.966316,-8.0592317
VisualCogB_Task-2.mat,B,Task-2,R,F4,47,0.16015625,-17.55325,-26.263955,-8.286254
VisualCogB_Task-2.mat,B,Task-2,R,F4,47,0.1640625,-17.874313,-26.607789,-8.5194654
VisualCogB_Task-2.mat,B,Task-2,R,F4,47,0.16796875,-18.188983,-26.926232,-8.8443131
VisualCogB_Task-2.mat,B,Task-2,R,F4,47,0.171875,-18.461927,-27.260501,-9.0234718
VisualCogB_Task-2.mat,B,Task-2,R,F4,47,0.17578125,-18.674562,-27.467771,-9.1298327
VisualCogB_Task-2.mat,B,Task-2,R,F4,47,0.1796875,-18.849539,-27.620379,-9.1880054
VisualCogB_Task-2.mat,B,Task-2,R,F4,47,0.18359375,-19.008274,-27.821638,-9.1992496
VisualCogB_Task-2.mat,B,Task-2,R,F4,47,0.1875,-19.164414,-27.952902,-9.1762203
VisualCogB_Task-2.mat,B,Task-2,R,F4,47,0.19140625,-19.33804,-28.159178,-9.1509259
VisualCogB_Task-2.mat,B,Task-2,R,F4,47,0.1953125,-19.471216,-28.58258,-9.2280559
VisualCogB_Task-2.mat,B,Task-2,R,F4,47,0.19921875,-19.558777,-28.872033,-9.3128431
VisualCogB_Task-2.mat,B,Task-2,R,F4,47,0.203125,-19.590308,-29.139483,-9.1641695
VisualCogB_Task-2.mat,B,Task-2,R,F4,47,0.20703125,-19.603447,-29.296785,-9.057392
VisualCogB_Task-2.mat,B,Task-2,R,F4,47,0.2109375,-19.564508,-29.563969,-8.7509417
VisualCogB_Task-2.mat,B,Task-2,R,F4,47,0.21484375,-19.516967,-29.918463,-8.3950543
VisualCogB_Task-2.mat,B,Task-2,R,F4,47,0.21875,-19.448913,-30.191167,-8.0380399
VisualCogB_Task-2.mat,B,Task-2,R,F4,47,0.22265625,-19.3804,-30.41742,-7.6968473
VisualCogB_Task-2.mat,B,Task-2,R,F4,47,0.2265625,-19.322676,-30.59341,-7.4267448
VisualCogB_Task-2.mat,B,Task-2,R,F4,47,0.23046875,-19.303348,-30.813808,-7.3061581
VisualCogB_Task-2.mat,B,Task-2,R,F4,47,0.234375,-19.298492,-31.080139,-7.2644536
VisualCogB_Task-2.mat,B,Task-2,R,F4,47,0.23828125,-19.26816,-31.321588,-7.3203602
VisualCogB_Task-2.mat,B,Task-2,R,F4,47,0.2421875,-19.188189,-31.50018,-7.2862312
VisualCogB_Task-2.mat,B,Task-2,R,F4,47,0.24609375,-19.038507,-31.550285,-6.9107085
VisualCogB_Task-2.mat,B,Task-2,R,F4,47,0.25,-18.829796,-31.5085,-6.5874421
VisualCogB_Task-2.mat,B,Task-2,R,F4,47,0.25390625,-18.587151,-31.395663,-6.2895228
VisualCogB_Task-2.mat,B,Task-2,R,F4,47,0.2578125,-18.338234,-31.286616,-5.8883323
VisualCogB_Task-2.mat,B,Task-2,R,F4,47,0.26171875,-18.113265,-31.145654,-5.4918354
VisualCogB_Task-2.mat,B,Task-2,R,F4,47,0.265625,-17.940922,-30.966993,-5.2053846
VisualCogB_Task-2.mat,B,Task-2,R,F4,47,0.26953125,-17.802717,-30.747287,-5.0643625
VisualCogB_Task-2.mat,B,Task-2,R,F4,47,0.2734375,-17.682221,-30.497633,-4.8543958
VisualCogB_Task-2.mat,B,Task-2,R,F4,47,0.27734375,-17.555471,-30.272189,-4.617106
VisualCogB_Task-2.mat,B,Task-2,R,F4,47,0.28125,-17.396751,-30.043691,-4.30254
VisualCogB_Task-2.mat,B,Task-2,R,F4,47,0.28515625,-17.186148,-29.918843,-3.9200057
VisualCogB_Task-2.mat,B,Task-2,R,F4,47,0.2890625,-16.929504,-29.788216,-3.6170836
VisualCogB_Task-2.mat,B,Task-2,R,F4,47,0.29296875,-16.687835,-29.630008,-3.4872463
VisualCogB_Task-2.mat,B,Task-2,R,F4,47,0.296875,-16.496212,-29.480332,-3.289431
VisualCogB_Task-2.mat,B,Task-2,R,F4,47,0.30078125,-16.341257,-29.40131,-2.945659
VisualCogB_Task-2.mat,B,Task-2,R,F4,47,0.3046875,-16.215134,-29.362783,-2.6023523
VisualCogB_Task-2.mat,B,Task-2,R,F4,47,0.30859375,-16.06885,-29.344808,-2.3507106
VisualCogB_Task-2.mat,B,Task-2,R,F4,47,0.3125,-15.86654,-29.333091,-2.0432716
VisualCogB_Task-2.mat,B,Task-2,R,F4,47,0.31640625,-15.63,-29.253259,-1.6683725
VisualCogB_Task-2.mat,B,Task-2,R,F4,47,0.3203125,-15.380883,-29.238591,-1.215962
VisualCogB_Task-2.mat,B,Task-2,R,F4,47,0.32421875,-15.117076,-29.258244,-0.82469613
VisualCogB_Task-2.mat,B,Task-2,R,F4,47,0.328125,-14.871692,-29.324521,-0.56158246
VisualCogB_Task-2.mat,B,Task-2,R,F4,47,0.33203125,-14.717494,-29.401729,-0.218397
VisualCogB_Task-2.mat,B,Task-2,R,F4,47,0.3359375,-14.647832,-29.353727,-0.016684103
VisualCogB_Task-2.mat,B,Task-2,R,F4,47,0.33984375,-14.666578,-29.355931,0.1122014
VisualCogB_Task-2.mat,B,Task-2,R,F4,47,0.34375,-14.767325,-29.494771,0.15497813
VisualCogB_Task-2.mat,B,Task-2,R,F4,47,0.34765625,-14.926805,-29.725206,0.1543821
VisualCogB_Task-2.mat,B,Task-2,R,F4,47,0.3515625,-15.069296,-29.91935,0.13523738
VisualCogB_Task-2.mat,B,Task-2,R,F4,47,0.35546875,-15.201441,-30.081381,0.18018816
VisualCogB_Task-2.mat,B,Task-2,R,F4,47,0.359375,-15.320569,-30.29192,0.16580346
VisualCogB_Task-2.mat,B,Task-2,R,F4,47,0.36328125,-15.43374,-30.540857,0.14265826
VisualCogB_Task-2.mat,B,Task-2,R,F4,47,0.3671875,-15.584004,-30.840554,-0.030310279
VisualCogB_Task-2.mat,B,Task-2,R,F4,47,0.37109375,-15.825948,-31.245531,-0.32690319
VisualCogB_Task-2.mat,B,Task-2,R,F4,47,0.375,-16.151771,-31.781226,-0.61566244
VisualCogB_Task-2.mat,B,Task-2,R,F4,47,0.37890625,-16.574508,-32.383735,-1.0209343
VisualCogB_Task-2.mat,B,Task-2,R,F4,47,0.3828125,-17.071467,-33.076955,-1.4752653
VisualCogB_Task-2.mat,B,Task-2,R,F4,47,0.38671875,-17.608627,-33.826957,-1.9623131
VisualCogB_Task-2.mat,B,Task-2,R,F4,47,0.390625,-18.142689,-34.58304,-2.3875137
VisualCogB_Task-2.mat,B,Task-2,R,F4,47,0.39453125,-18.620049,-35.02893,-2.7074321
VisualCogB_Task-2.mat,B,Task-2,R,F4,47,0.3984375,-18.994529,-35.422434,-2.9671143
VisualCogB_Task-2.mat,B,Task-2,R,F4,47,0.40234375,-19.290166,-35.94637,-3.2187762
VisualCogB_Task-2.mat,B,Task-2,R,F4,47,0.40625,-19.523205,-36.278723,-3.4759742
VisualCogB_Task-2.mat,B,Task-2,R,F4,47,0.41015625,-19.722316,-36.200052,-3.7193934
VisualCogB_Task-2.mat,B,Task-2,R,F4,47,0.4140625,-19.872989,-36.62962,-3.9439019
VisualCogB_Task-2.mat,B,Task-2,R,F4,47,0.41796875,-19.956036,-36.915417,-4.2244102
VisualCogB_Task-2.mat,B,Task-2,R,F4,47,0.421875,-19.97425,-36.755199,-4.4071962
VisualCogB_Task-2.mat,B,Task-2,R,F4,47,0.42578125,-19.910518,-36.484784,-4.4692996
VisualCogB_Task-2.mat,B,Task-2,R,F4,47,0.4296875,-19.836959,-36.136197,-4.5313656
VisualCogB_Task-2.mat,B,Task-2,R,F4,47,0.43359375,-19.729813,-35.728394,-4.5984081
VisualCogB_Task-2.mat,B,Task-2,R,F4,47,0.4375,-19.590484,-35.323007,-4.6877062
VisualCogB_Task-2.mat,B,Task-2,R,F4,47,0.44140625,-19.404121,-35.094588,-4.6214719
VisualCogB_Task-2.mat,B,Task-2,R,F4,47,0.4453125,-19.196794,-35.22573,-4.3617246
VisualCogB_Task-2.mat,B,Task-2,R,F4,47,0.44921875,-18.926847,-35.075237,-4.1276775
VisualCogB_Task-2.mat,B,Task-2,R,F4,47,0.453125,-18.598351,-34.879229,-3.7973183
VisualCogB_Task-2.mat,B,Task-2,R,F4,47,0.45703125,-18.218145,-34.226793,-3.4433327
VisualCogB_Task-2.mat,B,Task-2,R,F4,47,0.4609375,-17.808194,-33.459104,-3.1633556
VisualCogB_Task-2.mat,B,Task-2,R,F4,47,0.46484375,-17.364132,-32.66614,-2.8622022
VisualCogB_Task-2.mat,B,Task-2,R,F4,47,0.46875,-16.869666,-31.999684,-2.2825632
VisualCogB_Task-2.mat,B,Task-2,R,F4,47,0.47265625,-16.361814,-31.136095,-1.6187773
VisualCogB_Task-2.mat,B,Task-2,R,F4,47,0.4765625,-15.837182,-30.27949,-0.82135583
VisualCogB_Task-2.mat,B,Task-2,R,F4,47,0.48046875,-15.279064,-29.729765,-0.049312092
VisualCogB_Task-2.mat,B,Task-2,R,F4,47,0.484375,-14.67663,-29.14466,0.84573943
VisualCogB_Task-2.mat,B,Task-2,R,F4,47,0.48828125,-13.995664,-28.09025,1.8723026
VisualCogB_Task-2.mat,B,Task-2,R,F4,47,0.4921875,-13.168942,-27.376886,2.71841
VisualCogB_Task-2.mat,B,Task-2,R,F4,47,0.49609375,-12.19331,-26.364002,3.8019393
VisualCogB_Task-2.mat,B,Task-2,R,F4,47,0.5,-11.032441,-25.231704,5.2516339
VisualCogB_Task-2.mat,B,Task-2,R,F4,47,0.50390625,-9.6899938,-24.009531,6.4513135
VisualCogB_Task-2.mat,B,Task-2,R,F4,47,0.5078125,-8.1430169,-22.714098,7.7162723
VisualCogB_Task-2.mat,B,Task-2,R,F4,47,0.51171875,-6.381131,-21.30363,9.5645665
VisualCogB_Task-2.mat,B,Task-2,R,F4,47,0.515625,-4.4376101,-19.678694,11.624912
VisualCogB_Task-2.mat,B,Task-2,R,F4,47,0.51953125,-2.3510227,-18.09237,13.540915
VisualCogB_Task-2.mat,B,Task-2,R,F4,47,0.5234375,-0.12411244,-16.343741,15.875258
VisualCogB_Task-2.mat,B,Task-2,R,F4,47,0.52734375,2.2295863,-14.231824,18.282439
VisualCogB_Task-2.mat,B,Task-2,R,F4,47,0.53125,4.7202964,-12.37042,20.961091
VisualCogB_Task-2.mat,B,Task-2,R,F4,47,0.53515625,7.3403412,-10.332724,23.949108
VisualCogB_Task-2.mat,B,Task-2,R,F4,47,0.5390625,10.044027,-8.0235419,27.061559
VisualCogB_Task-2.mat,B,Task-2,R,F4,47,0.54296875,12.811447,-5.6063711,30.31512
VisualCogB_Task-2.mat,B,Task-2,R,F4,47,0.546875,15.597664,-3.8004898,33.392788
VisualCogB_Task-2.mat,B,Task-2,R,F4,47,0.55078125,18.421291,-1.5364979,36.348964
VisualCogB_Task-2.mat,B,Task-2,R,F4,47,0.5546875,21.264555,0.76845999,39.247252
VisualCogB_Task-2.mat,B,Task-2,R,F4,47,0.55859375,24.116803,2.8482928,42.002924
VisualCogB_Task-2.mat,B,Task-2,R,F4,47,0.5625,26.95581,5.4827578,45.179049
VisualCogB_Task-2.mat,B,Task-2,R,F4,47,0.56640625,29.753323,8.0494653,48.303345
VisualCogB_Task-2.mat,B,Task-2,R,F4,47,0.5703125,32.471646,10.521651,51.375075
VisualCogB_Task-2.mat,B,Task-2,R,F4,47,0.57421875,35.115015,12.901417,54.555847
VisualCogB_Task-2.mat,B,Task-2,R,F4,47,0.578125,37.690257,15.314564,57.491371
VisualCogB_Task-2.mat,B,Task-2,R,F4,47,0.58203125,40.226217,17.662788,60.618777
VisualCogB_Task-2.mat,B,Task-2,R,F4,47,0.5859375,42.734203,19.952241,63.639103
VisualCogB_Task-2.mat,B,Task-2,R,F4,47,0.58984375,45.203791,21.898977,66.425317
VisualCogB_Task-2.mat,B,Task-2,R,F4,47,0.59375,47.620845,24.149269,69.450346
VisualCogB_Task-2.mat,B,Task-2,R,F4,47,0.59765625,50.012444,25.992867,72.452915
VisualCogB_Task-2.mat,B,Task-2,R,F4,47,0.6015625,52.40757,28.233975,75.352737
VisualCogB_Task-2.mat,B,Task-2,R,F4,47,0.60546875,54.808937,30.384815,78.465525
VisualCogB_Task-2.mat,B,Task-2,R,F4,47,0.609375,57.217376,32.421629,81.448675
VisualCogB_Task-2.mat,B,Task-2,R,F4,47,0.61328125,59.633789,34.522138,84.282794
VisualCogB_Task-2.mat,B,Task-2,R,F4,47,0.6171875,62.049796,36.210664,87.021716
VisualCogB_Task-2.mat,B,Task-2,R,F4,47,0.62109375,64.432716,38.513791,89.655595
VisualCogB_Task-2.mat,B,Task-2,R,F4,47,0.625,66.78094,40.901799,92.063608
VisualCogB_Task-2.mat,B,Task-2,R,F4,47,0.62890625,69.052426,42.693871,94.505265
VisualCogB_Task-2.mat,B,Task-2,R,F4,47,0.6328125,71.266598,44.469819,96.819551
VisualCogB_Task-2.mat,B,Task-2,R,F4,47,0.63671875,73.383076,46.498455,99.09609
VisualCogB_Task-2.mat,B,Task-2,R,F4,47,0.640625,75.412485,48.634015,101.30857
VisualCogB_Task-2.mat,B,Task-2,R,F4,47,0.64453125,77.320459,50.983132,102.86553
VisualCogB_Task-2.mat,B,Task-2,R,F4,47,0.6484375,79.118773,53.22705,104.50333
VisualCogB_Task-2.mat,B,Task-2,R,F4,47,0.65234375,80.8149,55.034375,106.59092
VisualCogB_Task-2.mat,B,Task-2,R,F4,47,0.65625,82.40916,57.174947,108.57045
VisualCogB_Task-2.mat,B,Task-2,R,F4,47,0.66015625,83.89613,58.882361,109.66275
VisualCogB_Task-2.mat,B,Task-2,R,F4,47,0.6640625,85.249105,60.565188,110.81218
VisualCogB_Task-2.mat,B,Task-2,R,F4,47,0.66796875,86.45611,61.907123,111.54772
VisualCogB_Task-2.mat,B,Task-2,R,F4,47,0.671875,87.491224,63.070852,111.9277
VisualCogB_Task-2.mat,B,Task-2,R,F4,47,0.67578125,88.410873,64.022202,112.32418
VisualCogB_Task-2.mat,B,Task-2,R,F4,47,0.6796875,89.27208,65.142663,112.53876
VisualCogB_Task-2.mat,B,Task-2,R,F4,47,0.68359375,90.110975,66.219947,112.8432
VisualCogB_Task-2.mat,B,Task-2,R,F4,47,0.6875,90.885837,67.231709,112.77189
VisualCogB_Task-2.mat,B,Task-2,R,F4,47,0.69140625,91.641724,68.182048,112.60057
VisualCogB_Task-2.mat,B,Task-2,R,F4,47,0.6953125,92.414463,69.770245,112.43828
VisualCogB_Task-2.mat,B,Task-2,R,F4,47,0.69921875,93.183755,70.622742,112.50108
VisualCogB_Task-2.mat,B,Task-2,R,F4,47,0.703125,93.942685,71.548249,112.64493
VisualCogB_Task-2.mat,B,Task-2,R,F4,47,0.70703125,94.585602,72.845309,112.92482
VisualCogB_Task-2.mat,B,Task-2,R,F4,47,0.7109375,95.242533,74.170699,113.14977
VisualCogB_Task-2.mat,B,Task-2,R,F4,47,0.71484375,95.863112,75.557445,113.27607
VisualCogB_Task-2.mat,B,Task-2,R,F4,47,0.71875,96.469633,76.414521,113.68618
VisualCogB_Task-2.mat,B,Task-2,R,F4,47,0.72265625,96.970999,77.518792,113.85823
VisualCogB_Task-2.mat,B,Task-2,R,F4,47,0.7265625,97.350104,77.82242,114.14595
VisualCogB_Task-2.mat,B,Task-2,R,F4,47,0.73046875,97.581152,77.453152,114.28796
VisualCogB_Task-2.mat,B,Task-2,R,F4,47,0.734375,97.667767,77.253498,113.83571
VisualCogB_Task-2.mat,B,Task-2,R,F4,47,0.73828125,97.595932,77.008574,113.67663
VisualCogB_Task-2.mat,B,Task-2,R,F4,47,0.7421875,97.329294,76.55752,113.55328
VisualCogB_Task-2.mat,B,Task-2,R,F4,47,0.74609375,96.846872,75.906938,113.43895
VisualCogB_Task-2.mat,B,Task-2,R,F4,47,0.75,96.216359,75.367735,113.09581
VisualCogB_Task-2.mat,B,Task-2,R,F4,47,0.75390625,95.415609,74.759315,112.82406
VisualCogB_Task-2.mat,B,Task-2,R,F4,47,0.7578125,94.506249,73.876735,112.37238
VisualCogB_Task-2.mat,B,Task-2,R,F4,47,0.76171875,93.496416,72.476578,111.52931
VisualCogB_Task-2.mat,B,Task-2,R,F4,47,0.765625,92.444046,71.270929,111.00505
VisualCogB_Task-2.mat,B,Task-2,R,F4,47,0.76953125,91.368107,69.956297,110.57597
VisualCogB_Task-2.mat,B,Task-2,R,F4,47,0.7734375,90.266744,69.054034,109.68467
VisualCogB_Task-2.mat,B,Task-2,R,F4,47,0.77734375,89.143868,68.356346,108.68037
VisualCogB_Task-2.mat,B,Task-2,R,F4,47,0.78125,87.960349,67.281395,107.59159
VisualCogB_Task-2.mat,B,Task-2,R,F4,47,0.78515625,86.741918,65.700013,106.75502
VisualCogB_Task-2.mat,B,Task-2,R,F4,47,0.7890625,85.516046,64.039737,105.92744
VisualCogB_Task-2.mat,B,Task-2,R,F4,47,0.79296875,84.381205,62.361966,104.85681
VisualCogB_Task-2.mat,B,Task-2,R,F4,47,0.796875,83.323495,61.173605,104.05178
VisualCogB_Task-2.mat,B,Task-2,R,F4,47,0.80078125,82.345916,60.321791,103.7111
VisualCogB_Task-2.mat,B,Task-2,R,F4,47,0.8046875,81.422242,59.177041,103.06838
VisualCogB_Task-2.mat,B,Task-2,R,F4,47,0.80859375,80.624143,58.069336,102.41656
VisualCogB_Task-2.mat,B,Task-2,R,F4,47,0.8125,79.875973,57.242579,101.95009
VisualCogB_Task-2.mat,B,Task-2,R,F4,47,0.81640625,79.111601,56.035582,101.47366
VisualCogB_Task-2.mat,B,Task-2,R,F4,47,0.8203125,78.313533,54.490209,101.28158
VisualCogB_Task-2.mat,B,Task-2,R,F4,47,0.82421875,77.435712,53.462885,101.06211
VisualCogB_Task-2.mat,B,Task-2,R,F4,47,0.828125,76.567991,52.159947,100.7432
VisualCogB_Task-2.mat,B,Task-2,R,F4,47,0.83203125,75.600583,50.512766,100.20137
VisualCogB_Task-2.mat,B,Task-2,R,F4,47,0.8359375,74.56139,49.017168,99.686029
VisualCogB_Task-2.mat,B,Task-2,R,F4,47,0.83984375,73.45853,47.754153,99.083048
VisualCogB_Task-2.mat,B,Task-2,R,F4,47,0.84375,72.340526,46.211117,98.44837
VisualCogB_Task-2.mat,B,Task-2,R,F4,47,0.84765625,71.25273,44.530661,97.798552
VisualCogB_Task-2.mat,B,Task-2,R,F4,47,0.8515625,70.217869,43.107601,97.179244
VisualCogB_Task-2.mat,B,Task-2,R,F4,47,0.85546875,69.219763,41.761089,96.467237
VisualCogB_Task-2.mat,B,Task-2,R,F4,47,0.859375,68.26696,40.505098,95.705893
VisualCogB_Task-2.mat,B,Task-2,R,F4,47,0.86328125,67.367524,39.38882,94.978717
VisualCogB_Task-2.mat,B,Task-2,R,F4,47,0.8671875,66.545175,38.422351,94.279793
VisualCogB_Task-2.mat,B,Task-2,R,F4,47,0.87109375,65.78788,37.167157,93.709947
VisualCogB_Task-2.mat,B,Task-2,R,F4,47,0.875,65.116675,36.030612,93.229615
VisualCogB_Task-2.mat,B,Task-2,R,F4,47,0.87890625,64.481282,35.016016,92.511767
VisualCogB_Task-2.mat,B,Task-2,R,F4,47,0.8828125,63.887008,34.065198,91.785341
VisualCogB_Task-2.mat,B,Task-2,R,F4,47,0.88671875,63.316524,33.132876,91.050462
VisualCogB_Task-2.mat,B,Task-2,R,F4,47,0.890625,62.742475,32.17966,90.424665
VisualCogB_Task-2.mat,B,Task-2,R,F4,47,0.89453125,62.120248,31.146773,89.51349
VisualCogB_Task-2.mat,B,Task-2,R,F4,47,0.8984375,61.42359,30.055165,88.736379
VisualCogB_Task-2.mat,B,Task-2,R,F4,47,0.90234375,60.66482,28.911583,88.078785
VisualCogB_Task-2.mat,B,Task-2,R,F4,47,0.90625,59.848875,27.752725,87.321043
VisualCogB_Task-2.mat,B,Task-2,R,F4,47,0.91015625,58.975541,26.781306,86.439773
VisualCogB_Task-2.mat,B,Task-2,R,F4,47,0.9140625,58.009805,25.830986,85.421719
VisualCogB_Task-2.mat,B,Task-2,R,F4,47,0.91796875,56.970374,24.869917,84.215812
VisualCogB_Task-2.mat,B,Task-2,R,F4,47,0.921875,55.840172,23.614135,82.911883
VisualCogB_Task-2.mat,B,Task-2,R,F4,47,0.92578125,54.62584,22.177972,81.540017
VisualCogB_Task-2.mat,B,Task-2,R,F4,47,0.9296875,53.309136,21.132412,80.16146
VisualCogB_Task-2.mat,B,Task-2,R,F4,47,0.93359375,51.928794,20.054506,78.625764
VisualCogB_Task-2.mat,B,Task-2,R,F4,47,0.9375,50.503375,18.717916,77.346854
VisualCogB_Task-2.mat,B,Task-2,R,F4,47,0.94140625,48.82753,17.138869,75.367447
VisualCogB_Task-2.mat,B,Task-2,R,F4,47,0.9453125,47.153016,15.841424,73.604597
VisualCogB_Task-2.mat,B,Task-2,R,F4,47,0.94921875,45.500973,14.845331,71.733022
VisualCogB_Task-2.mat,B,Task-2,R,F4,47,0.953125,43.892538,13.736628,69.656295
VisualCogB_Task-2.mat,B,Task-2,R,F4,47,0.95703125,42.348853,12.615892,67.673893
VisualCogB_Task-2.mat,B,Task-2,R,F4,47,0.9609375,40.891055,11.680215,66.205764
VisualCogB_Task-2.mat,B,Task-2,R,F4,47,0.96484375,39.540284,11.044797,65.049254
VisualCogB_Task-2.mat,B,Task-2,R,F4,47,0.96875,38.317679,10.167223,63.518057
VisualCogB_Task-2.mat,B,Task-2,R,F4,47,0.97265625,37.244378,9.8169166,61.929696
VisualCogB_Task-2.mat,B,Task-2,R,F4,47,0.9765625,36.341522,9.6450557,60.678911
VisualCogB_Task-2.mat,B,Task-2,R,F4,47,0.98046875,35.630248,9.8210992,59.157286
VisualCogB_Task-2.mat,B,Task-2,R,F4,47,0.984375,35.131697,9.8824454,58.20677
VisualCogB_Task-2.mat,B,Task-2,R,F4,47,0.98828125,34.867006,9.600069,57.71718
VisualCogB_Task-2.mat,B,Task-2,R,F4,47,0.9921875,34.857316,10.056973,57.58013
VisualCogB_Task-2.mat,B,Task-2,R,F4,47,0.99609375,35.123766,11.081619,57.628458
