file_name,subject,task,direction,n_trials,time_s,fitted_lateralization,ci95_low_pointwise,ci95_high_pointwise
VisualCogA_Task-1.mat,A,Task-1,L,43,-0.5,-3.8892198,-10.973945,3.4521442
VisualCogA_Task-1.mat,A,Task-1,L,43,-0.49609375,-3.2511464,-9.6804634,3.3927236
VisualCogA_Task-1.mat,A,Task-1,L,43,-0.4921875,-2.7217874,-8.4224277,3.4916153
VisualCogA_Task-1.mat,A,Task-1,L,43,-0.48828125,-2.2938383,-7.7873029,3.4569622
VisualCogA_Task-1.mat,A,Task-1,L,43,-0.484375,-1.9599947,-7.1850871,3.430706
VisualCogA_Task-1.mat,A,Task-1,L,43,-0.48046875,-1.7129522,-6.7075884,3.4613222
VisualCogA_Task-1.mat,A,Task-1,L,43,-0.4765625,-1.5454064,-6.3093331,3.5829387
VisualCogA_Task-1.mat,A,Task-1,L,43,-0.47265625,-1.450053,-5.8285229,3.554887
VisualCogA_Task-1.mat,A,Task-1,L,43,-0.46875,-1.4195874,-5.7445224,3.3990523
VisualCogA_Task-1.mat,A,Task-1,L,43,-0.46484375,-1.4467053,-5.6811499,3.1527217
VisualCogA_Task-1.mat,A,Task-1,L,43,-0.4609375,-1.5241023,-5.5682289,2.943473
VisualCogA_Task-1.mat,A,Task-1,L,43,-0.45703125,-1.644474,-5.5732067,2.5644925
VisualCogA_Task-1.mat,A,Task-1,L,43,-0.453125,-1.800516,-5.7968292,2.1412897
VisualCogA_Task-1.mat,A,Task-1,L,43,-0.44921875,-1.9849239,-6.0244506,1.9734604
VisualCogA_Task-1.mat,A,Task-1,L,43,-0.4453125,-2.1903933,-6.0843112,1.6825964
VisualCogA_Task-1.mat,A,Task-1,L,43,-0.44140625,-2.4096198,-6.2073178,1.4530243
VisualCogA_Task-1.mat,A,Task-1,L,43,-0.4375,-2.6010229,-6.6135782,1.2897275
VisualCogA_Task-1.mat,A,Task-1,L,43,-0.43359375,-2.8193041,-6.9647231,1.1538188
VisualCogA_Task-1.mat,A,Task-1,L,43,-0.4296875,-2.9976917,-7.1986495,0.96474787
VisualCogA_Task-1.mat,A,Task-1,L,43,-0.42578125,-3.154784,-7.39473,0.78838354
VisualCogA_Task-1.mat,A,Task-1,L,43,-0.421875,-3.2607708,-7.5716042,0.77404426
VisualCogA_Task-1.mat,A,Task-1,L,43,-0.41796875,-3.3092831,-7.708126,0.71461903
VisualCogA_Task-1.mat,A,Task-1,L,43,-0.4140625,-3.3219957,-7.8713818,0.78027395
VisualCogA_Task-1.mat,A,Task-1,L,43,-0.41015625,-3.3055923,-7.9592908,0.79845726
VisualCogA_Task-1.mat,A,Task-1,L,43,-0.40625,-3.2578852,-7.9878097,0.86773221
VisualCogA_Task-1.mat,A,Task-1,L,43,-0.40234375,-3.2144617,-8.0208278,0.92164251
VisualCogA_Task-1.mat,A,Task-1,L,43,-0.3984375,-3.1708907,-8.023053,0.95897932
VisualCogA_Task-1.mat,A,Task-1,L,43,-0.39453125,-3.1226643,-7.9339124,1.0586443
VisualCogA_Task-1.mat,A,Task-1,L,43,-0.390625,-3.0384791,-8.0207096,1.1182288
VisualCogA_Task-1.mat,A,Task-1,L,43,-0.38671875,-2.9164543,-7.7947359,1.1602396
VisualCogA_Task-1.mat,A,Task-1,L,43,-0.3828125,-2.7546782,-7.4844173,1.2662003
VisualCogA_Task-1.mat,A,Task-1,L,43,-0.37890625,-2.5541712,-7.2933313,1.451127
VisualCogA_Task-1.mat,A,Task-1,L,43,-0.375,-2.3346294,-7.0322382,1.7223171
VisualCogA_Task-1.mat,A,Task-1,L,43,-0.37109375,-2.1165224,-6.6323846,1.8626644
VisualCogA_Task-1.mat,A,Task-1,L,43,-0.3671875,-1.9111267,-6.2233828,1.9284178
VisualCogA_Task-1.mat,A,Task-1,L,43,-0.36328125,-1.7185585,-5.8165649,2.1176151
VisualCogA_Task-1.mat,A,Task-1,L,43,-0.359375,-1.546214,-5.5644619,2.2315388
VisualCogA_Task-1.mat,A,Task-1,L,43,-0.35546875,-1.3924497,-5.3243554,2.5639498
VisualCogA_Task-1.mat,A,Task-1,L,43,-0.3515625,-1.2358161,-5.1186594,2.6393376
VisualCogA_Task-1.mat,A,Task-1,L,43,-0.34765625,-1.0756448,-4.9628205,2.6056808
VisualCogA_Task-1.mat,A,Task-1,L,43,-0.34375,-0.9451066,-4.7030604,2.7613498
VisualCogA_Task-1.mat,A,Task-1,L,43,-0.33984375,-0.86434688,-4.5147721,2.7551757
VisualCogA_Task-1.mat,A,Task-1,L,43,-0.3359375,-0.83626637,-4.3816242,2.8050056
VisualCogA_Task-1.mat,A,Task-1,L,43,-0.33203125,-0.85123036,-4.3359457,2.8620196
VisualCogA_Task-1.mat,A,Task-1,L,43,-0.328125,-0.8897393,-4.2053329,2.7530029
VisualCogA_Task-1.mat,A,Task-1,L,43,-0.32421875,-0.93039588,-4.0766217,2.6935868
VisualCogA_Task-1.mat,A,Task-1,L,43,-0.3203125,-0.95497713,-4.0784723,2.5677915
VisualCogA_Task-1.mat,A,Task-1,L,43,-0.31640625,-0.961741,-4.0073,2.5165963
VisualCogA_Task-1.mat,A,Task-1,L,43,-0.3125,-0.92265013,-3.8674734,2.5302932
VisualCogA_Task-1.mat,A,Task-1,L,43,-0.30859375,-0.91065772,-3.8259119,2.5131599
VisualCogA_Task-1.mat,A,Task-1,L,43,-0.3046875,-0.91220061,-3.9318653,2.4265034
VisualCogA_Task-1.mat,A,Task-1,L,43,-0.30078125,-0.9641894,-3.8763778,2.2672168
VisualCogA_Task-1.mat,A,Task-1,L,43,-0.296875,-1.0250096,-3.9454207,2.134405
VisualCogA_Task-1.mat,A,Task-1,L,43,-0.29296875,-1.1223647,-4.0750173,2.0876739
VisualCogA_Task-1.mat,A,Task-1,L,43,-0.2890625,-1.2238819,-4.1443721,1.9285275
VisualCogA_Task-1.mat,A,Task-1,L,43,-0.28515625,-1.3334978,-4.2812145,1.8145073
VisualCogA_Task-1.mat,A,Task-1,L,43,-0.28125,-1.4253172,-4.4373056,1.7494137
VisualCogA_Task-1.mat,A,Task-1,L,43,-0.27734375,-1.483646,-4.5576525,1.7184827
VisualCogA_Task-1.mat,A,Task-1,L,43,-0.2734375,-1.5489124,-4.6197028,1.766191
VisualCogA_Task-1.mat,A,Task-1,L,43,-0.26953125,-1.6188788,-4.7533085,1.8111874
VisualCogA_Task-1.mat,A,Task-1,L,43,-0.265625,-1.6820597,-4.6899691,1.7434099
VisualCogA_Task-1.mat,A,Task-1,L,43,-0.26171875,-1.7481681,-4.8448405,1.6197891
VisualCogA_Task-1.mat,A,Task-1,L,43,-0.2578125,-1.8099192,-5.0601753,1.4465831
VisualCogA_Task-1.mat,A,Task-1,L,43,-0.25390625,-1.8682828,-5.3032887,1.3497724
VisualCogA_Task-1.mat,A,Task-1,L,43,-0.25,-1.9201189,-5.4382774,1.283046
VisualCogA_Task-1.mat,A,Task-1,L,43,-0.24609375,-1.9387379,-5.4413459,1.3452074
VisualCogA_Task-1.mat,A,Task-1,L,43,-0.2421875,-1.9206821,-5.4958184,1.4588745
VisualCogA_Task-1.mat,A,Task-1,L,43,-0.23828125,-1.8645688,-5.414804,1.57778
VisualCogA_Task-1.mat,A,Task-1,L,43,-0.234375,-1.783829,-5.3212735,1.6065377
VisualCogA_Task-1.mat,A,Task-1,L,43,-0.23046875,-1.7223491,-5.2108697,1.5789469
VisualCogA_Task-1.mat,A,Task-1,L,43,-0.2265625,-1.7051589,-5.0270047,1.5245401
VisualCogA_Task-1.mat,A,Task-1,L,43,-0.22265625,-1.6848483,-4.8069,1.4287405
VisualCogA_Task-1.mat,A,Task-1,L,43,-0.21875,-1.6623887,-4.5971097,1.180176
VisualCogA_Task-1.mat,A,Task-1,L,43,-0.21484375,-1.6502794,-4.3603015,1.1559661
VisualCogA_Task-1.mat,A,Task-1,L,43,-0.2109375,-1.6070685,-4.2017522,1.1270045
VisualCogA_Task-1.mat,A,Task-1,L,43,-0.20703125,-1.5345827,-4.0005398,1.0953204
VisualCogA_Task-1.mat,A,Task-1,L,43,-0.203125,-1.4195739,-3.7466423,1.065319
VisualCogA_Task-1.mat,A,Task-1,L,43,-0.19921875,-1.2867846,-3.5199003,1.0739379
VisualCogA_Task-1.mat,A,Task-1,L,43,-0.1953125,-1.1478706,-3.1987125,1.1178261
VisualCogA_Task-1.mat,A,Task-1,L,43,-0.19140625,-1.0206712,-2.8871192,1.1935517
VisualCogA_Task-1.mat,A,Task-1,L,43,-0.1875,-0.91313618,-2.6642711,1.2369893
VisualCogA_Task-1.mat,A,Task-1,L,43,-0.18359375,-0.810523,-2.4773835,1.1804118
VisualCogA_Task-1.mat,A,Task-1,L,43,-0.1796875,-0.70936273,-2.3617987,1.1749087
VisualCogA_Task-1.mat,A,Task-1,L,43,-0.17578125,-0.5998252,-2.1148723,1.1917045
VisualCogA_Task-1.mat,A,Task-1,L,43,-0.171875,-0.44235333,-1.8996114,1.3022467
VisualCogA_Task-1.mat,A,Task-1,L,43,-0.16796875,-0.28753394,-1.7710151,1.4272554
VisualCogA_Task-1.mat,A,Task-1,L,43,-0.1640625,-0.15801804,-1.6564935,1.4716392
VisualCogA_Task-1.mat,A,Task-1,L,43,-0.16015625,-0.068623157,-1.5492411,1.5072392
VisualCogA_Task-1.mat,A,Task-1,L,43,-0.15625,-0.0095901935,-1.4963003,1.537098
VisualCogA_Task-1.mat,A,Task-1,L,43,-0.15234375,0.039650873,-1.4199143,1.5197811
VisualCogA_Task-1.mat,A,Task-1,L,43,-0.1484375,0.080727578,-1.3361126,1.4850219
VisualCogA_Task-1.mat,A,Task-1,L,43,-0.14453125,0.069441814,-1.337808,1.4801089
VisualCogA_Task-1.mat,A,Task-1,L,43,-0.140625,0.01246789,-1.3562893,1.4828908
VisualCogA_Task-1.mat,A,Task-1,L,43,-0.13671875,-0.068921728,-1.4080782,1.4033644
VisualCogA_Task-1.mat,A,Task-1,L,43,-0.1328125,-0.14884847,-1.4921447,1.287131
VisualCogA_Task-1.mat,A,Task-1,L,43,-0.12890625,-0.17932841,-1.5350217,1.2692494
VisualCogA_Task-1.mat,A,Task-1,L,43,-0.125,-0.17093345,-1.5144801,1.3160627
VisualCogA_Task-1.mat,A,Task-1,L,43,-0.12109375,-0.14177575,-1.5107557,1.3696848
VisualCogA_Task-1.mat,A,Task-1,L,43,-0.1171875,-0.12238923,-1.4920085,1.4157072
VisualCogA_Task-1.mat,A,Task-1,L,43,-0.11328125,-0.12946751,-1.4378135,1.3654556
VisualCogA_Task-1.mat,A,Task-1,L,43,-0.109375,-0.15436194,-1.366889,1.3398939
VisualCogA_Task-1.mat,A,Task-1,L,43,-0.10546875,-0.18027399,-1.4204361,1.2695514
VisualCogA_Task-1.mat,A,Task-1,L,43,-0.1015625,-0.21474317,-1.4162113,1.2366897
VisualCogA_Task-1.mat,A,Task-1,L,43,-0.09765625,-0.26295599,-1.4505956,1.1954258
VisualCogA_Task-1.mat,A,Task-1,L,43,-0.09375,-0.29489449,-1.5408996,1.0774904
VisualCogA_Task-1.mat,A,Task-1,L,43,-0.08984375,-0.31355109,-1.6348905,1.0966522
VisualCogA_Task-1.mat,A,Task-1,L,43,-0.0859375,-0.32033275,-1.6488295,1.1946279
VisualCogA_Task-1.mat,A,Task-1,L,43,-0.08203125,-0.31269645,-1.620269,1.1571891
VisualCogA_Task-1.mat,A,Task-1,L,43,-0.078125,-0.31770447,-1.5964774,1.2085759
VisualCogA_Task-1.mat,A,Task-1,L,43,-0.07421875,-0.34035472,-1.6062758,1.1772091
VisualCogA_Task-1.mat,A,Task-1,L,43,-0.0703125,-0.35333491,-1.6722672,1.1329668
VisualCogA_Task-1.mat,A,Task-1,L,43,-0.06640625,-0.33148232,-1.7154407,1.0558202
VisualCogA_Task-1.mat,A,Task-1,L,43,-0.0625,-0.25082966,-1.7514479,1.1149499
VisualCogA_Task-1.mat,A,Task-1,L,43,-0.05859375,-0.12814861,-1.709179,1.2636853
VisualCogA_Task-1.mat,A,Task-1,L,43,-0.0546875,-0.00369504,-1.6855383,1.4417923
VisualCogA_Task-1.mat,A,Task-1,L,43,-0.05078125,0.093083305,-1.6390002,1.5163341
VisualCogA_Task-1.mat,A,Task-1,L,43,-0.046875,0.15675405,-1.5451715,1.5977816
VisualCogA_Task-1.mat,A,Task-1,L,43,-0.04296875,0.21073972,-1.498153,1.6541987
VisualCogA_Task-1.mat,A,Task-1,L,43,-0.0390625,0.25359045,-1.4116328,1.6781284
VisualCogA_Task-1.mat,A,Task-1,L,43,-0.03515625,0.27466216,-1.4388354,1.7894405
VisualCogA_Task-1.mat,A,Task-1,L,43,-0.03125,0.27760573,-1.5310579,1.874302
VisualCogA_Task-1.mat,A,Task-1,L,43,-0.02734375,0.26405955,-1.6545239,1.9780486
VisualCogA_Task-1.mat,A,Task-1,L,43,-0.0234375,0.29129043,-1.7243624,2.1147103
VisualCogA_Task-1.mat,A,Task-1,L,43,-0.01953125,0.38824769,-1.7634421,2.2914884
VisualCogA_Task-1.mat,A,Task-1,L,43,-0.015625,0.51673818,-1.8085652,2.5218568
VisualCogA_Task-1.mat,A,Task-1,L,43,-0.01171875,0.6660871,-1.8469569,2.8613181
VisualCogA_Task-1.mat,A,Task-1,L,43,-0.0078125,0.78231632,-1.8734791,3.1079952
VisualCogA_Task-1.mat,A,Task-1,L,43,-0.00390625,0.84411121,-1.8498828,3.2704089
VisualCogA_Task-1.mat,A,Task-1,L,43,0,0.87026289,-1.916228,3.3778538
VisualCogA_Task-1.mat,A,Task-1,L,43,0.00390625,0.86473725,-2.0559627,3.3745337
VisualCogA_Task-1.mat,A,Task-1,L,43,0.0078125,0.82117578,-2.1699516,3.4646069
VisualCogA_Task-1.mat,A,Task-1,L,43,0.01171875,0.76966855,-2.2240416,3.5929073
VisualCogA_Task-1.mat,A,Task-1,L,43,0.015625,0.69859293,-2.3134012,3.5842034
VisualCogA_Task-1.mat,A,Task-1,L,43,0.01953125,0.58380541,-2.4649015,3.5071882
VisualCogA_Task-1.mat,A,Task-1,L,43,0.0234375,0.44045419,-2.6588893,3.3832614
VisualCogA_Task-1.mat,A,Task-1,L,43,0.02734375,0.28076287,-2.8853786,3.0727287
VisualCogA_Task-1.mat,A,Task-1,L,43,0.03125,0.086164221,-3.0209684,2.8614123
VisualCogA_Task-1.mat,A,Task-1,L,43,0.03515625,-0.10078496,-3.318741,2.6038412
VisualCogA_Task-1.mat,A,Task-1,L,43,0.0390625,-0.26835368,-3.5034028,2.6137436
VisualCogA_Task-1.mat,A,Task-1,L,43,0.04296875,-0.38555699,-3.6953997,2.6195375
VisualCogA_Task-1.mat,A,Task-1,L,43,0.046875,-0.43560034,-3.8778986,2.7303257
VisualCogA_Task-1.mat,A,Task-1,L,43,0.05078125,-0.43372846,-4.0068799,2.8462402
VisualCogA_Task-1.mat,A,Task-1,L,43,0.0546875,-0.39540549,-4.0708895,2.8888762
VisualCogA_Task-1.mat,A,Task-1,L,43,0.05859375,-0.3595744,-4.1106742,2.9560084
VisualCogA_Task-1.mat,A,Task-1,L,43,0.0625,-0.32887058,-4.1753951,3.0577967
VisualCogA_Task-1.mat,A,Task-1,L,43,0.06640625,-0.3078326,-4.1305079,3.1010568
VisualCogA_Task-1.mat,A,Task-1,L,43,0.0703125,-0.29569501,-4.1947099,3.1346263
VisualCogA_Task-1.mat,A,Task-1,L,43,0.07421875,-0.27863681,-4.1083901,3.1481362
VisualCogA_Task-1.mat,A,Task-1,L,43,0.078125,-0.25108097,-4.1726857,3.2997027
VisualCogA_Task-1.mat,A,Task-1,L,43,0.08203125,-0.21163069,-4.1261018,3.5258329
VisualCogA_Task-1.mat,A,Task-1,L,43,0.0859375,-0.14813945,-4.0122136,3.6441042
VisualCogA_Task-1.mat,A,Task-1,L,43,0.08984375,-0.07965623,-3.9361352,3.7313471
VisualCogA_Task-1.mat,A,Task-1,L,43,0.09375,0.010785139,-3.9548114,3.9570095
VisualCogA_Task-1.mat,A,Task-1,L,43,0.09765625,0.067068786,-3.8748954,4.1136622
VisualCogA_Task-1.mat,A,Task-1,L,43,0.1015625,0.070114998,-3.8800763,4.072259
VisualCogA_Task-1.mat,A,Task-1,L,43,0.10546875,0.030300849,-3.7579632,3.9188473
VisualCogA_Task-1.mat,A,Task-1,L,43,0.109375,-0.066027643,-3.8685214,3.803185
VisualCogA_Task-1.mat,A,Task-1,L,43,0.11328125,-0.19398107,-3.9827039,3.7627796
VisualCogA_Task-1.mat,A,Task-1,L,43,0.1171875,-0.32600294,-4.1351028,3.6274454
VisualCogA_Task-1.mat,A,Task-1,L,43,0.12109375,-0.49330324,-4.3594042,3.6337307
VisualCogA_Task-1.mat,A,Task-1,L,43,0.125,-0.69346422,-4.6196414,3.4530521
VisualCogA_Task-1.mat,A,Task-1,L,43,0.12890625,-0.9101027,-4.8716803,3.5175263
VisualCogA_Task-1.mat,A,Task-1,L,43,0.1328125,-1.158455,-5.1882325,3.423618
VisualCogA_Task-1.mat,A,Task-1,L,43,0.13671875,-1.4414501,-5.6244783,3.250324
VisualCogA_Task-1.mat,A,Task-1,L,43,0.140625,-1.7427609,-5.9331697,2.9527413
VisualCogA_Task-1.mat,A,Task-1,L,43,0.14453125,-2.0396209,-6.1538886,2.5920396
VisualCogA_Task-1.mat,A,Task-1,L,43,0.1484375,-2.2986748,-6.316264,2.2938602
VisualCogA_Task-1.mat,A,Task-1,L,43,0.15234375,-2.4781909,-6.4873072,2.05321
VisualCogA_Task-1.mat,A,Task-1,L,43,0.15625,-2.5936678,-6.5833157,1.855381
VisualCogA_Task-1.mat,A,Task-1,L,43,0.16015625,-2.6517338,-6.5342298,1.5987075
VisualCogA_Task-1.mat,A,Task-1,L,43,0.1640625,-2.6639384,-6.466623,1.6067962
VisualCogA_Task-1.mat,A,Task-1,L,43,0.16796875,-2.6192986,-6.4379564,1.7315853
VisualCogA_Task-1.mat,A,Task-1,L,43,0.171875,-2.5127224,-6.4251721,1.8929308
VisualCogA_Task-1.mat,A,Task-1,L,43,0.17578125,-2.3466306,-6.3342648,2.1127525
VisualCogA_Task-1.mat,A,Task-1,L,43,0.1796875,-2.13898,-6.2549325,2.3673505
VisualCogA_Task-1.mat,A,Task-1,L,43,0.18359375,-1.9008366,-6.0639452,2.5298864
VisualCogA_Task-1.mat,A,Task-1,L,43,0.1875,-1.6286046,-6.0070257,2.8502491
VisualCogA_Task-1.mat,A,Task-1,L,43,0.19140625,-1.3520643,-5.9180885,3.1781564
VisualCogA_Task-1.mat,A,Task-1,L,43,0.1953125,-1.0821345,-5.7176032,3.4774654
VisualCogA_Task-1.mat,A,Task-1,L,43,0.19921875,-0.81741709,-5.5112758,3.8570693
VisualCogA_Task-1.mat,A,Task-1,L,43,0.203125,-0.5498644,-5.3366636,4.1921213
VisualCogA_Task-1.mat,A,Task-1,L,43,0.20703125,-0.31560107,-5.2563543,4.5223757
VisualCogA_Task-1.mat,A,Task-1,L,43,0.2109375,-0.088593619,-5.0620517,4.8738964
VisualCogA_Task-1.mat,A,Task-1,L,43,0.21484375,0.095079347,-4.9175691,5.1666283
VisualCogA_Task-1.mat,A,Task-1,L,43,0.21875,0.2434692,-4.835466,5.3247225
VisualCogA_Task-1.mat,A,Task-1,L,43,0.22265625,0.33075865,-4.7771645,5.4288731
VisualCogA_Task-1.mat,A,Task-1,L,43,0.2265625,0.35646771,-4.7637754,5.5188902
VisualCogA_Task-1.mat,A,Task-1,L,43,0.23046875,0.33883595,-4.8397677,5.5776977
VisualCogA_Task-1.mat,A,Task-1,L,43,0.234375,0.27632046,-4.9819805,5.543165
VisualCogA_Task-1.mat,A,Task-1,L,43,0.23828125,0.16809153,-5.1244551,5.3940939
VisualCogA_Task-1.mat,A,Task-1,L,43,0.2421875,0.034481634,-5.2580544,5.1444782
VisualCogA_Task-1.mat,A,Task-1,L,43,0.24609375,-0.11859845,-5.293973,4.8570655
VisualCogA_Task-1.mat,A,Task-1,L,43,0.25,-0.28858423,-5.4075821,4.5891712
VisualCogA_Task-1.mat,A,Task-1,L,43,0.25390625,-0.48600812,-5.5613194,4.2942732
VisualCogA_Task-1.mat,A,Task-1,L,43,0.2578125,-0.67810423,-5.5036442,3.9661599
VisualCogA_Task-1.mat,A,Task-1,L,43,0.26171875,-0.85508318,-5.5611155,3.6221674
VisualCogA_Task-1.mat,A,Task-1,L,43,0.265625,-0.99616216,-5.526241,3.304135
VisualCogA_Task-1.mat,A,Task-1,L,43,0.26953125,-1.1112218,-5.6365782,3.1300078
VisualCogA_Task-1.mat,A,Task-1,L,43,0.2734375,-1.2020274,-5.8316321,3.2525799
VisualCogA_Task-1.mat,A,Task-1,L,43,0.27734375,-1.2531432,-5.9505172,3.2007608
VisualCogA_Task-1.mat,A,Task-1,L,43,0.28125,-1.2414368,-5.9628821,3.3172116
VisualCogA_Task-1.mat,A,Task-1,L,43,0.28515625,-1.155173,-5.9020496,3.4936028
VisualCogA_Task-1.mat,A,Task-1,L,43,0.2890625,-0.99149099,-5.8638694,3.6265616
VisualCogA_Task-1.mat,A,Task-1,L,43,0.29296875,-0.77592645,-5.5575614,4.1449118
VisualCogA_Task-1.mat,A,Task-1,L,43,0.296875,-0.52957965,-5.2918523,4.7187293
VisualCogA_Task-1.mat,A,Task-1,L,43,0.30078125,-0.27847465,-5.1114638,5.0123948
VisualCogA_Task-1.mat,A,Task-1,L,43,0.3046875,-0.033733958,-4.9053202,5.5017872
VisualCogA_Task-1.mat,A,Task-1,L,43,0.30859375,0.19011774,-4.7501584,5.8478418
VisualCogA_Task-1.mat,A,Task-1,L,43,0.3125,0.41011491,-4.5956232,6.1221979
VisualCogA_Task-1.mat,A,Task-1,L,43,0.31640625,0.63320896,-4.3890651,6.367513
VisualCogA_Task-1.mat,A,Task-1,L,43,0.3203125,0.84311481,-4.2399196,6.5656979
VisualCogA_Task-1.mat,A,Task-1,L,43,0.32421875,1.0310578,-4.0782619,6.7786344
VisualCogA_Task-1.mat,A,Task-1,L,43,0.328125,1.2069689,-3.9307176,6.9265961
VisualCogA_Task-1.mat,A,Task-1,L,43,0.33203125,1.3510197,-3.8384366,7.0778098
VisualCogA_Task-1.mat,A,Task-1,L,43,0.3359375,1.4825107,-3.8108454,7.284747
VisualCogA_Task-1.mat,A,Task-1,L,43,0.33984375,1.619346,-3.8298282,7.3334013
VisualCogA_Task-1.mat,A,Task-1,L,43,0.34375,1.7021408,-3.8761458,7.3576796
VisualCogA_Task-1.mat,A,Task-1,L,43,0.34765625,1.7412693,-3.8173845,7.3494933
VisualCogA_Task-1.mat,A,Task-1,L,43,0.3515625,1.7231928,-3.8297819,7.3619219
VisualCogA_Task-1.mat,A,Task-1,L,43,0.35546875,1.6504718,-3.9676361,7.2483859
VisualCogA_Task-1.mat,A,Task-1,L,43,0.359375,1.527829,-4.261809,7.1729769
VisualCogA_Task-1.mat,A,Task-1,L,43,0.36328125,1.3494549,-4.4093858,7.1069032
VisualCogA_Task-1.mat,A,Task-1,L,43,0.3671875,1.1213713,-4.6188778,6.9740621
VisualCogA_Task-1.mat,A,Task-1,L,43,0.37109375,0.87828405,-4.8976301,6.7680243
VisualCogA_Task-1.mat,A,Task-1,L,43,0.375,0.62750024,-5.1833424,6.5583619
VisualCogA_Task-1.mat,A,Task-1,L,43,0.37890625,0.39410038,-5.3194438,6.2357456
VisualCogA_Task-1.mat,A,Task-1,L,43,0.3828125,0.20653382,-5.4609074,5.9599275
VisualCogA_Task-1.mat,A,Task-1,L,43,0.38671875,0.068354563,-5.6603822,5.7381926
VisualCogA_Task-1.mat,A,Task-1,L,43,0.390625,0.001922591,-5.9199272,5.655057
VisualCogA_Task-1.mat,A,Task-1,L,43,0.39453125,0.0022798742,-5.9939088,5.5728242
VisualCogA_Task-1.mat,A,Task-1,L,43,0.3984375,0.024889063,-6.0247823,5.6145782
VisualCogA_Task-1.mat,A,Task-1,L,43,0.40234375,0.060743262,-5.9688914,5.7420386
VisualCogA_Task-1.mat,A,Task-1,L,43,0.40625,0.086856435,-5.9641825,5.8570736
VisualCogA_Task-1.mat,A,Task-1,L,43,0.41015625,0.09493364,-5.9831749,5.7685653
VisualCogA_Task-1.mat,A,Task-1,L,43,0.4140625,0.072502508,-5.9803023,5.7444912
VisualCogA_Task-1.mat,A,Task-1,L,43,0.41796875,0.044239925,-5.9703331,5.8385659
VisualCogA_Task-1.mat,A,Task-1,L,43,0.421875,-0.0081459828,-6.0121899,5.966986
VisualCogA_Task-1.mat,A,Task-1,L,43,0.42578125,-0.080677586,-6.0464858,6.0556931
VisualCogA_Task-1.mat,A,Task-1,L,43,0.4296875,-0.14207225,-6.1716067,6.1376092
VisualCogA_Task-1.mat,A,Task-1,L,43,0.43359375,-0.21471675,-6.1896049,6.191427
VisualCogA_Task-1.mat,A,Task-1,L,43,0.4375,-0.28606024,-6.1380263,6.3244896
VisualCogA_Task-1.mat,A,Task-1,L,43,0.44140625,-0.36469151,-6.0087823,6.3968368
VisualCogA_Task-1.mat,A,Task-1,L,43,0.4453125,-0.45201419,-6.2069756,6.3922348
VisualCogA_Task-1.mat,A,Task-1,L,43,0.44921875,-0.55378134,-6.3442057,6.2886634
VisualCogA_Task-1.mat,A,Task-1,L,43,0.453125,-0.67771668,-6.5962299,6.168628
VisualCogA_Task-1.mat,A,Task-1,L,43,0.45703125,-0.86367384,-6.7783247,5.9538649
VisualCogA_Task-1.mat,A,Task-1,L,43,0.4609375,-1.1362516,-7.0098872,5.5833173
VisualCogA_Task-1.mat,A,Task-1,L,43,0.46484375,-1.4250411,-7.2693007,5.4959826
VisualCogA_Task-1.mat,A,Task-1,L,43,0.46875,-1.7511524,-7.4911976,5.1300051
VisualCogA_Task-1.mat,A,Task-1,L,43,0.47265625,-2.0900726,-7.7446104,4.7573782
VisualCogA_Task-1.mat,A,Task-1,L,43,0.4765625,-2.4311555,-8.1013805,4.524117
VisualCogA_Task-1.mat,A,Task-1,L,43,0.48046875,-2.7647525,-8.4552391,4.1077697
VisualCogA_Task-1.mat,A,Task-1,L,43,0.484375,-3.0693792,-8.5919736,3.5838147
VisualCogA_Task-1.mat,A,Task-1,L,43,0.48828125,-3.3185799,-8.8306166,3.0228568
VisualCogA_Task-1.mat,A,Task-1,L,43,0.4921875,-3.5136749,-9.0320947,2.7067415
VisualCogA_Task-1.mat,A,Task-1,L,43,0.49609375,-3.6293442,-9.2129181,2.5265567
VisualCogA_Task-1.mat,A,Task-1,L,43,0.5,-3.707923,-9.1960452,2.5731589
VisualCogA_Task-1.mat,A,Task-1,L,43,0.50390625,-3.7796754,-9.2667896,2.7350721
VisualCogA_Task-1.mat,A,Task-1,L,43,0.5078125,-3.8475402,-9.4211445,2.597456
VisualCogA_Task-1.mat,A,Task-1,L,43,0.51171875,-3.9635436,-9.4284805,2.3583411
VisualCogA_Task-1.mat,A,Task-1,L,43,0.515625,-4.1202259,-9.4388536,2.138764
VisualCogA_Task-1.mat,A,Task-1,L,43,0.51953125,-4.268294,-9.4915225,2.009523
VisualCogA_Task-1.mat,A,Task-1,L,43,0.5234375,-4.4089461,-9.397991,1.8073562
VisualCogA_Task-1.mat,A,Task-1,L,43,0.52734375,-4.5077535,-9.4770903,1.6991345
VisualCogA_Task-1.mat,A,Task-1,L,43,0.53125,-4.5622527,-9.5838243,1.7122858
VisualCogA_Task-1.mat,A,Task-1,L,43,0.53515625,-4.5616082,-9.4517491,1.8372169
VisualCogA_Task-1.mat,A,Task-1,L,43,0.5390625,-4.5133231,-9.4129674,2.0181918
VisualCogA_Task-1.mat,A,Task-1,L,43,0.54296875,-4.4284682,-9.461182,2.1397315
VisualCogA_Task-1.mat,A,Task-1,L,43,0.546875,-4.2920387,-9.24984,2.3450694
VisualCogA_Task-1.mat,A,Task-1,L,43,0.55078125,-4.1470644,-9.1351157,2.6197257
VisualCogA_Task-1.mat,A,Task-1,L,43,0.5546875,-3.9721235,-9.0476385,2.8538405
VisualCogA_Task-1.mat,A,Task-1,L,43,0.55859375,-3.7879023,-8.9194377,3.1181056
VisualCogA_Task-1.mat,A,Task-1,L,43,0.5625,-3.5952899,-8.7798546,3.3397102
VisualCogA_Task-1.mat,A,Task-1,L,43,0.56640625,-3.4192164,-8.568738,3.4689838
VisualCogA_Task-1.mat,A,Task-1,L,43,0.5703125,-3.2278075,-8.4101629,3.576829
VisualCogA_Task-1.mat,A,Task-1,L,43,0.57421875,-3.0228965,-8.4233776,3.8005686
VisualCogA_Task-1.mat,A,Task-1,L,43,0.578125,-2.8047677,-8.3834651,3.954964
VisualCogA_Task-1.mat,A,Task-1,L,43,0.58203125,-2.5815419,-8.33894,4.0717476
VisualCogA_Task-1.mat,A,Task-1,L,43,0.5859375,-2.3958129,-8.1308772,4.0577109
VisualCogA_Task-1.mat,A,Task-1,L,43,0.58984375,-2.2310407,-7.9446209,4.0558944
VisualCogA_Task-1.mat,A,Task-1,L,43,0.59375,-2.0906529,-7.8620737,4.1989669
VisualCogA_Task-1.mat,A,Task-1,L,43,0.59765625,-1.9692323,-7.7146893,4.411605
VisualCogA_Task-1.mat,A,Task-1,L,43,0.6015625,-1.8650425,-7.5006468,4.5761899
VisualCogA_Task-1.mat,A,Task-1,L,43,0.60546875,-1.7763701,-7.4402068,4.5547206
VisualCogA_Task-1.mat,A,Task-1,L,43,0.609375,-1.724964,-7.2934161,4.48124
VisualCogA_Task-1.mat,A,Task-1,L,43,0.61328125,-1.7830625,-7.305771,4.3321171
VisualCogA_Task-1.mat,A,Task-1,L,43,0.6171875,-1.9222954,-7.4420217,4.0540563
VisualCogA_Task-1.mat,A,Task-1,L,43,0.62109375,-2.1126961,-7.6547119,3.7555509
VisualCogA_Task-1.mat,A,Task-1,L,43,0.625,-2.3417374,-7.8445214,3.5933427
VisualCogA_Task-1.mat,A,Task-1,L,43,0.62890625,-2.5530975,-8.0357458,3.322255
VisualCogA_Task-1.mat,A,Task-1,L,43,0.6328125,-2.6938446,-8.1582701,3.0699728
VisualCogA_Task-1.mat,A,Task-1,L,43,0.63671875,-2.7521124,-8.3449338,2.9102281
VisualCogA_Task-1.mat,A,Task-1,L,43,0.640625,-2.7425958,-8.1477567,2.7580439
VisualCogA_Task-1.mat,A,Task-1,L,43,0.64453125,-2.6428723,-8.0451208,2.7661171
VisualCogA_Task-1.mat,A,Task-1,L,43,0.6484375,-2.4630735,-7.7772623,2.9197549
VisualCogA_Task-1.mat,A,Task-1,L,43,0.65234375,-2.2191472,-7.5161877,3.1559454
VisualCogA_Task-1.mat,A,Task-1,L,43,0.65625,-1.9394251,-7.207948,3.479188
VisualCogA_Task-1.mat,A,Task-1,L,43,0.66015625,-1.5744612,-6.8956747,3.7906338
VisualCogA_Task-1.mat,A,Task-1,L,43,0.6640625,-1.1787811,-6.5010173,4.2852203
VisualCogA_Task-1.mat,A,Task-1,L,43,0.66796875,-0.7569574,-6.0614957,4.8437096
VisualCogA_Task-1.mat,A,Task-1,L,43,0.671875,-0.29025384,-5.6863183,5.6056643
VisualCogA_Task-1.mat,A,Task-1,L,43,0.67578125,0.2107832,-5.4454477,6.0330149
VisualCogA_Task-1.mat,A,Task-1,L,43,0.6796875,0.68962699,-4.9785542,6.5273446
VisualCogA_Task-1.mat,A,Task-1,L,43,0.68359375,1.1361394,-4.6527637,7.3733281
VisualCogA_Task-1.mat,A,Task-1,L,43,0.6875,1.5844038,-4.3138309,8.0516277
VisualCogA_Task-1.mat,A,Task-1,L,43,0.69140625,2.0022254,-4.1015758,8.7466118
VisualCogA_Task-1.mat,A,Task-1,L,43,0.6953125,2.4169618,-3.5770925,9.2557993
VisualCogA_Task-1.mat,A,Task-1,L,43,0.69921875,2.8557906,-3.2549825,9.9915319
VisualCogA_Task-1.mat,A,Task-1,L,43,0.703125,3.2347776,-3.0467211,10.697174
VisualCogA_Task-1.mat,A,Task-1,L,43,0.70703125,3.5580634,-3.0003031,11.108713
VisualCogA_Task-1.mat,A,Task-1,L,43,0.7109375,3.8786849,-2.9175355,11.494319
VisualCogA_Task-1.mat,A,Task-1,L,43,0.71484375,4.1564999,-3.1853942,12.14067
VisualCogA_Task-1.mat,A,Task-1,L,43,0.71875,4.3978339,-2.9722878,12.34526
VisualCogA_Task-1.mat,A,Task-1,L,43,0.72265625,4.580091,-3.2183098,12.614734
VisualCogA_Task-1.mat,A,Task-1,L,43,0.7265625,4.7096344,-2.9394815,12.910576
VisualCogA_Task-1.mat,A,Task-1,L,43,0.73046875,4.7903499,-2.8996545,13.146292
VisualCogA_Task-1.mat,A,Task-1,L,43,0.734375,4.9081832,-2.8213847,13.364588
VisualCogA_Task-1.mat,A,Task-1,L,43,0.73828125,5.0436345,-2.839063,13.537855
VisualCogA_Task-1.mat,A,Task-1,L,43,0.7421875,5.1954775,-2.6497805,13.741191
VisualCogA_Task-1.mat,A,Task-1,L,43,0.74609375,5.3949845,-2.4736472,14.211425
VisualCogA_Task-1.mat,A,Task-1,L,43,0.75,5.5966222,-2.3633799,14.725643
VisualCogA_Task-1.mat,A,Task-1,L,43,0.75390625,5.8036013,-2.1490054,14.815152
VisualCogA_Task-1.mat,A,Task-1,L,43,0.7578125,6.0136724,-1.886445,15.029887
VisualCogA_Task-1.mat,A,Task-1,L,43,0.76171875,6.2354526,-1.4529308,15.16731
VisualCogA_Task-1.mat,A,Task-1,L,43,0.765625,6.4406271,-0.93382068,15.294456
VisualCogA_Task-1.mat,A,Task-1,L,43,0.76953125,6.6130654,-0.41276166,15.517007
VisualCogA_Task-1.mat,A,Task-1,L,43,0.7734375,6.749703,-0.24143038,15.268428
VisualCogA_Task-1.mat,A,Task-1,L,43,0.77734375,6.8831034,-0.035471296,15.279142
VisualCogA_Task-1.mat,A,Task-1,L,43,0.78125,6.903842,0.058335131,14.865724
VisualCogA_Task-1.mat,A,Task-1,L,43,0.78515625,6.8827493,0.24425688,14.479892
VisualCogA_Task-1.mat,A,Task-1,L,43,0.7890625,6.8265922,0.41557657,14.258333
VisualCogA_Task-1.mat,A,Task-1,L,43,0.79296875,6.7755581,0.41342164,14.170917
VisualCogA_Task-1.mat,A,Task-1,L,43,0.796875,6.6655145,0.37838655,13.9157
VisualCogA_Task-1.mat,A,Task-1,L,43,0.80078125,6.5316819,0.34723838,13.649392
VisualCogA_Task-1.mat,A,Task-1,L,43,0.8046875,6.3853349,0.33836444,13.485841
VisualCogA_Task-1.mat,A,Task-1,L,43,0.80859375,6.2156943,0.32415967,13.394595
VisualCogA_Task-1.mat,A,Task-1,L,43,0.8125,6.0420798,0.15204043,13.268698
VisualCogA_Task-1.mat,A,Task-1,L,43,0.81640625,5.8680652,-0.096804142,13.114882
VisualCogA_Task-1.mat,A,Task-1,L,43,0.8203125,5.6593973,-0.33640308,13.031793
VisualCogA_Task-1.mat,A,Task-1,L,43,0.82421875,5.4952349,-0.58994361,13.138327
VisualCogA_Task-1.mat,A,Task-1,L,43,0.828125,5.3699731,-0.9208598,13.087253
VisualCogA_Task-1.mat,A,Task-1,L,43,0.83203125,5.2479704,-1.2965438,12.939674
VisualCogA_Task-1.mat,A,Task-1,L,43,0.8359375,5.1272877,-1.7668759,12.67634
VisualCogA_Task-1.mat,A,Task-1,L,43,0.83984375,5.0548416,-2.0230976,13.043946
VisualCogA_Task-1.mat,A,Task-1,L,43,0.84375,5.0248077,-2.1950911,13.204516
VisualCogA_Task-1.mat,A,Task-1,L,43,0.84765625,4.9960497,-2.4693188,13.315403
VisualCogA_Task-1.mat,A,Task-1,L,43,0.8515625,4.9644933,-2.7882958,13.340612
VisualCogA_Task-1.mat,A,Task-1,L,43,0.85546875,4.917735,-2.8045237,13.34882
VisualCogA_Task-1.mat,A,Task-1,L,43,0.859375,4.8376002,-2.8600475,13.307718
VisualCogA_Task-1.mat,A,Task-1,L,43,0.86328125,4.7149811,-2.8690855,13.16557
VisualCogA_Task-1.mat,A,Task-1,L,43,0.8671875,4.5597699,-3.0317739,13.060311
VisualCogA_Task-1.mat,A,Task-1,L,43,0.87109375,4.3839255,-3.1258196,12.78876
VisualCogA_Task-1.mat,A,Task-1,L,43,0.875,4.1961506,-3.168578,12.654933
VisualCogA_Task-1.mat,A,Task-1,L,43,0.87890625,3.9984932,-3.4416901,12.496129
VisualCogA_Task-1.mat,A,Task-1,L,43,0.8828125,3.8163706,-3.6911654,12.249028
VisualCogA_Task-1.mat,A,Task-1,L,43,0.88671875,3.6206234,-3.9324763,11.906353
VisualCogA_Task-1.mat,A,Task-1,L,43,0.890625,3.355093,-4.1449242,11.637925
VisualCogA_Task-1.mat,A,Task-1,L,43,0.89453125,3.0418804,-4.3300365,11.557163
VisualCogA_Task-1.mat,A,Task-1,L,43,0.8984375,2.7722311,-4.5239294,11.518947
VisualCogA_Task-1.mat,A,Task-1,L,43,0.90234375,2.5443588,-4.6383706,11.425703
VisualCogA_Task-1.mat,A,Task-1,L,43,0.90625,2.4094309,-4.8053948,11.248276
VisualCogA_Task-1.mat,A,Task-1,L,43,0.91015625,2.3700476,-4.9839806,11.288305
VisualCogA_Task-1.mat,A,Task-1,L,43,0.9140625,2.3408567,-5.0055273,11.20475
VisualCogA_Task-1.mat,A,Task-1,L,43,0.91796875,2.3268,-5.3134903,11.147423
VisualCogA_Task-1.mat,A,Task-1,L,43,0.921875,2.3064347,-5.5072184,11.33053
VisualCogA_Task-1.mat,A,Task-1,L,43,0.92578125,2.2831147,-5.6520814,11.151019
VisualCogA_Task-1.mat,A,Task-1,L,43,0.9296875,2.2547865,-5.6801496,10.998887
VisualCogA_Task-1.mat,A,Task-1,L,43,0.93359375,2.2006178,-5.7800238,10.977851
VisualCogA_Task-1.mat,A,Task-1,L,43,0.9375,2.199234,-5.6468355,10.949204
VisualCogA_Task-1.mat,A,Task-1,L,43,0.94140625,2.3246645,-5.2973341,11.075478
VisualCogA_Task-1.mat,A,Task-1,L,43,0.9453125,2.439975,-5.2345685,11.239641
VisualCogA_Task-1.mat,A,Task-1,L,43,0.94921875,2.5358231,-5.2701035,11.36963
VisualCogA_Task-1.mat,A,Task-1,L,43,0.953125,2.6028662,-5.1171808,11.072898
VisualCogA_Task-1.mat,A,Task-1,L,43,0.95703125,2.6317619,-5.0089833,11.205522
VisualCogA_Task-1.mat,A,Task-1,L,43,0.9609375,2.6131677,-4.8105291,11.02486
VisualCogA_Task-1.mat,A,Task-1,L,43,0.96484375,2.5377411,-4.6336823,10.758283
VisualCogA_Task-1.mat,A,Task-1,L,43,0.96875,2.3961396,-4.5960888,10.713446
VisualCogA_Task-1.mat,A,Task-1,L,43,0.97265625,2.1790207,-4.8322892,10.391392
VisualCogA_Task-1.mat,A,Task-1,L,43,0.9765625,1.8770419,-5.2595294,10.08506
VisualCogA_Task-1.mat,A,Task-1,L,43,0.98046875,1.4808609,-5.5505838,9.5795018
VisualCogA_Task-1.mat,A,Task-1,L,43,0.984375,0.98113493,-6.0464896,8.8931328
VisualCogA_Task-1.mat,A,Task-1,L,43,0.98828125,0.3685217,-6.7326823,8.4949366
VisualCogA_Task-1.mat,A,Task-1,L,43,0.9921875,-0.36632134,-7.6805142,8.1763734
VisualCogA_Task-1.mat,A,Task-1,L,43,0.99609375,-1.2327367,-9.1408627,7.8463607
VisualCogA_Task-1.mat,A,Task-1,R,42,-0.5,5.5509821,-0.5205405,11.411359
VisualCogA_Task-1.mat,A,Task-1,R,42,-0.49609375,4.9490026,-0.98304608,10.518378
VisualCogA_Task-1.mat,A,Task-1,R,42,-0.4921875,4.3984702,-1.4444684,9.4844058
VisualCogA_Task-1.mat,A,Task-1,R,42,-0.48828125,3.8981618,-1.8778106,8.6363724
VisualCogA_Task-1.mat,A,Task-1,R,42,-0.484375,3.4468543,-2.1195068,8.0861258
VisualCogA_Task-1.mat,A,Task-1,R,42,-0.48046875,3.0433246,-2.2671417,7.9397363
VisualCogA_Task-1.mat,A,Task-1,R,42,-0.4765625,2.6863497,-2.3598044,7.653633
VisualCogA_Task-1.mat,A,Task-1,R,42,-0.47265625,2.3747064,-2.6141131,7.2921685
VisualCogA_Task-1.mat,A,Task-1,R,42,-0.46875,2.1071717,-2.7754092,6.9474717
VisualCogA_Task-1.mat,A,Task-1,R,42,-0.46484375,1.8825225,-2.9238685,6.7223701
VisualCogA_Task-1.mat,A,Task-1,R,42,-0.4609375,1.6995356,-3.0909069,6.5948498
VisualCogA_Task-1.mat,A,Task-1,R,42,-0.45703125,1.5569881,-3.2304815,6.5916013
VisualCogA_Task-1.mat,A,Task-1,R,42,-0.453125,1.4536568,-3.3727923,6.6132317
VisualCogA_Task-1.mat,A,Task-1,R,42,-0.44921875,1.3883187,-3.4861445,6.4821054
VisualCogA_Task-1.mat,A,Task-1,R,42,-0.4453125,1.3597506,-3.6501184,6.5846188
VisualCogA_Task-1.mat,A,Task-1,R,42,-0.44140625,1.3667295,-3.7498503,6.6681697
VisualCogA_Task-1.mat,A,Task-1,R,42,-0.4375,1.3819819,-3.8112667,6.6395016
VisualCogA_Task-1.mat,A,Task-1,R,42,-0.43359375,1.4690986,-3.8547818,6.6541108
VisualCogA_Task-1.mat,A,Task-1,R,42,-0.4296875,1.6018264,-3.8007447,6.7989129
VisualCogA_Task-1.mat,A,Task-1,R,42,-0.42578125,1.8156001,-3.6850128,7.0828268
VisualCogA_Task-1.mat,A,Task-1,R,42,-0.421875,2.0713252,-3.5967274,7.4807716
VisualCogA_Task-1.mat,A,Task-1,R,42,-0.41796875,2.3083703,-3.4736195,7.8589421
VisualCogA_Task-1.mat,A,Task-1,R,42,-0.4140625,2.5222992,-3.3458166,8.0934687
VisualCogA_Task-1.mat,A,Task-1,R,42,-0.41015625,2.7359927,-3.1838825,8.3704947
VisualCogA_Task-1.mat,A,Task-1,R,42,-0.40625,2.9116784,-3.0802009,8.5604687
VisualCogA_Task-1.mat,A,Task-1,R,42,-0.40234375,3.0930203,-2.9640051,8.727337
VisualCogA_Task-1.mat,A,Task-1,R,42,-0.3984375,3.2660392,-2.9323194,8.8684642
VisualCogA_Task-1.mat,A,Task-1,R,42,-0.39453125,3.4351623,-2.7050021,9.0182716
VisualCogA_Task-1.mat,A,Task-1,R,42,-0.390625,3.6070202,-2.5313115,9.1277444
VisualCogA_Task-1.mat,A,Task-1,R,42,-0.38671875,3.7743392,-2.4721608,9.325467
VisualCogA_Task-1.mat,A,Task-1,R,42,-0.3828125,3.9006303,-2.3801716,9.586102
VisualCogA_Task-1.mat,A,Task-1,R,42,-0.37890625,3.9904888,-2.3312277,9.6409224
VisualCogA_Task-1.mat,A,Task-1,R,42,-0.375,4.0219858,-2.3032268,9.7051797
VisualCogA_Task-1.mat,A,Task-1,R,42,-0.37109375,4.0069385,-2.3678624,9.7259349
VisualCogA_Task-1.mat,A,Task-1,R,42,-0.3671875,3.9475382,-2.4277087,9.7222132
VisualCogA_Task-1.mat,A,Task-1,R,42,-0.36328125,3.8338484,-2.4019669,9.5898893
VisualCogA_Task-1.mat,A,Task-1,R,42,-0.359375,3.6918737,-2.4504035,9.475833
VisualCogA_Task-1.mat,A,Task-1,R,42,-0.35546875,3.5225529,-2.5992976,9.3826912
VisualCogA_Task-1.mat,A,Task-1,R,42,-0.3515625,3.3492528,-2.6982983,9.2140085
VisualCogA_Task-1.mat,A,Task-1,R,42,-0.34765625,3.1886917,-2.8503359,9.0998001
VisualCogA_Task-1.mat,A,Task-1,R,42,-0.34375,3.0607656,-3.0147891,8.9693792
VisualCogA_Task-1.mat,A,Task-1,R,42,-0.33984375,2.9666048,-3.1112346,9.0579052
VisualCogA_Task-1.mat,A,Task-1,R,42,-0.3359375,2.887981,-3.1274961,9.0268353
VisualCogA_Task-1.mat,A,Task-1,R,42,-0.33203125,2.8222795,-3.0445275,8.9756713
VisualCogA_Task-1.mat,A,Task-1,R,42,-0.328125,2.7800499,-3.0463259,8.8672338
VisualCogA_Task-1.mat,A,Task-1,R,42,-0.32421875,2.7538057,-3.0203603,8.9172953
VisualCogA_Task-1.mat,A,Task-1,R,42,-0.3203125,2.7113375,-3.0089449,9.0777664
VisualCogA_Task-1.mat,A,Task-1,R,42,-0.31640625,2.6502088,-2.976862,9.134702
VisualCogA_Task-1.mat,A,Task-1,R,42,-0.3125,2.5690812,-2.9918632,9.1749283
VisualCogA_Task-1.mat,A,Task-1,R,42,-0.30859375,2.4816062,-2.9847047,9.0341412
VisualCogA_Task-1.mat,A,Task-1,R,42,-0.3046875,2.3928139,-2.9314911,8.7173178
VisualCogA_Task-1.mat,A,Task-1,R,42,-0.30078125,2.3280838,-2.8750091,8.4157946
VisualCogA_Task-1.mat,A,Task-1,R,42,-0.296875,2.2956628,-2.8436083,8.1446937
VisualCogA_Task-1.mat,A,Task-1,R,42,-0.29296875,2.3079554,-2.8189963,7.9450516
VisualCogA_Task-1.mat,A,Task-1,R,42,-0.2890625,2.3820905,-2.7358899,7.764239
VisualCogA_Task-1.mat,A,Task-1,R,42,-0.28515625,2.522969,-2.5751698,7.8470703
VisualCogA_Task-1.mat,A,Task-1,R,42,-0.28125,2.6837511,-2.413626,8.0291685
VisualCogA_Task-1.mat,A,Task-1,R,42,-0.27734375,2.8321348,-2.1982252,8.1372465
VisualCogA_Task-1.mat,A,Task-1,R,42,-0.2734375,2.9446267,-1.9885516,8.1015375
VisualCogA_Task-1.mat,A,Task-1,R,42,-0.26953125,2.9949182,-1.8942447,7.8924685
VisualCogA_Task-1.mat,A,Task-1,R,42,-0.265625,2.9687758,-1.7736943,7.5782472
VisualCogA_Task-1.mat,A,Task-1,R,42,-0.26171875,2.8896157,-1.7156608,7.2934955
VisualCogA_Task-1.mat,A,Task-1,R,42,-0.2578125,2.7817319,-1.6272617,7.1168344
VisualCogA_Task-1.mat,A,Task-1,R,42,-0.25390625,2.6762734,-1.7307832,6.9131791
VisualCogA_Task-1.mat,A,Task-1,R,42,-0.25,2.5501366,-1.7876918,6.8076363
VisualCogA_Task-1.mat,A,Task-1,R,42,-0.24609375,2.4237837,-1.9292629,6.6698813
VisualCogA_Task-1.mat,A,Task-1,R,42,-0.2421875,2.3030462,-2.0235903,6.5591636
VisualCogA_Task-1.mat,A,Task-1,R,42,-0.23828125,2.1874913,-2.0631773,6.425771
VisualCogA_Task-1.mat,A,Task-1,R,42,-0.234375,2.0413961,-2.1805957,6.2574182
VisualCogA_Task-1.mat,A,Task-1,R,42,-0.23046875,1.8791706,-2.3495606,6.0371314
VisualCogA_Task-1.mat,A,Task-1,R,42,-0.2265625,1.6862162,-2.4706452,5.7778988
VisualCogA_Task-1.mat,A,Task-1,R,42,-0.22265625,1.4486675,-2.6460977,5.4108702
VisualCogA_Task-1.mat,A,Task-1,R,42,-0.21875,1.1923642,-2.7492222,4.9608608
VisualCogA_Task-1.mat,A,Task-1,R,42,-0.21484375,0.94642676,-2.8410599,4.5509007
VisualCogA_Task-1.mat,A,Task-1,R,42,-0.2109375,0.72108752,-2.8966035,4.1954524
VisualCogA_Task-1.mat,A,Task-1,R,42,-0.20703125,0.48428095,-2.9909571,3.9026408
VisualCogA_Task-1.mat,A,Task-1,R,42,-0.203125,0.2153264,-3.1127672,3.5378024
VisualCogA_Task-1.mat,A,Task-1,R,42,-0.19921875,-0.038541809,-3.1358759,3.0423245
VisualCogA_Task-1.mat,A,Task-1,R,42,-0.1953125,-0.26479606,-3.0173018,2.5922013
VisualCogA_Task-1.mat,A,Task-1,R,42,-0.19140625,-0.4478461,-2.9919416,2.1401226
VisualCogA_Task-1.mat,A,Task-1,R,42,-0.1875,-0.59057666,-3.0100718,1.9313183
VisualCogA_Task-1.mat,A,Task-1,R,42,-0.18359375,-0.678593,-3.0264197,1.7871104
VisualCogA_Task-1.mat,A,Task-1,R,42,-0.1796875,-0.73467807,-2.995761,1.6313847
VisualCogA_Task-1.mat,A,Task-1,R,42,-0.17578125,-0.78247108,-2.8798236,1.4500166
VisualCogA_Task-1.mat,A,Task-1,R,42,-0.171875,-0.79807949,-2.7395284,1.2641844
VisualCogA_Task-1.mat,A,Task-1,R,42,-0.16796875,-0.79401141,-2.5733535,1.2165555
VisualCogA_Task-1.mat,A,Task-1,R,42,-0.1640625,-0.76795593,-2.4030903,1.1539552
VisualCogA_Task-1.mat,A,Task-1,R,42,-0.16015625,-0.73245442,-2.2625496,1.1647544
VisualCogA_Task-1.mat,A,Task-1,R,42,-0.15625,-0.68742075,-2.276365,1.2791327
VisualCogA_Task-1.mat,A,Task-1,R,42,-0.15234375,-0.60171486,-2.2677687,1.3924451
VisualCogA_Task-1.mat,A,Task-1,R,42,-0.1484375,-0.46337149,-2.1873639,1.4676455
VisualCogA_Task-1.mat,A,Task-1,R,42,-0.14453125,-0.2911903,-2.0560868,1.6400003
VisualCogA_Task-1.mat,A,Task-1,R,42,-0.140625,-0.12142373,-1.9205344,1.7770471
VisualCogA_Task-1.mat,A,Task-1,R,42,-0.13671875,-0.014849951,-1.8104528,1.8945658
VisualCogA_Task-1.mat,A,Task-1,R,42,-0.1328125,0.012283248,-1.6937579,1.8331018
VisualCogA_Task-1.mat,A,Task-1,R,42,-0.12890625,-0.01183469,-1.792373,1.7366055
VisualCogA_Task-1.mat,A,Task-1,R,42,-0.125,-0.081870077,-1.8800924,1.6443702
VisualCogA_Task-1.mat,A,Task-1,R,42,-0.12109375,-0.17845376,-1.9252586,1.4853179
VisualCogA_Task-1.mat,A,Task-1,R,42,-0.1171875,-0.28395917,-2.1215523,1.2530915
VisualCogA_Task-1.mat,A,Task-1,R,42,-0.11328125,-0.39283525,-2.1894309,1.068833
VisualCogA_Task-1.mat,A,Task-1,R,42,-0.109375,-0.51009379,-2.3765901,0.92932455
VisualCogA_Task-1.mat,A,Task-1,R,42,-0.10546875,-0.61472709,-2.4721242,0.8709368
VisualCogA_Task-1.mat,A,Task-1,R,42,-0.1015625,-0.71070447,-2.5485993,0.74748225
VisualCogA_Task-1.mat,A,Task-1,R,42,-0.09765625,-0.8182856,-2.5841725,0.58562305
VisualCogA_Task-1.mat,A,Task-1,R,42,-0.09375,-0.97391507,-2.7246669,0.37130991
VisualCogA_Task-1.mat,A,Task-1,R,42,-0.08984375,-1.1535952,-2.8360964,0.20361853
VisualCogA_Task-1.mat,A,Task-1,R,42,-0.0859375,-1.3290732,-2.9525283,-0.030276741
VisualCogA_Task-1.mat,A,Task-1,R,42,-0.08203125,-1.4661444,-3.0318803,-0.15689226
VisualCogA_Task-1.mat,A,Task-1,R,42,-0.078125,-1.5523909,-3.0744852,-0.1772973
VisualCogA_Task-1.mat,A,Task-1,R,42,-0.07421875,-1.5615286,-3.0578392,-0.19148367
VisualCogA_Task-1.mat,A,Task-1,R,42,-0.0703125,-1.4991456,-2.9630031,-0.157936
VisualCogA_Task-1.mat,A,Task-1,R,42,-0.06640625,-1.3769409,-2.7754691,-0.083687279
VisualCogA_Task-1.mat,A,Task-1,R,42,-0.0625,-1.2070524,-2.5244682,0.1858494
VisualCogA_Task-1.mat,A,Task-1,R,42,-0.05859375,-0.96863072,-2.2730936,0.35694101
VisualCogA_Task-1.mat,A,Task-1,R,42,-0.0546875,-0.65291505,-1.8778235,0.79056491
VisualCogA_Task-1.mat,A,Task-1,R,42,-0.05078125,-0.25499123,-1.525314,1.1558053
VisualCogA_Task-1.mat,A,Task-1,R,42,-0.046875,0.18020747,-1.159877,1.7359665
VisualCogA_Task-1.mat,A,Task-1,R,42,-0.04296875,0.62844637,-0.78496371,2.2757446
VisualCogA_Task-1.mat,A,Task-1,R,42,-0.0390625,1.0778342,-0.38930564,2.8338066
VisualCogA_Task-1.mat,A,Task-1,R,42,-0.03515625,1.5347564,0.021689977,3.4846198
VisualCogA_Task-1.mat,A,Task-1,R,42,-0.03125,1.974512,0.30777053,4.1425359
VisualCogA_Task-1.mat,A,Task-1,R,42,-0.02734375,2.3373774,0.46246816,4.6966069
VisualCogA_Task-1.mat,A,Task-1,R,42,-0.0234375,2.6170303,0.5680373,5.1556767
VisualCogA_Task-1.mat,A,Task-1,R,42,-0.01953125,2.8488014,0.64373958,5.6243079
VisualCogA_Task-1.mat,A,Task-1,R,42,-0.015625,3.0965038,0.75032412,6.0798809
VisualCogA_Task-1.mat,A,Task-1,R,42,-0.01171875,3.3517727,0.84465921,6.4937938
VisualCogA_Task-1.mat,A,Task-1,R,42,-0.0078125,3.609735,0.91345697,6.938364
VisualCogA_Task-1.mat,A,Task-1,R,42,-0.00390625,3.8365224,1.0382377,7.2682137
VisualCogA_Task-1.mat,A,Task-1,R,42,0,4.0244039,1.2045954,7.5420123
VisualCogA_Task-1.mat,A,Task-1,R,42,0.00390625,4.1527284,1.2455817,7.8387583
VisualCogA_Task-1.mat,A,Task-1,R,42,0.0078125,4.2248609,1.2584125,7.9052456
VisualCogA_Task-1.mat,A,Task-1,R,42,0.01171875,4.2257294,1.1365523,7.8915859
VisualCogA_Task-1.mat,A,Task-1,R,42,0.015625,4.1393756,0.98970003,7.8228623
VisualCogA_Task-1.mat,A,Task-1,R,42,0.01953125,3.9831116,0.67666827,7.6532748
VisualCogA_Task-1.mat,A,Task-1,R,42,0.0234375,3.8030341,0.42445953,7.6934081
VisualCogA_Task-1.mat,A,Task-1,R,42,0.02734375,3.6318743,0.11478588,7.7390355
VisualCogA_Task-1.mat,A,Task-1,R,42,0.03125,3.4814647,-0.11788607,7.8582031
VisualCogA_Task-1.mat,A,Task-1,R,42,0.03515625,3.3656893,-0.41942499,7.967972
VisualCogA_Task-1.mat,A,Task-1,R,42,0.0390625,3.2869575,-0.54012192,8.0335077
VisualCogA_Task-1.mat,A,Task-1,R,42,0.04296875,3.243845,-0.73813594,7.948796
VisualCogA_Task-1.mat,A,Task-1,R,42,0.046875,3.2083664,-0.77651591,7.9456619
VisualCogA_Task-1.mat,A,Task-1,R,42,0.05078125,3.180971,-0.81075349,7.993912
VisualCogA_Task-1.mat,A,Task-1,R,42,0.0546875,3.1738748,-0.78353911,7.89498
VisualCogA_Task-1.mat,A,Task-1,R,42,0.05859375,3.20838,-0.69823526,7.8830222
VisualCogA_Task-1.mat,A,Task-1,R,42,0.0625,3.2546554,-0.56093747,7.9482018
VisualCogA_Task-1.mat,A,Task-1,R,42,0.06640625,3.3495705,-0.36509432,8.0609017
VisualCogA_Task-1.mat,A,Task-1,R,42,0.0703125,3.4520984,-0.16833744,8.2236388
VisualCogA_Task-1.mat,A,Task-1,R,42,0.07421875,3.5510544,-0.14485014,8.3487968
VisualCogA_Task-1.mat,A,Task-1,R,42,0.078125,3.647059,-0.12335939,8.4110581
VisualCogA_Task-1.mat,A,Task-1,R,42,0.08203125,3.7360322,-0.13754171,8.4598309
VisualCogA_Task-1.mat,A,Task-1,R,42,0.0859375,3.8135424,-0.17267072,8.4782804
VisualCogA_Task-1.mat,A,Task-1,R,42,0.08984375,3.8711584,-0.15957705,8.521496
VisualCogA_Task-1.mat,A,Task-1,R,42,0.09375,3.9549467,-0.14182731,8.6587151
VisualCogA_Task-1.mat,A,Task-1,R,42,0.09765625,4.0764289,-0.084983388,8.7606503
VisualCogA_Task-1.mat,A,Task-1,R,42,0.1015625,4.205643,0.029508726,8.9067073
VisualCogA_Task-1.mat,A,Task-1,R,42,0.10546875,4.2992195,0.078242511,9.0602112
VisualCogA_Task-1.mat,A,Task-1,R,42,0.109375,4.3616689,0.09674896,9.0771959
VisualCogA_Task-1.mat,A,Task-1,R,42,0.11328125,4.3813656,0.016711384,9.1021927
VisualCogA_Task-1.mat,A,Task-1,R,42,0.1171875,4.3700338,-0.11546171,8.9813272
VisualCogA_Task-1.mat,A,Task-1,R,42,0.12109375,4.3251043,-0.1991096,8.9618367
VisualCogA_Task-1.mat,A,Task-1,R,42,0.125,4.2629946,-0.36323106,8.9559927
VisualCogA_Task-1.mat,A,Task-1,R,42,0.12890625,4.1714929,-0.47760315,9.0403844
VisualCogA_Task-1.mat,A,Task-1,R,42,0.1328125,4.0784523,-0.62851363,9.1315161
VisualCogA_Task-1.mat,A,Task-1,R,42,0.13671875,3.9952247,-0.88480266,9.1507734
VisualCogA_Task-1.mat,A,Task-1,R,42,0.140625,3.9224846,-1.0176797,9.1556059
VisualCogA_Task-1.mat,A,Task-1,R,42,0.14453125,3.8300149,-1.1270169,9.1428239
VisualCogA_Task-1.mat,A,Task-1,R,42,0.1484375,3.744849,-1.2156849,9.1619939
VisualCogA_Task-1.mat,A,Task-1,R,42,0.15234375,3.6755708,-1.301818,9.3275998
VisualCogA_Task-1.mat,A,Task-1,R,42,0.15625,3.6057092,-1.498421,9.3806823
VisualCogA_Task-1.mat,A,Task-1,R,42,0.16015625,3.5443537,-1.6723644,9.4443522
VisualCogA_Task-1.mat,A,Task-1,R,42,0.1640625,3.498225,-1.6777558,9.5130128
VisualCogA_Task-1.mat,A,Task-1,R,42,0.16796875,3.5009479,-1.6657754,9.6310812
VisualCogA_Task-1.mat,A,Task-1,R,42,0.171875,3.5823729,-1.68447,9.9242037
VisualCogA_Task-1.mat,A,Task-1,R,42,0.17578125,3.726464,-1.6215116,10.066872
VisualCogA_Task-1.mat,A,Task-1,R,42,0.1796875,3.8863078,-1.4554309,10.369138
VisualCogA_Task-1.mat,A,Task-1,R,42,0.18359375,4.0764559,-1.5502757,10.614978
VisualCogA_Task-1.mat,A,Task-1,R,42,0.1875,4.2657216,-1.3899626,10.981585
VisualCogA_Task-1.mat,A,Task-1,R,42,0.19140625,4.4453796,-1.2069414,11.111693
VisualCogA_Task-1.mat,A,Task-1,R,42,0.1953125,4.5867832,-1.1422094,11.199959
VisualCogA_Task-1.mat,A,Task-1,R,42,0.19921875,4.6610383,-1.051903,11.252013
VisualCogA_Task-1.mat,A,Task-1,R,42,0.203125,4.7067889,-0.91709921,11.211236
VisualCogA_Task-1.mat,A,Task-1,R,42,0.20703125,4.7536916,-0.82164889,11.237146
VisualCogA_Task-1.mat,A,Task-1,R,42,0.2109375,4.7863247,-0.8825696,11.111526
VisualCogA_Task-1.mat,A,Task-1,R,42,0.21484375,4.7835643,-0.8295324,10.920524
VisualCogA_Task-1.mat,A,Task-1,R,42,0.21875,4.7290489,-0.84697955,10.654255
VisualCogA_Task-1.mat,A,Task-1,R,42,0.22265625,4.6518891,-0.96879815,10.443648
VisualCogA_Task-1.mat,A,Task-1,R,42,0.2265625,4.5416558,-0.98181036,10.390152
VisualCogA_Task-1.mat,A,Task-1,R,42,0.23046875,4.4221256,-0.83022513,10.11506
VisualCogA_Task-1.mat,A,Task-1,R,42,0.234375,4.2925073,-0.89457753,9.7703636
VisualCogA_Task-1.mat,A,Task-1,R,42,0.23828125,4.1548319,-1.0841224,9.4108325
VisualCogA_Task-1.mat,A,Task-1,R,42,0.2421875,4.0169412,-1.1982793,9.1884682
VisualCogA_Task-1.mat,A,Task-1,R,42,0.24609375,3.8791287,-1.3014535,9.0491377
VisualCogA_Task-1.mat,A,Task-1,R,42,0.25,3.7487625,-1.4066633,9.1254532
VisualCogA_Task-1.mat,A,Task-1,R,42,0.25390625,3.6213529,-1.6605549,9.0627093
VisualCogA_Task-1.mat,A,Task-1,R,42,0.2578125,3.4984345,-1.9777847,8.9174306
VisualCogA_Task-1.mat,A,Task-1,R,42,0.26171875,3.3566856,-2.311873,8.8496345
VisualCogA_Task-1.mat,A,Task-1,R,42,0.265625,3.2320542,-2.3170201,8.9394574
VisualCogA_Task-1.mat,A,Task-1,R,42,0.26953125,3.1209046,-2.2281751,8.9636302
VisualCogA_Task-1.mat,A,Task-1,R,42,0.2734375,3.0280331,-2.1109517,8.8740088
VisualCogA_Task-1.mat,A,Task-1,R,42,0.27734375,2.9877947,-2.1247922,8.7003275
VisualCogA_Task-1.mat,A,Task-1,R,42,0.28125,3.0031026,-1.9710897,8.7052548
VisualCogA_Task-1.mat,A,Task-1,R,42,0.28515625,3.0803232,-1.7728128,8.7820688
VisualCogA_Task-1.mat,A,Task-1,R,42,0.2890625,3.1922306,-1.6871357,8.8809243
VisualCogA_Task-1.mat,A,Task-1,R,42,0.29296875,3.2587385,-1.5545223,8.8796313
VisualCogA_Task-1.mat,A,Task-1,R,42,0.296875,3.293057,-1.4199196,8.6867273
VisualCogA_Task-1.mat,A,Task-1,R,42,0.30078125,3.3262135,-1.3421713,8.4384776
VisualCogA_Task-1.mat,A,Task-1,R,42,0.3046875,3.3319718,-1.2377945,8.3511306
VisualCogA_Task-1.mat,A,Task-1,R,42,0.30859375,3.3101322,-1.245712,8.0280943
VisualCogA_Task-1.mat,A,Task-1,R,42,0.3125,3.2531449,-1.361353,8.0232195
VisualCogA_Task-1.mat,A,Task-1,R,42,0.31640625,3.1821385,-1.5399569,7.9720901
VisualCogA_Task-1.mat,A,Task-1,R,42,0.3203125,3.1306928,-1.7873416,7.6740919
VisualCogA_Task-1.mat,A,Task-1,R,42,0.32421875,3.0730673,-1.8607669,7.4718379
VisualCogA_Task-1.mat,A,Task-1,R,42,0.328125,2.9920321,-1.8727513,7.132889
VisualCogA_Task-1.mat,A,Task-1,R,42,0.33203125,2.8990689,-1.9890616,6.8194222
VisualCogA_Task-1.mat,A,Task-1,R,42,0.3359375,2.7991327,-2.0124457,6.8421487
VisualCogA_Task-1.mat,A,Task-1,R,42,0.33984375,2.6951064,-2.064075,6.7906178
VisualCogA_Task-1.mat,A,Task-1,R,42,0.34375,2.5747162,-2.0982446,6.6608104
VisualCogA_Task-1.mat,A,Task-1,R,42,0.34765625,2.4512259,-2.1477141,6.5211164
VisualCogA_Task-1.mat,A,Task-1,R,42,0.3515625,2.3128564,-2.2629411,6.4927726
VisualCogA_Task-1.mat,A,Task-1,R,42,0.35546875,2.1556326,-2.4238112,6.2349332
VisualCogA_Task-1.mat,A,Task-1,R,42,0.359375,1.9865514,-2.6004012,6.107562
VisualCogA_Task-1.mat,A,Task-1,R,42,0.36328125,1.8111716,-2.804369,6.0242851
VisualCogA_Task-1.mat,A,Task-1,R,42,0.3671875,1.5989684,-2.9800933,5.7950918
VisualCogA_Task-1.mat,A,Task-1,R,42,0.37109375,1.3621164,-3.1319071,5.4779385
VisualCogA_Task-1.mat,A,Task-1,R,42,0.375,1.1178962,-3.248724,5.2725143
VisualCogA_Task-1.mat,A,Task-1,R,42,0.37890625,0.87133456,-3.3913716,4.9898161
VisualCogA_Task-1.mat,A,Task-1,R,42,0.3828125,0.67804506,-3.5095085,4.7310927
VisualCogA_Task-1.mat,A,Task-1,R,42,0.38671875,0.52510923,-3.745152,4.6631998
VisualCogA_Task-1.mat,A,Task-1,R,42,0.390625,0.42203667,-3.828373,4.6147851
VisualCogA_Task-1.mat,A,Task-1,R,42,0.39453125,0.327687,-3.925583,4.5884177
VisualCogA_Task-1.mat,A,Task-1,R,42,0.3984375,0.23294287,-4.0664532,4.5104819
VisualCogA_Task-1.mat,A,Task-1,R,42,0.40234375,0.14974567,-4.0821002,4.4923719
VisualCogA_Task-1.mat,A,Task-1,R,42,0.40625,0.078487437,-4.1260193,4.4970852
VisualCogA_Task-1.mat,A,Task-1,R,42,0.41015625,-0.00095277901,-4.265806,4.5080062
VisualCogA_Task-1.mat,A,Task-1,R,42,0.4140625,0.0074307866,-4.452999,4.6525014
VisualCogA_Task-1.mat,A,Task-1,R,42,0.41796875,0.075624982,-4.4907801,4.7467817
VisualCogA_Task-1.mat,A,Task-1,R,42,0.421875,0.19355501,-4.5315864,4.9439627
VisualCogA_Task-1.mat,A,Task-1,R,42,0.42578125,0.3718217,-4.4069431,5.2482837
VisualCogA_Task-1.mat,A,Task-1,R,42,0.4296875,0.58908442,-4.277966,5.599684
VisualCogA_Task-1.mat,A,Task-1,R,42,0.43359375,0.79408084,-4.126759,5.8958058
VisualCogA_Task-1.mat,A,Task-1,R,42,0.4375,0.9630255,-3.9583237,6.1659585
VisualCogA_Task-1.mat,A,Task-1,R,42,0.44140625,1.1506835,-3.9212832,6.5747928
VisualCogA_Task-1.mat,A,Task-1,R,42,0.4453125,1.3205912,-3.8349333,7.0857723
VisualCogA_Task-1.mat,A,Task-1,R,42,0.44921875,1.4424879,-3.6860996,7.3356431
VisualCogA_Task-1.mat,A,Task-1,R,42,0.453125,1.5321559,-3.6046441,7.3281742
VisualCogA_Task-1.mat,A,Task-1,R,42,0.45703125,1.553006,-3.5380999,7.2971624
VisualCogA_Task-1.mat,A,Task-1,R,42,0.4609375,1.5335201,-3.4187148,7.3681166
VisualCogA_Task-1.mat,A,Task-1,R,42,0.46484375,1.4568475,-3.4442554,7.3281346
VisualCogA_Task-1.mat,A,Task-1,R,42,0.46875,1.3232042,-3.4660687,7.2374611
VisualCogA_Task-1.mat,A,Task-1,R,42,0.47265625,1.1282998,-3.5842549,7.0365224
VisualCogA_Task-1.mat,A,Task-1,R,42,0.4765625,0.8871485,-3.875699,6.8682991
VisualCogA_Task-1.mat,A,Task-1,R,42,0.48046875,0.59185096,-4.1271184,6.6728903
VisualCogA_Task-1.mat,A,Task-1,R,42,0.484375,0.22308531,-4.4340255,6.2088753
VisualCogA_Task-1.mat,A,Task-1,R,42,0.48828125,-0.13537396,-4.7566049,5.7527195
VisualCogA_Task-1.mat,A,Task-1,R,42,0.4921875,-0.45247475,-5.0148957,5.333145
VisualCogA_Task-1.mat,A,Task-1,R,42,0.49609375,-0.74032202,-5.3732879,4.890775
VisualCogA_Task-1.mat,A,Task-1,R,42,0.5,-0.97915426,-5.5865077,4.4268822
VisualCogA_Task-1.mat,A,Task-1,R,42,0.50390625,-1.2027818,-5.7303828,4.0797385
VisualCogA_Task-1.mat,A,Task-1,R,42,0.5078125,-1.3966175,-5.8515045,3.9264475
VisualCogA_Task-1.mat,A,Task-1,R,42,0.51171875,-1.5827853,-5.956493,3.8413652
VisualCogA_Task-1.mat,A,Task-1,R,42,0.515625,-1.7176485,-6.1370164,3.6468159
VisualCogA_Task-1.mat,A,Task-1,R,42,0.51953125,-1.7877083,-6.2559851,3.656897
VisualCogA_Task-1.mat,A,Task-1,R,42,0.5234375,-1.7722864,-6.3950236,3.6272547
VisualCogA_Task-1.mat,A,Task-1,R,42,0.52734375,-1.6850989,-6.4298235,3.5870178
VisualCogA_Task-1.mat,A,Task-1,R,42,0.53125,-1.5136139,-6.3834539,3.6055889
VisualCogA_Task-1.mat,A,Task-1,R,42,0.53515625,-1.3219082,-6.1401996,3.7737662
VisualCogA_Task-1.mat,A,Task-1,R,42,0.5390625,-1.1025043,-6.0419714,4.0988183
VisualCogA_Task-1.mat,A,Task-1,R,42,0.54296875,-0.87975625,-5.7492447,4.4378814
VisualCogA_Task-1.mat,A,Task-1,R,42,0.546875,-0.66231629,-5.5189297,4.7307542
VisualCogA_Task-1.mat,A,Task-1,R,42,0.55078125,-0.45667858,-5.4490766,5.0016203
VisualCogA_Task-1.mat,A,Task-1,R,42,0.5546875,-0.2224873,-5.2549592,5.362435
VisualCogA_Task-1.mat,A,Task-1,R,42,0.55859375,0.067329061,-5.2602798,5.6971272
VisualCogA_Task-1.mat,A,Task-1,R,42,0.5625,0.34717479,-5.1325262,6.1692968
VisualCogA_Task-1.mat,A,Task-1,R,42,0.56640625,0.59943034,-4.9871616,6.7052359
VisualCogA_Task-1.mat,A,Task-1,R,42,0.5703125,0.84531754,-4.7270215,7.2406307
VisualCogA_Task-1.mat,A,Task-1,R,42,0.57421875,1.0120567,-4.5868594,7.5159696
VisualCogA_Task-1.mat,A,Task-1,R,42,0.578125,1.1200283,-4.4996003,7.5143112
VisualCogA_Task-1.mat,A,Task-1,R,42,0.58203125,1.1456773,-4.5411763,7.2022522
VisualCogA_Task-1.mat,A,Task-1,R,42,0.5859375,1.0873727,-4.6296919,7.1216777
VisualCogA_Task-1.mat,A,Task-1,R,42,0.58984375,0.96003099,-4.815959,7.0133206
VisualCogA_Task-1.mat,A,Task-1,R,42,0.59375,0.7744034,-5.0825586,6.9034559
VisualCogA_Task-1.mat,A,Task-1,R,42,0.59765625,0.55370093,-5.3112933,6.5486573
VisualCogA_Task-1.mat,A,Task-1,R,42,0.6015625,0.33817204,-5.5599809,6.2894249
VisualCogA_Task-1.mat,A,Task-1,R,42,0.60546875,0.16793285,-5.86566,6.0978328
VisualCogA_Task-1.mat,A,Task-1,R,42,0.609375,0.0079570881,-6.0302056,6.0523029
VisualCogA_Task-1.mat,A,Task-1,R,42,0.61328125,-0.1466162,-6.1894153,6.0283513
VisualCogA_Task-1.mat,A,Task-1,R,42,0.6171875,-0.28202339,-6.2244411,5.9954347
VisualCogA_Task-1.mat,A,Task-1,R,42,0.62109375,-0.42424348,-6.2653157,5.8700706
VisualCogA_Task-1.mat,A,Task-1,R,42,0.625,-0.54804179,-6.3556151,5.7360991
VisualCogA_Task-1.mat,A,Task-1,R,42,0.62890625,-0.65373845,-6.3775599,5.5024399
VisualCogA_Task-1.mat,A,Task-1,R,42,0.6328125,-0.70582217,-6.4635796,5.4983481
VisualCogA_Task-1.mat,A,Task-1,R,42,0.63671875,-0.70350013,-6.4596689,5.5089281
VisualCogA_Task-1.mat,A,Task-1,R,42,0.640625,-0.62840383,-6.4720285,5.5387203
VisualCogA_Task-1.mat,A,Task-1,R,42,0.64453125,-0.51934615,-6.3590324,5.5159751
VisualCogA_Task-1.mat,A,Task-1,R,42,0.6484375,-0.36648348,-6.1102183,5.6307848
VisualCogA_Task-1.mat,A,Task-1,R,42,0.65234375,-0.16179776,-6.0187169,5.9051459
VisualCogA_Task-1.mat,A,Task-1,R,42,0.65625,0.10032118,-5.9606548,6.1084807
VisualCogA_Task-1.mat,A,Task-1,R,42,0.66015625,0.39862823,-5.7136965,6.4153889
VisualCogA_Task-1.mat,A,Task-1,R,42,0.6640625,0.76050611,-5.5070893,6.9925092
VisualCogA_Task-1.mat,A,Task-1,R,42,0.66796875,1.1756661,-5.2034763,7.5942464
VisualCogA_Task-1.mat,A,Task-1,R,42,0.671875,1.6019488,-4.8711454,8.1240095
VisualCogA_Task-1.mat,A,Task-1,R,42,0.67578125,2.043446,-4.6271828,8.6366753
VisualCogA_Task-1.mat,A,Task-1,R,42,0.6796875,2.4753891,-4.3543668,9.1677402
VisualCogA_Task-1.mat,A,Task-1,R,42,0.68359375,2.9104411,-3.9549581,9.4630264
VisualCogA_Task-1.mat,A,Task-1,R,42,0.6875,3.3371236,-3.7436501,9.689801
VisualCogA_Task-1.mat,A,Task-1,R,42,0.69140625,3.691995,-3.5716956,10.007081
VisualCogA_Task-1.mat,A,Task-1,R,42,0.6953125,4.0072679,-3.320349,10.577877
VisualCogA_Task-1.mat,A,Task-1,R,42,0.69921875,4.2802727,-3.1732257,11.109562
VisualCogA_Task-1.mat,A,Task-1,R,42,0.703125,4.51777,-3.16727,11.278137
VisualCogA_Task-1.mat,A,Task-1,R,42,0.70703125,4.7425556,-3.0978172,11.574067
VisualCogA_Task-1.mat,A,Task-1,R,42,0.7109375,4.979057,-3.116252,11.857017
VisualCogA_Task-1.mat,A,Task-1,R,42,0.71484375,5.2237061,-3.0755279,12.139096
VisualCogA_Task-1.mat,A,Task-1,R,42,0.71875,5.4268461,-3.1163819,12.406386
VisualCogA_Task-1.mat,A,Task-1,R,42,0.72265625,5.6023047,-3.0680504,12.748563
VisualCogA_Task-1.mat,A,Task-1,R,42,0.7265625,5.7446189,-3.0069651,12.932684
VisualCogA_Task-1.mat,A,Task-1,R,42,0.73046875,5.7707863,-3.0601237,13.049737
VisualCogA_Task-1.mat,A,Task-1,R,42,0.734375,5.7081647,-2.9927976,13.151422
VisualCogA_Task-1.mat,A,Task-1,R,42,0.73828125,5.6464012,-3.1192936,13.340459
VisualCogA_Task-1.mat,A,Task-1,R,42,0.7421875,5.6111931,-3.1558582,13.593673
VisualCogA_Task-1.mat,A,Task-1,R,42,0.74609375,5.6178709,-3.0113822,13.688628
VisualCogA_Task-1.mat,A,Task-1,R,42,0.75,5.6580166,-2.8785665,13.461583
VisualCogA_Task-1.mat,A,Task-1,R,42,0.75390625,5.7009623,-2.9056686,13.483376
VisualCogA_Task-1.mat,A,Task-1,R,42,0.7578125,5.7466682,-2.7346218,13.875251
VisualCogA_Task-1.mat,A,Task-1,R,42,0.76171875,5.7531538,-2.6410335,13.891101
VisualCogA_Task-1.mat,A,Task-1,R,42,0.765625,5.7325605,-2.845603,13.452236
VisualCogA_Task-1.mat,A,Task-1,R,42,0.76953125,5.6867309,-3.0441926,13.468226
VisualCogA_Task-1.mat,A,Task-1,R,42,0.7734375,5.6063569,-3.0728622,13.581226
VisualCogA_Task-1.mat,A,Task-1,R,42,0.77734375,5.4796485,-3.0398537,13.454381
VisualCogA_Task-1.mat,A,Task-1,R,42,0.78125,5.3414181,-3.1354927,13.437317
VisualCogA_Task-1.mat,A,Task-1,R,42,0.78515625,5.182718,-3.158604,13.363675
VisualCogA_Task-1.mat,A,Task-1,R,42,0.7890625,5.0141968,-3.4181009,13.093818
VisualCogA_Task-1.mat,A,Task-1,R,42,0.79296875,4.888506,-3.5562467,12.708647
VisualCogA_Task-1.mat,A,Task-1,R,42,0.796875,4.7938669,-3.6503287,12.422667
VisualCogA_Task-1.mat,A,Task-1,R,42,0.80078125,4.7284258,-3.7068187,12.314414
VisualCogA_Task-1.mat,A,Task-1,R,42,0.8046875,4.6564261,-3.7370595,12.242648
VisualCogA_Task-1.mat,A,Task-1,R,42,0.80859375,4.5791958,-3.4290048,12.258971
VisualCogA_Task-1.mat,A,Task-1,R,42,0.8125,4.5107233,-3.3406497,12.342619
VisualCogA_Task-1.mat,A,Task-1,R,42,0.81640625,4.4543794,-3.3656877,12.394153
VisualCogA_Task-1.mat,A,Task-1,R,42,0.8203125,4.4010111,-3.3760909,12.454305
VisualCogA_Task-1.mat,A,Task-1,R,42,0.82421875,4.3547732,-3.4127337,12.443005
VisualCogA_Task-1.mat,A,Task-1,R,42,0.828125,4.2889018,-3.5255689,12.285563
VisualCogA_Task-1.mat,A,Task-1,R,42,0.83203125,4.1844379,-3.6493165,12.10682
VisualCogA_Task-1.mat,A,Task-1,R,42,0.8359375,4.0280131,-3.9440918,11.846944
VisualCogA_Task-1.mat,A,Task-1,R,42,0.83984375,3.881526,-4.2477208,11.449227
VisualCogA_Task-1.mat,A,Task-1,R,42,0.84375,3.682643,-4.3975085,11.352296
VisualCogA_Task-1.mat,A,Task-1,R,42,0.84765625,3.4205744,-4.4980436,11.376785
VisualCogA_Task-1.mat,A,Task-1,R,42,0.8515625,3.1948153,-4.3981507,11.429826
VisualCogA_Task-1.mat,A,Task-1,R,42,0.85546875,3.0441983,-4.3690233,11.658529
VisualCogA_Task-1.mat,A,Task-1,R,42,0.859375,2.918866,-4.4200614,11.530077
VisualCogA_Task-1.mat,A,Task-1,R,42,0.86328125,2.8155095,-4.4048115,11.425282
VisualCogA_Task-1.mat,A,Task-1,R,42,0.8671875,2.7211736,-4.3806091,11.446722
VisualCogA_Task-1.mat,A,Task-1,R,42,0.87109375,2.6152636,-4.7005709,11.186538
VisualCogA_Task-1.mat,A,Task-1,R,42,0.875,2.4855881,-4.9471009,10.887619
VisualCogA_Task-1.mat,A,Task-1,R,42,0.87890625,2.3169043,-5.0433179,10.528895
VisualCogA_Task-1.mat,A,Task-1,R,42,0.8828125,2.1245139,-5.1569462,10.112211
VisualCogA_Task-1.mat,A,Task-1,R,42,0.88671875,1.898711,-5.269247,9.5780905
VisualCogA_Task-1.mat,A,Task-1,R,42,0.890625,1.6307346,-5.2949703,9.117099
VisualCogA_Task-1.mat,A,Task-1,R,42,0.89453125,1.3247109,-5.4172553,8.5911745
VisualCogA_Task-1.mat,A,Task-1,R,42,0.8984375,0.99900142,-5.6859331,8.0750148
VisualCogA_Task-1.mat,A,Task-1,R,42,0.90234375,0.64968316,-5.8315321,7.5016128
VisualCogA_Task-1.mat,A,Task-1,R,42,0.90625,0.28303519,-6.0677161,7.0327779
VisualCogA_Task-1.mat,A,Task-1,R,42,0.91015625,-0.081458219,-6.3913006,6.3672451
VisualCogA_Task-1.mat,A,Task-1,R,42,0.9140625,-0.42932377,-6.7049348,5.7770489
VisualCogA_Task-1.mat,A,Task-1,R,42,0.91796875,-0.74747531,-6.9745798,5.2681141
VisualCogA_Task-1.mat,A,Task-1,R,42,0.921875,-1.0333457,-7.3329036,4.6788927
VisualCogA_Task-1.mat,A,Task-1,R,42,0.92578125,-1.2906492,-7.6137375,4.3377303
VisualCogA_Task-1.mat,A,Task-1,R,42,0.9296875,-1.5327037,-7.6812486,3.9300546
VisualCogA_Task-1.mat,A,Task-1,R,42,0.93359375,-1.7303411,-7.7104669,3.578076
VisualCogA_Task-1.mat,A,Task-1,R,42,0.9375,-1.9216567,-7.8279322,3.4043362
VisualCogA_Task-1.mat,A,Task-1,R,42,0.94140625,-2.1831892,-8.2455023,3.3813359
VisualCogA_Task-1.mat,A,Task-1,R,42,0.9453125,-2.4250317,-8.6189551,3.2130068
VisualCogA_Task-1.mat,A,Task-1,R,42,0.94921875,-2.6431831,-8.8666168,3.0602804
VisualCogA_Task-1.mat,A,Task-1,R,42,0.953125,-2.8336425,-9.0883717,2.8315656
VisualCogA_Task-1.mat,A,Task-1,R,42,0.95703125,-2.9924088,-9.251849,2.6983112
VisualCogA_Task-1.mat,A,Task-1,R,42,0.9609375,-3.1154808,-9.3143495,2.7546126
VisualCogA_Task-1.mat,A,Task-1,R,42,0.96484375,-3.1988576,-9.3810286,2.7380787
VisualCogA_Task-1.mat,A,Task-1,R,42,0.96875,-3.238538,-9.4080422,2.7018921
VisualCogA_Task-1.mat,A,Task-1,R,42,0.97265625,-3.2305209,-9.3834409,2.7103967
VisualCogA_Task-1.mat,A,Task-1,R,42,0.9765625,-3.1708054,-9.3601133,2.8141642
VisualCogA_Task-1.mat,A,Task-1,R,42,0.98046875,-3.0553904,-9.3268453,2.9071606
VisualCogA_Task-1.mat,A,Task-1,R,42,0.984375,-2.8802747,-9.2291055,2.9509024
VisualCogA_Task-1.mat,A,Task-1,R,42,0.98828125,-2.6414573,-9.1305637,3.4854589
VisualCogA_Task-1.mat,A,Task-1,R,42,0.9921875,-2.3349371,-9.1354752,3.9023951
VisualCogA_Task-1.mat,A,Task-1,R,42,0.99609375,-1.9567132,-9.3964468,4.850269
VisualCogA_Task-2.mat,A,Task-2,L,52,-0.5,7.6626031,-1.4163368,18.978077
VisualCogA_Task-2.mat,A,Task-2,L,52,-0.49609375,7.3776101,-1.3690615,18.737219
VisualCogA_Task-2.mat,A,Task-2,L,52,-0.4921875,7.0914776,-1.2439402,18.014585
VisualCogA_Task-2.mat,A,Task-2,L,52,-0.48828125,6.8055374,-1.1707622,17.656509
VisualCogA_Task-2.mat,A,Task-2,L,52,-0.484375,6.5211214,-1.2153758,16.922069
VisualCogA_Task-2.mat,A,Task-2,L,52,-0.48046875,6.2395614,-1.6662493,16.238276
VisualCogA_Task-2.mat,A,Task-2,L,52,-0.4765625,5.9621893,-2.0116647,15.703334
VisualCogA_Task-2.mat,A,Task-2,L,52,-0.47265625,5.6903369,-2.3637064,15.207505
VisualCogA_Task-2.mat,A,Task-2,L,52,-0.46875,5.4253361,-2.7480053,14.706298
VisualCogA_Task-2.mat,A,Task-2,L,52,-0.46484375,5.1685186,-2.7549484,14.261218
VisualCogA_Task-2.mat,A,Task-2,L,52,-0.4609375,4.9212164,-2.8446262,13.853459
VisualCogA_Task-2.mat,A,Task-2,L,52,-0.45703125,4.6847612,-3.2390456,13.456583
VisualCogA_Task-2.mat,A,Task-2,L,52,-0.453125,4.460485,-3.5888563,13.065852
VisualCogA_Task-2.mat,A,Task-2,L,52,-0.44921875,4.2497194,-3.8251731,12.825859
VisualCogA_Task-2.mat,A,Task-2,L,52,-0.4453125,4.0537965,-4.1377633,12.522772
VisualCogA_Task-2.mat,A,Task-2,L,52,-0.44140625,3.874048,-4.4188016,12.184288
VisualCogA_Task-2.mat,A,Task-2,L,52,-0.4375,3.7444515,-4.6524556,12.082579
VisualCogA_Task-2.mat,A,Task-2,L,52,-0.43359375,3.6533344,-4.7023438,12.140878
VisualCogA_Task-2.mat,A,Task-2,L,52,-0.4296875,3.5981301,-4.6452145,12.152195
VisualCogA_Task-2.mat,A,Task-2,L,52,-0.42578125,3.5450339,-4.6001212,12.019451
VisualCogA_Task-2.mat,A,Task-2,L,52,-0.421875,3.5109482,-4.5583765,11.930132
VisualCogA_Task-2.mat,A,Task-2,L,52,-0.41796875,3.4719356,-4.5558622,11.804426
VisualCogA_Task-2.mat,A,Task-2,L,52,-0.4140625,3.424784,-4.6198368,11.770832
VisualCogA_Task-2.mat,A,Task-2,L,52,-0.41015625,3.3811258,-4.6173528,11.848415
VisualCogA_Task-2.mat,A,Task-2,L,52,-0.40625,3.3360679,-4.5093332,11.808733
VisualCogA_Task-2.mat,A,Task-2,L,52,-0.40234375,3.2852614,-4.4219383,11.784286
VisualCogA_Task-2.mat,A,Task-2,L,52,-0.3984375,3.2318222,-4.3398674,11.764738
VisualCogA_Task-2.mat,A,Task-2,L,52,-0.39453125,3.1585255,-4.2679746,11.70245
VisualCogA_Task-2.mat,A,Task-2,L,52,-0.390625,3.0753705,-4.227814,11.564184
VisualCogA_Task-2.mat,A,Task-2,L,52,-0.38671875,2.9653959,-4.1079377,11.207789
VisualCogA_Task-2.mat,A,Task-2,L,52,-0.3828125,2.8553728,-3.9614056,11.156839
VisualCogA_Task-2.mat,A,Task-2,L,52,-0.37890625,2.7423488,-3.778894,11.132273
VisualCogA_Task-2.mat,A,Task-2,L,52,-0.375,2.6395382,-3.6555968,10.838717
VisualCogA_Task-2.mat,A,Task-2,L,52,-0.37109375,2.5528067,-3.5882316,10.474979
VisualCogA_Task-2.mat,A,Task-2,L,52,-0.3671875,2.4777913,-3.5496888,10.276716
VisualCogA_Task-2.mat,A,Task-2,L,52,-0.36328125,2.4136633,-3.5492858,10.122157
VisualCogA_Task-2.mat,A,Task-2,L,52,-0.359375,2.3621642,-3.5285499,9.6642094
VisualCogA_Task-2.mat,A,Task-2,L,52,-0.35546875,2.3279114,-3.5921012,9.348951
VisualCogA_Task-2.mat,A,Task-2,L,52,-0.3515625,2.3083335,-3.7157762,9.1583853
VisualCogA_Task-2.mat,A,Task-2,L,52,-0.34765625,2.3147954,-3.6368712,8.9053724
VisualCogA_Task-2.mat,A,Task-2,L,52,-0.34375,2.3404204,-3.5796586,8.6555162
VisualCogA_Task-2.mat,A,Task-2,L,52,-0.33984375,2.412861,-3.557789,8.5204326
VisualCogA_Task-2.mat,A,Task-2,L,52,-0.3359375,2.5348154,-3.5527781,8.6034634
VisualCogA_Task-2.mat,A,Task-2,L,52,-0.33203125,2.7050317,-3.5233074,8.8027732
VisualCogA_Task-2.mat,A,Task-2,L,52,-0.328125,2.9108105,-3.3365037,9.0051251
VisualCogA_Task-2.mat,A,Task-2,L,52,-0.32421875,3.1527761,-3.0164289,9.253778
VisualCogA_Task-2.mat,A,Task-2,L,52,-0.3203125,3.4209899,-2.6101551,9.4804551
VisualCogA_Task-2.mat,A,Task-2,L,52,-0.31640625,3.6850053,-2.2671758,9.6673095
VisualCogA_Task-2.mat,A,Task-2,L,52,-0.3125,3.9325094,-1.8443093,9.8445806
VisualCogA_Task-2.mat,A,Task-2,L,52,-0.30859375,4.1578269,-1.456704,10.00833
VisualCogA_Task-2.mat,A,Task-2,L,52,-0.3046875,4.3479989,-1.2080453,10.209094
VisualCogA_Task-2.mat,A,Task-2,L,52,-0.30078125,4.4842934,-1.1402105,10.155822
VisualCogA_Task-2.mat,A,Task-2,L,52,-0.296875,4.5850179,-1.0094203,9.9389335
VisualCogA_Task-2.mat,A,Task-2,L,52,-0.29296875,4.649367,-0.85516735,10.00664
VisualCogA_Task-2.mat,A,Task-2,L,52,-0.2890625,4.6513394,-0.80193776,9.8496797
VisualCogA_Task-2.mat,A,Task-2,L,52,-0.28515625,4.5918903,-0.68639178,9.7815038
VisualCogA_Task-2.mat,A,Task-2,L,52,-0.28125,4.465102,-0.78077784,9.6056101
VisualCogA_Task-2.mat,A,Task-2,L,52,-0.27734375,4.2674023,-0.8064991,9.2510436
VisualCogA_Task-2.mat,A,Task-2,L,52,-0.2734375,4.0252752,-0.90737707,8.8597346
VisualCogA_Task-2.mat,A,Task-2,L,52,-0.26953125,3.7596053,-0.95179462,8.5229806
VisualCogA_Task-2.mat,A,Task-2,L,52,-0.265625,3.5090522,-0.94558113,8.1681819
VisualCogA_Task-2.mat,A,Task-2,L,52,-0.26171875,3.2566101,-1.1829545,7.7755549
VisualCogA_Task-2.mat,A,Task-2,L,52,-0.2578125,3.0192815,-1.2009185,7.4725467
VisualCogA_Task-2.mat,A,Task-2,L,52,-0.25390625,2.7848068,-1.2178597,7.1647713
VisualCogA_Task-2.mat,A,Task-2,L,52,-0.25,2.5760463,-1.2203066,6.8850574
VisualCogA_Task-2.mat,A,Task-2,L,52,-0.24609375,2.3910666,-1.3513389,6.6261638
VisualCogA_Task-2.mat,A,Task-2,L,52,-0.2421875,2.2094436,-1.4817817,6.4649935
VisualCogA_Task-2.mat,A,Task-2,L,52,-0.23828125,2.0321789,-1.5114407,6.2190962
VisualCogA_Task-2.mat,A,Task-2,L,52,-0.234375,1.8768072,-1.5439543,5.9227653
VisualCogA_Task-2.mat,A,Task-2,L,52,-0.23046875,1.7498638,-1.5660848,5.7096541
VisualCogA_Task-2.mat,A,Task-2,L,52,-0.2265625,1.6483942,-1.5662694,5.5173424
VisualCogA_Task-2.mat,A,Task-2,L,52,-0.22265625,1.568195,-1.5832319,5.3792063
VisualCogA_Task-2.mat,A,Task-2,L,52,-0.21875,1.4803441,-1.634344,5.2374932
VisualCogA_Task-2.mat,A,Task-2,L,52,-0.21484375,1.4153132,-1.7000079,5.1012119
VisualCogA_Task-2.mat,A,Task-2,L,52,-0.2109375,1.378912,-1.6995175,4.9539967
VisualCogA_Task-2.mat,A,Task-2,L,52,-0.20703125,1.3799359,-1.6241757,4.8135259
VisualCogA_Task-2.mat,A,Task-2,L,52,-0.203125,1.4029261,-1.5651056,4.7389682
VisualCogA_Task-2.mat,A,Task-2,L,52,-0.19921875,1.4634059,-1.4554424,4.7113539
VisualCogA_Task-2.mat,A,Task-2,L,52,-0.1953125,1.5431501,-1.3665261,4.6719238
VisualCogA_Task-2.mat,A,Task-2,L,52,-0.19140625,1.6015982,-1.3128734,4.7216717
VisualCogA_Task-2.mat,A,Task-2,L,52,-0.1875,1.6438343,-1.1717038,4.7894333
VisualCogA_Task-2.mat,A,Task-2,L,52,-0.18359375,1.6903645,-1.0851844,4.7830148
VisualCogA_Task-2.mat,A,Task-2,L,52,-0.1796875,1.7419716,-1.0703885,4.7501403
VisualCogA_Task-2.mat,A,Task-2,L,52,-0.17578125,1.777287,-1.0691208,4.6780215
VisualCogA_Task-2.mat,A,Task-2,L,52,-0.171875,1.7868966,-1.0432429,4.6332937
VisualCogA_Task-2.mat,A,Task-2,L,52,-0.16796875,1.776879,-0.930739,4.5298739
VisualCogA_Task-2.mat,A,Task-2,L,52,-0.1640625,1.7443056,-0.8457863,4.4391246
VisualCogA_Task-2.mat,A,Task-2,L,52,-0.16015625,1.6904572,-0.8050354,4.3561426
VisualCogA_Task-2.mat,A,Task-2,L,52,-0.15625,1.6193133,-0.78123669,4.2010491
VisualCogA_Task-2.mat,A,Task-2,L,52,-0.15234375,1.5273344,-0.72423881,3.9908826
VisualCogA_Task-2.mat,A,Task-2,L,52,-0.1484375,1.4044169,-0.69633756,3.744361
VisualCogA_Task-2.mat,A,Task-2,L,52,-0.14453125,1.2693254,-0.67277549,3.4756532
VisualCogA_Task-2.mat,A,Task-2,L,52,-0.140625,1.1205343,-0.6396925,3.1786624
VisualCogA_Task-2.mat,A,Task-2,L,52,-0.13671875,0.9621379,-0.65175919,2.7465745
VisualCogA_Task-2.mat,A,Task-2,L,52,-0.1328125,0.82168169,-0.64200561,2.3855384
VisualCogA_Task-2.mat,A,Task-2,L,52,-0.12890625,0.67574742,-0.63543452,2.0482808
VisualCogA_Task-2.mat,A,Task-2,L,52,-0.125,0.52223839,-0.66773495,1.7780774
VisualCogA_Task-2.mat,A,Task-2,L,52,-0.12109375,0.36485159,-0.68515474,1.5082817
VisualCogA_Task-2.mat,A,Task-2,L,52,-0.1171875,0.20089493,-0.79723256,1.3087432
VisualCogA_Task-2.mat,A,Task-2,L,52,-0.11328125,0.032178178,-1.0049253,1.2211417
VisualCogA_Task-2.mat,A,Task-2,L,52,-0.109375,-0.13982627,-1.2554923,1.1639956
VisualCogA_Task-2.mat,A,Task-2,L,52,-0.10546875,-0.3051988,-1.5469175,1.1753104
VisualCogA_Task-2.mat,A,Task-2,L,52,-0.1015625,-0.44081096,-1.7513382,1.1449164
VisualCogA_Task-2.mat,A,Task-2,L,52,-0.09765625,-0.51809594,-1.9735574,1.1278084
VisualCogA_Task-2.mat,A,Task-2,L,52,-0.09375,-0.56219087,-2.1442689,1.1854605
VisualCogA_Task-2.mat,A,Task-2,L,52,-0.08984375,-0.57507174,-2.3362076,1.3638965
VisualCogA_Task-2.mat,A,Task-2,L,52,-0.0859375,-0.55834461,-2.4305624,1.4063638
VisualCogA_Task-2.mat,A,Task-2,L,52,-0.08203125,-0.51971407,-2.512184,1.6566476
VisualCogA_Task-2.mat,A,Task-2,L,52,-0.078125,-0.5049623,-2.5250021,1.6737761
VisualCogA_Task-2.mat,A,Task-2,L,52,-0.07421875,-0.5161031,-2.5717993,1.6956319
VisualCogA_Task-2.mat,A,Task-2,L,52,-0.0703125,-0.52673926,-2.594476,1.7040356
VisualCogA_Task-2.mat,A,Task-2,L,52,-0.06640625,-0.55924427,-2.602974,1.618588
VisualCogA_Task-2.mat,A,Task-2,L,52,-0.0625,-0.63234266,-2.6026615,1.5279512
VisualCogA_Task-2.mat,A,Task-2,L,52,-0.05859375,-0.74339196,-2.7363098,1.4485322
VisualCogA_Task-2.mat,A,Task-2,L,52,-0.0546875,-0.87878759,-2.8137903,1.2277082
VisualCogA_Task-2.mat,A,Task-2,L,52,-0.05078125,-1.0323706,-2.9703094,1.0848426
VisualCogA_Task-2.mat,A,Task-2,L,52,-0.046875,-1.1930143,-3.1046712,0.91724092
VisualCogA_Task-2.mat,A,Task-2,L,52,-0.04296875,-1.3703617,-3.3394577,0.75611468
VisualCogA_Task-2.mat,A,Task-2,L,52,-0.0390625,-1.5377345,-3.5755488,0.72911027
VisualCogA_Task-2.mat,A,Task-2,L,52,-0.03515625,-1.7018818,-3.8902466,0.55976893
VisualCogA_Task-2.mat,A,Task-2,L,52,-0.03125,-1.8375974,-4.21457,0.38011166
VisualCogA_Task-2.mat,A,Task-2,L,52,-0.02734375,-1.9590809,-4.5215885,0.36701896
VisualCogA_Task-2.mat,A,Task-2,L,52,-0.0234375,-2.0721578,-4.7754978,0.49868263
VisualCogA_Task-2.mat,A,Task-2,L,52,-0.01953125,-2.1619019,-4.9787476,0.60885759
VisualCogA_Task-2.mat,A,Task-2,L,52,-0.015625,-2.2191253,-5.1227718,0.73378544
VisualCogA_Task-2.mat,A,Task-2,L,52,-0.01171875,-2.2663379,-5.1936116,0.86456853
VisualCogA_Task-2.mat,A,Task-2,L,52,-0.0078125,-2.3216454,-5.3490867,0.92762368
VisualCogA_Task-2.mat,A,Task-2,L,52,-0.00390625,-2.3596649,-5.4611762,1.138628
VisualCogA_Task-2.mat,A,Task-2,L,52,0,-2.3809348,-5.5897799,1.3538387
VisualCogA_Task-2.mat,A,Task-2,L,52,0.00390625,-2.351858,-5.682256,1.5660682
VisualCogA_Task-2.mat,A,Task-2,L,52,0.0078125,-2.2608187,-5.6796536,1.7602052
VisualCogA_Task-2.mat,A,Task-2,L,52,0.01171875,-2.114673,-5.7167544,1.9761838
VisualCogA_Task-2.mat,A,Task-2,L,52,0.015625,-1.9423443,-5.6531853,2.275054
VisualCogA_Task-2.mat,A,Task-2,L,52,0.01953125,-1.7598964,-5.5611994,2.513044
VisualCogA_Task-2.mat,A,Task-2,L,52,0.0234375,-1.5827059,-5.4456891,2.8172423
VisualCogA_Task-2.mat,A,Task-2,L,52,0.02734375,-1.4200154,-5.2922813,3.1333434
VisualCogA_Task-2.mat,A,Task-2,L,52,0.03125,-1.2762024,-5.197332,3.2073338
VisualCogA_Task-2.mat,A,Task-2,L,52,0.03515625,-1.174965,-5.2320755,3.219527
VisualCogA_Task-2.mat,A,Task-2,L,52,0.0390625,-1.1062879,-5.2577772,3.4077889
VisualCogA_Task-2.mat,A,Task-2,L,52,0.04296875,-1.077439,-5.3109409,3.7056762
VisualCogA_Task-2.mat,A,Task-2,L,52,0.046875,-1.0706392,-5.3355679,3.9777979
VisualCogA_Task-2.mat,A,Task-2,L,52,0.05078125,-1.0801392,-5.4216743,4.0147285
VisualCogA_Task-2.mat,A,Task-2,L,52,0.0546875,-1.0835487,-5.485056,4.0512597
VisualCogA_Task-2.mat,A,Task-2,L,52,0.05859375,-1.0729417,-5.596801,4.2022792
VisualCogA_Task-2.mat,A,Task-2,L,52,0.0625,-1.0426761,-5.6664675,4.3055766
VisualCogA_Task-2.mat,A,Task-2,L,52,0.06640625,-0.9943791,-5.724467,4.3095304
VisualCogA_Task-2.mat,A,Task-2,L,52,0.0703125,-0.92725574,-5.7491817,4.3128111
VisualCogA_Task-2.mat,A,Task-2,L,52,0.07421875,-0.86986123,-5.7762898,4.4193859
VisualCogA_Task-2.mat,A,Task-2,L,52,0.078125,-0.80688226,-5.6498197,4.3719762
VisualCogA_Task-2.mat,A,Task-2,L,52,0.08203125,-0.74443319,-5.6601588,4.3581785
VisualCogA_Task-2.mat,A,Task-2,L,52,0.0859375,-0.68532086,-5.7176381,4.3877213
VisualCogA_Task-2.mat,A,Task-2,L,52,0.08984375,-0.66639967,-5.7264677,4.3635425
VisualCogA_Task-2.mat,A,Task-2,L,52,0.09375,-0.68779636,-5.7452276,4.3463117
VisualCogA_Task-2.mat,A,Task-2,L,52,0.09765625,-0.73858181,-5.8165016,4.3177732
VisualCogA_Task-2.mat,A,Task-2,L,52,0.1015625,-0.81498919,-5.9596472,4.26068
VisualCogA_Task-2.mat,A,Task-2,L,52,0.10546875,-0.91909922,-6.1700512,4.384684
VisualCogA_Task-2.mat,A,Task-2,L,52,0.109375,-1.0066008,-6.4121808,4.500215
VisualCogA_Task-2.mat,A,Task-2,L,52,0.11328125,-1.056787,-6.6572371,4.6448095
VisualCogA_Task-2.mat,A,Task-2,L,52,0.1171875,-1.0722658,-6.8788502,4.777932
VisualCogA_Task-2.mat,A,Task-2,L,52,0.12109375,-1.0412647,-7.0198018,4.9292372
VisualCogA_Task-2.mat,A,Task-2,L,52,0.125,-0.97848062,-7.1429701,5.031804
VisualCogA_Task-2.mat,A,Task-2,L,52,0.12890625,-0.90744422,-7.2460857,5.271089
VisualCogA_Task-2.mat,A,Task-2,L,52,0.1328125,-0.83083295,-7.2745198,5.6007215
VisualCogA_Task-2.mat,A,Task-2,L,52,0.13671875,-0.7506309,-7.2009779,5.7460687
VisualCogA_Task-2.mat,A,Task-2,L,52,0.140625,-0.66655972,-7.1839482,6.0875567
VisualCogA_Task-2.mat,A,Task-2,L,52,0.14453125,-0.57522915,-7.0577073,6.2143382
VisualCogA_Task-2.mat,A,Task-2,L,52,0.1484375,-0.48453419,-7.0161021,6.3532294
VisualCogA_Task-2.mat,A,Task-2,L,52,0.15234375,-0.3979842,-7.0713495,6.4734908
VisualCogA_Task-2.mat,A,Task-2,L,52,0.15625,-0.30557195,-6.910423,6.6426354
VisualCogA_Task-2.mat,A,Task-2,L,52,0.16015625,-0.20496487,-6.9526674,6.881077
VisualCogA_Task-2.mat,A,Task-2,L,52,0.1640625,-0.084806803,-6.7622853,6.9529801
VisualCogA_Task-2.mat,A,Task-2,L,52,0.16796875,0.046614794,-6.6050333,6.9815556
VisualCogA_Task-2.mat,A,Task-2,L,52,0.171875,0.18809323,-6.6404012,7.0628152
VisualCogA_Task-2.mat,A,Task-2,L,52,0.17578125,0.32855249,-6.5584793,7.3731811
VisualCogA_Task-2.mat,A,Task-2,L,52,0.1796875,0.46588891,-6.6871076,7.6516258
VisualCogA_Task-2.mat,A,Task-2,L,52,0.18359375,0.58509912,-6.6475517,7.8017892
VisualCogA_Task-2.mat,A,Task-2,L,52,0.1875,0.66957165,-6.6746572,8.0116281
VisualCogA_Task-2.mat,A,Task-2,L,52,0.19140625,0.70966461,-6.7261049,8.1220712
VisualCogA_Task-2.mat,A,Task-2,L,52,0.1953125,0.72400586,-6.7720038,8.1530279
VisualCogA_Task-2.mat,A,Task-2,L,52,0.19921875,0.71761638,-6.8506285,8.3020194
VisualCogA_Task-2.mat,A,Task-2,L,52,0.203125,0.66369842,-6.9781988,8.2810908
VisualCogA_Task-2.mat,A,Task-2,L,52,0.20703125,0.57101781,-7.011873,8.1383083
VisualCogA_Task-2.mat,A,Task-2,L,52,0.2109375,0.44150472,-7.1976407,7.989588
VisualCogA_Task-2.mat,A,Task-2,L,52,0.21484375,0.29391419,-7.177882,7.8231045
VisualCogA_Task-2.mat,A,Task-2,L,52,0.21875,0.14149274,-7.3212553,7.6753966
VisualCogA_Task-2.mat,A,Task-2,L,52,0.22265625,0.0026794433,-7.4342591,7.5082194
VisualCogA_Task-2.mat,A,Task-2,L,52,0.2265625,-0.090385357,-7.5295994,7.3144624
VisualCogA_Task-2.mat,A,Task-2,L,52,0.23046875,-0.16102764,-7.5832279,7.1443791
VisualCogA_Task-2.mat,A,Task-2,L,52,0.234375,-0.20692215,-7.6210732,7.2035227
VisualCogA_Task-2.mat,A,Task-2,L,52,0.23828125,-0.23341626,-7.6167716,7.2500348
VisualCogA_Task-2.mat,A,Task-2,L,52,0.2421875,-0.22367899,-7.6087203,7.1948685
VisualCogA_Task-2.mat,A,Task-2,L,52,0.24609375,-0.20234764,-7.6063804,7.1791833
VisualCogA_Task-2.mat,A,Task-2,L,52,0.25,-0.15856186,-7.5534474,7.0415969
VisualCogA_Task-2.mat,A,Task-2,L,52,0.25390625,-0.10325148,-7.4521277,7.0554208
VisualCogA_Task-2.mat,A,Task-2,L,52,0.2578125,-0.059016888,-7.5209501,7.1203737
VisualCogA_Task-2.mat,A,Task-2,L,52,0.26171875,-0.04634523,-7.6531211,7.1236593
VisualCogA_Task-2.mat,A,Task-2,L,52,0.265625,-0.073662024,-7.8033403,7.2225361
VisualCogA_Task-2.mat,A,Task-2,L,52,0.26953125,-0.1295441,-7.9261552,7.2612633
VisualCogA_Task-2.mat,A,Task-2,L,52,0.2734375,-0.17418942,-8.0161897,7.3903921
VisualCogA_Task-2.mat,A,Task-2,L,52,0.27734375,-0.19697016,-8.0173088,7.414117
VisualCogA_Task-2.mat,A,Task-2,L,52,0.28125,-0.22800224,-8.1146406,7.5875328
VisualCogA_Task-2.mat,A,Task-2,L,52,0.28515625,-0.2756519,-8.2196629,7.6421106
VisualCogA_Task-2.mat,A,Task-2,L,52,0.2890625,-0.36034054,-8.3138786,7.5288749
VisualCogA_Task-2.mat,A,Task-2,L,52,0.29296875,-0.44247758,-8.3988071,7.4132722
VisualCogA_Task-2.mat,A,Task-2,L,52,0.296875,-0.52060054,-8.5806092,7.3799013
VisualCogA_Task-2.mat,A,Task-2,L,52,0.30078125,-0.57115054,-8.6764599,7.2856575
VisualCogA_Task-2.mat,A,Task-2,L,52,0.3046875,-0.64799959,-8.9870299,7.1094001
VisualCogA_Task-2.mat,A,Task-2,L,52,0.30859375,-0.74724791,-9.2665694,7.1460505
VisualCogA_Task-2.mat,A,Task-2,L,52,0.3125,-0.86730683,-9.3143638,7.1720251
VisualCogA_Task-2.mat,A,Task-2,L,52,0.31640625,-1.0111471,-9.3751888,7.0679308
VisualCogA_Task-2.mat,A,Task-2,L,52,0.3203125,-1.1984306,-9.5998544,6.8557198
VisualCogA_Task-2.mat,A,Task-2,L,52,0.32421875,-1.4172685,-9.8317603,6.5989897
VisualCogA_Task-2.mat,A,Task-2,L,52,0.328125,-1.6589393,-10.023658,6.3460356
VisualCogA_Task-2.mat,A,Task-2,L,52,0.33203125,-1.9060212,-10.239549,6.0001593
VisualCogA_Task-2.mat,A,Task-2,L,52,0.3359375,-2.128674,-10.418662,5.6714427
VisualCogA_Task-2.mat,A,Task-2,L,52,0.33984375,-2.3002541,-10.6275,5.4002661
VisualCogA_Task-2.mat,A,Task-2,L,52,0.34375,-2.4290471,-10.797884,5.1164463
VisualCogA_Task-2.mat,A,Task-2,L,52,0.34765625,-2.5586109,-10.954896,4.9066567
VisualCogA_Task-2.mat,A,Task-2,L,52,0.3515625,-2.7010294,-11.078622,4.7678763
VisualCogA_Task-2.mat,A,Task-2,L,52,0.35546875,-2.8574199,-11.263027,4.4876644
VisualCogA_Task-2.mat,A,Task-2,L,52,0.359375,-3.0131754,-11.646983,4.3126437
VisualCogA_Task-2.mat,A,Task-2,L,52,0.36328125,-3.2038838,-12.087737,4.1039521
VisualCogA_Task-2.mat,A,Task-2,L,52,0.3671875,-3.387852,-12.396401,3.9144047
VisualCogA_Task-2.mat,A,Task-2,L,52,0.37109375,-3.5792198,-12.559089,3.8095707
VisualCogA_Task-2.mat,A,Task-2,L,52,0.375,-3.7886695,-12.63326,3.668213
VisualCogA_Task-2.mat,A,Task-2,L,52,0.37890625,-3.9928426,-12.677418,3.5805577
VisualCogA_Task-2.mat,A,Task-2,L,52,0.3828125,-4.173278,-12.734175,3.3804592
VisualCogA_Task-2.mat,A,Task-2,L,52,0.38671875,-4.3157969,-12.962174,3.2072057
VisualCogA_Task-2.mat,A,Task-2,L,52,0.390625,-4.4225611,-13.071375,3.1388866
VisualCogA_Task-2.mat,A,Task-2,L,52,0.39453125,-4.5205055,-13.197836,3.1013356
VisualCogA_Task-2.mat,A,Task-2,L,52,0.3984375,-4.6232982,-13.33029,2.9484464
VisualCogA_Task-2.mat,A,Task-2,L,52,0.40234375,-4.7090986,-13.43039,2.8273375
VisualCogA_Task-2.mat,A,Task-2,L,52,0.40625,-4.7693208,-13.490853,2.7130244
VisualCogA_Task-2.mat,A,Task-2,L,52,0.41015625,-4.7837311,-13.53051,2.6252649
VisualCogA_Task-2.mat,A,Task-2,L,52,0.4140625,-4.7759121,-13.578019,2.5445609
VisualCogA_Task-2.mat,A,Task-2,L,52,0.41796875,-4.7573664,-13.631466,2.5139464
VisualCogA_Task-2.mat,A,Task-2,L,52,0.421875,-4.781234,-13.7623,2.5497603
VisualCogA_Task-2.mat,A,Task-2,L,52,0.42578125,-4.7944212,-13.665021,2.5604362
VisualCogA_Task-2.mat,A,Task-2,L,52,0.4296875,-4.8131109,-13.598606,2.5595523
VisualCogA_Task-2.mat,A,Task-2,L,52,0.43359375,-4.8498657,-13.609754,2.4275139
VisualCogA_Task-2.mat,A,Task-2,L,52,0.4375,-4.9257499,-13.624031,2.3205126
VisualCogA_Task-2.mat,A,Task-2,L,52,0.44140625,-5.0302622,-13.691252,2.2216524
VisualCogA_Task-2.mat,A,Task-2,L,52,0.4453125,-5.1561311,-13.80686,2.2581073
VisualCogA_Task-2.mat,A,Task-2,L,52,0.44921875,-5.3095256,-13.964827,2.2180084
VisualCogA_Task-2.mat,A,Task-2,L,52,0.453125,-5.4768299,-14.148102,2.2005125
VisualCogA_Task-2.mat,A,Task-2,L,52,0.45703125,-5.652685,-14.322202,2.1151413
VisualCogA_Task-2.mat,A,Task-2,L,52,0.4609375,-5.869192,-14.590363,1.9837807
VisualCogA_Task-2.mat,A,Task-2,L,52,0.46484375,-6.1191197,-14.883418,1.8961359
VisualCogA_Task-2.mat,A,Task-2,L,52,0.46875,-6.405422,-15.295261,1.7928094
VisualCogA_Task-2.mat,A,Task-2,L,52,0.47265625,-6.6894978,-15.714123,1.6598631
VisualCogA_Task-2.mat,A,Task-2,L,52,0.4765625,-6.9552107,-16.094494,1.4922687
VisualCogA_Task-2.mat,A,Task-2,L,52,0.48046875,-7.2175612,-16.437784,1.3926245
VisualCogA_Task-2.mat,A,Task-2,L,52,0.484375,-7.4446469,-16.864849,1.2152852
VisualCogA_Task-2.mat,A,Task-2,L,52,0.48828125,-7.6334246,-17.326894,1.1781292
VisualCogA_Task-2.mat,A,Task-2,L,52,0.4921875,-7.7244641,-17.585487,1.1469714
VisualCogA_Task-2.mat,A,Task-2,L,52,0.49609375,-7.7234972,-17.746585,1.2075654
VisualCogA_Task-2.mat,A,Task-2,L,52,0.5,-7.6523112,-17.862706,1.3390451
VisualCogA_Task-2.mat,A,Task-2,L,52,0.50390625,-7.5183132,-18.110594,1.6499981
VisualCogA_Task-2.mat,A,Task-2,L,52,0.5078125,-7.3333181,-18.282763,2.060824
VisualCogA_Task-2.mat,A,Task-2,L,52,0.51171875,-7.1002924,-18.338,2.4447122
VisualCogA_Task-2.mat,A,Task-2,L,52,0.515625,-6.8506494,-18.039191,2.9784033
VisualCogA_Task-2.mat,A,Task-2,L,52,0.51953125,-6.5719781,-17.709164,3.4477068
VisualCogA_Task-2.mat,A,Task-2,L,52,0.5234375,-6.2486967,-17.425214,3.9119885
VisualCogA_Task-2.mat,A,Task-2,L,52,0.52734375,-5.8956262,-17.246939,4.3457796
VisualCogA_Task-2.mat,A,Task-2,L,52,0.53125,-5.5160354,-17.093665,4.7613291
VisualCogA_Task-2.mat,A,Task-2,L,52,0.53515625,-5.1000519,-16.854715,5.1928743
VisualCogA_Task-2.mat,A,Task-2,L,52,0.5390625,-4.6717888,-16.639134,5.7005602
VisualCogA_Task-2.mat,A,Task-2,L,52,0.54296875,-4.2055923,-16.281461,6.2409638
VisualCogA_Task-2.mat,A,Task-2,L,52,0.546875,-3.7095108,-15.602202,6.8789692
VisualCogA_Task-2.mat,A,Task-2,L,52,0.55078125,-3.2149351,-14.97213,7.2759345
VisualCogA_Task-2.mat,A,Task-2,L,52,0.5546875,-2.7519379,-14.377236,7.7849426
VisualCogA_Task-2.mat,A,Task-2,L,52,0.55859375,-2.3205259,-13.722311,8.1086681
VisualCogA_Task-2.mat,A,Task-2,L,52,0.5625,-1.8493027,-13.191465,8.458896
VisualCogA_Task-2.mat,A,Task-2,L,52,0.56640625,-1.344418,-12.804512,9.1279555
VisualCogA_Task-2.mat,A,Task-2,L,52,0.5703125,-0.83211604,-12.24805,9.6940559
VisualCogA_Task-2.mat,A,Task-2,L,52,0.57421875,-0.35548809,-11.486233,10.08902
VisualCogA_Task-2.mat,A,Task-2,L,52,0.578125,0.12783626,-10.60759,10.302837
VisualCogA_Task-2.mat,A,Task-2,L,52,0.58203125,0.67325734,-9.7853604,10.68019
VisualCogA_Task-2.mat,A,Task-2,L,52,0.5859375,1.2629665,-8.8242435,11.11517
VisualCogA_Task-2.mat,A,Task-2,L,52,0.58984375,1.8888998,-8.0961342,11.692923
VisualCogA_Task-2.mat,A,Task-2,L,52,0.59375,2.5476509,-6.9437438,12.366999
VisualCogA_Task-2.mat,A,Task-2,L,52,0.59765625,3.2650144,-6.225099,12.994444
VisualCogA_Task-2.mat,A,Task-2,L,52,0.6015625,4.0676312,-5.4398632,13.715826
VisualCogA_Task-2.mat,A,Task-2,L,52,0.60546875,4.9450125,-4.4268784,14.688475
VisualCogA_Task-2.mat,A,Task-2,L,52,0.609375,5.9025439,-3.3984468,15.670867
VisualCogA_Task-2.mat,A,Task-2,L,52,0.61328125,6.8990379,-2.5727553,16.751106
VisualCogA_Task-2.mat,A,Task-2,L,52,0.6171875,7.8994038,-1.6708097,17.742827
VisualCogA_Task-2.mat,A,Task-2,L,52,0.62109375,8.8945851,-0.97296352,18.803285
VisualCogA_Task-2.mat,A,Task-2,L,52,0.625,9.8340097,-0.10087833,19.631783
VisualCogA_Task-2.mat,A,Task-2,L,52,0.62890625,10.702805,0.79939194,20.382568
VisualCogA_Task-2.mat,A,Task-2,L,52,0.6328125,11.511009,1.5273444,21.170464
VisualCogA_Task-2.mat,A,Task-2,L,52,0.63671875,12.275541,2.2915041,22.043223
VisualCogA_Task-2.mat,A,Task-2,L,52,0.640625,13.003664,2.9004604,23.281496
VisualCogA_Task-2.mat,A,Task-2,L,52,0.64453125,13.6845,3.532,24.522045
VisualCogA_Task-2.mat,A,Task-2,L,52,0.6484375,14.30891,4.1443583,25.481619
VisualCogA_Task-2.mat,A,Task-2,L,52,0.65234375,14.892682,4.3413604,26.128055
VisualCogA_Task-2.mat,A,Task-2,L,52,0.65625,15.416949,4.8533876,26.894664
VisualCogA_Task-2.mat,A,Task-2,L,52,0.66015625,15.901042,5.0790614,27.584248
VisualCogA_Task-2.mat,A,Task-2,L,52,0.6640625,16.340372,5.6209883,28.007977
VisualCogA_Task-2.mat,A,Task-2,L,52,0.66796875,16.737625,5.8355192,28.517084
VisualCogA_Task-2.mat,A,Task-2,L,52,0.671875,17.105818,6.081383,28.945154
VisualCogA_Task-2.mat,A,Task-2,L,52,0.67578125,17.459224,6.3323217,29.666012
VisualCogA_Task-2.mat,A,Task-2,L,52,0.6796875,17.855495,6.8208325,30.309879
VisualCogA_Task-2.mat,A,Task-2,L,52,0.68359375,18.219914,7.4274074,30.780221
VisualCogA_Task-2.mat,A,Task-2,L,52,0.6875,18.558229,8.0503809,31.029409
VisualCogA_Task-2.mat,A,Task-2,L,52,0.69140625,18.896697,8.4699978,31.250738
VisualCogA_Task-2.mat,A,Task-2,L,52,0.6953125,19.303191,8.6919041,31.580601
VisualCogA_Task-2.mat,A,Task-2,L,52,0.69921875,19.782393,8.9326251,32.056341
VisualCogA_Task-2.mat,A,Task-2,L,52,0.703125,20.291599,9.3717091,32.569224
VisualCogA_Task-2.mat,A,Task-2,L,52,0.70703125,20.83052,9.7546501,33.098369
VisualCogA_Task-2.mat,A,Task-2,L,52,0.7109375,21.430676,10.202701,33.660015
VisualCogA_Task-2.mat,A,Task-2,L,52,0.71484375,22.074144,10.894309,34.273103
VisualCogA_Task-2.mat,A,Task-2,L,52,0.71875,22.727225,11.712483,34.934152
VisualCogA_Task-2.mat,A,Task-2,L,52,0.72265625,23.378166,12.418108,35.658732
VisualCogA_Task-2.mat,A,Task-2,L,52,0.7265625,24.02609,12.852229,36.229409
VisualCogA_Task-2.mat,A,Task-2,L,52,0.73046875,24.633803,13.255538,36.812838
VisualCogA_Task-2.mat,A,Task-2,L,52,0.734375,25.145797,14.028555,37.392412
VisualCogA_Task-2.mat,A,Task-2,L,52,0.73828125,25.613777,14.365969,37.976562
VisualCogA_Task-2.mat,A,Task-2,L,52,0.7421875,26.012478,14.252041,38.585969
VisualCogA_Task-2.mat,A,Task-2,L,52,0.74609375,26.346534,14.532744,38.992243
VisualCogA_Task-2.mat,A,Task-2,L,52,0.75,26.659877,14.793429,39.562881
VisualCogA_Task-2.mat,A,Task-2,L,52,0.75390625,26.945754,15.030895,39.931437
VisualCogA_Task-2.mat,A,Task-2,L,52,0.7578125,27.226391,15.152048,40.476833
VisualCogA_Task-2.mat,A,Task-2,L,52,0.76171875,27.492015,15.29925,40.910657
VisualCogA_Task-2.mat,A,Task-2,L,52,0.765625,27.736005,14.842054,41.335378
VisualCogA_Task-2.mat,A,Task-2,L,52,0.76953125,27.936251,14.812996,41.696772
VisualCogA_Task-2.mat,A,Task-2,L,52,0.7734375,28.123588,14.695139,42.182064
VisualCogA_Task-2.mat,A,Task-2,L,52,0.77734375,28.296711,14.261586,42.796508
VisualCogA_Task-2.mat,A,Task-2,L,52,0.78125,28.45027,14.08121,43.036994
VisualCogA_Task-2.mat,A,Task-2,L,52,0.78515625,28.620216,14.148929,43.424777
VisualCogA_Task-2.mat,A,Task-2,L,52,0.7890625,28.787365,14.224485,43.613507
VisualCogA_Task-2.mat,A,Task-2,L,52,0.79296875,28.935229,14.330462,43.819465
VisualCogA_Task-2.mat,A,Task-2,L,52,0.796875,29.11067,14.556254,44.346344
VisualCogA_Task-2.mat,A,Task-2,L,52,0.80078125,29.313681,14.863311,45.129307
VisualCogA_Task-2.mat,A,Task-2,L,52,0.8046875,29.581643,14.876653,45.689048
VisualCogA_Task-2.mat,A,Task-2,L,52,0.80859375,29.833177,14.464399,46.240486
VisualCogA_Task-2.mat,A,Task-2,L,52,0.8125,30.070136,14.135821,46.7597
VisualCogA_Task-2.mat,A,Task-2,L,52,0.81640625,30.313152,13.923633,47.116057
VisualCogA_Task-2.mat,A,Task-2,L,52,0.8203125,30.548369,14.010026,47.662877
VisualCogA_Task-2.mat,A,Task-2,L,52,0.82421875,30.768582,13.475405,48.101939
VisualCogA_Task-2.mat,A,Task-2,L,52,0.828125,30.954869,12.853147,48.429438
VisualCogA_Task-2.mat,A,Task-2,L,52,0.83203125,31.114423,12.302569,48.673692
VisualCogA_Task-2.mat,A,Task-2,L,52,0.8359375,31.267206,11.814282,49.065265
VisualCogA_Task-2.mat,A,Task-2,L,52,0.83984375,31.406871,11.396933,49.50645
VisualCogA_Task-2.mat,A,Task-2,L,52,0.84375,31.535821,11.155554,49.834042
VisualCogA_Task-2.mat,A,Task-2,L,52,0.84765625,31.636539,10.916634,50.14503
VisualCogA_Task-2.mat,A,Task-2,L,52,0.8515625,31.709692,10.772609,50.41479
VisualCogA_Task-2.mat,A,Task-2,L,52,0.85546875,31.755427,10.573277,50.682761
VisualCogA_Task-2.mat,A,Task-2,L,52,0.859375,31.740953,10.374227,50.885314
VisualCogA_Task-2.mat,A,Task-2,L,52,0.86328125,31.700698,9.8963786,51.032442
VisualCogA_Task-2.mat,A,Task-2,L,52,0.8671875,31.65254,9.6841117,51.194221
VisualCogA_Task-2.mat,A,Task-2,L,52,0.87109375,31.499247,9.7674749,51.306801
VisualCogA_Task-2.mat,A,Task-2,L,52,0.875,31.265368,9.8733994,51.302301
VisualCogA_Task-2.mat,A,Task-2,L,52,0.87890625,30.936252,9.8429482,51.157941
VisualCogA_Task-2.mat,A,Task-2,L,52,0.8828125,30.539735,9.5355796,50.898198
VisualCogA_Task-2.mat,A,Task-2,L,52,0.88671875,30.15034,9.2187859,50.592278
VisualCogA_Task-2.mat,A,Task-2,L,52,0.890625,29.759342,9.2032937,50.230349
VisualCogA_Task-2.mat,A,Task-2,L,52,0.89453125,29.309102,9.2852511,49.801745
VisualCogA_Task-2.mat,A,Task-2,L,52,0.8984375,28.836338,9.2694027,49.289654
VisualCogA_Task-2.mat,A,Task-2,L,52,0.90234375,28.353916,9.1129287,48.733002
VisualCogA_Task-2.mat,A,Task-2,L,52,0.90625,27.872607,8.7814638,47.972422
VisualCogA_Task-2.mat,A,Task-2,L,52,0.91015625,27.33719,8.2837447,47.561576
VisualCogA_Task-2.mat,A,Task-2,L,52,0.9140625,26.775042,7.7613328,47.141187
VisualCogA_Task-2.mat,A,Task-2,L,52,0.91796875,26.210674,7.3401944,46.722303
VisualCogA_Task-2.mat,A,Task-2,L,52,0.921875,25.655751,6.8532956,46.119415
VisualCogA_Task-2.mat,A,Task-2,L,52,0.92578125,25.026991,5.7420587,45.199088
VisualCogA_Task-2.mat,A,Task-2,L,52,0.9296875,24.441636,5.0496288,44.520407
VisualCogA_Task-2.mat,A,Task-2,L,52,0.93359375,23.899868,4.7377843,43.88037
VisualCogA_Task-2.mat,A,Task-2,L,52,0.9375,23.331222,4.182653,43.44393
VisualCogA_Task-2.mat,A,Task-2,L,52,0.94140625,22.881472,3.9280722,43.088215
VisualCogA_Task-2.mat,A,Task-2,L,52,0.9453125,22.435362,3.511147,42.351536
VisualCogA_Task-2.mat,A,Task-2,L,52,0.94921875,21.989239,3.1432461,41.845839
VisualCogA_Task-2.mat,A,Task-2,L,52,0.953125,21.539452,2.9149248,41.533047
VisualCogA_Task-2.mat,A,Task-2,L,52,0.95703125,21.082352,2.7244017,41.069596
VisualCogA_Task-2.mat,A,Task-2,L,52,0.9609375,20.614286,2.357414,40.522102
VisualCogA_Task-2.mat,A,Task-2,L,52,0.96484375,20.131605,1.9452059,39.80759
VisualCogA_Task-2.mat,A,Task-2,L,52,0.96875,19.630656,1.4253571,38.894567
VisualCogA_Task-2.mat,A,Task-2,L,52,0.97265625,19.10779,1.037832,38.003377
VisualCogA_Task-2.mat,A,Task-2,L,52,0.9765625,18.559354,0.67980514,37.075398
VisualCogA_Task-2.mat,A,Task-2,L,52,0.98046875,17.981699,0.41897526,35.706362
VisualCogA_Task-2.mat,A,Task-2,L,52,0.984375,17.371174,0.17953656,34.73091
VisualCogA_Task-2.mat,A,Task-2,L,52,0.98828125,16.724127,0.35852342,33.913465
VisualCogA_Task-2.mat,A,Task-2,L,52,0.9921875,16.036907,0.22831562,32.908861
VisualCogA_Task-2.mat,A,Task-2,L,52,0.99609375,15.305864,0.045087004,32.251511
VisualCogA_Task-2.mat,A,Task-2,R,40,-0.5,2.6282559,-7.1737483,14.800538
VisualCogA_Task-2.mat,A,Task-2,R,40,-0.49609375,2.7250912,-6.5476178,14.497548
VisualCogA_Task-2.mat,A,Task-2,R,40,-0.4921875,2.8162425,-6.0123659,14.243738
VisualCogA_Task-2.mat,A,Task-2,R,40,-0.48828125,2.9015583,-5.8259482,13.869674
VisualCogA_Task-2.mat,A,Task-2,R,40,-0.484375,2.9808874,-5.5408028,13.330168
VisualCogA_Task-2.mat,A,Task-2,R,40,-0.48046875,3.0540784,-5.3697187,13.030649
VisualCogA_Task-2.mat,A,Task-2,R,40,-0.4765625,3.1209801,-5.123027,12.754042
VisualCogA_Task-2.mat,A,Task-2,R,40,-0.47265625,3.1814411,-5.0498496,12.478062
VisualCogA_Task-2.mat,A,Task-2,R,40,-0.46875,3.2353101,-5.0277538,12.309956
VisualCogA_Task-2.mat,A,Task-2,R,40,-0.46484375,3.2824358,-4.9592368,12.174134
VisualCogA_Task-2.mat,A,Task-2,R,40,-0.4609375,3.322667,-4.8516432,11.980569
VisualCogA_Task-2.mat,A,Task-2,R,40,-0.45703125,3.3558522,-4.7858154,11.764571
VisualCogA_Task-2.mat,A,Task-2,R,40,-0.453125,3.3818402,-4.6059901,11.72429
VisualCogA_Task-2.mat,A,Task-2,R,40,-0.44921875,3.4004796,-4.4677342,11.80412
VisualCogA_Task-2.mat,A,Task-2,R,40,-0.4453125,3.4116193,-4.4441039,11.921546
VisualCogA_Task-2.mat,A,Task-2,R,40,-0.44140625,3.4151077,-4.4699676,12.083884
VisualCogA_Task-2.mat,A,Task-2,R,40,-0.4375,3.4308766,-4.466149,12.093003
VisualCogA_Task-2.mat,A,Task-2,R,40,-0.43359375,3.4611277,-4.4887671,12.061021
VisualCogA_Task-2.mat,A,Task-2,R,40,-0.4296875,3.470961,-4.5344106,12.025041
VisualCogA_Task-2.mat,A,Task-2,R,40,-0.42578125,3.4478148,-4.5790613,12.234408
VisualCogA_Task-2.mat,A,Task-2,R,40,-0.421875,3.3960673,-4.6996867,12.220763
VisualCogA_Task-2.mat,A,Task-2,R,40,-0.41796875,3.3303445,-4.8432423,12.093008
VisualCogA_Task-2.mat,A,Task-2,R,40,-0.4140625,3.2318647,-4.8728036,12.01863
VisualCogA_Task-2.mat,A,Task-2,R,40,-0.41015625,3.1328517,-4.90137,11.961298
VisualCogA_Task-2.mat,A,Task-2,R,40,-0.40625,3.0215168,-4.9943313,11.831752
VisualCogA_Task-2.mat,A,Task-2,R,40,-0.40234375,2.9093068,-5.0249243,11.579588
VisualCogA_Task-2.mat,A,Task-2,R,40,-0.3984375,2.7959976,-5.0680905,11.237537
VisualCogA_Task-2.mat,A,Task-2,R,40,-0.39453125,2.6891346,-4.9996779,11.010319
VisualCogA_Task-2.mat,A,Task-2,R,40,-0.390625,2.5864516,-4.8351539,10.856939
VisualCogA_Task-2.mat,A,Task-2,R,40,-0.38671875,2.4834632,-4.8574574,10.509846
VisualCogA_Task-2.mat,A,Task-2,R,40,-0.3828125,2.3863452,-4.7949278,10.369756
VisualCogA_Task-2.mat,A,Task-2,R,40,-0.37890625,2.2752969,-4.6118067,10.153277
VisualCogA_Task-2.mat,A,Task-2,R,40,-0.375,2.1625877,-4.5855684,9.9021805
VisualCogA_Task-2.mat,A,Task-2,R,40,-0.37109375,2.0405235,-4.6454367,9.580963
VisualCogA_Task-2.mat,A,Task-2,R,40,-0.3671875,1.9134709,-4.9582178,9.3469468
VisualCogA_Task-2.mat,A,Task-2,R,40,-0.36328125,1.7623095,-5.0125853,9.0689705
VisualCogA_Task-2.mat,A,Task-2,R,40,-0.359375,1.5489418,-5.2429095,8.7207663
VisualCogA_Task-2.mat,A,Task-2,R,40,-0.35546875,1.2994089,-5.5002549,8.4636792
VisualCogA_Task-2.mat,A,Task-2,R,40,-0.3515625,1.0557396,-5.514407,8.148708
VisualCogA_Task-2.mat,A,Task-2,R,40,-0.34765625,0.82571518,-5.7340106,7.6920901
VisualCogA_Task-2.mat,A,Task-2,R,40,-0.34375,0.64827546,-5.7503506,7.1425672
VisualCogA_Task-2.mat,A,Task-2,R,40,-0.33984375,0.48642367,-5.8975627,6.9627168
VisualCogA_Task-2.mat,A,Task-2,R,40,-0.3359375,0.34253544,-5.9855202,6.8646312
VisualCogA_Task-2.mat,A,Task-2,R,40,-0.33203125,0.21327045,-6.1014492,6.6742565
VisualCogA_Task-2.mat,A,Task-2,R,40,-0.328125,0.10061325,-6.141539,6.5878784
VisualCogA_Task-2.mat,A,Task-2,R,40,-0.32421875,0.0066699901,-6.1930623,6.5028473
VisualCogA_Task-2.mat,A,Task-2,R,40,-0.3203125,-0.08982441,-6.1636959,6.380849
VisualCogA_Task-2.mat,A,Task-2,R,40,-0.31640625,-0.17622181,-6.0748581,6.23266
VisualCogA_Task-2.mat,A,Task-2,R,40,-0.3125,-0.2798346,-6.0018861,5.981575
VisualCogA_Task-2.mat,A,Task-2,R,40,-0.30859375,-0.37538985,-5.953203,5.7775177
VisualCogA_Task-2.mat,A,Task-2,R,40,-0.3046875,-0.45170465,-5.9659544,5.4343651
VisualCogA_Task-2.mat,A,Task-2,R,40,-0.30078125,-0.49357166,-6.02092,5.2381297
VisualCogA_Task-2.mat,A,Task-2,R,40,-0.296875,-0.51282055,-5.8254152,5.1709898
VisualCogA_Task-2.mat,A,Task-2,R,40,-0.29296875,-0.48565575,-5.7584343,5.2106158
VisualCogA_Task-2.mat,A,Task-2,R,40,-0.2890625,-0.44312047,-5.5984403,5.1274989
VisualCogA_Task-2.mat,A,Task-2,R,40,-0.28515625,-0.41923183,-5.4152843,5.0379583
VisualCogA_Task-2.mat,A,Task-2,R,40,-0.28125,-0.38450402,-5.238686,4.9449377
VisualCogA_Task-2.mat,A,Task-2,R,40,-0.27734375,-0.3722702,-5.0758921,4.9044608
VisualCogA_Task-2.mat,A,Task-2,R,40,-0.2734375,-0.35918426,-4.8735599,4.8784352
VisualCogA_Task-2.mat,A,Task-2,R,40,-0.26953125,-0.34176865,-4.8469679,4.864816
VisualCogA_Task-2.mat,A,Task-2,R,40,-0.265625,-0.31444092,-4.7612123,4.8966379
VisualCogA_Task-2.mat,A,Task-2,R,40,-0.26171875,-0.28334845,-4.664658,4.8624014
VisualCogA_Task-2.mat,A,Task-2,R,40,-0.2578125,-0.23505075,-4.5527584,4.7808823
VisualCogA_Task-2.mat,A,Task-2,R,40,-0.25390625,-0.19633195,-4.4087438,4.686688
VisualCogA_Task-2.mat,A,Task-2,R,40,-0.25,-0.17879582,-4.2563826,4.5383287
VisualCogA_Task-2.mat,A,Task-2,R,40,-0.24609375,-0.18549109,-4.0972834,4.3157111
VisualCogA_Task-2.mat,A,Task-2,R,40,-0.2421875,-0.21450335,-4.0020943,4.1657173
VisualCogA_Task-2.mat,A,Task-2,R,40,-0.23828125,-0.24457398,-3.9516905,3.9803783
VisualCogA_Task-2.mat,A,Task-2,R,40,-0.234375,-0.24870926,-3.9069658,3.8629936
VisualCogA_Task-2.mat,A,Task-2,R,40,-0.23046875,-0.25280195,-3.8508312,3.8807808
VisualCogA_Task-2.mat,A,Task-2,R,40,-0.2265625,-0.21088823,-3.7348126,3.8990157
VisualCogA_Task-2.mat,A,Task-2,R,40,-0.22265625,-0.17364269,-3.6444053,3.933748
VisualCogA_Task-2.mat,A,Task-2,R,40,-0.21875,-0.12984635,-3.577248,3.8585486
VisualCogA_Task-2.mat,A,Task-2,R,40,-0.21484375,-0.069270981,-3.4393488,3.8143134
VisualCogA_Task-2.mat,A,Task-2,R,40,-0.2109375,-0.0073738535,-3.3021867,3.6452301
VisualCogA_Task-2.mat,A,Task-2,R,40,-0.20703125,0.044016881,-3.1598187,3.4798667
VisualCogA_Task-2.mat,A,Task-2,R,40,-0.203125,0.06772001,-3.0582109,3.3272871
VisualCogA_Task-2.mat,A,Task-2,R,40,-0.19921875,0.07080445,-2.9069769,3.1685599
VisualCogA_Task-2.mat,A,Task-2,R,40,-0.1953125,0.061839965,-2.8322597,2.9792474
VisualCogA_Task-2.mat,A,Task-2,R,40,-0.19140625,0.050499131,-2.7839878,2.825656
VisualCogA_Task-2.mat,A,Task-2,R,40,-0.1875,0.054869841,-2.6482504,2.7395634
VisualCogA_Task-2.mat,A,Task-2,R,40,-0.18359375,0.060184618,-2.5161784,2.6384689
VisualCogA_Task-2.mat,A,Task-2,R,40,-0.1796875,0.056509,-2.3999162,2.5051698
VisualCogA_Task-2.mat,A,Task-2,R,40,-0.17578125,0.040954104,-2.4036015,2.3828687
VisualCogA_Task-2.mat,A,Task-2,R,40,-0.171875,0.01607904,-2.3283156,2.3065834
VisualCogA_Task-2.mat,A,Task-2,R,40,-0.16796875,0.0071125953,-2.1867689,2.2699125
VisualCogA_Task-2.mat,A,Task-2,R,40,-0.1640625,0.061522272,-2.0554734,2.2441095
VisualCogA_Task-2.mat,A,Task-2,R,40,-0.16015625,0.14188627,-1.942443,2.296567
VisualCogA_Task-2.mat,A,Task-2,R,40,-0.15625,0.27554594,-1.8089181,2.3308588
VisualCogA_Task-2.mat,A,Task-2,R,40,-0.15234375,0.43745124,-1.5921073,2.3789194
VisualCogA_Task-2.mat,A,Task-2,R,40,-0.1484375,0.60241443,-1.3638128,2.439314
VisualCogA_Task-2.mat,A,Task-2,R,40,-0.14453125,0.76378743,-1.1475708,2.5227596
VisualCogA_Task-2.mat,A,Task-2,R,40,-0.140625,0.9038134,-0.94041617,2.6623457
VisualCogA_Task-2.mat,A,Task-2,R,40,-0.13671875,1.008599,-0.74708979,2.7469534
VisualCogA_Task-2.mat,A,Task-2,R,40,-0.1328125,1.0511967,-0.59785721,2.7512696
VisualCogA_Task-2.mat,A,Task-2,R,40,-0.12890625,1.0651278,-0.46775303,2.6851933
VisualCogA_Task-2.mat,A,Task-2,R,40,-0.125,1.0671114,-0.41409481,2.6334151
VisualCogA_Task-2.mat,A,Task-2,R,40,-0.12109375,1.0761148,-0.39766406,2.6089173
VisualCogA_Task-2.mat,A,Task-2,R,40,-0.1171875,1.1190115,-0.33924039,2.5405416
VisualCogA_Task-2.mat,A,Task-2,R,40,-0.11328125,1.1671038,-0.33368505,2.5317807
VisualCogA_Task-2.mat,A,Task-2,R,40,-0.109375,1.2312995,-0.30005091,2.4772709
VisualCogA_Task-2.mat,A,Task-2,R,40,-0.10546875,1.2435076,-0.27717785,2.4917227
VisualCogA_Task-2.mat,A,Task-2,R,40,-0.1015625,1.2243003,-0.1863359,2.5068494
VisualCogA_Task-2.mat,A,Task-2,R,40,-0.09765625,1.1656419,-0.15241482,2.4718241
VisualCogA_Task-2.mat,A,Task-2,R,40,-0.09375,1.0427579,-0.16588109,2.3588158
VisualCogA_Task-2.mat,A,Task-2,R,40,-0.08984375,0.8818723,-0.27703401,2.1285552
VisualCogA_Task-2.mat,A,Task-2,R,40,-0.0859375,0.64743198,-0.51751885,1.9227914
VisualCogA_Task-2.mat,A,Task-2,R,40,-0.08203125,0.37399055,-0.86990878,1.6887854
VisualCogA_Task-2.mat,A,Task-2,R,40,-0.078125,0.085494932,-1.2166089,1.5045799
VisualCogA_Task-2.mat,A,Task-2,R,40,-0.07421875,-0.21176482,-1.6119317,1.2171913
VisualCogA_Task-2.mat,A,Task-2,R,40,-0.0703125,-0.4913703,-1.9884356,1.0225228
VisualCogA_Task-2.mat,A,Task-2,R,40,-0.06640625,-0.7528624,-2.4403773,0.84411843
VisualCogA_Task-2.mat,A,Task-2,R,40,-0.0625,-0.97147222,-2.7757346,0.73311473
VisualCogA_Task-2.mat,A,Task-2,R,40,-0.05859375,-1.1496063,-3.1328541,0.67051522
VisualCogA_Task-2.mat,A,Task-2,R,40,-0.0546875,-1.2714213,-3.3415084,0.68979089
VisualCogA_Task-2.mat,A,Task-2,R,40,-0.05078125,-1.3488245,-3.6636939,0.7628171
VisualCogA_Task-2.mat,A,Task-2,R,40,-0.046875,-1.4122562,-3.8539188,0.77441713
VisualCogA_Task-2.mat,A,Task-2,R,40,-0.04296875,-1.469189,-4.0149128,0.80004389
VisualCogA_Task-2.mat,A,Task-2,R,40,-0.0390625,-1.5170515,-4.1958596,0.76777029
VisualCogA_Task-2.mat,A,Task-2,R,40,-0.03515625,-1.5579627,-4.3642762,0.81455794
VisualCogA_Task-2.mat,A,Task-2,R,40,-0.03125,-1.5843527,-4.4318575,0.86308782
VisualCogA_Task-2.mat,A,Task-2,R,40,-0.02734375,-1.5692839,-4.4430229,0.90758924
VisualCogA_Task-2.mat,A,Task-2,R,40,-0.0234375,-1.5334813,-4.5627261,0.93043412
VisualCogA_Task-2.mat,A,Task-2,R,40,-0.01953125,-1.4878477,-4.6299893,1.0119268
VisualCogA_Task-2.mat,A,Task-2,R,40,-0.015625,-1.4422709,-4.6016808,1.1117103
VisualCogA_Task-2.mat,A,Task-2,R,40,-0.01171875,-1.3716287,-4.6083748,1.2127069
VisualCogA_Task-2.mat,A,Task-2,R,40,-0.0078125,-1.289884,-4.6478558,1.4682513
VisualCogA_Task-2.mat,A,Task-2,R,40,-0.00390625,-1.2108738,-4.6746235,1.5065734
VisualCogA_Task-2.mat,A,Task-2,R,40,0,-1.1512,-4.7461116,1.5410997
VisualCogA_Task-2.mat,A,Task-2,R,40,0.00390625,-1.1265469,-4.8236168,1.6812032
VisualCogA_Task-2.mat,A,Task-2,R,40,0.0078125,-1.105454,-4.7859728,1.7877798
VisualCogA_Task-2.mat,A,Task-2,R,40,0.01171875,-1.1148656,-4.8246293,1.866039
VisualCogA_Task-2.mat,A,Task-2,R,40,0.015625,-1.124242,-4.9960593,1.8712722
VisualCogA_Task-2.mat,A,Task-2,R,40,0.01953125,-1.1419753,-5.1471804,1.9278992
VisualCogA_Task-2.mat,A,Task-2,R,40,0.0234375,-1.1598756,-5.2374969,2.0573914
VisualCogA_Task-2.mat,A,Task-2,R,40,0.02734375,-1.1640061,-5.3430956,2.1880092
VisualCogA_Task-2.mat,A,Task-2,R,40,0.03125,-1.1916408,-5.3307603,2.1789433
VisualCogA_Task-2.mat,A,Task-2,R,40,0.03515625,-1.2086444,-5.4693515,2.2995861
VisualCogA_Task-2.mat,A,Task-2,R,40,0.0390625,-1.1943773,-5.5289329,2.5600141
VisualCogA_Task-2.mat,A,Task-2,R,40,0.04296875,-1.1511398,-5.4169791,2.6819274
VisualCogA_Task-2.mat,A,Task-2,R,40,0.046875,-1.0647646,-5.2781262,2.7698619
VisualCogA_Task-2.mat,A,Task-2,R,40,0.05078125,-0.96956911,-5.2433139,2.9144046
VisualCogA_Task-2.mat,A,Task-2,R,40,0.0546875,-0.86696463,-5.0937044,3.0787894
VisualCogA_Task-2.mat,A,Task-2,R,40,0.05859375,-0.80204454,-4.9518224,3.2157816
VisualCogA_Task-2.mat,A,Task-2,R,40,0.0625,-0.76180451,-4.8714876,3.3700852
VisualCogA_Task-2.mat,A,Task-2,R,40,0.06640625,-0.72127701,-4.8343194,3.5775952
VisualCogA_Task-2.mat,A,Task-2,R,40,0.0703125,-0.67296385,-4.8367619,3.7366255
VisualCogA_Task-2.mat,A,Task-2,R,40,0.07421875,-0.60834377,-4.8453078,3.8432728
VisualCogA_Task-2.mat,A,Task-2,R,40,0.078125,-0.53167153,-4.8047196,4.02414
VisualCogA_Task-2.mat,A,Task-2,R,40,0.08203125,-0.44956484,-4.8097714,4.081615
VisualCogA_Task-2.mat,A,Task-2,R,40,0.0859375,-0.35434857,-4.8323983,4.3087042
VisualCogA_Task-2.mat,A,Task-2,R,40,0.08984375,-0.25469141,-4.7745191,4.3541655
VisualCogA_Task-2.mat,A,Task-2,R,40,0.09375,-0.21024001,-4.6934404,4.3785443
VisualCogA_Task-2.mat,A,Task-2,R,40,0.09765625,-0.22462172,-4.8033241,4.4633495
VisualCogA_Task-2.mat,A,Task-2,R,40,0.1015625,-0.27848221,-4.9668433,4.5317271
VisualCogA_Task-2.mat,A,Task-2,R,40,0.10546875,-0.36937629,-5.2033822,4.3575401
VisualCogA_Task-2.mat,A,Task-2,R,40,0.109375,-0.49952152,-5.3918752,4.1967477
VisualCogA_Task-2.mat,A,Task-2,R,40,0.11328125,-0.65715836,-5.663116,4.1665119
VisualCogA_Task-2.mat,A,Task-2,R,40,0.1171875,-0.82530847,-6.0295626,3.9200547
VisualCogA_Task-2.mat,A,Task-2,R,40,0.12109375,-1.0039686,-6.4232948,3.7964873
VisualCogA_Task-2.mat,A,Task-2,R,40,0.125,-1.1639329,-6.751411,3.7254297
VisualCogA_Task-2.mat,A,Task-2,R,40,0.12890625,-1.3196199,-7.015503,3.6906441
VisualCogA_Task-2.mat,A,Task-2,R,40,0.1328125,-1.4472331,-7.2605621,3.6648343
VisualCogA_Task-2.mat,A,Task-2,R,40,0.13671875,-1.5816703,-7.4787425,3.7035251
VisualCogA_Task-2.mat,A,Task-2,R,40,0.140625,-1.7272567,-7.6851026,3.71151
VisualCogA_Task-2.mat,A,Task-2,R,40,0.14453125,-1.8493751,-7.921964,3.7561477
VisualCogA_Task-2.mat,A,Task-2,R,40,0.1484375,-1.9621454,-8.2969583,3.6897545
VisualCogA_Task-2.mat,A,Task-2,R,40,0.15234375,-2.0591039,-8.669843,3.6893839
VisualCogA_Task-2.mat,A,Task-2,R,40,0.15625,-2.1291806,-8.7860663,3.7434542
VisualCogA_Task-2.mat,A,Task-2,R,40,0.16015625,-2.2093152,-8.8283124,3.7774102
VisualCogA_Task-2.mat,A,Task-2,R,40,0.1640625,-2.3433474,-8.8897505,3.8114398
VisualCogA_Task-2.mat,A,Task-2,R,40,0.16796875,-2.5114157,-9.0157186,3.7359417
VisualCogA_Task-2.mat,A,Task-2,R,40,0.171875,-2.6998639,-9.3355867,3.6223682
VisualCogA_Task-2.mat,A,Task-2,R,40,0.17578125,-2.9230928,-9.7087269,3.576844
VisualCogA_Task-2.mat,A,Task-2,R,40,0.1796875,-3.1377305,-10.025287,3.5361558
VisualCogA_Task-2.mat,A,Task-2,R,40,0.18359375,-3.3244401,-10.200812,3.5472469
VisualCogA_Task-2.mat,A,Task-2,R,40,0.1875,-3.469983,-10.402697,3.6054657
VisualCogA_Task-2.mat,A,Task-2,R,40,0.19140625,-3.6182436,-10.602403,3.4849473
VisualCogA_Task-2.mat,A,Task-2,R,40,0.1953125,-3.741911,-10.787918,3.3134164
VisualCogA_Task-2.mat,A,Task-2,R,40,0.19921875,-3.855414,-11.079828,3.2596536
VisualCogA_Task-2.mat,A,Task-2,R,40,0.203125,-3.9676485,-11.306835,3.3433933
VisualCogA_Task-2.mat,A,Task-2,R,40,0.20703125,-4.0711549,-11.473897,3.3537026
VisualCogA_Task-2.mat,A,Task-2,R,40,0.2109375,-4.1774658,-11.717056,3.2115946
VisualCogA_Task-2.mat,A,Task-2,R,40,0.21484375,-4.2566564,-11.976291,3.377901
VisualCogA_Task-2.mat,A,Task-2,R,40,0.21875,-4.3029641,-12.265289,3.5743017
VisualCogA_Task-2.mat,A,Task-2,R,40,0.22265625,-4.3541575,-12.555618,3.7211142
VisualCogA_Task-2.mat,A,Task-2,R,40,0.2265625,-4.4044401,-12.875144,3.8384518
VisualCogA_Task-2.mat,A,Task-2,R,40,0.23046875,-4.4299072,-13.257081,3.9832216
VisualCogA_Task-2.mat,A,Task-2,R,40,0.234375,-4.4309038,-13.471453,4.1921237
VisualCogA_Task-2.mat,A,Task-2,R,40,0.23828125,-4.4264324,-13.525262,4.4453614
VisualCogA_Task-2.mat,A,Task-2,R,40,0.2421875,-4.3913599,-13.766968,4.3899313
VisualCogA_Task-2.mat,A,Task-2,R,40,0.24609375,-4.3325108,-13.902185,4.2784432
VisualCogA_Task-2.mat,A,Task-2,R,40,0.25,-4.287913,-13.915928,4.2215452
VisualCogA_Task-2.mat,A,Task-2,R,40,0.25390625,-4.2650962,-13.986602,4.1312867
VisualCogA_Task-2.mat,A,Task-2,R,40,0.2578125,-4.2397729,-14.030214,4.2162568
VisualCogA_Task-2.mat,A,Task-2,R,40,0.26171875,-4.1921442,-14.106477,4.2004983
VisualCogA_Task-2.mat,A,Task-2,R,40,0.265625,-4.170639,-14.173983,4.1276045
VisualCogA_Task-2.mat,A,Task-2,R,40,0.26953125,-4.190945,-14.285143,4.0752961
VisualCogA_Task-2.mat,A,Task-2,R,40,0.2734375,-4.2285414,-14.396616,3.9749932
VisualCogA_Task-2.mat,A,Task-2,R,40,0.27734375,-4.2984378,-14.519104,3.9210287
VisualCogA_Task-2.mat,A,Task-2,R,40,0.28125,-4.3935935,-14.512726,3.9099345
VisualCogA_Task-2.mat,A,Task-2,R,40,0.28515625,-4.4545546,-14.370318,3.8805192
VisualCogA_Task-2.mat,A,Task-2,R,40,0.2890625,-4.5039443,-14.416738,3.8705382
VisualCogA_Task-2.mat,A,Task-2,R,40,0.29296875,-4.5460317,-14.268758,3.8001455
VisualCogA_Task-2.mat,A,Task-2,R,40,0.296875,-4.5672992,-14.12395,3.7513623
VisualCogA_Task-2.mat,A,Task-2,R,40,0.30078125,-4.5588883,-14.198044,3.8161843
VisualCogA_Task-2.mat,A,Task-2,R,40,0.3046875,-4.5343091,-14.408025,3.8749233
VisualCogA_Task-2.mat,A,Task-2,R,40,0.30859375,-4.5197486,-14.493803,3.9180307
VisualCogA_Task-2.mat,A,Task-2,R,40,0.3125,-4.4985502,-14.586887,4.118244
VisualCogA_Task-2.mat,A,Task-2,R,40,0.31640625,-4.5298158,-14.675984,4.1278762
VisualCogA_Task-2.mat,A,Task-2,R,40,0.3203125,-4.6069177,-14.810896,4.0374087
VisualCogA_Task-2.mat,A,Task-2,R,40,0.32421875,-4.7300186,-14.977952,3.8792371
VisualCogA_Task-2.mat,A,Task-2,R,40,0.328125,-4.896986,-15.203612,3.8004881
VisualCogA_Task-2.mat,A,Task-2,R,40,0.33203125,-5.096432,-15.38438,3.8596081
VisualCogA_Task-2.mat,A,Task-2,R,40,0.3359375,-5.3155311,-15.430614,3.813764
VisualCogA_Task-2.mat,A,Task-2,R,40,0.33984375,-5.5380141,-15.717569,3.7161186
VisualCogA_Task-2.mat,A,Task-2,R,40,0.34375,-5.755683,-16.110636,3.5707234
VisualCogA_Task-2.mat,A,Task-2,R,40,0.34765625,-5.9626916,-16.273811,3.384328
VisualCogA_Task-2.mat,A,Task-2,R,40,0.3515625,-6.1770533,-16.460954,3.3318698
VisualCogA_Task-2.mat,A,Task-2,R,40,0.35546875,-6.4162954,-16.65574,3.2481515
VisualCogA_Task-2.mat,A,Task-2,R,40,0.359375,-6.6778723,-16.730985,3.0691477
VisualCogA_Task-2.mat,A,Task-2,R,40,0.36328125,-6.9900002,-16.990038,2.7715764
VisualCogA_Task-2.mat,A,Task-2,R,40,0.3671875,-7.3250622,-17.566838,2.2311405
VisualCogA_Task-2.mat,A,Task-2,R,40,0.37109375,-7.6583726,-18.073128,1.8659349
VisualCogA_Task-2.mat,A,Task-2,R,40,0.375,-7.9899266,-18.604774,1.6730851
VisualCogA_Task-2.mat,A,Task-2,R,40,0.37890625,-8.3232061,-18.95188,1.3856437
VisualCogA_Task-2.mat,A,Task-2,R,40,0.3828125,-8.6828608,-19.367705,1.0606913
VisualCogA_Task-2.mat,A,Task-2,R,40,0.38671875,-9.0378603,-19.777925,0.82359945
VisualCogA_Task-2.mat,A,Task-2,R,40,0.390625,-9.3652408,-20.302074,0.61280838
VisualCogA_Task-2.mat,A,Task-2,R,40,0.39453125,-9.6517458,-20.834246,0.43736514
VisualCogA_Task-2.mat,A,Task-2,R,40,0.3984375,-9.9038636,-21.228986,0.30026329
VisualCogA_Task-2.mat,A,Task-2,R,40,0.40234375,-10.107229,-21.512101,0.24457963
VisualCogA_Task-2.mat,A,Task-2,R,40,0.40625,-10.290141,-21.78876,0.19977388
VisualCogA_Task-2.mat,A,Task-2,R,40,0.41015625,-10.424128,-22.078633,0.03487916
VisualCogA_Task-2.mat,A,Task-2,R,40,0.4140625,-10.516636,-22.26175,0.017381233
VisualCogA_Task-2.mat,A,Task-2,R,40,0.41796875,-10.590978,-22.46475,0.1182083
VisualCogA_Task-2.mat,A,Task-2,R,40,0.421875,-10.677378,-22.784521,-0.072703362
VisualCogA_Task-2.mat,A,Task-2,R,40,0.42578125,-10.763174,-22.924789,-0.066257095
VisualCogA_Task-2.mat,A,Task-2,R,40,0.4296875,-10.872896,-23.072424,-0.12070456
VisualCogA_Task-2.mat,A,Task-2,R,40,0.43359375,-11.054166,-23.335776,-0.017512321
VisualCogA_Task-2.mat,A,Task-2,R,40,0.4375,-11.261743,-23.653312,0.17215223
VisualCogA_Task-2.mat,A,Task-2,R,40,0.44140625,-11.484514,-24.014985,0.22841005
VisualCogA_Task-2.mat,A,Task-2,R,40,0.4453125,-11.712536,-24.35464,0.16167803
VisualCogA_Task-2.mat,A,Task-2,R,40,0.44921875,-11.932805,-24.661085,-0.17998652
VisualCogA_Task-2.mat,A,Task-2,R,40,0.453125,-12.114219,-24.961024,-0.53861928
VisualCogA_Task-2.mat,A,Task-2,R,40,0.45703125,-12.299637,-25.020434,-0.78333769
VisualCogA_Task-2.mat,A,Task-2,R,40,0.4609375,-12.503956,-25.268289,-1.0437831
VisualCogA_Task-2.mat,A,Task-2,R,40,0.46484375,-12.708061,-25.67549,-1.4227047
VisualCogA_Task-2.mat,A,Task-2,R,40,0.46875,-12.918927,-25.850123,-1.8200423
VisualCogA_Task-2.mat,A,Task-2,R,40,0.47265625,-13.145502,-26.232054,-2.218309
VisualCogA_Task-2.mat,A,Task-2,R,40,0.4765625,-13.392875,-26.803143,-2.6313631
VisualCogA_Task-2.mat,A,Task-2,R,40,0.48046875,-13.652394,-27.301803,-3.0374206
VisualCogA_Task-2.mat,A,Task-2,R,40,0.484375,-13.907338,-27.823649,-3.364884
VisualCogA_Task-2.mat,A,Task-2,R,40,0.48828125,-14.162012,-28.162037,-3.5922164
VisualCogA_Task-2.mat,A,Task-2,R,40,0.4921875,-14.414088,-28.521077,-3.7095299
VisualCogA_Task-2.mat,A,Task-2,R,40,0.49609375,-14.637039,-28.962777,-3.8246475
VisualCogA_Task-2.mat,A,Task-2,R,40,0.5,-14.854778,-29.295265,-4.0870161
VisualCogA_Task-2.mat,A,Task-2,R,40,0.50390625,-15.06982,-29.500331,-4.425216
VisualCogA_Task-2.mat,A,Task-2,R,40,0.5078125,-15.224237,-29.594352,-4.61355
VisualCogA_Task-2.mat,A,Task-2,R,40,0.51171875,-15.355019,-29.651618,-4.8996375
VisualCogA_Task-2.mat,A,Task-2,R,40,0.515625,-15.466401,-29.801847,-5.0559202
VisualCogA_Task-2.mat,A,Task-2,R,40,0.51953125,-15.555476,-29.715453,-4.9053409
VisualCogA_Task-2.mat,A,Task-2,R,40,0.5234375,-15.556797,-29.426249,-4.5434038
VisualCogA_Task-2.mat,A,Task-2,R,40,0.52734375,-15.441965,-29.313575,-4.2684526
VisualCogA_Task-2.mat,A,Task-2,R,40,0.53125,-15.252167,-29.134186,-3.9550027
VisualCogA_Task-2.mat,A,Task-2,R,40,0.53515625,-14.993361,-28.66899,-3.3919699
VisualCogA_Task-2.mat,A,Task-2,R,40,0.5390625,-14.646644,-28.295832,-2.8794685
VisualCogA_Task-2.mat,A,Task-2,R,40,0.54296875,-14.20378,-27.809126,-2.5210392
VisualCogA_Task-2.mat,A,Task-2,R,40,0.546875,-13.692535,-27.207621,-2.1533131
VisualCogA_Task-2.mat,A,Task-2,R,40,0.55078125,-13.13412,-26.469961,-1.5551779
VisualCogA_Task-2.mat,A,Task-2,R,40,0.5546875,-12.498115,-25.539098,-0.75328546
VisualCogA_Task-2.mat,A,Task-2,R,40,0.55859375,-11.776946,-25.072493,0.14919811
VisualCogA_Task-2.mat,A,Task-2,R,40,0.5625,-10.998589,-24.603529,1.2528561
VisualCogA_Task-2.mat,A,Task-2,R,40,0.56640625,-10.142267,-23.744391,2.1529852
VisualCogA_Task-2.mat,A,Task-2,R,40,0.5703125,-9.2043182,-22.867012,3.1125588
VisualCogA_Task-2.mat,A,Task-2,R,40,0.57421875,-8.2515816,-22.05924,4.4235537
VisualCogA_Task-2.mat,A,Task-2,R,40,0.578125,-7.2927059,-21.278435,5.806509
VisualCogA_Task-2.mat,A,Task-2,R,40,0.58203125,-6.3248189,-20.427084,6.9758563
VisualCogA_Task-2.mat,A,Task-2,R,40,0.5859375,-5.3346692,-19.227892,8.2548228
VisualCogA_Task-2.mat,A,Task-2,R,40,0.58984375,-4.3441569,-18.214099,9.7192781
VisualCogA_Task-2.mat,A,Task-2,R,40,0.59375,-3.3418986,-17.281947,11.125518
VisualCogA_Task-2.mat,A,Task-2,R,40,0.59765625,-2.3767178,-16.373534,12.121568
VisualCogA_Task-2.mat,A,Task-2,R,40,0.6015625,-1.3830745,-15.365661,13.041556
VisualCogA_Task-2.mat,A,Task-2,R,40,0.60546875,-0.37441472,-14.193913,14.291197
VisualCogA_Task-2.mat,A,Task-2,R,40,0.609375,0.61005716,-13.099518,15.283575
VisualCogA_Task-2.mat,A,Task-2,R,40,0.61328125,1.5625487,-12.142051,16.290664
VisualCogA_Task-2.mat,A,Task-2,R,40,0.6171875,2.4471903,-11.365164,17.286198
VisualCogA_Task-2.mat,A,Task-2,R,40,0.62109375,3.2910652,-10.496026,18.262225
VisualCogA_Task-2.mat,A,Task-2,R,40,0.625,4.1313391,-9.4466356,19.235568
VisualCogA_Task-2.mat,A,Task-2,R,40,0.62890625,4.9079375,-8.4909632,19.841892
VisualCogA_Task-2.mat,A,Task-2,R,40,0.6328125,5.7024429,-7.6754946,20.488123
VisualCogA_Task-2.mat,A,Task-2,R,40,0.63671875,6.5320145,-6.5689445,21.6784
VisualCogA_Task-2.mat,A,Task-2,R,40,0.640625,7.4389893,-5.8123222,22.55064
VisualCogA_Task-2.mat,A,Task-2,R,40,0.64453125,8.3752618,-5.031414,23.234504
VisualCogA_Task-2.mat,A,Task-2,R,40,0.6484375,9.3316566,-4.1949862,23.657788
VisualCogA_Task-2.mat,A,Task-2,R,40,0.65234375,10.306101,-3.4778061,24.371181
VisualCogA_Task-2.mat,A,Task-2,R,40,0.65625,11.288343,-2.6542568,25.206466
VisualCogA_Task-2.mat,A,Task-2,R,40,0.66015625,12.281846,-1.6180984,26.141516
VisualCogA_Task-2.mat,A,Task-2,R,40,0.6640625,13.277932,-0.79633589,26.919455
VisualCogA_Task-2.mat,A,Task-2,R,40,0.66796875,14.275482,0.18004732,27.713856
VisualCogA_Task-2.mat,A,Task-2,R,40,0.671875,15.274133,1.1502703,28.260382
VisualCogA_Task-2.mat,A,Task-2,R,40,0.67578125,16.266331,2.2773323,29.084981
VisualCogA_Task-2.mat,A,Task-2,R,40,0.6796875,17.217367,3.2048306,30.199971
VisualCogA_Task-2.mat,A,Task-2,R,40,0.68359375,18.143809,3.9660793,31.269976
VisualCogA_Task-2.mat,A,Task-2,R,40,0.6875,19.029186,4.7502211,32.218577
VisualCogA_Task-2.mat,A,Task-2,R,40,0.69140625,19.800546,5.6113834,32.799248
VisualCogA_Task-2.mat,A,Task-2,R,40,0.6953125,20.446667,6.3834846,33.628817
VisualCogA_Task-2.mat,A,Task-2,R,40,0.69921875,21.050138,6.8918961,34.315008
VisualCogA_Task-2.mat,A,Task-2,R,40,0.703125,21.561471,7.4678255,35.052943
VisualCogA_Task-2.mat,A,Task-2,R,40,0.70703125,21.987346,7.8362951,35.661009
VisualCogA_Task-2.mat,A,Task-2,R,40,0.7109375,22.342593,7.8666634,36.107915
VisualCogA_Task-2.mat,A,Task-2,R,40,0.71484375,22.612558,7.6363558,36.43078
VisualCogA_Task-2.mat,A,Task-2,R,40,0.71875,22.90149,7.7138125,36.676463
VisualCogA_Task-2.mat,A,Task-2,R,40,0.72265625,23.156827,7.6936666,37.090452
VisualCogA_Task-2.mat,A,Task-2,R,40,0.7265625,23.380273,7.8143692,37.609076
VisualCogA_Task-2.mat,A,Task-2,R,40,0.73046875,23.631326,8.2204921,38.115327
VisualCogA_Task-2.mat,A,Task-2,R,40,0.734375,23.945265,8.4372672,38.643195
VisualCogA_Task-2.mat,A,Task-2,R,40,0.73828125,24.30568,8.6678175,39.265293
VisualCogA_Task-2.mat,A,Task-2,R,40,0.7421875,24.764312,9.0105782,39.640347
VisualCogA_Task-2.mat,A,Task-2,R,40,0.74609375,25.334,9.4033281,40.43999
VisualCogA_Task-2.mat,A,Task-2,R,40,0.75,25.965059,9.9310347,40.689836
VisualCogA_Task-2.mat,A,Task-2,R,40,0.75390625,26.605071,10.487692,41.569009
VisualCogA_Task-2.mat,A,Task-2,R,40,0.7578125,27.246799,10.785778,42.550998
VisualCogA_Task-2.mat,A,Task-2,R,40,0.76171875,27.902808,11.293582,43.545832
VisualCogA_Task-2.mat,A,Task-2,R,40,0.765625,28.579552,11.582703,44.07104
VisualCogA_Task-2.mat,A,Task-2,R,40,0.76953125,29.245805,11.828315,45.009227
VisualCogA_Task-2.mat,A,Task-2,R,40,0.7734375,29.918683,12.273786,45.592949
VisualCogA_Task-2.mat,A,Task-2,R,40,0.77734375,30.622344,12.58015,46.293682
VisualCogA_Task-2.mat,A,Task-2,R,40,0.78125,31.299652,13.014124,47.423107
VisualCogA_Task-2.mat,A,Task-2,R,40,0.78515625,31.930918,13.522349,48.640019
VisualCogA_Task-2.mat,A,Task-2,R,40,0.7890625,32.506555,14.12161,49.691811
VisualCogA_Task-2.mat,A,Task-2,R,40,0.79296875,33.032247,14.649072,50.016445
VisualCogA_Task-2.mat,A,Task-2,R,40,0.796875,33.496192,14.954478,50.956921
VisualCogA_Task-2.mat,A,Task-2,R,40,0.80078125,33.877042,15.200432,51.694876
VisualCogA_Task-2.mat,A,Task-2,R,40,0.8046875,34.14541,15.393271,52.132749
VisualCogA_Task-2.mat,A,Task-2,R,40,0.80859375,34.268809,15.643276,52.57632
VisualCogA_Task-2.mat,A,Task-2,R,40,0.8125,34.268375,15.544058,52.883907
VisualCogA_Task-2.mat,A,Task-2,R,40,0.81640625,34.179243,15.54575,52.916944
VisualCogA_Task-2.mat,A,Task-2,R,40,0.8203125,33.960424,15.390399,52.800871
VisualCogA_Task-2.mat,A,Task-2,R,40,0.82421875,33.668409,14.843399,52.450607
VisualCogA_Task-2.mat,A,Task-2,R,40,0.828125,33.298789,14.242526,52.339782
VisualCogA_Task-2.mat,A,Task-2,R,40,0.83203125,32.864621,13.70303,51.97815
VisualCogA_Task-2.mat,A,Task-2,R,40,0.8359375,32.388532,13.405265,51.380134
VisualCogA_Task-2.mat,A,Task-2,R,40,0.83984375,31.857218,13.145875,50.596051
VisualCogA_Task-2.mat,A,Task-2,R,40,0.84375,31.282787,12.775996,49.719875
VisualCogA_Task-2.mat,A,Task-2,R,40,0.84765625,30.725074,12.341758,49.018425
VisualCogA_Task-2.mat,A,Task-2,R,40,0.8515625,30.181321,11.694203,48.490846
VisualCogA_Task-2.mat,A,Task-2,R,40,0.85546875,29.641936,11.043662,47.67005
VisualCogA_Task-2.mat,A,Task-2,R,40,0.859375,29.146049,10.404962,47.093131
VisualCogA_Task-2.mat,A,Task-2,R,40,0.86328125,28.642303,9.7184855,46.546024
VisualCogA_Task-2.mat,A,Task-2,R,40,0.8671875,28.101648,9.1359369,45.942547
VisualCogA_Task-2.mat,A,Task-2,R,40,0.87109375,27.586439,8.6296121,45.521106
VisualCogA_Task-2.mat,A,Task-2,R,40,0.875,27.149646,8.0013823,45.000347
VisualCogA_Task-2.mat,A,Task-2,R,40,0.87890625,26.791617,7.6333148,44.616004
VisualCogA_Task-2.mat,A,Task-2,R,40,0.8828125,26.498958,7.3236204,44.341287
VisualCogA_Task-2.mat,A,Task-2,R,40,0.88671875,26.257357,7.1890528,43.930147
VisualCogA_Task-2.mat,A,Task-2,R,40,0.890625,26.057698,7.1322667,43.423605
VisualCogA_Task-2.mat,A,Task-2,R,40,0.89453125,25.857303,7.0336608,42.975208
VisualCogA_Task-2.mat,A,Task-2,R,40,0.8984375,25.659287,7.1452491,42.782245
VisualCogA_Task-2.mat,A,Task-2,R,40,0.90234375,25.441612,6.8974504,42.5652
VisualCogA_Task-2.mat,A,Task-2,R,40,0.90625,25.204391,6.6907779,42.271688
VisualCogA_Task-2.mat,A,Task-2,R,40,0.91015625,24.954827,6.4933899,42.04829
VisualCogA_Task-2.mat,A,Task-2,R,40,0.9140625,24.673053,6.5175165,41.622797
VisualCogA_Task-2.mat,A,Task-2,R,40,0.91796875,24.385123,6.0108535,41.065449
VisualCogA_Task-2.mat,A,Task-2,R,40,0.921875,24.100653,5.7787926,40.461376
VisualCogA_Task-2.mat,A,Task-2,R,40,0.92578125,23.800565,5.7160728,39.929119
VisualCogA_Task-2.mat,A,Task-2,R,40,0.9296875,23.466562,5.3618668,39.414602
VisualCogA_Task-2.mat,A,Task-2,R,40,0.93359375,23.076846,4.8566022,38.925548
VisualCogA_Task-2.mat,A,Task-2,R,40,0.9375,22.629734,4.3921985,38.288703
VisualCogA_Task-2.mat,A,Task-2,R,40,0.94140625,22.045225,4.0057843,37.673311
VisualCogA_Task-2.mat,A,Task-2,R,40,0.9453125,21.425869,3.966681,37.037252
VisualCogA_Task-2.mat,A,Task-2,R,40,0.94921875,20.77537,3.6970057,36.544828
VisualCogA_Task-2.mat,A,Task-2,R,40,0.953125,20.097438,2.7422252,36.174938
VisualCogA_Task-2.mat,A,Task-2,R,40,0.95703125,19.395776,1.7945777,35.668961
VisualCogA_Task-2.mat,A,Task-2,R,40,0.9609375,18.674094,1.3577662,34.913032
VisualCogA_Task-2.mat,A,Task-2,R,40,0.96484375,17.936096,1.210584,34.104571
VisualCogA_Task-2.mat,A,Task-2,R,40,0.96875,17.18549,0.73438354,33.130905
VisualCogA_Task-2.mat,A,Task-2,R,40,0.97265625,16.425983,-0.068606472,32.130944
VisualCogA_Task-2.mat,A,Task-2,R,40,0.9765625,15.661281,-0.52893686,31.025857
VisualCogA_Task-2.mat,A,Task-2,R,40,0.98046875,14.89509,-1.2192864,29.94814
VisualCogA_Task-2.mat,A,Task-2,R,40,0.984375,14.131118,-1.6514006,28.725065
VisualCogA_Task-2.mat,A,Task-2,R,40,0.98828125,13.373071,-2.1210988,28.005607
VisualCogA_Task-2.mat,A,Task-2,R,40,0.9921875,12.624655,-3.0700745,26.892822
VisualCogA_Task-2.mat,A,Task-2,R,40,0.99609375,11.889578,-3.1682613,26.749815
VisualCogB_Task-1.mat,B,Task-1,L,43,-0.5,-1.6505388,-9.4936998,6.3964049
VisualCogB_Task-1.mat,B,Task-1,L,43,-0.49609375,-1.9206395,-9.0618024,5.680345
VisualCogB_Task-1.mat,B,Task-1,L,43,-0.4921875,-2.1948388,-8.8065004,5.1907131
VisualCogB_Task-1.mat,B,Task-1,L,43,-0.48828125,-2.4714228,-8.8523687,4.8064209
VisualCogB_Task-1.mat,B,Task-1,L,43,-0.484375,-2.7486779,-8.8480072,4.3481569
VisualCogB_Task-1.mat,B,Task-1,L,43,-0.48046875,-3.0248903,-8.9966449,4.1284276
VisualCogB_Task-1.mat,B,Task-1,L,43,-0.4765625,-3.2983463,-9.1232673,3.7875506
VisualCogB_Task-1.mat,B,Task-1,L,43,-0.47265625,-3.5673323,-9.625762,3.4118247
VisualCogB_Task-1.mat,B,Task-1,L,43,-0.46875,-3.8301345,-9.9522139,2.9203406
VisualCogB_Task-1.mat,B,Task-1,L,43,-0.46484375,-4.0850392,-10.215455,2.5922514
VisualCogB_Task-1.mat,B,Task-1,L,43,-0.4609375,-4.3303327,-10.41694,2.6165693
VisualCogB_Task-1.mat,B,Task-1,L,43,-0.45703125,-4.5643014,-10.654628,2.6511792
VisualCogB_Task-1.mat,B,Task-1,L,43,-0.453125,-4.7852314,-10.91301,2.5205028
VisualCogB_Task-1.mat,B,Task-1,L,43,-0.44921875,-4.9914092,-11.110169,2.5107565
VisualCogB_Task-1.mat,B,Task-1,L,43,-0.4453125,-5.1811209,-11.187365,2.5706182
VisualCogB_Task-1.mat,B,Task-1,L,43,-0.44140625,-5.3526529,-11.34157,2.5259104
VisualCogB_Task-1.mat,B,Task-1,L,43,-0.4375,-5.5114576,-11.449958,2.1173766
VisualCogB_Task-1.mat,B,Task-1,L,43,-0.43359375,-5.5993609,-11.552842,1.5990732
VisualCogB_Task-1.mat,B,Task-1,L,43,-0.4296875,-5.6197258,-11.520214,1.365823
VisualCogB_Task-1.mat,B,Task-1,L,43,-0.42578125,-5.5963404,-11.534359,1.3451625
VisualCogB_Task-1.mat,B,Task-1,L,43,-0.421875,-5.5775881,-11.471162,1.4030092
VisualCogB_Task-1.mat,B,Task-1,L,43,-0.41796875,-5.5861548,-11.448976,1.3356879
VisualCogB_Task-1.mat,B,Task-1,L,43,-0.4140625,-5.6443845,-11.381301,1.1185742
VisualCogB_Task-1.mat,B,Task-1,L,43,-0.41015625,-5.7250034,-11.301857,0.86520973
VisualCogB_Task-1.mat,B,Task-1,L,43,-0.40625,-5.7973037,-11.375699,0.59994558
VisualCogB_Task-1.mat,B,Task-1,L,43,-0.40234375,-5.8311212,-11.409728,0.37227363
VisualCogB_Task-1.mat,B,Task-1,L,43,-0.3984375,-5.810517,-11.292331,0.24089894
VisualCogB_Task-1.mat,B,Task-1,L,43,-0.39453125,-5.7356186,-11.198186,0.052036425
VisualCogB_Task-1.mat,B,Task-1,L,43,-0.390625,-5.6134954,-11.048752,-0.03201198
VisualCogB_Task-1.mat,B,Task-1,L,43,-0.38671875,-5.4496852,-10.860774,-0.013069618
VisualCogB_Task-1.mat,B,Task-1,L,43,-0.3828125,-5.2606091,-10.668058,0.14528883
VisualCogB_Task-1.mat,B,Task-1,L,43,-0.37890625,-5.04279,-10.24355,0.28035435
VisualCogB_Task-1.mat,B,Task-1,L,43,-0.375,-4.8689125,-10.157855,0.31681954
VisualCogB_Task-1.mat,B,Task-1,L,43,-0.37109375,-4.7580129,-10.149509,0.38468302
VisualCogB_Task-1.mat,B,Task-1,L,43,-0.3671875,-4.691293,-10.048154,0.60892226
VisualCogB_Task-1.mat,B,Task-1,L,43,-0.36328125,-4.6436906,-9.9752358,0.80969306
VisualCogB_Task-1.mat,B,Task-1,L,43,-0.359375,-4.5975797,-9.873822,1.0348998
VisualCogB_Task-1.mat,B,Task-1,L,43,-0.35546875,-4.5526262,-9.7643429,1.1593254
VisualCogB_Task-1.mat,B,Task-1,L,43,-0.3515625,-4.4867867,-9.6555451,1.3453357
VisualCogB_Task-1.mat,B,Task-1,L,43,-0.34765625,-4.4101461,-9.723412,1.496768
VisualCogB_Task-1.mat,B,Task-1,L,43,-0.34375,-4.3141879,-9.6926858,1.5676903
VisualCogB_Task-1.mat,B,Task-1,L,43,-0.33984375,-4.2153636,-9.5169922,1.5569534
VisualCogB_Task-1.mat,B,Task-1,L,43,-0.3359375,-4.1249221,-9.5687135,1.657657
VisualCogB_Task-1.mat,B,Task-1,L,43,-0.33203125,-4.030748,-9.2534608,1.8543578
VisualCogB_Task-1.mat,B,Task-1,L,43,-0.328125,-3.945267,-9.1948069,1.9245236
VisualCogB_Task-1.mat,B,Task-1,L,43,-0.32421875,-3.8327011,-9.1700406,1.9448176
VisualCogB_Task-1.mat,B,Task-1,L,43,-0.3203125,-3.7108402,-9.0669682,1.9461854
VisualCogB_Task-1.mat,B,Task-1,L,43,-0.31640625,-3.5932886,-8.963656,1.9223698
VisualCogB_Task-1.mat,B,Task-1,L,43,-0.3125,-3.4879508,-8.8485823,1.9085095
VisualCogB_Task-1.mat,B,Task-1,L,43,-0.30859375,-3.4244623,-8.8832554,1.8231814
VisualCogB_Task-1.mat,B,Task-1,L,43,-0.3046875,-3.3851542,-8.8522248,1.7293913
VisualCogB_Task-1.mat,B,Task-1,L,43,-0.30078125,-3.3588214,-8.6933114,1.6431314
VisualCogB_Task-1.mat,B,Task-1,L,43,-0.296875,-3.3299451,-8.5357379,1.6152028
VisualCogB_Task-1.mat,B,Task-1,L,43,-0.29296875,-3.2991743,-8.4845854,1.6537408
VisualCogB_Task-1.mat,B,Task-1,L,43,-0.2890625,-3.2746299,-8.3423148,1.7259222
VisualCogB_Task-1.mat,B,Task-1,L,43,-0.28515625,-3.2874777,-8.2735063,1.6208468
VisualCogB_Task-1.mat,B,Task-1,L,43,-0.28125,-3.3154814,-8.2269019,1.4792189
VisualCogB_Task-1.mat,B,Task-1,L,43,-0.27734375,-3.3431515,-8.2465193,1.3073299
VisualCogB_Task-1.mat,B,Task-1,L,43,-0.2734375,-3.3741075,-8.2770561,1.1812562
VisualCogB_Task-1.mat,B,Task-1,L,43,-0.26953125,-3.4199028,-8.2639649,1.1447255
VisualCogB_Task-1.mat,B,Task-1,L,43,-0.265625,-3.4670815,-8.1394576,1.2597479
VisualCogB_Task-1.mat,B,Task-1,L,43,-0.26171875,-3.5281725,-8.037334,1.1119095
VisualCogB_Task-1.mat,B,Task-1,L,43,-0.2578125,-3.6213347,-8.0787912,1.0796485
VisualCogB_Task-1.mat,B,Task-1,L,43,-0.25390625,-3.7191621,-8.1374665,0.98217011
VisualCogB_Task-1.mat,B,Task-1,L,43,-0.25,-3.8025371,-8.2131987,1.0400071
VisualCogB_Task-1.mat,B,Task-1,L,43,-0.24609375,-3.860334,-8.3160631,1.0818103
VisualCogB_Task-1.mat,B,Task-1,L,43,-0.2421875,-3.9032443,-8.3424997,1.0393216
VisualCogB_Task-1.mat,B,Task-1,L,43,-0.23828125,-3.9544835,-8.3531964,0.95053433
VisualCogB_Task-1.mat,B,Task-1,L,43,-0.234375,-4.0003088,-8.2464867,0.93086707
VisualCogB_Task-1.mat,B,Task-1,L,43,-0.23046875,-4.0299011,-8.0971742,0.85259183
VisualCogB_Task-1.mat,B,Task-1,L,43,-0.2265625,-4.0419952,-7.9300213,0.68712132
VisualCogB_Task-1.mat,B,Task-1,L,43,-0.22265625,-4.0428945,-7.7883626,0.55122362
VisualCogB_Task-1.mat,B,Task-1,L,43,-0.21875,-3.9876154,-7.6025548,0.48659872
VisualCogB_Task-1.mat,B,Task-1,L,43,-0.21484375,-3.8629344,-7.283173,0.46420452
VisualCogB_Task-1.mat,B,Task-1,L,43,-0.2109375,-3.6545377,-7.0888646,0.48749442
VisualCogB_Task-1.mat,B,Task-1,L,43,-0.20703125,-3.3631518,-6.7103291,0.68637167
VisualCogB_Task-1.mat,B,Task-1,L,43,-0.203125,-3.05848,-6.3125686,0.81621081
VisualCogB_Task-1.mat,B,Task-1,L,43,-0.19921875,-2.7640925,-6.0484589,1.0348674
VisualCogB_Task-1.mat,B,Task-1,L,43,-0.1953125,-2.4711423,-5.5875909,1.1819067
VisualCogB_Task-1.mat,B,Task-1,L,43,-0.19140625,-2.197238,-5.2776024,1.4094034
VisualCogB_Task-1.mat,B,Task-1,L,43,-0.1875,-1.9164566,-4.9689631,1.6085037
VisualCogB_Task-1.mat,B,Task-1,L,43,-0.18359375,-1.6476816,-4.6871474,1.772774
VisualCogB_Task-1.mat,B,Task-1,L,43,-0.1796875,-1.4142113,-4.333799,1.8853324
VisualCogB_Task-1.mat,B,Task-1,L,43,-0.17578125,-1.2339109,-4.1628325,2.0786151
VisualCogB_Task-1.mat,B,Task-1,L,43,-0.171875,-1.0836158,-4.0493701,2.2500117
VisualCogB_Task-1.mat,B,Task-1,L,43,-0.16796875,-0.94648846,-3.8719249,2.2918654
VisualCogB_Task-1.mat,B,Task-1,L,43,-0.1640625,-0.79151372,-3.5786069,2.3411748
VisualCogB_Task-1.mat,B,Task-1,L,43,-0.16015625,-0.62872129,-3.2751867,2.309081
VisualCogB_Task-1.mat,B,Task-1,L,43,-0.15625,-0.49887835,-3.0203797,2.3672819
VisualCogB_Task-1.mat,B,Task-1,L,43,-0.15234375,-0.40928039,-2.9613138,2.2748601
VisualCogB_Task-1.mat,B,Task-1,L,43,-0.1484375,-0.35279844,-2.9174079,2.0998704
VisualCogB_Task-1.mat,B,Task-1,L,43,-0.14453125,-0.33272986,-2.819494,2.1135416
VisualCogB_Task-1.mat,B,Task-1,L,43,-0.140625,-0.36647345,-2.7625969,1.8997895
VisualCogB_Task-1.mat,B,Task-1,L,43,-0.13671875,-0.44375683,-2.6754587,1.7221978
VisualCogB_Task-1.mat,B,Task-1,L,43,-0.1328125,-0.56340546,-2.715683,1.5928031
VisualCogB_Task-1.mat,B,Task-1,L,43,-0.12890625,-0.70533884,-2.8410233,1.3399066
VisualCogB_Task-1.mat,B,Task-1,L,43,-0.125,-0.86383592,-3.0236004,1.0109938
VisualCogB_Task-1.mat,B,Task-1,L,43,-0.12109375,-1.0239105,-3.0941791,0.71671541
VisualCogB_Task-1.mat,B,Task-1,L,43,-0.1171875,-1.1664093,-3.1569221,0.55037413
VisualCogB_Task-1.mat,B,Task-1,L,43,-0.11328125,-1.2838841,-3.1603152,0.39817416
VisualCogB_Task-1.mat,B,Task-1,L,43,-0.109375,-1.3487313,-3.258698,0.30845805
VisualCogB_Task-1.mat,B,Task-1,L,43,-0.10546875,-1.3116008,-3.0765015,0.26717905
VisualCogB_Task-1.mat,B,Task-1,L,43,-0.1015625,-1.1711212,-2.9120468,0.37021333
VisualCogB_Task-1.mat,B,Task-1,L,43,-0.09765625,-0.97907739,-2.5715514,0.4554417
VisualCogB_Task-1.mat,B,Task-1,L,43,-0.09375,-0.78803747,-2.3882831,0.65056273
VisualCogB_Task-1.mat,B,Task-1,L,43,-0.08984375,-0.61318491,-2.2801052,1.0140812
VisualCogB_Task-1.mat,B,Task-1,L,43,-0.0859375,-0.47056279,-2.2344533,1.2437663
VisualCogB_Task-1.mat,B,Task-1,L,43,-0.08203125,-0.33264452,-2.2081667,1.5254841
VisualCogB_Task-1.mat,B,Task-1,L,43,-0.078125,-0.18244583,-2.1263067,1.771798
VisualCogB_Task-1.mat,B,Task-1,L,43,-0.07421875,-0.024070353,-2.0543014,1.9595586
VisualCogB_Task-1.mat,B,Task-1,L,43,-0.0703125,0.14871328,-2.0013313,2.1135864
VisualCogB_Task-1.mat,B,Task-1,L,43,-0.06640625,0.32701714,-1.8563289,2.4011384
VisualCogB_Task-1.mat,B,Task-1,L,43,-0.0625,0.51479549,-1.6620418,2.61368
VisualCogB_Task-1.mat,B,Task-1,L,43,-0.05859375,0.72377275,-1.4995744,2.9035235
VisualCogB_Task-1.mat,B,Task-1,L,43,-0.0546875,0.939301,-1.3971221,3.2642826
VisualCogB_Task-1.mat,B,Task-1,L,43,-0.05078125,1.1350216,-1.2714247,3.5057134
VisualCogB_Task-1.mat,B,Task-1,L,43,-0.046875,1.2781259,-1.2414891,3.751324
VisualCogB_Task-1.mat,B,Task-1,L,43,-0.04296875,1.3556288,-1.2259343,4.0077717
VisualCogB_Task-1.mat,B,Task-1,L,43,-0.0390625,1.3436135,-1.3093228,4.1224984
VisualCogB_Task-1.mat,B,Task-1,L,43,-0.03515625,1.281798,-1.5473898,4.2294658
VisualCogB_Task-1.mat,B,Task-1,L,43,-0.03125,1.1940839,-1.736655,4.2716239
VisualCogB_Task-1.mat,B,Task-1,L,43,-0.02734375,1.0943746,-1.9786283,4.3708801
VisualCogB_Task-1.mat,B,Task-1,L,43,-0.0234375,1.006962,-2.2961626,4.4062093
VisualCogB_Task-1.mat,B,Task-1,L,43,-0.01953125,0.91420638,-2.56487,4.4192862
VisualCogB_Task-1.mat,B,Task-1,L,43,-0.015625,0.82029315,-2.8684951,4.3141883
VisualCogB_Task-1.mat,B,Task-1,L,43,-0.01171875,0.73382594,-3.091315,4.4256969
VisualCogB_Task-1.mat,B,Task-1,L,43,-0.0078125,0.67002249,-3.1968768,4.5544998
VisualCogB_Task-1.mat,B,Task-1,L,43,-0.00390625,0.58703659,-3.3091639,4.7453287
VisualCogB_Task-1.mat,B,Task-1,L,43,0,0.52039087,-3.4873541,4.8918429
VisualCogB_Task-1.mat,B,Task-1,L,43,0.00390625,0.48164913,-3.7279538,5.0224463
VisualCogB_Task-1.mat,B,Task-1,L,43,0.0078125,0.5019963,-3.8647225,5.1939042
VisualCogB_Task-1.mat,B,Task-1,L,43,0.01171875,0.5867526,-3.8160393,5.2909228
VisualCogB_Task-1.mat,B,Task-1,L,43,0.015625,0.66497765,-3.7782884,5.4708233
VisualCogB_Task-1.mat,B,Task-1,L,43,0.01953125,0.72846892,-3.8172094,5.6289412
VisualCogB_Task-1.mat,B,Task-1,L,43,0.0234375,0.78155667,-3.7275793,5.7656198
VisualCogB_Task-1.mat,B,Task-1,L,43,0.02734375,0.85966803,-3.6996692,5.8369133
VisualCogB_Task-1.mat,B,Task-1,L,43,0.03125,0.96648179,-3.6249836,5.9109027
VisualCogB_Task-1.mat,B,Task-1,L,43,0.03515625,1.0751173,-3.5874392,6.0898319
VisualCogB_Task-1.mat,B,Task-1,L,43,0.0390625,1.1753921,-3.6118501,6.2786353
VisualCogB_Task-1.mat,B,Task-1,L,43,0.04296875,1.2904358,-3.5858922,6.4224115
VisualCogB_Task-1.mat,B,Task-1,L,43,0.046875,1.3883919,-3.7207974,6.433414
VisualCogB_Task-1.mat,B,Task-1,L,43,0.05078125,1.4404486,-3.826576,6.4105021
VisualCogB_Task-1.mat,B,Task-1,L,43,0.0546875,1.4627394,-3.8094355,6.4480985
VisualCogB_Task-1.mat,B,Task-1,L,43,0.05859375,1.4147004,-3.8312613,6.4327509
VisualCogB_Task-1.mat,B,Task-1,L,43,0.0625,1.3047623,-4.1040444,6.3422359
VisualCogB_Task-1.mat,B,Task-1,L,43,0.06640625,1.1279193,-4.5165563,6.2668398
VisualCogB_Task-1.mat,B,Task-1,L,43,0.0703125,0.90478011,-4.709005,6.2884672
VisualCogB_Task-1.mat,B,Task-1,L,43,0.07421875,0.68476553,-4.7532085,6.2457053
VisualCogB_Task-1.mat,B,Task-1,L,43,0.078125,0.51416217,-5.0570045,6.3137971
VisualCogB_Task-1.mat,B,Task-1,L,43,0.08203125,0.41218302,-5.4866762,6.3331302
VisualCogB_Task-1.mat,B,Task-1,L,43,0.0859375,0.38730448,-5.6999474,6.4373187
VisualCogB_Task-1.mat,B,Task-1,L,43,0.08984375,0.40963406,-5.7466117,6.5784406
VisualCogB_Task-1.mat,B,Task-1,L,43,0.09375,0.47593583,-5.8611712,6.8739646
VisualCogB_Task-1.mat,B,Task-1,L,43,0.09765625,0.52912606,-5.9941944,7.1325938
VisualCogB_Task-1.mat,B,Task-1,L,43,0.1015625,0.57700186,-6.0601328,7.4257105
VisualCogB_Task-1.mat,B,Task-1,L,43,0.10546875,0.61196638,-6.2308246,7.7195117
VisualCogB_Task-1.mat,B,Task-1,L,43,0.109375,0.70973764,-6.2389715,7.9387355
VisualCogB_Task-1.mat,B,Task-1,L,43,0.11328125,0.85193487,-6.1046264,8.0994145
VisualCogB_Task-1.mat,B,Task-1,L,43,0.1171875,1.0238849,-5.9449005,8.4256069
VisualCogB_Task-1.mat,B,Task-1,L,43,0.12109375,1.2246038,-5.9060726,8.7255892
VisualCogB_Task-1.mat,B,Task-1,L,43,0.125,1.4341545,-5.8463825,8.9584105
VisualCogB_Task-1.mat,B,Task-1,L,43,0.12890625,1.714629,-5.7248429,9.1866275
VisualCogB_Task-1.mat,B,Task-1,L,43,0.1328125,1.9109989,-5.6571702,9.386808
VisualCogB_Task-1.mat,B,Task-1,L,43,0.13671875,2.128433,-5.5336817,9.6081483
VisualCogB_Task-1.mat,B,Task-1,L,43,0.140625,2.3040712,-5.2171077,9.9160761
VisualCogB_Task-1.mat,B,Task-1,L,43,0.14453125,2.4335588,-5.1263713,10.094601
VisualCogB_Task-1.mat,B,Task-1,L,43,0.1484375,2.5400117,-5.0123876,10.321203
VisualCogB_Task-1.mat,B,Task-1,L,43,0.15234375,2.6012715,-4.9899655,10.379435
VisualCogB_Task-1.mat,B,Task-1,L,43,0.15625,2.6764929,-4.8391231,10.587849
VisualCogB_Task-1.mat,B,Task-1,L,43,0.16015625,2.7650817,-4.7983161,10.671346
VisualCogB_Task-1.mat,B,Task-1,L,43,0.1640625,2.8332961,-4.6631054,10.840897
VisualCogB_Task-1.mat,B,Task-1,L,43,0.16796875,2.8929104,-4.4943841,10.956996
VisualCogB_Task-1.mat,B,Task-1,L,43,0.171875,2.9997864,-4.6399063,11.259422
VisualCogB_Task-1.mat,B,Task-1,L,43,0.17578125,3.0620324,-4.7692439,11.572661
VisualCogB_Task-1.mat,B,Task-1,L,43,0.1796875,3.166691,-4.940457,11.96521
VisualCogB_Task-1.mat,B,Task-1,L,43,0.18359375,3.2638208,-5.0893498,12.272633
VisualCogB_Task-1.mat,B,Task-1,L,43,0.1875,3.3613306,-5.0836382,12.519845
VisualCogB_Task-1.mat,B,Task-1,L,43,0.19140625,3.4760237,-5.1682768,12.572593
VisualCogB_Task-1.mat,B,Task-1,L,43,0.1953125,3.5924612,-5.2060492,12.812966
VisualCogB_Task-1.mat,B,Task-1,L,43,0.19921875,3.7379627,-5.2923217,13.021322
VisualCogB_Task-1.mat,B,Task-1,L,43,0.203125,3.8964362,-5.4016909,13.34713
VisualCogB_Task-1.mat,B,Task-1,L,43,0.20703125,4.0465738,-5.4334953,13.620639
VisualCogB_Task-1.mat,B,Task-1,L,43,0.2109375,4.208443,-5.5939122,13.914612
VisualCogB_Task-1.mat,B,Task-1,L,43,0.21484375,4.3349911,-5.6531986,14.320657
VisualCogB_Task-1.mat,B,Task-1,L,43,0.21875,4.4726344,-5.6163978,14.629507
VisualCogB_Task-1.mat,B,Task-1,L,43,0.22265625,4.6637735,-5.7107701,15.099081
VisualCogB_Task-1.mat,B,Task-1,L,43,0.2265625,4.9045501,-5.773335,15.405631
VisualCogB_Task-1.mat,B,Task-1,L,43,0.23046875,5.0931466,-5.6885512,15.701061
VisualCogB_Task-1.mat,B,Task-1,L,43,0.234375,5.2726163,-5.5021532,15.858272
VisualCogB_Task-1.mat,B,Task-1,L,43,0.23828125,5.318984,-5.3361997,15.892548
VisualCogB_Task-1.mat,B,Task-1,L,43,0.2421875,5.2538424,-5.4470731,15.880477
VisualCogB_Task-1.mat,B,Task-1,L,43,0.24609375,5.1436887,-5.5552285,15.912207
VisualCogB_Task-1.mat,B,Task-1,L,43,0.25,4.9588827,-5.6681811,15.908315
VisualCogB_Task-1.mat,B,Task-1,L,43,0.25390625,4.8154436,-5.794085,15.788735
VisualCogB_Task-1.mat,B,Task-1,L,43,0.2578125,4.6744826,-6.0155126,15.712882
VisualCogB_Task-1.mat,B,Task-1,L,43,0.26171875,4.5423536,-6.3384185,15.78975
VisualCogB_Task-1.mat,B,Task-1,L,43,0.265625,4.4461795,-6.4867695,15.841135
VisualCogB_Task-1.mat,B,Task-1,L,43,0.26953125,4.3931844,-6.2977597,15.92644
VisualCogB_Task-1.mat,B,Task-1,L,43,0.2734375,4.3769002,-6.1729964,16.063637
VisualCogB_Task-1.mat,B,Task-1,L,43,0.27734375,4.3843323,-6.2526023,16.107837
VisualCogB_Task-1.mat,B,Task-1,L,43,0.28125,4.4157823,-6.446872,16.155489
VisualCogB_Task-1.mat,B,Task-1,L,43,0.28515625,4.429987,-6.5735483,16.242612
VisualCogB_Task-1.mat,B,Task-1,L,43,0.2890625,4.4924136,-6.7929587,16.298086
VisualCogB_Task-1.mat,B,Task-1,L,43,0.29296875,4.5032194,-6.6818318,16.269503
VisualCogB_Task-1.mat,B,Task-1,L,43,0.296875,4.5340086,-6.6763201,16.149289
VisualCogB_Task-1.mat,B,Task-1,L,43,0.30078125,4.4682104,-6.9626767,15.92669
VisualCogB_Task-1.mat,B,Task-1,L,43,0.3046875,4.3395665,-7.4056984,15.600745
VisualCogB_Task-1.mat,B,Task-1,L,43,0.30859375,4.175447,-7.9131705,15.332754
VisualCogB_Task-1.mat,B,Task-1,L,43,0.3125,3.9586206,-8.29986,15.131119
VisualCogB_Task-1.mat,B,Task-1,L,43,0.31640625,3.7179827,-8.5761071,14.993302
VisualCogB_Task-1.mat,B,Task-1,L,43,0.3203125,3.4198432,-8.8275224,14.89865
VisualCogB_Task-1.mat,B,Task-1,L,43,0.32421875,3.0910878,-9.0519577,14.76431
VisualCogB_Task-1.mat,B,Task-1,L,43,0.328125,2.8083345,-9.3162817,14.527856
VisualCogB_Task-1.mat,B,Task-1,L,43,0.33203125,2.5392569,-9.5570079,14.174499
VisualCogB_Task-1.mat,B,Task-1,L,43,0.3359375,2.1756444,-9.8573335,13.912391
VisualCogB_Task-1.mat,B,Task-1,L,43,0.33984375,1.7525403,-10.189055,13.677364
VisualCogB_Task-1.mat,B,Task-1,L,43,0.34375,1.1958334,-10.554964,13.437383
VisualCogB_Task-1.mat,B,Task-1,L,43,0.34765625,0.6121377,-10.990953,13.052441
VisualCogB_Task-1.mat,B,Task-1,L,43,0.3515625,-0.040291262,-11.477429,12.587207
VisualCogB_Task-1.mat,B,Task-1,L,43,0.35546875,-0.7835943,-12.168292,12.310215
VisualCogB_Task-1.mat,B,Task-1,L,43,0.359375,-1.4185632,-12.622383,11.939826
VisualCogB_Task-1.mat,B,Task-1,L,43,0.36328125,-2.012252,-13.144811,11.423771
VisualCogB_Task-1.mat,B,Task-1,L,43,0.3671875,-2.4716364,-13.727877,10.966277
VisualCogB_Task-1.mat,B,Task-1,L,43,0.37109375,-2.893503,-14.34527,11.018069
VisualCogB_Task-1.mat,B,Task-1,L,43,0.375,-3.214872,-14.516167,10.835528
VisualCogB_Task-1.mat,B,Task-1,L,43,0.37890625,-3.4912281,-14.456538,10.38516
VisualCogB_Task-1.mat,B,Task-1,L,43,0.3828125,-3.6075754,-14.415282,10.193707
VisualCogB_Task-1.mat,B,Task-1,L,43,0.38671875,-3.6069703,-14.269729,10.096806
VisualCogB_Task-1.mat,B,Task-1,L,43,0.390625,-3.5303147,-14.077399,10.262072
VisualCogB_Task-1.mat,B,Task-1,L,43,0.39453125,-3.3724188,-13.781179,10.57942
VisualCogB_Task-1.mat,B,Task-1,L,43,0.3984375,-3.1902692,-13.501673,10.927557
VisualCogB_Task-1.mat,B,Task-1,L,43,0.40234375,-2.9689928,-13.234056,11.3205
VisualCogB_Task-1.mat,B,Task-1,L,43,0.40625,-2.670905,-13.059807,11.772365
VisualCogB_Task-1.mat,B,Task-1,L,43,0.41015625,-2.4159175,-12.879862,11.910046
VisualCogB_Task-1.mat,B,Task-1,L,43,0.4140625,-2.2287518,-12.551096,12.013317
VisualCogB_Task-1.mat,B,Task-1,L,43,0.41796875,-2.0543678,-12.29309,12.091285
VisualCogB_Task-1.mat,B,Task-1,L,43,0.421875,-1.8681267,-12.054523,12.373119
VisualCogB_Task-1.mat,B,Task-1,L,43,0.42578125,-1.655325,-11.853352,12.646239
VisualCogB_Task-1.mat,B,Task-1,L,43,0.4296875,-1.4845131,-11.916851,12.894349
VisualCogB_Task-1.mat,B,Task-1,L,43,0.43359375,-1.3085419,-11.862401,13.252384
VisualCogB_Task-1.mat,B,Task-1,L,43,0.4375,-1.1867241,-11.71956,13.4264
VisualCogB_Task-1.mat,B,Task-1,L,43,0.44140625,-1.0191656,-11.755599,13.574054
VisualCogB_Task-1.mat,B,Task-1,L,43,0.4453125,-0.87748853,-11.638787,13.760762
VisualCogB_Task-1.mat,B,Task-1,L,43,0.44921875,-0.8535659,-11.708758,14.023083
VisualCogB_Task-1.mat,B,Task-1,L,43,0.453125,-0.96002768,-11.792922,14.244381
VisualCogB_Task-1.mat,B,Task-1,L,43,0.45703125,-1.0268938,-11.93245,14.517312
VisualCogB_Task-1.mat,B,Task-1,L,43,0.4609375,-1.0816626,-12.177943,14.611243
VisualCogB_Task-1.mat,B,Task-1,L,43,0.46484375,-1.0684851,-12.459906,14.831537
VisualCogB_Task-1.mat,B,Task-1,L,43,0.46875,-1.0323589,-12.581715,14.847993
VisualCogB_Task-1.mat,B,Task-1,L,43,0.47265625,-0.92895456,-12.639554,14.913014
VisualCogB_Task-1.mat,B,Task-1,L,43,0.4765625,-0.79774947,-12.585673,14.780892
VisualCogB_Task-1.mat,B,Task-1,L,43,0.48046875,-0.63384692,-12.414895,14.908092
VisualCogB_Task-1.mat,B,Task-1,L,43,0.484375,-0.37758285,-12.290352,15.094512
VisualCogB_Task-1.mat,B,Task-1,L,43,0.48828125,-0.09910113,-12.028192,15.327493
VisualCogB_Task-1.mat,B,Task-1,L,43,0.4921875,0.25929532,-12.024788,15.65639
VisualCogB_Task-1.mat,B,Task-1,L,43,0.49609375,0.65601029,-11.959824,15.913784
VisualCogB_Task-1.mat,B,Task-1,L,43,0.5,1.1319162,-11.811287,16.224128
VisualCogB_Task-1.mat,B,Task-1,L,43,0.50390625,1.5700691,-11.403017,16.474952
VisualCogB_Task-1.mat,B,Task-1,L,43,0.5078125,2.0264702,-11.154251,16.885297
VisualCogB_Task-1.mat,B,Task-1,L,43,0.51171875,2.4834211,-10.791626,17.118655
VisualCogB_Task-1.mat,B,Task-1,L,43,0.515625,2.8949529,-10.510624,17.864852
VisualCogB_Task-1.mat,B,Task-1,L,43,0.51953125,3.3145433,-10.224502,18.559102
VisualCogB_Task-1.mat,B,Task-1,L,43,0.5234375,3.7711027,-10.04348,19.047871
VisualCogB_Task-1.mat,B,Task-1,L,43,0.52734375,4.1824593,-9.7336391,19.574181
VisualCogB_Task-1.mat,B,Task-1,L,43,0.53125,4.5076849,-9.376984,19.921692
VisualCogB_Task-1.mat,B,Task-1,L,43,0.53515625,4.8208874,-8.9371469,20.328761
VisualCogB_Task-1.mat,B,Task-1,L,43,0.5390625,5.1014683,-8.8288585,20.479581
VisualCogB_Task-1.mat,B,Task-1,L,43,0.54296875,5.3076365,-8.6846381,20.616267
VisualCogB_Task-1.mat,B,Task-1,L,43,0.546875,5.4216653,-8.6348619,20.696289
VisualCogB_Task-1.mat,B,Task-1,L,43,0.55078125,5.5003619,-8.8068317,20.843119
VisualCogB_Task-1.mat,B,Task-1,L,43,0.5546875,5.5106482,-9.0453852,20.931691
VisualCogB_Task-1.mat,B,Task-1,L,43,0.55859375,5.545824,-9.1380696,21.210546
VisualCogB_Task-1.mat,B,Task-1,L,43,0.5625,5.5267668,-9.0230335,21.416334
VisualCogB_Task-1.mat,B,Task-1,L,43,0.56640625,5.4882617,-9.2252385,21.551686
VisualCogB_Task-1.mat,B,Task-1,L,43,0.5703125,5.4344175,-9.3416632,21.568263
VisualCogB_Task-1.mat,B,Task-1,L,43,0.57421875,5.3877516,-9.6088419,21.644169
VisualCogB_Task-1.mat,B,Task-1,L,43,0.578125,5.3565112,-9.7703382,21.800285
VisualCogB_Task-1.mat,B,Task-1,L,43,0.58203125,5.3634199,-9.6599482,22.051279
VisualCogB_Task-1.mat,B,Task-1,L,43,0.5859375,5.4270969,-9.6137998,22.192831
VisualCogB_Task-1.mat,B,Task-1,L,43,0.58984375,5.5057125,-9.4880563,22.022551
VisualCogB_Task-1.mat,B,Task-1,L,43,0.59375,5.5907658,-9.3258564,21.807555
VisualCogB_Task-1.mat,B,Task-1,L,43,0.59765625,5.6610867,-9.0014423,21.534666
VisualCogB_Task-1.mat,B,Task-1,L,43,0.6015625,5.7192158,-8.8822336,21.479535
VisualCogB_Task-1.mat,B,Task-1,L,43,0.60546875,5.7839969,-9.0514225,21.43912
VisualCogB_Task-1.mat,B,Task-1,L,43,0.609375,5.8554081,-8.9305635,21.460396
VisualCogB_Task-1.mat,B,Task-1,L,43,0.61328125,5.9446273,-8.6254601,21.333348
VisualCogB_Task-1.mat,B,Task-1,L,43,0.6171875,6.0353799,-8.2871513,21.310865
VisualCogB_Task-1.mat,B,Task-1,L,43,0.62109375,6.1358987,-8.5281951,21.173684
VisualCogB_Task-1.mat,B,Task-1,L,43,0.625,6.1944574,-8.3192933,21.4292
VisualCogB_Task-1.mat,B,Task-1,L,43,0.62890625,6.1930491,-8.2708383,21.484517
VisualCogB_Task-1.mat,B,Task-1,L,43,0.6328125,6.1278025,-8.1190365,21.780402
VisualCogB_Task-1.mat,B,Task-1,L,43,0.63671875,6.0263278,-8.4072632,21.754004
VisualCogB_Task-1.mat,B,Task-1,L,43,0.640625,5.8933102,-8.602742,21.545119
VisualCogB_Task-1.mat,B,Task-1,L,43,0.64453125,5.6501566,-8.7060768,21.08765
VisualCogB_Task-1.mat,B,Task-1,L,43,0.6484375,5.374001,-8.4603485,20.69009
VisualCogB_Task-1.mat,B,Task-1,L,43,0.65234375,5.0938129,-8.8608294,20.19142
VisualCogB_Task-1.mat,B,Task-1,L,43,0.65625,4.9178864,-9.3280463,19.598245
VisualCogB_Task-1.mat,B,Task-1,L,43,0.66015625,4.7551693,-9.3839232,19.464061
VisualCogB_Task-1.mat,B,Task-1,L,43,0.6640625,4.637044,-9.379875,19.614585
VisualCogB_Task-1.mat,B,Task-1,L,43,0.66796875,4.5355252,-9.3860565,19.645558
VisualCogB_Task-1.mat,B,Task-1,L,43,0.671875,4.4493272,-9.2739899,19.62162
VisualCogB_Task-1.mat,B,Task-1,L,43,0.67578125,4.3882958,-9.5026556,19.373846
VisualCogB_Task-1.mat,B,Task-1,L,43,0.6796875,4.3262995,-9.5931805,19.018572
VisualCogB_Task-1.mat,B,Task-1,L,43,0.68359375,4.2167237,-9.7399743,18.718992
VisualCogB_Task-1.mat,B,Task-1,L,43,0.6875,4.0590311,-9.900932,18.38359
VisualCogB_Task-1.mat,B,Task-1,L,43,0.69140625,3.8663773,-10.289521,18.188777
VisualCogB_Task-1.mat,B,Task-1,L,43,0.6953125,3.6460608,-10.756972,18.162672
VisualCogB_Task-1.mat,B,Task-1,L,43,0.69921875,3.4020321,-11.03793,17.582872
VisualCogB_Task-1.mat,B,Task-1,L,43,0.703125,3.1099818,-11.480371,16.914024
VisualCogB_Task-1.mat,B,Task-1,L,43,0.70703125,2.8021683,-11.737571,16.5606
VisualCogB_Task-1.mat,B,Task-1,L,43,0.7109375,2.4812669,-11.952533,15.90201
VisualCogB_Task-1.mat,B,Task-1,L,43,0.71484375,2.1835649,-12.226434,15.235576
VisualCogB_Task-1.mat,B,Task-1,L,43,0.71875,1.9467255,-12.56216,14.854714
VisualCogB_Task-1.mat,B,Task-1,L,43,0.72265625,1.7472756,-12.71073,14.570942
VisualCogB_Task-1.mat,B,Task-1,L,43,0.7265625,1.5608087,-12.458708,14.44326
VisualCogB_Task-1.mat,B,Task-1,L,43,0.73046875,1.3979375,-12.385404,14.152416
VisualCogB_Task-1.mat,B,Task-1,L,43,0.734375,1.2738757,-12.487348,14.033858
VisualCogB_Task-1.mat,B,Task-1,L,43,0.73828125,1.1630767,-12.458361,13.906466
VisualCogB_Task-1.mat,B,Task-1,L,43,0.7421875,1.0319889,-12.378303,13.696238
VisualCogB_Task-1.mat,B,Task-1,L,43,0.74609375,0.95907657,-12.206908,13.584662
VisualCogB_Task-1.mat,B,Task-1,L,43,0.75,0.94823076,-12.089029,13.495962
VisualCogB_Task-1.mat,B,Task-1,L,43,0.75390625,0.94775196,-11.895652,13.381973
VisualCogB_Task-1.mat,B,Task-1,L,43,0.7578125,0.97498075,-11.918565,13.276028
VisualCogB_Task-1.mat,B,Task-1,L,43,0.76171875,1.0364222,-11.718652,13.11578
VisualCogB_Task-1.mat,B,Task-1,L,43,0.765625,1.1559778,-11.362943,13.210681
VisualCogB_Task-1.mat,B,Task-1,L,43,0.76953125,1.2725086,-10.915105,13.345353
VisualCogB_Task-1.mat,B,Task-1,L,43,0.7734375,1.4714268,-10.59371,13.536214
VisualCogB_Task-1.mat,B,Task-1,L,43,0.77734375,1.62026,-10.430579,13.570386
VisualCogB_Task-1.mat,B,Task-1,L,43,0.78125,1.6987225,-10.166723,13.553513
VisualCogB_Task-1.mat,B,Task-1,L,43,0.78515625,1.6954198,-10.028429,13.526407
VisualCogB_Task-1.mat,B,Task-1,L,43,0.7890625,1.6091575,-9.9064679,13.492576
VisualCogB_Task-1.mat,B,Task-1,L,43,0.79296875,1.4031557,-10.106388,13.316697
VisualCogB_Task-1.mat,B,Task-1,L,43,0.796875,1.0676152,-10.488557,12.912995
VisualCogB_Task-1.mat,B,Task-1,L,43,0.80078125,0.60538986,-10.918487,12.361098
VisualCogB_Task-1.mat,B,Task-1,L,43,0.8046875,0.039301852,-11.359147,12.010718
VisualCogB_Task-1.mat,B,Task-1,L,43,0.80859375,-0.6018618,-11.944222,11.430946
VisualCogB_Task-1.mat,B,Task-1,L,43,0.8125,-1.3028943,-12.467714,10.779927
VisualCogB_Task-1.mat,B,Task-1,L,43,0.81640625,-2.026722,-13.155659,10.04181
VisualCogB_Task-1.mat,B,Task-1,L,43,0.8203125,-2.7362858,-13.916957,9.337176
VisualCogB_Task-1.mat,B,Task-1,L,43,0.82421875,-3.3924374,-14.67933,8.5759426
VisualCogB_Task-1.mat,B,Task-1,L,43,0.828125,-3.9775075,-15.203178,8.0364707
VisualCogB_Task-1.mat,B,Task-1,L,43,0.83203125,-4.5535605,-15.78332,7.3979309
VisualCogB_Task-1.mat,B,Task-1,L,43,0.8359375,-5.101246,-16.324334,6.70014
VisualCogB_Task-1.mat,B,Task-1,L,43,0.83984375,-5.5867045,-16.701941,6.4030751
VisualCogB_Task-1.mat,B,Task-1,L,43,0.84375,-5.9857189,-17.197518,6.0207778
VisualCogB_Task-1.mat,B,Task-1,L,43,0.84765625,-6.250535,-17.409372,5.8346574
VisualCogB_Task-1.mat,B,Task-1,L,43,0.8515625,-6.3936593,-17.302884,5.6796793
VisualCogB_Task-1.mat,B,Task-1,L,43,0.85546875,-6.4922866,-17.302816,5.4711936
VisualCogB_Task-1.mat,B,Task-1,L,43,0.859375,-6.5142452,-17.307428,5.4307894
VisualCogB_Task-1.mat,B,Task-1,L,43,0.86328125,-6.4542479,-17.127917,5.4028026
VisualCogB_Task-1.mat,B,Task-1,L,43,0.8671875,-6.4048129,-16.668232,5.3414034
VisualCogB_Task-1.mat,B,Task-1,L,43,0.87109375,-6.4099261,-16.554242,5.4361016
VisualCogB_Task-1.mat,B,Task-1,L,43,0.875,-6.4338223,-16.576225,5.4056902
VisualCogB_Task-1.mat,B,Task-1,L,43,0.87890625,-6.4899571,-16.752833,5.1595979
VisualCogB_Task-1.mat,B,Task-1,L,43,0.8828125,-6.5699396,-16.761295,4.7996105
VisualCogB_Task-1.mat,B,Task-1,L,43,0.88671875,-6.6894398,-16.423251,4.465115
VisualCogB_Task-1.mat,B,Task-1,L,43,0.890625,-6.8108201,-16.418281,4.3475189
VisualCogB_Task-1.mat,B,Task-1,L,43,0.89453125,-6.9849054,-16.322379,4.0646941
VisualCogB_Task-1.mat,B,Task-1,L,43,0.8984375,-7.1844585,-16.505588,3.9543408
VisualCogB_Task-1.mat,B,Task-1,L,43,0.90234375,-7.3501237,-16.467621,3.7205341
VisualCogB_Task-1.mat,B,Task-1,L,43,0.90625,-7.4503161,-16.519132,3.510692
VisualCogB_Task-1.mat,B,Task-1,L,43,0.91015625,-7.4976016,-16.406108,3.3018823
VisualCogB_Task-1.mat,B,Task-1,L,43,0.9140625,-7.5089002,-16.311622,2.9831859
VisualCogB_Task-1.mat,B,Task-1,L,43,0.91796875,-7.4790758,-16.298091,2.742348
VisualCogB_Task-1.mat,B,Task-1,L,43,0.921875,-7.4144276,-16.138131,2.4394067
VisualCogB_Task-1.mat,B,Task-1,L,43,0.92578125,-7.3306521,-15.865415,2.2970804
VisualCogB_Task-1.mat,B,Task-1,L,43,0.9296875,-7.2324111,-15.577667,2.2309111
VisualCogB_Task-1.mat,B,Task-1,L,43,0.93359375,-7.1162297,-15.465462,2.2155184
VisualCogB_Task-1.mat,B,Task-1,L,43,0.9375,-6.986702,-15.445439,2.3762595
VisualCogB_Task-1.mat,B,Task-1,L,43,0.94140625,-6.7324474,-15.405303,2.7564595
VisualCogB_Task-1.mat,B,Task-1,L,43,0.9453125,-6.447225,-15.086297,3.1411572
VisualCogB_Task-1.mat,B,Task-1,L,43,0.94921875,-6.133811,-15.007324,3.5932852
VisualCogB_Task-1.mat,B,Task-1,L,43,0.953125,-5.7949814,-14.694444,4.0000337
VisualCogB_Task-1.mat,B,Task-1,L,43,0.95703125,-5.4335124,-14.338794,4.4165175
VisualCogB_Task-1.mat,B,Task-1,L,43,0.9609375,-5.0521799,-14.08025,4.967535
VisualCogB_Task-1.mat,B,Task-1,L,43,0.96484375,-4.6537601,-13.773647,5.4020061
VisualCogB_Task-1.mat,B,Task-1,L,43,0.96875,-4.2410291,-13.369589,5.96328
VisualCogB_Task-1.mat,B,Task-1,L,43,0.97265625,-3.8167628,-13.248893,6.4689978
VisualCogB_Task-1.mat,B,Task-1,L,43,0.9765625,-3.3837375,-12.804066,6.9975248
VisualCogB_Task-1.mat,B,Task-1,L,43,0.98046875,-2.9447291,-12.578872,7.5623033
VisualCogB_Task-1.mat,B,Task-1,L,43,0.984375,-2.5025137,-12.421068,8.1506105
VisualCogB_Task-1.mat,B,Task-1,L,43,0.98828125,-2.0598675,-12.316493,8.8729658
VisualCogB_Task-1.mat,B,Task-1,L,43,0.9921875,-1.6195664,-12.396929,9.7177551
VisualCogB_Task-1.mat,B,Task-1,L,43,0.99609375,-1.1843866,-12.235227,10.777133
VisualCogB_Task-1.mat,B,Task-1,R,47,-0.5,-1.4780511,-8.7498099,6.4202756
VisualCogB_Task-1.mat,B,Task-1,R,47,-0.49609375,-0.43517367,-7.0956387,7.4899699
VisualCogB_Task-1.mat,B,Task-1,R,47,-0.4921875,0.41661269,-6.1875222,8.2525486
VisualCogB_Task-1.mat,B,Task-1,R,47,-0.48828125,1.0893145,-5.6228773,8.9996196
VisualCogB_Task-1.mat,B,Task-1,R,47,-0.484375,1.5949385,-5.2381983,9.5287513
VisualCogB_Task-1.mat,B,Task-1,R,47,-0.48046875,1.9454911,-4.7949448,9.7774534
VisualCogB_Task-1.mat,B,Task-1,R,47,-0.4765625,2.1529788,-4.577685,9.7887888
VisualCogB_Task-1.mat,B,Task-1,R,47,-0.47265625,2.2294084,-4.5991149,9.8383235
VisualCogB_Task-1.mat,B,Task-1,R,47,-0.46875,2.1867863,-4.6521905,9.7105702
VisualCogB_Task-1.mat,B,Task-1,R,47,-0.46484375,2.0371191,-4.7358875,9.492899
VisualCogB_Task-1.mat,B,Task-1,R,47,-0.4609375,1.7924134,-4.8696378,9.1148823
VisualCogB_Task-1.mat,B,Task-1,R,47,-0.45703125,1.4646757,-5.11287,8.6559086
VisualCogB_Task-1.mat,B,Task-1,R,47,-0.453125,1.0659126,-5.2251102,8.1156732
VisualCogB_Task-1.mat,B,Task-1,R,47,-0.44921875,0.60813075,-5.5001916,7.4391079
VisualCogB_Task-1.mat,B,Task-1,R,47,-0.4453125,0.10333661,-5.9834924,6.8180478
VisualCogB_Task-1.mat,B,Task-1,R,47,-0.44140625,-0.43646322,-6.5241784,6.3899443
VisualCogB_Task-1.mat,B,Task-1,R,47,-0.4375,-0.94352399,-7.1582921,5.9642128
VisualCogB_Task-1.mat,B,Task-1,R,47,-0.43359375,-1.4908981,-7.5734722,5.3270354
VisualCogB_Task-1.mat,B,Task-1,R,47,-0.4296875,-2.0514359,-8.1178269,4.6713352
VisualCogB_Task-1.mat,B,Task-1,R,47,-0.42578125,-2.569088,-8.7964367,4.0664488
VisualCogB_Task-1.mat,B,Task-1,R,47,-0.421875,-3.0586664,-9.4444992,3.4876583
VisualCogB_Task-1.mat,B,Task-1,R,47,-0.41796875,-3.5072944,-9.9528278,2.8562618
VisualCogB_Task-1.mat,B,Task-1,R,47,-0.4140625,-3.8708093,-10.380694,2.3972434
VisualCogB_Task-1.mat,B,Task-1,R,47,-0.41015625,-4.1362733,-10.75866,2.3752823
VisualCogB_Task-1.mat,B,Task-1,R,47,-0.40625,-4.2999763,-10.986181,2.2653071
VisualCogB_Task-1.mat,B,Task-1,R,47,-0.40234375,-4.3688753,-11.040307,2.3139793
VisualCogB_Task-1.mat,B,Task-1,R,47,-0.3984375,-4.3130931,-10.891085,2.2646937
VisualCogB_Task-1.mat,B,Task-1,R,47,-0.39453125,-4.1786694,-10.789397,2.2790018
VisualCogB_Task-1.mat,B,Task-1,R,47,-0.390625,-3.9952366,-10.505602,2.3779966
VisualCogB_Task-1.mat,B,Task-1,R,47,-0.38671875,-3.7555037,-10.3965,2.6456408
VisualCogB_Task-1.mat,B,Task-1,R,47,-0.3828125,-3.4880189,-9.9849172,2.7942976
VisualCogB_Task-1.mat,B,Task-1,R,47,-0.37890625,-3.2371348,-9.6656354,2.9364793
VisualCogB_Task-1.mat,B,Task-1,R,47,-0.375,-3.0044831,-9.5675233,3.0988794
VisualCogB_Task-1.mat,B,Task-1,R,47,-0.37109375,-2.8151607,-9.4024701,3.1461906
VisualCogB_Task-1.mat,B,Task-1,R,47,-0.3671875,-2.6273138,-9.2353993,3.251292
VisualCogB_Task-1.mat,B,Task-1,R,47,-0.36328125,-2.4668811,-9.0986303,3.3107338
VisualCogB_Task-1.mat,B,Task-1,R,47,-0.359375,-2.3307142,-8.8246868,3.2364123
VisualCogB_Task-1.mat,B,Task-1,R,47,-0.35546875,-2.2276526,-8.6450507,3.2430218
VisualCogB_Task-1.mat,B,Task-1,R,47,-0.3515625,-2.130389,-8.5052321,3.2261351
VisualCogB_Task-1.mat,B,Task-1,R,47,-0.34765625,-2.0325116,-8.3233103,3.2163518
VisualCogB_Task-1.mat,B,Task-1,R,47,-0.34375,-1.9175139,-8.008527,3.2332156
VisualCogB_Task-1.mat,B,Task-1,R,47,-0.33984375,-1.8290401,-7.7845641,3.2989157
VisualCogB_Task-1.mat,B,Task-1,R,47,-0.3359375,-1.788877,-7.7082854,3.2224214
VisualCogB_Task-1.mat,B,Task-1,R,47,-0.33203125,-1.8186233,-7.5884109,2.8944276
VisualCogB_Task-1.mat,B,Task-1,R,47,-0.328125,-1.8932294,-7.5317488,2.7218163
VisualCogB_Task-1.mat,B,Task-1,R,47,-0.32421875,-2.0149808,-7.5073826,2.569016
VisualCogB_Task-1.mat,B,Task-1,R,47,-0.3203125,-2.146541,-7.5228371,2.3810417
VisualCogB_Task-1.mat,B,Task-1,R,47,-0.31640625,-2.2696445,-7.4947936,2.3296904
VisualCogB_Task-1.mat,B,Task-1,R,47,-0.3125,-2.3564612,-7.4320693,2.0666419
VisualCogB_Task-1.mat,B,Task-1,R,47,-0.30859375,-2.4119019,-7.4398514,1.9056916
VisualCogB_Task-1.mat,B,Task-1,R,47,-0.3046875,-2.4626731,-7.4858037,1.8646506
VisualCogB_Task-1.mat,B,Task-1,R,47,-0.30078125,-2.5010229,-7.4803113,1.9032722
VisualCogB_Task-1.mat,B,Task-1,R,47,-0.296875,-2.5175668,-7.4240879,1.9158822
VisualCogB_Task-1.mat,B,Task-1,R,47,-0.29296875,-2.5325905,-7.4520247,1.9225794
VisualCogB_Task-1.mat,B,Task-1,R,47,-0.2890625,-2.5292885,-7.5555889,1.9145676
VisualCogB_Task-1.mat,B,Task-1,R,47,-0.28515625,-2.5136299,-7.6523423,1.9680285
VisualCogB_Task-1.mat,B,Task-1,R,47,-0.28125,-2.4962699,-7.8859984,1.8860267
VisualCogB_Task-1.mat,B,Task-1,R,47,-0.27734375,-2.474173,-7.7888033,1.9994826
VisualCogB_Task-1.mat,B,Task-1,R,47,-0.2734375,-2.4332273,-7.5046886,2.1646997
VisualCogB_Task-1.mat,B,Task-1,R,47,-0.26953125,-2.344747,-7.4193914,2.3625286
VisualCogB_Task-1.mat,B,Task-1,R,47,-0.265625,-2.2342953,-7.3510905,2.4950216
VisualCogB_Task-1.mat,B,Task-1,R,47,-0.26171875,-2.1211766,-7.3275357,2.5182473
VisualCogB_Task-1.mat,B,Task-1,R,47,-0.2578125,-2.0175748,-7.0767749,2.7350667
VisualCogB_Task-1.mat,B,Task-1,R,47,-0.25390625,-1.9254666,-6.8000725,2.7679968
VisualCogB_Task-1.mat,B,Task-1,R,47,-0.25,-1.8246349,-6.8015986,2.80503
VisualCogB_Task-1.mat,B,Task-1,R,47,-0.24609375,-1.7258462,-6.5585969,2.8190211
VisualCogB_Task-1.mat,B,Task-1,R,47,-0.2421875,-1.6063743,-6.2717983,2.7947235
VisualCogB_Task-1.mat,B,Task-1,R,47,-0.23828125,-1.4391649,-6.0344213,2.7914171
VisualCogB_Task-1.mat,B,Task-1,R,47,-0.234375,-1.2020507,-5.6557879,2.8671745
VisualCogB_Task-1.mat,B,Task-1,R,47,-0.23046875,-0.93401563,-5.1587925,2.9714332
VisualCogB_Task-1.mat,B,Task-1,R,47,-0.2265625,-0.66456335,-4.7550883,3.073499
VisualCogB_Task-1.mat,B,Task-1,R,47,-0.22265625,-0.41669694,-4.3673657,3.255487
VisualCogB_Task-1.mat,B,Task-1,R,47,-0.21875,-0.18655626,-3.9964042,3.3867242
VisualCogB_Task-1.mat,B,Task-1,R,47,-0.21484375,0.017995995,-3.5746075,3.4783542
VisualCogB_Task-1.mat,B,Task-1,R,47,-0.2109375,0.22313087,-3.1680754,3.6219003
VisualCogB_Task-1.mat,B,Task-1,R,47,-0.20703125,0.37778891,-2.6989919,3.7297799
VisualCogB_Task-1.mat,B,Task-1,R,47,-0.203125,0.53771735,-2.3742295,3.8396296
VisualCogB_Task-1.mat,B,Task-1,R,47,-0.19921875,0.69002775,-2.1574124,3.8819245
VisualCogB_Task-1.mat,B,Task-1,R,47,-0.1953125,0.82470143,-1.8899453,3.8961508
VisualCogB_Task-1.mat,B,Task-1,R,47,-0.19140625,0.93240275,-1.6938158,3.8462423
VisualCogB_Task-1.mat,B,Task-1,R,47,-0.1875,1.0271143,-1.5177724,3.8002367
VisualCogB_Task-1.mat,B,Task-1,R,47,-0.18359375,1.0946788,-1.3459497,3.7530161
VisualCogB_Task-1.mat,B,Task-1,R,47,-0.1796875,1.1285618,-1.2406521,3.691235
VisualCogB_Task-1.mat,B,Task-1,R,47,-0.17578125,1.1037091,-1.2523825,3.6175619
VisualCogB_Task-1.mat,B,Task-1,R,47,-0.171875,1.0398565,-1.3327379,3.5435812
VisualCogB_Task-1.mat,B,Task-1,R,47,-0.16796875,0.9410727,-1.4044624,3.4116598
VisualCogB_Task-1.mat,B,Task-1,R,47,-0.1640625,0.82222338,-1.4768931,3.2995369
VisualCogB_Task-1.mat,B,Task-1,R,47,-0.16015625,0.68453729,-1.6469089,3.1331361
VisualCogB_Task-1.mat,B,Task-1,R,47,-0.15625,0.50659976,-1.8367462,2.8509719
VisualCogB_Task-1.mat,B,Task-1,R,47,-0.15234375,0.32981454,-1.9596373,2.6264622
VisualCogB_Task-1.mat,B,Task-1,R,47,-0.1484375,0.14143633,-2.0769206,2.283046
VisualCogB_Task-1.mat,B,Task-1,R,47,-0.14453125,-0.072676362,-2.3288545,2.0808055
VisualCogB_Task-1.mat,B,Task-1,R,47,-0.140625,-0.31461069,-2.4855049,1.7157496
VisualCogB_Task-1.mat,B,Task-1,R,47,-0.13671875,-0.52138916,-2.542336,1.4952968
VisualCogB_Task-1.mat,B,Task-1,R,47,-0.1328125,-0.69947661,-2.6212827,1.2348512
VisualCogB_Task-1.mat,B,Task-1,R,47,-0.12890625,-0.86591628,-2.6787771,1.0272942
VisualCogB_Task-1.mat,B,Task-1,R,47,-0.125,-1.0270634,-2.7297596,0.79016916
VisualCogB_Task-1.mat,B,Task-1,R,47,-0.12109375,-1.1810819,-2.8274826,0.63912987
VisualCogB_Task-1.mat,B,Task-1,R,47,-0.1171875,-1.3013232,-2.9547689,0.51584564
VisualCogB_Task-1.mat,B,Task-1,R,47,-0.11328125,-1.383584,-3.0962363,0.4847328
VisualCogB_Task-1.mat,B,Task-1,R,47,-0.109375,-1.4462124,-3.1453112,0.42695272
VisualCogB_Task-1.mat,B,Task-1,R,47,-0.10546875,-1.4711235,-3.1874124,0.37105839
VisualCogB_Task-1.mat,B,Task-1,R,47,-0.1015625,-1.4340885,-3.1772082,0.37959652
VisualCogB_Task-1.mat,B,Task-1,R,47,-0.09765625,-1.3362058,-3.0999345,0.46014017
VisualCogB_Task-1.mat,B,Task-1,R,47,-0.09375,-1.174919,-2.9514348,0.67669627
VisualCogB_Task-1.mat,B,Task-1,R,47,-0.08984375,-0.98721904,-2.6991027,0.77965591
VisualCogB_Task-1.mat,B,Task-1,R,47,-0.0859375,-0.76453999,-2.4789501,0.9784249
VisualCogB_Task-1.mat,B,Task-1,R,47,-0.08203125,-0.53743142,-2.3052774,1.2822875
VisualCogB_Task-1.mat,B,Task-1,R,47,-0.078125,-0.31557033,-2.1610363,1.4487817
VisualCogB_Task-1.mat,B,Task-1,R,47,-0.07421875,-0.11812668,-2.010374,1.7496315
VisualCogB_Task-1.mat,B,Task-1,R,47,-0.0703125,0.037925165,-1.8474226,2.0159292
VisualCogB_Task-1.mat,B,Task-1,R,47,-0.06640625,0.12663406,-1.7999067,2.1958555
VisualCogB_Task-1.mat,B,Task-1,R,47,-0.0625,0.18936971,-1.8029997,2.2719634
VisualCogB_Task-1.mat,B,Task-1,R,47,-0.05859375,0.23457681,-1.9469503,2.3856499
VisualCogB_Task-1.mat,B,Task-1,R,47,-0.0546875,0.2679355,-2.0500722,2.5377494
VisualCogB_Task-1.mat,B,Task-1,R,47,-0.05078125,0.29207506,-2.1346652,2.5707085
VisualCogB_Task-1.mat,B,Task-1,R,47,-0.046875,0.2829125,-2.1762445,2.5429701
VisualCogB_Task-1.mat,B,Task-1,R,47,-0.04296875,0.24232324,-2.3005745,2.5412905
VisualCogB_Task-1.mat,B,Task-1,R,47,-0.0390625,0.1764919,-2.3548824,2.6764102
VisualCogB_Task-1.mat,B,Task-1,R,47,-0.03515625,0.12558304,-2.4810708,2.8099771
VisualCogB_Task-1.mat,B,Task-1,R,47,-0.03125,0.067709095,-2.6210231,2.8618762
VisualCogB_Task-1.mat,B,Task-1,R,47,-0.02734375,-0.0024854499,-2.7829943,2.8538724
VisualCogB_Task-1.mat,B,Task-1,R,47,-0.0234375,-0.074925654,-3.0093928,2.8612749
VisualCogB_Task-1.mat,B,Task-1,R,47,-0.01953125,-0.14141924,-3.122806,2.8411625
VisualCogB_Task-1.mat,B,Task-1,R,47,-0.015625,-0.2352488,-3.3511812,2.7674547
VisualCogB_Task-1.mat,B,Task-1,R,47,-0.01171875,-0.36484255,-3.4666684,2.7189227
VisualCogB_Task-1.mat,B,Task-1,R,47,-0.0078125,-0.48836542,-3.5526864,2.6319934
VisualCogB_Task-1.mat,B,Task-1,R,47,-0.00390625,-0.57923104,-3.685173,2.5160024
VisualCogB_Task-1.mat,B,Task-1,R,47,0,-0.62251074,-3.8421515,2.4898931
VisualCogB_Task-1.mat,B,Task-1,R,47,0.00390625,-0.62815001,-3.9170727,2.6013739
VisualCogB_Task-1.mat,B,Task-1,R,47,0.0078125,-0.60067429,-3.9953482,2.7122337
VisualCogB_Task-1.mat,B,Task-1,R,47,0.01171875,-0.51342818,-4.0463207,2.8304
VisualCogB_Task-1.mat,B,Task-1,R,47,0.015625,-0.35626005,-4.0619826,3.0573727
VisualCogB_Task-1.mat,B,Task-1,R,47,0.01953125,-0.15172333,-3.9372883,3.2548361
VisualCogB_Task-1.mat,B,Task-1,R,47,0.0234375,0.07298062,-3.7971602,3.5294024
VisualCogB_Task-1.mat,B,Task-1,R,47,0.02734375,0.28666768,-3.707599,3.8399908
VisualCogB_Task-1.mat,B,Task-1,R,47,0.03125,0.49942013,-3.5923251,4.051791
VisualCogB_Task-1.mat,B,Task-1,R,47,0.03515625,0.71894062,-3.5744733,4.3479802
VisualCogB_Task-1.mat,B,Task-1,R,47,0.0390625,0.92627098,-3.3969777,4.7367576
VisualCogB_Task-1.mat,B,Task-1,R,47,0.04296875,1.1031241,-3.3999542,4.9111028
VisualCogB_Task-1.mat,B,Task-1,R,47,0.046875,1.2588747,-3.336275,5.1339556
VisualCogB_Task-1.mat,B,Task-1,R,47,0.05078125,1.3958576,-3.1341527,5.3965406
VisualCogB_Task-1.mat,B,Task-1,R,47,0.0546875,1.5594615,-3.1053618,5.6870736
VisualCogB_Task-1.mat,B,Task-1,R,47,0.05859375,1.6767597,-2.9781653,5.923957
VisualCogB_Task-1.mat,B,Task-1,R,47,0.0625,1.7276901,-2.9809378,5.9958825
VisualCogB_Task-1.mat,B,Task-1,R,47,0.06640625,1.6857022,-2.9726806,5.8807293
VisualCogB_Task-1.mat,B,Task-1,R,47,0.0703125,1.5593409,-3.1187182,5.8140379
VisualCogB_Task-1.mat,B,Task-1,R,47,0.07421875,1.3838081,-3.4087338,5.6817143
VisualCogB_Task-1.mat,B,Task-1,R,47,0.078125,1.2015011,-3.7648932,5.5193285
VisualCogB_Task-1.mat,B,Task-1,R,47,0.08203125,1.0052973,-4.0657561,5.2892278
VisualCogB_Task-1.mat,B,Task-1,R,47,0.0859375,0.7995284,-4.4081623,5.2793212
VisualCogB_Task-1.mat,B,Task-1,R,47,0.08984375,0.56743232,-4.603191,4.9932089
VisualCogB_Task-1.mat,B,Task-1,R,47,0.09375,0.32603907,-4.7632839,4.7005268
VisualCogB_Task-1.mat,B,Task-1,R,47,0.09765625,0.12075512,-4.8336205,4.5722387
VisualCogB_Task-1.mat,B,Task-1,R,47,0.1015625,-0.10214104,-4.9384861,4.3161378
VisualCogB_Task-1.mat,B,Task-1,R,47,0.10546875,-0.35767577,-5.1868344,4.0889027
VisualCogB_Task-1.mat,B,Task-1,R,47,0.109375,-0.60400604,-5.4164532,3.9513208
VisualCogB_Task-1.mat,B,Task-1,R,47,0.11328125,-0.83768583,-5.5893488,3.8499443
VisualCogB_Task-1.mat,B,Task-1,R,47,0.1171875,-1.0534114,-5.8134918,3.6959708
VisualCogB_Task-1.mat,B,Task-1,R,47,0.12109375,-1.234009,-5.9174984,3.5940278
VisualCogB_Task-1.mat,B,Task-1,R,47,0.125,-1.3844036,-6.0823202,3.538563
VisualCogB_Task-1.mat,B,Task-1,R,47,0.12890625,-1.5300901,-6.1784278,3.5305837
VisualCogB_Task-1.mat,B,Task-1,R,47,0.1328125,-1.6116753,-6.1843984,3.4737474
VisualCogB_Task-1.mat,B,Task-1,R,47,0.13671875,-1.6699943,-6.304253,3.4207845
VisualCogB_Task-1.mat,B,Task-1,R,47,0.140625,-1.6922099,-6.4097136,3.3361383
VisualCogB_Task-1.mat,B,Task-1,R,47,0.14453125,-1.721095,-6.4737003,3.3524135
VisualCogB_Task-1.mat,B,Task-1,R,47,0.1484375,-1.7256455,-6.4185053,3.3191138
VisualCogB_Task-1.mat,B,Task-1,R,47,0.15234375,-1.7237578,-6.4107587,3.3634672
VisualCogB_Task-1.mat,B,Task-1,R,47,0.15625,-1.706099,-6.4368923,3.3428181
VisualCogB_Task-1.mat,B,Task-1,R,47,0.16015625,-1.6369576,-6.3591851,3.4615277
VisualCogB_Task-1.mat,B,Task-1,R,47,0.1640625,-1.5288113,-6.2127632,3.5692025
VisualCogB_Task-1.mat,B,Task-1,R,47,0.16796875,-1.3908012,-6.0067352,3.7477602
VisualCogB_Task-1.mat,B,Task-1,R,47,0.171875,-1.220181,-5.8411153,3.889361
VisualCogB_Task-1.mat,B,Task-1,R,47,0.17578125,-1.0677929,-5.650653,3.974617
VisualCogB_Task-1.mat,B,Task-1,R,47,0.1796875,-0.91850262,-5.601186,4.1158825
VisualCogB_Task-1.mat,B,Task-1,R,47,0.18359375,-0.80749497,-5.3873099,4.2401168
VisualCogB_Task-1.mat,B,Task-1,R,47,0.1875,-0.71110221,-5.1795925,4.3130133
VisualCogB_Task-1.mat,B,Task-1,R,47,0.19140625,-0.61484897,-5.1466577,4.4716969
VisualCogB_Task-1.mat,B,Task-1,R,47,0.1953125,-0.50294316,-5.0529794,4.6588765
VisualCogB_Task-1.mat,B,Task-1,R,47,0.19921875,-0.40074948,-4.9697735,4.6692394
VisualCogB_Task-1.mat,B,Task-1,R,47,0.203125,-0.28077022,-4.9235196,4.8386543
VisualCogB_Task-1.mat,B,Task-1,R,47,0.20703125,-0.14894495,-4.8573565,5.0351938
VisualCogB_Task-1.mat,B,Task-1,R,47,0.2109375,0.023319172,-4.7688519,5.3458839
VisualCogB_Task-1.mat,B,Task-1,R,47,0.21484375,0.20980563,-4.649798,5.4622407
VisualCogB_Task-1.mat,B,Task-1,R,47,0.21875,0.33005538,-4.4092951,5.7173633
VisualCogB_Task-1.mat,B,Task-1,R,47,0.22265625,0.42223007,-4.3470119,5.8938889
VisualCogB_Task-1.mat,B,Task-1,R,47,0.2265625,0.50555161,-4.2783938,6.0427466
VisualCogB_Task-1.mat,B,Task-1,R,47,0.23046875,0.55676531,-4.3167181,6.0803136
VisualCogB_Task-1.mat,B,Task-1,R,47,0.234375,0.58509931,-4.2788015,6.1028236
VisualCogB_Task-1.mat,B,Task-1,R,47,0.23828125,0.58931395,-4.2412449,6.1675476
VisualCogB_Task-1.mat,B,Task-1,R,47,0.2421875,0.5614377,-4.2651182,6.1453564
VisualCogB_Task-1.mat,B,Task-1,R,47,0.24609375,0.52850254,-4.2343911,6.1110077
VisualCogB_Task-1.mat,B,Task-1,R,47,0.25,0.53862884,-4.1919252,6.0547793
VisualCogB_Task-1.mat,B,Task-1,R,47,0.25390625,0.53784558,-4.1599656,5.9698522
VisualCogB_Task-1.mat,B,Task-1,R,47,0.2578125,0.53700407,-4.1896598,5.8709468
VisualCogB_Task-1.mat,B,Task-1,R,47,0.26171875,0.49876013,-4.197965,5.8070573
VisualCogB_Task-1.mat,B,Task-1,R,47,0.265625,0.47694681,-4.1388774,5.7107384
VisualCogB_Task-1.mat,B,Task-1,R,47,0.26953125,0.466368,-4.1299203,5.6335572
VisualCogB_Task-1.mat,B,Task-1,R,47,0.2734375,0.49372238,-4.0492291,5.6164757
VisualCogB_Task-1.mat,B,Task-1,R,47,0.27734375,0.54414306,-4.0100793,5.7650757
VisualCogB_Task-1.mat,B,Task-1,R,47,0.28125,0.58228428,-3.9357653,5.8468015
VisualCogB_Task-1.mat,B,Task-1,R,47,0.28515625,0.62288809,-3.8568974,5.8261048
VisualCogB_Task-1.mat,B,Task-1,R,47,0.2890625,0.66471658,-3.8431958,5.7709165
VisualCogB_Task-1.mat,B,Task-1,R,47,0.29296875,0.68853803,-3.932925,5.8618717
VisualCogB_Task-1.mat,B,Task-1,R,47,0.296875,0.6853766,-3.9909554,5.965033
VisualCogB_Task-1.mat,B,Task-1,R,47,0.30078125,0.64529339,-4.0725129,6.0188077
VisualCogB_Task-1.mat,B,Task-1,R,47,0.3046875,0.59931845,-4.1293525,5.8732614
VisualCogB_Task-1.mat,B,Task-1,R,47,0.30859375,0.56478091,-4.2701539,5.9244308
VisualCogB_Task-1.mat,B,Task-1,R,47,0.3125,0.55060164,-4.2933361,5.9910262
VisualCogB_Task-1.mat,B,Task-1,R,47,0.31640625,0.56199495,-4.3173285,6.0733223
VisualCogB_Task-1.mat,B,Task-1,R,47,0.3203125,0.60587637,-4.3143888,6.2296538
VisualCogB_Task-1.mat,B,Task-1,R,47,0.32421875,0.65171883,-4.2325057,6.3325226
VisualCogB_Task-1.mat,B,Task-1,R,47,0.328125,0.69275498,-4.2344463,6.401631
VisualCogB_Task-1.mat,B,Task-1,R,47,0.33203125,0.69944649,-4.195216,6.4092982
VisualCogB_Task-1.mat,B,Task-1,R,47,0.3359375,0.66627753,-4.2442188,6.3962515
VisualCogB_Task-1.mat,B,Task-1,R,47,0.33984375,0.59458296,-4.2684162,6.2291186
VisualCogB_Task-1.mat,B,Task-1,R,47,0.34375,0.47865036,-4.3586113,6.0354244
VisualCogB_Task-1.mat,B,Task-1,R,47,0.34765625,0.30948887,-4.4863886,5.7862858
VisualCogB_Task-1.mat,B,Task-1,R,47,0.3515625,0.10176024,-4.5565986,5.4113864
VisualCogB_Task-1.mat,B,Task-1,R,47,0.35546875,-0.15195614,-4.6749418,4.9605138
VisualCogB_Task-1.mat,B,Task-1,R,47,0.359375,-0.43046732,-4.8671648,4.5595797
VisualCogB_Task-1.mat,B,Task-1,R,47,0.36328125,-0.71417721,-5.1498359,4.4349914
VisualCogB_Task-1.mat,B,Task-1,R,47,0.3671875,-1.0037842,-5.3791241,4.0548375
VisualCogB_Task-1.mat,B,Task-1,R,47,0.37109375,-1.3012044,-5.6023434,3.8059483
VisualCogB_Task-1.mat,B,Task-1,R,47,0.375,-1.5982384,-5.9917768,3.5908281
VisualCogB_Task-1.mat,B,Task-1,R,47,0.37890625,-1.8669987,-6.1541945,3.3820576
VisualCogB_Task-1.mat,B,Task-1,R,47,0.3828125,-2.093234,-6.3756906,3.1776938
VisualCogB_Task-1.mat,B,Task-1,R,47,0.38671875,-2.2779901,-6.5297734,3.0405762
VisualCogB_Task-1.mat,B,Task-1,R,47,0.390625,-2.4282416,-6.7033593,2.8579861
VisualCogB_Task-1.mat,B,Task-1,R,47,0.39453125,-2.5466392,-6.8874596,2.695596
VisualCogB_Task-1.mat,B,Task-1,R,47,0.3984375,-2.6209136,-6.9731722,2.5339859
VisualCogB_Task-1.mat,B,Task-1,R,47,0.40234375,-2.6638667,-7.0467476,2.3713434
VisualCogB_Task-1.mat,B,Task-1,R,47,0.40625,-2.6999847,-7.1268359,2.3650289
VisualCogB_Task-1.mat,B,Task-1,R,47,0.41015625,-2.7385597,-7.1362482,2.2536047
VisualCogB_Task-1.mat,B,Task-1,R,47,0.4140625,-2.7803513,-7.0988699,2.1644904
VisualCogB_Task-1.mat,B,Task-1,R,47,0.41796875,-2.8317078,-7.0929773,2.0196404
VisualCogB_Task-1.mat,B,Task-1,R,47,0.421875,-2.8971075,-7.233244,1.8566474
VisualCogB_Task-1.mat,B,Task-1,R,47,0.42578125,-3.0324046,-7.467708,1.5518069
VisualCogB_Task-1.mat,B,Task-1,R,47,0.4296875,-3.2448843,-7.7063028,1.1979931
VisualCogB_Task-1.mat,B,Task-1,R,47,0.43359375,-3.5334247,-7.9491291,0.8748248
VisualCogB_Task-1.mat,B,Task-1,R,47,0.4375,-3.8648701,-8.2682533,0.63748757
VisualCogB_Task-1.mat,B,Task-1,R,47,0.44140625,-4.2330149,-8.6967667,0.21900165
VisualCogB_Task-1.mat,B,Task-1,R,47,0.4453125,-4.6111946,-9.181186,-0.084216517
VisualCogB_Task-1.mat,B,Task-1,R,47,0.44921875,-4.9759577,-9.6376183,-0.34389698
VisualCogB_Task-1.mat,B,Task-1,R,47,0.453125,-5.3256901,-10.046324,-0.62031022
VisualCogB_Task-1.mat,B,Task-1,R,47,0.45703125,-5.672539,-10.407051,-0.89301316
VisualCogB_Task-1.mat,B,Task-1,R,47,0.4609375,-6.0188816,-10.833702,-1.1093966
VisualCogB_Task-1.mat,B,Task-1,R,47,0.46484375,-6.3762431,-11.23236,-1.3598014
VisualCogB_Task-1.mat,B,Task-1,R,47,0.46875,-6.7376321,-11.788352,-1.6305414
VisualCogB_Task-1.mat,B,Task-1,R,47,0.47265625,-7.0704061,-12.439725,-1.8613354
VisualCogB_Task-1.mat,B,Task-1,R,47,0.4765625,-7.3322558,-12.735428,-2.065409
VisualCogB_Task-1.mat,B,Task-1,R,47,0.48046875,-7.501824,-13.130844,-2.1966686
VisualCogB_Task-1.mat,B,Task-1,R,47,0.484375,-7.5588124,-13.233191,-2.1119457
VisualCogB_Task-1.mat,B,Task-1,R,47,0.48828125,-7.5279715,-13.318573,-1.9016848
VisualCogB_Task-1.mat,B,Task-1,R,47,0.4921875,-7.4113693,-13.264631,-1.8060327
VisualCogB_Task-1.mat,B,Task-1,R,47,0.49609375,-7.2363708,-13.244908,-1.5530781
VisualCogB_Task-1.mat,B,Task-1,R,47,0.5,-7.007565,-13.04129,-1.1873702
VisualCogB_Task-1.mat,B,Task-1,R,47,0.50390625,-6.7606746,-12.832295,-0.59799135
VisualCogB_Task-1.mat,B,Task-1,R,47,0.5078125,-6.4807122,-12.541397,-0.16217421
VisualCogB_Task-1.mat,B,Task-1,R,47,0.51171875,-6.1410648,-12.183001,0.39791758
VisualCogB_Task-1.mat,B,Task-1,R,47,0.515625,-5.7894124,-11.874766,0.93597834
VisualCogB_Task-1.mat,B,Task-1,R,47,0.51953125,-5.4397992,-11.560976,1.3851387
VisualCogB_Task-1.mat,B,Task-1,R,47,0.5234375,-5.1165312,-11.244153,1.7457592
VisualCogB_Task-1.mat,B,Task-1,R,47,0.52734375,-4.8243041,-11.0743,2.1425226
VisualCogB_Task-1.mat,B,Task-1,R,47,0.53125,-4.5486797,-10.665575,2.4236195
VisualCogB_Task-1.mat,B,Task-1,R,47,0.53515625,-4.343598,-10.591983,2.6531492
VisualCogB_Task-1.mat,B,Task-1,R,47,0.5390625,-4.2472581,-10.62308,2.5484475
VisualCogB_Task-1.mat,B,Task-1,R,47,0.54296875,-4.2475893,-10.667257,2.6048929
VisualCogB_Task-1.mat,B,Task-1,R,47,0.546875,-4.2801173,-10.815999,2.4727082
VisualCogB_Task-1.mat,B,Task-1,R,47,0.55078125,-4.3022367,-11.11466,2.3774416
VisualCogB_Task-1.mat,B,Task-1,R,47,0.5546875,-4.3019455,-11.169008,2.3895527
VisualCogB_Task-1.mat,B,Task-1,R,47,0.55859375,-4.2911028,-11.185786,2.6006798
VisualCogB_Task-1.mat,B,Task-1,R,47,0.5625,-4.2618273,-11.173373,2.8137903
VisualCogB_Task-1.mat,B,Task-1,R,47,0.56640625,-4.217741,-11.281034,2.8922528
VisualCogB_Task-1.mat,B,Task-1,R,47,0.5703125,-4.1367385,-11.423436,2.878564
VisualCogB_Task-1.mat,B,Task-1,R,47,0.57421875,-4.0944242,-11.658568,2.9598415
VisualCogB_Task-1.mat,B,Task-1,R,47,0.578125,-3.9687937,-11.713345,2.959338
VisualCogB_Task-1.mat,B,Task-1,R,47,0.58203125,-3.8238888,-11.524808,3.0533244
VisualCogB_Task-1.mat,B,Task-1,R,47,0.5859375,-3.6067308,-11.072994,2.997257
VisualCogB_Task-1.mat,B,Task-1,R,47,0.58984375,-3.2906309,-10.688355,3.1440034
VisualCogB_Task-1.mat,B,Task-1,R,47,0.59375,-2.864853,-9.9703195,3.5639472
VisualCogB_Task-1.mat,B,Task-1,R,47,0.59765625,-2.3896448,-9.6212249,4.0063074
VisualCogB_Task-1.mat,B,Task-1,R,47,0.6015625,-1.8410723,-8.9454215,4.5762511
VisualCogB_Task-1.mat,B,Task-1,R,47,0.60546875,-1.2154937,-8.5486889,5.3559123
VisualCogB_Task-1.mat,B,Task-1,R,47,0.609375,-0.55911018,-7.9374143,6.1335102
VisualCogB_Task-1.mat,B,Task-1,R,47,0.61328125,0.12295273,-7.1729419,6.8963329
VisualCogB_Task-1.mat,B,Task-1,R,47,0.6171875,0.81320604,-6.3192486,7.6825434
VisualCogB_Task-1.mat,B,Task-1,R,47,0.62109375,1.5046425,-5.6584302,8.8397022
VisualCogB_Task-1.mat,B,Task-1,R,47,0.625,2.2354945,-5.0023012,9.9928069
VisualCogB_Task-1.mat,B,Task-1,R,47,0.62890625,2.9993248,-4.3798709,11.011381
VisualCogB_Task-1.mat,B,Task-1,R,47,0.6328125,3.7745585,-3.6120586,12.028461
VisualCogB_Task-1.mat,B,Task-1,R,47,0.63671875,4.5450693,-2.8448646,12.935362
VisualCogB_Task-1.mat,B,Task-1,R,47,0.640625,5.3178573,-2.3046194,13.72228
VisualCogB_Task-1.mat,B,Task-1,R,47,0.64453125,6.0378072,-1.9213392,14.693975
VisualCogB_Task-1.mat,B,Task-1,R,47,0.6484375,6.6987206,-1.4867961,15.693342
VisualCogB_Task-1.mat,B,Task-1,R,47,0.65234375,7.2777843,-1.0747808,16.523643
VisualCogB_Task-1.mat,B,Task-1,R,47,0.65625,7.7670687,-0.50837532,17.108689
VisualCogB_Task-1.mat,B,Task-1,R,47,0.66015625,8.185331,-0.36057121,17.622469
VisualCogB_Task-1.mat,B,Task-1,R,47,0.6640625,8.5241362,-0.42977268,18.002301
VisualCogB_Task-1.mat,B,Task-1,R,47,0.66796875,8.8079011,-0.29263085,18.07391
VisualCogB_Task-1.mat,B,Task-1,R,47,0.671875,9.009341,0.12460834,18.122941
VisualCogB_Task-1.mat,B,Task-1,R,47,0.67578125,9.1264088,0.31655402,18.094633
VisualCogB_Task-1.mat,B,Task-1,R,47,0.6796875,9.1996566,0.33662921,17.873617
VisualCogB_Task-1.mat,B,Task-1,R,47,0.68359375,9.2036859,0.45798888,17.667392
VisualCogB_Task-1.mat,B,Task-1,R,47,0.6875,9.1722274,0.52977011,17.406336
VisualCogB_Task-1.mat,B,Task-1,R,47,0.69140625,9.0700742,0.41806231,17.097144
VisualCogB_Task-1.mat,B,Task-1,R,47,0.6953125,8.9362311,0.16112532,16.763994
VisualCogB_Task-1.mat,B,Task-1,R,47,0.69921875,8.6761348,-0.15346799,16.417414
VisualCogB_Task-1.mat,B,Task-1,R,47,0.703125,8.4188845,-0.51158241,16.362455
VisualCogB_Task-1.mat,B,Task-1,R,47,0.70703125,8.1611399,-0.79515955,16.277966
VisualCogB_Task-1.mat,B,Task-1,R,47,0.7109375,7.9003433,-1.043696,15.970425
VisualCogB_Task-1.mat,B,Task-1,R,47,0.71484375,7.6020702,-1.177972,15.39052
VisualCogB_Task-1.mat,B,Task-1,R,47,0.71875,7.3571002,-1.5029067,15.062255
VisualCogB_Task-1.mat,B,Task-1,R,47,0.72265625,7.1090702,-1.7278401,14.956092
VisualCogB_Task-1.mat,B,Task-1,R,47,0.7265625,6.812541,-2.2651255,14.675327
VisualCogB_Task-1.mat,B,Task-1,R,47,0.73046875,6.484347,-2.7932553,14.552979
VisualCogB_Task-1.mat,B,Task-1,R,47,0.734375,6.1458172,-3.2644065,14.478301
VisualCogB_Task-1.mat,B,Task-1,R,47,0.73828125,5.8196877,-3.6654163,14.377756
VisualCogB_Task-1.mat,B,Task-1,R,47,0.7421875,5.5280481,-4.1070987,14.191102
VisualCogB_Task-1.mat,B,Task-1,R,47,0.74609375,5.3016059,-4.4685534,14.26835
VisualCogB_Task-1.mat,B,Task-1,R,47,0.75,5.1247663,-4.8737534,14.277372
VisualCogB_Task-1.mat,B,Task-1,R,47,0.75390625,4.9693405,-5.1750761,14.187714
VisualCogB_Task-1.mat,B,Task-1,R,47,0.7578125,4.8253855,-5.2835921,14.2084
VisualCogB_Task-1.mat,B,Task-1,R,47,0.76171875,4.6399867,-5.4410987,14.066754
VisualCogB_Task-1.mat,B,Task-1,R,47,0.765625,4.4394239,-5.7401589,13.859985
VisualCogB_Task-1.mat,B,Task-1,R,47,0.76953125,4.2395486,-5.8468501,13.634716
VisualCogB_Task-1.mat,B,Task-1,R,47,0.7734375,4.0271062,-5.86164,13.330912
VisualCogB_Task-1.mat,B,Task-1,R,47,0.77734375,3.8676457,-5.8214991,12.864157
VisualCogB_Task-1.mat,B,Task-1,R,47,0.78125,3.7461563,-5.8581099,12.50386
VisualCogB_Task-1.mat,B,Task-1,R,47,0.78515625,3.7154416,-5.6821089,12.338833
VisualCogB_Task-1.mat,B,Task-1,R,47,0.7890625,3.7295143,-5.443968,12.400263
VisualCogB_Task-1.mat,B,Task-1,R,47,0.79296875,3.796935,-5.2557433,12.722492
VisualCogB_Task-1.mat,B,Task-1,R,47,0.796875,3.8772326,-5.2559178,12.787005
VisualCogB_Task-1.mat,B,Task-1,R,47,0.80078125,3.9514243,-5.3454042,12.6826
VisualCogB_Task-1.mat,B,Task-1,R,47,0.8046875,3.9972135,-5.355963,12.461692
VisualCogB_Task-1.mat,B,Task-1,R,47,0.80859375,3.9971898,-5.1505917,12.344615
VisualCogB_Task-1.mat,B,Task-1,R,47,0.8125,3.9506203,-4.887272,12.424949
VisualCogB_Task-1.mat,B,Task-1,R,47,0.81640625,3.9224888,-4.5480831,12.620505
VisualCogB_Task-1.mat,B,Task-1,R,47,0.8203125,3.9370721,-4.0996216,12.700372
VisualCogB_Task-1.mat,B,Task-1,R,47,0.82421875,3.9667736,-4.0965594,12.559844
VisualCogB_Task-1.mat,B,Task-1,R,47,0.828125,3.9684429,-4.0644113,12.574858
VisualCogB_Task-1.mat,B,Task-1,R,47,0.83203125,3.9365123,-3.8822034,12.501513
VisualCogB_Task-1.mat,B,Task-1,R,47,0.8359375,3.8690507,-3.8319628,12.303542
VisualCogB_Task-1.mat,B,Task-1,R,47,0.83984375,3.7354221,-3.7756375,11.972997
VisualCogB_Task-1.mat,B,Task-1,R,47,0.84375,3.5939752,-3.5453975,11.612896
VisualCogB_Task-1.mat,B,Task-1,R,47,0.84765625,3.4538871,-3.4088713,11.281398
VisualCogB_Task-1.mat,B,Task-1,R,47,0.8515625,3.3272822,-3.3315393,11.152774
VisualCogB_Task-1.mat,B,Task-1,R,47,0.85546875,3.2565547,-3.2212412,11.042256
VisualCogB_Task-1.mat,B,Task-1,R,47,0.859375,3.2346062,-3.2059022,10.918789
VisualCogB_Task-1.mat,B,Task-1,R,47,0.86328125,3.2558668,-2.9283681,10.761954
VisualCogB_Task-1.mat,B,Task-1,R,47,0.8671875,3.2485229,-2.5871733,10.559843
VisualCogB_Task-1.mat,B,Task-1,R,47,0.87109375,3.2635347,-2.4620959,10.327738
VisualCogB_Task-1.mat,B,Task-1,R,47,0.875,3.2352376,-2.650394,10.100824
VisualCogB_Task-1.mat,B,Task-1,R,47,0.87890625,3.2282876,-2.8294042,9.9855544
VisualCogB_Task-1.mat,B,Task-1,R,47,0.8828125,3.1937653,-2.9152071,9.8810562
VisualCogB_Task-1.mat,B,Task-1,R,47,0.88671875,3.2050835,-2.8108917,9.882145
VisualCogB_Task-1.mat,B,Task-1,R,47,0.890625,3.2698043,-2.7141895,9.915313
VisualCogB_Task-1.mat,B,Task-1,R,47,0.89453125,3.3725908,-2.5100631,10.080981
VisualCogB_Task-1.mat,B,Task-1,R,47,0.8984375,3.5090508,-2.2347527,10.135431
VisualCogB_Task-1.mat,B,Task-1,R,47,0.90234375,3.7337019,-2.0928071,10.327062
VisualCogB_Task-1.mat,B,Task-1,R,47,0.90625,3.953245,-1.9243767,10.438763
VisualCogB_Task-1.mat,B,Task-1,R,47,0.91015625,4.1582414,-1.9090024,10.636398
VisualCogB_Task-1.mat,B,Task-1,R,47,0.9140625,4.3597283,-1.9408293,10.877429
VisualCogB_Task-1.mat,B,Task-1,R,47,0.91796875,4.5625315,-1.8497258,11.216825
VisualCogB_Task-1.mat,B,Task-1,R,47,0.921875,4.7256949,-2.0121822,11.647791
VisualCogB_Task-1.mat,B,Task-1,R,47,0.92578125,4.8883371,-2.1590948,11.986959
VisualCogB_Task-1.mat,B,Task-1,R,47,0.9296875,5.062719,-2.3270932,12.216443
VisualCogB_Task-1.mat,B,Task-1,R,47,0.93359375,5.173835,-2.3412824,12.468238
VisualCogB_Task-1.mat,B,Task-1,R,47,0.9375,5.2300668,-2.4619974,12.799769
VisualCogB_Task-1.mat,B,Task-1,R,47,0.94140625,5.2211749,-2.7350295,13.065455
VisualCogB_Task-1.mat,B,Task-1,R,47,0.9453125,5.1733898,-3.1279602,13.057303
VisualCogB_Task-1.mat,B,Task-1,R,47,0.94921875,5.0846567,-3.5567466,13.113252
VisualCogB_Task-1.mat,B,Task-1,R,47,0.953125,4.9529205,-4.0448199,13.151924
VisualCogB_Task-1.mat,B,Task-1,R,47,0.95703125,4.7761264,-4.4595476,13.071964
VisualCogB_Task-1.mat,B,Task-1,R,47,0.9609375,4.5522195,-4.8435462,12.965538
VisualCogB_Task-1.mat,B,Task-1,R,47,0.96484375,4.2791448,-5.3386856,12.824965
VisualCogB_Task-1.mat,B,Task-1,R,47,0.96875,3.9548474,-5.7605905,12.72289
VisualCogB_Task-1.mat,B,Task-1,R,47,0.97265625,3.5772723,-6.0045601,12.524757
VisualCogB_Task-1.mat,B,Task-1,R,47,0.9765625,3.1443648,-6.1135245,11.981975
VisualCogB_Task-1.mat,B,Task-1,R,47,0.98046875,2.6540698,-6.4485456,11.431225
VisualCogB_Task-1.mat,B,Task-1,R,47,0.984375,2.1043324,-6.8537577,10.958747
VisualCogB_Task-1.mat,B,Task-1,R,47,0.98828125,1.4930978,-7.2248319,10.197677
VisualCogB_Task-1.mat,B,Task-1,R,47,0.9921875,0.8183109,-7.7850387,9.7854539
VisualCogB_Task-1.mat,B,Task-1,R,47,0.99609375,0.077916886,-8.3139919,9.3425647
VisualCogB_Task-2.mat,B,Task-2,L,42,-0.5,2.3145042,-8.6911011,12.278599
VisualCogB_Task-2.mat,B,Task-2,L,42,-0.49609375,2.6015116,-7.9336386,12.113356
VisualCogB_Task-2.mat,B,Task-2,L,42,-0.4921875,2.8334011,-7.4689842,12.382618
VisualCogB_Task-2.mat,B,Task-2,L,42,-0.48828125,3.014361,-7.2264472,12.149138
VisualCogB_Task-2.mat,B,Task-2,L,42,-0.484375,3.1485801,-7.3756566,12.149829
VisualCogB_Task-2.mat,B,Task-2,L,42,-0.48046875,3.2402466,-7.0999772,12.430946
VisualCogB_Task-2.mat,B,Task-2,L,42,-0.4765625,3.2935491,-6.7431802,12.625608
VisualCogB_Task-2.mat,B,Task-2,L,42,-0.47265625,3.3126761,-6.490304,12.730122
VisualCogB_Task-2.mat,B,Task-2,L,42,-0.46875,3.301816,-6.27572,12.753095
VisualCogB_Task-2.mat,B,Task-2,L,42,-0.46484375,3.2651574,-6.1550153,12.713023
VisualCogB_Task-2.mat,B,Task-2,L,42,-0.4609375,3.2068887,-6.1899819,12.664202
VisualCogB_Task-2.mat,B,Task-2,L,42,-0.45703125,3.1311984,-6.1446027,12.476183
VisualCogB_Task-2.mat,B,Task-2,L,42,-0.453125,3.042275,-6.1823232,12.424053
VisualCogB_Task-2.mat,B,Task-2,L,42,-0.44921875,2.944307,-6.4469251,12.312092
VisualCogB_Task-2.mat,B,Task-2,L,42,-0.4453125,2.8414828,-6.6891056,12.226282
VisualCogB_Task-2.mat,B,Task-2,L,42,-0.44140625,2.7379909,-6.6008344,12.218382
VisualCogB_Task-2.mat,B,Task-2,L,42,-0.4375,2.6646851,-6.200019,12.046059
VisualCogB_Task-2.mat,B,Task-2,L,42,-0.43359375,2.6040993,-6.2735994,11.860087
VisualCogB_Task-2.mat,B,Task-2,L,42,-0.4296875,2.5939195,-6.3627409,11.738831
VisualCogB_Task-2.mat,B,Task-2,L,42,-0.42578125,2.6180881,-6.4588694,11.643119
VisualCogB_Task-2.mat,B,Task-2,L,42,-0.421875,2.6555302,-6.309543,11.583726
VisualCogB_Task-2.mat,B,Task-2,L,42,-0.41796875,2.698875,-6.3024619,11.532482
VisualCogB_Task-2.mat,B,Task-2,L,42,-0.4140625,2.7274617,-6.1723345,11.603475
VisualCogB_Task-2.mat,B,Task-2,L,42,-0.41015625,2.7199453,-6.1302424,11.778064
VisualCogB_Task-2.mat,B,Task-2,L,42,-0.40625,2.686768,-6.1055184,11.800631
VisualCogB_Task-2.mat,B,Task-2,L,42,-0.40234375,2.6857759,-6.0452788,11.622302
VisualCogB_Task-2.mat,B,Task-2,L,42,-0.3984375,2.7089032,-6.0134114,11.565204
VisualCogB_Task-2.mat,B,Task-2,L,42,-0.39453125,2.7618797,-5.9322741,11.651199
VisualCogB_Task-2.mat,B,Task-2,L,42,-0.390625,2.8289006,-5.8867007,11.584659
VisualCogB_Task-2.mat,B,Task-2,L,42,-0.38671875,2.8616677,-5.8598854,11.446685
VisualCogB_Task-2.mat,B,Task-2,L,42,-0.3828125,2.8472677,-5.7843819,11.508537
VisualCogB_Task-2.mat,B,Task-2,L,42,-0.37890625,2.7896482,-5.6463853,11.556492
VisualCogB_Task-2.mat,B,Task-2,L,42,-0.375,2.6695832,-5.7029701,11.346961
VisualCogB_Task-2.mat,B,Task-2,L,42,-0.37109375,2.510549,-5.8387588,11.244108
VisualCogB_Task-2.mat,B,Task-2,L,42,-0.3671875,2.3548443,-6.0299049,11.124752
VisualCogB_Task-2.mat,B,Task-2,L,42,-0.36328125,2.1778865,-6.3275815,11.032793
VisualCogB_Task-2.mat,B,Task-2,L,42,-0.359375,1.9949003,-6.615607,10.827183
VisualCogB_Task-2.mat,B,Task-2,L,42,-0.35546875,1.8296808,-6.9861536,10.55502
VisualCogB_Task-2.mat,B,Task-2,L,42,-0.3515625,1.689611,-7.2608624,10.250433
VisualCogB_Task-2.mat,B,Task-2,L,42,-0.34765625,1.5414738,-7.4139049,9.9842605
VisualCogB_Task-2.mat,B,Task-2,L,42,-0.34375,1.4081275,-7.4874225,9.8348811
VisualCogB_Task-2.mat,B,Task-2,L,42,-0.33984375,1.3139667,-7.5538393,9.6932473
VisualCogB_Task-2.mat,B,Task-2,L,42,-0.3359375,1.2807813,-7.7930058,9.6122102
VisualCogB_Task-2.mat,B,Task-2,L,42,-0.33203125,1.3043821,-7.7195735,9.5844521
VisualCogB_Task-2.mat,B,Task-2,L,42,-0.328125,1.3655004,-7.5991024,9.6381411
VisualCogB_Task-2.mat,B,Task-2,L,42,-0.32421875,1.452901,-7.4968295,9.6611936
VisualCogB_Task-2.mat,B,Task-2,L,42,-0.3203125,1.5639034,-7.3211154,9.6071826
VisualCogB_Task-2.mat,B,Task-2,L,42,-0.31640625,1.7095308,-7.242508,9.3913273
VisualCogB_Task-2.mat,B,Task-2,L,42,-0.3125,1.8661559,-7.0684529,9.1860892
VisualCogB_Task-2.mat,B,Task-2,L,42,-0.30859375,1.983874,-6.7525177,8.9851472
VisualCogB_Task-2.mat,B,Task-2,L,42,-0.3046875,2.0661612,-6.3975209,8.7449159
VisualCogB_Task-2.mat,B,Task-2,L,42,-0.30078125,2.1258195,-6.2007278,8.6315381
VisualCogB_Task-2.mat,B,Task-2,L,42,-0.296875,2.1739173,-6.1264536,8.4703421
VisualCogB_Task-2.mat,B,Task-2,L,42,-0.29296875,2.2270789,-6.0127884,8.3222454
VisualCogB_Task-2.mat,B,Task-2,L,42,-0.2890625,2.2967288,-5.8742664,8.1231842
VisualCogB_Task-2.mat,B,Task-2,L,42,-0.28515625,2.4145654,-5.5885826,8.1110527
VisualCogB_Task-2.mat,B,Task-2,L,42,-0.28125,2.5738636,-5.3125658,8.1677392
VisualCogB_Task-2.mat,B,Task-2,L,42,-0.27734375,2.8351906,-4.9718394,8.2742313
VisualCogB_Task-2.mat,B,Task-2,L,42,-0.2734375,3.0844969,-4.5975219,8.5041152
VisualCogB_Task-2.mat,B,Task-2,L,42,-0.26953125,3.2598326,-4.3416686,8.720255
VisualCogB_Task-2.mat,B,Task-2,L,42,-0.265625,3.3974069,-4.0845633,8.8556036
VisualCogB_Task-2.mat,B,Task-2,L,42,-0.26171875,3.4954811,-3.7574951,8.9449396
VisualCogB_Task-2.mat,B,Task-2,L,42,-0.2578125,3.5273819,-3.4531088,8.90588
VisualCogB_Task-2.mat,B,Task-2,L,42,-0.25390625,3.5055316,-3.2181793,8.9148467
VisualCogB_Task-2.mat,B,Task-2,L,42,-0.25,3.4343804,-3.0915254,8.8730379
VisualCogB_Task-2.mat,B,Task-2,L,42,-0.24609375,3.3168802,-2.9359087,8.7706492
VisualCogB_Task-2.mat,B,Task-2,L,42,-0.2421875,3.1857834,-2.8688238,8.7012148
VisualCogB_Task-2.mat,B,Task-2,L,42,-0.23828125,3.0551805,-2.881929,8.5044523
VisualCogB_Task-2.mat,B,Task-2,L,42,-0.234375,2.9292526,-2.7092663,8.2569812
VisualCogB_Task-2.mat,B,Task-2,L,42,-0.23046875,2.800108,-2.517257,7.9670169
VisualCogB_Task-2.mat,B,Task-2,L,42,-0.2265625,2.7120732,-2.330164,7.715159
VisualCogB_Task-2.mat,B,Task-2,L,42,-0.22265625,2.6433671,-2.1626681,7.5287449
VisualCogB_Task-2.mat,B,Task-2,L,42,-0.21875,2.5750522,-2.1016457,7.2251143
VisualCogB_Task-2.mat,B,Task-2,L,42,-0.21484375,2.4848862,-1.9875873,6.8747499
VisualCogB_Task-2.mat,B,Task-2,L,42,-0.2109375,2.3666452,-1.7693241,6.535304
VisualCogB_Task-2.mat,B,Task-2,L,42,-0.20703125,2.2527803,-1.6483949,6.228547
VisualCogB_Task-2.mat,B,Task-2,L,42,-0.203125,2.1519064,-1.5066321,5.94421
VisualCogB_Task-2.mat,B,Task-2,L,42,-0.19921875,2.0906312,-1.4159823,5.6414936
VisualCogB_Task-2.mat,B,Task-2,L,42,-0.1953125,2.0360034,-1.3045176,5.3126345
VisualCogB_Task-2.mat,B,Task-2,L,42,-0.19140625,1.9983327,-1.223328,5.0069093
VisualCogB_Task-2.mat,B,Task-2,L,42,-0.1875,1.9914725,-1.0401064,4.7168279
VisualCogB_Task-2.mat,B,Task-2,L,42,-0.18359375,2.0208281,-0.83499144,4.5732345
VisualCogB_Task-2.mat,B,Task-2,L,42,-0.1796875,2.0790853,-0.53975458,4.4663769
VisualCogB_Task-2.mat,B,Task-2,L,42,-0.17578125,2.1545124,-0.28715092,4.4727299
VisualCogB_Task-2.mat,B,Task-2,L,42,-0.171875,2.2641916,0.033069235,4.414282
VisualCogB_Task-2.mat,B,Task-2,L,42,-0.16796875,2.438616,0.45130942,4.4533008
VisualCogB_Task-2.mat,B,Task-2,L,42,-0.1640625,2.6525532,0.81421169,4.5963412
VisualCogB_Task-2.mat,B,Task-2,L,42,-0.16015625,2.8797229,1.1450537,4.6979239
VisualCogB_Task-2.mat,B,Task-2,L,42,-0.15625,3.0164311,1.4112834,4.7729069
VisualCogB_Task-2.mat,B,Task-2,L,42,-0.15234375,3.1062158,1.5707353,4.8016522
VisualCogB_Task-2.mat,B,Task-2,L,42,-0.1484375,3.1583392,1.7340182,4.8136331
VisualCogB_Task-2.mat,B,Task-2,L,42,-0.14453125,3.1341563,1.7101919,4.7532365
VisualCogB_Task-2.mat,B,Task-2,L,42,-0.140625,3.0209078,1.578492,4.5413202
VisualCogB_Task-2.mat,B,Task-2,L,42,-0.13671875,2.8360212,1.4364379,4.2916534
VisualCogB_Task-2.mat,B,Task-2,L,42,-0.1328125,2.6005181,1.231803,3.9517906
VisualCogB_Task-2.mat,B,Task-2,L,42,-0.12890625,2.3274249,0.97333283,3.6384195
VisualCogB_Task-2.mat,B,Task-2,L,42,-0.125,2.0562132,0.71185462,3.2825337
VisualCogB_Task-2.mat,B,Task-2,L,42,-0.12109375,1.7828932,0.47610303,3.008772
VisualCogB_Task-2.mat,B,Task-2,L,42,-0.1171875,1.4924117,0.22572525,2.7201845
VisualCogB_Task-2.mat,B,Task-2,L,42,-0.11328125,1.1765249,-0.059742418,2.4566151
VisualCogB_Task-2.mat,B,Task-2,L,42,-0.109375,0.84879525,-0.33487022,2.0690206
VisualCogB_Task-2.mat,B,Task-2,L,42,-0.10546875,0.52234903,-0.72602494,1.785066
VisualCogB_Task-2.mat,B,Task-2,L,42,-0.1015625,0.22397735,-1.0829053,1.4710784
VisualCogB_Task-2.mat,B,Task-2,L,42,-0.09765625,-0.036570547,-1.3398034,1.2525901
VisualCogB_Task-2.mat,B,Task-2,L,42,-0.09375,-0.25682609,-1.649741,1.0216794
VisualCogB_Task-2.mat,B,Task-2,L,42,-0.08984375,-0.42737814,-1.8057846,0.90754513
VisualCogB_Task-2.mat,B,Task-2,L,42,-0.0859375,-0.58758118,-1.9348652,0.75273706
VisualCogB_Task-2.mat,B,Task-2,L,42,-0.08203125,-0.73719232,-2.0376255,0.59674301
VisualCogB_Task-2.mat,B,Task-2,L,42,-0.078125,-0.87060281,-2.2731857,0.48407987
VisualCogB_Task-2.mat,B,Task-2,L,42,-0.07421875,-1.000623,-2.5700627,0.38277712
VisualCogB_Task-2.mat,B,Task-2,L,42,-0.0703125,-1.1430526,-2.7903748,0.26554883
VisualCogB_Task-2.mat,B,Task-2,L,42,-0.06640625,-1.292197,-2.9106549,0.10256247
VisualCogB_Task-2.mat,B,Task-2,L,42,-0.0625,-1.4205223,-3.1208314,0.031162488
VisualCogB_Task-2.mat,B,Task-2,L,42,-0.05859375,-1.5508634,-3.3685549,0.038646013
VisualCogB_Task-2.mat,B,Task-2,L,42,-0.0546875,-1.682038,-3.5432705,-0.084308994
VisualCogB_Task-2.mat,B,Task-2,L,42,-0.05078125,-1.8281061,-3.7691657,-0.23153211
VisualCogB_Task-2.mat,B,Task-2,L,42,-0.046875,-1.9940089,-3.9317695,-0.42431791
VisualCogB_Task-2.mat,B,Task-2,L,42,-0.04296875,-2.191787,-4.1560279,-0.58358852
VisualCogB_Task-2.mat,B,Task-2,L,42,-0.0390625,-2.4000489,-4.3527872,-0.69143521
VisualCogB_Task-2.mat,B,Task-2,L,42,-0.03515625,-2.623882,-4.6238909,-0.86267587
VisualCogB_Task-2.mat,B,Task-2,L,42,-0.03125,-2.8673325,-4.9979873,-0.92760561
VisualCogB_Task-2.mat,B,Task-2,L,42,-0.02734375,-3.1206833,-5.3740309,-1.0517496
VisualCogB_Task-2.mat,B,Task-2,L,42,-0.0234375,-3.3952321,-5.8326583,-1.1608299
VisualCogB_Task-2.mat,B,Task-2,L,42,-0.01953125,-3.6936324,-6.2675651,-1.2847342
VisualCogB_Task-2.mat,B,Task-2,L,42,-0.015625,-3.9779975,-6.7188974,-1.4550992
VisualCogB_Task-2.mat,B,Task-2,L,42,-0.01171875,-4.248874,-7.1499888,-1.5229169
VisualCogB_Task-2.mat,B,Task-2,L,42,-0.0078125,-4.4722025,-7.7154212,-1.571067
VisualCogB_Task-2.mat,B,Task-2,L,42,-0.00390625,-4.675091,-8.1121739,-1.6720868
VisualCogB_Task-2.mat,B,Task-2,L,42,0,-4.880427,-8.4910848,-1.7217813
VisualCogB_Task-2.mat,B,Task-2,L,42,0.00390625,-5.041647,-8.8036546,-1.7123083
VisualCogB_Task-2.mat,B,Task-2,L,42,0.0078125,-5.1451812,-9.0415737,-1.6950343
VisualCogB_Task-2.mat,B,Task-2,L,42,0.01171875,-5.1849865,-9.1842789,-1.7445431
VisualCogB_Task-2.mat,B,Task-2,L,42,0.015625,-5.1692664,-9.0972986,-1.6563807
VisualCogB_Task-2.mat,B,Task-2,L,42,0.01953125,-5.1247525,-8.978191,-1.7972572
VisualCogB_Task-2.mat,B,Task-2,L,42,0.0234375,-5.0728485,-8.9017442,-1.7221241
VisualCogB_Task-2.mat,B,Task-2,L,42,0.02734375,-4.993007,-8.9095975,-1.6139292
VisualCogB_Task-2.mat,B,Task-2,L,42,0.03125,-4.9662996,-8.905823,-1.4819019
VisualCogB_Task-2.mat,B,Task-2,L,42,0.03515625,-4.9566262,-8.952831,-1.1992878
VisualCogB_Task-2.mat,B,Task-2,L,42,0.0390625,-4.9433184,-9.2198574,-1.048697
VisualCogB_Task-2.mat,B,Task-2,L,42,0.04296875,-4.9678079,-9.5832952,-0.85986887
VisualCogB_Task-2.mat,B,Task-2,L,42,0.046875,-5.0191351,-9.7115215,-0.76033106
VisualCogB_Task-2.mat,B,Task-2,L,42,0.05078125,-5.0767028,-9.9249934,-0.70853517
VisualCogB_Task-2.mat,B,Task-2,L,42,0.0546875,-5.1528477,-10.168787,-0.61591632
VisualCogB_Task-2.mat,B,Task-2,L,42,0.05859375,-5.2666316,-10.362936,-0.69893067
VisualCogB_Task-2.mat,B,Task-2,L,42,0.0625,-5.3950896,-10.525951,-0.86594181
VisualCogB_Task-2.mat,B,Task-2,L,42,0.06640625,-5.5339735,-10.581473,-0.87400663
VisualCogB_Task-2.mat,B,Task-2,L,42,0.0703125,-5.6911487,-10.662775,-0.94160342
VisualCogB_Task-2.mat,B,Task-2,L,42,0.07421875,-5.883259,-10.832113,-1.0970689
VisualCogB_Task-2.mat,B,Task-2,L,42,0.078125,-6.0848372,-10.983139,-1.2796463
VisualCogB_Task-2.mat,B,Task-2,L,42,0.08203125,-6.2820421,-11.161951,-1.4895623
VisualCogB_Task-2.mat,B,Task-2,L,42,0.0859375,-6.4567938,-11.304905,-1.7395708
VisualCogB_Task-2.mat,B,Task-2,L,42,0.08984375,-6.6178496,-11.347906,-1.8264839
VisualCogB_Task-2.mat,B,Task-2,L,42,0.09375,-6.7713902,-11.518609,-2.0480233
VisualCogB_Task-2.mat,B,Task-2,L,42,0.09765625,-6.9360976,-11.703213,-2.0917332
VisualCogB_Task-2.mat,B,Task-2,L,42,0.1015625,-7.1107711,-11.90894,-2.1932889
VisualCogB_Task-2.mat,B,Task-2,L,42,0.10546875,-7.306861,-12.108692,-2.2621078
VisualCogB_Task-2.mat,B,Task-2,L,42,0.109375,-7.4672631,-12.350003,-2.2182322
VisualCogB_Task-2.mat,B,Task-2,L,42,0.11328125,-7.6216397,-12.65598,-2.1413919
VisualCogB_Task-2.mat,B,Task-2,L,42,0.1171875,-7.7626764,-12.894686,-2.1710361
VisualCogB_Task-2.mat,B,Task-2,L,42,0.12109375,-7.8503332,-13.092852,-2.0251143
VisualCogB_Task-2.mat,B,Task-2,L,42,0.125,-7.8808917,-13.18992,-1.9264863
VisualCogB_Task-2.mat,B,Task-2,L,42,0.12890625,-7.8781659,-13.354498,-1.8103656
VisualCogB_Task-2.mat,B,Task-2,L,42,0.1328125,-7.8401633,-13.421179,-1.617827
VisualCogB_Task-2.mat,B,Task-2,L,42,0.13671875,-7.8186585,-13.642203,-1.3315544
VisualCogB_Task-2.mat,B,Task-2,L,42,0.140625,-7.8049075,-13.781373,-1.0163971
VisualCogB_Task-2.mat,B,Task-2,L,42,0.14453125,-7.7793314,-13.851032,-0.78250489
VisualCogB_Task-2.mat,B,Task-2,L,42,0.1484375,-7.8045909,-13.970219,-0.5878145
VisualCogB_Task-2.mat,B,Task-2,L,42,0.15234375,-7.8138173,-14.019968,-0.3580521
VisualCogB_Task-2.mat,B,Task-2,L,42,0.15625,-7.7851707,-14.112952,-0.12193254
VisualCogB_Task-2.mat,B,Task-2,L,42,0.16015625,-7.745659,-14.291224,0.098985159
VisualCogB_Task-2.mat,B,Task-2,L,42,0.1640625,-7.663815,-14.35833,0.21072448
VisualCogB_Task-2.mat,B,Task-2,L,42,0.16796875,-7.5602054,-14.23139,0.3928669
VisualCogB_Task-2.mat,B,Task-2,L,42,0.171875,-7.4714947,-14.246443,0.68990171
VisualCogB_Task-2.mat,B,Task-2,L,42,0.17578125,-7.3867246,-14.417978,0.93679314
VisualCogB_Task-2.mat,B,Task-2,L,42,0.1796875,-7.3249493,-14.513554,0.98597293
VisualCogB_Task-2.mat,B,Task-2,L,42,0.18359375,-7.2928299,-14.532354,1.1165301
VisualCogB_Task-2.mat,B,Task-2,L,42,0.1875,-7.2881163,-14.580146,1.2080021
VisualCogB_Task-2.mat,B,Task-2,L,42,0.19140625,-7.2940611,-14.649085,1.2213315
VisualCogB_Task-2.mat,B,Task-2,L,42,0.1953125,-7.3008902,-14.703854,1.1635782
VisualCogB_Task-2.mat,B,Task-2,L,42,0.19921875,-7.3104392,-14.823586,1.2414065
VisualCogB_Task-2.mat,B,Task-2,L,42,0.203125,-7.3429027,-14.763612,1.1876834
VisualCogB_Task-2.mat,B,Task-2,L,42,0.20703125,-7.437215,-14.894195,1.2820044
VisualCogB_Task-2.mat,B,Task-2,L,42,0.2109375,-7.5926,-15.187833,1.3388659
VisualCogB_Task-2.mat,B,Task-2,L,42,0.21484375,-7.7850511,-15.524779,1.0997266
VisualCogB_Task-2.mat,B,Task-2,L,42,0.21875,-8.0109629,-15.811245,0.80899825
VisualCogB_Task-2.mat,B,Task-2,L,42,0.22265625,-8.2555024,-16.32529,0.6154624
VisualCogB_Task-2.mat,B,Task-2,L,42,0.2265625,-8.5082264,-16.878661,0.43223233
VisualCogB_Task-2.mat,B,Task-2,L,42,0.23046875,-8.7938657,-17.329365,0.35188811
VisualCogB_Task-2.mat,B,Task-2,L,42,0.234375,-9.079881,-17.62158,0.35606771
VisualCogB_Task-2.mat,B,Task-2,L,42,0.23828125,-9.341035,-17.890877,0.36804528
VisualCogB_Task-2.mat,B,Task-2,L,42,0.2421875,-9.5647867,-18.150999,0.42580256
VisualCogB_Task-2.mat,B,Task-2,L,42,0.24609375,-9.7719383,-18.490613,0.3692595
VisualCogB_Task-2.mat,B,Task-2,L,42,0.25,-9.9575359,-18.804001,0.32627416
VisualCogB_Task-2.mat,B,Task-2,L,42,0.25390625,-10.143825,-19.007409,0.43468709
VisualCogB_Task-2.mat,B,Task-2,L,42,0.2578125,-10.314182,-19.328325,0.4580277
VisualCogB_Task-2.mat,B,Task-2,L,42,0.26171875,-10.49278,-19.673656,0.43664727
VisualCogB_Task-2.mat,B,Task-2,L,42,0.265625,-10.693402,-19.941548,0.32569623
VisualCogB_Task-2.mat,B,Task-2,L,42,0.26953125,-10.8762,-20.153618,0.21974814
VisualCogB_Task-2.mat,B,Task-2,L,42,0.2734375,-11.018079,-20.226308,0.13220754
VisualCogB_Task-2.mat,B,Task-2,L,42,0.27734375,-11.112304,-20.271606,0.024417734
VisualCogB_Task-2.mat,B,Task-2,L,42,0.28125,-11.144124,-20.312888,0.10022516
VisualCogB_Task-2.mat,B,Task-2,L,42,0.28515625,-11.128737,-20.363869,0.046342707
VisualCogB_Task-2.mat,B,Task-2,L,42,0.2890625,-11.083288,-20.425678,-0.18988519
VisualCogB_Task-2.mat,B,Task-2,L,42,0.29296875,-11.012804,-20.44045,-0.037251663
VisualCogB_Task-2.mat,B,Task-2,L,42,0.296875,-10.94396,-20.353753,0.05661087
VisualCogB_Task-2.mat,B,Task-2,L,42,0.30078125,-10.882966,-20.354903,0.32133284
VisualCogB_Task-2.mat,B,Task-2,L,42,0.3046875,-10.856541,-20.363849,0.5661231
VisualCogB_Task-2.mat,B,Task-2,L,42,0.30859375,-10.865519,-20.428041,0.7818151
VisualCogB_Task-2.mat,B,Task-2,L,42,0.3125,-10.919608,-20.693853,0.92675023
VisualCogB_Task-2.mat,B,Task-2,L,42,0.31640625,-11.016014,-20.938482,0.98122973
VisualCogB_Task-2.mat,B,Task-2,L,42,0.3203125,-11.171545,-21.13019,0.80245323
VisualCogB_Task-2.mat,B,Task-2,L,42,0.32421875,-11.388932,-21.385094,0.61276169
VisualCogB_Task-2.mat,B,Task-2,L,42,0.328125,-11.665664,-21.793638,0.38139262
VisualCogB_Task-2.mat,B,Task-2,L,42,0.33203125,-11.988557,-22.264271,-0.0088875294
VisualCogB_Task-2.mat,B,Task-2,L,42,0.3359375,-12.383129,-22.767765,-0.44401999
VisualCogB_Task-2.mat,B,Task-2,L,42,0.33984375,-12.819755,-23.239908,-0.86084671
VisualCogB_Task-2.mat,B,Task-2,L,42,0.34375,-13.270932,-23.529517,-1.1263836
VisualCogB_Task-2.mat,B,Task-2,L,42,0.34765625,-13.685193,-23.816492,-1.4059882
VisualCogB_Task-2.mat,B,Task-2,L,42,0.3515625,-14.044641,-24.092494,-1.7906775
VisualCogB_Task-2.mat,B,Task-2,L,42,0.35546875,-14.341621,-24.329213,-2.1131968
VisualCogB_Task-2.mat,B,Task-2,L,42,0.359375,-14.570592,-24.535573,-2.3931117
VisualCogB_Task-2.mat,B,Task-2,L,42,0.36328125,-14.75652,-24.817096,-2.5212976
VisualCogB_Task-2.mat,B,Task-2,L,42,0.3671875,-14.911153,-25.081269,-2.6220958
VisualCogB_Task-2.mat,B,Task-2,L,42,0.37109375,-15.051659,-25.275586,-2.8350347
VisualCogB_Task-2.mat,B,Task-2,L,42,0.375,-15.186937,-25.451689,-3.2478674
VisualCogB_Task-2.mat,B,Task-2,L,42,0.37890625,-15.299339,-25.594922,-3.4686838
VisualCogB_Task-2.mat,B,Task-2,L,42,0.3828125,-15.352665,-25.743876,-3.4669506
VisualCogB_Task-2.mat,B,Task-2,L,42,0.38671875,-15.340146,-25.815145,-3.3468555
VisualCogB_Task-2.mat,B,Task-2,L,42,0.390625,-15.250866,-25.771017,-3.3737379
VisualCogB_Task-2.mat,B,Task-2,L,42,0.39453125,-15.077701,-25.536573,-3.4659419
VisualCogB_Task-2.mat,B,Task-2,L,42,0.3984375,-14.827483,-25.240711,-3.4512179
VisualCogB_Task-2.mat,B,Task-2,L,42,0.40234375,-14.520658,-25.053044,-3.3495236
VisualCogB_Task-2.mat,B,Task-2,L,42,0.40625,-14.175103,-25.066511,-3.1209003
VisualCogB_Task-2.mat,B,Task-2,L,42,0.41015625,-13.820573,-24.962203,-2.7900381
VisualCogB_Task-2.mat,B,Task-2,L,42,0.4140625,-13.47419,-24.776488,-2.5693329
VisualCogB_Task-2.mat,B,Task-2,L,42,0.41796875,-13.167654,-24.536674,-2.3864573
VisualCogB_Task-2.mat,B,Task-2,L,42,0.421875,-12.924513,-24.408783,-2.1856427
VisualCogB_Task-2.mat,B,Task-2,L,42,0.42578125,-12.73555,-24.442175,-2.1162313
VisualCogB_Task-2.mat,B,Task-2,L,42,0.4296875,-12.594957,-24.485783,-2.1466734
VisualCogB_Task-2.mat,B,Task-2,L,42,0.43359375,-12.495314,-24.443501,-1.9924759
VisualCogB_Task-2.mat,B,Task-2,L,42,0.4375,-12.46086,-24.434711,-1.8608346
VisualCogB_Task-2.mat,B,Task-2,L,42,0.44140625,-12.478848,-24.418154,-1.9535674
VisualCogB_Task-2.mat,B,Task-2,L,42,0.4453125,-12.552267,-24.382208,-1.925785
VisualCogB_Task-2.mat,B,Task-2,L,42,0.44921875,-12.671035,-24.370755,-1.9445322
VisualCogB_Task-2.mat,B,Task-2,L,42,0.453125,-12.822177,-24.418395,-2.0468086
VisualCogB_Task-2.mat,B,Task-2,L,42,0.45703125,-13.005793,-24.537314,-2.1886006
VisualCogB_Task-2.mat,B,Task-2,L,42,0.4609375,-13.177112,-24.601318,-2.3552691
VisualCogB_Task-2.mat,B,Task-2,L,42,0.46484375,-13.341239,-24.678217,-2.3835586
VisualCogB_Task-2.mat,B,Task-2,L,42,0.46875,-13.461007,-24.711061,-2.4255766
VisualCogB_Task-2.mat,B,Task-2,L,42,0.47265625,-13.54405,-24.683693,-2.3740277
VisualCogB_Task-2.mat,B,Task-2,L,42,0.4765625,-13.599062,-24.554086,-2.1807663
VisualCogB_Task-2.mat,B,Task-2,L,42,0.48046875,-13.605821,-24.367613,-1.9735821
VisualCogB_Task-2.mat,B,Task-2,L,42,0.484375,-13.571632,-24.307659,-1.9811616
VisualCogB_Task-2.mat,B,Task-2,L,42,0.48828125,-13.503935,-24.240233,-2.0352485
VisualCogB_Task-2.mat,B,Task-2,L,42,0.4921875,-13.366887,-24.143911,-1.7391931
VisualCogB_Task-2.mat,B,Task-2,L,42,0.49609375,-13.131624,-23.908646,-1.493091
VisualCogB_Task-2.mat,B,Task-2,L,42,0.5,-12.795248,-23.349513,-1.1650013
VisualCogB_Task-2.mat,B,Task-2,L,42,0.50390625,-12.355045,-22.661873,-0.48538448
VisualCogB_Task-2.mat,B,Task-2,L,42,0.5078125,-11.801447,-21.898271,0.10917001
VisualCogB_Task-2.mat,B,Task-2,L,42,0.51171875,-11.162964,-21.27347,0.73497666
VisualCogB_Task-2.mat,B,Task-2,L,42,0.515625,-10.447292,-20.471178,1.4249286
VisualCogB_Task-2.mat,B,Task-2,L,42,0.51953125,-9.6666212,-19.631852,2.3196174
VisualCogB_Task-2.mat,B,Task-2,L,42,0.5234375,-8.7791668,-18.988607,3.0270986
VisualCogB_Task-2.mat,B,Task-2,L,42,0.52734375,-7.8134171,-18.216744,3.9084155
VisualCogB_Task-2.mat,B,Task-2,L,42,0.53125,-6.8063731,-17.24254,4.8608556
VisualCogB_Task-2.mat,B,Task-2,L,42,0.53515625,-5.7762724,-16.551134,5.8724872
VisualCogB_Task-2.mat,B,Task-2,L,42,0.5390625,-4.7327253,-15.663872,6.8831418
VisualCogB_Task-2.mat,B,Task-2,L,42,0.54296875,-3.6430129,-14.535016,7.832231
VisualCogB_Task-2.mat,B,Task-2,L,42,0.546875,-2.5101937,-13.281754,8.8468943
VisualCogB_Task-2.mat,B,Task-2,L,42,0.55078125,-1.3654948,-12.375943,9.7341373
VisualCogB_Task-2.mat,B,Task-2,L,42,0.5546875,-0.23458006,-11.450852,10.659014
VisualCogB_Task-2.mat,B,Task-2,L,42,0.55859375,0.87902583,-10.667355,11.568115
VisualCogB_Task-2.mat,B,Task-2,L,42,0.5625,1.9540308,-9.9290353,12.734038
VisualCogB_Task-2.mat,B,Task-2,L,42,0.56640625,2.9653497,-9.3383969,13.819123
VisualCogB_Task-2.mat,B,Task-2,L,42,0.5703125,3.9185205,-8.7671511,14.621726
VisualCogB_Task-2.mat,B,Task-2,L,42,0.57421875,4.8458934,-8.1694262,15.758166
VisualCogB_Task-2.mat,B,Task-2,L,42,0.578125,5.7513411,-7.4086844,16.718832
VisualCogB_Task-2.mat,B,Task-2,L,42,0.58203125,6.6442121,-6.9530604,17.76592
VisualCogB_Task-2.mat,B,Task-2,L,42,0.5859375,7.5173859,-6.260233,18.734392
VisualCogB_Task-2.mat,B,Task-2,L,42,0.58984375,8.3092668,-5.3437745,19.707157
VisualCogB_Task-2.mat,B,Task-2,L,42,0.59375,9.0894099,-4.8145953,20.561788
VisualCogB_Task-2.mat,B,Task-2,L,42,0.59765625,9.8466416,-3.8287743,21.249139
VisualCogB_Task-2.mat,B,Task-2,L,42,0.6015625,10.57135,-2.8838048,22.066726
VisualCogB_Task-2.mat,B,Task-2,L,42,0.60546875,11.279887,-1.8386137,22.934324
VisualCogB_Task-2.mat,B,Task-2,L,42,0.609375,11.991304,-0.82885561,23.832538
VisualCogB_Task-2.mat,B,Task-2,L,42,0.61328125,12.754241,-0.30322847,24.470138
VisualCogB_Task-2.mat,B,Task-2,L,42,0.6171875,13.528971,0.40741215,25.153142
VisualCogB_Task-2.mat,B,Task-2,L,42,0.62109375,14.293641,1.322014,25.974974
VisualCogB_Task-2.mat,B,Task-2,L,42,0.625,15.024893,2.1290509,26.869691
VisualCogB_Task-2.mat,B,Task-2,L,42,0.62890625,15.705344,2.9290512,27.670517
VisualCogB_Task-2.mat,B,Task-2,L,42,0.6328125,16.343547,3.5284655,28.333053
VisualCogB_Task-2.mat,B,Task-2,L,42,0.63671875,16.997605,4.1643114,28.701096
VisualCogB_Task-2.mat,B,Task-2,L,42,0.640625,17.720454,4.9649189,29.332127
VisualCogB_Task-2.mat,B,Task-2,L,42,0.64453125,18.476424,5.5629205,30.041468
VisualCogB_Task-2.mat,B,Task-2,L,42,0.6484375,19.166554,6.2578716,30.884276
VisualCogB_Task-2.mat,B,Task-2,L,42,0.65234375,19.819368,6.8970545,31.808518
VisualCogB_Task-2.mat,B,Task-2,L,42,0.65625,20.414475,7.6702682,32.405649
VisualCogB_Task-2.mat,B,Task-2,L,42,0.66015625,20.95935,8.6548292,32.986869
VisualCogB_Task-2.mat,B,Task-2,L,42,0.6640625,21.413776,9.5125048,33.262343
VisualCogB_Task-2.mat,B,Task-2,L,42,0.66796875,21.770694,10.176844,33.466589
VisualCogB_Task-2.mat,B,Task-2,L,42,0.671875,22.056087,10.296248,33.881856
VisualCogB_Task-2.mat,B,Task-2,L,42,0.67578125,22.264155,10.398821,34.106072
VisualCogB_Task-2.mat,B,Task-2,L,42,0.6796875,22.410409,10.9571,34.127992
VisualCogB_Task-2.mat,B,Task-2,L,42,0.68359375,22.51929,11.384102,34.116695
VisualCogB_Task-2.mat,B,Task-2,L,42,0.6875,22.608359,11.580165,34.277111
VisualCogB_Task-2.mat,B,Task-2,L,42,0.69140625,22.70708,11.631303,34.142625
VisualCogB_Task-2.mat,B,Task-2,L,42,0.6953125,22.777038,11.882491,34.291787
VisualCogB_Task-2.mat,B,Task-2,L,42,0.69921875,22.837805,12.101844,34.666524
VisualCogB_Task-2.mat,B,Task-2,L,42,0.703125,22.849049,12.434511,34.664029
VisualCogB_Task-2.mat,B,Task-2,L,42,0.70703125,22.87719,12.682979,34.657353
VisualCogB_Task-2.mat,B,Task-2,L,42,0.7109375,22.932456,12.834249,34.788661
VisualCogB_Task-2.mat,B,Task-2,L,42,0.71484375,22.980079,12.988994,34.876522
VisualCogB_Task-2.mat,B,Task-2,L,42,0.71875,23.070142,13.28622,34.982281
VisualCogB_Task-2.mat,B,Task-2,L,42,0.72265625,23.195237,13.440295,35.186331
VisualCogB_Task-2.mat,B,Task-2,L,42,0.7265625,23.368516,13.613827,35.394823
VisualCogB_Task-2.mat,B,Task-2,L,42,0.73046875,23.60327,13.84161,35.583851
VisualCogB_Task-2.mat,B,Task-2,L,42,0.734375,23.802735,14.121646,35.657895
VisualCogB_Task-2.mat,B,Task-2,L,42,0.73828125,24.003524,14.279618,35.803146
VisualCogB_Task-2.mat,B,Task-2,L,42,0.7421875,24.200879,14.477733,35.965315
VisualCogB_Task-2.mat,B,Task-2,L,42,0.74609375,24.395516,14.805985,36.174594
VisualCogB_Task-2.mat,B,Task-2,L,42,0.75,24.617966,14.873962,36.263834
VisualCogB_Task-2.mat,B,Task-2,L,42,0.75390625,24.929105,15.063245,36.522002
VisualCogB_Task-2.mat,B,Task-2,L,42,0.7578125,25.270621,15.249077,36.74349
VisualCogB_Task-2.mat,B,Task-2,L,42,0.76171875,25.598626,15.44347,36.985666
VisualCogB_Task-2.mat,B,Task-2,L,42,0.765625,25.844923,15.611009,37.370589
VisualCogB_Task-2.mat,B,Task-2,L,42,0.76953125,26.042951,15.637559,37.907522
VisualCogB_Task-2.mat,B,Task-2,L,42,0.7734375,26.151544,15.549924,38.34667
VisualCogB_Task-2.mat,B,Task-2,L,42,0.77734375,26.164253,15.472492,38.468881
VisualCogB_Task-2.mat,B,Task-2,L,42,0.78125,26.085439,15.287963,38.588763
VisualCogB_Task-2.mat,B,Task-2,L,42,0.78515625,25.941922,14.90193,38.753616
VisualCogB_Task-2.mat,B,Task-2,L,42,0.7890625,25.761586,14.323422,38.604411
VisualCogB_Task-2.mat,B,Task-2,L,42,0.79296875,25.549383,13.910981,38.343885
VisualCogB_Task-2.mat,B,Task-2,L,42,0.796875,25.342367,13.187123,38.150226
VisualCogB_Task-2.mat,B,Task-2,L,42,0.80078125,25.135774,12.985401,37.905356
VisualCogB_Task-2.mat,B,Task-2,L,42,0.8046875,24.91164,12.420291,37.756708
VisualCogB_Task-2.mat,B,Task-2,L,42,0.80859375,24.697775,11.863152,37.678065
VisualCogB_Task-2.mat,B,Task-2,L,42,0.8125,24.455403,11.442208,37.702663
VisualCogB_Task-2.mat,B,Task-2,L,42,0.81640625,24.222521,10.744824,37.866765
VisualCogB_Task-2.mat,B,Task-2,L,42,0.8203125,23.991435,9.9968295,37.772353
VisualCogB_Task-2.mat,B,Task-2,L,42,0.82421875,23.794591,9.2048174,37.687883
VisualCogB_Task-2.mat,B,Task-2,L,42,0.828125,23.588968,8.5942263,37.929907
VisualCogB_Task-2.mat,B,Task-2,L,42,0.83203125,23.394053,8.0342104,38.128466
VisualCogB_Task-2.mat,B,Task-2,L,42,0.8359375,23.228725,7.1682958,38.294498
VisualCogB_Task-2.mat,B,Task-2,L,42,0.83984375,23.079013,6.3176019,38.204871
VisualCogB_Task-2.mat,B,Task-2,L,42,0.84375,22.96195,5.5746649,38.119093
VisualCogB_Task-2.mat,B,Task-2,L,42,0.84765625,22.83563,5.2772677,38.106804
VisualCogB_Task-2.mat,B,Task-2,L,42,0.8515625,22.692257,5.1915007,38.305436
VisualCogB_Task-2.mat,B,Task-2,L,42,0.85546875,22.573066,5.0768165,38.424845
VisualCogB_Task-2.mat,B,Task-2,L,42,0.859375,22.45777,5.0763448,38.40815
VisualCogB_Task-2.mat,B,Task-2,L,42,0.86328125,22.370342,5.0411659,38.11896
VisualCogB_Task-2.mat,B,Task-2,L,42,0.8671875,22.307622,4.9937395,37.801945
VisualCogB_Task-2.mat,B,Task-2,L,42,0.87109375,22.25715,4.8559509,37.588666
VisualCogB_Task-2.mat,B,Task-2,L,42,0.875,22.194434,4.813957,37.240037
VisualCogB_Task-2.mat,B,Task-2,L,42,0.87890625,22.129471,4.6785418,36.890202
VisualCogB_Task-2.mat,B,Task-2,L,42,0.8828125,22.054154,4.5920677,36.69484
VisualCogB_Task-2.mat,B,Task-2,L,42,0.88671875,21.95935,4.5380517,36.483347
VisualCogB_Task-2.mat,B,Task-2,L,42,0.890625,21.855073,4.6336221,36.249708
VisualCogB_Task-2.mat,B,Task-2,L,42,0.89453125,21.764566,4.7815857,36.102584
VisualCogB_Task-2.mat,B,Task-2,L,42,0.8984375,21.703982,4.7061465,36.227467
VisualCogB_Task-2.mat,B,Task-2,L,42,0.90234375,21.700526,4.8978727,36.440208
VisualCogB_Task-2.mat,B,Task-2,L,42,0.90625,21.766242,5.251115,36.322066
VisualCogB_Task-2.mat,B,Task-2,L,42,0.91015625,21.904114,5.674593,36.363126
VisualCogB_Task-2.mat,B,Task-2,L,42,0.9140625,22.088909,5.9498264,36.587837
VisualCogB_Task-2.mat,B,Task-2,L,42,0.91796875,22.283424,5.9425391,36.654635
VisualCogB_Task-2.mat,B,Task-2,L,42,0.921875,22.491094,6.2254884,36.885444
VisualCogB_Task-2.mat,B,Task-2,L,42,0.92578125,22.693092,6.1272679,37.085771
VisualCogB_Task-2.mat,B,Task-2,L,42,0.9296875,22.890433,6.1710588,37.276798
VisualCogB_Task-2.mat,B,Task-2,L,42,0.93359375,23.138456,6.3986402,37.643178
VisualCogB_Task-2.mat,B,Task-2,L,42,0.9375,23.40062,6.6883224,38.14292
VisualCogB_Task-2.mat,B,Task-2,L,42,0.94140625,23.706911,7.096024,38.671666
VisualCogB_Task-2.mat,B,Task-2,L,42,0.9453125,23.986676,7.4859905,38.872532
VisualCogB_Task-2.mat,B,Task-2,L,42,0.94921875,24.228885,7.8815173,39.191851
VisualCogB_Task-2.mat,B,Task-2,L,42,0.953125,24.422511,8.3235029,39.585502
VisualCogB_Task-2.mat,B,Task-2,L,42,0.95703125,24.556523,8.4147582,39.871146
VisualCogB_Task-2.mat,B,Task-2,L,42,0.9609375,24.619895,8.6896827,39.888184
VisualCogB_Task-2.mat,B,Task-2,L,42,0.96484375,24.601596,8.7031383,39.647128
VisualCogB_Task-2.mat,B,Task-2,L,42,0.96875,24.490598,8.685749,39.180706
VisualCogB_Task-2.mat,B,Task-2,L,42,0.97265625,24.275874,8.5828325,38.649663
VisualCogB_Task-2.mat,B,Task-2,L,42,0.9765625,23.946393,8.6837201,37.988005
VisualCogB_Task-2.mat,B,Task-2,L,42,0.98046875,23.491128,8.2842802,36.90157
VisualCogB_Task-2.mat,B,Task-2,L,42,0.984375,22.89905,7.7412272,36.014166
VisualCogB_Task-2.mat,B,Task-2,L,42,0.98828125,22.15913,7.1448175,35.109676
VisualCogB_Task-2.mat,B,Task-2,L,42,0.9921875,21.260339,6.2372416,33.969051
VisualCogB_Task-2.mat,B,Task-2,L,42,0.99609375,20.191649,5.199941,32.298991
VisualCogB_Task-2.mat,B,Task-2,R,47,-0.5,9.7114195,-0.5039845,20.490685
VisualCogB_Task-2.mat,B,Task-2,R,47,-0.49609375,10.073317,0.2132036,20.329641
VisualCogB_Task-2.mat,B,Task-2,R,47,-0.4921875,10.351279,0.30461581,19.801441
VisualCogB_Task-2.mat,B,Task-2,R,47,-0.48828125,10.551377,0.59079914,19.477491
VisualCogB_Task-2.mat,B,Task-2,R,47,-0.484375,10.679686,0.66360494,19.292562
VisualCogB_Task-2.mat,B,Task-2,R,47,-0.48046875,10.742276,0.98355291,19.224321
VisualCogB_Task-2.mat,B,Task-2,R,47,-0.4765625,10.74522,1.173448,19.24155
VisualCogB_Task-2.mat,B,Task-2,R,47,-0.47265625,10.694592,1.4251454,19.02489
VisualCogB_Task-2.mat,B,Task-2,R,47,-0.46875,10.596463,1.4852911,18.75686
VisualCogB_Task-2.mat,B,Task-2,R,47,-0.46484375,10.456906,1.522766,18.77785
VisualCogB_Task-2.mat,B,Task-2,R,47,-0.4609375,10.281993,1.5103944,18.726593
VisualCogB_Task-2.mat,B,Task-2,R,47,-0.45703125,10.077797,1.3820943,18.580125
VisualCogB_Task-2.mat,B,Task-2,R,47,-0.453125,9.8503909,1.3458715,18.398858
VisualCogB_Task-2.mat,B,Task-2,R,47,-0.44921875,9.6058466,1.3247012,18.312742
VisualCogB_Task-2.mat,B,Task-2,R,47,-0.4453125,9.3502367,1.1614615,18.105134
VisualCogB_Task-2.mat,B,Task-2,R,47,-0.44140625,9.0896338,0.95891024,17.822658
VisualCogB_Task-2.mat,B,Task-2,R,47,-0.4375,8.8796002,0.83965659,17.677202
VisualCogB_Task-2.mat,B,Task-2,R,47,-0.43359375,8.6726527,0.79375455,17.355372
VisualCogB_Task-2.mat,B,Task-2,R,47,-0.4296875,8.4743415,0.69431061,16.984528
VisualCogB_Task-2.mat,B,Task-2,R,47,-0.42578125,8.3042858,0.60314246,16.7304
VisualCogB_Task-2.mat,B,Task-2,R,47,-0.421875,8.1393559,0.57690567,16.60818
VisualCogB_Task-2.mat,B,Task-2,R,47,-0.41796875,8.0230467,0.58739309,16.548021
VisualCogB_Task-2.mat,B,Task-2,R,47,-0.4140625,7.9502237,0.58464589,16.512289
VisualCogB_Task-2.mat,B,Task-2,R,47,-0.41015625,7.9152251,0.61633171,16.335017
VisualCogB_Task-2.mat,B,Task-2,R,47,-0.40625,7.8995922,0.56014129,16.394518
VisualCogB_Task-2.mat,B,Task-2,R,47,-0.40234375,7.9146383,0.6450562,16.322133
VisualCogB_Task-2.mat,B,Task-2,R,47,-0.3984375,7.945646,0.56856537,16.330725
VisualCogB_Task-2.mat,B,Task-2,R,47,-0.39453125,7.9514185,0.65206192,16.330143
VisualCogB_Task-2.mat,B,Task-2,R,47,-0.390625,7.9632481,0.76670754,16.326706
VisualCogB_Task-2.mat,B,Task-2,R,47,-0.38671875,7.9971132,0.79151694,16.375064
VisualCogB_Task-2.mat,B,Task-2,R,47,-0.3828125,8.010807,0.88768765,16.25524
VisualCogB_Task-2.mat,B,Task-2,R,47,-0.37890625,8.0332011,1.040944,16.086303
VisualCogB_Task-2.mat,B,Task-2,R,47,-0.375,8.0501332,1.0638476,16.060452
VisualCogB_Task-2.mat,B,Task-2,R,47,-0.37109375,8.1291968,1.0861677,15.938175
VisualCogB_Task-2.mat,B,Task-2,R,47,-0.3671875,8.2019882,1.1861912,15.766612
VisualCogB_Task-2.mat,B,Task-2,R,47,-0.36328125,8.2443545,1.1679897,15.539482
VisualCogB_Task-2.mat,B,Task-2,R,47,-0.359375,8.2819871,1.0640515,15.291341
VisualCogB_Task-2.mat,B,Task-2,R,47,-0.35546875,8.2769762,1.1149254,15.174298
VisualCogB_Task-2.mat,B,Task-2,R,47,-0.3515625,8.2058896,0.93077587,15.063848
VisualCogB_Task-2.mat,B,Task-2,R,47,-0.34765625,8.1096758,0.75736665,14.945244
VisualCogB_Task-2.mat,B,Task-2,R,47,-0.34375,8.0005892,0.70260233,14.826635
VisualCogB_Task-2.mat,B,Task-2,R,47,-0.33984375,7.8358654,0.59153683,14.66763
VisualCogB_Task-2.mat,B,Task-2,R,47,-0.3359375,7.6415102,0.52405791,14.436529
VisualCogB_Task-2.mat,B,Task-2,R,47,-0.33203125,7.4513782,0.40627756,14.176938
VisualCogB_Task-2.mat,B,Task-2,R,47,-0.328125,7.2224659,0.30901878,13.768563
VisualCogB_Task-2.mat,B,Task-2,R,47,-0.32421875,7.0079202,0.10010273,13.424067
VisualCogB_Task-2.mat,B,Task-2,R,47,-0.3203125,6.810409,-0.13539133,13.247498
VisualCogB_Task-2.mat,B,Task-2,R,47,-0.31640625,6.5969787,-0.23993708,13.170507
VisualCogB_Task-2.mat,B,Task-2,R,47,-0.3125,6.3841594,-0.18153419,13.101869
VisualCogB_Task-2.mat,B,Task-2,R,47,-0.30859375,6.1820758,-0.1667541,12.727488
VisualCogB_Task-2.mat,B,Task-2,R,47,-0.3046875,6.0019007,-0.1733947,12.468885
VisualCogB_Task-2.mat,B,Task-2,R,47,-0.30078125,5.8687282,-0.20468784,12.280063
VisualCogB_Task-2.mat,B,Task-2,R,47,-0.296875,5.760917,-0.27291638,12.111591
VisualCogB_Task-2.mat,B,Task-2,R,47,-0.29296875,5.6680749,-0.31289083,11.89783
VisualCogB_Task-2.mat,B,Task-2,R,47,-0.2890625,5.5611744,-0.30457304,11.700595
VisualCogB_Task-2.mat,B,Task-2,R,47,-0.28515625,5.4659595,-0.53460053,11.577435
VisualCogB_Task-2.mat,B,Task-2,R,47,-0.28125,5.3708145,-0.47403035,11.474215
VisualCogB_Task-2.mat,B,Task-2,R,47,-0.27734375,5.2611244,-0.31562668,11.252253
VisualCogB_Task-2.mat,B,Task-2,R,47,-0.2734375,5.1684892,-0.29152867,11.011694
VisualCogB_Task-2.mat,B,Task-2,R,47,-0.26953125,5.1183841,-0.17637581,10.912076
VisualCogB_Task-2.mat,B,Task-2,R,47,-0.265625,5.0904417,-0.11771953,10.829528
VisualCogB_Task-2.mat,B,Task-2,R,47,-0.26171875,5.0996335,-0.0069995046,10.744517
VisualCogB_Task-2.mat,B,Task-2,R,47,-0.2578125,5.1074403,0.014181387,10.72004
VisualCogB_Task-2.mat,B,Task-2,R,47,-0.25390625,5.1408897,-0.011122084,10.667253
VisualCogB_Task-2.mat,B,Task-2,R,47,-0.25,5.1377726,-0.0010597467,10.656732
VisualCogB_Task-2.mat,B,Task-2,R,47,-0.24609375,5.1189414,-0.008888483,10.703545
VisualCogB_Task-2.mat,B,Task-2,R,47,-0.2421875,5.119434,-0.065547979,10.654778
VisualCogB_Task-2.mat,B,Task-2,R,47,-0.23828125,5.0941726,-0.07527616,10.716734
VisualCogB_Task-2.mat,B,Task-2,R,47,-0.234375,5.0577138,-0.0059463382,10.632163
VisualCogB_Task-2.mat,B,Task-2,R,47,-0.23046875,5.0177805,0.13633689,10.460526
VisualCogB_Task-2.mat,B,Task-2,R,47,-0.2265625,4.9367842,0.17411644,10.418876
VisualCogB_Task-2.mat,B,Task-2,R,47,-0.22265625,4.8051758,0.15929158,10.357131
VisualCogB_Task-2.mat,B,Task-2,R,47,-0.21875,4.6772467,0.08547646,10.265732
VisualCogB_Task-2.mat,B,Task-2,R,47,-0.21484375,4.5683052,0.013198443,10.190128
VisualCogB_Task-2.mat,B,Task-2,R,47,-0.2109375,4.4630595,-0.066516018,9.9649845
VisualCogB_Task-2.mat,B,Task-2,R,47,-0.20703125,4.3875079,-0.14941946,9.6634371
VisualCogB_Task-2.mat,B,Task-2,R,47,-0.203125,4.2883832,-0.26569092,9.4652455
VisualCogB_Task-2.mat,B,Task-2,R,47,-0.19921875,4.1734847,-0.44628923,9.4527721
VisualCogB_Task-2.mat,B,Task-2,R,47,-0.1953125,4.042259,-0.48491012,9.27194
VisualCogB_Task-2.mat,B,Task-2,R,47,-0.19140625,3.8600434,-0.43945426,8.9574384
VisualCogB_Task-2.mat,B,Task-2,R,47,-0.1875,3.6504426,-0.44884771,8.507393
VisualCogB_Task-2.mat,B,Task-2,R,47,-0.18359375,3.392305,-0.46912583,7.9563817
VisualCogB_Task-2.mat,B,Task-2,R,47,-0.1796875,3.1175389,-0.51270852,7.3353344
VisualCogB_Task-2.mat,B,Task-2,R,47,-0.17578125,2.8363718,-0.5106315,6.7091491
VisualCogB_Task-2.mat,B,Task-2,R,47,-0.171875,2.5476505,-0.46169092,6.1181753
VisualCogB_Task-2.mat,B,Task-2,R,47,-0.16796875,2.2681827,-0.34581189,5.5170973
VisualCogB_Task-2.mat,B,Task-2,R,47,-0.1640625,1.9715087,-0.32132536,4.8256983
VisualCogB_Task-2.mat,B,Task-2,R,47,-0.16015625,1.6625072,-0.37490726,4.0919921
VisualCogB_Task-2.mat,B,Task-2,R,47,-0.15625,1.3655534,-0.43064191,3.3560438
VisualCogB_Task-2.mat,B,Task-2,R,47,-0.15234375,1.0818418,-0.6213613,2.8433494
VisualCogB_Task-2.mat,B,Task-2,R,47,-0.1484375,0.82054922,-0.71040992,2.478835
VisualCogB_Task-2.mat,B,Task-2,R,47,-0.14453125,0.56530517,-0.95814864,2.1216295
VisualCogB_Task-2.mat,B,Task-2,R,47,-0.140625,0.30998371,-1.2017319,1.7628908
VisualCogB_Task-2.mat,B,Task-2,R,47,-0.13671875,0.096124765,-1.5460554,1.5366232
VisualCogB_Task-2.mat,B,Task-2,R,47,-0.1328125,-0.079410815,-1.8262965,1.3454998
VisualCogB_Task-2.mat,B,Task-2,R,47,-0.12890625,-0.20670702,-2.046805,1.2618797
VisualCogB_Task-2.mat,B,Task-2,R,47,-0.125,-0.26498027,-2.2309678,1.2406179
VisualCogB_Task-2.mat,B,Task-2,R,47,-0.12109375,-0.26828694,-2.332877,1.3241388
VisualCogB_Task-2.mat,B,Task-2,R,47,-0.1171875,-0.21428067,-2.2930007,1.4288267
VisualCogB_Task-2.mat,B,Task-2,R,47,-0.11328125,-0.11436308,-2.1499397,1.568942
VisualCogB_Task-2.mat,B,Task-2,R,47,-0.109375,0.023506483,-1.9909615,1.673933
VisualCogB_Task-2.mat,B,Task-2,R,47,-0.10546875,0.17639452,-1.8440674,1.754687
VisualCogB_Task-2.mat,B,Task-2,R,47,-0.1015625,0.33635157,-1.692492,1.8194485
VisualCogB_Task-2.mat,B,Task-2,R,47,-0.09765625,0.49468549,-1.3299191,1.8790133
VisualCogB_Task-2.mat,B,Task-2,R,47,-0.09375,0.62078784,-1.2049716,1.9826577
VisualCogB_Task-2.mat,B,Task-2,R,47,-0.08984375,0.68800105,-1.0423312,1.994133
VisualCogB_Task-2.mat,B,Task-2,R,47,-0.0859375,0.69920155,-0.9187132,1.9841939
VisualCogB_Task-2.mat,B,Task-2,R,47,-0.08203125,0.66217768,-0.88820499,2.0149725
VisualCogB_Task-2.mat,B,Task-2,R,47,-0.078125,0.57097849,-0.99309208,2.0252039
VisualCogB_Task-2.mat,B,Task-2,R,47,-0.07421875,0.43569487,-1.1920179,1.9490418
VisualCogB_Task-2.mat,B,Task-2,R,47,-0.0703125,0.26763348,-1.2808092,1.8783744
VisualCogB_Task-2.mat,B,Task-2,R,47,-0.06640625,0.067106655,-1.5273607,1.7796462
VisualCogB_Task-2.mat,B,Task-2,R,47,-0.0625,-0.163035,-1.9407484,1.6095982
VisualCogB_Task-2.mat,B,Task-2,R,47,-0.05859375,-0.44519166,-2.3304701,1.4017592
VisualCogB_Task-2.mat,B,Task-2,R,47,-0.0546875,-0.77555969,-2.8742896,1.1102529
VisualCogB_Task-2.mat,B,Task-2,R,47,-0.05078125,-1.1183321,-3.4319305,0.82879667
VisualCogB_Task-2.mat,B,Task-2,R,47,-0.046875,-1.4685363,-3.9461591,0.55550374
VisualCogB_Task-2.mat,B,Task-2,R,47,-0.04296875,-1.7923258,-4.1632854,0.24362275
VisualCogB_Task-2.mat,B,Task-2,R,47,-0.0390625,-2.1062224,-4.620067,-0.0036119819
VisualCogB_Task-2.mat,B,Task-2,R,47,-0.03515625,-2.4134385,-5.1098265,-0.26049445
VisualCogB_Task-2.mat,B,Task-2,R,47,-0.03125,-2.7259092,-5.5024504,-0.47686821
VisualCogB_Task-2.mat,B,Task-2,R,47,-0.02734375,-3.0452852,-5.8735366,-0.7135419
VisualCogB_Task-2.mat,B,Task-2,R,47,-0.0234375,-3.3398104,-6.237779,-1.0485055
VisualCogB_Task-2.mat,B,Task-2,R,47,-0.01953125,-3.5989095,-6.5906672,-1.1719779
VisualCogB_Task-2.mat,B,Task-2,R,47,-0.015625,-3.796716,-6.9077266,-1.3733744
VisualCogB_Task-2.mat,B,Task-2,R,47,-0.01171875,-3.9295632,-7.1430893,-1.3573769
VisualCogB_Task-2.mat,B,Task-2,R,47,-0.0078125,-3.992865,-7.3184946,-1.303107
VisualCogB_Task-2.mat,B,Task-2,R,47,-0.00390625,-3.986579,-7.3392131,-1.2113377
VisualCogB_Task-2.mat,B,Task-2,R,47,0,-3.9458439,-7.2690418,-1.0827714
VisualCogB_Task-2.mat,B,Task-2,R,47,0.00390625,-3.8816373,-7.1330384,-1.0131381
VisualCogB_Task-2.mat,B,Task-2,R,47,0.0078125,-3.7875096,-6.9719061,-0.90116054
VisualCogB_Task-2.mat,B,Task-2,R,47,0.01171875,-3.6814654,-6.8245301,-0.75970876
VisualCogB_Task-2.mat,B,Task-2,R,47,0.015625,-3.5619339,-6.6570818,-0.55248894
VisualCogB_Task-2.mat,B,Task-2,R,47,0.01953125,-3.4430574,-6.4286206,-0.39998555
VisualCogB_Task-2.mat,B,Task-2,R,47,0.0234375,-3.3490532,-6.3206102,-0.1154887
VisualCogB_Task-2.mat,B,Task-2,R,47,0.02734375,-3.28441,-6.3720796,0.22970647
VisualCogB_Task-2.mat,B,Task-2,R,47,0.03125,-3.2099225,-6.4458479,0.46697781
VisualCogB_Task-2.mat,B,Task-2,R,47,0.03515625,-3.1267547,-6.5352798,0.74267293
VisualCogB_Task-2.mat,B,Task-2,R,47,0.0390625,-3.0729142,-6.7194492,0.98019397
VisualCogB_Task-2.mat,B,Task-2,R,47,0.04296875,-3.0378544,-6.8071546,1.1580432
VisualCogB_Task-2.mat,B,Task-2,R,47,0.046875,-3.046842,-7.0025395,1.2693742
VisualCogB_Task-2.mat,B,Task-2,R,47,0.05078125,-3.0891473,-7.2410627,1.3554136
VisualCogB_Task-2.mat,B,Task-2,R,47,0.0546875,-3.1685423,-7.2197937,1.3494339
VisualCogB_Task-2.mat,B,Task-2,R,47,0.05859375,-3.2872656,-7.4241895,1.3583486
VisualCogB_Task-2.mat,B,Task-2,R,47,0.0625,-3.4210108,-7.5350644,1.2382694
VisualCogB_Task-2.mat,B,Task-2,R,47,0.06640625,-3.5537245,-7.8538245,1.1061162
VisualCogB_Task-2.mat,B,Task-2,R,47,0.0703125,-3.7098949,-8.1574784,1.0904871
VisualCogB_Task-2.mat,B,Task-2,R,47,0.07421875,-3.9001709,-8.4340027,1.008807
VisualCogB_Task-2.mat,B,Task-2,R,47,0.078125,-4.1237032,-8.8916583,0.82956613
VisualCogB_Task-2.mat,B,Task-2,R,47,0.08203125,-4.3799346,-9.243259,0.57163255
VisualCogB_Task-2.mat,B,Task-2,R,47,0.0859375,-4.6434762,-9.7521308,0.52371566
VisualCogB_Task-2.mat,B,Task-2,R,47,0.08984375,-4.893791,-10.174811,0.32708616
VisualCogB_Task-2.mat,B,Task-2,R,47,0.09375,-5.0968535,-10.614572,0.10795308
VisualCogB_Task-2.mat,B,Task-2,R,47,0.09765625,-5.2677146,-10.81274,0.0087513208
VisualCogB_Task-2.mat,B,Task-2,R,47,0.1015625,-5.3751436,-11.057493,-0.13627305
VisualCogB_Task-2.mat,B,Task-2,R,47,0.10546875,-5.4360475,-11.134609,-0.12699873
VisualCogB_Task-2.mat,B,Task-2,R,47,0.109375,-5.4457278,-11.159687,-0.012057066
VisualCogB_Task-2.mat,B,Task-2,R,47,0.11328125,-5.4243858,-11.14837,-0.089324689
VisualCogB_Task-2.mat,B,Task-2,R,47,0.1171875,-5.4187167,-11.065848,-0.10654325
VisualCogB_Task-2.mat,B,Task-2,R,47,0.12109375,-5.4139669,-11.04071,-0.12763708
VisualCogB_Task-2.mat,B,Task-2,R,47,0.125,-5.3835055,-11.038506,-0.13726411
VisualCogB_Task-2.mat,B,Task-2,R,47,0.12890625,-5.3408443,-10.933782,-0.1244554
VisualCogB_Task-2.mat,B,Task-2,R,47,0.1328125,-5.2830111,-10.946959,-0.031949806
VisualCogB_Task-2.mat,B,Task-2,R,47,0.13671875,-5.2134615,-11.028441,0.16520402
VisualCogB_Task-2.mat,B,Task-2,R,47,0.140625,-5.1639318,-11.184898,0.398592
VisualCogB_Task-2.mat,B,Task-2,R,47,0.14453125,-5.1144428,-11.214431,0.73324919
VisualCogB_Task-2.mat,B,Task-2,R,47,0.1484375,-5.0741765,-11.428433,0.9306231
VisualCogB_Task-2.mat,B,Task-2,R,47,0.15234375,-5.0699365,-11.675448,1.110777
VisualCogB_Task-2.mat,B,Task-2,R,47,0.15625,-5.1081445,-11.81837,1.2515674
VisualCogB_Task-2.mat,B,Task-2,R,47,0.16015625,-5.1614218,-11.914951,1.3870641
VisualCogB_Task-2.mat,B,Task-2,R,47,0.1640625,-5.2497709,-12.035873,1.4369002
VisualCogB_Task-2.mat,B,Task-2,R,47,0.16796875,-5.386525,-12.385663,1.4868551
VisualCogB_Task-2.mat,B,Task-2,R,47,0.171875,-5.5329128,-12.739769,1.4568052
VisualCogB_Task-2.mat,B,Task-2,R,47,0.17578125,-5.6742296,-13.139432,1.5380345
VisualCogB_Task-2.mat,B,Task-2,R,47,0.1796875,-5.807462,-13.668743,1.6221899
VisualCogB_Task-2.mat,B,Task-2,R,47,0.18359375,-5.9529622,-14.119903,1.6156115
VisualCogB_Task-2.mat,B,Task-2,R,47,0.1875,-6.1384223,-14.555136,1.58893
VisualCogB_Task-2.mat,B,Task-2,R,47,0.19140625,-6.3538051,-14.982761,1.457015
VisualCogB_Task-2.mat,B,Task-2,R,47,0.1953125,-6.5525265,-15.406516,1.2694911
VisualCogB_Task-2.mat,B,Task-2,R,47,0.19921875,-6.722958,-15.554909,1.157746
VisualCogB_Task-2.mat,B,Task-2,R,47,0.203125,-6.8387381,-15.706905,1.0503919
VisualCogB_Task-2.mat,B,Task-2,R,47,0.20703125,-6.9054596,-15.752083,1.1265621
VisualCogB_Task-2.mat,B,Task-2,R,47,0.2109375,-6.8912025,-15.721699,1.0719104
VisualCogB_Task-2.mat,B,Task-2,R,47,0.21484375,-6.8559387,-15.587761,0.99044886
VisualCogB_Task-2.mat,B,Task-2,R,47,0.21875,-6.7730414,-15.431957,1.1161049
VisualCogB_Task-2.mat,B,Task-2,R,47,0.22265625,-6.6676711,-15.3194,1.2311666
VisualCogB_Task-2.mat,B,Task-2,R,47,0.2265625,-6.5578488,-15.172295,1.2284033
VisualCogB_Task-2.mat,B,Task-2,R,47,0.23046875,-6.4729638,-15.081997,1.1545697
VisualCogB_Task-2.mat,B,Task-2,R,47,0.234375,-6.4359466,-14.998886,1.0453856
VisualCogB_Task-2.mat,B,Task-2,R,47,0.23828125,-6.3802396,-14.788869,1.0254781
VisualCogB_Task-2.mat,B,Task-2,R,47,0.2421875,-6.31179,-14.56919,1.0698354
VisualCogB_Task-2.mat,B,Task-2,R,47,0.24609375,-6.2275154,-14.498807,1.0648152
VisualCogB_Task-2.mat,B,Task-2,R,47,0.25,-6.1186904,-14.430505,1.2888619
VisualCogB_Task-2.mat,B,Task-2,R,47,0.25390625,-5.977311,-14.488072,1.5428556
VisualCogB_Task-2.mat,B,Task-2,R,47,0.2578125,-5.8244022,-14.614283,1.7737574
VisualCogB_Task-2.mat,B,Task-2,R,47,0.26171875,-5.6805581,-14.533939,2.0042466
VisualCogB_Task-2.mat,B,Task-2,R,47,0.265625,-5.572383,-14.384353,2.2216086
VisualCogB_Task-2.mat,B,Task-2,R,47,0.26953125,-5.4665067,-14.390606,2.4447286
VisualCogB_Task-2.mat,B,Task-2,R,47,0.2734375,-5.3745397,-14.530882,2.7245023
VisualCogB_Task-2.mat,B,Task-2,R,47,0.27734375,-5.3155822,-14.801303,2.9754434
VisualCogB_Task-2.mat,B,Task-2,R,47,0.28125,-5.2991091,-15.068639,3.2493844
VisualCogB_Task-2.mat,B,Task-2,R,47,0.28515625,-5.340355,-15.375798,3.5458523
VisualCogB_Task-2.mat,B,Task-2,R,47,0.2890625,-5.3774221,-15.618273,3.6371424
VisualCogB_Task-2.mat,B,Task-2,R,47,0.29296875,-5.4428553,-15.895995,3.8207241
VisualCogB_Task-2.mat,B,Task-2,R,47,0.296875,-5.5478942,-16.18252,3.8495771
VisualCogB_Task-2.mat,B,Task-2,R,47,0.30078125,-5.6998885,-16.490986,3.7569551
VisualCogB_Task-2.mat,B,Task-2,R,47,0.3046875,-5.891007,-16.715758,3.4898021
VisualCogB_Task-2.mat,B,Task-2,R,47,0.30859375,-6.0762737,-17.041765,3.2923868
VisualCogB_Task-2.mat,B,Task-2,R,47,0.3125,-6.272989,-17.337579,3.0409137
VisualCogB_Task-2.mat,B,Task-2,R,47,0.31640625,-6.4495774,-17.555,2.6814224
VisualCogB_Task-2.mat,B,Task-2,R,47,0.3203125,-6.6340248,-17.669211,2.3766618
VisualCogB_Task-2.mat,B,Task-2,R,47,0.32421875,-6.7885328,-17.611985,2.2985383
VisualCogB_Task-2.mat,B,Task-2,R,47,0.328125,-6.9374018,-17.479327,2.1688
VisualCogB_Task-2.mat,B,Task-2,R,47,0.33203125,-7.1307022,-17.262342,1.7662828
VisualCogB_Task-2.mat,B,Task-2,R,47,0.3359375,-7.3197975,-17.091555,1.4880763
VisualCogB_Task-2.mat,B,Task-2,R,47,0.33984375,-7.5214716,-16.923095,1.2761427
VisualCogB_Task-2.mat,B,Task-2,R,47,0.34375,-7.7146297,-16.839819,0.92400899
VisualCogB_Task-2.mat,B,Task-2,R,47,0.34765625,-7.8593994,-16.913967,0.73546567
VisualCogB_Task-2.mat,B,Task-2,R,47,0.3515625,-7.9293429,-16.880491,0.6274229
VisualCogB_Task-2.mat,B,Task-2,R,47,0.35546875,-7.9847369,-16.936866,0.5028738
VisualCogB_Task-2.mat,B,Task-2,R,47,0.359375,-8.0408769,-17.003396,0.41313269
VisualCogB_Task-2.mat,B,Task-2,R,47,0.36328125,-8.0393244,-17.220002,0.31991079
VisualCogB_Task-2.mat,B,Task-2,R,47,0.3671875,-8.0141016,-17.376818,0.16835785
VisualCogB_Task-2.mat,B,Task-2,R,47,0.37109375,-8.0074793,-17.315066,0.15414214
VisualCogB_Task-2.mat,B,Task-2,R,47,0.375,-8.0027278,-17.376094,0.17476408
VisualCogB_Task-2.mat,B,Task-2,R,47,0.37890625,-8.0192992,-17.380361,0.24274096
VisualCogB_Task-2.mat,B,Task-2,R,47,0.3828125,-8.0409999,-17.475623,0.27075868
VisualCogB_Task-2.mat,B,Task-2,R,47,0.38671875,-8.0860899,-17.581879,0.27769023
VisualCogB_Task-2.mat,B,Task-2,R,47,0.390625,-8.188596,-17.663508,0.13473691
VisualCogB_Task-2.mat,B,Task-2,R,47,0.39453125,-8.2890154,-17.721428,-0.01067428
VisualCogB_Task-2.mat,B,Task-2,R,47,0.3984375,-8.384816,-17.876371,-0.11255349
VisualCogB_Task-2.mat,B,Task-2,R,47,0.40234375,-8.4528816,-17.975793,-0.15273434
VisualCogB_Task-2.mat,B,Task-2,R,47,0.40625,-8.4907726,-18.041046,-0.19154489
VisualCogB_Task-2.mat,B,Task-2,R,47,0.41015625,-8.6237851,-18.137153,-0.22823184
VisualCogB_Task-2.mat,B,Task-2,R,47,0.4140625,-8.7721597,-18.307262,-0.26262312
VisualCogB_Task-2.mat,B,Task-2,R,47,0.41796875,-8.9564706,-18.308588,-0.32184483
VisualCogB_Task-2.mat,B,Task-2,R,47,0.421875,-9.2045859,-18.508731,-0.32924488
VisualCogB_Task-2.mat,B,Task-2,R,47,0.42578125,-9.5043778,-18.834657,-0.35011315
VisualCogB_Task-2.mat,B,Task-2,R,47,0.4296875,-9.883022,-19.043484,-0.52137852
VisualCogB_Task-2.mat,B,Task-2,R,47,0.43359375,-10.278702,-19.325072,-0.53407578
VisualCogB_Task-2.mat,B,Task-2,R,47,0.4375,-10.657651,-19.771515,-0.69561069
VisualCogB_Task-2.mat,B,Task-2,R,47,0.44140625,-10.981523,-19.916357,-1.0138041
VisualCogB_Task-2.mat,B,Task-2,R,47,0.4453125,-11.29322,-20.09061,-1.2847615
VisualCogB_Task-2.mat,B,Task-2,R,47,0.44921875,-11.549204,-20.251622,-1.4268473
VisualCogB_Task-2.mat,B,Task-2,R,47,0.453125,-11.755741,-20.408807,-1.4814577
VisualCogB_Task-2.mat,B,Task-2,R,47,0.45703125,-11.91501,-20.684776,-1.6472174
VisualCogB_Task-2.mat,B,Task-2,R,47,0.4609375,-12.035662,-20.969375,-1.7383746
VisualCogB_Task-2.mat,B,Task-2,R,47,0.46484375,-12.135078,-21.158783,-1.8227025
VisualCogB_Task-2.mat,B,Task-2,R,47,0.46875,-12.211376,-21.241158,-1.9717295
VisualCogB_Task-2.mat,B,Task-2,R,47,0.47265625,-12.298974,-21.184265,-2.1804525
VisualCogB_Task-2.mat,B,Task-2,R,47,0.4765625,-12.346109,-21.185014,-2.2983217
VisualCogB_Task-2.mat,B,Task-2,R,47,0.48046875,-12.353711,-21.173738,-2.3874113
VisualCogB_Task-2.mat,B,Task-2,R,47,0.484375,-12.34332,-21.283398,-2.2464339
VisualCogB_Task-2.mat,B,Task-2,R,47,0.48828125,-12.300604,-21.597874,-2.0696939
VisualCogB_Task-2.mat,B,Task-2,R,47,0.4921875,-12.138207,-21.648997,-1.6127723
VisualCogB_Task-2.mat,B,Task-2,R,47,0.49609375,-11.873701,-21.653906,-1.4186093
VisualCogB_Task-2.mat,B,Task-2,R,47,0.5,-11.521668,-21.492914,-1.0295354
VisualCogB_Task-2.mat,B,Task-2,R,47,0.50390625,-11.101583,-21.580216,-0.46058464
VisualCogB_Task-2.mat,B,Task-2,R,47,0.5078125,-10.621335,-21.394239,0.19073401
VisualCogB_Task-2.mat,B,Task-2,R,47,0.51171875,-10.056711,-21.121659,0.69200307
VisualCogB_Task-2.mat,B,Task-2,R,47,0.515625,-9.4672748,-20.951677,1.31296
VisualCogB_Task-2.mat,B,Task-2,R,47,0.51953125,-8.8400533,-20.607891,2.051869
VisualCogB_Task-2.mat,B,Task-2,R,47,0.5234375,-8.2110793,-20.289377,2.928869
VisualCogB_Task-2.mat,B,Task-2,R,47,0.52734375,-7.5850418,-19.79218,3.5256165
VisualCogB_Task-2.mat,B,Task-2,R,47,0.53125,-6.8670676,-19.226117,4.2523493
VisualCogB_Task-2.mat,B,Task-2,R,47,0.53515625,-6.1489678,-18.879005,5.0680551
VisualCogB_Task-2.mat,B,Task-2,R,47,0.5390625,-5.443781,-18.33956,5.8908293
VisualCogB_Task-2.mat,B,Task-2,R,47,0.54296875,-4.7245631,-17.543278,6.7186907
VisualCogB_Task-2.mat,B,Task-2,R,47,0.546875,-4.0057299,-16.92344,7.5855778
VisualCogB_Task-2.mat,B,Task-2,R,47,0.55078125,-3.2475691,-16.173169,8.5283211
VisualCogB_Task-2.mat,B,Task-2,R,47,0.5546875,-2.4220773,-15.326915,9.3986136
VisualCogB_Task-2.mat,B,Task-2,R,47,0.55859375,-1.5888204,-14.556675,10.270499
VisualCogB_Task-2.mat,B,Task-2,R,47,0.5625,-0.75879242,-13.710749,11.080573
VisualCogB_Task-2.mat,B,Task-2,R,47,0.56640625,0.071367596,-12.973813,11.863224
VisualCogB_Task-2.mat,B,Task-2,R,47,0.5703125,0.86419607,-12.170375,12.733494
VisualCogB_Task-2.mat,B,Task-2,R,47,0.57421875,1.6493834,-11.230825,13.833034
VisualCogB_Task-2.mat,B,Task-2,R,47,0.578125,2.4198468,-10.360726,14.713104
VisualCogB_Task-2.mat,B,Task-2,R,47,0.58203125,3.2177637,-9.6591673,15.666879
VisualCogB_Task-2.mat,B,Task-2,R,47,0.5859375,4.0514151,-8.7785832,16.680798
VisualCogB_Task-2.mat,B,Task-2,R,47,0.58984375,4.9088044,-7.9446678,17.592036
VisualCogB_Task-2.mat,B,Task-2,R,47,0.59375,5.7413647,-7.1594095,18.444628
VisualCogB_Task-2.mat,B,Task-2,R,47,0.59765625,6.5804954,-6.3235387,19.290006
VisualCogB_Task-2.mat,B,Task-2,R,47,0.6015625,7.4528948,-5.4329798,20.114096
VisualCogB_Task-2.mat,B,Task-2,R,47,0.60546875,8.3667949,-4.4808166,20.923093
VisualCogB_Task-2.mat,B,Task-2,R,47,0.609375,9.3505671,-3.4728002,22.023181
VisualCogB_Task-2.mat,B,Task-2,R,47,0.61328125,10.397715,-2.4298138,23.114377
VisualCogB_Task-2.mat,B,Task-2,R,47,0.6171875,11.457443,-1.4602951,24.052039
VisualCogB_Task-2.mat,B,Task-2,R,47,0.62109375,12.503441,-0.412115,25.00604
VisualCogB_Task-2.mat,B,Task-2,R,47,0.625,13.533039,0.54038954,25.986685
VisualCogB_Task-2.mat,B,Task-2,R,47,0.62890625,14.534451,1.6348536,27.166584
VisualCogB_Task-2.mat,B,Task-2,R,47,0.6328125,15.539079,2.7096156,28.290091
VisualCogB_Task-2.mat,B,Task-2,R,47,0.63671875,16.52642,3.7657557,29.417826
VisualCogB_Task-2.mat,B,Task-2,R,47,0.640625,17.497082,4.8282684,30.444147
VisualCogB_Task-2.mat,B,Task-2,R,47,0.64453125,18.408875,5.8840538,31.679213
VisualCogB_Task-2.mat,B,Task-2,R,47,0.6484375,19.249372,6.8579862,32.844653
VisualCogB_Task-2.mat,B,Task-2,R,47,0.65234375,20.020724,7.6280584,33.790655
VisualCogB_Task-2.mat,B,Task-2,R,47,0.65625,20.754459,8.3289842,34.852518
VisualCogB_Task-2.mat,B,Task-2,R,47,0.66015625,21.467765,9.308593,35.370238
VisualCogB_Task-2.mat,B,Task-2,R,47,0.6640625,22.129143,10.052709,35.581177
VisualCogB_Task-2.mat,B,Task-2,R,47,0.66796875,22.733621,10.560684,35.796227
VisualCogB_Task-2.mat,B,Task-2,R,47,0.671875,23.232347,10.961416,35.97749
VisualCogB_Task-2.mat,B,Task-2,R,47,0.67578125,23.660074,11.305329,36.319162
VisualCogB_Task-2.mat,B,Task-2,R,47,0.6796875,24.060475,11.441967,36.594259
VisualCogB_Task-2.mat,B,Task-2,R,47,0.68359375,24.450873,11.631816,36.619438
VisualCogB_Task-2.mat,B,Task-2,R,47,0.6875,24.779172,11.673573,36.54563
VisualCogB_Task-2.mat,B,Task-2,R,47,0.69140625,25.104039,11.786624,36.536058
VisualCogB_Task-2.mat,B,Task-2,R,47,0.6953125,25.471884,12.018799,36.519042
VisualCogB_Task-2.mat,B,Task-2,R,47,0.69921875,25.874369,12.310881,36.758137
VisualCogB_Task-2.mat,B,Task-2,R,47,0.703125,26.307172,12.594298,37.186642
VisualCogB_Task-2.mat,B,Task-2,R,47,0.70703125,26.676573,12.768329,37.484201
VisualCogB_Task-2.mat,B,Task-2,R,47,0.7109375,27.111858,13.139275,37.839174
VisualCogB_Task-2.mat,B,Task-2,R,47,0.71484375,27.575126,13.591007,38.298956
VisualCogB_Task-2.mat,B,Task-2,R,47,0.71875,28.108246,14.072684,38.682199
VisualCogB_Task-2.mat,B,Task-2,R,47,0.72265625,28.627587,14.607599,39.12439
VisualCogB_Task-2.mat,B,Task-2,R,47,0.7265625,29.128228,15.091548,39.576377
VisualCogB_Task-2.mat,B,Task-2,R,47,0.73046875,29.580289,15.432756,40.002369
VisualCogB_Task-2.mat,B,Task-2,R,47,0.734375,29.964277,15.690498,40.150915
VisualCogB_Task-2.mat,B,Task-2,R,47,0.73828125,30.281058,15.995424,40.463339
VisualCogB_Task-2.mat,B,Task-2,R,47,0.7421875,30.506048,16.121016,40.758925
VisualCogB_Task-2.mat,B,Task-2,R,47,0.74609375,30.617428,16.219921,41.020008
VisualCogB_Task-2.mat,B,Task-2,R,47,0.75,30.687329,16.32457,41.18826
VisualCogB_Task-2.mat,B,Task-2,R,47,0.75390625,30.690543,16.360929,41.256924
VisualCogB_Task-2.mat,B,Task-2,R,47,0.7578125,30.668725,16.510952,41.495338
VisualCogB_Task-2.mat,B,Task-2,R,47,0.76171875,30.615799,16.503047,41.782966
VisualCogB_Task-2.mat,B,Task-2,R,47,0.765625,30.573019,16.594436,41.73549
VisualCogB_Task-2.mat,B,Task-2,R,47,0.76953125,30.542304,16.745806,42.03056
VisualCogB_Task-2.mat,B,Task-2,R,47,0.7734375,30.504655,16.854846,42.192869
VisualCogB_Task-2.mat,B,Task-2,R,47,0.77734375,30.440549,16.772538,42.217488
VisualCogB_Task-2.mat,B,Task-2,R,47,0.78125,30.283031,16.844741,42.136872
VisualCogB_Task-2.mat,B,Task-2,R,47,0.78515625,30.062539,16.765392,42.018025
VisualCogB_Task-2.mat,B,Task-2,R,47,0.7890625,29.8012,16.489848,41.929248
VisualCogB_Task-2.mat,B,Task-2,R,47,0.79296875,29.595683,16.14824,42.007566
VisualCogB_Task-2.mat,B,Task-2,R,47,0.796875,29.430075,15.90163,41.859865
VisualCogB_Task-2.mat,B,Task-2,R,47,0.80078125,29.31981,15.732834,41.74017
VisualCogB_Task-2.mat,B,Task-2,R,47,0.8046875,29.251709,15.576631,41.504113
VisualCogB_Task-2.mat,B,Task-2,R,47,0.80859375,29.317578,15.540615,41.224146
VisualCogB_Task-2.mat,B,Task-2,R,47,0.8125,29.446669,15.551877,41.496832
VisualCogB_Task-2.mat,B,Task-2,R,47,0.81640625,29.590875,15.706127,41.555347
VisualCogB_Task-2.mat,B,Task-2,R,47,0.8203125,29.739593,15.764021,41.184416
VisualCogB_Task-2.mat,B,Task-2,R,47,0.82421875,29.851486,15.885099,40.921033
VisualCogB_Task-2.mat,B,Task-2,R,47,0.828125,30.01459,16.063084,41.005915
VisualCogB_Task-2.mat,B,Task-2,R,47,0.83203125,30.109125,16.050866,41.011234
VisualCogB_Task-2.mat,B,Task-2,R,47,0.8359375,30.145308,15.942496,41.324433
VisualCogB_Task-2.mat,B,Task-2,R,47,0.83984375,30.10014,15.714504,41.542307
VisualCogB_Task-2.mat,B,Task-2,R,47,0.84375,30.001993,15.480906,41.459711
VisualCogB_Task-2.mat,B,Task-2,R,47,0.84765625,29.882872,15.339209,41.61807
VisualCogB_Task-2.mat,B,Task-2,R,47,0.8515625,29.759184,15.208804,41.737282
VisualCogB_Task-2.mat,B,Task-2,R,47,0.85546875,29.616965,14.786344,41.673026
VisualCogB_Task-2.mat,B,Task-2,R,47,0.859375,29.472284,14.531428,41.504104
VisualCogB_Task-2.mat,B,Task-2,R,47,0.86328125,29.32141,14.606348,41.740062
VisualCogB_Task-2.mat,B,Task-2,R,47,0.8671875,29.182557,14.382621,41.641517
VisualCogB_Task-2.mat,B,Task-2,R,47,0.87109375,29.034401,14.342818,41.537507
VisualCogB_Task-2.mat,B,Task-2,R,47,0.875,28.899091,14.155781,41.679813
VisualCogB_Task-2.mat,B,Task-2,R,47,0.87890625,28.741242,13.814677,41.696087
VisualCogB_Task-2.mat,B,Task-2,R,47,0.8828125,28.58471,13.501227,41.599171
VisualCogB_Task-2.mat,B,Task-2,R,47,0.88671875,28.446368,13.256475,41.476965
VisualCogB_Task-2.mat,B,Task-2,R,47,0.890625,28.331826,12.754947,41.440685
VisualCogB_Task-2.mat,B,Task-2,R,47,0.89453125,28.219055,12.104651,41.326428
VisualCogB_Task-2.mat,B,Task-2,R,47,0.8984375,28.097949,11.785975,41.332735
VisualCogB_Task-2.mat,B,Task-2,R,47,0.90234375,27.954179,11.354945,41.375581
VisualCogB_Task-2.mat,B,Task-2,R,47,0.90625,27.813015,11.1028,41.301611
VisualCogB_Task-2.mat,B,Task-2,R,47,0.91015625,27.634846,10.881798,41.166035
VisualCogB_Task-2.mat,B,Task-2,R,47,0.9140625,27.413121,10.57595,40.989828
VisualCogB_Task-2.mat,B,Task-2,R,47,0.91796875,27.152081,10.266383,40.691199
VisualCogB_Task-2.mat,B,Task-2,R,47,0.921875,26.814116,9.8581869,40.406764
VisualCogB_Task-2.mat,B,Task-2,R,47,0.92578125,26.461329,9.5912337,39.882799
VisualCogB_Task-2.mat,B,Task-2,R,47,0.9296875,26.016751,9.4205931,39.052954
VisualCogB_Task-2.mat,B,Task-2,R,47,0.93359375,25.505917,9.0575008,38.456782
VisualCogB_Task-2.mat,B,Task-2,R,47,0.9375,24.917817,8.5135158,37.973064
VisualCogB_Task-2.mat,B,Task-2,R,47,0.94140625,24.211299,7.8954276,37.349975
VisualCogB_Task-2.mat,B,Task-2,R,47,0.9453125,23.466845,7.5758095,36.624012
VisualCogB_Task-2.mat,B,Task-2,R,47,0.94921875,22.69089,7.2001532,35.943015
VisualCogB_Task-2.mat,B,Task-2,R,47,0.953125,21.889868,6.3358596,35.241098
VisualCogB_Task-2.mat,B,Task-2,R,47,0.95703125,21.070214,5.5615629,34.502129
VisualCogB_Task-2.mat,B,Task-2,R,47,0.9609375,20.238363,4.6216437,33.481397
VisualCogB_Task-2.mat,B,Task-2,R,47,0.96484375,19.400751,3.9224198,32.433107
VisualCogB_Task-2.mat,B,Task-2,R,47,0.96875,18.563811,3.1598266,31.409938
VisualCogB_Task-2.mat,B,Task-2,R,47,0.97265625,17.73398,2.4299449,30.005844
VisualCogB_Task-2.mat,B,Task-2,R,47,0.9765625,16.917692,1.7111277,29.32644
VisualCogB_Task-2.mat,B,Task-2,R,47,0.98046875,16.121383,1.0940802,28.403254
VisualCogB_Task-2.mat,B,Task-2,R,47,0.984375,15.351486,0.52571601,27.822727
VisualCogB_Task-2.mat,B,Task-2,R,47,0.98828125,14.614438,0.49320025,27.380948
VisualCogB_Task-2.mat,B,Task-2,R,47,0.9921875,13.916673,-0.16820045,26.263888
VisualCogB_Task-2.mat,B,Task-2,R,47,0.99609375,13.264625,-0.45456083,25.614868
