scope,feature_group,train_subject,file_name,subject,task,trial_id,cue_direction,target_R,behavior_correct_inferred,predicted_R,probability_R,correct_prediction
Task-1,time_only,A,VisualCogB_Task-1.mat,B,Task-1,1,L,0,-1,1,0.56452298,False
Task-1,time_only,A,VisualCogB_Task-1.mat,B,Task-1,2,L,0,-1,0,0.45063908,True
Task-1,time_only,A,VisualCogB_Task-1.mat,B,Task-1,3,R,1,-1,0,0.4674618,False
Task-1,time_only,A,VisualCogB_Task-1.mat,B,Task-1,4,L,0,-1,0,0.47170911,True
Task-1,time_only,A,VisualCogB_Task-1.mat,B,Task-1,5,R,1,-1,0,0.4661734,False
Task-1,time_only,A,VisualCogB_Task-1.mat,B,Task-1,6,R,1,-1,1,0.66835456,True
Task-1,time_only,A,VisualCogB_Task-1.mat,B,Task-1,7,R,1,-1,0,0.48334806,False
Task-1,time_only,A,VisualCogB_Task-1.mat,B,Task-1,8,L,0,-1,0,0.43335718,True
Task-1,time_only,A,VisualCogB_Task-1.mat,B,Task-1,9,L,0,-1,0,0.45632171,True
Task-1,time_only,A,VisualCogB_Task-1.mat,B,Task-1,10,L,0,-1,1,0.58506113,False
Task-1,time_only,A,VisualCogB_Task-1.mat,B,Task-1,11,R,1,-1,0,0.46220513,False
Task-1,time_only,A,VisualCogB_Task-1.mat,B,Task-1,12,L,0,-1,1,0.5879475,False
Task-1,time_only,A,VisualCogB_Task-1.mat,B,Task-1,13,R,1,-1,1,0.55950436,True
Task-1,time_only,A,VisualCogB_Task-1.mat,B,Task-1,15,L,0,-1,0,0.47467214,True
Task-1,time_only,A,VisualCogB_Task-1.mat,B,Task-1,16,R,1,-1,1,0.56455543,True
Task-1,time_only,A,VisualCogB_Task-1.mat,B,Task-1,17,L,0,-1,1,0.55018451,False
Task-1,time_only,A,VisualCogB_Task-1.mat,B,Task-1,18,L,0,-1,0,0.47867289,True
Task-1,time_only,A,VisualCogB_Task-1.mat,B,Task-1,19,R,1,-1,0,0.46793442,False
Task-1,time_only,A,VisualCogB_Task-1.mat,B,Task-1,20,L,0,-1,1,0.56079633,False
Task-1,time_only,A,VisualCogB_Task-1.mat,B,Task-1,21,R,1,-1,0,0.48040684,False
Task-1,time_only,A,VisualCogB_Task-1.mat,B,Task-1,22,R,1,-1,1,0.50638438,True
Task-1,time_only,A,VisualCogB_Task-1.mat,B,Task-1,24,R,1,-1,1,0.514077,True
Task-1,time_only,A,VisualCogB_Task-1.mat,B,Task-1,26,R,1,-1,0,0.48487557,False
Task-1,time_only,A,VisualCogB_Task-1.mat,B,Task-1,27,R,1,-1,1,0.55558344,True
Task-1,time_only,A,VisualCogB_Task-1.mat,B,Task-1,28,R,1,-1,1,0.59314253,True
Task-1,time_only,A,VisualCogB_Task-1.mat,B,Task-1,29,R,1,-1,1,0.52033104,True
Task-1,time_only,A,VisualCogB_Task-1.mat,B,Task-1,30,L,0,-1,0,0.47241197,True
Task-1,time_only,A,VisualCogB_Task-1.mat,B,Task-1,31,R,1,-1,0,0.46776953,False
Task-1,time_only,A,VisualCogB_Task-1.mat,B,Task-1,32,L,0,-1,0,0.45210687,True
Task-1,time_only,A,VisualCogB_Task-1.mat,B,Task-1,33,L,0,-1,0,0.45823326,True
Task-1,time_only,A,VisualCogB_Task-1.mat,B,Task-1,34,R,1,-1,1,0.60374724,True
Task-1,time_only,A,VisualCogB_Task-1.mat,B,Task-1,35,L,0,-1,1,0.50030827,False
Task-1,time_only,A,VisualCogB_Task-1.mat,B,Task-1,37,L,0,-1,1,0.53699575,False
Task-1,time_only,A,VisualCogB_Task-1.mat,B,Task-1,38,L,0,-1,0,0.47826332,True
Task-1,time_only,A,VisualCogB_Task-1.mat,B,Task-1,39,R,1,-1,1,0.51641261,True
Task-1,time_only,A,VisualCogB_Task-1.mat,B,Task-1,40,R,1,-1,0,0.48804624,False
Task-1,time_only,A,VisualCogB_Task-1.mat,B,Task-1,41,L,0,-1,1,0.55352264,False
Task-1,time_only,A,VisualCogB_Task-1.mat,B,Task-1,42,R,1,-1,1,0.53946703,True
Task-1,time_only,A,VisualCogB_Task-1.mat,B,Task-1,43,R,1,-1,0,0.45949557,False
Task-1,time_only,A,VisualCogB_Task-1.mat,B,Task-1,44,R,1,-1,1,0.51581664,True
Task-1,time_only,A,VisualCogB_Task-1.mat,B,Task-1,45,R,1,-1,0,0.44847135,False
Task-1,time_only,A,VisualCogB_Task-1.mat,B,Task-1,47,L,0,-1,1,0.53405907,False
Task-1,time_only,A,VisualCogB_Task-1.mat,B,Task-1,48,R,1,-1,1,0.51802788,True
Task-1,time_only,A,VisualCogB_Task-1.mat,B,Task-1,49,R,1,-1,0,0.48262619,False
Task-1,time_only,A,VisualCogB_Task-1.mat,B,Task-1,51,R,1,-1,0,0.49456907,False
Task-1,time_only,A,VisualCogB_Task-1.mat,B,Task-1,52,L,0,-1,1,0.55422978,False
Task-1,time_only,A,VisualCogB_Task-1.mat,B,Task-1,53,R,1,-1,0,0.48764938,False
Task-1,time_only,A,VisualCogB_Task-1.mat,B,Task-1,55,R,1,-1,0,0.49203338,False
Task-1,time_only,A,VisualCogB_Task-1.mat,B,Task-1,56,L,0,-1,0,0.48655176,True
Task-1,time_only,A,VisualCogB_Task-1.mat,B,Task-1,57,R,1,-1,1,0.55672134,True
Task-1,time_only,A,VisualCogB_Task-1.mat,B,Task-1,58,R,1,-1,1,0.54840969,True
Task-1,time_only,A,VisualCogB_Task-1.mat,B,Task-1,59,R,1,-1,0,0.43028721,False
Task-1,time_only,A,VisualCogB_Task-1.mat,B,Task-1,60,R,1,-1,0,0.46150148,False
Task-1,time_only,A,VisualCogB_Task-1.mat,B,Task-1,61,L,0,-1,0,0.46511403,True
Task-1,time_only,A,VisualCogB_Task-1.mat,B,Task-1,62,L,0,-1,1,0.51587444,False
Task-1,time_only,A,VisualCogB_Task-1.mat,B,Task-1,63,R,1,-1,0,0.42898381,False
Task-1,time_only,A,VisualCogB_Task-1.mat,B,Task-1,64,L,0,-1,0,0.45946853,True
Task-1,time_only,A,VisualCogB_Task-1.mat,B,Task-1,65,L,0,-1,0,0.48541899,True
Task-1,time_only,A,VisualCogB_Task-1.mat,B,Task-1,66,L,0,-1,1,0.58135889,False
Task-1,time_only,A,VisualCogB_Task-1.mat,B,Task-1,67,R,1,-1,1,0.58735026,True
Task-1,time_only,A,VisualCogB_Task-1.mat,B,Task-1,68,R,1,-1,1,0.5005931,True
Task-1,time_only,A,VisualCogB_Task-1.mat,B,Task-1,69,L,0,-1,1,0.50366846,False
Task-1,time_only,A,VisualCogB_Task-1.mat,B,Task-1,70,L,0,-1,0,0.44154059,True
Task-1,time_only,A,VisualCogB_Task-1.mat,B,Task-1,71,R,1,-1,0,0.47745096,False
Task-1,time_only,A,VisualCogB_Task-1.mat,B,Task-1,72,R,1,-1,1,0.50745733,True
Task-1,time_only,A,VisualCogB_Task-1.mat,B,Task-1,73,L,0,-1,0,0.44627211,True
Task-1,time_only,A,VisualCogB_Task-1.mat,B,Task-1,74,L,0,-1,0,0.45494587,True
Task-1,time_only,A,VisualCogB_Task-1.mat,B,Task-1,75,R,1,-1,0,0.47265473,False
Task-1,time_only,A,VisualCogB_Task-1.mat,B,Task-1,76,L,0,-1,1,0.58025816,False
Task-1,time_only,A,VisualCogB_Task-1.mat,B,Task-1,77,L,0,-1,0,0.48001074,True
Task-1,time_only,A,VisualCogB_Task-1.mat,B,Task-1,79,R,1,-1,0,0.461273,False
Task-1,time_only,A,VisualCogB_Task-1.mat,B,Task-1,80,L,0,-1,1,0.54743644,False
Task-1,time_only,A,VisualCogB_Task-1.mat,B,Task-1,81,L,0,-1,0,0.45923609,True
Task-1,time_only,A,VisualCogB_Task-1.mat,B,Task-1,82,R,1,-1,1,0.61126774,True
Task-1,time_only,A,VisualCogB_Task-1.mat,B,Task-1,83,L,0,-1,1,0.54889272,False
Task-1,time_only,A,VisualCogB_Task-1.mat,B,Task-1,84,L,0,-1,1,0.50176445,False
Task-1,time_only,A,VisualCogB_Task-1.mat,B,Task-1,85,R,1,-1,1,0.51238831,True
Task-1,time_only,A,VisualCogB_Task-1.mat,B,Task-1,86,L,0,-1,0,0.44100107,True
Task-1,time_only,A,VisualCogB_Task-1.mat,B,Task-1,87,L,0,-1,0,0.43076048,True
Task-1,time_only,A,VisualCogB_Task-1.mat,B,Task-1,89,L,0,-1,1,0.61669316,False
Task-1,time_only,A,VisualCogB_Task-1.mat,B,Task-1,90,L,0,-1,0,0.44309772,True
Task-1,time_only,A,VisualCogB_Task-1.mat,B,Task-1,91,R,1,-1,0,0.4491827,False
Task-1,time_only,A,VisualCogB_Task-1.mat,B,Task-1,93,L,0,-1,1,0.54494331,False
Task-1,time_only,A,VisualCogB_Task-1.mat,B,Task-1,94,R,1,-1,0,0.45923177,False
Task-1,time_only,A,VisualCogB_Task-1.mat,B,Task-1,95,L,0,-1,0,0.47374269,True
Task-1,time_only,A,VisualCogB_Task-1.mat,B,Task-1,96,R,1,-1,0,0.45114344,False
Task-1,time_only,A,VisualCogB_Task-1.mat,B,Task-1,97,L,0,-1,1,0.61641583,False
Task-1,time_only,A,VisualCogB_Task-1.mat,B,Task-1,98,R,1,-1,0,0.47590346,False
Task-1,time_only,A,VisualCogB_Task-1.mat,B,Task-1,99,R,1,-1,1,0.52849511,True
Task-1,time_only,A,VisualCogB_Task-1.mat,B,Task-1,100,R,1,-1,0,0.4400259,False
Task-1,time_only,B,VisualCogA_Task-1.mat,A,Task-1,1,L,0,-1,1,0.70588319,False
Task-1,time_only,B,VisualCogA_Task-1.mat,A,Task-1,2,R,1,-1,0,0.49898861,False
Task-1,time_only,B,VisualCogA_Task-1.mat,A,Task-1,4,L,0,-1,0,0.38674756,True
Task-1,time_only,B,VisualCogA_Task-1.mat,A,Task-1,5,R,1,-1,1,0.54803239,True
Task-1,time_only,B,VisualCogA_Task-1.mat,A,Task-1,6,L,0,-1,0,0.4648115,True
Task-1,time_only,B,VisualCogA_Task-1.mat,A,Task-1,7,L,0,-1,0,0.30898343,True
Task-1,time_only,B,VisualCogA_Task-1.mat,A,Task-1,8,L,0,-1,0,0.47872219,True
Task-1,time_only,B,VisualCogA_Task-1.mat,A,Task-1,9,R,1,-1,0,0.38407532,False
Task-1,time_only,B,VisualCogA_Task-1.mat,A,Task-1,10,R,1,-1,1,0.62288213,True
Task-1,time_only,B,VisualCogA_Task-1.mat,A,Task-1,11,R,1,-1,0,0.40814052,False
Task-1,time_only,B,VisualCogA_Task-1.mat,A,Task-1,12,R,1,-1,1,0.56914348,True
Task-1,time_only,B,VisualCogA_Task-1.mat,A,Task-1,13,L,0,-1,1,0.62250896,False
Task-1,time_only,B,VisualCogA_Task-1.mat,A,Task-1,15,R,1,-1,1,0.66423456,True
Task-1,time_only,B,VisualCogA_Task-1.mat,A,Task-1,16,L,0,-1,0,0.32062077,True
Task-1,time_only,B,VisualCogA_Task-1.mat,A,Task-1,17,R,1,-1,1,0.55444315,True
Task-1,time_only,B,VisualCogA_Task-1.mat,A,Task-1,18,L,0,-1,1,0.55143327,False
Task-1,time_only,B,VisualCogA_Task-1.mat,A,Task-1,19,L,0,-1,0,0.24922091,True
Task-1,time_only,B,VisualCogA_Task-1.mat,A,Task-1,21,L,0,-1,1,0.77671788,False
Task-1,time_only,B,VisualCogA_Task-1.mat,A,Task-1,23,R,1,-1,1,0.66328387,True
Task-1,time_only,B,VisualCogA_Task-1.mat,A,Task-1,24,L,0,-1,1,0.68345492,False
Task-1,time_only,B,VisualCogA_Task-1.mat,A,Task-1,25,L,0,-1,0,0.25991933,True
Task-1,time_only,B,VisualCogA_Task-1.mat,A,Task-1,26,R,1,-1,1,0.6745991,True
Task-1,time_only,B,VisualCogA_Task-1.mat,A,Task-1,28,L,0,-1,1,0.54935475,False
Task-1,time_only,B,VisualCogA_Task-1.mat,A,Task-1,29,L,0,-1,1,0.51935094,False
Task-1,time_only,B,VisualCogA_Task-1.mat,A,Task-1,30,L,0,-1,1,0.61800153,False
Task-1,time_only,B,VisualCogA_Task-1.mat,A,Task-1,31,L,0,-1,1,0.57649344,False
Task-1,time_only,B,VisualCogA_Task-1.mat,A,Task-1,32,R,1,-1,0,0.43526917,False
Task-1,time_only,B,VisualCogA_Task-1.mat,A,Task-1,33,R,1,-1,1,0.715163,True
Task-1,time_only,B,VisualCogA_Task-1.mat,A,Task-1,34,L,0,-1,0,0.33693565,True
Task-1,time_only,B,VisualCogA_Task-1.mat,A,Task-1,35,R,1,-1,0,0.47305914,False
Task-1,time_only,B,VisualCogA_Task-1.mat,A,Task-1,38,L,0,-1,0,0.30941527,True
Task-1,time_only,B,VisualCogA_Task-1.mat,A,Task-1,42,R,1,-1,0,0.2208561,False
Task-1,time_only,B,VisualCogA_Task-1.mat,A,Task-1,43,L,0,-1,1,0.57917742,False
Task-1,time_only,B,VisualCogA_Task-1.mat,A,Task-1,44,R,1,-1,1,0.50684494,True
Task-1,time_only,B,VisualCogA_Task-1.mat,A,Task-1,45,L,0,-1,1,0.68097739,False
Task-1,time_only,B,VisualCogA_Task-1.mat,A,Task-1,47,L,0,-1,1,0.76132928,False
Task-1,time_only,B,VisualCogA_Task-1.mat,A,Task-1,48,R,1,-1,1,0.55156885,True
Task-1,time_only,B,VisualCogA_Task-1.mat,A,Task-1,49,L,0,-1,0,0.30079556,True
Task-1,time_only,B,VisualCogA_Task-1.mat,A,Task-1,50,L,0,-1,0,0.46783726,True
Task-1,time_only,B,VisualCogA_Task-1.mat,A,Task-1,51,R,1,-1,1,0.65382539,True
Task-1,time_only,B,VisualCogA_Task-1.mat,A,Task-1,52,R,1,-1,0,0.45000848,False
Task-1,time_only,B,VisualCogA_Task-1.mat,A,Task-1,54,L,0,-1,0,0.303237,True
Task-1,time_only,B,VisualCogA_Task-1.mat,A,Task-1,55,R,1,-1,1,0.55315872,True
Task-1,time_only,B,VisualCogA_Task-1.mat,A,Task-1,56,L,0,-1,0,0.49179207,True
Task-1,time_only,B,VisualCogA_Task-1.mat,A,Task-1,57,L,0,-1,0,0.33732884,True
Task-1,time_only,B,VisualCogA_Task-1.mat,A,Task-1,58,R,1,-1,1,0.69772949,True
Task-1,time_only,B,VisualCogA_Task-1.mat,A,Task-1,59,R,1,-1,1,0.53765223,True
Task-1,time_only,B,VisualCogA_Task-1.mat,A,Task-1,61,R,1,-1,1,0.66290038,True
Task-1,time_only,B,VisualCogA_Task-1.mat,A,Task-1,62,L,0,-1,0,0.44248345,True
Task-1,time_only,B,VisualCogA_Task-1.mat,A,Task-1,63,R,1,-1,1,0.5955893,True
Task-1,time_only,B,VisualCogA_Task-1.mat,A,Task-1,64,R,1,-1,1,0.60693299,True
Task-1,time_only,B,VisualCogA_Task-1.mat,A,Task-1,65,L,0,-1,1,0.78552062,False
Task-1,time_only,B,VisualCogA_Task-1.mat,A,Task-1,66,R,1,-1,1,0.59938736,True
Task-1,time_only,B,VisualCogA_Task-1.mat,A,Task-1,67,L,0,-1,1,0.69920103,False
Task-1,time_only,B,VisualCogA_Task-1.mat,A,Task-1,68,L,0,-1,1,0.69016743,False
Task-1,time_only,B,VisualCogA_Task-1.mat,A,Task-1,69,R,1,-1,1,0.51564952,True
Task-1,time_only,B,VisualCogA_Task-1.mat,A,Task-1,70,R,1,-1,1,0.52666084,True
Task-1,time_only,B,VisualCogA_Task-1.mat,A,Task-1,71,L,0,-1,1,0.63045581,False
Task-1,time_only,B,VisualCogA_Task-1.mat,A,Task-1,72,R,1,-1,0,0.47180392,False
Task-1,time_only,B,VisualCogA_Task-1.mat,A,Task-1,73,L,0,-1,1,0.5006541,False
Task-1,time_only,B,VisualCogA_Task-1.mat,A,Task-1,74,R,1,-1,0,0.46918279,False
Task-1,time_only,B,VisualCogA_Task-1.mat,A,Task-1,75,L,0,-1,0,0.31875085,True
Task-1,time_only,B,VisualCogA_Task-1.mat,A,Task-1,76,R,1,-1,0,0.2680626,False
Task-1,time_only,B,VisualCogA_Task-1.mat,A,Task-1,78,L,0,-1,1,0.68585337,False
Task-1,time_only,B,VisualCogA_Task-1.mat,A,Task-1,79,L,0,-1,0,0.25205744,True
Task-1,time_only,B,VisualCogA_Task-1.mat,A,Task-1,80,L,0,-1,1,0.60098106,False
Task-1,time_only,B,VisualCogA_Task-1.mat,A,Task-1,81,L,0,-1,0,0.46995376,True
Task-1,time_only,B,VisualCogA_Task-1.mat,A,Task-1,82,R,1,-1,0,0.36766817,False
Task-1,time_only,B,VisualCogA_Task-1.mat,A,Task-1,83,L,0,-1,1,0.64888465,False
Task-1,time_only,B,VisualCogA_Task-1.mat,A,Task-1,84,R,1,-1,0,0.42272536,False
Task-1,time_only,B,VisualCogA_Task-1.mat,A,Task-1,85,L,0,-1,0,0.44014152,True
Task-1,time_only,B,VisualCogA_Task-1.mat,A,Task-1,86,R,1,-1,0,0.25741321,False
Task-1,time_only,B,VisualCogA_Task-1.mat,A,Task-1,87,R,1,-1,1,0.58882468,True
Task-1,time_only,B,VisualCogA_Task-1.mat,A,Task-1,89,R,1,-1,0,0.40768209,False
Task-1,time_only,B,VisualCogA_Task-1.mat,A,Task-1,90,R,1,-1,0,0.37186693,False
Task-1,time_only,B,VisualCogA_Task-1.mat,A,Task-1,91,L,0,-1,1,0.63323024,False
Task-1,time_only,B,VisualCogA_Task-1.mat,A,Task-1,92,R,1,-1,0,0.3321276,False
Task-1,time_only,B,VisualCogA_Task-1.mat,A,Task-1,93,R,1,-1,1,0.58947965,True
Task-1,time_only,B,VisualCogA_Task-1.mat,A,Task-1,94,R,1,-1,1,0.57925142,True
Task-1,time_only,B,VisualCogA_Task-1.mat,A,Task-1,95,L,0,-1,0,0.30259727,True
Task-1,time_only,B,VisualCogA_Task-1.mat,A,Task-1,96,R,1,-1,1,0.63539953,True
Task-1,time_only,B,VisualCogA_Task-1.mat,A,Task-1,97,R,1,-1,1,0.63661404,True
Task-1,time_only,B,VisualCogA_Task-1.mat,A,Task-1,98,L,0,-1,0,0.33894411,True
Task-1,time_only,B,VisualCogA_Task-1.mat,A,Task-1,99,L,0,-1,0,0.45223113,True
Task-1,time_only,B,VisualCogA_Task-1.mat,A,Task-1,100,R,1,-1,0,0.30682248,False
Task-1,time_plus_spectral,A,VisualCogB_Task-1.mat,B,Task-1,1,L,0,-1,0,0.47112816,True
Task-1,time_plus_spectral,A,VisualCogB_Task-1.mat,B,Task-1,2,L,0,-1,0,0.31386161,True
Task-1,time_plus_spectral,A,VisualCogB_Task-1.mat,B,Task-1,3,R,1,-1,1,0.87853948,True
Task-1,time_plus_spectral,A,VisualCogB_Task-1.mat,B,Task-1,4,L,0,-1,1,0.75354075,False
Task-1,time_plus_spectral,A,VisualCogB_Task-1.mat,B,Task-1,5,R,1,-1,0,0.1133793,False
Task-1,time_plus_spectral,A,VisualCogB_Task-1.mat,B,Task-1,6,R,1,-1,1,0.99559494,True
Task-1,time_plus_spectral,A,VisualCogB_Task-1.mat,B,Task-1,7,R,1,-1,1,0.84895564,True
Task-1,time_plus_spectral,A,VisualCogB_Task-1.mat,B,Task-1,8,L,0,-1,1,0.73090048,False
Task-1,time_plus_spectral,A,VisualCogB_Task-1.mat,B,Task-1,9,L,0,-1,0,0.47990744,True
Task-1,time_plus_spectral,A,VisualCogB_Task-1.mat,B,Task-1,10,L,0,-1,0,0.40295882,True
Task-1,time_plus_spectral,A,VisualCogB_Task-1.mat,B,Task-1,11,R,1,-1,0,0.33283176,False
Task-1,time_plus_spectral,A,VisualCogB_Task-1.mat,B,Task-1,12,L,0,-1,1,0.61800928,False
Task-1,time_plus_spectral,A,VisualCogB_Task-1.mat,B,Task-1,13,R,1,-1,1,0.56125483,True
Task-1,time_plus_spectral,A,VisualCogB_Task-1.mat,B,Task-1,15,L,0,-1,0,0.23478112,True
Task-1,time_plus_spectral,A,VisualCogB_Task-1.mat,B,Task-1,16,R,1,-1,1,0.56002321,True
Task-1,time_plus_spectral,A,VisualCogB_Task-1.mat,B,Task-1,17,L,0,-1,1,0.55727044,False
Task-1,time_plus_spectral,A,VisualCogB_Task-1.mat,B,Task-1,18,L,0,-1,0,0.34970591,True
Task-1,time_plus_spectral,A,VisualCogB_Task-1.mat,B,Task-1,19,R,1,-1,1,0.70035333,True
Task-1,time_plus_spectral,A,VisualCogB_Task-1.mat,B,Task-1,20,L,0,-1,0,0.24116836,True
Task-1,time_plus_spectral,A,VisualCogB_Task-1.mat,B,Task-1,21,R,1,-1,0,0.06197263,False
Task-1,time_plus_spectral,A,VisualCogB_Task-1.mat,B,Task-1,22,R,1,-1,0,0.22354401,False
Task-1,time_plus_spectral,A,VisualCogB_Task-1.mat,B,Task-1,24,R,1,-1,0,0.097534018,False
Task-1,time_plus_spectral,A,VisualCogB_Task-1.mat,B,Task-1,26,R,1,-1,0,0.40997983,False
Task-1,time_plus_spectral,A,VisualCogB_Task-1.mat,B,Task-1,27,R,1,-1,1,0.66670258,True
Task-1,time_plus_spectral,A,VisualCogB_Task-1.mat,B,Task-1,28,R,1,-1,1,0.95636897,True
Task-1,time_plus_spectral,A,VisualCogB_Task-1.mat,B,Task-1,29,R,1,-1,0,0.036568342,False
Task-1,time_plus_spectral,A,VisualCogB_Task-1.mat,B,Task-1,30,L,0,-1,0,0.023179832,True
Task-1,time_plus_spectral,A,VisualCogB_Task-1.mat,B,Task-1,31,R,1,-1,0,0.4921359,False
Task-1,time_plus_spectral,A,VisualCogB_Task-1.mat,B,Task-1,32,L,0,-1,1,0.84461624,False
Task-1,time_plus_spectral,A,VisualCogB_Task-1.mat,B,Task-1,33,L,0,-1,0,0.17506413,True
Task-1,time_plus_spectral,A,VisualCogB_Task-1.mat,B,Task-1,34,R,1,-1,1,0.79733651,True
Task-1,time_plus_spectral,A,VisualCogB_Task-1.mat,B,Task-1,35,L,0,-1,1,0.94794578,False
Task-1,time_plus_spectral,A,VisualCogB_Task-1.mat,B,Task-1,37,L,0,-1,0,0.098748659,True
Task-1,time_plus_spectral,A,VisualCogB_Task-1.mat,B,Task-1,38,L,0,-1,1,0.7890364,False
Task-1,time_plus_spectral,A,VisualCogB_Task-1.mat,B,Task-1,39,R,1,-1,1,0.50773129,True
Task-1,time_plus_spectral,A,VisualCogB_Task-1.mat,B,Task-1,40,R,1,-1,1,0.55652762,True
Task-1,time_plus_spectral,A,VisualCogB_Task-1.mat,B,Task-1,41,L,0,-1,0,0.3673892,True
Task-1,time_plus_spectral,A,VisualCogB_Task-1.mat,B,Task-1,42,R,1,-1,0,0.092230237,False
Task-1,time_plus_spectral,A,VisualCogB_Task-1.mat,B,Task-1,43,R,1,-1,0,0.014666633,False
Task-1,time_plus_spectral,A,VisualCogB_Task-1.mat,B,Task-1,44,R,1,-1,0,0.39853017,False
Task-1,time_plus_spectral,A,VisualCogB_Task-1.mat,B,Task-1,45,R,1,-1,0,0.15879921,False
Task-1,time_plus_spectral,A,VisualCogB_Task-1.mat,B,Task-1,47,L,0,-1,0,0.1360214,True
Task-1,time_plus_spectral,A,VisualCogB_Task-1.mat,B,Task-1,48,R,1,-1,0,0.0047154074,False
Task-1,time_plus_spectral,A,VisualCogB_Task-1.mat,B,Task-1,49,R,1,-1,0,0.43939661,False
Task-1,time_plus_spectral,A,VisualCogB_Task-1.mat,B,Task-1,51,R,1,-1,0,0.45696894,False
Task-1,time_plus_spectral,A,VisualCogB_Task-1.mat,B,Task-1,52,L,0,-1,1,0.55039688,False
Task-1,time_plus_spectral,A,VisualCogB_Task-1.mat,B,Task-1,53,R,1,-1,1,0.93410389,True
Task-1,time_plus_spectral,A,VisualCogB_Task-1.mat,B,Task-1,55,R,1,-1,0,0.034294697,False
Task-1,time_plus_spectral,A,VisualCogB_Task-1.mat,B,Task-1,56,L,0,-1,0,0.018610221,True
Task-1,time_plus_spectral,A,VisualCogB_Task-1.mat,B,Task-1,57,R,1,-1,1,0.98498252,True
Task-1,time_plus_spectral,A,VisualCogB_Task-1.mat,B,Task-1,58,R,1,-1,1,0.98278321,True
Task-1,time_plus_spectral,A,VisualCogB_Task-1.mat,B,Task-1,59,R,1,-1,0,0.071485669,False
Task-1,time_plus_spectral,A,VisualCogB_Task-1.mat,B,Task-1,60,R,1,-1,1,0.81261205,True
Task-1,time_plus_spectral,A,VisualCogB_Task-1.mat,B,Task-1,61,L,0,-1,0,0.023335279,True
Task-1,time_plus_spectral,A,VisualCogB_Task-1.mat,B,Task-1,62,L,0,-1,0,0.46920364,True
Task-1,time_plus_spectral,A,VisualCogB_Task-1.mat,B,Task-1,63,R,1,-1,0,0.034281243,False
Task-1,time_plus_spectral,A,VisualCogB_Task-1.mat,B,Task-1,64,L,0,-1,0,0.09890942,True
Task-1,time_plus_spectral,A,VisualCogB_Task-1.mat,B,Task-1,65,L,0,-1,0,0.12744123,True
Task-1,time_plus_spectral,A,VisualCogB_Task-1.mat,B,Task-1,66,L,0,-1,0,0.019791527,True
Task-1,time_plus_spectral,A,VisualCogB_Task-1.mat,B,Task-1,67,R,1,-1,1,0.79001168,True
Task-1,time_plus_spectral,A,VisualCogB_Task-1.mat,B,Task-1,68,R,1,-1,0,0.018908794,False
Task-1,time_plus_spectral,A,VisualCogB_Task-1.mat,B,Task-1,69,L,0,-1,1,0.93794148,False
Task-1,time_plus_spectral,A,VisualCogB_Task-1.mat,B,Task-1,70,L,0,-1,0,0.12011556,True
Task-1,time_plus_spectral,A,VisualCogB_Task-1.mat,B,Task-1,71,R,1,-1,0,0.28963702,False
Task-1,time_plus_spectral,A,VisualCogB_Task-1.mat,B,Task-1,72,R,1,-1,0,0.10078277,False
Task-1,time_plus_spectral,A,VisualCogB_Task-1.mat,B,Task-1,73,L,0,-1,0,0.094920773,True
Task-1,time_plus_spectral,A,VisualCogB_Task-1.mat,B,Task-1,74,L,0,-1,1,0.56761447,False
Task-1,time_plus_spectral,A,VisualCogB_Task-1.mat,B,Task-1,75,R,1,-1,0,0.33703394,False
Task-1,time_plus_spectral,A,VisualCogB_Task-1.mat,B,Task-1,76,L,0,-1,0,0.42623664,True
Task-1,time_plus_spectral,A,VisualCogB_Task-1.mat,B,Task-1,77,L,0,-1,0,0.15066473,True
Task-1,time_plus_spectral,A,VisualCogB_Task-1.mat,B,Task-1,79,R,1,-1,0,0.21784357,False
Task-1,time_plus_spectral,A,VisualCogB_Task-1.mat,B,Task-1,80,L,0,-1,0,0.36328948,True
Task-1,time_plus_spectral,A,VisualCogB_Task-1.mat,B,Task-1,81,L,0,-1,0,0.12326717,True
Task-1,time_plus_spectral,A,VisualCogB_Task-1.mat,B,Task-1,82,R,1,-1,1,0.95149677,True
Task-1,time_plus_spectral,A,VisualCogB_Task-1.mat,B,Task-1,83,L,0,-1,1,0.77052652,False
Task-1,time_plus_spectral,A,VisualCogB_Task-1.mat,B,Task-1,84,L,0,-1,0,0.36270987,True
Task-1,time_plus_spectral,A,VisualCogB_Task-1.mat,B,Task-1,85,R,1,-1,0,0.1706648,False
Task-1,time_plus_spectral,A,VisualCogB_Task-1.mat,B,Task-1,86,L,0,-1,0,0.02352251,True
Task-1,time_plus_spectral,A,VisualCogB_Task-1.mat,B,Task-1,87,L,0,-1,1,0.82537344,False
Task-1,time_plus_spectral,A,VisualCogB_Task-1.mat,B,Task-1,89,L,0,-1,0,0.18704723,True
Task-1,time_plus_spectral,A,VisualCogB_Task-1.mat,B,Task-1,90,L,0,-1,0,0.16455341,True
Task-1,time_plus_spectral,A,VisualCogB_Task-1.mat,B,Task-1,91,R,1,-1,0,0.041995787,False
Task-1,time_plus_spectral,A,VisualCogB_Task-1.mat,B,Task-1,93,L,0,-1,1,0.61755472,False
Task-1,time_plus_spectral,A,VisualCogB_Task-1.mat,B,Task-1,94,R,1,-1,0,0.14064055,False
Task-1,time_plus_spectral,A,VisualCogB_Task-1.mat,B,Task-1,95,L,0,-1,0,0.13317513,True
Task-1,time_plus_spectral,A,VisualCogB_Task-1.mat,B,Task-1,96,R,1,-1,0,0.23331572,False
Task-1,time_plus_spectral,A,VisualCogB_Task-1.mat,B,Task-1,97,L,0,-1,1,0.99975566,False
Task-1,time_plus_spectral,A,VisualCogB_Task-1.mat,B,Task-1,98,R,1,-1,1,0.51199274,True
Task-1,time_plus_spectral,A,VisualCogB_Task-1.mat,B,Task-1,99,R,1,-1,1,0.62458383,True
Task-1,time_plus_spectral,A,VisualCogB_Task-1.mat,B,Task-1,100,R,1,-1,0,0.13160623,False
Task-1,time_plus_spectral,B,VisualCogA_Task-1.mat,A,Task-1,1,L,0,-1,1,0.61210534,False
Task-1,time_plus_spectral,B,VisualCogA_Task-1.mat,A,Task-1,2,R,1,-1,0,0.33367011,False
Task-1,time_plus_spectral,B,VisualCogA_Task-1.mat,A,Task-1,4,L,0,-1,1,0.57926675,False
Task-1,time_plus_spectral,B,VisualCogA_Task-1.mat,A,Task-1,5,R,1,-1,1,0.5212454,True
Task-1,time_plus_spectral,B,VisualCogA_Task-1.mat,A,Task-1,6,L,0,-1,1,0.58952405,False
Task-1,time_plus_spectral,B,VisualCogA_Task-1.mat,A,Task-1,7,L,0,-1,0,0.40804443,True
Task-1,time_plus_spectral,B,VisualCogA_Task-1.mat,A,Task-1,8,L,0,-1,0,0.47265066,True
Task-1,time_plus_spectral,B,VisualCogA_Task-1.mat,A,Task-1,9,R,1,-1,1,0.70103501,True
Task-1,time_plus_spectral,B,VisualCogA_Task-1.mat,A,Task-1,10,R,1,-1,1,0.61982594,True
Task-1,time_plus_spectral,B,VisualCogA_Task-1.mat,A,Task-1,11,R,1,-1,0,0.27405093,False
Task-1,time_plus_spectral,B,VisualCogA_Task-1.mat,A,Task-1,12,R,1,-1,1,0.59038642,True
Task-1,time_plus_spectral,B,VisualCogA_Task-1.mat,A,Task-1,13,L,0,-1,1,0.70313191,False
Task-1,time_plus_spectral,B,VisualCogA_Task-1.mat,A,Task-1,15,R,1,-1,1,0.73291091,True
Task-1,time_plus_spectral,B,VisualCogA_Task-1.mat,A,Task-1,16,L,0,-1,0,0.13417834,True
Task-1,time_plus_spectral,B,VisualCogA_Task-1.mat,A,Task-1,17,R,1,-1,0,0.44576991,False
Task-1,time_plus_spectral,B,VisualCogA_Task-1.mat,A,Task-1,18,L,0,-1,1,0.78424477,False
Task-1,time_plus_spectral,B,VisualCogA_Task-1.mat,A,Task-1,19,L,0,-1,1,0.69781863,False
Task-1,time_plus_spectral,B,VisualCogA_Task-1.mat,A,Task-1,21,L,0,-1,1,0.84606332,False
Task-1,time_plus_spectral,B,VisualCogA_Task-1.mat,A,Task-1,23,R,1,-1,0,0.41042804,False
Task-1,time_plus_spectral,B,VisualCogA_Task-1.mat,A,Task-1,24,L,0,-1,0,0.49000772,True
Task-1,time_plus_spectral,B,VisualCogA_Task-1.mat,A,Task-1,25,L,0,-1,0,0.2863902,True
Task-1,time_plus_spectral,B,VisualCogA_Task-1.mat,A,Task-1,26,R,1,-1,1,0.70686808,True
Task-1,time_plus_spectral,B,VisualCogA_Task-1.mat,A,Task-1,28,L,0,-1,1,0.80234066,False
Task-1,time_plus_spectral,B,VisualCogA_Task-1.mat,A,Task-1,29,L,0,-1,1,0.59880279,False
Task-1,time_plus_spectral,B,VisualCogA_Task-1.mat,A,Task-1,30,L,0,-1,1,0.80890427,False
Task-1,time_plus_spectral,B,VisualCogA_Task-1.mat,A,Task-1,31,L,0,-1,1,0.62257332,False
Task-1,time_plus_spectral,B,VisualCogA_Task-1.mat,A,Task-1,32,R,1,-1,0,0.18943251,False
Task-1,time_plus_spectral,B,VisualCogA_Task-1.mat,A,Task-1,33,R,1,-1,1,0.89409078,True
Task-1,time_plus_spectral,B,VisualCogA_Task-1.mat,A,Task-1,34,L,0,-1,1,0.52418224,False
Task-1,time_plus_spectral,B,VisualCogA_Task-1.mat,A,Task-1,35,R,1,-1,1,0.62360947,True
Task-1,time_plus_spectral,B,VisualCogA_Task-1.mat,A,Task-1,38,L,0,-1,0,0.37479574,True
Task-1,time_plus_spectral,B,VisualCogA_Task-1.mat,A,Task-1,42,R,1,-1,1,0.67147034,True
Task-1,time_plus_spectral,B,VisualCogA_Task-1.mat,A,Task-1,43,L,0,-1,1,0.72273125,False
Task-1,time_plus_spectral,B,VisualCogA_Task-1.mat,A,Task-1,44,R,1,-1,1,0.80320998,True
Task-1,time_plus_spectral,B,VisualCogA_Task-1.mat,A,Task-1,45,L,0,-1,1,0.85585934,False
Task-1,time_plus_spectral,B,VisualCogA_Task-1.mat,A,Task-1,47,L,0,-1,1,0.73979529,False
Task-1,time_plus_spectral,B,VisualCogA_Task-1.mat,A,Task-1,48,R,1,-1,1,0.7895817,True
Task-1,time_plus_spectral,B,VisualCogA_Task-1.mat,A,Task-1,49,L,0,-1,0,0.45145416,True
Task-1,time_plus_spectral,B,VisualCogA_Task-1.mat,A,Task-1,50,L,0,-1,0,0.34202027,True
Task-1,time_plus_spectral,B,VisualCogA_Task-1.mat,A,Task-1,51,R,1,-1,1,0.56161803,True
Task-1,time_plus_spectral,B,VisualCogA_Task-1.mat,A,Task-1,52,R,1,-1,0,0.25222351,False
Task-1,time_plus_spectral,B,VisualCogA_Task-1.mat,A,Task-1,54,L,0,-1,0,0.25794968,True
Task-1,time_plus_spectral,B,VisualCogA_Task-1.mat,A,Task-1,55,R,1,-1,0,0.44582777,False
Task-1,time_plus_spectral,B,VisualCogA_Task-1.mat,A,Task-1,56,L,0,-1,0,0.4659433,True
Task-1,time_plus_spectral,B,VisualCogA_Task-1.mat,A,Task-1,57,L,0,-1,0,0.43637196,True
Task-1,time_plus_spectral,B,VisualCogA_Task-1.mat,A,Task-1,58,R,1,-1,1,0.52656876,True
Task-1,time_plus_spectral,B,VisualCogA_Task-1.mat,A,Task-1,59,R,1,-1,1,0.65970129,True
Task-1,time_plus_spectral,B,VisualCogA_Task-1.mat,A,Task-1,61,R,1,-1,0,0.35270492,False
Task-1,time_plus_spectral,B,VisualCogA_Task-1.mat,A,Task-1,62,L,0,-1,1,0.53824502,False
Task-1,time_plus_spectral,B,VisualCogA_Task-1.mat,A,Task-1,63,R,1,-1,1,0.70993899,True
Task-1,time_plus_spectral,B,VisualCogA_Task-1.mat,A,Task-1,64,R,1,-1,0,0.35870182,False
Task-1,time_plus_spectral,B,VisualCogA_Task-1.mat,A,Task-1,65,L,0,-1,1,0.86350897,False
Task-1,time_plus_spectral,B,VisualCogA_Task-1.mat,A,Task-1,66,R,1,-1,1,0.71406535,True
Task-1,time_plus_spectral,B,VisualCogA_Task-1.mat,A,Task-1,67,L,0,-1,1,0.79319355,False
Task-1,time_plus_spectral,B,VisualCogA_Task-1.mat,A,Task-1,68,L,0,-1,1,0.80666778,False
Task-1,time_plus_spectral,B,VisualCogA_Task-1.mat,A,Task-1,69,R,1,-1,1,0.77012848,True
Task-1,time_plus_spectral,B,VisualCogA_Task-1.mat,A,Task-1,70,R,1,-1,0,0.48827489,False
Task-1,time_plus_spectral,B,VisualCogA_Task-1.mat,A,Task-1,71,L,0,-1,1,0.82260021,False
Task-1,time_plus_spectral,B,VisualCogA_Task-1.mat,A,Task-1,72,R,1,-1,1,0.52248588,True
Task-1,time_plus_spectral,B,VisualCogA_Task-1.mat,A,Task-1,73,L,0,-1,1,0.68187319,False
Task-1,time_plus_spectral,B,VisualCogA_Task-1.mat,A,Task-1,74,R,1,-1,1,0.59314874,True
Task-1,time_plus_spectral,B,VisualCogA_Task-1.mat,A,Task-1,75,L,0,-1,0,0.23907547,True
Task-1,time_plus_spectral,B,VisualCogA_Task-1.mat,A,Task-1,76,R,1,-1,0,0.21010218,False
Task-1,time_plus_spectral,B,VisualCogA_Task-1.mat,A,Task-1,78,L,0,-1,1,0.57515906,False
Task-1,time_plus_spectral,B,VisualCogA_Task-1.mat,A,Task-1,79,L,0,-1,0,0.1481838,True
Task-1,time_plus_spectral,B,VisualCogA_Task-1.mat,A,Task-1,80,L,0,-1,1,0.77340305,False
Task-1,time_plus_spectral,B,VisualCogA_Task-1.mat,A,Task-1,81,L,0,-1,0,0.46564814,True
Task-1,time_plus_spectral,B,VisualCogA_Task-1.mat,A,Task-1,82,R,1,-1,1,0.68434511,True
Task-1,time_plus_spectral,B,VisualCogA_Task-1.mat,A,Task-1,83,L,0,-1,0,0.4510557,True
Task-1,time_plus_spectral,B,VisualCogA_Task-1.mat,A,Task-1,84,R,1,-1,1,0.70419471,True
Task-1,time_plus_spectral,B,VisualCogA_Task-1.mat,A,Task-1,85,L,0,-1,1,0.6824993,False
Task-1,time_plus_spectral,B,VisualCogA_Task-1.mat,A,Task-1,86,R,1,-1,0,0.32719144,False
Task-1,time_plus_spectral,B,VisualCogA_Task-1.mat,A,Task-1,87,R,1,-1,1,0.68678722,True
Task-1,time_plus_spectral,B,VisualCogA_Task-1.mat,A,Task-1,89,R,1,-1,1,0.61751153,True
Task-1,time_plus_spectral,B,VisualCogA_Task-1.mat,A,Task-1,90,R,1,-1,0,0.40307607,False
Task-1,time_plus_spectral,B,VisualCogA_Task-1.mat,A,Task-1,91,L,0,-1,1,0.61983475,False
Task-1,time_plus_spectral,B,VisualCogA_Task-1.mat,A,Task-1,92,R,1,-1,0,0.47918536,False
Task-1,time_plus_spectral,B,VisualCogA_Task-1.mat,A,Task-1,93,R,1,-1,0,0.44320514,False
Task-1,time_plus_spectral,B,VisualCogA_Task-1.mat,A,Task-1,94,R,1,-1,0,0.30401227,False
Task-1,time_plus_spectral,B,VisualCogA_Task-1.mat,A,Task-1,95,L,0,-1,0,0.33152239,True
Task-1,time_plus_spectral,B,VisualCogA_Task-1.mat,A,Task-1,96,R,1,-1,1,0.84788552,True
Task-1,time_plus_spectral,B,VisualCogA_Task-1.mat,A,Task-1,97,R,1,-1,1,0.59419323,True
Task-1,time_plus_spectral,B,VisualCogA_Task-1.mat,A,Task-1,98,L,0,-1,0,0.36436977,True
Task-1,time_plus_spectral,B,VisualCogA_Task-1.mat,A,Task-1,99,L,0,-1,1,0.50167035,False
Task-1,time_plus_spectral,B,VisualCogA_Task-1.mat,A,Task-1,100,R,1,-1,1,0.621929,True
Task-1,full_multichannel,A,VisualCogB_Task-1.mat,B,Task-1,1,L,0,-1,1,0.60541042,False
Task-1,full_multichannel,A,VisualCogB_Task-1.mat,B,Task-1,2,L,0,-1,0,0.37427041,True
Task-1,full_multichannel,A,VisualCogB_Task-1.mat,B,Task-1,3,R,1,-1,1,0.5414969,True
Task-1,full_multichannel,A,VisualCogB_Task-1.mat,B,Task-1,4,L,0,-1,1,0.52927268,False
Task-1,full_multichannel,A,VisualCogB_Task-1.mat,B,Task-1,5,R,1,-1,0,0.48973275,False
Task-1,full_multichannel,A,VisualCogB_Task-1.mat,B,Task-1,6,R,1,-1,0,0.37159951,False
Task-1,full_multichannel,A,VisualCogB_Task-1.mat,B,Task-1,7,R,1,-1,0,0.47704671,False
Task-1,full_multichannel,A,VisualCogB_Task-1.mat,B,Task-1,8,L,0,-1,0,0.42648355,True
Task-1,full_multichannel,A,VisualCogB_Task-1.mat,B,Task-1,9,L,0,-1,0,0.43318369,True
Task-1,full_multichannel,A,VisualCogB_Task-1.mat,B,Task-1,10,L,0,-1,1,0.51181301,False
Task-1,full_multichannel,A,VisualCogB_Task-1.mat,B,Task-1,11,R,1,-1,0,0.34183346,False
Task-1,full_multichannel,A,VisualCogB_Task-1.mat,B,Task-1,12,L,0,-1,1,0.54437383,False
Task-1,full_multichannel,A,VisualCogB_Task-1.mat,B,Task-1,13,R,1,-1,1,0.52389829,True
Task-1,full_multichannel,A,VisualCogB_Task-1.mat,B,Task-1,15,L,0,-1,0,0.40922316,True
Task-1,full_multichannel,A,VisualCogB_Task-1.mat,B,Task-1,16,R,1,-1,1,0.53488621,True
Task-1,full_multichannel,A,VisualCogB_Task-1.mat,B,Task-1,17,L,0,-1,0,0.46479083,True
Task-1,full_multichannel,A,VisualCogB_Task-1.mat,B,Task-1,18,L,0,-1,1,0.50556363,False
Task-1,full_multichannel,A,VisualCogB_Task-1.mat,B,Task-1,19,R,1,-1,1,0.5167806,True
Task-1,full_multichannel,A,VisualCogB_Task-1.mat,B,Task-1,20,L,0,-1,0,0.43483466,True
Task-1,full_multichannel,A,VisualCogB_Task-1.mat,B,Task-1,21,R,1,-1,0,0.39668128,False
Task-1,full_multichannel,A,VisualCogB_Task-1.mat,B,Task-1,22,R,1,-1,1,0.52632256,True
Task-1,full_multichannel,A,VisualCogB_Task-1.mat,B,Task-1,24,R,1,-1,0,0.42594085,False
Task-1,full_multichannel,A,VisualCogB_Task-1.mat,B,Task-1,26,R,1,-1,0,0.42661524,False
Task-1,full_multichannel,A,VisualCogB_Task-1.mat,B,Task-1,27,R,1,-1,1,0.55053107,True
Task-1,full_multichannel,A,VisualCogB_Task-1.mat,B,Task-1,28,R,1,-1,1,0.53691054,True
Task-1,full_multichannel,A,VisualCogB_Task-1.mat,B,Task-1,29,R,1,-1,1,0.53237733,True
Task-1,full_multichannel,A,VisualCogB_Task-1.mat,B,Task-1,30,L,0,-1,1,0.51963343,False
Task-1,full_multichannel,A,VisualCogB_Task-1.mat,B,Task-1,31,R,1,-1,1,0.51172952,True
Task-1,full_multichannel,A,VisualCogB_Task-1.mat,B,Task-1,32,L,0,-1,1,0.57896412,False
Task-1,full_multichannel,A,VisualCogB_Task-1.mat,B,Task-1,33,L,0,-1,0,0.48833221,True
Task-1,full_multichannel,A,VisualCogB_Task-1.mat,B,Task-1,34,R,1,-1,1,0.55239162,True
Task-1,full_multichannel,A,VisualCogB_Task-1.mat,B,Task-1,35,L,0,-1,0,0.43506966,True
Task-1,full_multichannel,A,VisualCogB_Task-1.mat,B,Task-1,37,L,0,-1,1,0.50880041,False
Task-1,full_multichannel,A,VisualCogB_Task-1.mat,B,Task-1,38,L,0,-1,1,0.54738083,False
Task-1,full_multichannel,A,VisualCogB_Task-1.mat,B,Task-1,39,R,1,-1,1,0.565599,True
Task-1,full_multichannel,A,VisualCogB_Task-1.mat,B,Task-1,40,R,1,-1,0,0.39527428,False
Task-1,full_multichannel,A,VisualCogB_Task-1.mat,B,Task-1,41,L,0,-1,1,0.54782606,False
Task-1,full_multichannel,A,VisualCogB_Task-1.mat,B,Task-1,42,R,1,-1,0,0.46168177,False
Task-1,full_multichannel,A,VisualCogB_Task-1.mat,B,Task-1,43,R,1,-1,1,0.51113734,True
Task-1,full_multichannel,A,VisualCogB_Task-1.mat,B,Task-1,44,R,1,-1,1,0.50040977,True
Task-1,full_multichannel,A,VisualCogB_Task-1.mat,B,Task-1,45,R,1,-1,1,0.52596464,True
Task-1,full_multichannel,A,VisualCogB_Task-1.mat,B,Task-1,47,L,0,-1,0,0.48213755,True
Task-1,full_multichannel,A,VisualCogB_Task-1.mat,B,Task-1,48,R,1,-1,0,0.43801315,False
Task-1,full_multichannel,A,VisualCogB_Task-1.mat,B,Task-1,49,R,1,-1,0,0.39580429,False
Task-1,full_multichannel,A,VisualCogB_Task-1.mat,B,Task-1,51,R,1,-1,1,0.56131142,True
Task-1,full_multichannel,A,VisualCogB_Task-1.mat,B,Task-1,52,L,0,-1,1,0.55813667,False
Task-1,full_multichannel,A,VisualCogB_Task-1.mat,B,Task-1,53,R,1,-1,1,0.53485667,True
Task-1,full_multichannel,A,VisualCogB_Task-1.mat,B,Task-1,55,R,1,-1,1,0.53135568,True
Task-1,full_multichannel,A,VisualCogB_Task-1.mat,B,Task-1,56,L,0,-1,1,0.53672089,False
Task-1,full_multichannel,A,VisualCogB_Task-1.mat,B,Task-1,57,R,1,-1,1,0.51542973,True
Task-1,full_multichannel,A,VisualCogB_Task-1.mat,B,Task-1,58,R,1,-1,0,0.46756687,False
Task-1,full_multichannel,A,VisualCogB_Task-1.mat,B,Task-1,59,R,1,-1,0,0.38834559,False
Task-1,full_multichannel,A,VisualCogB_Task-1.mat,B,Task-1,60,R,1,-1,0,0.43947263,False
Task-1,full_multichannel,A,VisualCogB_Task-1.mat,B,Task-1,61,L,0,-1,1,0.52764069,False
Task-1,full_multichannel,A,VisualCogB_Task-1.mat,B,Task-1,62,L,0,-1,0,0.43743125,True
Task-1,full_multichannel,A,VisualCogB_Task-1.mat,B,Task-1,63,R,1,-1,0,0.45735294,False
Task-1,full_multichannel,A,VisualCogB_Task-1.mat,B,Task-1,64,L,0,-1,1,0.51331144,False
Task-1,full_multichannel,A,VisualCogB_Task-1.mat,B,Task-1,65,L,0,-1,1,0.51211995,False
Task-1,full_multichannel,A,VisualCogB_Task-1.mat,B,Task-1,66,L,0,-1,1,0.50522645,False
Task-1,full_multichannel,A,VisualCogB_Task-1.mat,B,Task-1,67,R,1,-1,1,0.58237164,True
Task-1,full_multichannel,A,VisualCogB_Task-1.mat,B,Task-1,68,R,1,-1,1,0.50556011,True
Task-1,full_multichannel,A,VisualCogB_Task-1.mat,B,Task-1,69,L,0,-1,0,0.41770786,True
Task-1,full_multichannel,A,VisualCogB_Task-1.mat,B,Task-1,70,L,0,-1,0,0.46557692,True
Task-1,full_multichannel,A,VisualCogB_Task-1.mat,B,Task-1,71,R,1,-1,0,0.49902984,False
Task-1,full_multichannel,A,VisualCogB_Task-1.mat,B,Task-1,72,R,1,-1,1,0.50992233,True
Task-1,full_multichannel,A,VisualCogB_Task-1.mat,B,Task-1,73,L,0,-1,1,0.51203048,False
Task-1,full_multichannel,A,VisualCogB_Task-1.mat,B,Task-1,74,L,0,-1,0,0.45805689,True
Task-1,full_multichannel,A,VisualCogB_Task-1.mat,B,Task-1,75,R,1,-1,1,0.55563443,True
Task-1,full_multichannel,A,VisualCogB_Task-1.mat,B,Task-1,76,L,0,-1,0,0.41591886,True
Task-1,full_multichannel,A,VisualCogB_Task-1.mat,B,Task-1,77,L,0,-1,1,0.50040671,False
Task-1,full_multichannel,A,VisualCogB_Task-1.mat,B,Task-1,79,R,1,-1,1,0.52307687,True
Task-1,full_multichannel,A,VisualCogB_Task-1.mat,B,Task-1,80,L,0,-1,0,0.49875635,True
Task-1,full_multichannel,A,VisualCogB_Task-1.mat,B,Task-1,81,L,0,-1,1,0.51615759,False
Task-1,full_multichannel,A,VisualCogB_Task-1.mat,B,Task-1,82,R,1,-1,1,0.50730384,True
Task-1,full_multichannel,A,VisualCogB_Task-1.mat,B,Task-1,83,L,0,-1,1,0.52244103,False
Task-1,full_multichannel,A,VisualCogB_Task-1.mat,B,Task-1,84,L,0,-1,1,0.52563935,False
Task-1,full_multichannel,A,VisualCogB_Task-1.mat,B,Task-1,85,R,1,-1,1,0.50436009,True
Task-1,full_multichannel,A,VisualCogB_Task-1.mat,B,Task-1,86,L,0,-1,0,0.4431144,True
Task-1,full_multichannel,A,VisualCogB_Task-1.mat,B,Task-1,87,L,0,-1,1,0.55442834,False
Task-1,full_multichannel,A,VisualCogB_Task-1.mat,B,Task-1,89,L,0,-1,0,0.41430102,True
Task-1,full_multichannel,A,VisualCogB_Task-1.mat,B,Task-1,90,L,0,-1,0,0.49225191,True
Task-1,full_multichannel,A,VisualCogB_Task-1.mat,B,Task-1,91,R,1,-1,0,0.47437517,False
Task-1,full_multichannel,A,VisualCogB_Task-1.mat,B,Task-1,93,L,0,-1,1,0.52037647,False
Task-1,full_multichannel,A,VisualCogB_Task-1.mat,B,Task-1,94,R,1,-1,0,0.45201004,False
Task-1,full_multichannel,A,VisualCogB_Task-1.mat,B,Task-1,95,L,0,-1,1,0.50846691,False
Task-1,full_multichannel,A,VisualCogB_Task-1.mat,B,Task-1,96,R,1,-1,1,0.51563825,True
Task-1,full_multichannel,A,VisualCogB_Task-1.mat,B,Task-1,97,L,0,-1,0,0.46525507,True
Task-1,full_multichannel,A,VisualCogB_Task-1.mat,B,Task-1,98,R,1,-1,1,0.517328,True
Task-1,full_multichannel,A,VisualCogB_Task-1.mat,B,Task-1,99,R,1,-1,1,0.56784426,True
Task-1,full_multichannel,A,VisualCogB_Task-1.mat,B,Task-1,100,R,1,-1,0,0.48858461,False
Task-1,full_multichannel,B,VisualCogA_Task-1.mat,A,Task-1,1,L,0,-1,1,0.7775735,False
Task-1,full_multichannel,B,VisualCogA_Task-1.mat,A,Task-1,2,R,1,-1,0,0.22776363,False
Task-1,full_multichannel,B,VisualCogA_Task-1.mat,A,Task-1,4,L,0,-1,1,0.78382557,False
Task-1,full_multichannel,B,VisualCogA_Task-1.mat,A,Task-1,5,R,1,-1,1,0.74589841,True
Task-1,full_multichannel,B,VisualCogA_Task-1.mat,A,Task-1,6,L,0,-1,1,0.85781465,False
Task-1,full_multichannel,B,VisualCogA_Task-1.mat,A,Task-1,7,L,0,-1,0,0.37545682,True
Task-1,full_multichannel,B,VisualCogA_Task-1.mat,A,Task-1,8,L,0,-1,0,0.40615593,True
Task-1,full_multichannel,B,VisualCogA_Task-1.mat,A,Task-1,9,R,1,-1,1,0.80807607,True
Task-1,full_multichannel,B,VisualCogA_Task-1.mat,A,Task-1,10,R,1,-1,1,0.80488913,True
Task-1,full_multichannel,B,VisualCogA_Task-1.mat,A,Task-1,11,R,1,-1,0,0.19475125,False
Task-1,full_multichannel,B,VisualCogA_Task-1.mat,A,Task-1,12,R,1,-1,1,0.65611466,True
Task-1,full_multichannel,B,VisualCogA_Task-1.mat,A,Task-1,13,L,0,-1,1,0.74214353,False
Task-1,full_multichannel,B,VisualCogA_Task-1.mat,A,Task-1,15,R,1,-1,1,0.81159956,True
Task-1,full_multichannel,B,VisualCogA_Task-1.mat,A,Task-1,16,L,0,-1,0,0.030671881,True
Task-1,full_multichannel,B,VisualCogA_Task-1.mat,A,Task-1,17,R,1,-1,0,0.29362972,False
Task-1,full_multichannel,B,VisualCogA_Task-1.mat,A,Task-1,18,L,0,-1,1,0.94684234,False
Task-1,full_multichannel,B,VisualCogA_Task-1.mat,A,Task-1,19,L,0,-1,1,0.87893613,False
Task-1,full_multichannel,B,VisualCogA_Task-1.mat,A,Task-1,21,L,0,-1,1,0.97313165,False
Task-1,full_multichannel,B,VisualCogA_Task-1.mat,A,Task-1,23,R,1,-1,0,0.28556849,False
Task-1,full_multichannel,B,VisualCogA_Task-1.mat,A,Task-1,24,L,0,-1,0,0.32580423,True
Task-1,full_multichannel,B,VisualCogA_Task-1.mat,A,Task-1,25,L,0,-1,0,0.19985641,True
Task-1,full_multichannel,B,VisualCogA_Task-1.mat,A,Task-1,26,R,1,-1,1,0.8073891,True
Task-1,full_multichannel,B,VisualCogA_Task-1.mat,A,Task-1,28,L,0,-1,1,0.91150806,False
Task-1,full_multichannel,B,VisualCogA_Task-1.mat,A,Task-1,29,L,0,-1,1,0.69427257,False
Task-1,full_multichannel,B,VisualCogA_Task-1.mat,A,Task-1,30,L,0,-1,1,0.97214138,False
Task-1,full_multichannel,B,VisualCogA_Task-1.mat,A,Task-1,31,L,0,-1,1,0.75797265,False
Task-1,full_multichannel,B,VisualCogA_Task-1.mat,A,Task-1,32,R,1,-1,0,0.1231061,False
Task-1,full_multichannel,B,VisualCogA_Task-1.mat,A,Task-1,33,R,1,-1,1,0.98053432,True
Task-1,full_multichannel,B,VisualCogA_Task-1.mat,A,Task-1,34,L,0,-1,1,0.64126217,False
Task-1,full_multichannel,B,VisualCogA_Task-1.mat,A,Task-1,35,R,1,-1,1,0.74113676,True
Task-1,full_multichannel,B,VisualCogA_Task-1.mat,A,Task-1,38,L,0,-1,0,0.34775864,True
Task-1,full_multichannel,B,VisualCogA_Task-1.mat,A,Task-1,42,R,1,-1,1,0.86001362,True
Task-1,full_multichannel,B,VisualCogA_Task-1.mat,A,Task-1,43,L,0,-1,1,0.86462495,False
Task-1,full_multichannel,B,VisualCogA_Task-1.mat,A,Task-1,44,R,1,-1,1,0.93050936,True
Task-1,full_multichannel,B,VisualCogA_Task-1.mat,A,Task-1,45,L,0,-1,1,0.961916,False
Task-1,full_multichannel,B,VisualCogA_Task-1.mat,A,Task-1,47,L,0,-1,1,0.87718867,False
Task-1,full_multichannel,B,VisualCogA_Task-1.mat,A,Task-1,48,R,1,-1,1,0.92897133,True
Task-1,full_multichannel,B,VisualCogA_Task-1.mat,A,Task-1,49,L,0,-1,1,0.51149859,False
Task-1,full_multichannel,B,VisualCogA_Task-1.mat,A,Task-1,50,L,0,-1,0,0.19548288,True
Task-1,full_multichannel,B,VisualCogA_Task-1.mat,A,Task-1,51,R,1,-1,1,0.59406765,True
Task-1,full_multichannel,B,VisualCogA_Task-1.mat,A,Task-1,52,R,1,-1,0,0.11126253,False
Task-1,full_multichannel,B,VisualCogA_Task-1.mat,A,Task-1,54,L,0,-1,0,0.18037356,True
Task-1,full_multichannel,B,VisualCogA_Task-1.mat,A,Task-1,55,R,1,-1,0,0.27452561,False
Task-1,full_multichannel,B,VisualCogA_Task-1.mat,A,Task-1,56,L,0,-1,0,0.44754897,True
Task-1,full_multichannel,B,VisualCogA_Task-1.mat,A,Task-1,57,L,0,-1,0,0.3692555,True
Task-1,full_multichannel,B,VisualCogA_Task-1.mat,A,Task-1,58,R,1,-1,0,0.40078615,False
Task-1,full_multichannel,B,VisualCogA_Task-1.mat,A,Task-1,59,R,1,-1,1,0.81888224,True
Task-1,full_multichannel,B,VisualCogA_Task-1.mat,A,Task-1,61,R,1,-1,0,0.16041481,False
Task-1,full_multichannel,B,VisualCogA_Task-1.mat,A,Task-1,62,L,0,-1,1,0.70373336,False
Task-1,full_multichannel,B,VisualCogA_Task-1.mat,A,Task-1,63,R,1,-1,1,0.85644672,True
Task-1,full_multichannel,B,VisualCogA_Task-1.mat,A,Task-1,64,R,1,-1,0,0.22813271,False
Task-1,full_multichannel,B,VisualCogA_Task-1.mat,A,Task-1,65,L,0,-1,1,0.96707298,False
Task-1,full_multichannel,B,VisualCogA_Task-1.mat,A,Task-1,66,R,1,-1,1,0.84930139,True
Task-1,full_multichannel,B,VisualCogA_Task-1.mat,A,Task-1,67,L,0,-1,1,0.92472552,False
Task-1,full_multichannel,B,VisualCogA_Task-1.mat,A,Task-1,68,L,0,-1,1,0.94731088,False
Task-1,full_multichannel,B,VisualCogA_Task-1.mat,A,Task-1,69,R,1,-1,1,0.9282911,True
Task-1,full_multichannel,B,VisualCogA_Task-1.mat,A,Task-1,70,R,1,-1,0,0.4748122,False
Task-1,full_multichannel,B,VisualCogA_Task-1.mat,A,Task-1,71,L,0,-1,1,0.9284325,False
Task-1,full_multichannel,B,VisualCogA_Task-1.mat,A,Task-1,72,R,1,-1,1,0.60915618,True
Task-1,full_multichannel,B,VisualCogA_Task-1.mat,A,Task-1,73,L,0,-1,1,0.80454714,False
Task-1,full_multichannel,B,VisualCogA_Task-1.mat,A,Task-1,74,R,1,-1,1,0.81307396,True
Task-1,full_multichannel,B,VisualCogA_Task-1.mat,A,Task-1,75,L,0,-1,0,0.096137531,True
Task-1,full_multichannel,B,VisualCogA_Task-1.mat,A,Task-1,76,R,1,-1,0,0.045053971,False
Task-1,full_multichannel,B,VisualCogA_Task-1.mat,A,Task-1,78,L,0,-1,1,0.74625583,False
Task-1,full_multichannel,B,VisualCogA_Task-1.mat,A,Task-1,79,L,0,-1,0,0.024674762,True
Task-1,full_multichannel,B,VisualCogA_Task-1.mat,A,Task-1,80,L,0,-1,1,0.90005569,False
Task-1,full_multichannel,B,VisualCogA_Task-1.mat,A,Task-1,81,L,0,-1,0,0.43888644,True
Task-1,full_multichannel,B,VisualCogA_Task-1.mat,A,Task-1,82,R,1,-1,1,0.90578394,True
Task-1,full_multichannel,B,VisualCogA_Task-1.mat,A,Task-1,83,L,0,-1,0,0.29185877,True
Task-1,full_multichannel,B,VisualCogA_Task-1.mat,A,Task-1,84,R,1,-1,1,0.9193483,True
Task-1,full_multichannel,B,VisualCogA_Task-1.mat,A,Task-1,85,L,0,-1,1,0.84436877,False
Task-1,full_multichannel,B,VisualCogA_Task-1.mat,A,Task-1,86,R,1,-1,0,0.23848497,False
Task-1,full_multichannel,B,VisualCogA_Task-1.mat,A,Task-1,87,R,1,-1,1,0.88017981,True
Task-1,full_multichannel,B,VisualCogA_Task-1.mat,A,Task-1,89,R,1,-1,1,0.7879073,True
Task-1,full_multichannel,B,VisualCogA_Task-1.mat,A,Task-1,90,R,1,-1,1,0.55152054,True
Task-1,full_multichannel,B,VisualCogA_Task-1.mat,A,Task-1,91,L,0,-1,1,0.67558678,False
Task-1,full_multichannel,B,VisualCogA_Task-1.mat,A,Task-1,92,R,1,-1,0,0.45201531,False
Task-1,full_multichannel,B,VisualCogA_Task-1.mat,A,Task-1,93,R,1,-1,0,0.43468729,False
Task-1,full_multichannel,B,VisualCogA_Task-1.mat,A,Task-1,94,R,1,-1,0,0.084838717,False
Task-1,full_multichannel,B,VisualCogA_Task-1.mat,A,Task-1,95,L,0,-1,0,0.20261377,True
Task-1,full_multichannel,B,VisualCogA_Task-1.mat,A,Task-1,96,R,1,-1,1,0.9580356,True
Task-1,full_multichannel,B,VisualCogA_Task-1.mat,A,Task-1,97,R,1,-1,1,0.66286964,True
Task-1,full_multichannel,B,VisualCogA_Task-1.mat,A,Task-1,98,L,0,-1,0,0.24213482,True
Task-1,full_multichannel,B,VisualCogA_Task-1.mat,A,Task-1,99,L,0,-1,1,0.53630622,False
Task-1,full_multichannel,B,VisualCogA_Task-1.mat,A,Task-1,100,R,1,-1,1,0.82042846,True
Task-2,time_only,A,VisualCogB_Task-2.mat,B,Task-2,1,L,0,-1,1,0.5570691,False
Task-2,time_only,A,VisualCogB_Task-2.mat,B,Task-2,2,L,0,-1,1,0.500877,False
Task-2,time_only,A,VisualCogB_Task-2.mat,B,Task-2,3,L,0,-1,1,0.52321302,False
Task-2,time_only,A,VisualCogB_Task-2.mat,B,Task-2,4,R,1,-1,0,0.46560252,False
Task-2,time_only,A,VisualCogB_Task-2.mat,B,Task-2,5,L,0,-1,0,0.44636811,True
Task-2,time_only,A,VisualCogB_Task-2.mat,B,Task-2,6,R,1,-1,0,0.45384891,False
Task-2,time_only,A,VisualCogB_Task-2.mat,B,Task-2,7,R,1,-1,1,0.50319723,True
Task-2,time_only,A,VisualCogB_Task-2.mat,B,Task-2,8,R,1,-1,1,0.52736708,True
Task-2,time_only,A,VisualCogB_Task-2.mat,B,Task-2,9,R,1,-1,0,0.48810149,False
Task-2,time_only,A,VisualCogB_Task-2.mat,B,Task-2,11,R,1,-1,1,0.54159773,True
Task-2,time_only,A,VisualCogB_Task-2.mat,B,Task-2,12,R,1,-1,0,0.46064421,False
Task-2,time_only,A,VisualCogB_Task-2.mat,B,Task-2,13,R,1,-1,1,0.54123852,True
Task-2,time_only,A,VisualCogB_Task-2.mat,B,Task-2,15,R,1,-1,1,0.55727244,True
Task-2,time_only,A,VisualCogB_Task-2.mat,B,Task-2,17,L,0,-1,1,0.58617263,False
Task-2,time_only,A,VisualCogB_Task-2.mat,B,Task-2,18,R,1,-1,0,0.46291949,False
Task-2,time_only,A,VisualCogB_Task-2.mat,B,Task-2,19,R,1,-1,1,0.5038778,True
Task-2,time_only,A,VisualCogB_Task-2.mat,B,Task-2,20,L,0,-1,0,0.45489515,True
Task-2,time_only,A,VisualCogB_Task-2.mat,B,Task-2,21,R,1,-1,1,0.57189684,True
Task-2,time_only,A,VisualCogB_Task-2.mat,B,Task-2,22,R,1,-1,1,0.56592931,True
Task-2,time_only,A,VisualCogB_Task-2.mat,B,Task-2,24,L,0,-1,1,0.50343549,False
Task-2,time_only,A,VisualCogB_Task-2.mat,B,Task-2,25,L,0,-1,1,0.51116113,False
Task-2,time_only,A,VisualCogB_Task-2.mat,B,Task-2,26,R,1,-1,1,0.56207098,True
Task-2,time_only,A,VisualCogB_Task-2.mat,B,Task-2,27,L,0,-1,0,0.40102194,True
Task-2,time_only,A,VisualCogB_Task-2.mat,B,Task-2,28,L,0,-1,0,0.4370913,True
Task-2,time_only,A,VisualCogB_Task-2.mat,B,Task-2,29,L,0,-1,1,0.56854828,False
Task-2,time_only,A,VisualCogB_Task-2.mat,B,Task-2,30,R,1,-1,0,0.49500037,False
Task-2,time_only,A,VisualCogB_Task-2.mat,B,Task-2,31,R,1,-1,1,0.55837223,True
Task-2,time_only,A,VisualCogB_Task-2.mat,B,Task-2,32,R,1,-1,0,0.47313877,False
Task-2,time_only,A,VisualCogB_Task-2.mat,B,Task-2,33,R,1,-1,1,0.58476277,True
Task-2,time_only,A,VisualCogB_Task-2.mat,B,Task-2,34,R,1,-1,1,0.54232942,True
Task-2,time_only,A,VisualCogB_Task-2.mat,B,Task-2,35,L,0,-1,0,0.44159804,True
Task-2,time_only,A,VisualCogB_Task-2.mat,B,Task-2,36,R,1,-1,1,0.50043593,True
Task-2,time_only,A,VisualCogB_Task-2.mat,B,Task-2,37,L,0,-1,0,0.49048124,True
Task-2,time_only,A,VisualCogB_Task-2.mat,B,Task-2,38,L,0,-1,0,0.49984114,True
Task-2,time_only,A,VisualCogB_Task-2.mat,B,Task-2,39,R,1,-1,0,0.47907111,False
Task-2,time_only,A,VisualCogB_Task-2.mat,B,Task-2,40,R,1,-1,0,0.45205287,False
Task-2,time_only,A,VisualCogB_Task-2.mat,B,Task-2,41,R,1,-1,0,0.40825564,False
Task-2,time_only,A,VisualCogB_Task-2.mat,B,Task-2,42,L,0,-1,1,0.60355956,False
Task-2,time_only,A,VisualCogB_Task-2.mat,B,Task-2,44,R,1,-1,1,0.56630967,True
Task-2,time_only,A,VisualCogB_Task-2.mat,B,Task-2,45,L,0,-1,1,0.50553654,False
Task-2,time_only,A,VisualCogB_Task-2.mat,B,Task-2,46,L,0,-1,1,0.54677028,False
Task-2,time_only,A,VisualCogB_Task-2.mat,B,Task-2,47,R,1,-1,0,0.44571339,False
Task-2,time_only,A,VisualCogB_Task-2.mat,B,Task-2,48,L,0,-1,1,0.56326688,False
Task-2,time_only,A,VisualCogB_Task-2.mat,B,Task-2,49,R,1,-1,0,0.43408971,False
Task-2,time_only,A,VisualCogB_Task-2.mat,B,Task-2,51,L,0,-1,1,0.53516745,False
Task-2,time_only,A,VisualCogB_Task-2.mat,B,Task-2,52,L,0,-1,1,0.59359034,False
Task-2,time_only,A,VisualCogB_Task-2.mat,B,Task-2,53,R,1,-1,0,0.45482747,False
Task-2,time_only,A,VisualCogB_Task-2.mat,B,Task-2,55,R,1,-1,0,0.47817267,False
Task-2,time_only,A,VisualCogB_Task-2.mat,B,Task-2,58,L,0,-1,1,0.51675971,False
Task-2,time_only,A,VisualCogB_Task-2.mat,B,Task-2,59,L,0,-1,0,0.43131105,True
Task-2,time_only,A,VisualCogB_Task-2.mat,B,Task-2,60,L,0,-1,1,0.5153363,False
Task-2,time_only,A,VisualCogB_Task-2.mat,B,Task-2,61,L,0,-1,1,0.50752319,False
Task-2,time_only,A,VisualCogB_Task-2.mat,B,Task-2,62,R,1,-1,0,0.48440312,False
Task-2,time_only,A,VisualCogB_Task-2.mat,B,Task-2,63,L,0,-1,1,0.51629677,False
Task-2,time_only,A,VisualCogB_Task-2.mat,B,Task-2,64,L,0,-1,0,0.41713595,True
Task-2,time_only,A,VisualCogB_Task-2.mat,B,Task-2,65,R,1,-1,0,0.48908238,False
Task-2,time_only,A,VisualCogB_Task-2.mat,B,Task-2,66,R,1,-1,0,0.42388661,False
Task-2,time_only,A,VisualCogB_Task-2.mat,B,Task-2,67,R,1,-1,0,0.39447619,False
Task-2,time_only,A,VisualCogB_Task-2.mat,B,Task-2,68,R,1,-1,1,0.57182512,True
Task-2,time_only,A,VisualCogB_Task-2.mat,B,Task-2,69,L,0,-1,1,0.5261983,False
Task-2,time_only,A,VisualCogB_Task-2.mat,B,Task-2,70,L,0,-1,1,0.57349406,False
Task-2,time_only,A,VisualCogB_Task-2.mat,B,Task-2,71,R,1,-1,1,0.54975888,True
Task-2,time_only,A,VisualCogB_Task-2.mat,B,Task-2,72,R,1,-1,1,0.53727722,True
Task-2,time_only,A,VisualCogB_Task-2.mat,B,Task-2,73,R,1,-1,0,0.41473685,False
Task-2,time_only,A,VisualCogB_Task-2.mat,B,Task-2,74,L,0,-1,1,0.53146035,False
Task-2,time_only,A,VisualCogB_Task-2.mat,B,Task-2,75,L,0,-1,1,0.52042986,False
Task-2,time_only,A,VisualCogB_Task-2.mat,B,Task-2,76,R,1,-1,1,0.52993874,True
Task-2,time_only,A,VisualCogB_Task-2.mat,B,Task-2,77,R,1,-1,0,0.44615371,False
Task-2,time_only,A,VisualCogB_Task-2.mat,B,Task-2,78,L,0,-1,1,0.52443826,False
Task-2,time_only,A,VisualCogB_Task-2.mat,B,Task-2,79,L,0,-1,1,0.58348681,False
Task-2,time_only,A,VisualCogB_Task-2.mat,B,Task-2,80,L,0,-1,1,0.57859668,False
Task-2,time_only,A,VisualCogB_Task-2.mat,B,Task-2,81,R,1,-1,1,0.52476041,True
Task-2,time_only,A,VisualCogB_Task-2.mat,B,Task-2,83,R,1,-1,0,0.444823,False
Task-2,time_only,A,VisualCogB_Task-2.mat,B,Task-2,84,L,0,-1,1,0.50513612,False
Task-2,time_only,A,VisualCogB_Task-2.mat,B,Task-2,86,R,1,-1,1,0.54495471,True
Task-2,time_only,A,VisualCogB_Task-2.mat,B,Task-2,87,L,0,-1,0,0.49640367,True
Task-2,time_only,A,VisualCogB_Task-2.mat,B,Task-2,88,R,1,-1,0,0.48484877,False
Task-2,time_only,A,VisualCogB_Task-2.mat,B,Task-2,89,L,0,-1,1,0.5736272,False
Task-2,time_only,A,VisualCogB_Task-2.mat,B,Task-2,90,R,1,-1,1,0.56369643,True
Task-2,time_only,A,VisualCogB_Task-2.mat,B,Task-2,91,L,0,-1,0,0.43156238,True
Task-2,time_only,A,VisualCogB_Task-2.mat,B,Task-2,92,L,0,-1,0,0.48770945,True
Task-2,time_only,A,VisualCogB_Task-2.mat,B,Task-2,93,R,1,-1,0,0.41571771,False
Task-2,time_only,A,VisualCogB_Task-2.mat,B,Task-2,94,L,0,-1,0,0.46376174,True
Task-2,time_only,A,VisualCogB_Task-2.mat,B,Task-2,95,R,1,-1,0,0.41466831,False
Task-2,time_only,A,VisualCogB_Task-2.mat,B,Task-2,96,R,1,-1,0,0.46018752,False
Task-2,time_only,A,VisualCogB_Task-2.mat,B,Task-2,97,L,0,-1,0,0.47497984,True
Task-2,time_only,A,VisualCogB_Task-2.mat,B,Task-2,98,L,0,-1,0,0.47650732,True
Task-2,time_only,A,VisualCogB_Task-2.mat,B,Task-2,99,R,1,-1,1,0.51565156,True
Task-2,time_only,A,VisualCogB_Task-2.mat,B,Task-2,100,L,0,-1,0,0.43451081,True
Task-2,time_only,B,VisualCogA_Task-2.mat,A,Task-2,1,R,1,-1,1,0.50954799,True
Task-2,time_only,B,VisualCogA_Task-2.mat,A,Task-2,2,L,0,-1,1,0.56177437,False
Task-2,time_only,B,VisualCogA_Task-2.mat,A,Task-2,3,L,0,-1,0,0.27971637,True
Task-2,time_only,B,VisualCogA_Task-2.mat,A,Task-2,4,L,0,-1,1,0.55387056,False
Task-2,time_only,B,VisualCogA_Task-2.mat,A,Task-2,5,R,1,-1,1,0.6223702,True
Task-2,time_only,B,VisualCogA_Task-2.mat,A,Task-2,6,L,0,-1,1,0.57614811,False
Task-2,time_only,B,VisualCogA_Task-2.mat,A,Task-2,7,R,1,-1,1,0.61805869,True
Task-2,time_only,B,VisualCogA_Task-2.mat,A,Task-2,8,R,1,-1,1,0.53194374,True
Task-2,time_only,B,VisualCogA_Task-2.mat,A,Task-2,9,L,0,-1,1,0.58451344,False
Task-2,time_only,B,VisualCogA_Task-2.mat,A,Task-2,10,L,0,-1,1,0.57461235,False
Task-2,time_only,B,VisualCogA_Task-2.mat,A,Task-2,11,R,1,-1,1,0.67559093,True
Task-2,time_only,B,VisualCogA_Task-2.mat,A,Task-2,12,R,1,-1,1,0.6001329,True
Task-2,time_only,B,VisualCogA_Task-2.mat,A,Task-2,13,R,1,-1,1,0.54295368,True
Task-2,time_only,B,VisualCogA_Task-2.mat,A,Task-2,14,L,0,-1,1,0.55960298,False
Task-2,time_only,B,VisualCogA_Task-2.mat,A,Task-2,15,L,0,-1,0,0.47347773,True
Task-2,time_only,B,VisualCogA_Task-2.mat,A,Task-2,16,L,0,-1,1,0.60099709,False
Task-2,time_only,B,VisualCogA_Task-2.mat,A,Task-2,17,R,1,-1,0,0.18743952,False
Task-2,time_only,B,VisualCogA_Task-2.mat,A,Task-2,18,R,1,-1,1,0.56965675,True
Task-2,time_only,B,VisualCogA_Task-2.mat,A,Task-2,19,L,0,-1,1,0.52819053,False
Task-2,time_only,B,VisualCogA_Task-2.mat,A,Task-2,20,L,0,-1,1,0.642147,False
Task-2,time_only,B,VisualCogA_Task-2.mat,A,Task-2,21,R,1,-1,1,0.52984849,True
Task-2,time_only,B,VisualCogA_Task-2.mat,A,Task-2,22,L,0,-1,1,0.65157685,False
Task-2,time_only,B,VisualCogA_Task-2.mat,A,Task-2,23,R,1,-1,0,0.47818922,False
Task-2,time_only,B,VisualCogA_Task-2.mat,A,Task-2,24,R,1,-1,1,0.52563865,True
Task-2,time_only,B,VisualCogA_Task-2.mat,A,Task-2,25,L,0,-1,1,0.60503998,False
Task-2,time_only,B,VisualCogA_Task-2.mat,A,Task-2,26,L,0,-1,1,0.56456496,False
Task-2,time_only,B,VisualCogA_Task-2.mat,A,Task-2,27,R,1,-1,1,0.57188579,True
Task-2,time_only,B,VisualCogA_Task-2.mat,A,Task-2,28,R,1,-1,1,0.63155491,True
Task-2,time_only,B,VisualCogA_Task-2.mat,A,Task-2,29,R,1,-1,1,0.54546745,True
Task-2,time_only,B,VisualCogA_Task-2.mat,A,Task-2,31,L,0,-1,0,0.42632633,True
Task-2,time_only,B,VisualCogA_Task-2.mat,A,Task-2,32,L,0,-1,1,0.50935115,False
Task-2,time_only,B,VisualCogA_Task-2.mat,A,Task-2,34,L,0,-1,1,0.66888706,False
Task-2,time_only,B,VisualCogA_Task-2.mat,A,Task-2,35,L,0,-1,1,0.55107587,False
Task-2,time_only,B,VisualCogA_Task-2.mat,A,Task-2,36,R,1,-1,1,0.56191345,True
Task-2,time_only,B,VisualCogA_Task-2.mat,A,Task-2,37,R,1,-1,0,0.25338277,False
Task-2,time_only,B,VisualCogA_Task-2.mat,A,Task-2,38,L,0,-1,0,0.47445476,True
Task-2,time_only,B,VisualCogA_Task-2.mat,A,Task-2,40,L,0,-1,1,0.54224153,False
Task-2,time_only,B,VisualCogA_Task-2.mat,A,Task-2,42,L,0,-1,0,0.19747654,True
Task-2,time_only,B,VisualCogA_Task-2.mat,A,Task-2,43,L,0,-1,1,0.52400535,False
Task-2,time_only,B,VisualCogA_Task-2.mat,A,Task-2,44,L,0,-1,1,0.55870696,False
Task-2,time_only,B,VisualCogA_Task-2.mat,A,Task-2,46,L,0,-1,1,0.54215798,False
Task-2,time_only,B,VisualCogA_Task-2.mat,A,Task-2,47,L,0,-1,0,0.44442762,True
Task-2,time_only,B,VisualCogA_Task-2.mat,A,Task-2,48,L,0,-1,1,0.5515017,False
Task-2,time_only,B,VisualCogA_Task-2.mat,A,Task-2,49,R,1,-1,1,0.50279729,True
Task-2,time_only,B,VisualCogA_Task-2.mat,A,Task-2,50,R,1,-1,1,0.52447567,True
Task-2,time_only,B,VisualCogA_Task-2.mat,A,Task-2,51,L,0,-1,1,0.61105611,False
Task-2,time_only,B,VisualCogA_Task-2.mat,A,Task-2,52,R,1,-1,1,0.53444103,True
Task-2,time_only,B,VisualCogA_Task-2.mat,A,Task-2,53,R,1,-1,0,0.47693414,False
Task-2,time_only,B,VisualCogA_Task-2.mat,A,Task-2,54,L,0,-1,1,0.64843427,False
Task-2,time_only,B,VisualCogA_Task-2.mat,A,Task-2,55,L,0,-1,1,0.52197253,False
Task-2,time_only,B,VisualCogA_Task-2.mat,A,Task-2,56,R,1,-1,1,0.66756381,True
Task-2,time_only,B,VisualCogA_Task-2.mat,A,Task-2,57,R,1,-1,0,0.19756876,False
Task-2,time_only,B,VisualCogA_Task-2.mat,A,Task-2,58,R,1,-1,1,0.55412333,True
Task-2,time_only,B,VisualCogA_Task-2.mat,A,Task-2,59,R,1,-1,1,0.68634843,True
Task-2,time_only,B,VisualCogA_Task-2.mat,A,Task-2,60,R,1,-1,1,0.55374493,True
Task-2,time_only,B,VisualCogA_Task-2.mat,A,Task-2,61,L,0,-1,1,0.52061846,False
Task-2,time_only,B,VisualCogA_Task-2.mat,A,Task-2,62,R,1,-1,0,0.37560358,False
Task-2,time_only,B,VisualCogA_Task-2.mat,A,Task-2,64,L,0,-1,1,0.65977462,False
Task-2,time_only,B,VisualCogA_Task-2.mat,A,Task-2,65,R,1,-1,0,0.49802286,False
Task-2,time_only,B,VisualCogA_Task-2.mat,A,Task-2,66,L,0,-1,1,0.5961411,False
Task-2,time_only,B,VisualCogA_Task-2.mat,A,Task-2,67,R,1,-1,1,0.55244849,True
Task-2,time_only,B,VisualCogA_Task-2.mat,A,Task-2,68,R,1,-1,1,0.7802949,True
Task-2,time_only,B,VisualCogA_Task-2.mat,A,Task-2,69,L,0,-1,1,0.52967782,False
Task-2,time_only,B,VisualCogA_Task-2.mat,A,Task-2,70,L,0,-1,1,0.73833751,False
Task-2,time_only,B,VisualCogA_Task-2.mat,A,Task-2,71,R,1,-1,1,0.5531761,True
Task-2,time_only,B,VisualCogA_Task-2.mat,A,Task-2,72,R,1,-1,0,0.317251,False
Task-2,time_only,B,VisualCogA_Task-2.mat,A,Task-2,73,R,1,-1,1,0.5800085,True
Task-2,time_only,B,VisualCogA_Task-2.mat,A,Task-2,74,R,1,-1,1,0.59148449,True
Task-2,time_only,B,VisualCogA_Task-2.mat,A,Task-2,75,L,0,-1,1,0.5060942,False
Task-2,time_only,B,VisualCogA_Task-2.mat,A,Task-2,76,L,0,-1,0,0.3851895,True
Task-2,time_only,B,VisualCogA_Task-2.mat,A,Task-2,77,L,0,-1,1,0.60850984,False
Task-2,time_only,B,VisualCogA_Task-2.mat,A,Task-2,78,R,1,-1,1,0.60563785,True
Task-2,time_only,B,VisualCogA_Task-2.mat,A,Task-2,79,L,0,-1,1,0.53166987,False
Task-2,time_only,B,VisualCogA_Task-2.mat,A,Task-2,81,L,0,-1,0,0.24490256,True
Task-2,time_only,B,VisualCogA_Task-2.mat,A,Task-2,82,R,1,-1,0,0.33736365,False
Task-2,time_only,B,VisualCogA_Task-2.mat,A,Task-2,83,R,1,-1,1,0.52168448,True
Task-2,time_only,B,VisualCogA_Task-2.mat,A,Task-2,84,L,0,-1,0,0.49771424,True
Task-2,time_only,B,VisualCogA_Task-2.mat,A,Task-2,85,R,1,-1,1,0.51396927,True
Task-2,time_only,B,VisualCogA_Task-2.mat,A,Task-2,87,L,0,-1,0,0.43772031,True
Task-2,time_only,B,VisualCogA_Task-2.mat,A,Task-2,88,R,1,-1,1,0.55816485,True
Task-2,time_only,B,VisualCogA_Task-2.mat,A,Task-2,89,L,0,-1,0,0.4813909,True
Task-2,time_only,B,VisualCogA_Task-2.mat,A,Task-2,90,L,0,-1,1,0.68318226,False
Task-2,time_only,B,VisualCogA_Task-2.mat,A,Task-2,91,L,0,-1,0,0.48650138,True
Task-2,time_only,B,VisualCogA_Task-2.mat,A,Task-2,92,L,0,-1,1,0.56385883,False
Task-2,time_only,B,VisualCogA_Task-2.mat,A,Task-2,93,R,1,-1,1,0.60184541,True
Task-2,time_only,B,VisualCogA_Task-2.mat,A,Task-2,94,L,0,-1,0,0.31459479,True
Task-2,time_only,B,VisualCogA_Task-2.mat,A,Task-2,95,L,0,-1,0,0.49267551,True
Task-2,time_only,B,VisualCogA_Task-2.mat,A,Task-2,96,L,0,-1,0,0.49991725,True
Task-2,time_only,B,VisualCogA_Task-2.mat,A,Task-2,97,L,0,-1,0,0.33562772,True
Task-2,time_only,B,VisualCogA_Task-2.mat,A,Task-2,98,L,0,-1,1,0.53099924,False
Task-2,time_only,B,VisualCogA_Task-2.mat,A,Task-2,99,L,0,-1,0,0.48085642,True
Task-2,time_only,B,VisualCogA_Task-2.mat,A,Task-2,100,L,0,-1,1,0.58596394,False
Task-2,time_plus_spectral,A,VisualCogB_Task-2.mat,B,Task-2,1,L,0,-1,0,0.40553742,True
Task-2,time_plus_spectral,A,VisualCogB_Task-2.mat,B,Task-2,2,L,0,-1,1,0.50454764,False
Task-2,time_plus_spectral,A,VisualCogB_Task-2.mat,B,Task-2,3,L,0,-1,0,0.30604332,True
Task-2,time_plus_spectral,A,VisualCogB_Task-2.mat,B,Task-2,4,R,1,-1,0,0.30747461,False
Task-2,time_plus_spectral,A,VisualCogB_Task-2.mat,B,Task-2,5,L,0,-1,0,0.30401093,True
Task-2,time_plus_spectral,A,VisualCogB_Task-2.mat,B,Task-2,6,R,1,-1,0,0.24156148,False
Task-2,time_plus_spectral,A,VisualCogB_Task-2.mat,B,Task-2,7,R,1,-1,0,0.38596563,False
Task-2,time_plus_spectral,A,VisualCogB_Task-2.mat,B,Task-2,8,R,1,-1,0,0.40505857,False
Task-2,time_plus_spectral,A,VisualCogB_Task-2.mat,B,Task-2,9,R,1,-1,0,0.30073727,False
Task-2,time_plus_spectral,A,VisualCogB_Task-2.mat,B,Task-2,11,R,1,-1,0,0.37962661,False
Task-2,time_plus_spectral,A,VisualCogB_Task-2.mat,B,Task-2,12,R,1,-1,0,0.12676875,False
Task-2,time_plus_spectral,A,VisualCogB_Task-2.mat,B,Task-2,13,R,1,-1,1,0.57375245,True
Task-2,time_plus_spectral,A,VisualCogB_Task-2.mat,B,Task-2,15,R,1,-1,0,0.36097381,False
Task-2,time_plus_spectral,A,VisualCogB_Task-2.mat,B,Task-2,17,L,0,-1,1,0.57525142,False
Task-2,time_plus_spectral,A,VisualCogB_Task-2.mat,B,Task-2,18,R,1,-1,0,0.14784933,False
Task-2,time_plus_spectral,A,VisualCogB_Task-2.mat,B,Task-2,19,R,1,-1,0,0.47606412,False
Task-2,time_plus_spectral,A,VisualCogB_Task-2.mat,B,Task-2,20,L,0,-1,0,0.1440638,True
Task-2,time_plus_spectral,A,VisualCogB_Task-2.mat,B,Task-2,21,R,1,-1,1,0.71348075,True
Task-2,time_plus_spectral,A,VisualCogB_Task-2.mat,B,Task-2,22,R,1,-1,1,0.61177815,True
Task-2,time_plus_spectral,A,VisualCogB_Task-2.mat,B,Task-2,24,L,0,-1,0,0.2739252,True
Task-2,time_plus_spectral,A,VisualCogB_Task-2.mat,B,Task-2,25,L,0,-1,0,0.43577811,True
Task-2,time_plus_spectral,A,VisualCogB_Task-2.mat,B,Task-2,26,R,1,-1,1,0.84599847,True
Task-2,time_plus_spectral,A,VisualCogB_Task-2.mat,B,Task-2,27,L,0,-1,0,0.092787793,True
Task-2,time_plus_spectral,A,VisualCogB_Task-2.mat,B,Task-2,28,L,0,-1,0,0.42945293,True
Task-2,time_plus_spectral,A,VisualCogB_Task-2.mat,B,Task-2,29,L,0,-1,1,0.63954051,False
Task-2,time_plus_spectral,A,VisualCogB_Task-2.mat,B,Task-2,30,R,1,-1,0,0.031743209,False
Task-2,time_plus_spectral,A,VisualCogB_Task-2.mat,B,Task-2,31,R,1,-1,0,0.40458409,False
Task-2,time_plus_spectral,A,VisualCogB_Task-2.mat,B,Task-2,32,R,1,-1,1,0.60176147,True
Task-2,time_plus_spectral,A,VisualCogB_Task-2.mat,B,Task-2,33,R,1,-1,1,0.6020635,True
Task-2,time_plus_spectral,A,VisualCogB_Task-2.mat,B,Task-2,34,R,1,-1,0,0.49629454,False
Task-2,time_plus_spectral,A,VisualCogB_Task-2.mat,B,Task-2,35,L,0,-1,0,0.34645564,True
Task-2,time_plus_spectral,A,VisualCogB_Task-2.mat,B,Task-2,36,R,1,-1,1,0.52211871,True
Task-2,time_plus_spectral,A,VisualCogB_Task-2.mat,B,Task-2,37,L,0,-1,0,0.34757186,True
Task-2,time_plus_spectral,A,VisualCogB_Task-2.mat,B,Task-2,38,L,0,-1,0,0.24792391,True
Task-2,time_plus_spectral,A,VisualCogB_Task-2.mat,B,Task-2,39,R,1,-1,0,0.37670375,False
Task-2,time_plus_spectral,A,VisualCogB_Task-2.mat,B,Task-2,40,R,1,-1,0,0.27557184,False
Task-2,time_plus_spectral,A,VisualCogB_Task-2.mat,B,Task-2,41,R,1,-1,0,0.054517877,False
Task-2,time_plus_spectral,A,VisualCogB_Task-2.mat,B,Task-2,42,L,0,-1,1,0.84273387,False
Task-2,time_plus_spectral,A,VisualCogB_Task-2.mat,B,Task-2,44,R,1,-1,1,0.55645439,True
Task-2,time_plus_spectral,A,VisualCogB_Task-2.mat,B,Task-2,45,L,0,-1,0,0.28759674,True
Task-2,time_plus_spectral,A,VisualCogB_Task-2.mat,B,Task-2,46,L,0,-1,1,0.76922245,False
Task-2,time_plus_spectral,A,VisualCogB_Task-2.mat,B,Task-2,47,R,1,-1,1,0.53410606,True
Task-2,time_plus_spectral,A,VisualCogB_Task-2.mat,B,Task-2,48,L,0,-1,1,0.74830461,False
Task-2,time_plus_spectral,A,VisualCogB_Task-2.mat,B,Task-2,49,R,1,-1,0,0.21156198,False
Task-2,time_plus_spectral,A,VisualCogB_Task-2.mat,B,Task-2,51,L,0,-1,0,0.39108529,True
Task-2,time_plus_spectral,A,VisualCogB_Task-2.mat,B,Task-2,52,L,0,-1,1,0.67424554,False
Task-2,time_plus_spectral,A,VisualCogB_Task-2.mat,B,Task-2,53,R,1,-1,0,0.24517973,False
Task-2,time_plus_spectral,A,VisualCogB_Task-2.mat,B,Task-2,55,R,1,-1,0,0.36638147,False
Task-2,time_plus_spectral,A,VisualCogB_Task-2.mat,B,Task-2,58,L,0,-1,0,0.32419527,True
Task-2,time_plus_spectral,A,VisualCogB_Task-2.mat,B,Task-2,59,L,0,-1,0,0.29045304,True
Task-2,time_plus_spectral,A,VisualCogB_Task-2.mat,B,Task-2,60,L,0,-1,1,0.54385025,False
Task-2,time_plus_spectral,A,VisualCogB_Task-2.mat,B,Task-2,61,L,0,-1,1,0.53357109,False
Task-2,time_plus_spectral,A,VisualCogB_Task-2.mat,B,Task-2,62,R,1,-1,1,0.72328997,True
Task-2,time_plus_spectral,A,VisualCogB_Task-2.mat,B,Task-2,63,L,0,-1,0,0.28642415,True
Task-2,time_plus_spectral,A,VisualCogB_Task-2.mat,B,Task-2,64,L,0,-1,0,0.14988386,True
Task-2,time_plus_spectral,A,VisualCogB_Task-2.mat,B,Task-2,65,R,1,-1,0,0.3758725,False
Task-2,time_plus_spectral,A,VisualCogB_Task-2.mat,B,Task-2,66,R,1,-1,0,0.093395853,False
Task-2,time_plus_spectral,A,VisualCogB_Task-2.mat,B,Task-2,67,R,1,-1,0,0.20449451,False
Task-2,time_plus_spectral,A,VisualCogB_Task-2.mat,B,Task-2,68,R,1,-1,1,0.74596639,True
Task-2,time_plus_spectral,A,VisualCogB_Task-2.mat,B,Task-2,69,L,0,-1,1,0.69761359,False
Task-2,time_plus_spectral,A,VisualCogB_Task-2.mat,B,Task-2,70,L,0,-1,1,0.83874134,False
Task-2,time_plus_spectral,A,VisualCogB_Task-2.mat,B,Task-2,71,R,1,-1,1,0.71324609,True
Task-2,time_plus_spectral,A,VisualCogB_Task-2.mat,B,Task-2,72,R,1,-1,1,0.56943713,True
Task-2,time_plus_spectral,A,VisualCogB_Task-2.mat,B,Task-2,73,R,1,-1,0,0.16035979,False
Task-2,time_plus_spectral,A,VisualCogB_Task-2.mat,B,Task-2,74,L,0,-1,0,0.28031101,True
Task-2,time_plus_spectral,A,VisualCogB_Task-2.mat,B,Task-2,75,L,0,-1,1,0.58143187,False
Task-2,time_plus_spectral,A,VisualCogB_Task-2.mat,B,Task-2,76,R,1,-1,1,0.5467161,True
Task-2,time_plus_spectral,A,VisualCogB_Task-2.mat,B,Task-2,77,R,1,-1,0,0.40932262,False
Task-2,time_plus_spectral,A,VisualCogB_Task-2.mat,B,Task-2,78,L,0,-1,0,0.33710818,True
Task-2,time_plus_spectral,A,VisualCogB_Task-2.mat,B,Task-2,79,L,0,-1,1,0.81996733,False
Task-2,time_plus_spectral,A,VisualCogB_Task-2.mat,B,Task-2,80,L,0,-1,0,0.49065041,True
Task-2,time_plus_spectral,A,VisualCogB_Task-2.mat,B,Task-2,81,R,1,-1,1,0.78862224,True
Task-2,time_plus_spectral,A,VisualCogB_Task-2.mat,B,Task-2,83,R,1,-1,0,0.37944688,False
Task-2,time_plus_spectral,A,VisualCogB_Task-2.mat,B,Task-2,84,L,0,-1,0,0.19617093,True
Task-2,time_plus_spectral,A,VisualCogB_Task-2.mat,B,Task-2,86,R,1,-1,1,0.72346728,True
Task-2,time_plus_spectral,A,VisualCogB_Task-2.mat,B,Task-2,87,L,0,-1,0,0.48152761,True
Task-2,time_plus_spectral,A,VisualCogB_Task-2.mat,B,Task-2,88,R,1,-1,0,0.48196509,False
Task-2,time_plus_spectral,A,VisualCogB_Task-2.mat,B,Task-2,89,L,0,-1,1,0.70428217,False
Task-2,time_plus_spectral,A,VisualCogB_Task-2.mat,B,Task-2,90,R,1,-1,1,0.76490218,True
Task-2,time_plus_spectral,A,VisualCogB_Task-2.mat,B,Task-2,91,L,0,-1,0,0.16914156,True
Task-2,time_plus_spectral,A,VisualCogB_Task-2.mat,B,Task-2,92,L,0,-1,0,0.24533391,True
Task-2,time_plus_spectral,A,VisualCogB_Task-2.mat,B,Task-2,93,R,1,-1,1,0.53960843,True
Task-2,time_plus_spectral,A,VisualCogB_Task-2.mat,B,Task-2,94,L,0,-1,0,0.27966023,True
Task-2,time_plus_spectral,A,VisualCogB_Task-2.mat,B,Task-2,95,R,1,-1,0,0.21665987,False
Task-2,time_plus_spectral,A,VisualCogB_Task-2.mat,B,Task-2,96,R,1,-1,0,0.20517206,False
Task-2,time_plus_spectral,A,VisualCogB_Task-2.mat,B,Task-2,97,L,0,-1,1,0.50847306,False
Task-2,time_plus_spectral,A,VisualCogB_Task-2.mat,B,Task-2,98,L,0,-1,1,0.71379293,False
Task-2,time_plus_spectral,A,VisualCogB_Task-2.mat,B,Task-2,99,R,1,-1,0,0.40346607,False
Task-2,time_plus_spectral,A,VisualCogB_Task-2.mat,B,Task-2,100,L,0,-1,0,0.21284498,True
Task-2,time_plus_spectral,B,VisualCogA_Task-2.mat,A,Task-2,1,R,1,-1,1,0.53150138,True
Task-2,time_plus_spectral,B,VisualCogA_Task-2.mat,A,Task-2,2,L,0,-1,1,0.6698867,False
Task-2,time_plus_spectral,B,VisualCogA_Task-2.mat,A,Task-2,3,L,0,-1,0,0.29840376,True
Task-2,time_plus_spectral,B,VisualCogA_Task-2.mat,A,Task-2,4,L,0,-1,0,0.46252498,True
Task-2,time_plus_spectral,B,VisualCogA_Task-2.mat,A,Task-2,5,R,1,-1,1,0.80364457,True
Task-2,time_plus_spectral,B,VisualCogA_Task-2.mat,A,Task-2,6,L,0,-1,1,0.59553677,False
Task-2,time_plus_spectral,B,VisualCogA_Task-2.mat,A,Task-2,7,R,1,-1,0,0.48140756,False
Task-2,time_plus_spectral,B,VisualCogA_Task-2.mat,A,Task-2,8,R,1,-1,1,0.50406733,True
Task-2,time_plus_spectral,B,VisualCogA_Task-2.mat,A,Task-2,9,L,0,-1,1,0.8763098,False
Task-2,time_plus_spectral,B,VisualCogA_Task-2.mat,A,Task-2,10,L,0,-1,1,0.51700387,False
Task-2,time_plus_spectral,B,VisualCogA_Task-2.mat,A,Task-2,11,R,1,-1,1,0.56428551,True
Task-2,time_plus_spectral,B,VisualCogA_Task-2.mat,A,Task-2,12,R,1,-1,1,0.54467413,True
Task-2,time_plus_spectral,B,VisualCogA_Task-2.mat,A,Task-2,13,R,1,-1,1,0.52253641,True
Task-2,time_plus_spectral,B,VisualCogA_Task-2.mat,A,Task-2,14,L,0,-1,0,0.45296145,True
Task-2,time_plus_spectral,B,VisualCogA_Task-2.mat,A,Task-2,15,L,0,-1,0,0.40354212,True
Task-2,time_plus_spectral,B,VisualCogA_Task-2.mat,A,Task-2,16,L,0,-1,1,0.61920064,False
Task-2,time_plus_spectral,B,VisualCogA_Task-2.mat,A,Task-2,17,R,1,-1,0,0.23683347,False
Task-2,time_plus_spectral,B,VisualCogA_Task-2.mat,A,Task-2,18,R,1,-1,1,0.67366719,True
Task-2,time_plus_spectral,B,VisualCogA_Task-2.mat,A,Task-2,19,L,0,-1,1,0.52878466,False
Task-2,time_plus_spectral,B,VisualCogA_Task-2.mat,A,Task-2,20,L,0,-1,1,0.51953973,False
Task-2,time_plus_spectral,B,VisualCogA_Task-2.mat,A,Task-2,21,R,1,-1,0,0.434952,False
Task-2,time_plus_spectral,B,VisualCogA_Task-2.mat,A,Task-2,22,L,0,-1,1,0.60887923,False
Task-2,time_plus_spectral,B,VisualCogA_Task-2.mat,A,Task-2,23,R,1,-1,0,0.48532861,False
Task-2,time_plus_spectral,B,VisualCogA_Task-2.mat,A,Task-2,24,R,1,-1,1,0.71944399,True
Task-2,time_plus_spectral,B,VisualCogA_Task-2.mat,A,Task-2,25,L,0,-1,0,0.44976719,True
Task-2,time_plus_spectral,B,VisualCogA_Task-2.mat,A,Task-2,26,L,0,-1,1,0.53574514,False
Task-2,time_plus_spectral,B,VisualCogA_Task-2.mat,A,Task-2,27,R,1,-1,1,0.57636884,True
Task-2,time_plus_spectral,B,VisualCogA_Task-2.mat,A,Task-2,28,R,1,-1,1,0.55337512,True
Task-2,time_plus_spectral,B,VisualCogA_Task-2.mat,A,Task-2,29,R,1,-1,1,0.53124532,True
Task-2,time_plus_spectral,B,VisualCogA_Task-2.mat,A,Task-2,31,L,0,-1,0,0.46148484,True
Task-2,time_plus_spectral,B,VisualCogA_Task-2.mat,A,Task-2,32,L,0,-1,0,0.4775479,True
Task-2,time_plus_spectral,B,VisualCogA_Task-2.mat,A,Task-2,34,L,0,-1,1,0.58912558,False
Task-2,time_plus_spectral,B,VisualCogA_Task-2.mat,A,Task-2,35,L,0,-1,0,0.47183373,True
Task-2,time_plus_spectral,B,VisualCogA_Task-2.mat,A,Task-2,36,R,1,-1,1,0.63192965,True
Task-2,time_plus_spectral,B,VisualCogA_Task-2.mat,A,Task-2,37,R,1,-1,0,0.34898942,False
Task-2,time_plus_spectral,B,VisualCogA_Task-2.mat,A,Task-2,38,L,0,-1,0,0.47702756,True
Task-2,time_plus_spectral,B,VisualCogA_Task-2.mat,A,Task-2,40,L,0,-1,1,0.57686173,False
Task-2,time_plus_spectral,B,VisualCogA_Task-2.mat,A,Task-2,42,L,0,-1,0,0.28690563,True
Task-2,time_plus_spectral,B,VisualCogA_Task-2.mat,A,Task-2,43,L,0,-1,0,0.41692757,True
Task-2,time_plus_spectral,B,VisualCogA_Task-2.mat,A,Task-2,44,L,0,-1,1,0.5473395,False
Task-2,time_plus_spectral,B,VisualCogA_Task-2.mat,A,Task-2,46,L,0,-1,1,0.70711657,False
Task-2,time_plus_spectral,B,VisualCogA_Task-2.mat,A,Task-2,47,L,0,-1,1,0.52130381,False
Task-2,time_plus_spectral,B,VisualCogA_Task-2.mat,A,Task-2,48,L,0,-1,1,0.63446042,False
Task-2,time_plus_spectral,B,VisualCogA_Task-2.mat,A,Task-2,49,R,1,-1,1,0.64481185,True
Task-2,time_plus_spectral,B,VisualCogA_Task-2.mat,A,Task-2,50,R,1,-1,1,0.52273456,True
Task-2,time_plus_spectral,B,VisualCogA_Task-2.mat,A,Task-2,51,L,0,-1,1,0.66142517,False
Task-2,time_plus_spectral,B,VisualCogA_Task-2.mat,A,Task-2,52,R,1,-1,0,0.45163591,False
Task-2,time_plus_spectral,B,VisualCogA_Task-2.mat,A,Task-2,53,R,1,-1,0,0.46654963,False
Task-2,time_plus_spectral,B,VisualCogA_Task-2.mat,A,Task-2,54,L,0,-1,1,0.52293466,False
Task-2,time_plus_spectral,B,VisualCogA_Task-2.mat,A,Task-2,55,L,0,-1,0,0.47566229,True
Task-2,time_plus_spectral,B,VisualCogA_Task-2.mat,A,Task-2,56,R,1,-1,1,0.52777232,True
Task-2,time_plus_spectral,B,VisualCogA_Task-2.mat,A,Task-2,57,R,1,-1,0,0.29514614,False
Task-2,time_plus_spectral,B,VisualCogA_Task-2.mat,A,Task-2,58,R,1,-1,1,0.54130647,True
Task-2,time_plus_spectral,B,VisualCogA_Task-2.mat,A,Task-2,59,R,1,-1,1,0.58482111,True
Task-2,time_plus_spectral,B,VisualCogA_Task-2.mat,A,Task-2,60,R,1,-1,1,0.51122331,True
Task-2,time_plus_spectral,B,VisualCogA_Task-2.mat,A,Task-2,61,L,0,-1,0,0.46171805,True
Task-2,time_plus_spectral,B,VisualCogA_Task-2.mat,A,Task-2,62,R,1,-1,0,0.34418471,False
Task-2,time_plus_spectral,B,VisualCogA_Task-2.mat,A,Task-2,64,L,0,-1,1,0.5153321,False
Task-2,time_plus_spectral,B,VisualCogA_Task-2.mat,A,Task-2,65,R,1,-1,1,0.50782998,True
Task-2,time_plus_spectral,B,VisualCogA_Task-2.mat,A,Task-2,66,L,0,-1,0,0.48041827,True
Task-2,time_plus_spectral,B,VisualCogA_Task-2.mat,A,Task-2,67,R,1,-1,1,0.52695039,True
Task-2,time_plus_spectral,B,VisualCogA_Task-2.mat,A,Task-2,68,R,1,-1,1,0.68442953,True
Task-2,time_plus_spectral,B,VisualCogA_Task-2.mat,A,Task-2,69,L,0,-1,1,0.62393107,False
Task-2,time_plus_spectral,B,VisualCogA_Task-2.mat,A,Task-2,70,L,0,-1,1,0.68362346,False
Task-2,time_plus_spectral,B,VisualCogA_Task-2.mat,A,Task-2,71,R,1,-1,0,0.46059339,False
Task-2,time_plus_spectral,B,VisualCogA_Task-2.mat,A,Task-2,72,R,1,-1,0,0.40327516,False
Task-2,time_plus_spectral,B,VisualCogA_Task-2.mat,A,Task-2,73,R,1,-1,1,0.52320827,True
Task-2,time_plus_spectral,B,VisualCogA_Task-2.mat,A,Task-2,74,R,1,-1,1,0.51711323,True
Task-2,time_plus_spectral,B,VisualCogA_Task-2.mat,A,Task-2,75,L,0,-1,1,0.51324579,False
Task-2,time_plus_spectral,B,VisualCogA_Task-2.mat,A,Task-2,76,L,0,-1,0,0.45261225,True
Task-2,time_plus_spectral,B,VisualCogA_Task-2.mat,A,Task-2,77,L,0,-1,1,0.62037035,False
Task-2,time_plus_spectral,B,VisualCogA_Task-2.mat,A,Task-2,78,R,1,-1,1,0.54446041,True
Task-2,time_plus_spectral,B,VisualCogA_Task-2.mat,A,Task-2,79,L,0,-1,0,0.47830275,True
Task-2,time_plus_spectral,B,VisualCogA_Task-2.mat,A,Task-2,81,L,0,-1,0,0.38255002,True
Task-2,time_plus_spectral,B,VisualCogA_Task-2.mat,A,Task-2,82,R,1,-1,0,0.37899944,False
Task-2,time_plus_spectral,B,VisualCogA_Task-2.mat,A,Task-2,83,R,1,-1,0,0.41902855,False
Task-2,time_plus_spectral,B,VisualCogA_Task-2.mat,A,Task-2,84,L,0,-1,1,0.51935972,False
Task-2,time_plus_spectral,B,VisualCogA_Task-2.mat,A,Task-2,85,R,1,-1,0,0.4266758,False
Task-2,time_plus_spectral,B,VisualCogA_Task-2.mat,A,Task-2,87,L,0,-1,0,0.48947627,True
Task-2,time_plus_spectral,B,VisualCogA_Task-2.mat,A,Task-2,88,R,1,-1,1,0.56120993,True
Task-2,time_plus_spectral,B,VisualCogA_Task-2.mat,A,Task-2,89,L,0,-1,0,0.40322271,True
Task-2,time_plus_spectral,B,VisualCogA_Task-2.mat,A,Task-2,90,L,0,-1,1,0.50428303,False
Task-2,time_plus_spectral,B,VisualCogA_Task-2.mat,A,Task-2,91,L,0,-1,1,0.56985662,False
Task-2,time_plus_spectral,B,VisualCogA_Task-2.mat,A,Task-2,92,L,0,-1,1,0.58564231,False
Task-2,time_plus_spectral,B,VisualCogA_Task-2.mat,A,Task-2,93,R,1,-1,1,0.54444658,True
Task-2,time_plus_spectral,B,VisualCogA_Task-2.mat,A,Task-2,94,L,0,-1,0,0.31542116,True
Task-2,time_plus_spectral,B,VisualCogA_Task-2.mat,A,Task-2,95,L,0,-1,0,0.44046398,True
Task-2,time_plus_spectral,B,VisualCogA_Task-2.mat,A,Task-2,96,L,0,-1,0,0.41472545,True
Task-2,time_plus_spectral,B,VisualCogA_Task-2.mat,A,Task-2,97,L,0,-1,0,0.33101504,True
Task-2,time_plus_spectral,B,VisualCogA_Task-2.mat,A,Task-2,98,L,0,-1,1,0.50721395,False
Task-2,time_plus_spectral,B,VisualCogA_Task-2.mat,A,Task-2,99,L,0,-1,0,0.41273999,True
Task-2,time_plus_spectral,B,VisualCogA_Task-2.mat,A,Task-2,100,L,0,-1,0,0.49336043,True
Task-2,full_multichannel,A,VisualCogB_Task-2.mat,B,Task-2,1,L,0,-1,1,0.61169702,False
Task-2,full_multichannel,A,VisualCogB_Task-2.mat,B,Task-2,2,L,0,-1,1,0.69790874,False
Task-2,full_multichannel,A,VisualCogB_Task-2.mat,B,Task-2,3,L,0,-1,1,0.56050811,False
Task-2,full_multichannel,A,VisualCogB_Task-2.mat,B,Task-2,4,R,1,-1,0,0.46317538,False
Task-2,full_multichannel,A,VisualCogB_Task-2.mat,B,Task-2,5,L,0,-1,0,0.35762301,True
Task-2,full_multichannel,A,VisualCogB_Task-2.mat,B,Task-2,6,R,1,-1,0,0.48272444,False
Task-2,full_multichannel,A,VisualCogB_Task-2.mat,B,Task-2,7,R,1,-1,1,0.62828592,True
Task-2,full_multichannel,A,VisualCogB_Task-2.mat,B,Task-2,8,R,1,-1,1,0.55876189,True
Task-2,full_multichannel,A,VisualCogB_Task-2.mat,B,Task-2,9,R,1,-1,0,0.45925123,False
Task-2,full_multichannel,A,VisualCogB_Task-2.mat,B,Task-2,11,R,1,-1,0,0.42737702,False
Task-2,full_multichannel,A,VisualCogB_Task-2.mat,B,Task-2,12,R,1,-1,0,0.21065149,False
Task-2,full_multichannel,A,VisualCogB_Task-2.mat,B,Task-2,13,R,1,-1,1,0.74404673,True
Task-2,full_multichannel,A,VisualCogB_Task-2.mat,B,Task-2,15,R,1,-1,0,0.40414254,False
Task-2,full_multichannel,A,VisualCogB_Task-2.mat,B,Task-2,17,L,0,-1,0,0.19475294,True
Task-2,full_multichannel,A,VisualCogB_Task-2.mat,B,Task-2,18,R,1,-1,0,0.27183435,False
Task-2,full_multichannel,A,VisualCogB_Task-2.mat,B,Task-2,19,R,1,-1,0,0.33216358,False
Task-2,full_multichannel,A,VisualCogB_Task-2.mat,B,Task-2,20,L,0,-1,0,0.21460351,True
Task-2,full_multichannel,A,VisualCogB_Task-2.mat,B,Task-2,21,R,1,-1,1,0.61308192,True
Task-2,full_multichannel,A,VisualCogB_Task-2.mat,B,Task-2,22,R,1,-1,1,0.6540291,True
Task-2,full_multichannel,A,VisualCogB_Task-2.mat,B,Task-2,24,L,0,-1,0,0.32454865,True
Task-2,full_multichannel,A,VisualCogB_Task-2.mat,B,Task-2,25,L,0,-1,0,0.48827991,True
Task-2,full_multichannel,A,VisualCogB_Task-2.mat,B,Task-2,26,R,1,-1,1,0.61992956,True
Task-2,full_multichannel,A,VisualCogB_Task-2.mat,B,Task-2,27,L,0,-1,0,0.13410679,True
Task-2,full_multichannel,A,VisualCogB_Task-2.mat,B,Task-2,28,L,0,-1,0,0.41813547,True
Task-2,full_multichannel,A,VisualCogB_Task-2.mat,B,Task-2,29,L,0,-1,1,0.53328649,False
Task-2,full_multichannel,A,VisualCogB_Task-2.mat,B,Task-2,30,R,1,-1,0,0.011138662,False
Task-2,full_multichannel,A,VisualCogB_Task-2.mat,B,Task-2,31,R,1,-1,0,0.42545097,False
Task-2,full_multichannel,A,VisualCogB_Task-2.mat,B,Task-2,32,R,1,-1,1,0.51756012,True
Task-2,full_multichannel,A,VisualCogB_Task-2.mat,B,Task-2,33,R,1,-1,1,0.74125065,True
Task-2,full_multichannel,A,VisualCogB_Task-2.mat,B,Task-2,34,R,1,-1,1,0.53507621,True
Task-2,full_multichannel,A,VisualCogB_Task-2.mat,B,Task-2,35,L,0,-1,0,0.36232307,True
Task-2,full_multichannel,A,VisualCogB_Task-2.mat,B,Task-2,36,R,1,-1,1,0.52968698,True
Task-2,full_multichannel,A,VisualCogB_Task-2.mat,B,Task-2,37,L,0,-1,0,0.41221388,True
Task-2,full_multichannel,A,VisualCogB_Task-2.mat,B,Task-2,38,L,0,-1,0,0.35563143,True
Task-2,full_multichannel,A,VisualCogB_Task-2.mat,B,Task-2,39,R,1,-1,0,0.43193295,False
Task-2,full_multichannel,A,VisualCogB_Task-2.mat,B,Task-2,40,R,1,-1,0,0.37661672,False
Task-2,full_multichannel,A,VisualCogB_Task-2.mat,B,Task-2,41,R,1,-1,0,0.089774196,False
Task-2,full_multichannel,A,VisualCogB_Task-2.mat,B,Task-2,42,L,0,-1,1,0.90075375,False
Task-2,full_multichannel,A,VisualCogB_Task-2.mat,B,Task-2,44,R,1,-1,1,0.53025134,True
Task-2,full_multichannel,A,VisualCogB_Task-2.mat,B,Task-2,45,L,0,-1,0,0.047798912,True
Task-2,full_multichannel,A,VisualCogB_Task-2.mat,B,Task-2,46,L,0,-1,1,0.6775968,False
Task-2,full_multichannel,A,VisualCogB_Task-2.mat,B,Task-2,47,R,1,-1,0,0.30330468,False
Task-2,full_multichannel,A,VisualCogB_Task-2.mat,B,Task-2,48,L,0,-1,1,0.72401295,False
Task-2,full_multichannel,A,VisualCogB_Task-2.mat,B,Task-2,49,R,1,-1,0,0.30741031,False
Task-2,full_multichannel,A,VisualCogB_Task-2.mat,B,Task-2,51,L,0,-1,1,0.54898456,False
Task-2,full_multichannel,A,VisualCogB_Task-2.mat,B,Task-2,52,L,0,-1,0,0.39064212,True
Task-2,full_multichannel,A,VisualCogB_Task-2.mat,B,Task-2,53,R,1,-1,0,0.33740868,False
Task-2,full_multichannel,A,VisualCogB_Task-2.mat,B,Task-2,55,R,1,-1,0,0.434713,False
Task-2,full_multichannel,A,VisualCogB_Task-2.mat,B,Task-2,58,L,0,-1,0,0.33134386,True
Task-2,full_multichannel,A,VisualCogB_Task-2.mat,B,Task-2,59,L,0,-1,1,0.51954697,False
Task-2,full_multichannel,A,VisualCogB_Task-2.mat,B,Task-2,60,L,0,-1,1,0.60381095,False
Task-2,full_multichannel,A,VisualCogB_Task-2.mat,B,Task-2,61,L,0,-1,1,0.88529438,False
Task-2,full_multichannel,A,VisualCogB_Task-2.mat,B,Task-2,62,R,1,-1,1,0.73002646,True
Task-2,full_multichannel,A,VisualCogB_Task-2.mat,B,Task-2,63,L,0,-1,0,0.35263136,True
Task-2,full_multichannel,A,VisualCogB_Task-2.mat,B,Task-2,64,L,0,-1,0,0.23479583,True
Task-2,full_multichannel,A,VisualCogB_Task-2.mat,B,Task-2,65,R,1,-1,1,0.60205864,True
Task-2,full_multichannel,A,VisualCogB_Task-2.mat,B,Task-2,66,R,1,-1,0,0.28812334,False
Task-2,full_multichannel,A,VisualCogB_Task-2.mat,B,Task-2,67,R,1,-1,0,0.17999078,False
Task-2,full_multichannel,A,VisualCogB_Task-2.mat,B,Task-2,68,R,1,-1,0,0.131111,False
Task-2,full_multichannel,A,VisualCogB_Task-2.mat,B,Task-2,69,L,0,-1,1,0.64807852,False
Task-2,full_multichannel,A,VisualCogB_Task-2.mat,B,Task-2,70,L,0,-1,1,0.86563688,False
Task-2,full_multichannel,A,VisualCogB_Task-2.mat,B,Task-2,71,R,1,-1,1,0.65615118,True
Task-2,full_multichannel,A,VisualCogB_Task-2.mat,B,Task-2,72,R,1,-1,1,0.63133264,True
Task-2,full_multichannel,A,VisualCogB_Task-2.mat,B,Task-2,73,R,1,-1,0,0.110478,False
Task-2,full_multichannel,A,VisualCogB_Task-2.mat,B,Task-2,74,L,0,-1,0,0.38915952,True
Task-2,full_multichannel,A,VisualCogB_Task-2.mat,B,Task-2,75,L,0,-1,0,0.28089219,True
Task-2,full_multichannel,A,VisualCogB_Task-2.mat,B,Task-2,76,R,1,-1,1,0.61438692,True
Task-2,full_multichannel,A,VisualCogB_Task-2.mat,B,Task-2,77,R,1,-1,0,0.32688143,False
Task-2,full_multichannel,A,VisualCogB_Task-2.mat,B,Task-2,78,L,0,-1,0,0.075415381,True
Task-2,full_multichannel,A,VisualCogB_Task-2.mat,B,Task-2,79,L,0,-1,1,0.79280488,False
Task-2,full_multichannel,A,VisualCogB_Task-2.mat,B,Task-2,80,L,0,-1,1,0.56606611,False
Task-2,full_multichannel,A,VisualCogB_Task-2.mat,B,Task-2,81,R,1,-1,1,0.80040562,True
Task-2,full_multichannel,A,VisualCogB_Task-2.mat,B,Task-2,83,R,1,-1,0,0.44545745,False
Task-2,full_multichannel,A,VisualCogB_Task-2.mat,B,Task-2,84,L,0,-1,0,0.3397258,True
Task-2,full_multichannel,A,VisualCogB_Task-2.mat,B,Task-2,86,R,1,-1,1,0.72060778,True
Task-2,full_multichannel,A,VisualCogB_Task-2.mat,B,Task-2,87,L,0,-1,1,0.5667231,False
Task-2,full_multichannel,A,VisualCogB_Task-2.mat,B,Task-2,88,R,1,-1,0,0.4632688,False
Task-2,full_multichannel,A,VisualCogB_Task-2.mat,B,Task-2,89,L,0,-1,1,0.63633949,False
Task-2,full_multichannel,A,VisualCogB_Task-2.mat,B,Task-2,90,R,1,-1,1,0.81091679,True
Task-2,full_multichannel,A,VisualCogB_Task-2.mat,B,Task-2,91,L,0,-1,0,0.2121874,True
Task-2,full_multichannel,A,VisualCogB_Task-2.mat,B,Task-2,92,L,0,-1,1,0.76472765,False
Task-2,full_multichannel,A,VisualCogB_Task-2.mat,B,Task-2,93,R,1,-1,0,0.47776271,False
Task-2,full_multichannel,A,VisualCogB_Task-2.mat,B,Task-2,94,L,0,-1,0,0.35272963,True
Task-2,full_multichannel,A,VisualCogB_Task-2.mat,B,Task-2,95,R,1,-1,0,0.28190315,False
Task-2,full_multichannel,A,VisualCogB_Task-2.mat,B,Task-2,96,R,1,-1,1,0.59850868,True
Task-2,full_multichannel,A,VisualCogB_Task-2.mat,B,Task-2,97,L,0,-1,1,0.547462,False
Task-2,full_multichannel,A,VisualCogB_Task-2.mat,B,Task-2,98,L,0,-1,1,0.76499019,False
Task-2,full_multichannel,A,VisualCogB_Task-2.mat,B,Task-2,99,R,1,-1,1,0.51120872,True
Task-2,full_multichannel,A,VisualCogB_Task-2.mat,B,Task-2,100,L,0,-1,0,0.35467827,True
Task-2,full_multichannel,B,VisualCogA_Task-2.mat,A,Task-2,1,R,1,-1,1,0.91753229,True
Task-2,full_multichannel,B,VisualCogA_Task-2.mat,A,Task-2,2,L,0,-1,1,0.58501131,False
Task-2,full_multichannel,B,VisualCogA_Task-2.mat,A,Task-2,3,L,0,-1,0,0.21180974,True
Task-2,full_multichannel,B,VisualCogA_Task-2.mat,A,Task-2,4,L,0,-1,1,0.53958258,False
Task-2,full_multichannel,B,VisualCogA_Task-2.mat,A,Task-2,5,R,1,-1,1,0.99179787,True
Task-2,full_multichannel,B,VisualCogA_Task-2.mat,A,Task-2,6,L,0,-1,0,0.37861401,True
Task-2,full_multichannel,B,VisualCogA_Task-2.mat,A,Task-2,7,R,1,-1,1,0.54709314,True
Task-2,full_multichannel,B,VisualCogA_Task-2.mat,A,Task-2,8,R,1,-1,0,0.4270346,False
Task-2,full_multichannel,B,VisualCogA_Task-2.mat,A,Task-2,9,L,0,-1,1,0.9992443,False
Task-2,full_multichannel,B,VisualCogA_Task-2.mat,A,Task-2,10,L,0,-1,1,0.65487371,False
Task-2,full_multichannel,B,VisualCogA_Task-2.mat,A,Task-2,11,R,1,-1,1,0.63360952,True
Task-2,full_multichannel,B,VisualCogA_Task-2.mat,A,Task-2,12,R,1,-1,1,0.58161845,True
Task-2,full_multichannel,B,VisualCogA_Task-2.mat,A,Task-2,13,R,1,-1,1,0.52740511,True
Task-2,full_multichannel,B,VisualCogA_Task-2.mat,A,Task-2,14,L,0,-1,0,0.36369576,True
Task-2,full_multichannel,B,VisualCogA_Task-2.mat,A,Task-2,15,L,0,-1,0,0.25013724,True
Task-2,full_multichannel,B,VisualCogA_Task-2.mat,A,Task-2,16,L,0,-1,1,0.88618857,False
Task-2,full_multichannel,B,VisualCogA_Task-2.mat,A,Task-2,17,R,1,-1,0,0.20106727,False
Task-2,full_multichannel,B,VisualCogA_Task-2.mat,A,Task-2,18,R,1,-1,1,0.82377635,True
Task-2,full_multichannel,B,VisualCogA_Task-2.mat,A,Task-2,19,L,0,-1,0,0.43516026,True
Task-2,full_multichannel,B,VisualCogA_Task-2.mat,A,Task-2,20,L,0,-1,0,0.49967631,True
Task-2,full_multichannel,B,VisualCogA_Task-2.mat,A,Task-2,21,R,1,-1,0,0.43143487,False
Task-2,full_multichannel,B,VisualCogA_Task-2.mat,A,Task-2,22,L,0,-1,1,0.76726557,False
Task-2,full_multichannel,B,VisualCogA_Task-2.mat,A,Task-2,23,R,1,-1,1,0.93270135,True
Task-2,full_multichannel,B,VisualCogA_Task-2.mat,A,Task-2,24,R,1,-1,1,0.96264867,True
Task-2,full_multichannel,B,VisualCogA_Task-2.mat,A,Task-2,25,L,0,-1,0,0.40168252,True
Task-2,full_multichannel,B,VisualCogA_Task-2.mat,A,Task-2,26,L,0,-1,0,0.34704903,True
Task-2,full_multichannel,B,VisualCogA_Task-2.mat,A,Task-2,27,R,1,-1,0,0.4309532,False
Task-2,full_multichannel,B,VisualCogA_Task-2.mat,A,Task-2,28,R,1,-1,0,0.43491614,False
Task-2,full_multichannel,B,VisualCogA_Task-2.mat,A,Task-2,29,R,1,-1,0,0.37746719,False
Task-2,full_multichannel,B,VisualCogA_Task-2.mat,A,Task-2,31,L,0,-1,0,0.4314831,True
Task-2,full_multichannel,B,VisualCogA_Task-2.mat,A,Task-2,32,L,0,-1,0,0.3929138,True
Task-2,full_multichannel,B,VisualCogA_Task-2.mat,A,Task-2,34,L,0,-1,0,0.35030507,True
Task-2,full_multichannel,B,VisualCogA_Task-2.mat,A,Task-2,35,L,0,-1,0,0.40864751,True
Task-2,full_multichannel,B,VisualCogA_Task-2.mat,A,Task-2,36,R,1,-1,1,0.79729499,True
Task-2,full_multichannel,B,VisualCogA_Task-2.mat,A,Task-2,37,R,1,-1,0,0.20260991,False
Task-2,full_multichannel,B,VisualCogA_Task-2.mat,A,Task-2,38,L,0,-1,0,0.42747917,True
Task-2,full_multichannel,B,VisualCogA_Task-2.mat,A,Task-2,40,L,0,-1,1,0.93670897,False
Task-2,full_multichannel,B,VisualCogA_Task-2.mat,A,Task-2,42,L,0,-1,0,0.16010481,True
Task-2,full_multichannel,B,VisualCogA_Task-2.mat,A,Task-2,43,L,0,-1,0,0.35954501,True
Task-2,full_multichannel,B,VisualCogA_Task-2.mat,A,Task-2,44,L,0,-1,0,0.48261313,True
Task-2,full_multichannel,B,VisualCogA_Task-2.mat,A,Task-2,46,L,0,-1,1,0.8364239,False
Task-2,full_multichannel,B,VisualCogA_Task-2.mat,A,Task-2,47,L,0,-1,1,0.61427839,False
Task-2,full_multichannel,B,VisualCogA_Task-2.mat,A,Task-2,48,L,0,-1,1,0.86869869,False
Task-2,full_multichannel,B,VisualCogA_Task-2.mat,A,Task-2,49,R,1,-1,1,0.87993514,True
Task-2,full_multichannel,B,VisualCogA_Task-2.mat,A,Task-2,50,R,1,-1,0,0.41905394,False
Task-2,full_multichannel,B,VisualCogA_Task-2.mat,A,Task-2,51,L,0,-1,0,0.31133313,True
Task-2,full_multichannel,B,VisualCogA_Task-2.mat,A,Task-2,52,R,1,-1,0,0.42263447,False
Task-2,full_multichannel,B,VisualCogA_Task-2.mat,A,Task-2,53,R,1,-1,0,0.32961409,False
Task-2,full_multichannel,B,VisualCogA_Task-2.mat,A,Task-2,54,L,0,-1,0,0.44713511,True
Task-2,full_multichannel,B,VisualCogA_Task-2.mat,A,Task-2,55,L,0,-1,1,0.70929174,False
Task-2,full_multichannel,B,VisualCogA_Task-2.mat,A,Task-2,56,R,1,-1,1,0.94762568,True
Task-2,full_multichannel,B,VisualCogA_Task-2.mat,A,Task-2,57,R,1,-1,0,0.24934326,False
Task-2,full_multichannel,B,VisualCogA_Task-2.mat,A,Task-2,58,R,1,-1,0,0.38813249,False
Task-2,full_multichannel,B,VisualCogA_Task-2.mat,A,Task-2,59,R,1,-1,1,0.56189129,True
Task-2,full_multichannel,B,VisualCogA_Task-2.mat,A,Task-2,60,R,1,-1,0,0.41104595,False
Task-2,full_multichannel,B,VisualCogA_Task-2.mat,A,Task-2,61,L,0,-1,0,0.4724214,True
Task-2,full_multichannel,B,VisualCogA_Task-2.mat,A,Task-2,62,R,1,-1,0,0.39246409,False
Task-2,full_multichannel,B,VisualCogA_Task-2.mat,A,Task-2,64,L,0,-1,1,0.69768842,False
Task-2,full_multichannel,B,VisualCogA_Task-2.mat,A,Task-2,65,R,1,-1,1,0.9316736,True
Task-2,full_multichannel,B,VisualCogA_Task-2.mat,A,Task-2,66,L,0,-1,0,0.46400434,True
Task-2,full_multichannel,B,VisualCogA_Task-2.mat,A,Task-2,67,R,1,-1,1,0.65376316,True
Task-2,full_multichannel,B,VisualCogA_Task-2.mat,A,Task-2,68,R,1,-1,1,0.8764279,True
Task-2,full_multichannel,B,VisualCogA_Task-2.mat,A,Task-2,69,L,0,-1,1,0.98684353,False
Task-2,full_multichannel,B,VisualCogA_Task-2.mat,A,Task-2,70,L,0,-1,1,0.89269725,False
Task-2,full_multichannel,B,VisualCogA_Task-2.mat,A,Task-2,71,R,1,-1,0,0.35418742,False
Task-2,full_multichannel,B,VisualCogA_Task-2.mat,A,Task-2,72,R,1,-1,1,0.72021702,True
Task-2,full_multichannel,B,VisualCogA_Task-2.mat,A,Task-2,73,R,1,-1,1,0.58985377,True
Task-2,full_multichannel,B,VisualCogA_Task-2.mat,A,Task-2,74,R,1,-1,0,0.41584742,False
Task-2,full_multichannel,B,VisualCogA_Task-2.mat,A,Task-2,75,L,0,-1,0,0.45745152,True
Task-2,full_multichannel,B,VisualCogA_Task-2.mat,A,Task-2,76,L,0,-1,1,0.66997064,False
Task-2,full_multichannel,B,VisualCogA_Task-2.mat,A,Task-2,77,L,0,-1,1,0.81207393,False
Task-2,full_multichannel,B,VisualCogA_Task-2.mat,A,Task-2,78,R,1,-1,0,0.4191479,False
Task-2,full_multichannel,B,VisualCogA_Task-2.mat,A,Task-2,79,L,0,-1,0,0.42468919,True
Task-2,full_multichannel,B,VisualCogA_Task-2.mat,A,Task-2,81,L,0,-1,0,0.41555122,True
Task-2,full_multichannel,B,VisualCogA_Task-2.mat,A,Task-2,82,R,1,-1,0,0.16722218,False
Task-2,full_multichannel,B,VisualCogA_Task-2.mat,A,Task-2,83,R,1,-1,0,0.31566069,False
Task-2,full_multichannel,B,VisualCogA_Task-2.mat,A,Task-2,84,L,0,-1,0,0.43622668,True
Task-2,full_multichannel,B,VisualCogA_Task-2.mat,A,Task-2,85,R,1,-1,0,0.32624743,False
Task-2,full_multichannel,B,VisualCogA_Task-2.mat,A,Task-2,87,L,0,-1,1,0.71862002,False
Task-2,full_multichannel,B,VisualCogA_Task-2.mat,A,Task-2,88,R,1,-1,0,0.32914505,False
Task-2,full_multichannel,B,VisualCogA_Task-2.mat,A,Task-2,89,L,0,-1,0,0.30970571,True
Task-2,full_multichannel,B,VisualCogA_Task-2.mat,A,Task-2,90,L,0,-1,1,0.56524107,False
Task-2,full_multichannel,B,VisualCogA_Task-2.mat,A,Task-2,91,L,0,-1,1,0.95296622,False
Task-2,full_multichannel,B,VisualCogA_Task-2.mat,A,Task-2,92,L,0,-1,0,0.38190751,True
Task-2,full_multichannel,B,VisualCogA_Task-2.mat,A,Task-2,93,R,1,-1,0,0.32251021,False
Task-2,full_multichannel,B,VisualCogA_Task-2.mat,A,Task-2,94,L,0,-1,0,0.46015165,True
Task-2,full_multichannel,B,VisualCogA_Task-2.mat,A,Task-2,95,L,0,-1,1,0.79273998,False
Task-2,full_multichannel,B,VisualCogA_Task-2.mat,A,Task-2,96,L,0,-1,0,0.37141068,True
Task-2,full_multichannel,B,VisualCogA_Task-2.mat,A,Task-2,97,L,0,-1,0,0.20155793,True
Task-2,full_multichannel,B,VisualCogA_Task-2.mat,A,Task-2,98,L,0,-1,0,0.44443458,True
Task-2,full_multichannel,B,VisualCogA_Task-2.mat,A,Task-2,99,L,0,-1,0,0.33710825,True
Task-2,full_multichannel,B,VisualCogA_Task-2.mat,A,Task-2,100,L,0,-1,0,0.34973926,True
Pooled,time_only,A,VisualCogB_Task-1.mat,B,Task-1,1,L,0,-1,0,0.48716047,True
Pooled,time_only,A,VisualCogB_Task-1.mat,B,Task-1,2,L,0,-1,0,0.40789175,True
Pooled,time_only,A,VisualCogB_Task-1.mat,B,Task-1,3,R,1,-1,1,0.61067455,True
Pooled,time_only,A,VisualCogB_Task-1.mat,B,Task-1,4,L,0,-1,1,0.62565129,False
Pooled,time_only,A,VisualCogB_Task-1.mat,B,Task-1,5,R,1,-1,0,0.39926793,False
Pooled,time_only,A,VisualCogB_Task-1.mat,B,Task-1,6,R,1,-1,1,0.61855479,True
Pooled,time_only,A,VisualCogB_Task-1.mat,B,Task-1,7,R,1,-1,1,0.70040311,True
Pooled,time_only,A,VisualCogB_Task-1.mat,B,Task-1,8,L,0,-1,0,0.43931325,True
Pooled,time_only,A,VisualCogB_Task-1.mat,B,Task-1,9,L,0,-1,0,0.33196065,True
Pooled,time_only,A,VisualCogB_Task-1.mat,B,Task-1,10,L,0,-1,0,0.37582346,True
Pooled,time_only,A,VisualCogB_Task-1.mat,B,Task-1,11,R,1,-1,0,0.46764689,False
Pooled,time_only,A,VisualCogB_Task-1.mat,B,Task-1,12,L,0,-1,1,0.6656269,False
Pooled,time_only,A,VisualCogB_Task-1.mat,B,Task-1,13,R,1,-1,1,0.58442977,True
Pooled,time_only,A,VisualCogB_Task-1.mat,B,Task-1,15,L,0,-1,1,0.52333736,False
Pooled,time_only,A,VisualCogB_Task-1.mat,B,Task-1,16,R,1,-1,1,0.69065611,True
Pooled,time_only,A,VisualCogB_Task-1.mat,B,Task-1,17,L,0,-1,0,0.22115378,True
Pooled,time_only,A,VisualCogB_Task-1.mat,B,Task-1,18,L,0,-1,0,0.4573697,True
Pooled,time_only,A,VisualCogB_Task-1.mat,B,Task-1,19,R,1,-1,1,0.62768732,True
Pooled,time_only,A,VisualCogB_Task-1.mat,B,Task-1,20,L,0,-1,0,0.069920578,True
Pooled,time_only,A,VisualCogB_Task-1.mat,B,Task-1,21,R,1,-1,0,0.35198893,False
Pooled,time_only,A,VisualCogB_Task-1.mat,B,Task-1,22,R,1,-1,0,0.44129855,False
Pooled,time_only,A,VisualCogB_Task-1.mat,B,Task-1,24,R,1,-1,0,0.36575391,False
Pooled,time_only,A,VisualCogB_Task-1.mat,B,Task-1,26,R,1,-1,1,0.54837932,True
Pooled,time_only,A,VisualCogB_Task-1.mat,B,Task-1,27,R,1,-1,1,0.58473216,True
Pooled,time_only,A,VisualCogB_Task-1.mat,B,Task-1,28,R,1,-1,1,0.73559323,True
Pooled,time_only,A,VisualCogB_Task-1.mat,B,Task-1,29,R,1,-1,0,0.32384889,False
Pooled,time_only,A,VisualCogB_Task-1.mat,B,Task-1,30,L,0,-1,0,0.4723683,True
Pooled,time_only,A,VisualCogB_Task-1.mat,B,Task-1,31,R,1,-1,1,0.52205119,True
Pooled,time_only,A,VisualCogB_Task-1.mat,B,Task-1,32,L,0,-1,1,0.54336163,False
Pooled,time_only,A,VisualCogB_Task-1.mat,B,Task-1,33,L,0,-1,0,0.49465573,True
Pooled,time_only,A,VisualCogB_Task-1.mat,B,Task-1,34,R,1,-1,1,0.67285077,True
Pooled,time_only,A,VisualCogB_Task-1.mat,B,Task-1,35,L,0,-1,1,0.56283659,False
Pooled,time_only,A,VisualCogB_Task-1.mat,B,Task-1,37,L,0,-1,0,0.1272114,True
Pooled,time_only,A,VisualCogB_Task-1.mat,B,Task-1,38,L,0,-1,0,0.29317835,True
Pooled,time_only,A,VisualCogB_Task-1.mat,B,Task-1,39,R,1,-1,1,0.57720741,True
Pooled,time_only,A,VisualCogB_Task-1.mat,B,Task-1,40,R,1,-1,0,0.39930571,False
Pooled,time_only,A,VisualCogB_Task-1.mat,B,Task-1,41,L,0,-1,1,0.60576745,False
Pooled,time_only,A,VisualCogB_Task-1.mat,B,Task-1,42,R,1,-1,0,0.29006423,False
Pooled,time_only,A,VisualCogB_Task-1.mat,B,Task-1,43,R,1,-1,0,0.41980181,False
Pooled,time_only,A,VisualCogB_Task-1.mat,B,Task-1,44,R,1,-1,1,0.51807825,True
Pooled,time_only,A,VisualCogB_Task-1.mat,B,Task-1,45,R,1,-1,1,0.66237643,True
Pooled,time_only,A,VisualCogB_Task-1.mat,B,Task-1,47,L,0,-1,0,0.22643458,True
Pooled,time_only,A,VisualCogB_Task-1.mat,B,Task-1,48,R,1,-1,1,0.64490844,True
Pooled,time_only,A,VisualCogB_Task-1.mat,B,Task-1,49,R,1,-1,1,0.55486939,True
Pooled,time_only,A,VisualCogB_Task-1.mat,B,Task-1,51,R,1,-1,1,0.69831792,True
Pooled,time_only,A,VisualCogB_Task-1.mat,B,Task-1,52,L,0,-1,0,0.46187557,True
Pooled,time_only,A,VisualCogB_Task-1.mat,B,Task-1,53,R,1,-1,1,0.54253669,True
Pooled,time_only,A,VisualCogB_Task-1.mat,B,Task-1,55,R,1,-1,0,0.42505634,False
Pooled,time_only,A,VisualCogB_Task-1.mat,B,Task-1,56,L,0,-1,0,0.41996347,True
Pooled,time_only,A,VisualCogB_Task-1.mat,B,Task-1,57,R,1,-1,0,0.38091354,False
Pooled,time_only,A,VisualCogB_Task-1.mat,B,Task-1,58,R,1,-1,1,0.85932763,True
Pooled,time_only,A,VisualCogB_Task-1.mat,B,Task-1,59,R,1,-1,0,0.44393204,False
Pooled,time_only,A,VisualCogB_Task-1.mat,B,Task-1,60,R,1,-1,1,0.58258033,True
Pooled,time_only,A,VisualCogB_Task-1.mat,B,Task-1,61,L,0,-1,0,0.43100537,True
Pooled,time_only,A,VisualCogB_Task-1.mat,B,Task-1,62,L,0,-1,1,0.53751811,False
Pooled,time_only,A,VisualCogB_Task-1.mat,B,Task-1,63,R,1,-1,0,0.38657011,False
Pooled,time_only,A,VisualCogB_Task-1.mat,B,Task-1,64,L,0,-1,0,0.26913142,True
Pooled,time_only,A,VisualCogB_Task-1.mat,B,Task-1,65,L,0,-1,0,0.44169274,True
Pooled,time_only,A,VisualCogB_Task-1.mat,B,Task-1,66,L,0,-1,0,0.17867545,True
Pooled,time_only,A,VisualCogB_Task-1.mat,B,Task-1,67,R,1,-1,1,0.69247202,True
Pooled,time_only,A,VisualCogB_Task-1.mat,B,Task-1,68,R,1,-1,0,0.39461229,False
Pooled,time_only,A,VisualCogB_Task-1.mat,B,Task-1,69,L,0,-1,1,0.77491377,False
Pooled,time_only,A,VisualCogB_Task-1.mat,B,Task-1,70,L,0,-1,1,0.54130481,False
Pooled,time_only,A,VisualCogB_Task-1.mat,B,Task-1,71,R,1,-1,0,0.30204226,False
Pooled,time_only,A,VisualCogB_Task-1.mat,B,Task-1,72,R,1,-1,0,0.43087932,False
Pooled,time_only,A,VisualCogB_Task-1.mat,B,Task-1,73,L,0,-1,0,0.24562364,True
Pooled,time_only,A,VisualCogB_Task-1.mat,B,Task-1,74,L,0,-1,1,0.50262287,False
Pooled,time_only,A,VisualCogB_Task-1.mat,B,Task-1,75,R,1,-1,0,0.40480583,False
Pooled,time_only,A,VisualCogB_Task-1.mat,B,Task-1,76,L,0,-1,0,0.25810682,True
Pooled,time_only,A,VisualCogB_Task-1.mat,B,Task-1,77,L,0,-1,1,0.52544906,False
Pooled,time_only,A,VisualCogB_Task-1.mat,B,Task-1,79,R,1,-1,0,0.47366937,False
Pooled,time_only,A,VisualCogB_Task-1.mat,B,Task-1,80,L,0,-1,1,0.52156025,False
Pooled,time_only,A,VisualCogB_Task-1.mat,B,Task-1,81,L,0,-1,0,0.39513659,True
Pooled,time_only,A,VisualCogB_Task-1.mat,B,Task-1,82,R,1,-1,0,0.41235206,False
Pooled,time_only,A,VisualCogB_Task-1.mat,B,Task-1,83,L,0,-1,0,0.395942,True
Pooled,time_only,A,VisualCogB_Task-1.mat,B,Task-1,84,L,0,-1,1,0.55619605,False
Pooled,time_only,A,VisualCogB_Task-1.mat,B,Task-1,85,R,1,-1,0,0.31592265,False
Pooled,time_only,A,VisualCogB_Task-1.mat,B,Task-1,86,L,0,-1,0,0.26676864,True
Pooled,time_only,A,VisualCogB_Task-1.mat,B,Task-1,87,L,0,-1,1,0.57190674,False
Pooled,time_only,A,VisualCogB_Task-1.mat,B,Task-1,89,L,0,-1,1,0.52009957,False
Pooled,time_only,A,VisualCogB_Task-1.mat,B,Task-1,90,L,0,-1,0,0.27497593,True
Pooled,time_only,A,VisualCogB_Task-1.mat,B,Task-1,91,R,1,-1,1,0.58310578,True
Pooled,time_only,A,VisualCogB_Task-1.mat,B,Task-1,93,L,0,-1,1,0.53743611,False
Pooled,time_only,A,VisualCogB_Task-1.mat,B,Task-1,94,R,1,-1,0,0.29561819,False
Pooled,time_only,A,VisualCogB_Task-1.mat,B,Task-1,95,L,0,-1,1,0.58400646,False
Pooled,time_only,A,VisualCogB_Task-1.mat,B,Task-1,96,R,1,-1,1,0.59575208,True
Pooled,time_only,A,VisualCogB_Task-1.mat,B,Task-1,97,L,0,-1,1,0.56778566,False
Pooled,time_only,A,VisualCogB_Task-1.mat,B,Task-1,98,R,1,-1,1,0.59061054,True
Pooled,time_only,A,VisualCogB_Task-1.mat,B,Task-1,99,R,1,-1,1,0.56727842,True
Pooled,time_only,A,VisualCogB_Task-1.mat,B,Task-1,100,R,1,-1,0,0.37154888,False
Pooled,time_only,A,VisualCogB_Task-2.mat,B,Task-2,1,L,0,-1,1,0.69252853,False
Pooled,time_only,A,VisualCogB_Task-2.mat,B,Task-2,2,L,0,-1,0,0.34018613,True
Pooled,time_only,A,VisualCogB_Task-2.mat,B,Task-2,3,L,0,-1,1,0.52036354,False
Pooled,time_only,A,VisualCogB_Task-2.mat,B,Task-2,4,R,1,-1,0,0.27914426,False
Pooled,time_only,A,VisualCogB_Task-2.mat,B,Task-2,5,L,0,-1,0,0.47040931,True
Pooled,time_only,A,VisualCogB_Task-2.mat,B,Task-2,6,R,1,-1,0,0.32364181,False
Pooled,time_only,A,VisualCogB_Task-2.mat,B,Task-2,7,R,1,-1,1,0.5119073,True
Pooled,time_only,A,VisualCogB_Task-2.mat,B,Task-2,8,R,1,-1,1,0.55138977,True
Pooled,time_only,A,VisualCogB_Task-2.mat,B,Task-2,9,R,1,-1,0,0.45600905,False
Pooled,time_only,A,VisualCogB_Task-2.mat,B,Task-2,11,R,1,-1,1,0.6820443,True
Pooled,time_only,A,VisualCogB_Task-2.mat,B,Task-2,12,R,1,-1,1,0.57576167,True
Pooled,time_only,A,VisualCogB_Task-2.mat,B,Task-2,13,R,1,-1,0,0.46891585,False
Pooled,time_only,A,VisualCogB_Task-2.mat,B,Task-2,15,R,1,-1,1,0.5734365,True
Pooled,time_only,A,VisualCogB_Task-2.mat,B,Task-2,17,L,0,-1,0,0.35416739,True
Pooled,time_only,A,VisualCogB_Task-2.mat,B,Task-2,18,R,1,-1,0,0.49232409,False
Pooled,time_only,A,VisualCogB_Task-2.mat,B,Task-2,19,R,1,-1,0,0.26377791,False
Pooled,time_only,A,VisualCogB_Task-2.mat,B,Task-2,20,L,0,-1,0,0.24712721,True
Pooled,time_only,A,VisualCogB_Task-2.mat,B,Task-2,21,R,1,-1,1,0.5297961,True
Pooled,time_only,A,VisualCogB_Task-2.mat,B,Task-2,22,R,1,-1,1,0.56371315,True
Pooled,time_only,A,VisualCogB_Task-2.mat,B,Task-2,24,L,0,-1,1,0.59622725,False
Pooled,time_only,A,VisualCogB_Task-2.mat,B,Task-2,25,L,0,-1,1,0.7174855,False
Pooled,time_only,A,VisualCogB_Task-2.mat,B,Task-2,26,R,1,-1,0,0.49025507,False
Pooled,time_only,A,VisualCogB_Task-2.mat,B,Task-2,27,L,0,-1,0,0.16726814,True
Pooled,time_only,A,VisualCogB_Task-2.mat,B,Task-2,28,L,0,-1,0,0.42274924,True
Pooled,time_only,A,VisualCogB_Task-2.mat,B,Task-2,29,L,0,-1,1,0.72095904,False
Pooled,time_only,A,VisualCogB_Task-2.mat,B,Task-2,30,R,1,-1,1,0.53811653,True
Pooled,time_only,A,VisualCogB_Task-2.mat,B,Task-2,31,R,1,-1,1,0.60968781,True
Pooled,time_only,A,VisualCogB_Task-2.mat,B,Task-2,32,R,1,-1,0,0.28757187,False
Pooled,time_only,A,VisualCogB_Task-2.mat,B,Task-2,33,R,1,-1,0,0.48976875,False
Pooled,time_only,A,VisualCogB_Task-2.mat,B,Task-2,34,R,1,-1,1,0.58732284,True
Pooled,time_only,A,VisualCogB_Task-2.mat,B,Task-2,35,L,0,-1,0,0.30216815,True
Pooled,time_only,A,VisualCogB_Task-2.mat,B,Task-2,36,R,1,-1,1,0.50642866,True
Pooled,time_only,A,VisualCogB_Task-2.mat,B,Task-2,37,L,0,-1,0,0.27807135,True
Pooled,time_only,A,VisualCogB_Task-2.mat,B,Task-2,38,L,0,-1,1,0.6956412,False
Pooled,time_only,A,VisualCogB_Task-2.mat,B,Task-2,39,R,1,-1,0,0.44436051,False
Pooled,time_only,A,VisualCogB_Task-2.mat,B,Task-2,40,R,1,-1,1,0.58668504,True
Pooled,time_only,A,VisualCogB_Task-2.mat,B,Task-2,41,R,1,-1,0,0.39597811,False
Pooled,time_only,A,VisualCogB_Task-2.mat,B,Task-2,42,L,0,-1,1,0.60225871,False
Pooled,time_only,A,VisualCogB_Task-2.mat,B,Task-2,44,R,1,-1,1,0.574506,True
Pooled,time_only,A,VisualCogB_Task-2.mat,B,Task-2,45,L,0,-1,1,0.64095499,False
Pooled,time_only,A,VisualCogB_Task-2.mat,B,Task-2,46,L,0,-1,1,0.53580145,False
Pooled,time_only,A,VisualCogB_Task-2.mat,B,Task-2,47,R,1,-1,1,0.70078919,True
Pooled,time_only,A,VisualCogB_Task-2.mat,B,Task-2,48,L,0,-1,1,0.6314803,False
Pooled,time_only,A,VisualCogB_Task-2.mat,B,Task-2,49,R,1,-1,0,0.43985266,False
Pooled,time_only,A,VisualCogB_Task-2.mat,B,Task-2,51,L,0,-1,1,0.51976057,False
Pooled,time_only,A,VisualCogB_Task-2.mat,B,Task-2,52,L,0,-1,1,0.63373125,False
Pooled,time_only,A,VisualCogB_Task-2.mat,B,Task-2,53,R,1,-1,0,0.15672551,False
Pooled,time_only,A,VisualCogB_Task-2.mat,B,Task-2,55,R,1,-1,0,0.44872326,False
Pooled,time_only,A,VisualCogB_Task-2.mat,B,Task-2,58,L,0,-1,1,0.64024912,False
Pooled,time_only,A,VisualCogB_Task-2.mat,B,Task-2,59,L,0,-1,0,0.10762394,True
Pooled,time_only,A,VisualCogB_Task-2.mat,B,Task-2,60,L,0,-1,1,0.56612821,False
Pooled,time_only,A,VisualCogB_Task-2.mat,B,Task-2,61,L,0,-1,1,0.59504725,False
Pooled,time_only,A,VisualCogB_Task-2.mat,B,Task-2,62,R,1,-1,0,0.27342218,False
Pooled,time_only,A,VisualCogB_Task-2.mat,B,Task-2,63,L,0,-1,0,0.47697832,True
Pooled,time_only,A,VisualCogB_Task-2.mat,B,Task-2,64,L,0,-1,0,0.16003724,True
Pooled,time_only,A,VisualCogB_Task-2.mat,B,Task-2,65,R,1,-1,1,0.51449634,True
Pooled,time_only,A,VisualCogB_Task-2.mat,B,Task-2,66,R,1,-1,0,0.42578922,False
Pooled,time_only,A,VisualCogB_Task-2.mat,B,Task-2,67,R,1,-1,0,0.29280266,False
Pooled,time_only,A,VisualCogB_Task-2.mat,B,Task-2,68,R,1,-1,0,0.47478706,False
Pooled,time_only,A,VisualCogB_Task-2.mat,B,Task-2,69,L,0,-1,1,0.54442677,False
Pooled,time_only,A,VisualCogB_Task-2.mat,B,Task-2,70,L,0,-1,1,0.85346849,False
Pooled,time_only,A,VisualCogB_Task-2.mat,B,Task-2,71,R,1,-1,0,0.41444827,False
Pooled,time_only,A,VisualCogB_Task-2.mat,B,Task-2,72,R,1,-1,0,0.44568356,False
Pooled,time_only,A,VisualCogB_Task-2.mat,B,Task-2,73,R,1,-1,0,0.28207716,False
Pooled,time_only,A,VisualCogB_Task-2.mat,B,Task-2,74,L,0,-1,0,0.39005488,True
Pooled,time_only,A,VisualCogB_Task-2.mat,B,Task-2,75,L,0,-1,1,0.52625734,False
Pooled,time_only,A,VisualCogB_Task-2.mat,B,Task-2,76,R,1,-1,0,0.4263627,False
Pooled,time_only,A,VisualCogB_Task-2.mat,B,Task-2,77,R,1,-1,0,0.45180954,False
Pooled,time_only,A,VisualCogB_Task-2.mat,B,Task-2,78,L,0,-1,1,0.52640717,False
Pooled,time_only,A,VisualCogB_Task-2.mat,B,Task-2,79,L,0,-1,1,0.86104286,False
Pooled,time_only,A,VisualCogB_Task-2.mat,B,Task-2,80,L,0,-1,0,0.48131314,True
Pooled,time_only,A,VisualCogB_Task-2.mat,B,Task-2,81,R,1,-1,1,0.58187825,True
Pooled,time_only,A,VisualCogB_Task-2.mat,B,Task-2,83,R,1,-1,0,0.30022549,False
Pooled,time_only,A,VisualCogB_Task-2.mat,B,Task-2,84,L,0,-1,0,0.3029833,True
Pooled,time_only,A,VisualCogB_Task-2.mat,B,Task-2,86,R,1,-1,1,0.61128388,True
Pooled,time_only,A,VisualCogB_Task-2.mat,B,Task-2,87,L,0,-1,0,0.42149614,True
Pooled,time_only,A,VisualCogB_Task-2.mat,B,Task-2,88,R,1,-1,1,0.59427749,True
Pooled,time_only,A,VisualCogB_Task-2.mat,B,Task-2,89,L,0,-1,0,0.41058376,True
Pooled,time_only,A,VisualCogB_Task-2.mat,B,Task-2,90,R,1,-1,1,0.66472818,True
Pooled,time_only,A,VisualCogB_Task-2.mat,B,Task-2,91,L,0,-1,0,0.054560378,True
Pooled,time_only,A,VisualCogB_Task-2.mat,B,Task-2,92,L,0,-1,1,0.57344271,False
Pooled,time_only,A,VisualCogB_Task-2.mat,B,Task-2,93,R,1,-1,0,0.22344042,False
Pooled,time_only,A,VisualCogB_Task-2.mat,B,Task-2,94,L,0,-1,1,0.5945116,False
Pooled,time_only,A,VisualCogB_Task-2.mat,B,Task-2,95,R,1,-1,0,0.36011904,False
Pooled,time_only,A,VisualCogB_Task-2.mat,B,Task-2,96,R,1,-1,0,0.26415887,False
Pooled,time_only,A,VisualCogB_Task-2.mat,B,Task-2,97,L,0,-1,0,0.20391011,True
Pooled,time_only,A,VisualCogB_Task-2.mat,B,Task-2,98,L,0,-1,0,0.29462073,True
Pooled,time_only,A,VisualCogB_Task-2.mat,B,Task-2,99,R,1,-1,0,0.49455366,False
Pooled,time_only,A,VisualCogB_Task-2.mat,B,Task-2,100,L,0,-1,1,0.57331013,False
Pooled,time_only,B,VisualCogA_Task-1.mat,A,Task-1,1,L,0,-1,1,0.56451779,False
Pooled,time_only,B,VisualCogA_Task-1.mat,A,Task-1,2,R,1,-1,0,0.49301587,False
Pooled,time_only,B,VisualCogA_Task-1.mat,A,Task-1,4,L,0,-1,0,0.46982975,True
Pooled,time_only,B,VisualCogA_Task-1.mat,A,Task-1,5,R,1,-1,0,0.45328665,False
Pooled,time_only,B,VisualCogA_Task-1.mat,A,Task-1,6,L,0,-1,1,0.50740613,False
Pooled,time_only,B,VisualCogA_Task-1.mat,A,Task-1,7,L,0,-1,1,0.50317597,False
Pooled,time_only,B,VisualCogA_Task-1.mat,A,Task-1,8,L,0,-1,0,0.37932709,True
Pooled,time_only,B,VisualCogA_Task-1.mat,A,Task-1,9,R,1,-1,1,0.51332366,True
Pooled,time_only,B,VisualCogA_Task-1.mat,A,Task-1,10,R,1,-1,1,0.51472662,True
Pooled,time_only,B,VisualCogA_Task-1.mat,A,Task-1,11,R,1,-1,0,0.49243027,False
Pooled,time_only,B,VisualCogA_Task-1.mat,A,Task-1,12,R,1,-1,0,0.49143578,False
Pooled,time_only,B,VisualCogA_Task-1.mat,A,Task-1,13,L,0,-1,1,0.53128155,False
Pooled,time_only,B,VisualCogA_Task-1.mat,A,Task-1,15,R,1,-1,0,0.35526773,False
Pooled,time_only,B,VisualCogA_Task-1.mat,A,Task-1,16,L,0,-1,0,0.41240088,True
Pooled,time_only,B,VisualCogA_Task-1.mat,A,Task-1,17,R,1,-1,0,0.48870712,False
Pooled,time_only,B,VisualCogA_Task-1.mat,A,Task-1,18,L,0,-1,0,0.47210582,True
Pooled,time_only,B,VisualCogA_Task-1.mat,A,Task-1,19,L,0,-1,0,0.43706282,True
Pooled,time_only,B,VisualCogA_Task-1.mat,A,Task-1,21,L,0,-1,1,0.55252246,False
Pooled,time_only,B,VisualCogA_Task-1.mat,A,Task-1,23,R,1,-1,0,0.46021186,False
Pooled,time_only,B,VisualCogA_Task-1.mat,A,Task-1,24,L,0,-1,0,0.40921376,True
Pooled,time_only,B,VisualCogA_Task-1.mat,A,Task-1,25,L,0,-1,0,0.47966844,True
Pooled,time_only,B,VisualCogA_Task-1.mat,A,Task-1,26,R,1,-1,0,0.36871995,False
Pooled,time_only,B,VisualCogA_Task-1.mat,A,Task-1,28,L,0,-1,0,0.39637286,True
Pooled,time_only,B,VisualCogA_Task-1.mat,A,Task-1,29,L,0,-1,0,0.4827334,True
Pooled,time_only,B,VisualCogA_Task-1.mat,A,Task-1,30,L,0,-1,0,0.49124051,True
Pooled,time_only,B,VisualCogA_Task-1.mat,A,Task-1,31,L,0,-1,1,0.50666906,False
Pooled,time_only,B,VisualCogA_Task-1.mat,A,Task-1,32,R,1,-1,0,0.46562461,False
Pooled,time_only,B,VisualCogA_Task-1.mat,A,Task-1,33,R,1,-1,1,0.51803492,True
Pooled,time_only,B,VisualCogA_Task-1.mat,A,Task-1,34,L,0,-1,0,0.42517702,True
Pooled,time_only,B,VisualCogA_Task-1.mat,A,Task-1,35,R,1,-1,1,0.51468699,True
Pooled,time_only,B,VisualCogA_Task-1.mat,A,Task-1,38,L,0,-1,0,0.44980801,True
Pooled,time_only,B,VisualCogA_Task-1.mat,A,Task-1,42,R,1,-1,0,0.458877,False
Pooled,time_only,B,VisualCogA_Task-1.mat,A,Task-1,43,L,0,-1,1,0.56443868,False
Pooled,time_only,B,VisualCogA_Task-1.mat,A,Task-1,44,R,1,-1,1,0.54167135,True
Pooled,time_only,B,VisualCogA_Task-1.mat,A,Task-1,45,L,0,-1,1,0.51596384,False
Pooled,time_only,B,VisualCogA_Task-1.mat,A,Task-1,47,L,0,-1,1,0.53265299,False
Pooled,time_only,B,VisualCogA_Task-1.mat,A,Task-1,48,R,1,-1,1,0.5377139,True
Pooled,time_only,B,VisualCogA_Task-1.mat,A,Task-1,49,L,0,-1,0,0.49061264,True
Pooled,time_only,B,VisualCogA_Task-1.mat,A,Task-1,50,L,0,-1,0,0.4508495,True
Pooled,time_only,B,VisualCogA_Task-1.mat,A,Task-1,51,R,1,-1,0,0.39164142,False
Pooled,time_only,B,VisualCogA_Task-1.mat,A,Task-1,52,R,1,-1,1,0.5959159,True
Pooled,time_only,B,VisualCogA_Task-1.mat,A,Task-1,54,L,0,-1,0,0.4953908,True
Pooled,time_only,B,VisualCogA_Task-1.mat,A,Task-1,55,R,1,-1,0,0.42926638,False
Pooled,time_only,B,VisualCogA_Task-1.mat,A,Task-1,56,L,0,-1,0,0.49725523,True
Pooled,time_only,B,VisualCogA_Task-1.mat,A,Task-1,57,L,0,-1,1,0.5357832,False
Pooled,time_only,B,VisualCogA_Task-1.mat,A,Task-1,58,R,1,-1,1,0.60815332,True
Pooled,time_only,B,VisualCogA_Task-1.mat,A,Task-1,59,R,1,-1,1,0.56889901,True
Pooled,time_only,B,VisualCogA_Task-1.mat,A,Task-1,61,R,1,-1,0,0.44853754,False
Pooled,time_only,B,VisualCogA_Task-1.mat,A,Task-1,62,L,0,-1,1,0.56191183,False
Pooled,time_only,B,VisualCogA_Task-1.mat,A,Task-1,63,R,1,-1,0,0.47425628,False
Pooled,time_only,B,VisualCogA_Task-1.mat,A,Task-1,64,R,1,-1,1,0.52233943,True
Pooled,time_only,B,VisualCogA_Task-1.mat,A,Task-1,65,L,0,-1,1,0.55367323,False
Pooled,time_only,B,VisualCogA_Task-1.mat,A,Task-1,66,R,1,-1,1,0.56430226,True
Pooled,time_only,B,VisualCogA_Task-1.mat,A,Task-1,67,L,0,-1,1,0.51570454,False
Pooled,time_only,B,VisualCogA_Task-1.mat,A,Task-1,68,L,0,-1,1,0.56425844,False
Pooled,time_only,B,VisualCogA_Task-1.mat,A,Task-1,69,R,1,-1,1,0.51512549,True
Pooled,time_only,B,VisualCogA_Task-1.mat,A,Task-1,70,R,1,-1,0,0.49251618,False
Pooled,time_only,B,VisualCogA_Task-1.mat,A,Task-1,71,L,0,-1,1,0.58178614,False
Pooled,time_only,B,VisualCogA_Task-1.mat,A,Task-1,72,R,1,-1,1,0.50767833,True
Pooled,time_only,B,VisualCogA_Task-1.mat,A,Task-1,73,L,0,-1,1,0.52021486,False
Pooled,time_only,B,VisualCogA_Task-1.mat,A,Task-1,74,R,1,-1,0,0.42673085,False
Pooled,time_only,B,VisualCogA_Task-1.mat,A,Task-1,75,L,0,-1,0,0.42705498,True
Pooled,time_only,B,VisualCogA_Task-1.mat,A,Task-1,76,R,1,-1,0,0.45923302,False
Pooled,time_only,B,VisualCogA_Task-1.mat,A,Task-1,78,L,0,-1,0,0.40367718,True
Pooled,time_only,B,VisualCogA_Task-1.mat,A,Task-1,79,L,0,-1,0,0.48364952,True
Pooled,time_only,B,VisualCogA_Task-1.mat,A,Task-1,80,L,0,-1,0,0.49554319,True
Pooled,time_only,B,VisualCogA_Task-1.mat,A,Task-1,81,L,0,-1,1,0.57945677,False
Pooled,time_only,B,VisualCogA_Task-1.mat,A,Task-1,82,R,1,-1,0,0.45920986,False
Pooled,time_only,B,VisualCogA_Task-1.mat,A,Task-1,83,L,0,-1,1,0.55554529,False
Pooled,time_only,B,VisualCogA_Task-1.mat,A,Task-1,84,R,1,-1,1,0.54138165,True
Pooled,time_only,B,VisualCogA_Task-1.mat,A,Task-1,85,L,0,-1,0,0.47813557,True
Pooled,time_only,B,VisualCogA_Task-1.mat,A,Task-1,86,R,1,-1,0,0.47534822,False
Pooled,time_only,B,VisualCogA_Task-1.mat,A,Task-1,87,R,1,-1,1,0.53415342,True
Pooled,time_only,B,VisualCogA_Task-1.mat,A,Task-1,89,R,1,-1,0,0.49304928,False
Pooled,time_only,B,VisualCogA_Task-1.mat,A,Task-1,90,R,1,-1,1,0.54543345,True
Pooled,time_only,B,VisualCogA_Task-1.mat,A,Task-1,91,L,0,-1,1,0.53045386,False
Pooled,time_only,B,VisualCogA_Task-1.mat,A,Task-1,92,R,1,-1,0,0.48111684,False
Pooled,time_only,B,VisualCogA_Task-1.mat,A,Task-1,93,R,1,-1,1,0.57372929,True
Pooled,time_only,B,VisualCogA_Task-1.mat,A,Task-1,94,R,1,-1,1,0.5713332,True
Pooled,time_only,B,VisualCogA_Task-1.mat,A,Task-1,95,L,0,-1,1,0.53044906,False
Pooled,time_only,B,VisualCogA_Task-1.mat,A,Task-1,96,R,1,-1,1,0.55989381,True
Pooled,time_only,B,VisualCogA_Task-1.mat,A,Task-1,97,R,1,-1,1,0.54464221,True
Pooled,time_only,B,VisualCogA_Task-1.mat,A,Task-1,98,L,0,-1,0,0.42127255,True
Pooled,time_only,B,VisualCogA_Task-1.mat,A,Task-1,99,L,0,-1,1,0.54972524,False
Pooled,time_only,B,VisualCogA_Task-1.mat,A,Task-1,100,R,1,-1,1,0.51635211,True
Pooled,time_only,B,VisualCogA_Task-2.mat,A,Task-2,1,R,1,-1,1,0.51304911,True
Pooled,time_only,B,VisualCogA_Task-2.mat,A,Task-2,2,L,0,-1,1,0.53309245,False
Pooled,time_only,B,VisualCogA_Task-2.mat,A,Task-2,3,L,0,-1,0,0.37141727,True
Pooled,time_only,B,VisualCogA_Task-2.mat,A,Task-2,4,L,0,-1,1,0.53282221,False
Pooled,time_only,B,VisualCogA_Task-2.mat,A,Task-2,5,R,1,-1,1,0.62582116,True
Pooled,time_only,B,VisualCogA_Task-2.mat,A,Task-2,6,L,0,-1,1,0.60030684,False
Pooled,time_only,B,VisualCogA_Task-2.mat,A,Task-2,7,R,1,-1,1,0.58366016,True
Pooled,time_only,B,VisualCogA_Task-2.mat,A,Task-2,8,R,1,-1,1,0.58554519,True
Pooled,time_only,B,VisualCogA_Task-2.mat,A,Task-2,9,L,0,-1,1,0.61266058,False
Pooled,time_only,B,VisualCogA_Task-2.mat,A,Task-2,10,L,0,-1,1,0.56572687,False
Pooled,time_only,B,VisualCogA_Task-2.mat,A,Task-2,11,R,1,-1,1,0.6123344,True
Pooled,time_only,B,VisualCogA_Task-2.mat,A,Task-2,12,R,1,-1,1,0.55566169,True
Pooled,time_only,B,VisualCogA_Task-2.mat,A,Task-2,13,R,1,-1,1,0.593165,True
Pooled,time_only,B,VisualCogA_Task-2.mat,A,Task-2,14,L,0,-1,1,0.54648152,False
Pooled,time_only,B,VisualCogA_Task-2.mat,A,Task-2,15,L,0,-1,0,0.38043873,True
Pooled,time_only,B,VisualCogA_Task-2.mat,A,Task-2,16,L,0,-1,1,0.62474002,False
Pooled,time_only,B,VisualCogA_Task-2.mat,A,Task-2,17,R,1,-1,0,0.36582207,False
Pooled,time_only,B,VisualCogA_Task-2.mat,A,Task-2,18,R,1,-1,1,0.57260424,True
Pooled,time_only,B,VisualCogA_Task-2.mat,A,Task-2,19,L,0,-1,1,0.51831672,False
Pooled,time_only,B,VisualCogA_Task-2.mat,A,Task-2,20,L,0,-1,1,0.59816183,False
Pooled,time_only,B,VisualCogA_Task-2.mat,A,Task-2,21,R,1,-1,1,0.52114154,True
Pooled,time_only,B,VisualCogA_Task-2.mat,A,Task-2,22,L,0,-1,1,0.69000616,False
Pooled,time_only,B,VisualCogA_Task-2.mat,A,Task-2,23,R,1,-1,0,0.42458029,False
Pooled,time_only,B,VisualCogA_Task-2.mat,A,Task-2,24,R,1,-1,1,0.57971298,True
Pooled,time_only,B,VisualCogA_Task-2.mat,A,Task-2,25,L,0,-1,1,0.58416568,False
Pooled,time_only,B,VisualCogA_Task-2.mat,A,Task-2,26,L,0,-1,1,0.50289208,False
Pooled,time_only,B,VisualCogA_Task-2.mat,A,Task-2,27,R,1,-1,1,0.59061407,True
Pooled,time_only,B,VisualCogA_Task-2.mat,A,Task-2,28,R,1,-1,1,0.62819679,True
Pooled,time_only,B,VisualCogA_Task-2.mat,A,Task-2,29,R,1,-1,1,0.55715432,True
Pooled,time_only,B,VisualCogA_Task-2.mat,A,Task-2,31,L,0,-1,0,0.47573045,True
Pooled,time_only,B,VisualCogA_Task-2.mat,A,Task-2,32,L,0,-1,0,0.48992864,True
Pooled,time_only,B,VisualCogA_Task-2.mat,A,Task-2,34,L,0,-1,1,0.60466674,False
Pooled,time_only,B,VisualCogA_Task-2.mat,A,Task-2,35,L,0,-1,0,0.49113788,True
Pooled,time_only,B,VisualCogA_Task-2.mat,A,Task-2,36,R,1,-1,1,0.57884421,True
Pooled,time_only,B,VisualCogA_Task-2.mat,A,Task-2,37,R,1,-1,0,0.32646243,False
Pooled,time_only,B,VisualCogA_Task-2.mat,A,Task-2,38,L,0,-1,0,0.48431064,True
Pooled,time_only,B,VisualCogA_Task-2.mat,A,Task-2,40,L,0,-1,1,0.50290288,False
Pooled,time_only,B,VisualCogA_Task-2.mat,A,Task-2,42,L,0,-1,0,0.28888734,True
Pooled,time_only,B,VisualCogA_Task-2.mat,A,Task-2,43,L,0,-1,1,0.50531184,False
Pooled,time_only,B,VisualCogA_Task-2.mat,A,Task-2,44,L,0,-1,1,0.5760939,False
Pooled,time_only,B,VisualCogA_Task-2.mat,A,Task-2,46,L,0,-1,1,0.56467673,False
Pooled,time_only,B,VisualCogA_Task-2.mat,A,Task-2,47,L,0,-1,1,0.50726908,False
Pooled,time_only,B,VisualCogA_Task-2.mat,A,Task-2,48,L,0,-1,1,0.57150073,False
Pooled,time_only,B,VisualCogA_Task-2.mat,A,Task-2,49,R,1,-1,0,0.44070954,False
Pooled,time_only,B,VisualCogA_Task-2.mat,A,Task-2,50,R,1,-1,0,0.44699597,False
Pooled,time_only,B,VisualCogA_Task-2.mat,A,Task-2,51,L,0,-1,1,0.57663846,False
Pooled,time_only,B,VisualCogA_Task-2.mat,A,Task-2,52,R,1,-1,1,0.52310348,True
Pooled,time_only,B,VisualCogA_Task-2.mat,A,Task-2,53,R,1,-1,0,0.48879692,False
Pooled,time_only,B,VisualCogA_Task-2.mat,A,Task-2,54,L,0,-1,1,0.59761541,False
Pooled,time_only,B,VisualCogA_Task-2.mat,A,Task-2,55,L,0,-1,0,0.47335457,True
Pooled,time_only,B,VisualCogA_Task-2.mat,A,Task-2,56,R,1,-1,1,0.64959577,True
Pooled,time_only,B,VisualCogA_Task-2.mat,A,Task-2,57,R,1,-1,0,0.36220883,False
Pooled,time_only,B,VisualCogA_Task-2.mat,A,Task-2,58,R,1,-1,1,0.61946595,True
Pooled,time_only,B,VisualCogA_Task-2.mat,A,Task-2,59,R,1,-1,1,0.62348381,True
Pooled,time_only,B,VisualCogA_Task-2.mat,A,Task-2,60,R,1,-1,1,0.50977678,True
Pooled,time_only,B,VisualCogA_Task-2.mat,A,Task-2,61,L,0,-1,1,0.53046322,False
Pooled,time_only,B,VisualCogA_Task-2.mat,A,Task-2,62,R,1,-1,0,0.49298995,False
Pooled,time_only,B,VisualCogA_Task-2.mat,A,Task-2,64,L,0,-1,1,0.55585218,False
Pooled,time_only,B,VisualCogA_Task-2.mat,A,Task-2,65,R,1,-1,1,0.61590777,True
Pooled,time_only,B,VisualCogA_Task-2.mat,A,Task-2,66,L,0,-1,1,0.55952235,False
Pooled,time_only,B,VisualCogA_Task-2.mat,A,Task-2,67,R,1,-1,1,0.56412408,True
Pooled,time_only,B,VisualCogA_Task-2.mat,A,Task-2,68,R,1,-1,1,0.71065524,True
Pooled,time_only,B,VisualCogA_Task-2.mat,A,Task-2,69,L,0,-1,0,0.47542902,True
Pooled,time_only,B,VisualCogA_Task-2.mat,A,Task-2,70,L,0,-1,1,0.74018807,False
Pooled,time_only,B,VisualCogA_Task-2.mat,A,Task-2,71,R,1,-1,1,0.50978546,True
Pooled,time_only,B,VisualCogA_Task-2.mat,A,Task-2,72,R,1,-1,0,0.3647657,False
Pooled,time_only,B,VisualCogA_Task-2.mat,A,Task-2,73,R,1,-1,1,0.59415679,True
Pooled,time_only,B,VisualCogA_Task-2.mat,A,Task-2,74,R,1,-1,1,0.62408396,True
Pooled,time_only,B,VisualCogA_Task-2.mat,A,Task-2,75,L,0,-1,1,0.58613117,False
Pooled,time_only,B,VisualCogA_Task-2.mat,A,Task-2,76,L,0,-1,0,0.38520274,True
Pooled,time_only,B,VisualCogA_Task-2.mat,A,Task-2,77,L,0,-1,1,0.62634366,False
Pooled,time_only,B,VisualCogA_Task-2.mat,A,Task-2,78,R,1,-1,1,0.54668837,True
Pooled,time_only,B,VisualCogA_Task-2.mat,A,Task-2,79,L,0,-1,0,0.47987915,True
Pooled,time_only,B,VisualCogA_Task-2.mat,A,Task-2,81,L,0,-1,0,0.45863225,True
Pooled,time_only,B,VisualCogA_Task-2.mat,A,Task-2,82,R,1,-1,0,0.44768836,False
Pooled,time_only,B,VisualCogA_Task-2.mat,A,Task-2,83,R,1,-1,1,0.50368086,True
Pooled,time_only,B,VisualCogA_Task-2.mat,A,Task-2,84,L,0,-1,1,0.59599876,False
Pooled,time_only,B,VisualCogA_Task-2.mat,A,Task-2,85,R,1,-1,1,0.51535069,True
Pooled,time_only,B,VisualCogA_Task-2.mat,A,Task-2,87,L,0,-1,1,0.50067379,False
Pooled,time_only,B,VisualCogA_Task-2.mat,A,Task-2,88,R,1,-1,0,0.46153496,False
Pooled,time_only,B,VisualCogA_Task-2.mat,A,Task-2,89,L,0,-1,1,0.51443084,False
Pooled,time_only,B,VisualCogA_Task-2.mat,A,Task-2,90,L,0,-1,1,0.53482698,False
Pooled,time_only,B,VisualCogA_Task-2.mat,A,Task-2,91,L,0,-1,0,0.48464002,True
Pooled,time_only,B,VisualCogA_Task-2.mat,A,Task-2,92,L,0,-1,0,0.49704384,True
Pooled,time_only,B,VisualCogA_Task-2.mat,A,Task-2,93,R,1,-1,1,0.60562635,True
Pooled,time_only,B,VisualCogA_Task-2.mat,A,Task-2,94,L,0,-1,0,0.29931816,True
Pooled,time_only,B,VisualCogA_Task-2.mat,A,Task-2,95,L,0,-1,1,0.54964371,False
Pooled,time_only,B,VisualCogA_Task-2.mat,A,Task-2,96,L,0,-1,1,0.50451024,False
Pooled,time_only,B,VisualCogA_Task-2.mat,A,Task-2,97,L,0,-1,0,0.41610231,True
Pooled,time_only,B,VisualCogA_Task-2.mat,A,Task-2,98,L,0,-1,1,0.52707825,False
Pooled,time_only,B,VisualCogA_Task-2.mat,A,Task-2,99,L,0,-1,0,0.47870326,True
Pooled,time_only,B,VisualCogA_Task-2.mat,A,Task-2,100,L,0,-1,1,0.58108349,False
Pooled,time_plus_spectral,A,VisualCogB_Task-1.mat,B,Task-1,1,L,0,-1,1,0.56574597,False
Pooled,time_plus_spectral,A,VisualCogB_Task-1.mat,B,Task-1,2,L,0,-1,0,0.33514001,True
Pooled,time_plus_spectral,A,VisualCogB_Task-1.mat,B,Task-1,3,R,1,-1,0,0.48983876,False
Pooled,time_plus_spectral,A,VisualCogB_Task-1.mat,B,Task-1,4,L,0,-1,1,0.77246561,False
Pooled,time_plus_spectral,A,VisualCogB_Task-1.mat,B,Task-1,5,R,1,-1,0,0.42044287,False
Pooled,time_plus_spectral,A,VisualCogB_Task-1.mat,B,Task-1,6,R,1,-1,1,0.71321665,True
Pooled,time_plus_spectral,A,VisualCogB_Task-1.mat,B,Task-1,7,R,1,-1,1,0.73122262,True
Pooled,time_plus_spectral,A,VisualCogB_Task-1.mat,B,Task-1,8,L,0,-1,0,0.41409726,True
Pooled,time_plus_spectral,A,VisualCogB_Task-1.mat,B,Task-1,9,L,0,-1,1,0.59434298,False
Pooled,time_plus_spectral,A,VisualCogB_Task-1.mat,B,Task-1,10,L,0,-1,0,0.41940854,True
Pooled,time_plus_spectral,A,VisualCogB_Task-1.mat,B,Task-1,11,R,1,-1,0,0.43411609,False
Pooled,time_plus_spectral,A,VisualCogB_Task-1.mat,B,Task-1,12,L,0,-1,0,0.48622089,True
Pooled,time_plus_spectral,A,VisualCogB_Task-1.mat,B,Task-1,13,R,1,-1,0,0.33061176,False
Pooled,time_plus_spectral,A,VisualCogB_Task-1.mat,B,Task-1,15,L,0,-1,0,0.33719179,True
Pooled,time_plus_spectral,A,VisualCogB_Task-1.mat,B,Task-1,16,R,1,-1,1,0.71957898,True
Pooled,time_plus_spectral,A,VisualCogB_Task-1.mat,B,Task-1,17,L,0,-1,1,0.58401052,False
Pooled,time_plus_spectral,A,VisualCogB_Task-1.mat,B,Task-1,18,L,0,-1,1,0.65852648,False
Pooled,time_plus_spectral,A,VisualCogB_Task-1.mat,B,Task-1,19,R,1,-1,1,0.80365502,True
Pooled,time_plus_spectral,A,VisualCogB_Task-1.mat,B,Task-1,20,L,0,-1,0,0.15695549,True
Pooled,time_plus_spectral,A,VisualCogB_Task-1.mat,B,Task-1,21,R,1,-1,0,0.24668767,False
Pooled,time_plus_spectral,A,VisualCogB_Task-1.mat,B,Task-1,22,R,1,-1,0,0.47918162,False
Pooled,time_plus_spectral,A,VisualCogB_Task-1.mat,B,Task-1,24,R,1,-1,1,0.60084497,True
Pooled,time_plus_spectral,A,VisualCogB_Task-1.mat,B,Task-1,26,R,1,-1,1,0.52850421,True
Pooled,time_plus_spectral,A,VisualCogB_Task-1.mat,B,Task-1,27,R,1,-1,0,0.42898343,False
Pooled,time_plus_spectral,A,VisualCogB_Task-1.mat,B,Task-1,28,R,1,-1,1,0.62750074,True
Pooled,time_plus_spectral,A,VisualCogB_Task-1.mat,B,Task-1,29,R,1,-1,0,0.18356326,False
Pooled,time_plus_spectral,A,VisualCogB_Task-1.mat,B,Task-1,30,L,0,-1,0,0.32730882,True
Pooled,time_plus_spectral,A,VisualCogB_Task-1.mat,B,Task-1,31,R,1,-1,0,0.48604491,False
Pooled,time_plus_spectral,A,VisualCogB_Task-1.mat,B,Task-1,32,L,0,-1,1,0.89510714,False
Pooled,time_plus_spectral,A,VisualCogB_Task-1.mat,B,Task-1,33,L,0,-1,0,0.45745036,True
Pooled,time_plus_spectral,A,VisualCogB_Task-1.mat,B,Task-1,34,R,1,-1,1,0.6557987,True
Pooled,time_plus_spectral,A,VisualCogB_Task-1.mat,B,Task-1,35,L,0,-1,0,0.37954038,True
Pooled,time_plus_spectral,A,VisualCogB_Task-1.mat,B,Task-1,37,L,0,-1,0,0.12517177,True
Pooled,time_plus_spectral,A,VisualCogB_Task-1.mat,B,Task-1,38,L,0,-1,0,0.47237306,True
Pooled,time_plus_spectral,A,VisualCogB_Task-1.mat,B,Task-1,39,R,1,-1,1,0.65790801,True
Pooled,time_plus_spectral,A,VisualCogB_Task-1.mat,B,Task-1,40,R,1,-1,0,0.09652594,False
Pooled,time_plus_spectral,A,VisualCogB_Task-1.mat,B,Task-1,41,L,0,-1,1,0.5493314,False
Pooled,time_plus_spectral,A,VisualCogB_Task-1.mat,B,Task-1,42,R,1,-1,0,0.48434461,False
Pooled,time_plus_spectral,A,VisualCogB_Task-1.mat,B,Task-1,43,R,1,-1,0,0.3788588,False
Pooled,time_plus_spectral,A,VisualCogB_Task-1.mat,B,Task-1,44,R,1,-1,1,0.58817617,True
Pooled,time_plus_spectral,A,VisualCogB_Task-1.mat,B,Task-1,45,R,1,-1,1,0.72849157,True
Pooled,time_plus_spectral,A,VisualCogB_Task-1.mat,B,Task-1,47,L,0,-1,0,0.31043932,True
Pooled,time_plus_spectral,A,VisualCogB_Task-1.mat,B,Task-1,48,R,1,-1,1,0.65073602,True
Pooled,time_plus_spectral,A,VisualCogB_Task-1.mat,B,Task-1,49,R,1,-1,0,0.47242966,False
Pooled,time_plus_spectral,A,VisualCogB_Task-1.mat,B,Task-1,51,R,1,-1,1,0.73320381,True
Pooled,time_plus_spectral,A,VisualCogB_Task-1.mat,B,Task-1,52,L,0,-1,0,0.47368231,True
Pooled,time_plus_spectral,A,VisualCogB_Task-1.mat,B,Task-1,53,R,1,-1,1,0.83867478,True
Pooled,time_plus_spectral,A,VisualCogB_Task-1.mat,B,Task-1,55,R,1,-1,1,0.51790201,True
Pooled,time_plus_spectral,A,VisualCogB_Task-1.mat,B,Task-1,56,L,0,-1,0,0.48905249,True
Pooled,time_plus_spectral,A,VisualCogB_Task-1.mat,B,Task-1,57,R,1,-1,0,0.49842132,False
Pooled,time_plus_spectral,A,VisualCogB_Task-1.mat,B,Task-1,58,R,1,-1,1,0.84049354,True
Pooled,time_plus_spectral,A,VisualCogB_Task-1.mat,B,Task-1,59,R,1,-1,0,0.4496329,False
Pooled,time_plus_spectral,A,VisualCogB_Task-1.mat,B,Task-1,60,R,1,-1,1,0.7852307,True
Pooled,time_plus_spectral,A,VisualCogB_Task-1.mat,B,Task-1,61,L,0,-1,0,0.49280096,True
Pooled,time_plus_spectral,A,VisualCogB_Task-1.mat,B,Task-1,62,L,0,-1,1,0.59924476,False
Pooled,time_plus_spectral,A,VisualCogB_Task-1.mat,B,Task-1,63,R,1,-1,0,0.48095874,False
Pooled,time_plus_spectral,A,VisualCogB_Task-1.mat,B,Task-1,64,L,0,-1,0,0.23792028,True
Pooled,time_plus_spectral,A,VisualCogB_Task-1.mat,B,Task-1,65,L,0,-1,1,0.59453918,False
Pooled,time_plus_spectral,A,VisualCogB_Task-1.mat,B,Task-1,66,L,0,-1,0,0.081698607,True
Pooled,time_plus_spectral,A,VisualCogB_Task-1.mat,B,Task-1,67,R,1,-1,1,0.85455321,True
Pooled,time_plus_spectral,A,VisualCogB_Task-1.mat,B,Task-1,68,R,1,-1,0,0.36631052,False
Pooled,time_plus_spectral,A,VisualCogB_Task-1.mat,B,Task-1,69,L,0,-1,1,0.70611155,False
Pooled,time_plus_spectral,A,VisualCogB_Task-1.mat,B,Task-1,70,L,0,-1,0,0.43793604,True
Pooled,time_plus_spectral,A,VisualCogB_Task-1.mat,B,Task-1,71,R,1,-1,0,0.25434113,False
Pooled,time_plus_spectral,A,VisualCogB_Task-1.mat,B,Task-1,72,R,1,-1,0,0.35081114,False
Pooled,time_plus_spectral,A,VisualCogB_Task-1.mat,B,Task-1,73,L,0,-1,0,0.21198744,True
Pooled,time_plus_spectral,A,VisualCogB_Task-1.mat,B,Task-1,74,L,0,-1,1,0.64335637,False
Pooled,time_plus_spectral,A,VisualCogB_Task-1.mat,B,Task-1,75,R,1,-1,0,0.23304578,False
Pooled,time_plus_spectral,A,VisualCogB_Task-1.mat,B,Task-1,76,L,0,-1,0,0.33906807,True
Pooled,time_plus_spectral,A,VisualCogB_Task-1.mat,B,Task-1,77,L,0,-1,0,0.41989015,True
Pooled,time_plus_spectral,A,VisualCogB_Task-1.mat,B,Task-1,79,R,1,-1,0,0.40508829,False
Pooled,time_plus_spectral,A,VisualCogB_Task-1.mat,B,Task-1,80,L,0,-1,0,0.44727732,True
Pooled,time_plus_spectral,A,VisualCogB_Task-1.mat,B,Task-1,81,L,0,-1,0,0.39701694,True
Pooled,time_plus_spectral,A,VisualCogB_Task-1.mat,B,Task-1,82,R,1,-1,0,0.32497498,False
Pooled,time_plus_spectral,A,VisualCogB_Task-1.mat,B,Task-1,83,L,0,-1,1,0.57679511,False
Pooled,time_plus_spectral,A,VisualCogB_Task-1.mat,B,Task-1,84,L,0,-1,0,0.46537564,True
Pooled,time_plus_spectral,A,VisualCogB_Task-1.mat,B,Task-1,85,R,1,-1,0,0.48650832,False
Pooled,time_plus_spectral,A,VisualCogB_Task-1.mat,B,Task-1,86,L,0,-1,0,0.21130009,True
Pooled,time_plus_spectral,A,VisualCogB_Task-1.mat,B,Task-1,87,L,0,-1,1,0.7478166,False
Pooled,time_plus_spectral,A,VisualCogB_Task-1.mat,B,Task-1,89,L,0,-1,0,0.49224314,True
Pooled,time_plus_spectral,A,VisualCogB_Task-1.mat,B,Task-1,90,L,0,-1,0,0.15251407,True
Pooled,time_plus_spectral,A,VisualCogB_Task-1.mat,B,Task-1,91,R,1,-1,0,0.33090464,False
Pooled,time_plus_spectral,A,VisualCogB_Task-1.mat,B,Task-1,93,L,0,-1,0,0.36226304,True
Pooled,time_plus_spectral,A,VisualCogB_Task-1.mat,B,Task-1,94,R,1,-1,0,0.23770792,False
Pooled,time_plus_spectral,A,VisualCogB_Task-1.mat,B,Task-1,95,L,0,-1,1,0.53900774,False
Pooled,time_plus_spectral,A,VisualCogB_Task-1.mat,B,Task-1,96,R,1,-1,1,0.52105068,True
Pooled,time_plus_spectral,A,VisualCogB_Task-1.mat,B,Task-1,97,L,0,-1,1,0.55143524,False
Pooled,time_plus_spectral,A,VisualCogB_Task-1.mat,B,Task-1,98,R,1,-1,1,0.66479561,True
Pooled,time_plus_spectral,A,VisualCogB_Task-1.mat,B,Task-1,99,R,1,-1,1,0.55318951,True
Pooled,time_plus_spectral,A,VisualCogB_Task-1.mat,B,Task-1,100,R,1,-1,0,0.27333068,False
Pooled,time_plus_spectral,A,VisualCogB_Task-2.mat,B,Task-2,1,L,0,-1,1,0.65145424,False
Pooled,time_plus_spectral,A,VisualCogB_Task-2.mat,B,Task-2,2,L,0,-1,0,0.33439639,True
Pooled,time_plus_spectral,A,VisualCogB_Task-2.mat,B,Task-2,3,L,0,-1,1,0.70935964,False
Pooled,time_plus_spectral,A,VisualCogB_Task-2.mat,B,Task-2,4,R,1,-1,0,0.24821789,False
Pooled,time_plus_spectral,A,VisualCogB_Task-2.mat,B,Task-2,5,L,0,-1,0,0.49577582,True
Pooled,time_plus_spectral,A,VisualCogB_Task-2.mat,B,Task-2,6,R,1,-1,0,0.17158547,False
Pooled,time_plus_spectral,A,VisualCogB_Task-2.mat,B,Task-2,7,R,1,-1,0,0.33946361,False
Pooled,time_plus_spectral,A,VisualCogB_Task-2.mat,B,Task-2,8,R,1,-1,1,0.50718077,True
Pooled,time_plus_spectral,A,VisualCogB_Task-2.mat,B,Task-2,9,R,1,-1,0,0.44703564,False
Pooled,time_plus_spectral,A,VisualCogB_Task-2.mat,B,Task-2,11,R,1,-1,1,0.56784498,True
Pooled,time_plus_spectral,A,VisualCogB_Task-2.mat,B,Task-2,12,R,1,-1,1,0.59131024,True
Pooled,time_plus_spectral,A,VisualCogB_Task-2.mat,B,Task-2,13,R,1,-1,0,0.31004826,False
Pooled,time_plus_spectral,A,VisualCogB_Task-2.mat,B,Task-2,15,R,1,-1,1,0.58392954,True
Pooled,time_plus_spectral,A,VisualCogB_Task-2.mat,B,Task-2,17,L,0,-1,0,0.28338145,True
Pooled,time_plus_spectral,A,VisualCogB_Task-2.mat,B,Task-2,18,R,1,-1,0,0.25471654,False
Pooled,time_plus_spectral,A,VisualCogB_Task-2.mat,B,Task-2,19,R,1,-1,0,0.25185985,False
Pooled,time_plus_spectral,A,VisualCogB_Task-2.mat,B,Task-2,20,L,0,-1,0,0.10347844,True
Pooled,time_plus_spectral,A,VisualCogB_Task-2.mat,B,Task-2,21,R,1,-1,1,0.55076484,True
Pooled,time_plus_spectral,A,VisualCogB_Task-2.mat,B,Task-2,22,R,1,-1,0,0.48093959,False
Pooled,time_plus_spectral,A,VisualCogB_Task-2.mat,B,Task-2,24,L,0,-1,0,0.27615244,True
Pooled,time_plus_spectral,A,VisualCogB_Task-2.mat,B,Task-2,25,L,0,-1,1,0.71733971,False
Pooled,time_plus_spectral,A,VisualCogB_Task-2.mat,B,Task-2,26,R,1,-1,0,0.44138831,False
Pooled,time_plus_spectral,A,VisualCogB_Task-2.mat,B,Task-2,27,L,0,-1,0,0.12581914,True
Pooled,time_plus_spectral,A,VisualCogB_Task-2.mat,B,Task-2,28,L,0,-1,1,0.55301665,False
Pooled,time_plus_spectral,A,VisualCogB_Task-2.mat,B,Task-2,29,L,0,-1,1,0.54571955,False
Pooled,time_plus_spectral,A,VisualCogB_Task-2.mat,B,Task-2,30,R,1,-1,0,0.27391242,False
Pooled,time_plus_spectral,A,VisualCogB_Task-2.mat,B,Task-2,31,R,1,-1,0,0.40799403,False
Pooled,time_plus_spectral,A,VisualCogB_Task-2.mat,B,Task-2,32,R,1,-1,0,0.24114021,False
Pooled,time_plus_spectral,A,VisualCogB_Task-2.mat,B,Task-2,33,R,1,-1,0,0.35456547,False
Pooled,time_plus_spectral,A,VisualCogB_Task-2.mat,B,Task-2,34,R,1,-1,1,0.56678269,True
Pooled,time_plus_spectral,A,VisualCogB_Task-2.mat,B,Task-2,35,L,0,-1,0,0.25310736,True
Pooled,time_plus_spectral,A,VisualCogB_Task-2.mat,B,Task-2,36,R,1,-1,1,0.61625831,True
Pooled,time_plus_spectral,A,VisualCogB_Task-2.mat,B,Task-2,37,L,0,-1,0,0.19807249,True
Pooled,time_plus_spectral,A,VisualCogB_Task-2.mat,B,Task-2,38,L,0,-1,1,0.61684941,False
Pooled,time_plus_spectral,A,VisualCogB_Task-2.mat,B,Task-2,39,R,1,-1,1,0.57879342,True
Pooled,time_plus_spectral,A,VisualCogB_Task-2.mat,B,Task-2,40,R,1,-1,0,0.40371148,False
Pooled,time_plus_spectral,A,VisualCogB_Task-2.mat,B,Task-2,41,R,1,-1,0,0.2492102,False
Pooled,time_plus_spectral,A,VisualCogB_Task-2.mat,B,Task-2,42,L,0,-1,1,0.53065522,False
Pooled,time_plus_spectral,A,VisualCogB_Task-2.mat,B,Task-2,44,R,1,-1,0,0.42227767,False
Pooled,time_plus_spectral,A,VisualCogB_Task-2.mat,B,Task-2,45,L,0,-1,1,0.81793938,False
Pooled,time_plus_spectral,A,VisualCogB_Task-2.mat,B,Task-2,46,L,0,-1,1,0.60529228,False
Pooled,time_plus_spectral,A,VisualCogB_Task-2.mat,B,Task-2,47,R,1,-1,1,0.58361475,True
Pooled,time_plus_spectral,A,VisualCogB_Task-2.mat,B,Task-2,48,L,0,-1,1,0.66120228,False
Pooled,time_plus_spectral,A,VisualCogB_Task-2.mat,B,Task-2,49,R,1,-1,0,0.46616805,False
Pooled,time_plus_spectral,A,VisualCogB_Task-2.mat,B,Task-2,51,L,0,-1,0,0.43021807,True
Pooled,time_plus_spectral,A,VisualCogB_Task-2.mat,B,Task-2,52,L,0,-1,0,0.46733255,True
Pooled,time_plus_spectral,A,VisualCogB_Task-2.mat,B,Task-2,53,R,1,-1,0,0.14529362,False
Pooled,time_plus_spectral,A,VisualCogB_Task-2.mat,B,Task-2,55,R,1,-1,0,0.39311264,False
Pooled,time_plus_spectral,A,VisualCogB_Task-2.mat,B,Task-2,58,L,0,-1,0,0.46446264,True
Pooled,time_plus_spectral,A,VisualCogB_Task-2.mat,B,Task-2,59,L,0,-1,0,0.15316344,True
Pooled,time_plus_spectral,A,VisualCogB_Task-2.mat,B,Task-2,60,L,0,-1,1,0.50327131,False
Pooled,time_plus_spectral,A,VisualCogB_Task-2.mat,B,Task-2,61,L,0,-1,1,0.62991235,False
Pooled,time_plus_spectral,A,VisualCogB_Task-2.mat,B,Task-2,62,R,1,-1,0,0.29350753,False
Pooled,time_plus_spectral,A,VisualCogB_Task-2.mat,B,Task-2,63,L,0,-1,0,0.38276095,True
Pooled,time_plus_spectral,A,VisualCogB_Task-2.mat,B,Task-2,64,L,0,-1,0,0.043754352,True
Pooled,time_plus_spectral,A,VisualCogB_Task-2.mat,B,Task-2,65,R,1,-1,0,0.45103082,False
Pooled,time_plus_spectral,A,VisualCogB_Task-2.mat,B,Task-2,66,R,1,-1,0,0.41849705,False
Pooled,time_plus_spectral,A,VisualCogB_Task-2.mat,B,Task-2,67,R,1,-1,0,0.18479982,False
Pooled,time_plus_spectral,A,VisualCogB_Task-2.mat,B,Task-2,68,R,1,-1,0,0.26158217,False
Pooled,time_plus_spectral,A,VisualCogB_Task-2.mat,B,Task-2,69,L,0,-1,1,0.59760985,False
Pooled,time_plus_spectral,A,VisualCogB_Task-2.mat,B,Task-2,70,L,0,-1,1,0.85381874,False
Pooled,time_plus_spectral,A,VisualCogB_Task-2.mat,B,Task-2,71,R,1,-1,0,0.46935396,False
Pooled,time_plus_spectral,A,VisualCogB_Task-2.mat,B,Task-2,72,R,1,-1,0,0.30218306,False
Pooled,time_plus_spectral,A,VisualCogB_Task-2.mat,B,Task-2,73,R,1,-1,0,0.20372701,False
Pooled,time_plus_spectral,A,VisualCogB_Task-2.mat,B,Task-2,74,L,0,-1,0,0.21070428,True
Pooled,time_plus_spectral,A,VisualCogB_Task-2.mat,B,Task-2,75,L,0,-1,0,0.36127111,True
Pooled,time_plus_spectral,A,VisualCogB_Task-2.mat,B,Task-2,76,R,1,-1,0,0.29073982,False
Pooled,time_plus_spectral,A,VisualCogB_Task-2.mat,B,Task-2,77,R,1,-1,0,0.30328648,False
Pooled,time_plus_spectral,A,VisualCogB_Task-2.mat,B,Task-2,78,L,0,-1,1,0.53470182,False
Pooled,time_plus_spectral,A,VisualCogB_Task-2.mat,B,Task-2,79,L,0,-1,1,0.82575923,False
Pooled,time_plus_spectral,A,VisualCogB_Task-2.mat,B,Task-2,80,L,0,-1,0,0.31032603,True
Pooled,time_plus_spectral,A,VisualCogB_Task-2.mat,B,Task-2,81,R,1,-1,1,0.63568555,True
Pooled,time_plus_spectral,A,VisualCogB_Task-2.mat,B,Task-2,83,R,1,-1,0,0.30648866,False
Pooled,time_plus_spectral,A,VisualCogB_Task-2.mat,B,Task-2,84,L,0,-1,0,0.22590786,True
Pooled,time_plus_spectral,A,VisualCogB_Task-2.mat,B,Task-2,86,R,1,-1,1,0.7566887,True
Pooled,time_plus_spectral,A,VisualCogB_Task-2.mat,B,Task-2,87,L,0,-1,0,0.30271177,True
Pooled,time_plus_spectral,A,VisualCogB_Task-2.mat,B,Task-2,88,R,1,-1,1,0.74105542,True
Pooled,time_plus_spectral,A,VisualCogB_Task-2.mat,B,Task-2,89,L,0,-1,0,0.24332554,True
Pooled,time_plus_spectral,A,VisualCogB_Task-2.mat,B,Task-2,90,R,1,-1,1,0.73787821,True
Pooled,time_plus_spectral,A,VisualCogB_Task-2.mat,B,Task-2,91,L,0,-1,0,0.03668062,True
Pooled,time_plus_spectral,A,VisualCogB_Task-2.mat,B,Task-2,92,L,0,-1,1,0.61234261,False
Pooled,time_plus_spectral,A,VisualCogB_Task-2.mat,B,Task-2,93,R,1,-1,0,0.32662904,False
Pooled,time_plus_spectral,A,VisualCogB_Task-2.mat,B,Task-2,94,L,0,-1,0,0.3670806,True
Pooled,time_plus_spectral,A,VisualCogB_Task-2.mat,B,Task-2,95,R,1,-1,0,0.16835378,False
Pooled,time_plus_spectral,A,VisualCogB_Task-2.mat,B,Task-2,96,R,1,-1,0,0.20872967,False
Pooled,time_plus_spectral,A,VisualCogB_Task-2.mat,B,Task-2,97,L,0,-1,0,0.17124657,True
Pooled,time_plus_spectral,A,VisualCogB_Task-2.mat,B,Task-2,98,L,0,-1,0,0.3920446,True
Pooled,time_plus_spectral,A,VisualCogB_Task-2.mat,B,Task-2,99,R,1,-1,0,0.47673737,False
Pooled,time_plus_spectral,A,VisualCogB_Task-2.mat,B,Task-2,100,L,0,-1,1,0.58526248,False
Pooled,time_plus_spectral,B,VisualCogA_Task-1.mat,A,Task-1,1,L,0,-1,1,0.55813959,False
Pooled,time_plus_spectral,B,VisualCogA_Task-1.mat,A,Task-1,2,R,1,-1,1,0.54587306,True
Pooled,time_plus_spectral,B,VisualCogA_Task-1.mat,A,Task-1,4,L,0,-1,1,0.59947498,False
Pooled,time_plus_spectral,B,VisualCogA_Task-1.mat,A,Task-1,5,R,1,-1,0,0.47971152,False
Pooled,time_plus_spectral,B,VisualCogA_Task-1.mat,A,Task-1,6,L,0,-1,1,0.64944347,False
Pooled,time_plus_spectral,B,VisualCogA_Task-1.mat,A,Task-1,7,L,0,-1,1,0.56665189,False
Pooled,time_plus_spectral,B,VisualCogA_Task-1.mat,A,Task-1,8,L,0,-1,0,0.43968194,True
Pooled,time_plus_spectral,B,VisualCogA_Task-1.mat,A,Task-1,9,R,1,-1,1,0.67407284,True
Pooled,time_plus_spectral,B,VisualCogA_Task-1.mat,A,Task-1,10,R,1,-1,1,0.51116154,True
Pooled,time_plus_spectral,B,VisualCogA_Task-1.mat,A,Task-1,11,R,1,-1,1,0.50746966,True
Pooled,time_plus_spectral,B,VisualCogA_Task-1.mat,A,Task-1,12,R,1,-1,1,0.53902346,True
Pooled,time_plus_spectral,B,VisualCogA_Task-1.mat,A,Task-1,13,L,0,-1,1,0.60514216,False
Pooled,time_plus_spectral,B,VisualCogA_Task-1.mat,A,Task-1,15,R,1,-1,0,0.38694363,False
Pooled,time_plus_spectral,B,VisualCogA_Task-1.mat,A,Task-1,16,L,0,-1,0,0.41955729,True
Pooled,time_plus_spectral,B,VisualCogA_Task-1.mat,A,Task-1,17,R,1,-1,0,0.44584469,False
Pooled,time_plus_spectral,B,VisualCogA_Task-1.mat,A,Task-1,18,L,0,-1,1,0.63305293,False
Pooled,time_plus_spectral,B,VisualCogA_Task-1.mat,A,Task-1,19,L,0,-1,1,0.53798065,False
Pooled,time_plus_spectral,B,VisualCogA_Task-1.mat,A,Task-1,21,L,0,-1,1,0.64971173,False
Pooled,time_plus_spectral,B,VisualCogA_Task-1.mat,A,Task-1,23,R,1,-1,1,0.50017274,True
Pooled,time_plus_spectral,B,VisualCogA_Task-1.mat,A,Task-1,24,L,0,-1,0,0.32802129,True
Pooled,time_plus_spectral,B,VisualCogA_Task-1.mat,A,Task-1,25,L,0,-1,1,0.521367,False
Pooled,time_plus_spectral,B,VisualCogA_Task-1.mat,A,Task-1,26,R,1,-1,0,0.32804359,False
Pooled,time_plus_spectral,B,VisualCogA_Task-1.mat,A,Task-1,28,L,0,-1,0,0.42235095,True
Pooled,time_plus_spectral,B,VisualCogA_Task-1.mat,A,Task-1,29,L,0,-1,0,0.49789531,True
Pooled,time_plus_spectral,B,VisualCogA_Task-1.mat,A,Task-1,30,L,0,-1,1,0.66088574,False
Pooled,time_plus_spectral,B,VisualCogA_Task-1.mat,A,Task-1,31,L,0,-1,1,0.55000447,False
Pooled,time_plus_spectral,B,VisualCogA_Task-1.mat,A,Task-1,32,R,1,-1,0,0.42917056,False
Pooled,time_plus_spectral,B,VisualCogA_Task-1.mat,A,Task-1,33,R,1,-1,1,0.68264834,True
Pooled,time_plus_spectral,B,VisualCogA_Task-1.mat,A,Task-1,34,L,0,-1,0,0.49709728,True
Pooled,time_plus_spectral,B,VisualCogA_Task-1.mat,A,Task-1,35,R,1,-1,1,0.59090074,True
Pooled,time_plus_spectral,B,VisualCogA_Task-1.mat,A,Task-1,38,L,0,-1,1,0.61301573,False
Pooled,time_plus_spectral,B,VisualCogA_Task-1.mat,A,Task-1,42,R,1,-1,1,0.63295823,True
Pooled,time_plus_spectral,B,VisualCogA_Task-1.mat,A,Task-1,43,L,0,-1,1,0.60269475,False
Pooled,time_plus_spectral,B,VisualCogA_Task-1.mat,A,Task-1,44,R,1,-1,1,0.66087357,True
Pooled,time_plus_spectral,B,VisualCogA_Task-1.mat,A,Task-1,45,L,0,-1,1,0.69040075,False
Pooled,time_plus_spectral,B,VisualCogA_Task-1.mat,A,Task-1,47,L,0,-1,1,0.53453259,False
Pooled,time_plus_spectral,B,VisualCogA_Task-1.mat,A,Task-1,48,R,1,-1,1,0.66611304,True
Pooled,time_plus_spectral,B,VisualCogA_Task-1.mat,A,Task-1,49,L,0,-1,1,0.56226702,False
Pooled,time_plus_spectral,B,VisualCogA_Task-1.mat,A,Task-1,50,L,0,-1,0,0.49631536,True
Pooled,time_plus_spectral,B,VisualCogA_Task-1.mat,A,Task-1,51,R,1,-1,0,0.37941354,False
Pooled,time_plus_spectral,B,VisualCogA_Task-1.mat,A,Task-1,52,R,1,-1,1,0.56199436,True
Pooled,time_plus_spectral,B,VisualCogA_Task-1.mat,A,Task-1,54,L,0,-1,1,0.57211917,False
Pooled,time_plus_spectral,B,VisualCogA_Task-1.mat,A,Task-1,55,R,1,-1,0,0.45525104,False
Pooled,time_plus_spectral,B,VisualCogA_Task-1.mat,A,Task-1,56,L,0,-1,1,0.51337103,False
Pooled,time_plus_spectral,B,VisualCogA_Task-1.mat,A,Task-1,57,L,0,-1,1,0.53466893,False
Pooled,time_plus_spectral,B,VisualCogA_Task-1.mat,A,Task-1,58,R,1,-1,1,0.55230622,True
Pooled,time_plus_spectral,B,VisualCogA_Task-1.mat,A,Task-1,59,R,1,-1,1,0.59696294,True
Pooled,time_plus_spectral,B,VisualCogA_Task-1.mat,A,Task-1,61,R,1,-1,0,0.37655447,False
Pooled,time_plus_spectral,B,VisualCogA_Task-1.mat,A,Task-1,62,L,0,-1,1,0.56444147,False
Pooled,time_plus_spectral,B,VisualCogA_Task-1.mat,A,Task-1,63,R,1,-1,1,0.53932588,True
Pooled,time_plus_spectral,B,VisualCogA_Task-1.mat,A,Task-1,64,R,1,-1,1,0.51040636,True
Pooled,time_plus_spectral,B,VisualCogA_Task-1.mat,A,Task-1,65,L,0,-1,1,0.70112509,False
Pooled,time_plus_spectral,B,VisualCogA_Task-1.mat,A,Task-1,66,R,1,-1,1,0.61490803,True
Pooled,time_plus_spectral,B,VisualCogA_Task-1.mat,A,Task-1,67,L,0,-1,1,0.66644278,False
Pooled,time_plus_spectral,B,VisualCogA_Task-1.mat,A,Task-1,68,L,0,-1,1,0.64196867,False
Pooled,time_plus_spectral,B,VisualCogA_Task-1.mat,A,Task-1,69,R,1,-1,1,0.56196592,True
Pooled,time_plus_spectral,B,VisualCogA_Task-1.mat,A,Task-1,70,R,1,-1,1,0.52362072,True
Pooled,time_plus_spectral,B,VisualCogA_Task-1.mat,A,Task-1,71,L,0,-1,1,0.63498299,False
Pooled,time_plus_spectral,B,VisualCogA_Task-1.mat,A,Task-1,72,R,1,-1,0,0.49871158,False
Pooled,time_plus_spectral,B,VisualCogA_Task-1.mat,A,Task-1,73,L,0,-1,1,0.55493507,False
Pooled,time_plus_spectral,B,VisualCogA_Task-1.mat,A,Task-1,74,R,1,-1,0,0.47870816,False
Pooled,time_plus_spectral,B,VisualCogA_Task-1.mat,A,Task-1,75,L,0,-1,0,0.4770181,True
Pooled,time_plus_spectral,B,VisualCogA_Task-1.mat,A,Task-1,76,R,1,-1,1,0.51319953,True
Pooled,time_plus_spectral,B,VisualCogA_Task-1.mat,A,Task-1,78,L,0,-1,0,0.44990857,True
Pooled,time_plus_spectral,B,VisualCogA_Task-1.mat,A,Task-1,79,L,0,-1,1,0.50345727,False
Pooled,time_plus_spectral,B,VisualCogA_Task-1.mat,A,Task-1,80,L,0,-1,1,0.64265331,False
Pooled,time_plus_spectral,B,VisualCogA_Task-1.mat,A,Task-1,81,L,0,-1,1,0.5838845,False
Pooled,time_plus_spectral,B,VisualCogA_Task-1.mat,A,Task-1,82,R,1,-1,1,0.52949478,True
Pooled,time_plus_spectral,B,VisualCogA_Task-1.mat,A,Task-1,83,L,0,-1,1,0.55966142,False
Pooled,time_plus_spectral,B,VisualCogA_Task-1.mat,A,Task-1,84,R,1,-1,1,0.69670432,True
Pooled,time_plus_spectral,B,VisualCogA_Task-1.mat,A,Task-1,85,L,0,-1,1,0.59707359,False
Pooled,time_plus_spectral,B,VisualCogA_Task-1.mat,A,Task-1,86,R,1,-1,1,0.53783974,True
Pooled,time_plus_spectral,B,VisualCogA_Task-1.mat,A,Task-1,87,R,1,-1,1,0.58319709,True
Pooled,time_plus_spectral,B,VisualCogA_Task-1.mat,A,Task-1,89,R,1,-1,1,0.61983888,True
Pooled,time_plus_spectral,B,VisualCogA_Task-1.mat,A,Task-1,90,R,1,-1,1,0.56132342,True
Pooled,time_plus_spectral,B,VisualCogA_Task-1.mat,A,Task-1,91,L,0,-1,1,0.59480887,False
Pooled,time_plus_spectral,B,VisualCogA_Task-1.mat,A,Task-1,92,R,1,-1,1,0.57244493,True
Pooled,time_plus_spectral,B,VisualCogA_Task-1.mat,A,Task-1,93,R,1,-1,1,0.57227662,True
Pooled,time_plus_spectral,B,VisualCogA_Task-1.mat,A,Task-1,94,R,1,-1,1,0.55509852,True
Pooled,time_plus_spectral,B,VisualCogA_Task-1.mat,A,Task-1,95,L,0,-1,1,0.55166599,False
Pooled,time_plus_spectral,B,VisualCogA_Task-1.mat,A,Task-1,96,R,1,-1,1,0.67187179,True
Pooled,time_plus_spectral,B,VisualCogA_Task-1.mat,A,Task-1,97,R,1,-1,1,0.55084863,True
Pooled,time_plus_spectral,B,VisualCogA_Task-1.mat,A,Task-1,98,L,0,-1,0,0.45420444,True
Pooled,time_plus_spectral,B,VisualCogA_Task-1.mat,A,Task-1,99,L,0,-1,1,0.65112143,False
Pooled,time_plus_spectral,B,VisualCogA_Task-1.mat,A,Task-1,100,R,1,-1,1,0.69671588,True
Pooled,time_plus_spectral,B,VisualCogA_Task-2.mat,A,Task-2,1,R,1,-1,1,0.50197606,True
Pooled,time_plus_spectral,B,VisualCogA_Task-2.mat,A,Task-2,2,L,0,-1,1,0.58724247,False
Pooled,time_plus_spectral,B,VisualCogA_Task-2.mat,A,Task-2,3,L,0,-1,0,0.34422872,True
Pooled,time_plus_spectral,B,VisualCogA_Task-2.mat,A,Task-2,4,L,0,-1,1,0.52192229,False
Pooled,time_plus_spectral,B,VisualCogA_Task-2.mat,A,Task-2,5,R,1,-1,1,0.60607025,True
Pooled,time_plus_spectral,B,VisualCogA_Task-2.mat,A,Task-2,6,L,0,-1,1,0.60620119,False
Pooled,time_plus_spectral,B,VisualCogA_Task-2.mat,A,Task-2,7,R,1,-1,1,0.51403486,True
Pooled,time_plus_spectral,B,VisualCogA_Task-2.mat,A,Task-2,8,R,1,-1,1,0.54875419,True
Pooled,time_plus_spectral,B,VisualCogA_Task-2.mat,A,Task-2,9,L,0,-1,1,0.7451992,False
Pooled,time_plus_spectral,B,VisualCogA_Task-2.mat,A,Task-2,10,L,0,-1,1,0.52061587,False
Pooled,time_plus_spectral,B,VisualCogA_Task-2.mat,A,Task-2,11,R,1,-1,1,0.58085239,True
Pooled,time_plus_spectral,B,VisualCogA_Task-2.mat,A,Task-2,12,R,1,-1,1,0.51912214,True
Pooled,time_plus_spectral,B,VisualCogA_Task-2.mat,A,Task-2,13,R,1,-1,1,0.53253532,True
Pooled,time_plus_spectral,B,VisualCogA_Task-2.mat,A,Task-2,14,L,0,-1,1,0.56224078,False
Pooled,time_plus_spectral,B,VisualCogA_Task-2.mat,A,Task-2,15,L,0,-1,0,0.35074436,True
Pooled,time_plus_spectral,B,VisualCogA_Task-2.mat,A,Task-2,16,L,0,-1,1,0.58826254,False
Pooled,time_plus_spectral,B,VisualCogA_Task-2.mat,A,Task-2,17,R,1,-1,0,0.33372701,False
Pooled,time_plus_spectral,B,VisualCogA_Task-2.mat,A,Task-2,18,R,1,-1,1,0.64829424,True
Pooled,time_plus_spectral,B,VisualCogA_Task-2.mat,A,Task-2,19,L,0,-1,0,0.45201952,True
Pooled,time_plus_spectral,B,VisualCogA_Task-2.mat,A,Task-2,20,L,0,-1,1,0.59755215,False
Pooled,time_plus_spectral,B,VisualCogA_Task-2.mat,A,Task-2,21,R,1,-1,0,0.46001725,False
Pooled,time_plus_spectral,B,VisualCogA_Task-2.mat,A,Task-2,22,L,0,-1,1,0.64305669,False
Pooled,time_plus_spectral,B,VisualCogA_Task-2.mat,A,Task-2,23,R,1,-1,0,0.45700812,False
Pooled,time_plus_spectral,B,VisualCogA_Task-2.mat,A,Task-2,24,R,1,-1,1,0.56853299,True
Pooled,time_plus_spectral,B,VisualCogA_Task-2.mat,A,Task-2,25,L,0,-1,1,0.57141839,False
Pooled,time_plus_spectral,B,VisualCogA_Task-2.mat,A,Task-2,26,L,0,-1,0,0.43864133,True
Pooled,time_plus_spectral,B,VisualCogA_Task-2.mat,A,Task-2,27,R,1,-1,1,0.53680994,True
Pooled,time_plus_spectral,B,VisualCogA_Task-2.mat,A,Task-2,28,R,1,-1,1,0.58971655,True
Pooled,time_plus_spectral,B,VisualCogA_Task-2.mat,A,Task-2,29,R,1,-1,1,0.54236193,True
Pooled,time_plus_spectral,B,VisualCogA_Task-2.mat,A,Task-2,31,L,0,-1,0,0.43543526,True
Pooled,time_plus_spectral,B,VisualCogA_Task-2.mat,A,Task-2,32,L,0,-1,0,0.49536395,True
Pooled,time_plus_spectral,B,VisualCogA_Task-2.mat,A,Task-2,34,L,0,-1,1,0.61487635,False
Pooled,time_plus_spectral,B,VisualCogA_Task-2.mat,A,Task-2,35,L,0,-1,0,0.42529732,True
Pooled,time_plus_spectral,B,VisualCogA_Task-2.mat,A,Task-2,36,R,1,-1,1,0.50757836,True
Pooled,time_plus_spectral,B,VisualCogA_Task-2.mat,A,Task-2,37,R,1,-1,0,0.32807031,False
Pooled,time_plus_spectral,B,VisualCogA_Task-2.mat,A,Task-2,38,L,0,-1,0,0.47317841,True
Pooled,time_plus_spectral,B,VisualCogA_Task-2.mat,A,Task-2,40,L,0,-1,1,0.51514946,False
Pooled,time_plus_spectral,B,VisualCogA_Task-2.mat,A,Task-2,42,L,0,-1,0,0.23608591,True
Pooled,time_plus_spectral,B,VisualCogA_Task-2.mat,A,Task-2,43,L,0,-1,0,0.49266481,True
Pooled,time_plus_spectral,B,VisualCogA_Task-2.mat,A,Task-2,44,L,0,-1,1,0.55048006,False
Pooled,time_plus_spectral,B,VisualCogA_Task-2.mat,A,Task-2,46,L,0,-1,1,0.60751084,False
Pooled,time_plus_spectral,B,VisualCogA_Task-2.mat,A,Task-2,47,L,0,-1,1,0.54872549,False
Pooled,time_plus_spectral,B,VisualCogA_Task-2.mat,A,Task-2,48,L,0,-1,1,0.50425053,False
Pooled,time_plus_spectral,B,VisualCogA_Task-2.mat,A,Task-2,49,R,1,-1,0,0.46690314,False
Pooled,time_plus_spectral,B,VisualCogA_Task-2.mat,A,Task-2,50,R,1,-1,0,0.37988085,False
Pooled,time_plus_spectral,B,VisualCogA_Task-2.mat,A,Task-2,51,L,0,-1,1,0.5433599,False
Pooled,time_plus_spectral,B,VisualCogA_Task-2.mat,A,Task-2,52,R,1,-1,1,0.51921502,True
Pooled,time_plus_spectral,B,VisualCogA_Task-2.mat,A,Task-2,53,R,1,-1,0,0.44044076,False
Pooled,time_plus_spectral,B,VisualCogA_Task-2.mat,A,Task-2,54,L,0,-1,1,0.55619683,False
Pooled,time_plus_spectral,B,VisualCogA_Task-2.mat,A,Task-2,55,L,0,-1,0,0.43087217,True
Pooled,time_plus_spectral,B,VisualCogA_Task-2.mat,A,Task-2,56,R,1,-1,1,0.62853626,True
Pooled,time_plus_spectral,B,VisualCogA_Task-2.mat,A,Task-2,57,R,1,-1,0,0.32745819,False
Pooled,time_plus_spectral,B,VisualCogA_Task-2.mat,A,Task-2,58,R,1,-1,1,0.59085894,True
Pooled,time_plus_spectral,B,VisualCogA_Task-2.mat,A,Task-2,59,R,1,-1,1,0.57619288,True
Pooled,time_plus_spectral,B,VisualCogA_Task-2.mat,A,Task-2,60,R,1,-1,1,0.53247319,True
Pooled,time_plus_spectral,B,VisualCogA_Task-2.mat,A,Task-2,61,L,0,-1,0,0.44707374,True
Pooled,time_plus_spectral,B,VisualCogA_Task-2.mat,A,Task-2,62,R,1,-1,0,0.48113043,False
Pooled,time_plus_spectral,B,VisualCogA_Task-2.mat,A,Task-2,64,L,0,-1,1,0.52575754,False
Pooled,time_plus_spectral,B,VisualCogA_Task-2.mat,A,Task-2,65,R,1,-1,1,0.59735458,True
Pooled,time_plus_spectral,B,VisualCogA_Task-2.mat,A,Task-2,66,L,0,-1,1,0.5397964,False
Pooled,time_plus_spectral,B,VisualCogA_Task-2.mat,A,Task-2,67,R,1,-1,1,0.52310253,True
Pooled,time_plus_spectral,B,VisualCogA_Task-2.mat,A,Task-2,68,R,1,-1,1,0.69692594,True
Pooled,time_plus_spectral,B,VisualCogA_Task-2.mat,A,Task-2,69,L,0,-1,0,0.42498788,True
Pooled,time_plus_spectral,B,VisualCogA_Task-2.mat,A,Task-2,70,L,0,-1,1,0.73210894,False
Pooled,time_plus_spectral,B,VisualCogA_Task-2.mat,A,Task-2,71,R,1,-1,0,0.46551344,False
Pooled,time_plus_spectral,B,VisualCogA_Task-2.mat,A,Task-2,72,R,1,-1,0,0.3267539,False
Pooled,time_plus_spectral,B,VisualCogA_Task-2.mat,A,Task-2,73,R,1,-1,1,0.54807412,True
Pooled,time_plus_spectral,B,VisualCogA_Task-2.mat,A,Task-2,74,R,1,-1,1,0.60926442,True
Pooled,time_plus_spectral,B,VisualCogA_Task-2.mat,A,Task-2,75,L,0,-1,1,0.58864398,False
Pooled,time_plus_spectral,B,VisualCogA_Task-2.mat,A,Task-2,76,L,0,-1,0,0.2774365,True
Pooled,time_plus_spectral,B,VisualCogA_Task-2.mat,A,Task-2,77,L,0,-1,1,0.63232145,False
Pooled,time_plus_spectral,B,VisualCogA_Task-2.mat,A,Task-2,78,R,1,-1,1,0.50558926,True
Pooled,time_plus_spectral,B,VisualCogA_Task-2.mat,A,Task-2,79,L,0,-1,0,0.47129614,True
Pooled,time_plus_spectral,B,VisualCogA_Task-2.mat,A,Task-2,81,L,0,-1,0,0.46485571,True
Pooled,time_plus_spectral,B,VisualCogA_Task-2.mat,A,Task-2,82,R,1,-1,0,0.41891197,False
Pooled,time_plus_spectral,B,VisualCogA_Task-2.mat,A,Task-2,83,R,1,-1,0,0.47525229,False
Pooled,time_plus_spectral,B,VisualCogA_Task-2.mat,A,Task-2,84,L,0,-1,1,0.5514652,False
Pooled,time_plus_spectral,B,VisualCogA_Task-2.mat,A,Task-2,85,R,1,-1,1,0.51313858,True
Pooled,time_plus_spectral,B,VisualCogA_Task-2.mat,A,Task-2,87,L,0,-1,1,0.50119929,False
Pooled,time_plus_spectral,B,VisualCogA_Task-2.mat,A,Task-2,88,R,1,-1,0,0.47927755,False
Pooled,time_plus_spectral,B,VisualCogA_Task-2.mat,A,Task-2,89,L,0,-1,1,0.52839568,False
Pooled,time_plus_spectral,B,VisualCogA_Task-2.mat,A,Task-2,90,L,0,-1,1,0.54184729,False
Pooled,time_plus_spectral,B,VisualCogA_Task-2.mat,A,Task-2,91,L,0,-1,0,0.38401377,True
Pooled,time_plus_spectral,B,VisualCogA_Task-2.mat,A,Task-2,92,L,0,-1,0,0.48769466,True
Pooled,time_plus_spectral,B,VisualCogA_Task-2.mat,A,Task-2,93,R,1,-1,1,0.57861799,True
Pooled,time_plus_spectral,B,VisualCogA_Task-2.mat,A,Task-2,94,L,0,-1,0,0.27420079,True
Pooled,time_plus_spectral,B,VisualCogA_Task-2.mat,A,Task-2,95,L,0,-1,1,0.53114071,False
Pooled,time_plus_spectral,B,VisualCogA_Task-2.mat,A,Task-2,96,L,0,-1,0,0.47149221,True
Pooled,time_plus_spectral,B,VisualCogA_Task-2.mat,A,Task-2,97,L,0,-1,0,0.38680879,True
Pooled,time_plus_spectral,B,VisualCogA_Task-2.mat,A,Task-2,98,L,0,-1,0,0.4617481,True
Pooled,time_plus_spectral,B,VisualCogA_Task-2.mat,A,Task-2,99,L,0,-1,0,0.43307552,True
Pooled,time_plus_spectral,B,VisualCogA_Task-2.mat,A,Task-2,100,L,0,-1,1,0.58685161,False
Pooled,full_multichannel,A,VisualCogB_Task-1.mat,B,Task-1,1,L,0,-1,1,0.67864288,False
Pooled,full_multichannel,A,VisualCogB_Task-1.mat,B,Task-1,2,L,0,-1,0,0.21832688,True
Pooled,full_multichannel,A,VisualCogB_Task-1.mat,B,Task-1,3,R,1,-1,1,0.58684737,True
Pooled,full_multichannel,A,VisualCogB_Task-1.mat,B,Task-1,4,L,0,-1,1,0.65745809,False
Pooled,full_multichannel,A,VisualCogB_Task-1.mat,B,Task-1,5,R,1,-1,0,0.39220627,False
Pooled,full_multichannel,A,VisualCogB_Task-1.mat,B,Task-1,6,R,1,-1,0,0.35299229,False
Pooled,full_multichannel,A,VisualCogB_Task-1.mat,B,Task-1,7,R,1,-1,0,0.39842397,False
Pooled,full_multichannel,A,VisualCogB_Task-1.mat,B,Task-1,8,L,0,-1,0,0.16232691,True
Pooled,full_multichannel,A,VisualCogB_Task-1.mat,B,Task-1,9,L,0,-1,0,0.46230555,True
Pooled,full_multichannel,A,VisualCogB_Task-1.mat,B,Task-1,10,L,0,-1,0,0.42263758,True
Pooled,full_multichannel,A,VisualCogB_Task-1.mat,B,Task-1,11,R,1,-1,0,0.17732489,False
Pooled,full_multichannel,A,VisualCogB_Task-1.mat,B,Task-1,12,L,0,-1,1,0.58132576,False
Pooled,full_multichannel,A,VisualCogB_Task-1.mat,B,Task-1,13,R,1,-1,0,0.38680348,False
Pooled,full_multichannel,A,VisualCogB_Task-1.mat,B,Task-1,15,L,0,-1,0,0.18747205,True
Pooled,full_multichannel,A,VisualCogB_Task-1.mat,B,Task-1,16,R,1,-1,1,0.55651741,True
Pooled,full_multichannel,A,VisualCogB_Task-1.mat,B,Task-1,17,L,0,-1,1,0.68294839,False
Pooled,full_multichannel,A,VisualCogB_Task-1.mat,B,Task-1,18,L,0,-1,1,0.59691726,False
Pooled,full_multichannel,A,VisualCogB_Task-1.mat,B,Task-1,19,R,1,-1,0,0.46218575,False
Pooled,full_multichannel,A,VisualCogB_Task-1.mat,B,Task-1,20,L,0,-1,1,0.72891092,False
Pooled,full_multichannel,A,VisualCogB_Task-1.mat,B,Task-1,21,R,1,-1,0,0.12640369,False
Pooled,full_multichannel,A,VisualCogB_Task-1.mat,B,Task-1,22,R,1,-1,1,0.51618346,True
Pooled,full_multichannel,A,VisualCogB_Task-1.mat,B,Task-1,24,R,1,-1,1,0.91897784,True
Pooled,full_multichannel,A,VisualCogB_Task-1.mat,B,Task-1,26,R,1,-1,0,0.38760597,False
Pooled,full_multichannel,A,VisualCogB_Task-1.mat,B,Task-1,27,R,1,-1,1,0.59138137,True
Pooled,full_multichannel,A,VisualCogB_Task-1.mat,B,Task-1,28,R,1,-1,0,0.27678272,False
Pooled,full_multichannel,A,VisualCogB_Task-1.mat,B,Task-1,29,R,1,-1,1,0.52065749,True
Pooled,full_multichannel,A,VisualCogB_Task-1.mat,B,Task-1,30,L,0,-1,0,0.47439798,True
Pooled,full_multichannel,A,VisualCogB_Task-1.mat,B,Task-1,31,R,1,-1,0,0.46723281,False
Pooled,full_multichannel,A,VisualCogB_Task-1.mat,B,Task-1,32,L,0,-1,1,0.61153531,False
Pooled,full_multichannel,A,VisualCogB_Task-1.mat,B,Task-1,33,L,0,-1,0,0.45730554,True
Pooled,full_multichannel,A,VisualCogB_Task-1.mat,B,Task-1,34,R,1,-1,1,0.58269786,True
Pooled,full_multichannel,A,VisualCogB_Task-1.mat,B,Task-1,35,L,0,-1,1,0.63946833,False
Pooled,full_multichannel,A,VisualCogB_Task-1.mat,B,Task-1,37,L,0,-1,1,0.54809518,False
Pooled,full_multichannel,A,VisualCogB_Task-1.mat,B,Task-1,38,L,0,-1,1,0.54717105,False
Pooled,full_multichannel,A,VisualCogB_Task-1.mat,B,Task-1,39,R,1,-1,1,0.50603659,True
Pooled,full_multichannel,A,VisualCogB_Task-1.mat,B,Task-1,40,R,1,-1,0,0.37861584,False
Pooled,full_multichannel,A,VisualCogB_Task-1.mat,B,Task-1,41,L,0,-1,1,0.53485331,False
Pooled,full_multichannel,A,VisualCogB_Task-1.mat,B,Task-1,42,R,1,-1,0,0.17637343,False
Pooled,full_multichannel,A,VisualCogB_Task-1.mat,B,Task-1,43,R,1,-1,1,0.54452006,True
Pooled,full_multichannel,A,VisualCogB_Task-1.mat,B,Task-1,44,R,1,-1,0,0.43943537,False
Pooled,full_multichannel,A,VisualCogB_Task-1.mat,B,Task-1,45,R,1,-1,1,0.52659135,True
Pooled,full_multichannel,A,VisualCogB_Task-1.mat,B,Task-1,47,L,0,-1,0,0.35511125,True
Pooled,full_multichannel,A,VisualCogB_Task-1.mat,B,Task-1,48,R,1,-1,0,0.41713476,False
Pooled,full_multichannel,A,VisualCogB_Task-1.mat,B,Task-1,49,R,1,-1,0,0.26619537,False
Pooled,full_multichannel,A,VisualCogB_Task-1.mat,B,Task-1,51,R,1,-1,1,0.67231317,True
Pooled,full_multichannel,A,VisualCogB_Task-1.mat,B,Task-1,52,L,0,-1,1,0.58279117,False
Pooled,full_multichannel,A,VisualCogB_Task-1.mat,B,Task-1,53,R,1,-1,1,0.53791176,True
Pooled,full_multichannel,A,VisualCogB_Task-1.mat,B,Task-1,55,R,1,-1,1,0.58482868,True
Pooled,full_multichannel,A,VisualCogB_Task-1.mat,B,Task-1,56,L,0,-1,1,0.57300259,False
Pooled,full_multichannel,A,VisualCogB_Task-1.mat,B,Task-1,57,R,1,-1,1,0.92019601,True
Pooled,full_multichannel,A,VisualCogB_Task-1.mat,B,Task-1,58,R,1,-1,0,0.1555656,False
Pooled,full_multichannel,A,VisualCogB_Task-1.mat,B,Task-1,59,R,1,-1,1,0.66219914,True
Pooled,full_multichannel,A,VisualCogB_Task-1.mat,B,Task-1,60,R,1,-1,0,0.28569518,False
Pooled,full_multichannel,A,VisualCogB_Task-1.mat,B,Task-1,61,L,0,-1,1,0.55938383,False
Pooled,full_multichannel,A,VisualCogB_Task-1.mat,B,Task-1,62,L,0,-1,0,0.27368575,True
Pooled,full_multichannel,A,VisualCogB_Task-1.mat,B,Task-1,63,R,1,-1,0,0.2366232,False
Pooled,full_multichannel,A,VisualCogB_Task-1.mat,B,Task-1,64,L,0,-1,0,0.45669159,True
Pooled,full_multichannel,A,VisualCogB_Task-1.mat,B,Task-1,65,L,0,-1,0,0.43899675,True
Pooled,full_multichannel,A,VisualCogB_Task-1.mat,B,Task-1,66,L,0,-1,1,0.76097676,False
Pooled,full_multichannel,A,VisualCogB_Task-1.mat,B,Task-1,67,R,1,-1,1,0.60536861,True
Pooled,full_multichannel,A,VisualCogB_Task-1.mat,B,Task-1,68,R,1,-1,0,0.39247343,False
Pooled,full_multichannel,A,VisualCogB_Task-1.mat,B,Task-1,69,L,0,-1,0,0.29971309,True
Pooled,full_multichannel,A,VisualCogB_Task-1.mat,B,Task-1,70,L,0,-1,1,0.74570531,False
Pooled,full_multichannel,A,VisualCogB_Task-1.mat,B,Task-1,71,R,1,-1,0,0.4013264,False
Pooled,full_multichannel,A,VisualCogB_Task-1.mat,B,Task-1,72,R,1,-1,1,0.82442794,True
Pooled,full_multichannel,A,VisualCogB_Task-1.mat,B,Task-1,73,L,0,-1,0,0.49025221,True
Pooled,full_multichannel,A,VisualCogB_Task-1.mat,B,Task-1,74,L,0,-1,0,0.27689032,True
Pooled,full_multichannel,A,VisualCogB_Task-1.mat,B,Task-1,75,R,1,-1,0,0.45101835,False
Pooled,full_multichannel,A,VisualCogB_Task-1.mat,B,Task-1,76,L,0,-1,0,0.1029197,True
Pooled,full_multichannel,A,VisualCogB_Task-1.mat,B,Task-1,77,L,0,-1,0,0.42248304,True
Pooled,full_multichannel,A,VisualCogB_Task-1.mat,B,Task-1,79,R,1,-1,1,0.54253176,True
Pooled,full_multichannel,A,VisualCogB_Task-1.mat,B,Task-1,80,L,0,-1,0,0.46179409,True
Pooled,full_multichannel,A,VisualCogB_Task-1.mat,B,Task-1,81,L,0,-1,1,0.54555551,False
Pooled,full_multichannel,A,VisualCogB_Task-1.mat,B,Task-1,82,R,1,-1,0,0.45310096,False
Pooled,full_multichannel,A,VisualCogB_Task-1.mat,B,Task-1,83,L,0,-1,0,0.21543948,True
Pooled,full_multichannel,A,VisualCogB_Task-1.mat,B,Task-1,84,L,0,-1,1,0.51385061,False
Pooled,full_multichannel,A,VisualCogB_Task-1.mat,B,Task-1,85,R,1,-1,1,0.81872178,True
Pooled,full_multichannel,A,VisualCogB_Task-1.mat,B,Task-1,86,L,0,-1,0,0.20370338,True
Pooled,full_multichannel,A,VisualCogB_Task-1.mat,B,Task-1,87,L,0,-1,1,0.55215405,False
Pooled,full_multichannel,A,VisualCogB_Task-1.mat,B,Task-1,89,L,0,-1,0,0.19014335,True
Pooled,full_multichannel,A,VisualCogB_Task-1.mat,B,Task-1,90,L,0,-1,0,0.45376436,True
Pooled,full_multichannel,A,VisualCogB_Task-1.mat,B,Task-1,91,R,1,-1,0,0.44120501,False
Pooled,full_multichannel,A,VisualCogB_Task-1.mat,B,Task-1,93,L,0,-1,0,0.47691794,True
Pooled,full_multichannel,A,VisualCogB_Task-1.mat,B,Task-1,94,R,1,-1,0,0.26136863,False
Pooled,full_multichannel,A,VisualCogB_Task-1.mat,B,Task-1,95,L,0,-1,0,0.48197515,True
Pooled,full_multichannel,A,VisualCogB_Task-1.mat,B,Task-1,96,R,1,-1,1,0.56653843,True
Pooled,full_multichannel,A,VisualCogB_Task-1.mat,B,Task-1,97,L,0,-1,1,0.56504464,False
Pooled,full_multichannel,A,VisualCogB_Task-1.mat,B,Task-1,98,R,1,-1,1,0.55139142,True
Pooled,full_multichannel,A,VisualCogB_Task-1.mat,B,Task-1,99,R,1,-1,1,0.60838715,True
Pooled,full_multichannel,A,VisualCogB_Task-1.mat,B,Task-1,100,R,1,-1,0,0.4446923,False
Pooled,full_multichannel,A,VisualCogB_Task-2.mat,B,Task-2,1,L,0,-1,1,0.53758194,False
Pooled,full_multichannel,A,VisualCogB_Task-2.mat,B,Task-2,2,L,0,-1,1,0.52400242,False
Pooled,full_multichannel,A,VisualCogB_Task-2.mat,B,Task-2,3,L,0,-1,1,0.63922292,False
Pooled,full_multichannel,A,VisualCogB_Task-2.mat,B,Task-2,4,R,1,-1,1,0.51026825,True
Pooled,full_multichannel,A,VisualCogB_Task-2.mat,B,Task-2,5,L,0,-1,1,0.61103969,False
Pooled,full_multichannel,A,VisualCogB_Task-2.mat,B,Task-2,6,R,1,-1,1,0.65777079,True
Pooled,full_multichannel,A,VisualCogB_Task-2.mat,B,Task-2,7,R,1,-1,0,0.47628429,False
Pooled,full_multichannel,A,VisualCogB_Task-2.mat,B,Task-2,8,R,1,-1,1,0.57267233,True
Pooled,full_multichannel,A,VisualCogB_Task-2.mat,B,Task-2,9,R,1,-1,1,0.55133155,True
Pooled,full_multichannel,A,VisualCogB_Task-2.mat,B,Task-2,11,R,1,-1,1,0.60177004,True
Pooled,full_multichannel,A,VisualCogB_Task-2.mat,B,Task-2,12,R,1,-1,1,0.67122672,True
Pooled,full_multichannel,A,VisualCogB_Task-2.mat,B,Task-2,13,R,1,-1,1,0.51657625,True
Pooled,full_multichannel,A,VisualCogB_Task-2.mat,B,Task-2,15,R,1,-1,1,0.56882576,True
Pooled,full_multichannel,A,VisualCogB_Task-2.mat,B,Task-2,17,L,0,-1,0,0.38575343,True
Pooled,full_multichannel,A,VisualCogB_Task-2.mat,B,Task-2,18,R,1,-1,0,0.49027206,False
Pooled,full_multichannel,A,VisualCogB_Task-2.mat,B,Task-2,19,R,1,-1,0,0.40090248,False
Pooled,full_multichannel,A,VisualCogB_Task-2.mat,B,Task-2,20,L,0,-1,0,0.44465463,True
Pooled,full_multichannel,A,VisualCogB_Task-2.mat,B,Task-2,21,R,1,-1,0,0.47557035,False
Pooled,full_multichannel,A,VisualCogB_Task-2.mat,B,Task-2,22,R,1,-1,1,0.5218523,True
Pooled,full_multichannel,A,VisualCogB_Task-2.mat,B,Task-2,24,L,0,-1,0,0.47656911,True
Pooled,full_multichannel,A,VisualCogB_Task-2.mat,B,Task-2,25,L,0,-1,1,0.5336031,False
Pooled,full_multichannel,A,VisualCogB_Task-2.mat,B,Task-2,26,R,1,-1,0,0.32042035,False
Pooled,full_multichannel,A,VisualCogB_Task-2.mat,B,Task-2,27,L,0,-1,0,0.45089019,True
Pooled,full_multichannel,A,VisualCogB_Task-2.mat,B,Task-2,28,L,0,-1,0,0.47285037,True
Pooled,full_multichannel,A,VisualCogB_Task-2.mat,B,Task-2,29,L,0,-1,1,0.53238329,False
Pooled,full_multichannel,A,VisualCogB_Task-2.mat,B,Task-2,30,R,1,-1,0,0.32714023,False
Pooled,full_multichannel,A,VisualCogB_Task-2.mat,B,Task-2,31,R,1,-1,0,0.44870049,False
Pooled,full_multichannel,A,VisualCogB_Task-2.mat,B,Task-2,32,R,1,-1,1,0.51226265,True
Pooled,full_multichannel,A,VisualCogB_Task-2.mat,B,Task-2,33,R,1,-1,1,0.78796997,True
Pooled,full_multichannel,A,VisualCogB_Task-2.mat,B,Task-2,34,R,1,-1,1,0.5029353,True
Pooled,full_multichannel,A,VisualCogB_Task-2.mat,B,Task-2,35,L,0,-1,0,0.38468857,True
Pooled,full_multichannel,A,VisualCogB_Task-2.mat,B,Task-2,36,R,1,-1,1,0.55816596,True
Pooled,full_multichannel,A,VisualCogB_Task-2.mat,B,Task-2,37,L,0,-1,0,0.49617187,True
Pooled,full_multichannel,A,VisualCogB_Task-2.mat,B,Task-2,38,L,0,-1,0,0.41883483,True
Pooled,full_multichannel,A,VisualCogB_Task-2.mat,B,Task-2,39,R,1,-1,1,0.56963941,True
Pooled,full_multichannel,A,VisualCogB_Task-2.mat,B,Task-2,40,R,1,-1,1,0.58911414,True
Pooled,full_multichannel,A,VisualCogB_Task-2.mat,B,Task-2,41,R,1,-1,0,0.40866393,False
Pooled,full_multichannel,A,VisualCogB_Task-2.mat,B,Task-2,42,L,0,-1,1,0.65452859,False
Pooled,full_multichannel,A,VisualCogB_Task-2.mat,B,Task-2,44,R,1,-1,1,0.50413821,True
Pooled,full_multichannel,A,VisualCogB_Task-2.mat,B,Task-2,45,L,0,-1,1,0.50995913,False
Pooled,full_multichannel,A,VisualCogB_Task-2.mat,B,Task-2,46,L,0,-1,0,0.48530046,True
Pooled,full_multichannel,A,VisualCogB_Task-2.mat,B,Task-2,47,R,1,-1,0,0.35522474,False
Pooled,full_multichannel,A,VisualCogB_Task-2.mat,B,Task-2,48,L,0,-1,1,0.62570245,False
Pooled,full_multichannel,A,VisualCogB_Task-2.mat,B,Task-2,49,R,1,-1,1,0.5129001,True
Pooled,full_multichannel,A,VisualCogB_Task-2.mat,B,Task-2,51,L,0,-1,1,0.56680388,False
Pooled,full_multichannel,A,VisualCogB_Task-2.mat,B,Task-2,52,L,0,-1,0,0.32048777,True
Pooled,full_multichannel,A,VisualCogB_Task-2.mat,B,Task-2,53,R,1,-1,1,0.56250951,True
Pooled,full_multichannel,A,VisualCogB_Task-2.mat,B,Task-2,55,R,1,-1,1,0.59513211,True
Pooled,full_multichannel,A,VisualCogB_Task-2.mat,B,Task-2,58,L,0,-1,0,0.41851655,True
Pooled,full_multichannel,A,VisualCogB_Task-2.mat,B,Task-2,59,L,0,-1,0,0.48527022,True
Pooled,full_multichannel,A,VisualCogB_Task-2.mat,B,Task-2,60,L,0,-1,1,0.55530523,False
Pooled,full_multichannel,A,VisualCogB_Task-2.mat,B,Task-2,61,L,0,-1,0,0.4183392,True
Pooled,full_multichannel,A,VisualCogB_Task-2.mat,B,Task-2,62,R,1,-1,0,0.48320865,False
Pooled,full_multichannel,A,VisualCogB_Task-2.mat,B,Task-2,63,L,0,-1,1,0.5496535,False
Pooled,full_multichannel,A,VisualCogB_Task-2.mat,B,Task-2,64,L,0,-1,0,0.47009996,True
Pooled,full_multichannel,A,VisualCogB_Task-2.mat,B,Task-2,65,R,1,-1,1,0.50314285,True
Pooled,full_multichannel,A,VisualCogB_Task-2.mat,B,Task-2,66,R,1,-1,1,0.69844488,True
Pooled,full_multichannel,A,VisualCogB_Task-2.mat,B,Task-2,67,R,1,-1,0,0.45015921,False
Pooled,full_multichannel,A,VisualCogB_Task-2.mat,B,Task-2,68,R,1,-1,0,0.17633215,False
Pooled,full_multichannel,A,VisualCogB_Task-2.mat,B,Task-2,69,L,0,-1,1,0.62901667,False
Pooled,full_multichannel,A,VisualCogB_Task-2.mat,B,Task-2,70,L,0,-1,0,0.47404289,True
Pooled,full_multichannel,A,VisualCogB_Task-2.mat,B,Task-2,71,R,1,-1,1,0.52913441,True
Pooled,full_multichannel,A,VisualCogB_Task-2.mat,B,Task-2,72,R,1,-1,1,0.5959995,True
Pooled,full_multichannel,A,VisualCogB_Task-2.mat,B,Task-2,73,R,1,-1,0,0.22997758,False
Pooled,full_multichannel,A,VisualCogB_Task-2.mat,B,Task-2,74,L,0,-1,1,0.50158241,False
Pooled,full_multichannel,A,VisualCogB_Task-2.mat,B,Task-2,75,L,0,-1,0,0.23376792,True
Pooled,full_multichannel,A,VisualCogB_Task-2.mat,B,Task-2,76,R,1,-1,0,0.49167282,False
Pooled,full_multichannel,A,VisualCogB_Task-2.mat,B,Task-2,77,R,1,-1,0,0.47790656,False
Pooled,full_multichannel,A,VisualCogB_Task-2.mat,B,Task-2,78,L,0,-1,0,0.46783499,True
Pooled,full_multichannel,A,VisualCogB_Task-2.mat,B,Task-2,79,L,0,-1,1,0.55931562,False
Pooled,full_multichannel,A,VisualCogB_Task-2.mat,B,Task-2,80,L,0,-1,1,0.61234523,False
Pooled,full_multichannel,A,VisualCogB_Task-2.mat,B,Task-2,81,R,1,-1,0,0.46404753,False
Pooled,full_multichannel,A,VisualCogB_Task-2.mat,B,Task-2,83,R,1,-1,0,0.49290742,False
Pooled,full_multichannel,A,VisualCogB_Task-2.mat,B,Task-2,84,L,0,-1,1,0.53671808,False
Pooled,full_multichannel,A,VisualCogB_Task-2.mat,B,Task-2,86,R,1,-1,1,0.58706565,True
Pooled,full_multichannel,A,VisualCogB_Task-2.mat,B,Task-2,87,L,0,-1,0,0.45967201,True
Pooled,full_multichannel,A,VisualCogB_Task-2.mat,B,Task-2,88,R,1,-1,1,0.60915257,True
Pooled,full_multichannel,A,VisualCogB_Task-2.mat,B,Task-2,89,L,0,-1,1,0.59589147,False
Pooled,full_multichannel,A,VisualCogB_Task-2.mat,B,Task-2,90,R,1,-1,1,0.5843378,True
Pooled,full_multichannel,A,VisualCogB_Task-2.mat,B,Task-2,91,L,0,-1,1,0.53847065,False
Pooled,full_multichannel,A,VisualCogB_Task-2.mat,B,Task-2,92,L,0,-1,1,0.51378257,False
Pooled,full_multichannel,A,VisualCogB_Task-2.mat,B,Task-2,93,R,1,-1,0,0.48376104,False
Pooled,full_multichannel,A,VisualCogB_Task-2.mat,B,Task-2,94,L,0,-1,0,0.40151592,True
Pooled,full_multichannel,A,VisualCogB_Task-2.mat,B,Task-2,95,R,1,-1,0,0.46151282,False
Pooled,full_multichannel,A,VisualCogB_Task-2.mat,B,Task-2,96,R,1,-1,1,0.5510879,True
Pooled,full_multichannel,A,VisualCogB_Task-2.mat,B,Task-2,97,L,0,-1,0,0.49943474,True
Pooled,full_multichannel,A,VisualCogB_Task-2.mat,B,Task-2,98,L,0,-1,1,0.65871795,False
Pooled,full_multichannel,A,VisualCogB_Task-2.mat,B,Task-2,99,R,1,-1,1,0.53867889,True
Pooled,full_multichannel,A,VisualCogB_Task-2.mat,B,Task-2,100,L,0,-1,0,0.27803917,True
Pooled,full_multichannel,B,VisualCogA_Task-1.mat,A,Task-1,1,L,0,-1,1,0.60688737,False
Pooled,full_multichannel,B,VisualCogA_Task-1.mat,A,Task-1,2,R,1,-1,1,0.57783014,True
Pooled,full_multichannel,B,VisualCogA_Task-1.mat,A,Task-1,4,L,0,-1,1,0.56934646,False
Pooled,full_multichannel,B,VisualCogA_Task-1.mat,A,Task-1,5,R,1,-1,1,0.57771372,True
Pooled,full_multichannel,B,VisualCogA_Task-1.mat,A,Task-1,6,L,0,-1,0,0.4934692,True
Pooled,full_multichannel,B,VisualCogA_Task-1.mat,A,Task-1,7,L,0,-1,1,0.57653118,False
Pooled,full_multichannel,B,VisualCogA_Task-1.mat,A,Task-1,8,L,0,-1,0,0.41707404,True
Pooled,full_multichannel,B,VisualCogA_Task-1.mat,A,Task-1,9,R,1,-1,1,0.65984933,True
Pooled,full_multichannel,B,VisualCogA_Task-1.mat,A,Task-1,10,R,1,-1,1,0.60244111,True
Pooled,full_multichannel,B,VisualCogA_Task-1.mat,A,Task-1,11,R,1,-1,1,0.50916034,True
Pooled,full_multichannel,B,VisualCogA_Task-1.mat,A,Task-1,12,R,1,-1,0,0.48365068,False
Pooled,full_multichannel,B,VisualCogA_Task-1.mat,A,Task-1,13,L,0,-1,1,0.6089157,False
Pooled,full_multichannel,B,VisualCogA_Task-1.mat,A,Task-1,15,R,1,-1,0,0.37456322,False
Pooled,full_multichannel,B,VisualCogA_Task-1.mat,A,Task-1,16,L,0,-1,0,0.42215726,True
Pooled,full_multichannel,B,VisualCogA_Task-1.mat,A,Task-1,17,R,1,-1,1,0.51102872,True
Pooled,full_multichannel,B,VisualCogA_Task-1.mat,A,Task-1,18,L,0,-1,1,0.50538776,False
Pooled,full_multichannel,B,VisualCogA_Task-1.mat,A,Task-1,19,L,0,-1,0,0.47191989,True
Pooled,full_multichannel,B,VisualCogA_Task-1.mat,A,Task-1,21,L,0,-1,1,0.62015454,False
Pooled,full_multichannel,B,VisualCogA_Task-1.mat,A,Task-1,23,R,1,-1,0,0.44728003,False
Pooled,full_multichannel,B,VisualCogA_Task-1.mat,A,Task-1,24,L,0,-1,0,0.34367127,True
Pooled,full_multichannel,B,VisualCogA_Task-1.mat,A,Task-1,25,L,0,-1,1,0.52978878,False
Pooled,full_multichannel,B,VisualCogA_Task-1.mat,A,Task-1,26,R,1,-1,0,0.37410597,False
Pooled,full_multichannel,B,VisualCogA_Task-1.mat,A,Task-1,28,L,0,-1,0,0.46857169,True
Pooled,full_multichannel,B,VisualCogA_Task-1.mat,A,Task-1,29,L,0,-1,0,0.49257827,True
Pooled,full_multichannel,B,VisualCogA_Task-1.mat,A,Task-1,30,L,0,-1,1,0.60846364,False
Pooled,full_multichannel,B,VisualCogA_Task-1.mat,A,Task-1,31,L,0,-1,1,0.55214739,False
Pooled,full_multichannel,B,VisualCogA_Task-1.mat,A,Task-1,32,R,1,-1,0,0.4283022,False
Pooled,full_multichannel,B,VisualCogA_Task-1.mat,A,Task-1,33,R,1,-1,1,0.63618368,True
Pooled,full_multichannel,B,VisualCogA_Task-1.mat,A,Task-1,34,L,0,-1,0,0.49907203,True
Pooled,full_multichannel,B,VisualCogA_Task-1.mat,A,Task-1,35,R,1,-1,1,0.55669859,True
Pooled,full_multichannel,B,VisualCogA_Task-1.mat,A,Task-1,38,L,0,-1,1,0.52657909,False
Pooled,full_multichannel,B,VisualCogA_Task-1.mat,A,Task-1,42,R,1,-1,1,0.54516994,True
Pooled,full_multichannel,B,VisualCogA_Task-1.mat,A,Task-1,43,L,0,-1,1,0.58349382,False
Pooled,full_multichannel,B,VisualCogA_Task-1.mat,A,Task-1,44,R,1,-1,1,0.61543318,True
Pooled,full_multichannel,B,VisualCogA_Task-1.mat,A,Task-1,45,L,0,-1,1,0.65597591,False
Pooled,full_multichannel,B,VisualCogA_Task-1.mat,A,Task-1,47,L,0,-1,1,0.53917148,False
Pooled,full_multichannel,B,VisualCogA_Task-1.mat,A,Task-1,48,R,1,-1,1,0.63669804,True
Pooled,full_multichannel,B,VisualCogA_Task-1.mat,A,Task-1,49,L,0,-1,1,0.55089158,False
Pooled,full_multichannel,B,VisualCogA_Task-1.mat,A,Task-1,50,L,0,-1,1,0.50842122,False
Pooled,full_multichannel,B,VisualCogA_Task-1.mat,A,Task-1,51,R,1,-1,0,0.40371358,False
Pooled,full_multichannel,B,VisualCogA_Task-1.mat,A,Task-1,52,R,1,-1,1,0.51918416,True
Pooled,full_multichannel,B,VisualCogA_Task-1.mat,A,Task-1,54,L,0,-1,0,0.47267986,True
Pooled,full_multichannel,B,VisualCogA_Task-1.mat,A,Task-1,55,R,1,-1,1,0.56750674,True
Pooled,full_multichannel,B,VisualCogA_Task-1.mat,A,Task-1,56,L,0,-1,1,0.53002378,False
Pooled,full_multichannel,B,VisualCogA_Task-1.mat,A,Task-1,57,L,0,-1,1,0.55423083,False
Pooled,full_multichannel,B,VisualCogA_Task-1.mat,A,Task-1,58,R,1,-1,1,0.5926549,True
Pooled,full_multichannel,B,VisualCogA_Task-1.mat,A,Task-1,59,R,1,-1,1,0.59036758,True
Pooled,full_multichannel,B,VisualCogA_Task-1.mat,A,Task-1,61,R,1,-1,0,0.45318395,False
Pooled,full_multichannel,B,VisualCogA_Task-1.mat,A,Task-1,62,L,0,-1,1,0.5839195,False
Pooled,full_multichannel,B,VisualCogA_Task-1.mat,A,Task-1,63,R,1,-1,1,0.5479941,True
Pooled,full_multichannel,B,VisualCogA_Task-1.mat,A,Task-1,64,R,1,-1,0,0.48391895,False
Pooled,full_multichannel,B,VisualCogA_Task-1.mat,A,Task-1,65,L,0,-1,1,0.67181008,False
Pooled,full_multichannel,B,VisualCogA_Task-1.mat,A,Task-1,66,R,1,-1,1,0.58152617,True
Pooled,full_multichannel,B,VisualCogA_Task-1.mat,A,Task-1,67,L,0,-1,1,0.61779803,False
Pooled,full_multichannel,B,VisualCogA_Task-1.mat,A,Task-1,68,L,0,-1,1,0.6036741,False
Pooled,full_multichannel,B,VisualCogA_Task-1.mat,A,Task-1,69,R,1,-1,1,0.55605396,True
Pooled,full_multichannel,B,VisualCogA_Task-1.mat,A,Task-1,70,R,1,-1,1,0.55766675,True
Pooled,full_multichannel,B,VisualCogA_Task-1.mat,A,Task-1,71,L,0,-1,1,0.62377283,False
Pooled,full_multichannel,B,VisualCogA_Task-1.mat,A,Task-1,72,R,1,-1,1,0.6189875,True
Pooled,full_multichannel,B,VisualCogA_Task-1.mat,A,Task-1,73,L,0,-1,1,0.57216054,False
Pooled,full_multichannel,B,VisualCogA_Task-1.mat,A,Task-1,74,R,1,-1,0,0.43082023,False
Pooled,full_multichannel,B,VisualCogA_Task-1.mat,A,Task-1,75,L,0,-1,0,0.44345235,True
Pooled,full_multichannel,B,VisualCogA_Task-1.mat,A,Task-1,76,R,1,-1,0,0.47215793,False
Pooled,full_multichannel,B,VisualCogA_Task-1.mat,A,Task-1,78,L,0,-1,0,0.3355354,True
Pooled,full_multichannel,B,VisualCogA_Task-1.mat,A,Task-1,79,L,0,-1,1,0.58780394,False
Pooled,full_multichannel,B,VisualCogA_Task-1.mat,A,Task-1,80,L,0,-1,1,0.63735862,False
Pooled,full_multichannel,B,VisualCogA_Task-1.mat,A,Task-1,81,L,0,-1,1,0.60191768,False
Pooled,full_multichannel,B,VisualCogA_Task-1.mat,A,Task-1,82,R,1,-1,1,0.50894727,True
Pooled,full_multichannel,B,VisualCogA_Task-1.mat,A,Task-1,83,L,0,-1,1,0.57581556,False
Pooled,full_multichannel,B,VisualCogA_Task-1.mat,A,Task-1,84,R,1,-1,1,0.66793269,True
Pooled,full_multichannel,B,VisualCogA_Task-1.mat,A,Task-1,85,L,0,-1,1,0.56601796,False
Pooled,full_multichannel,B,VisualCogA_Task-1.mat,A,Task-1,86,R,1,-1,1,0.54150825,True
Pooled,full_multichannel,B,VisualCogA_Task-1.mat,A,Task-1,87,R,1,-1,1,0.56065997,True
Pooled,full_multichannel,B,VisualCogA_Task-1.mat,A,Task-1,89,R,1,-1,1,0.58594538,True
Pooled,full_multichannel,B,VisualCogA_Task-1.mat,A,Task-1,90,R,1,-1,1,0.58109202,True
Pooled,full_multichannel,B,VisualCogA_Task-1.mat,A,Task-1,91,L,0,-1,1,0.6156645,False
Pooled,full_multichannel,B,VisualCogA_Task-1.mat,A,Task-1,92,R,1,-1,0,0.49093985,False
Pooled,full_multichannel,B,VisualCogA_Task-1.mat,A,Task-1,93,R,1,-1,1,0.56814204,True
Pooled,full_multichannel,B,VisualCogA_Task-1.mat,A,Task-1,94,R,1,-1,1,0.63268506,True
Pooled,full_multichannel,B,VisualCogA_Task-1.mat,A,Task-1,95,L,0,-1,1,0.61140653,False
Pooled,full_multichannel,B,VisualCogA_Task-1.mat,A,Task-1,96,R,1,-1,1,0.68666932,True
Pooled,full_multichannel,B,VisualCogA_Task-1.mat,A,Task-1,97,R,1,-1,0,0.47400353,False
Pooled,full_multichannel,B,VisualCogA_Task-1.mat,A,Task-1,98,L,0,-1,0,0.46692655,True
Pooled,full_multichannel,B,VisualCogA_Task-1.mat,A,Task-1,99,L,0,-1,1,0.60722512,False
Pooled,full_multichannel,B,VisualCogA_Task-1.mat,A,Task-1,100,R,1,-1,1,0.66654814,True
Pooled,full_multichannel,B,VisualCogA_Task-2.mat,A,Task-2,1,R,1,-1,1,0.59184461,True
Pooled,full_multichannel,B,VisualCogA_Task-2.mat,A,Task-2,2,L,0,-1,1,0.5508964,False
Pooled,full_multichannel,B,VisualCogA_Task-2.mat,A,Task-2,3,L,0,-1,0,0.37900633,True
Pooled,full_multichannel,B,VisualCogA_Task-2.mat,A,Task-2,4,L,0,-1,1,0.54527064,False
Pooled,full_multichannel,B,VisualCogA_Task-2.mat,A,Task-2,5,R,1,-1,1,0.63859398,True
Pooled,full_multichannel,B,VisualCogA_Task-2.mat,A,Task-2,6,L,0,-1,1,0.53495929,False
Pooled,full_multichannel,B,VisualCogA_Task-2.mat,A,Task-2,7,R,1,-1,1,0.56120535,True
Pooled,full_multichannel,B,VisualCogA_Task-2.mat,A,Task-2,8,R,1,-1,1,0.51900562,True
Pooled,full_multichannel,B,VisualCogA_Task-2.mat,A,Task-2,9,L,0,-1,1,0.70898873,False
Pooled,full_multichannel,B,VisualCogA_Task-2.mat,A,Task-2,10,L,0,-1,1,0.56535752,False
Pooled,full_multichannel,B,VisualCogA_Task-2.mat,A,Task-2,11,R,1,-1,1,0.56704513,True
Pooled,full_multichannel,B,VisualCogA_Task-2.mat,A,Task-2,12,R,1,-1,1,0.54164482,True
Pooled,full_multichannel,B,VisualCogA_Task-2.mat,A,Task-2,13,R,1,-1,1,0.55327565,True
Pooled,full_multichannel,B,VisualCogA_Task-2.mat,A,Task-2,14,L,0,-1,1,0.56394273,False
Pooled,full_multichannel,B,VisualCogA_Task-2.mat,A,Task-2,15,L,0,-1,0,0.31839048,True
Pooled,full_multichannel,B,VisualCogA_Task-2.mat,A,Task-2,16,L,0,-1,1,0.59802329,False
Pooled,full_multichannel,B,VisualCogA_Task-2.mat,A,Task-2,17,R,1,-1,0,0.40572066,False
Pooled,full_multichannel,B,VisualCogA_Task-2.mat,A,Task-2,18,R,1,-1,1,0.57298971,True
Pooled,full_multichannel,B,VisualCogA_Task-2.mat,A,Task-2,19,L,0,-1,0,0.49952718,True
Pooled,full_multichannel,B,VisualCogA_Task-2.mat,A,Task-2,20,L,0,-1,1,0.58681019,False
Pooled,full_multichannel,B,VisualCogA_Task-2.mat,A,Task-2,21,R,1,-1,0,0.44300854,False
Pooled,full_multichannel,B,VisualCogA_Task-2.mat,A,Task-2,22,L,0,-1,1,0.65694142,False
Pooled,full_multichannel,B,VisualCogA_Task-2.mat,A,Task-2,23,R,1,-1,0,0.48331277,False
Pooled,full_multichannel,B,VisualCogA_Task-2.mat,A,Task-2,24,R,1,-1,1,0.58151127,True
Pooled,full_multichannel,B,VisualCogA_Task-2.mat,A,Task-2,25,L,0,-1,0,0.46924312,True
Pooled,full_multichannel,B,VisualCogA_Task-2.mat,A,Task-2,26,L,0,-1,0,0.45231333,True
Pooled,full_multichannel,B,VisualCogA_Task-2.mat,A,Task-2,27,R,1,-1,0,0.48300933,False
Pooled,full_multichannel,B,VisualCogA_Task-2.mat,A,Task-2,28,R,1,-1,1,0.56552764,True
Pooled,full_multichannel,B,VisualCogA_Task-2.mat,A,Task-2,29,R,1,-1,1,0.51237508,True
Pooled,full_multichannel,B,VisualCogA_Task-2.mat,A,Task-2,31,L,0,-1,0,0.47607558,True
Pooled,full_multichannel,B,VisualCogA_Task-2.mat,A,Task-2,32,L,0,-1,0,0.49743447,True
Pooled,full_multichannel,B,VisualCogA_Task-2.mat,A,Task-2,34,L,0,-1,1,0.57791598,False
Pooled,full_multichannel,B,VisualCogA_Task-2.mat,A,Task-2,35,L,0,-1,1,0.50546576,False
Pooled,full_multichannel,B,VisualCogA_Task-2.mat,A,Task-2,36,R,1,-1,1,0.6118114,True
Pooled,full_multichannel,B,VisualCogA_Task-2.mat,A,Task-2,37,R,1,-1,0,0.38155836,False
Pooled,full_multichannel,B,VisualCogA_Task-2.mat,A,Task-2,38,L,0,-1,0,0.45571733,True
Pooled,full_multichannel,B,VisualCogA_Task-2.mat,A,Task-2,40,L,0,-1,1,0.57791331,False
Pooled,full_multichannel,B,VisualCogA_Task-2.mat,A,Task-2,42,L,0,-1,0,0.27058919,True
Pooled,full_multichannel,B,VisualCogA_Task-2.mat,A,Task-2,43,L,0,-1,0,0.38101103,True
Pooled,full_multichannel,B,VisualCogA_Task-2.mat,A,Task-2,44,L,0,-1,0,0.4848276,True
Pooled,full_multichannel,B,VisualCogA_Task-2.mat,A,Task-2,46,L,0,-1,1,0.58700863,False
Pooled,full_multichannel,B,VisualCogA_Task-2.mat,A,Task-2,47,L,0,-1,1,0.55228249,False
Pooled,full_multichannel,B,VisualCogA_Task-2.mat,A,Task-2,48,L,0,-1,1,0.55694651,False
Pooled,full_multichannel,B,VisualCogA_Task-2.mat,A,Task-2,49,R,1,-1,0,0.48480539,False
Pooled,full_multichannel,B,VisualCogA_Task-2.mat,A,Task-2,50,R,1,-1,0,0.38004608,False
Pooled,full_multichannel,B,VisualCogA_Task-2.mat,A,Task-2,51,L,0,-1,0,0.45498305,True
Pooled,full_multichannel,B,VisualCogA_Task-2.mat,A,Task-2,52,R,1,-1,0,0.49382942,False
Pooled,full_multichannel,B,VisualCogA_Task-2.mat,A,Task-2,53,R,1,-1,0,0.4573926,False
Pooled,full_multichannel,B,VisualCogA_Task-2.mat,A,Task-2,54,L,0,-1,0,0.46717267,True
Pooled,full_multichannel,B,VisualCogA_Task-2.mat,A,Task-2,55,L,0,-1,0,0.42867621,True
Pooled,full_multichannel,B,VisualCogA_Task-2.mat,A,Task-2,56,R,1,-1,1,0.62795128,True
Pooled,full_multichannel,B,VisualCogA_Task-2.mat,A,Task-2,57,R,1,-1,0,0.36420711,False
Pooled,full_multichannel,B,VisualCogA_Task-2.mat,A,Task-2,58,R,1,-1,1,0.5395955,True
Pooled,full_multichannel,B,VisualCogA_Task-2.mat,A,Task-2,59,R,1,-1,1,0.56629217,True
Pooled,full_multichannel,B,VisualCogA_Task-2.mat,A,Task-2,60,R,1,-1,0,0.45294308,False
Pooled,full_multichannel,B,VisualCogA_Task-2.mat,A,Task-2,61,L,0,-1,1,0.56017422,False
Pooled,full_multichannel,B,VisualCogA_Task-2.mat,A,Task-2,62,R,1,-1,0,0.48105822,False
Pooled,full_multichannel,B,VisualCogA_Task-2.mat,A,Task-2,64,L,0,-1,0,0.4861405,True
Pooled,full_multichannel,B,VisualCogA_Task-2.mat,A,Task-2,65,R,1,-1,1,0.63846909,True
Pooled,full_multichannel,B,VisualCogA_Task-2.mat,A,Task-2,66,L,0,-1,1,0.54836511,False
Pooled,full_multichannel,B,VisualCogA_Task-2.mat,A,Task-2,67,R,1,-1,1,0.51990195,True
Pooled,full_multichannel,B,VisualCogA_Task-2.mat,A,Task-2,68,R,1,-1,1,0.60110051,True
Pooled,full_multichannel,B,VisualCogA_Task-2.mat,A,Task-2,69,L,0,-1,1,0.54411434,False
Pooled,full_multichannel,B,VisualCogA_Task-2.mat,A,Task-2,70,L,0,-1,1,0.64214633,False
Pooled,full_multichannel,B,VisualCogA_Task-2.mat,A,Task-2,71,R,1,-1,0,0.49390958,False
Pooled,full_multichannel,B,VisualCogA_Task-2.mat,A,Task-2,72,R,1,-1,0,0.37858448,False
Pooled,full_multichannel,B,VisualCogA_Task-2.mat,A,Task-2,73,R,1,-1,1,0.5345638,True
Pooled,full_multichannel,B,VisualCogA_Task-2.mat,A,Task-2,74,R,1,-1,1,0.52861835,True
Pooled,full_multichannel,B,VisualCogA_Task-2.mat,A,Task-2,75,L,0,-1,1,0.59806244,False
Pooled,full_multichannel,B,VisualCogA_Task-2.mat,A,Task-2,76,L,0,-1,0,0.36048256,True
Pooled,full_multichannel,B,VisualCogA_Task-2.mat,A,Task-2,77,L,0,-1,1,0.59135945,False
Pooled,full_multichannel,B,VisualCogA_Task-2.mat,A,Task-2,78,R,1,-1,0,0.49127568,False
Pooled,full_multichannel,B,VisualCogA_Task-2.mat,A,Task-2,79,L,0,-1,0,0.49287027,True
Pooled,full_multichannel,B,VisualCogA_Task-2.mat,A,Task-2,81,L,0,-1,0,0.42055934,True
Pooled,full_multichannel,B,VisualCogA_Task-2.mat,A,Task-2,82,R,1,-1,0,0.41720466,False
Pooled,full_multichannel,B,VisualCogA_Task-2.mat,A,Task-2,83,R,1,-1,0,0.41437657,False
Pooled,full_multichannel,B,VisualCogA_Task-2.mat,A,Task-2,84,L,0,-1,1,0.55670877,False
Pooled,full_multichannel,B,VisualCogA_Task-2.mat,A,Task-2,85,R,1,-1,1,0.55907567,True
Pooled,full_multichannel,B,VisualCogA_Task-2.mat,A,Task-2,87,L,0,-1,0,0.4584267,True
Pooled,full_multichannel,B,VisualCogA_Task-2.mat,A,Task-2,88,R,1,-1,0,0.44372144,False
Pooled,full_multichannel,B,VisualCogA_Task-2.mat,A,Task-2,89,L,0,-1,1,0.5313889,False
Pooled,full_multichannel,B,VisualCogA_Task-2.mat,A,Task-2,90,L,0,-1,0,0.432555,True
Pooled,full_multichannel,B,VisualCogA_Task-2.mat,A,Task-2,91,L,0,-1,1,0.5160486,False
Pooled,full_multichannel,B,VisualCogA_Task-2.mat,A,Task-2,92,L,0,-1,0,0.39037403,True
Pooled,full_multichannel,B,VisualCogA_Task-2.mat,A,Task-2,93,R,1,-1,1,0.54178646,True
Pooled,full_multichannel,B,VisualCogA_Task-2.mat,A,Task-2,94,L,0,-1,0,0.28904695,True
Pooled,full_multichannel,B,VisualCogA_Task-2.mat,A,Task-2,95,L,0,-1,1,0.61932554,False
Pooled,full_multichannel,B,VisualCogA_Task-2.mat,A,Task-2,96,L,0,-1,0,0.4858695,True
Pooled,full_multichannel,B,VisualCogA_Task-2.mat,A,Task-2,97,L,0,-1,0,0.41752141,True
Pooled,full_multichannel,B,VisualCogA_Task-2.mat,A,Task-2,98,L,0,-1,1,0.53101146,False
Pooled,full_multichannel,B,VisualCogA_Task-2.mat,A,Task-2,99,L,0,-1,0,0.44389549,True
Pooled,full_multichannel,B,VisualCogA_Task-2.mat,A,Task-2,100,L,0,-1,1,0.52168438,False
